통계연월,통계시도명,통계시군구명,연령,수급자수
201705,서울특별시,종로구,0,3
201705,서울특별시,종로구,1,4
201705,서울특별시,종로구,2,3
201705,서울특별시,종로구,3,2
201705,서울특별시,종로구,4,5
201705,서울특별시,종로구,5,5
201705,서울특별시,종로구,6,18
201705,서울특별시,종로구,7,20
201705,서울특별시,종로구,8,42
201705,서울특별시,종로구,9,33
201705,서울특별시,종로구,10,37
201705,서울특별시,종로구,11,33
201705,서울특별시,종로구,12,34
201705,서울특별시,종로구,13,33
201705,서울특별시,종로구,14,68
201705,서울특별시,종로구,15,68
201705,서울특별시,종로구,16,79
201705,서울특별시,종로구,17,98
201705,서울특별시,종로구,18,57
201705,서울특별시,종로구,19,49
201705,서울특별시,종로구,20,27
201705,서울특별시,종로구,21,19
201705,서울특별시,종로구,22,18
201705,서울특별시,종로구,23,16
201705,서울특별시,종로구,24,21
201705,서울특별시,종로구,25,9
201705,서울특별시,종로구,26,9
201705,서울특별시,종로구,27,11
201705,서울특별시,종로구,28,6
201705,서울특별시,종로구,29,4
201705,서울특별시,종로구,30,8
201705,서울특별시,종로구,31,4
201705,서울특별시,종로구,32,11
201705,서울특별시,종로구,33,7
201705,서울특별시,종로구,34,5
201705,서울특별시,종로구,35,13
201705,서울특별시,종로구,36,6
201705,서울특별시,종로구,37,5
201705,서울특별시,종로구,38,20
201705,서울특별시,종로구,39,21
201705,서울특별시,종로구,40,14
201705,서울특별시,종로구,41,23
201705,서울특별시,종로구,42,22
201705,서울특별시,종로구,43,28
201705,서울특별시,종로구,44,31
201705,서울특별시,종로구,45,27
201705,서울특별시,종로구,46,57
201705,서울특별시,종로구,47,33
201705,서울특별시,종로구,48,52
201705,서울특별시,종로구,49,53
201705,서울특별시,종로구,50,50
201705,서울특별시,종로구,51,59
201705,서울특별시,종로구,52,61
201705,서울특별시,종로구,53,64
201705,서울특별시,종로구,54,66
201705,서울특별시,종로구,55,74
201705,서울특별시,종로구,56,72
201705,서울특별시,종로구,57,61
201705,서울특별시,종로구,58,74
201705,서울특별시,종로구,59,73
201705,서울특별시,종로구,60,72
201705,서울특별시,종로구,61,62
201705,서울특별시,종로구,62,86
201705,서울특별시,종로구,63,57
201705,서울특별시,종로구,64,57
201705,서울특별시,종로구,65,76
201705,서울특별시,종로구,66,62
201705,서울특별시,종로구,67,73
201705,서울특별시,종로구,68,62
201705,서울특별시,종로구,69,73
201705,서울특별시,종로구,70,85
201705,서울특별시,종로구,71,63
201705,서울특별시,종로구,72,86
201705,서울특별시,종로구,73,69
201705,서울특별시,종로구,74,101
201705,서울특별시,종로구,75,88
201705,서울특별시,종로구,76,63
201705,서울특별시,종로구,77,66
201705,서울특별시,종로구,78,62
201705,서울특별시,종로구,79,47
201705,서울특별시,종로구,80,56
201705,서울특별시,종로구,81,38
201705,서울특별시,종로구,82,35
201705,서울특별시,종로구,83,30
201705,서울특별시,종로구,84,26
201705,서울특별시,종로구,85,18
201705,서울특별시,종로구,86,26
201705,서울특별시,종로구,87,15
201705,서울특별시,종로구,88,13
201705,서울특별시,종로구,89,16
201705,서울특별시,종로구,90,11
201705,서울특별시,종로구,91,8
201705,서울특별시,종로구,92,3
201705,서울특별시,종로구,93,6
201705,서울특별시,종로구,94,5
201705,서울특별시,종로구,95,5
201705,서울특별시,종로구,96,2
201705,서울특별시,종로구,98,1
201705,서울특별시,종로구,100,1
201705,서울특별시,종로구,101,1
201705,서울특별시,종로구,102,1
201705,서울특별시,종로구,103,1
201705,서울특별시,중구,0,1
201705,서울특별시,중구,1,6
201705,서울특별시,중구,2,8
201705,서울특별시,중구,3,5
201705,서울특별시,중구,4,6
201705,서울특별시,중구,5,5
201705,서울특별시,중구,6,17
201705,서울특별시,중구,7,18
201705,서울특별시,중구,8,30
201705,서울특별시,중구,9,37
201705,서울특별시,중구,10,43
201705,서울특별시,중구,11,36
201705,서울특별시,중구,12,38
201705,서울특별시,중구,13,47
201705,서울특별시,중구,14,57
201705,서울특별시,중구,15,58
201705,서울특별시,중구,16,88
201705,서울특별시,중구,17,78
201705,서울특별시,중구,18,67
201705,서울특별시,중구,19,39
201705,서울특별시,중구,20,26
201705,서울특별시,중구,21,21
201705,서울특별시,중구,22,11
201705,서울특별시,중구,23,18
201705,서울특별시,중구,24,14
201705,서울특별시,중구,25,8
201705,서울특별시,중구,26,6
201705,서울특별시,중구,27,13
201705,서울특별시,중구,28,5
201705,서울특별시,중구,29,1
201705,서울특별시,중구,30,4
201705,서울특별시,중구,31,5
201705,서울특별시,중구,32,6
201705,서울특별시,중구,33,12
201705,서울특별시,중구,34,5
201705,서울특별시,중구,35,13
201705,서울특별시,중구,36,11
201705,서울특별시,중구,37,15
201705,서울특별시,중구,38,20
201705,서울특별시,중구,39,13
201705,서울특별시,중구,40,18
201705,서울특별시,중구,41,24
201705,서울특별시,중구,42,30
201705,서울특별시,중구,43,35
201705,서울특별시,중구,44,44
201705,서울특별시,중구,45,31
201705,서울특별시,중구,46,36
201705,서울특별시,중구,47,47
201705,서울특별시,중구,48,57
201705,서울특별시,중구,49,63
201705,서울특별시,중구,50,48
201705,서울특별시,중구,51,53
201705,서울특별시,중구,52,48
201705,서울특별시,중구,53,61
201705,서울특별시,중구,54,82
201705,서울특별시,중구,55,66
201705,서울특별시,중구,56,88
201705,서울특별시,중구,57,81
201705,서울특별시,중구,58,61
201705,서울특별시,중구,59,61
201705,서울특별시,중구,60,74
201705,서울특별시,중구,61,78
201705,서울특별시,중구,62,77
201705,서울특별시,중구,63,65
201705,서울특별시,중구,64,71
201705,서울특별시,중구,65,80
201705,서울특별시,중구,66,65
201705,서울특별시,중구,67,76
201705,서울특별시,중구,68,75
201705,서울특별시,중구,69,84
201705,서울특별시,중구,70,84
201705,서울특별시,중구,71,48
201705,서울특별시,중구,72,66
201705,서울특별시,중구,73,77
201705,서울특별시,중구,74,86
201705,서울특별시,중구,75,75
201705,서울특별시,중구,76,68
201705,서울특별시,중구,77,71
201705,서울특별시,중구,78,80
201705,서울특별시,중구,79,52
201705,서울특별시,중구,80,60
201705,서울특별시,중구,81,53
201705,서울특별시,중구,82,44
201705,서울특별시,중구,83,42
201705,서울특별시,중구,84,29
201705,서울특별시,중구,85,36
201705,서울특별시,중구,86,26
201705,서울특별시,중구,87,19
201705,서울특별시,중구,88,22
201705,서울특별시,중구,89,25
201705,서울특별시,중구,90,14
201705,서울특별시,중구,91,12
201705,서울특별시,중구,92,5
201705,서울특별시,중구,93,5
201705,서울특별시,중구,94,6
201705,서울특별시,중구,95,1
201705,서울특별시,중구,99,1
201705,서울특별시,용산구,0,4
201705,서울특별시,용산구,1,9
201705,서울특별시,용산구,2,12
201705,서울특별시,용산구,3,12
201705,서울특별시,용산구,4,13
201705,서울특별시,용산구,5,9
201705,서울특별시,용산구,6,25
201705,서울특별시,용산구,7,27
201705,서울특별시,용산구,8,61
201705,서울특별시,용산구,9,46
201705,서울특별시,용산구,10,63
201705,서울특별시,용산구,11,59
201705,서울특별시,용산구,12,67
201705,서울특별시,용산구,13,81
201705,서울특별시,용산구,14,85
201705,서울특별시,용산구,15,103
201705,서울특별시,용산구,16,142
201705,서울특별시,용산구,17,145
201705,서울특별시,용산구,18,84
201705,서울특별시,용산구,19,53
201705,서울특별시,용산구,20,38
201705,서울특별시,용산구,21,38
201705,서울특별시,용산구,22,29
201705,서울특별시,용산구,23,29
201705,서울특별시,용산구,24,29
201705,서울특별시,용산구,25,13
201705,서울특별시,용산구,26,12
201705,서울특별시,용산구,27,8
201705,서울특별시,용산구,28,13
201705,서울특별시,용산구,29,7
201705,서울특별시,용산구,30,10
201705,서울특별시,용산구,31,14
201705,서울특별시,용산구,32,7
201705,서울특별시,용산구,33,9
201705,서울특별시,용산구,34,11
201705,서울특별시,용산구,35,16
201705,서울특별시,용산구,36,20
201705,서울특별시,용산구,37,25
201705,서울특별시,용산구,38,27
201705,서울특별시,용산구,39,26
201705,서울특별시,용산구,40,38
201705,서울특별시,용산구,41,38
201705,서울특별시,용산구,42,34
201705,서울특별시,용산구,43,46
201705,서울특별시,용산구,44,52
201705,서울특별시,용산구,45,55
201705,서울특별시,용산구,46,79
201705,서울특별시,용산구,47,84
201705,서울특별시,용산구,48,87
201705,서울특별시,용산구,49,78
201705,서울특별시,용산구,50,89
201705,서울특별시,용산구,51,88
201705,서울특별시,용산구,52,92
201705,서울특별시,용산구,53,86
201705,서울특별시,용산구,54,120
201705,서울특별시,용산구,55,116
201705,서울특별시,용산구,56,108
201705,서울특별시,용산구,57,108
201705,서울특별시,용산구,58,100
201705,서울특별시,용산구,59,108
201705,서울특별시,용산구,60,112
201705,서울특별시,용산구,61,103
201705,서울특별시,용산구,62,126
201705,서울특별시,용산구,63,97
201705,서울특별시,용산구,64,106
201705,서울특별시,용산구,65,99
201705,서울특별시,용산구,66,86
201705,서울특별시,용산구,67,106
201705,서울특별시,용산구,68,102
201705,서울특별시,용산구,69,119
201705,서울특별시,용산구,70,104
201705,서울특별시,용산구,71,94
201705,서울특별시,용산구,72,100
201705,서울특별시,용산구,73,80
201705,서울특별시,용산구,74,114
201705,서울특별시,용산구,75,113
201705,서울특별시,용산구,76,99
201705,서울특별시,용산구,77,93
201705,서울특별시,용산구,78,95
201705,서울특별시,용산구,79,85
201705,서울특별시,용산구,80,96
201705,서울특별시,용산구,81,73
201705,서울특별시,용산구,82,48
201705,서울특별시,용산구,83,52
201705,서울특별시,용산구,84,29
201705,서울특별시,용산구,85,27
201705,서울특별시,용산구,86,33
201705,서울특별시,용산구,87,33
201705,서울특별시,용산구,88,18
201705,서울특별시,용산구,89,20
201705,서울특별시,용산구,90,21
201705,서울특별시,용산구,91,14
201705,서울특별시,용산구,92,13
201705,서울특별시,용산구,93,6
201705,서울특별시,용산구,94,3
201705,서울특별시,용산구,95,4
201705,서울특별시,용산구,96,1
201705,서울특별시,용산구,97,2
201705,서울특별시,용산구,99,2
201705,서울특별시,용산구,104,1
201705,서울특별시,성동구,0,8
201705,서울특별시,성동구,1,7
201705,서울특별시,성동구,2,13
201705,서울특별시,성동구,3,15
201705,서울특별시,성동구,4,22
201705,서울특별시,성동구,5,18
201705,서울특별시,성동구,6,34
201705,서울특별시,성동구,7,46
201705,서울특별시,성동구,8,65
201705,서울특별시,성동구,9,95
201705,서울특별시,성동구,10,86
201705,서울특별시,성동구,11,82
201705,서울특별시,성동구,12,92
201705,서울특별시,성동구,13,131
201705,서울특별시,성동구,14,121
201705,서울특별시,성동구,15,163
201705,서울특별시,성동구,16,206
201705,서울특별시,성동구,17,228
201705,서울특별시,성동구,18,132
201705,서울특별시,성동구,19,112
201705,서울특별시,성동구,20,90
201705,서울특별시,성동구,21,81
201705,서울특별시,성동구,22,71
201705,서울특별시,성동구,23,64
201705,서울특별시,성동구,24,53
201705,서울특별시,성동구,25,42
201705,서울특별시,성동구,26,23
201705,서울특별시,성동구,27,18
201705,서울특별시,성동구,28,19
201705,서울특별시,성동구,29,14
201705,서울특별시,성동구,30,12
201705,서울특별시,성동구,31,15
201705,서울특별시,성동구,32,13
201705,서울특별시,성동구,33,13
201705,서울특별시,성동구,34,15
201705,서울특별시,성동구,35,24
201705,서울특별시,성동구,36,19
201705,서울특별시,성동구,37,23
201705,서울특별시,성동구,38,31
201705,서울특별시,성동구,39,27
201705,서울특별시,성동구,40,34
201705,서울특별시,성동구,41,40
201705,서울특별시,성동구,42,50
201705,서울특별시,성동구,43,57
201705,서울특별시,성동구,44,72
201705,서울특별시,성동구,45,79
201705,서울특별시,성동구,46,101
201705,서울특별시,성동구,47,104
201705,서울특별시,성동구,48,129
201705,서울특별시,성동구,49,128
201705,서울특별시,성동구,50,108
201705,서울특별시,성동구,51,117
201705,서울특별시,성동구,52,127
201705,서울특별시,성동구,53,103
201705,서울특별시,성동구,54,122
201705,서울특별시,성동구,55,101
201705,서울특별시,성동구,56,144
201705,서울특별시,성동구,57,146
201705,서울특별시,성동구,58,126
201705,서울특별시,성동구,59,124
201705,서울특별시,성동구,60,106
201705,서울특별시,성동구,61,113
201705,서울특별시,성동구,62,115
201705,서울특별시,성동구,63,78
201705,서울특별시,성동구,64,77
201705,서울특별시,성동구,65,94
201705,서울특별시,성동구,66,95
201705,서울특별시,성동구,67,97
201705,서울특별시,성동구,68,98
201705,서울특별시,성동구,69,111
201705,서울특별시,성동구,70,122
201705,서울특별시,성동구,71,87
201705,서울특별시,성동구,72,112
201705,서울특별시,성동구,73,97
201705,서울특별시,성동구,74,114
201705,서울특별시,성동구,75,125
201705,서울특별시,성동구,76,105
201705,서울특별시,성동구,77,109
201705,서울특별시,성동구,78,96
201705,서울특별시,성동구,79,89
201705,서울특별시,성동구,80,93
201705,서울특별시,성동구,81,69
201705,서울특별시,성동구,82,63
201705,서울특별시,성동구,83,52
201705,서울특별시,성동구,84,43
201705,서울특별시,성동구,85,47
201705,서울특별시,성동구,86,34
201705,서울특별시,성동구,87,31
201705,서울특별시,성동구,88,19
201705,서울특별시,성동구,89,17
201705,서울특별시,성동구,90,11
201705,서울특별시,성동구,91,16
201705,서울특별시,성동구,92,3
201705,서울특별시,성동구,93,10
201705,서울특별시,성동구,94,10
201705,서울특별시,성동구,95,4
201705,서울특별시,성동구,96,4
201705,서울특별시,광진구,0,18
201705,서울특별시,광진구,1,12
201705,서울특별시,광진구,2,19
201705,서울특별시,광진구,3,17
201705,서울특별시,광진구,4,19
201705,서울특별시,광진구,5,26
201705,서울특별시,광진구,6,53
201705,서울특별시,광진구,7,76
201705,서울특별시,광진구,8,106
201705,서울특별시,광진구,9,126
201705,서울특별시,광진구,10,147
201705,서울특별시,광진구,11,115
201705,서울특별시,광진구,12,156
201705,서울특별시,광진구,13,168
201705,서울특별시,광진구,14,168
201705,서울특별시,광진구,15,210
201705,서울특별시,광진구,16,303
201705,서울특별시,광진구,17,315
201705,서울특별시,광진구,18,206
201705,서울특별시,광진구,19,115
201705,서울특별시,광진구,20,102
201705,서울특별시,광진구,21,95
201705,서울특별시,광진구,22,67
201705,서울특별시,광진구,23,64
201705,서울특별시,광진구,24,48
201705,서울특별시,광진구,25,41
201705,서울특별시,광진구,26,21
201705,서울특별시,광진구,27,19
201705,서울특별시,광진구,28,14
201705,서울특별시,광진구,29,15
201705,서울특별시,광진구,30,13
201705,서울특별시,광진구,31,17
201705,서울특별시,광진구,32,14
201705,서울특별시,광진구,33,20
201705,서울특별시,광진구,34,10
201705,서울특별시,광진구,35,27
201705,서울특별시,광진구,36,30
201705,서울특별시,광진구,37,33
201705,서울특별시,광진구,38,30
201705,서울특별시,광진구,39,33
201705,서울특별시,광진구,40,45
201705,서울특별시,광진구,41,40
201705,서울특별시,광진구,42,59
201705,서울특별시,광진구,43,84
201705,서울특별시,광진구,44,78
201705,서울특별시,광진구,45,109
201705,서울특별시,광진구,46,110
201705,서울특별시,광진구,47,99
201705,서울특별시,광진구,48,152
201705,서울특별시,광진구,49,116
201705,서울특별시,광진구,50,120
201705,서울특별시,광진구,51,112
201705,서울특별시,광진구,52,117
201705,서울특별시,광진구,53,84
201705,서울특별시,광진구,54,127
201705,서울특별시,광진구,55,111
201705,서울특별시,광진구,56,118
201705,서울특별시,광진구,57,117
201705,서울특별시,광진구,58,121
201705,서울특별시,광진구,59,117
201705,서울특별시,광진구,60,107
201705,서울특별시,광진구,61,97
201705,서울특별시,광진구,62,100
201705,서울특별시,광진구,63,79
201705,서울특별시,광진구,64,84
201705,서울특별시,광진구,65,84
201705,서울특별시,광진구,66,83
201705,서울특별시,광진구,67,87
201705,서울특별시,광진구,68,94
201705,서울특별시,광진구,69,125
201705,서울특별시,광진구,70,88
201705,서울특별시,광진구,71,74
201705,서울특별시,광진구,72,97
201705,서울특별시,광진구,73,94
201705,서울특별시,광진구,74,94
201705,서울특별시,광진구,75,97
201705,서울특별시,광진구,76,85
201705,서울특별시,광진구,77,71
201705,서울특별시,광진구,78,94
201705,서울특별시,광진구,79,69
201705,서울특별시,광진구,80,57
201705,서울특별시,광진구,81,61
201705,서울특별시,광진구,82,66
201705,서울특별시,광진구,83,44
201705,서울특별시,광진구,84,45
201705,서울특별시,광진구,85,40
201705,서울특별시,광진구,86,36
201705,서울특별시,광진구,87,29
201705,서울특별시,광진구,88,20
201705,서울특별시,광진구,89,19
201705,서울특별시,광진구,90,24
201705,서울특별시,광진구,91,10
201705,서울특별시,광진구,92,8
201705,서울특별시,광진구,93,4
201705,서울특별시,광진구,94,2
201705,서울특별시,광진구,95,2
201705,서울특별시,광진구,96,2
201705,서울특별시,광진구,97,3
201705,서울특별시,광진구,98,1
201705,서울특별시,광진구,99,1
201705,서울특별시,동대문구,0,10
201705,서울특별시,동대문구,1,19
201705,서울특별시,동대문구,2,18
201705,서울특별시,동대문구,3,24
201705,서울특별시,동대문구,4,30
201705,서울특별시,동대문구,5,35
201705,서울특별시,동대문구,6,53
201705,서울특별시,동대문구,7,86
201705,서울특별시,동대문구,8,93
201705,서울특별시,동대문구,9,148
201705,서울특별시,동대문구,10,152
201705,서울특별시,동대문구,11,127
201705,서울특별시,동대문구,12,141
201705,서울특별시,동대문구,13,166
201705,서울특별시,동대문구,14,219
201705,서울특별시,동대문구,15,216
201705,서울특별시,동대문구,16,317
201705,서울특별시,동대문구,17,354
201705,서울특별시,동대문구,18,216
201705,서울특별시,동대문구,19,123
201705,서울특별시,동대문구,20,102
201705,서울특별시,동대문구,21,84
201705,서울특별시,동대문구,22,88
201705,서울특별시,동대문구,23,75
201705,서울특별시,동대문구,24,77
201705,서울특별시,동대문구,25,45
201705,서울특별시,동대문구,26,49
201705,서울특별시,동대문구,27,30
201705,서울특별시,동대문구,28,21
201705,서울특별시,동대문구,29,25
201705,서울특별시,동대문구,30,16
201705,서울특별시,동대문구,31,15
201705,서울특별시,동대문구,32,32
201705,서울특별시,동대문구,33,37
201705,서울특별시,동대문구,34,25
201705,서울특별시,동대문구,35,28
201705,서울특별시,동대문구,36,42
201705,서울특별시,동대문구,37,51
201705,서울특별시,동대문구,38,44
201705,서울특별시,동대문구,39,55
201705,서울특별시,동대문구,40,51
201705,서울특별시,동대문구,41,74
201705,서울특별시,동대문구,42,73
201705,서울특별시,동대문구,43,97
201705,서울특별시,동대문구,44,103
201705,서울특별시,동대문구,45,113
201705,서울특별시,동대문구,46,145
201705,서울특별시,동대문구,47,130
201705,서울특별시,동대문구,48,158
201705,서울특별시,동대문구,49,162
201705,서울특별시,동대문구,50,160
201705,서울특별시,동대문구,51,183
201705,서울특별시,동대문구,52,184
201705,서울특별시,동대문구,53,172
201705,서울특별시,동대문구,54,182
201705,서울특별시,동대문구,55,181
201705,서울특별시,동대문구,56,201
201705,서울특별시,동대문구,57,208
201705,서울특별시,동대문구,58,194
201705,서울특별시,동대문구,59,186
201705,서울특별시,동대문구,60,212
201705,서울특별시,동대문구,61,180
201705,서울특별시,동대문구,62,218
201705,서울특별시,동대문구,63,184
201705,서울특별시,동대문구,64,173
201705,서울특별시,동대문구,65,170
201705,서울특별시,동대문구,66,174
201705,서울특별시,동대문구,67,202
201705,서울특별시,동대문구,68,219
201705,서울특별시,동대문구,69,182
201705,서울특별시,동대문구,70,205
201705,서울특별시,동대문구,71,177
201705,서울특별시,동대문구,72,184
201705,서울특별시,동대문구,73,218
201705,서울특별시,동대문구,74,237
201705,서울특별시,동대문구,75,219
201705,서울특별시,동대문구,76,216
201705,서울특별시,동대문구,77,190
201705,서울특별시,동대문구,78,172
201705,서울특별시,동대문구,79,142
201705,서울특별시,동대문구,80,138
201705,서울특별시,동대문구,81,140
201705,서울특별시,동대문구,82,104
201705,서울특별시,동대문구,83,87
201705,서울특별시,동대문구,84,71
201705,서울특별시,동대문구,85,59
201705,서울특별시,동대문구,86,56
201705,서울특별시,동대문구,87,42
201705,서울특별시,동대문구,88,36
201705,서울특별시,동대문구,89,23
201705,서울특별시,동대문구,90,24
201705,서울특별시,동대문구,91,14
201705,서울특별시,동대문구,92,13
201705,서울특별시,동대문구,93,10
201705,서울특별시,동대문구,94,8
201705,서울특별시,동대문구,95,8
201705,서울특별시,동대문구,96,3
201705,서울특별시,동대문구,97,4
201705,서울특별시,동대문구,98,1
201705,서울특별시,동대문구,99,2
201705,서울특별시,동대문구,100,1
201705,서울특별시,동대문구,102,2
201705,서울특별시,중랑구,0,26
201705,서울특별시,중랑구,1,19
201705,서울특별시,중랑구,2,41
201705,서울특별시,중랑구,3,32
201705,서울특별시,중랑구,4,44
201705,서울특별시,중랑구,5,59
201705,서울특별시,중랑구,6,120
201705,서울특별시,중랑구,7,165
201705,서울특별시,중랑구,8,217
201705,서울특별시,중랑구,9,248
201705,서울특별시,중랑구,10,259
201705,서울특별시,중랑구,11,266
201705,서울특별시,중랑구,12,288
201705,서울특별시,중랑구,13,340
201705,서울특별시,중랑구,14,335
201705,서울특별시,중랑구,15,429
201705,서울특별시,중랑구,16,569
201705,서울특별시,중랑구,17,581
201705,서울특별시,중랑구,18,345
201705,서울특별시,중랑구,19,204
201705,서울특별시,중랑구,20,142
201705,서울특별시,중랑구,21,113
201705,서울특별시,중랑구,22,112
201705,서울특별시,중랑구,23,117
201705,서울특별시,중랑구,24,75
201705,서울특별시,중랑구,25,62
201705,서울특별시,중랑구,26,44
201705,서울특별시,중랑구,27,36
201705,서울특별시,중랑구,28,32
201705,서울특별시,중랑구,29,31
201705,서울특별시,중랑구,30,33
201705,서울특별시,중랑구,31,34
201705,서울특별시,중랑구,32,27
201705,서울특별시,중랑구,33,39
201705,서울특별시,중랑구,34,65
201705,서울특별시,중랑구,35,50
201705,서울특별시,중랑구,36,52
201705,서울특별시,중랑구,37,77
201705,서울특별시,중랑구,38,67
201705,서울특별시,중랑구,39,58
201705,서울특별시,중랑구,40,69
201705,서울특별시,중랑구,41,104
201705,서울특별시,중랑구,42,103
201705,서울특별시,중랑구,43,152
201705,서울특별시,중랑구,44,145
201705,서울특별시,중랑구,45,150
201705,서울특별시,중랑구,46,190
201705,서울특별시,중랑구,47,224
201705,서울특별시,중랑구,48,226
201705,서울특별시,중랑구,49,205
201705,서울특별시,중랑구,50,220
201705,서울특별시,중랑구,51,218
201705,서울특별시,중랑구,52,220
201705,서울특별시,중랑구,53,212
201705,서울특별시,중랑구,54,230
201705,서울특별시,중랑구,55,224
201705,서울특별시,중랑구,56,272
201705,서울특별시,중랑구,57,229
201705,서울특별시,중랑구,58,259
201705,서울특별시,중랑구,59,218
201705,서울특별시,중랑구,60,237
201705,서울특별시,중랑구,61,228
201705,서울특별시,중랑구,62,227
201705,서울특별시,중랑구,63,163
201705,서울특별시,중랑구,64,163
201705,서울특별시,중랑구,65,175
201705,서울특별시,중랑구,66,190
201705,서울특별시,중랑구,67,215
201705,서울특별시,중랑구,68,208
201705,서울특별시,중랑구,69,201
201705,서울특별시,중랑구,70,237
201705,서울특별시,중랑구,71,164
201705,서울특별시,중랑구,72,232
201705,서울특별시,중랑구,73,180
201705,서울특별시,중랑구,74,232
201705,서울특별시,중랑구,75,217
201705,서울특별시,중랑구,76,188
201705,서울특별시,중랑구,77,174
201705,서울특별시,중랑구,78,164
201705,서울특별시,중랑구,79,155
201705,서울특별시,중랑구,80,137
201705,서울특별시,중랑구,81,132
201705,서울특별시,중랑구,82,142
201705,서울특별시,중랑구,83,110
201705,서울특별시,중랑구,84,98
201705,서울특별시,중랑구,85,71
201705,서울특별시,중랑구,86,62
201705,서울특별시,중랑구,87,41
201705,서울특별시,중랑구,88,57
201705,서울특별시,중랑구,89,35
201705,서울특별시,중랑구,90,33
201705,서울특별시,중랑구,91,27
201705,서울특별시,중랑구,92,10
201705,서울특별시,중랑구,93,12
201705,서울특별시,중랑구,94,6
201705,서울특별시,중랑구,95,4
201705,서울특별시,중랑구,96,8
201705,서울특별시,중랑구,97,3
201705,서울특별시,중랑구,98,1
201705,서울특별시,중랑구,103,1
201705,서울특별시,중랑구,104,1
201705,서울특별시,성북구,0,22
201705,서울특별시,성북구,1,34
201705,서울특별시,성북구,2,29
201705,서울특별시,성북구,3,39
201705,서울특별시,성북구,4,45
201705,서울특별시,성북구,5,33
201705,서울특별시,성북구,6,77
201705,서울특별시,성북구,7,105
201705,서울특별시,성북구,8,120
201705,서울특별시,성북구,9,150
201705,서울특별시,성북구,10,184
201705,서울특별시,성북구,11,181
201705,서울특별시,성북구,12,211
201705,서울특별시,성북구,13,216
201705,서울특별시,성북구,14,261
201705,서울특별시,성북구,15,290
201705,서울특별시,성북구,16,377
201705,서울특별시,성북구,17,387
201705,서울특별시,성북구,18,265
201705,서울특별시,성북구,19,172
201705,서울특별시,성북구,20,152
201705,서울특별시,성북구,21,136
201705,서울특별시,성북구,22,128
201705,서울특별시,성북구,23,92
201705,서울특별시,성북구,24,107
201705,서울특별시,성북구,25,61
201705,서울특별시,성북구,26,60
201705,서울특별시,성북구,27,27
201705,서울특별시,성북구,28,22
201705,서울특별시,성북구,29,22
201705,서울특별시,성북구,30,25
201705,서울특별시,성북구,31,35
201705,서울특별시,성북구,32,25
201705,서울특별시,성북구,33,24
201705,서울특별시,성북구,34,30
201705,서울특별시,성북구,35,50
201705,서울특별시,성북구,36,53
201705,서울특별시,성북구,37,33
201705,서울특별시,성북구,38,53
201705,서울특별시,성북구,39,56
201705,서울특별시,성북구,40,77
201705,서울특별시,성북구,41,81
201705,서울특별시,성북구,42,101
201705,서울특별시,성북구,43,131
201705,서울특별시,성북구,44,146
201705,서울특별시,성북구,45,136
201705,서울특별시,성북구,46,153
201705,서울특별시,성북구,47,175
201705,서울특별시,성북구,48,182
201705,서울특별시,성북구,49,173
201705,서울특별시,성북구,50,192
201705,서울특별시,성북구,51,173
201705,서울특별시,성북구,52,176
201705,서울특별시,성북구,53,182
201705,서울특별시,성북구,54,186
201705,서울특별시,성북구,55,192
201705,서울특별시,성북구,56,214
201705,서울특별시,성북구,57,191
201705,서울특별시,성북구,58,161
201705,서울특별시,성북구,59,226
201705,서울특별시,성북구,60,176
201705,서울특별시,성북구,61,188
201705,서울특별시,성북구,62,195
201705,서울특별시,성북구,63,150
201705,서울특별시,성북구,64,161
201705,서울특별시,성북구,65,166
201705,서울특별시,성북구,66,165
201705,서울특별시,성북구,67,133
201705,서울특별시,성북구,68,174
201705,서울특별시,성북구,69,190
201705,서울특별시,성북구,70,224
201705,서울특별시,성북구,71,132
201705,서울특별시,성북구,72,172
201705,서울특별시,성북구,73,186
201705,서울특별시,성북구,74,206
201705,서울특별시,성북구,75,218
201705,서울특별시,성북구,76,186
201705,서울특별시,성북구,77,192
201705,서울특별시,성북구,78,174
201705,서울특별시,성북구,79,162
201705,서울특별시,성북구,80,124
201705,서울특별시,성북구,81,135
201705,서울특별시,성북구,82,113
201705,서울특별시,성북구,83,74
201705,서울특별시,성북구,84,79
201705,서울특별시,성북구,85,63
201705,서울특별시,성북구,86,52
201705,서울특별시,성북구,87,52
201705,서울특별시,성북구,88,45
201705,서울특별시,성북구,89,38
201705,서울특별시,성북구,90,41
201705,서울특별시,성북구,91,15
201705,서울특별시,성북구,92,18
201705,서울특별시,성북구,93,6
201705,서울특별시,성북구,94,14
201705,서울특별시,성북구,95,13
201705,서울특별시,성북구,96,4
201705,서울특별시,성북구,97,2
201705,서울특별시,성북구,99,1
201705,서울특별시,성북구,102,1
201705,서울특별시,성북구,105,1
201705,서울특별시,강북구,0,17
201705,서울특별시,강북구,1,21
201705,서울특별시,강북구,2,38
201705,서울특별시,강북구,3,42
201705,서울특별시,강북구,4,51
201705,서울특별시,강북구,5,56
201705,서울특별시,강북구,6,98
201705,서울특별시,강북구,7,107
201705,서울특별시,강북구,8,170
201705,서울특별시,강북구,9,218
201705,서울특별시,강북구,10,183
201705,서울특별시,강북구,11,193
201705,서울특별시,강북구,12,241
201705,서울특별시,강북구,13,278
201705,서울특별시,강북구,14,269
201705,서울특별시,강북구,15,350
201705,서울특별시,강북구,16,432
201705,서울특별시,강북구,17,494
201705,서울특별시,강북구,18,346
201705,서울특별시,강북구,19,241
201705,서울특별시,강북구,20,177
201705,서울특별시,강북구,21,140
201705,서울특별시,강북구,22,141
201705,서울특별시,강북구,23,132
201705,서울특별시,강북구,24,123
201705,서울특별시,강북구,25,86
201705,서울특별시,강북구,26,65
201705,서울특별시,강북구,27,50
201705,서울특별시,강북구,28,48
201705,서울특별시,강북구,29,24
201705,서울특별시,강북구,30,27
201705,서울특별시,강북구,31,33
201705,서울특별시,강북구,32,32
201705,서울특별시,강북구,33,31
201705,서울특별시,강북구,34,59
201705,서울특별시,강북구,35,53
201705,서울특별시,강북구,36,63
201705,서울특별시,강북구,37,64
201705,서울특별시,강북구,38,71
201705,서울특별시,강북구,39,91
201705,서울특별시,강북구,40,87
201705,서울특별시,강북구,41,112
201705,서울특별시,강북구,42,126
201705,서울특별시,강북구,43,136
201705,서울특별시,강북구,44,216
201705,서울특별시,강북구,45,198
201705,서울특별시,강북구,46,207
201705,서울특별시,강북구,47,225
201705,서울특별시,강북구,48,248
201705,서울특별시,강북구,49,218
201705,서울특별시,강북구,50,218
201705,서울특별시,강북구,51,220
201705,서울특별시,강북구,52,265
201705,서울특별시,강북구,53,212
201705,서울특별시,강북구,54,247
201705,서울특별시,강북구,55,221
201705,서울특별시,강북구,56,267
201705,서울특별시,강북구,57,271
201705,서울특별시,강북구,58,225
201705,서울특별시,강북구,59,231
201705,서울특별시,강북구,60,211
201705,서울특별시,강북구,61,211
201705,서울특별시,강북구,62,208
201705,서울특별시,강북구,63,198
201705,서울특별시,강북구,64,173
201705,서울특별시,강북구,65,214
201705,서울특별시,강북구,66,169
201705,서울특별시,강북구,67,192
201705,서울특별시,강북구,68,211
201705,서울특별시,강북구,69,232
201705,서울특별시,강북구,70,239
201705,서울특별시,강북구,71,189
201705,서울특별시,강북구,72,196
201705,서울특별시,강북구,73,231
201705,서울특별시,강북구,74,292
201705,서울특별시,강북구,75,282
201705,서울특별시,강북구,76,214
201705,서울특별시,강북구,77,216
201705,서울특별시,강북구,78,194
201705,서울특별시,강북구,79,166
201705,서울특별시,강북구,80,174
201705,서울특별시,강북구,81,163
201705,서울특별시,강북구,82,124
201705,서울특별시,강북구,83,108
201705,서울특별시,강북구,84,91
201705,서울특별시,강북구,85,75
201705,서울특별시,강북구,86,64
201705,서울특별시,강북구,87,57
201705,서울특별시,강북구,88,58
201705,서울특별시,강북구,89,39
201705,서울특별시,강북구,90,35
201705,서울특별시,강북구,91,21
201705,서울특별시,강북구,92,20
201705,서울특별시,강북구,93,15
201705,서울특별시,강북구,94,10
201705,서울특별시,강북구,95,14
201705,서울특별시,강북구,96,4
201705,서울특별시,강북구,97,2
201705,서울특별시,강북구,98,1
201705,서울특별시,강북구,99,2
201705,서울특별시,강북구,100,1
201705,서울특별시,강북구,101,1
201705,서울특별시,강북구,105,1
201705,서울특별시,도봉구,0,26
201705,서울특별시,도봉구,1,23
201705,서울특별시,도봉구,2,21
201705,서울특별시,도봉구,3,38
201705,서울특별시,도봉구,4,21
201705,서울특별시,도봉구,5,54
201705,서울특별시,도봉구,6,91
201705,서울특별시,도봉구,7,113
201705,서울특별시,도봉구,8,145
201705,서울특별시,도봉구,9,158
201705,서울특별시,도봉구,10,181
201705,서울특별시,도봉구,11,184
201705,서울특별시,도봉구,12,213
201705,서울특별시,도봉구,13,247
201705,서울특별시,도봉구,14,255
201705,서울특별시,도봉구,15,321
201705,서울특별시,도봉구,16,384
201705,서울특별시,도봉구,17,411
201705,서울특별시,도봉구,18,285
201705,서울특별시,도봉구,19,169
201705,서울특별시,도봉구,20,125
201705,서울특별시,도봉구,21,119
201705,서울특별시,도봉구,22,94
201705,서울특별시,도봉구,23,85
201705,서울특별시,도봉구,24,76
201705,서울특별시,도봉구,25,59
201705,서울특별시,도봉구,26,43
201705,서울특별시,도봉구,27,28
201705,서울특별시,도봉구,28,25
201705,서울특별시,도봉구,29,19
201705,서울특별시,도봉구,30,17
201705,서울특별시,도봉구,31,23
201705,서울특별시,도봉구,32,35
201705,서울특별시,도봉구,33,38
201705,서울특별시,도봉구,34,37
201705,서울특별시,도봉구,35,38
201705,서울특별시,도봉구,36,44
201705,서울특별시,도봉구,37,48
201705,서울특별시,도봉구,38,69
201705,서울특별시,도봉구,39,63
201705,서울특별시,도봉구,40,60
201705,서울특별시,도봉구,41,72
201705,서울특별시,도봉구,42,97
201705,서울특별시,도봉구,43,99
201705,서울특별시,도봉구,44,129
201705,서울특별시,도봉구,45,113
201705,서울특별시,도봉구,46,161
201705,서울특별시,도봉구,47,154
201705,서울특별시,도봉구,48,169
201705,서울특별시,도봉구,49,171
201705,서울특별시,도봉구,50,161
201705,서울특별시,도봉구,51,145
201705,서울특별시,도봉구,52,133
201705,서울특별시,도봉구,53,146
201705,서울특별시,도봉구,54,139
201705,서울특별시,도봉구,55,140
201705,서울특별시,도봉구,56,167
201705,서울특별시,도봉구,57,133
201705,서울특별시,도봉구,58,139
201705,서울특별시,도봉구,59,129
201705,서울특별시,도봉구,60,136
201705,서울특별시,도봉구,61,132
201705,서울특별시,도봉구,62,116
201705,서울특별시,도봉구,63,86
201705,서울특별시,도봉구,64,101
201705,서울특별시,도봉구,65,93
201705,서울특별시,도봉구,66,117
201705,서울특별시,도봉구,67,119
201705,서울특별시,도봉구,68,120
201705,서울특별시,도봉구,69,129
201705,서울특별시,도봉구,70,131
201705,서울특별시,도봉구,71,111
201705,서울특별시,도봉구,72,126
201705,서울특별시,도봉구,73,125
201705,서울특별시,도봉구,74,148
201705,서울특별시,도봉구,75,168
201705,서울특별시,도봉구,76,138
201705,서울특별시,도봉구,77,131
201705,서울특별시,도봉구,78,137
201705,서울특별시,도봉구,79,121
201705,서울특별시,도봉구,80,114
201705,서울특별시,도봉구,81,91
201705,서울특별시,도봉구,82,67
201705,서울특별시,도봉구,83,78
201705,서울특별시,도봉구,84,59
201705,서울특별시,도봉구,85,52
201705,서울특별시,도봉구,86,47
201705,서울특별시,도봉구,87,60
201705,서울특별시,도봉구,88,38
201705,서울특별시,도봉구,89,23
201705,서울특별시,도봉구,90,25
201705,서울특별시,도봉구,91,21
201705,서울특별시,도봉구,92,11
201705,서울특별시,도봉구,93,9
201705,서울특별시,도봉구,94,12
201705,서울특별시,도봉구,95,4
201705,서울특별시,도봉구,96,3
201705,서울특별시,도봉구,97,2
201705,서울특별시,도봉구,98,1
201705,서울특별시,도봉구,99,1
201705,서울특별시,도봉구,103,1
201705,서울특별시,노원구,0,24
201705,서울특별시,노원구,1,51
201705,서울특별시,노원구,2,63
201705,서울특별시,노원구,3,65
201705,서울특별시,노원구,4,90
201705,서울특별시,노원구,5,72
201705,서울특별시,노원구,6,109
201705,서울특별시,노원구,7,143
201705,서울특별시,노원구,8,204
201705,서울특별시,노원구,9,245
201705,서울특별시,노원구,10,255
201705,서울특별시,노원구,11,232
201705,서울특별시,노원구,12,241
201705,서울특별시,노원구,13,320
201705,서울특별시,노원구,14,366
201705,서울특별시,노원구,15,431
201705,서울특별시,노원구,16,573
201705,서울특별시,노원구,17,634
201705,서울특별시,노원구,18,515
201705,서울특별시,노원구,19,362
201705,서울특별시,노원구,20,351
201705,서울특별시,노원구,21,282
201705,서울특별시,노원구,22,266
201705,서울특별시,노원구,23,268
201705,서울특별시,노원구,24,220
201705,서울특별시,노원구,25,178
201705,서울특별시,노원구,26,130
201705,서울특별시,노원구,27,107
201705,서울특별시,노원구,28,103
201705,서울특별시,노원구,29,77
201705,서울특별시,노원구,30,69
201705,서울특별시,노원구,31,67
201705,서울특별시,노원구,32,75
201705,서울특별시,노원구,33,74
201705,서울특별시,노원구,34,82
201705,서울특별시,노원구,35,109
201705,서울특별시,노원구,36,108
201705,서울특별시,노원구,37,109
201705,서울특별시,노원구,38,152
201705,서울특별시,노원구,39,149
201705,서울특별시,노원구,40,146
201705,서울특별시,노원구,41,175
201705,서울특별시,노원구,42,192
201705,서울특별시,노원구,43,207
201705,서울특별시,노원구,44,258
201705,서울특별시,노원구,45,312
201705,서울특별시,노원구,46,325
201705,서울특별시,노원구,47,360
201705,서울특별시,노원구,48,419
201705,서울특별시,노원구,49,387
201705,서울특별시,노원구,50,377
201705,서울특별시,노원구,51,397
201705,서울특별시,노원구,52,396
201705,서울특별시,노원구,53,376
201705,서울특별시,노원구,54,451
201705,서울특별시,노원구,55,424
201705,서울특별시,노원구,56,482
201705,서울특별시,노원구,57,461
201705,서울특별시,노원구,58,487
201705,서울특별시,노원구,59,440
201705,서울특별시,노원구,60,401
201705,서울특별시,노원구,61,375
201705,서울특별시,노원구,62,391
201705,서울특별시,노원구,63,349
201705,서울특별시,노원구,64,350
201705,서울특별시,노원구,65,328
201705,서울특별시,노원구,66,257
201705,서울특별시,노원구,67,371
201705,서울특별시,노원구,68,346
201705,서울특별시,노원구,69,359
201705,서울특별시,노원구,70,353
201705,서울특별시,노원구,71,277
201705,서울특별시,노원구,72,322
201705,서울특별시,노원구,73,372
201705,서울특별시,노원구,74,390
201705,서울특별시,노원구,75,452
201705,서울특별시,노원구,76,372
201705,서울특별시,노원구,77,349
201705,서울특별시,노원구,78,299
201705,서울특별시,노원구,79,304
201705,서울특별시,노원구,80,261
201705,서울특별시,노원구,81,232
201705,서울특별시,노원구,82,227
201705,서울특별시,노원구,83,197
201705,서울특별시,노원구,84,162
201705,서울특별시,노원구,85,163
201705,서울특별시,노원구,86,93
201705,서울특별시,노원구,87,102
201705,서울특별시,노원구,88,84
201705,서울특별시,노원구,89,68
201705,서울특별시,노원구,90,60
201705,서울특별시,노원구,91,41
201705,서울특별시,노원구,92,33
201705,서울특별시,노원구,93,19
201705,서울특별시,노원구,94,22
201705,서울특별시,노원구,95,22
201705,서울특별시,노원구,96,11
201705,서울특별시,노원구,97,8
201705,서울특별시,노원구,98,7
201705,서울특별시,노원구,99,3
201705,서울특별시,노원구,101,4
201705,서울특별시,은평구,0,19
201705,서울특별시,은평구,1,29
201705,서울특별시,은평구,2,40
201705,서울특별시,은평구,3,39
201705,서울특별시,은평구,4,44
201705,서울특별시,은평구,5,54
201705,서울특별시,은평구,6,108
201705,서울특별시,은평구,7,156
201705,서울특별시,은평구,8,213
201705,서울특별시,은평구,9,241
201705,서울특별시,은평구,10,225
201705,서울특별시,은평구,11,264
201705,서울특별시,은평구,12,284
201705,서울특별시,은평구,13,320
201705,서울특별시,은평구,14,365
201705,서울특별시,은평구,15,419
201705,서울특별시,은평구,16,513
201705,서울특별시,은평구,17,594
201705,서울특별시,은평구,18,408
201705,서울특별시,은평구,19,247
201705,서울특별시,은평구,20,203
201705,서울특별시,은평구,21,180
201705,서울특별시,은평구,22,158
201705,서울특별시,은평구,23,150
201705,서울특별시,은평구,24,128
201705,서울특별시,은평구,25,87
201705,서울특별시,은평구,26,55
201705,서울특별시,은평구,27,46
201705,서울특별시,은평구,28,35
201705,서울특별시,은평구,29,30
201705,서울특별시,은평구,30,23
201705,서울특별시,은평구,31,32
201705,서울특별시,은평구,32,35
201705,서울특별시,은평구,33,52
201705,서울특별시,은평구,34,36
201705,서울특별시,은평구,35,40
201705,서울특별시,은평구,36,66
201705,서울특별시,은평구,37,74
201705,서울특별시,은평구,38,73
201705,서울특별시,은평구,39,74
201705,서울특별시,은평구,40,94
201705,서울특별시,은평구,41,113
201705,서울특별시,은평구,42,123
201705,서울특별시,은평구,43,150
201705,서울특별시,은평구,44,175
201705,서울특별시,은평구,45,181
201705,서울특별시,은평구,46,205
201705,서울특별시,은평구,47,206
201705,서울특별시,은평구,48,203
201705,서울특별시,은평구,49,231
201705,서울특별시,은평구,50,181
201705,서울특별시,은평구,51,193
201705,서울특별시,은평구,52,198
201705,서울특별시,은평구,53,208
201705,서울특별시,은평구,54,249
201705,서울특별시,은평구,55,232
201705,서울특별시,은평구,56,245
201705,서울특별시,은평구,57,189
201705,서울특별시,은평구,58,224
201705,서울특별시,은평구,59,202
201705,서울특별시,은평구,60,213
201705,서울특별시,은평구,61,184
201705,서울특별시,은평구,62,194
201705,서울특별시,은평구,63,166
201705,서울특별시,은평구,64,154
201705,서울특별시,은평구,65,182
201705,서울특별시,은평구,66,177
201705,서울특별시,은평구,67,233
201705,서울특별시,은평구,68,221
201705,서울특별시,은평구,69,238
201705,서울특별시,은평구,70,267
201705,서울특별시,은평구,71,196
201705,서울특별시,은평구,72,203
201705,서울특별시,은평구,73,221
201705,서울특별시,은평구,74,259
201705,서울특별시,은평구,75,277
201705,서울특별시,은평구,76,209
201705,서울특별시,은평구,77,211
201705,서울특별시,은평구,78,192
201705,서울특별시,은평구,79,190
201705,서울특별시,은평구,80,175
201705,서울특별시,은평구,81,162
201705,서울특별시,은평구,82,138
201705,서울특별시,은평구,83,103
201705,서울특별시,은평구,84,105
201705,서울특별시,은평구,85,88
201705,서울특별시,은평구,86,72
201705,서울특별시,은평구,87,58
201705,서울특별시,은평구,88,59
201705,서울특별시,은평구,89,39
201705,서울특별시,은평구,90,32
201705,서울특별시,은평구,91,25
201705,서울특별시,은평구,92,16
201705,서울특별시,은평구,93,11
201705,서울특별시,은평구,94,9
201705,서울특별시,은평구,95,7
201705,서울특별시,은평구,96,3
201705,서울특별시,은평구,97,2
201705,서울특별시,은평구,99,3
201705,서울특별시,은평구,105,1
201705,서울특별시,서대문구,0,187
201705,서울특별시,서대문구,1,87
201705,서울특별시,서대문구,2,80
201705,서울특별시,서대문구,3,19
201705,서울특별시,서대문구,4,20
201705,서울특별시,서대문구,5,19
201705,서울특별시,서대문구,6,40
201705,서울특별시,서대문구,7,50
201705,서울특별시,서대문구,8,57
201705,서울특별시,서대문구,9,85
201705,서울특별시,서대문구,10,91
201705,서울특별시,서대문구,11,104
201705,서울특별시,서대문구,12,109
201705,서울특별시,서대문구,13,120
201705,서울특별시,서대문구,14,141
201705,서울특별시,서대문구,15,180
201705,서울특별시,서대문구,16,193
201705,서울특별시,서대문구,17,216
201705,서울특별시,서대문구,18,158
201705,서울특별시,서대문구,19,93
201705,서울특별시,서대문구,20,73
201705,서울특별시,서대문구,21,66
201705,서울특별시,서대문구,22,67
201705,서울특별시,서대문구,23,64
201705,서울특별시,서대문구,24,48
201705,서울특별시,서대문구,25,37
201705,서울특별시,서대문구,26,42
201705,서울특별시,서대문구,27,19
201705,서울특별시,서대문구,28,14
201705,서울특별시,서대문구,29,10
201705,서울특별시,서대문구,30,10
201705,서울특별시,서대문구,31,9
201705,서울특별시,서대문구,32,22
201705,서울특별시,서대문구,33,19
201705,서울특별시,서대문구,34,24
201705,서울특별시,서대문구,35,22
201705,서울특별시,서대문구,36,19
201705,서울특별시,서대문구,37,26
201705,서울특별시,서대문구,38,27
201705,서울특별시,서대문구,39,24
201705,서울특별시,서대문구,40,36
201705,서울특별시,서대문구,41,45
201705,서울특별시,서대문구,42,47
201705,서울특별시,서대문구,43,49
201705,서울특별시,서대문구,44,63
201705,서울특별시,서대문구,45,80
201705,서울특별시,서대문구,46,87
201705,서울특별시,서대문구,47,97
201705,서울특별시,서대문구,48,87
201705,서울특별시,서대문구,49,103
201705,서울특별시,서대문구,50,87
201705,서울특별시,서대문구,51,112
201705,서울특별시,서대문구,52,98
201705,서울특별시,서대문구,53,87
201705,서울특별시,서대문구,54,118
201705,서울특별시,서대문구,55,123
201705,서울특별시,서대문구,56,134
201705,서울특별시,서대문구,57,95
201705,서울특별시,서대문구,58,103
201705,서울특별시,서대문구,59,94
201705,서울특별시,서대문구,60,98
201705,서울특별시,서대문구,61,99
201705,서울특별시,서대문구,62,103
201705,서울특별시,서대문구,63,69
201705,서울특별시,서대문구,64,83
201705,서울특별시,서대문구,65,82
201705,서울특별시,서대문구,66,86
201705,서울특별시,서대문구,67,109
201705,서울특별시,서대문구,68,86
201705,서울특별시,서대문구,69,115
201705,서울특별시,서대문구,70,114
201705,서울특별시,서대문구,71,91
201705,서울특별시,서대문구,72,98
201705,서울특별시,서대문구,73,96
201705,서울특별시,서대문구,74,131
201705,서울특별시,서대문구,75,147
201705,서울특별시,서대문구,76,124
201705,서울특별시,서대문구,77,121
201705,서울특별시,서대문구,78,107
201705,서울특별시,서대문구,79,92
201705,서울특별시,서대문구,80,77
201705,서울특별시,서대문구,81,81
201705,서울특별시,서대문구,82,94
201705,서울특별시,서대문구,83,62
201705,서울특별시,서대문구,84,32
201705,서울특별시,서대문구,85,53
201705,서울특별시,서대문구,86,28
201705,서울특별시,서대문구,87,40
201705,서울특별시,서대문구,88,37
201705,서울특별시,서대문구,89,23
201705,서울특별시,서대문구,90,17
201705,서울특별시,서대문구,91,15
201705,서울특별시,서대문구,92,10
201705,서울특별시,서대문구,93,9
201705,서울특별시,서대문구,94,6
201705,서울특별시,서대문구,95,1
201705,서울특별시,서대문구,96,2
201705,서울특별시,서대문구,98,1
201705,서울특별시,서대문구,101,1
201705,서울특별시,마포구,0,19
201705,서울특별시,마포구,1,23
201705,서울특별시,마포구,2,25
201705,서울특별시,마포구,3,11
201705,서울특별시,마포구,4,13
201705,서울특별시,마포구,5,22
201705,서울특별시,마포구,6,30
201705,서울특별시,마포구,7,40
201705,서울특별시,마포구,8,56
201705,서울특별시,마포구,9,48
201705,서울특별시,마포구,10,65
201705,서울특별시,마포구,11,82
201705,서울특별시,마포구,12,80
201705,서울특별시,마포구,13,95
201705,서울특별시,마포구,14,105
201705,서울특별시,마포구,15,132
201705,서울특별시,마포구,16,156
201705,서울특별시,마포구,17,217
201705,서울특별시,마포구,18,151
201705,서울특별시,마포구,19,119
201705,서울특별시,마포구,20,96
201705,서울특별시,마포구,21,88
201705,서울특별시,마포구,22,68
201705,서울특별시,마포구,23,76
201705,서울특별시,마포구,24,55
201705,서울특별시,마포구,25,56
201705,서울특별시,마포구,26,26
201705,서울특별시,마포구,27,30
201705,서울특별시,마포구,28,13
201705,서울특별시,마포구,29,18
201705,서울특별시,마포구,30,15
201705,서울특별시,마포구,31,25
201705,서울특별시,마포구,32,24
201705,서울특별시,마포구,33,27
201705,서울특별시,마포구,34,29
201705,서울특별시,마포구,35,24
201705,서울특별시,마포구,36,26
201705,서울특별시,마포구,37,32
201705,서울특별시,마포구,38,29
201705,서울특별시,마포구,39,40
201705,서울특별시,마포구,40,34
201705,서울특별시,마포구,41,33
201705,서울특별시,마포구,42,56
201705,서울특별시,마포구,43,89
201705,서울특별시,마포구,44,71
201705,서울특별시,마포구,45,70
201705,서울특별시,마포구,46,100
201705,서울특별시,마포구,47,116
201705,서울특별시,마포구,48,111
201705,서울특별시,마포구,49,116
201705,서울특별시,마포구,50,95
201705,서울특별시,마포구,51,106
201705,서울특별시,마포구,52,107
201705,서울특별시,마포구,53,120
201705,서울특별시,마포구,54,140
201705,서울특별시,마포구,55,127
201705,서울특별시,마포구,56,143
201705,서울특별시,마포구,57,139
201705,서울특별시,마포구,58,119
201705,서울특별시,마포구,59,114
201705,서울특별시,마포구,60,94
201705,서울특별시,마포구,61,99
201705,서울특별시,마포구,62,124
201705,서울특별시,마포구,63,106
201705,서울특별시,마포구,64,107
201705,서울특별시,마포구,65,96
201705,서울특별시,마포구,66,91
201705,서울특별시,마포구,67,125
201705,서울특별시,마포구,68,108
201705,서울특별시,마포구,69,132
201705,서울특별시,마포구,70,118
201705,서울특별시,마포구,71,114
201705,서울특별시,마포구,72,132
201705,서울특별시,마포구,73,116
201705,서울특별시,마포구,74,146
201705,서울특별시,마포구,75,153
201705,서울특별시,마포구,76,121
201705,서울특별시,마포구,77,102
201705,서울특별시,마포구,78,101
201705,서울특별시,마포구,79,83
201705,서울특별시,마포구,80,105
201705,서울특별시,마포구,81,100
201705,서울특별시,마포구,82,82
201705,서울특별시,마포구,83,65
201705,서울특별시,마포구,84,63
201705,서울특별시,마포구,85,52
201705,서울특별시,마포구,86,33
201705,서울특별시,마포구,87,38
201705,서울특별시,마포구,88,30
201705,서울특별시,마포구,89,27
201705,서울특별시,마포구,90,14
201705,서울특별시,마포구,91,17
201705,서울특별시,마포구,92,12
201705,서울특별시,마포구,93,4
201705,서울특별시,마포구,94,10
201705,서울특별시,마포구,95,5
201705,서울특별시,마포구,96,4
201705,서울특별시,마포구,97,3
201705,서울특별시,마포구,98,3
201705,서울특별시,마포구,99,2
201705,서울특별시,마포구,100,1
201705,서울특별시,마포구,104,1
201705,서울특별시,양천구,0,17
201705,서울특별시,양천구,1,15
201705,서울특별시,양천구,2,22
201705,서울특별시,양천구,3,31
201705,서울특별시,양천구,4,34
201705,서울특별시,양천구,5,40
201705,서울특별시,양천구,6,80
201705,서울특별시,양천구,7,101
201705,서울특별시,양천구,8,153
201705,서울특별시,양천구,9,191
201705,서울특별시,양천구,10,168
201705,서울특별시,양천구,11,171
201705,서울특별시,양천구,12,189
201705,서울특별시,양천구,13,232
201705,서울특별시,양천구,14,260
201705,서울특별시,양천구,15,297
201705,서울특별시,양천구,16,354
201705,서울특별시,양천구,17,413
201705,서울특별시,양천구,18,283
201705,서울특별시,양천구,19,167
201705,서울특별시,양천구,20,124
201705,서울특별시,양천구,21,97
201705,서울특별시,양천구,22,80
201705,서울특별시,양천구,23,72
201705,서울특별시,양천구,24,60
201705,서울특별시,양천구,25,46
201705,서울특별시,양천구,26,36
201705,서울특별시,양천구,27,23
201705,서울특별시,양천구,28,27
201705,서울특별시,양천구,29,25
201705,서울특별시,양천구,30,25
201705,서울특별시,양천구,31,31
201705,서울특별시,양천구,32,26
201705,서울특별시,양천구,33,27
201705,서울특별시,양천구,34,26
201705,서울특별시,양천구,35,25
201705,서울특별시,양천구,36,43
201705,서울특별시,양천구,37,68
201705,서울특별시,양천구,38,64
201705,서울특별시,양천구,39,48
201705,서울특별시,양천구,40,59
201705,서울특별시,양천구,41,62
201705,서울특별시,양천구,42,102
201705,서울특별시,양천구,43,106
201705,서울특별시,양천구,44,109
201705,서울특별시,양천구,45,103
201705,서울특별시,양천구,46,127
201705,서울특별시,양천구,47,129
201705,서울특별시,양천구,48,148
201705,서울특별시,양천구,49,146
201705,서울특별시,양천구,50,135
201705,서울특별시,양천구,51,134
201705,서울특별시,양천구,52,144
201705,서울특별시,양천구,53,135
201705,서울특별시,양천구,54,156
201705,서울특별시,양천구,55,155
201705,서울특별시,양천구,56,153
201705,서울특별시,양천구,57,169
201705,서울특별시,양천구,58,151
201705,서울특별시,양천구,59,160
201705,서울특별시,양천구,60,142
201705,서울특별시,양천구,61,122
201705,서울특별시,양천구,62,153
201705,서울특별시,양천구,63,105
201705,서울특별시,양천구,64,105
201705,서울특별시,양천구,65,133
201705,서울특별시,양천구,66,112
201705,서울특별시,양천구,67,139
201705,서울특별시,양천구,68,131
201705,서울특별시,양천구,69,136
201705,서울특별시,양천구,70,145
201705,서울특별시,양천구,71,111
201705,서울특별시,양천구,72,135
201705,서울특별시,양천구,73,135
201705,서울특별시,양천구,74,142
201705,서울특별시,양천구,75,159
201705,서울특별시,양천구,76,129
201705,서울특별시,양천구,77,139
201705,서울특별시,양천구,78,140
201705,서울특별시,양천구,79,111
201705,서울특별시,양천구,80,113
201705,서울특별시,양천구,81,100
201705,서울특별시,양천구,82,99
201705,서울특별시,양천구,83,77
201705,서울특별시,양천구,84,56
201705,서울특별시,양천구,85,54
201705,서울특별시,양천구,86,37
201705,서울특별시,양천구,87,42
201705,서울특별시,양천구,88,41
201705,서울특별시,양천구,89,27
201705,서울특별시,양천구,90,12
201705,서울특별시,양천구,91,9
201705,서울특별시,양천구,92,11
201705,서울특별시,양천구,93,13
201705,서울특별시,양천구,94,8
201705,서울특별시,양천구,95,4
201705,서울특별시,양천구,96,5
201705,서울특별시,양천구,97,2
201705,서울특별시,양천구,98,2
201705,서울특별시,양천구,99,1
201705,서울특별시,양천구,100,1
201705,서울특별시,양천구,103,1
201705,서울특별시,양천구,105,1
201705,서울특별시,강서구,0,17
201705,서울특별시,강서구,1,31
201705,서울특별시,강서구,2,42
201705,서울특별시,강서구,3,50
201705,서울특별시,강서구,4,53
201705,서울특별시,강서구,5,52
201705,서울특별시,강서구,6,85
201705,서울특별시,강서구,7,129
201705,서울특별시,강서구,8,154
201705,서울특별시,강서구,9,201
201705,서울특별시,강서구,10,208
201705,서울특별시,강서구,11,230
201705,서울특별시,강서구,12,230
201705,서울특별시,강서구,13,264
201705,서울특별시,강서구,14,301
201705,서울특별시,강서구,15,356
201705,서울특별시,강서구,16,456
201705,서울특별시,강서구,17,556
201705,서울특별시,강서구,18,413
201705,서울특별시,강서구,19,278
201705,서울특별시,강서구,20,258
201705,서울특별시,강서구,21,238
201705,서울특별시,강서구,22,205
201705,서울특별시,강서구,23,244
201705,서울특별시,강서구,24,180
201705,서울특별시,강서구,25,132
201705,서울특별시,강서구,26,114
201705,서울특별시,강서구,27,63
201705,서울특별시,강서구,28,63
201705,서울특별시,강서구,29,57
201705,서울특별시,강서구,30,73
201705,서울특별시,강서구,31,44
201705,서울특별시,강서구,32,48
201705,서울특별시,강서구,33,71
201705,서울특별시,강서구,34,79
201705,서울특별시,강서구,35,76
201705,서울특별시,강서구,36,95
201705,서울특별시,강서구,37,95
201705,서울특별시,강서구,38,95
201705,서울특별시,강서구,39,104
201705,서울특별시,강서구,40,113
201705,서울특별시,강서구,41,124
201705,서울특별시,강서구,42,168
201705,서울특별시,강서구,43,152
201705,서울특별시,강서구,44,204
201705,서울특별시,강서구,45,247
201705,서울특별시,강서구,46,272
201705,서울특별시,강서구,47,279
201705,서울특별시,강서구,48,296
201705,서울특별시,강서구,49,323
201705,서울특별시,강서구,50,316
201705,서울특별시,강서구,51,306
201705,서울특별시,강서구,52,371
201705,서울특별시,강서구,53,341
201705,서울특별시,강서구,54,398
201705,서울특별시,강서구,55,393
201705,서울특별시,강서구,56,432
201705,서울특별시,강서구,57,427
201705,서울특별시,강서구,58,437
201705,서울특별시,강서구,59,383
201705,서울특별시,강서구,60,364
201705,서울특별시,강서구,61,360
201705,서울특별시,강서구,62,402
201705,서울특별시,강서구,63,294
201705,서울특별시,강서구,64,307
201705,서울특별시,강서구,65,278
201705,서울특별시,강서구,66,259
201705,서울특별시,강서구,67,315
201705,서울특별시,강서구,68,270
201705,서울특별시,강서구,69,318
201705,서울특별시,강서구,70,334
201705,서울특별시,강서구,71,284
201705,서울특별시,강서구,72,290
201705,서울특별시,강서구,73,260
201705,서울특별시,강서구,74,346
201705,서울특별시,강서구,75,365
201705,서울특별시,강서구,76,315
201705,서울특별시,강서구,77,316
201705,서울특별시,강서구,78,305
201705,서울특별시,강서구,79,243
201705,서울특별시,강서구,80,252
201705,서울특별시,강서구,81,241
201705,서울특별시,강서구,82,198
201705,서울특별시,강서구,83,177
201705,서울특별시,강서구,84,141
201705,서울특별시,강서구,85,143
201705,서울특별시,강서구,86,114
201705,서울특별시,강서구,87,102
201705,서울특별시,강서구,88,100
201705,서울특별시,강서구,89,79
201705,서울특별시,강서구,90,62
201705,서울특별시,강서구,91,55
201705,서울특별시,강서구,92,33
201705,서울특별시,강서구,93,26
201705,서울특별시,강서구,94,30
201705,서울특별시,강서구,95,18
201705,서울특별시,강서구,96,5
201705,서울특별시,강서구,97,12
201705,서울특별시,강서구,98,2
201705,서울특별시,강서구,99,1
201705,서울특별시,강서구,100,2
201705,서울특별시,강서구,101,2
201705,서울특별시,강서구,107,1
201705,서울특별시,구로구,0,10
201705,서울특별시,구로구,1,15
201705,서울특별시,구로구,2,16
201705,서울특별시,구로구,3,29
201705,서울특별시,구로구,4,27
201705,서울특별시,구로구,5,32
201705,서울특별시,구로구,6,56
201705,서울특별시,구로구,7,66
201705,서울특별시,구로구,8,91
201705,서울특별시,구로구,9,127
201705,서울특별시,구로구,10,113
201705,서울특별시,구로구,11,167
201705,서울특별시,구로구,12,138
201705,서울특별시,구로구,13,158
201705,서울특별시,구로구,14,167
201705,서울특별시,구로구,15,190
201705,서울특별시,구로구,16,228
201705,서울특별시,구로구,17,262
201705,서울특별시,구로구,18,189
201705,서울특별시,구로구,19,110
201705,서울특별시,구로구,20,77
201705,서울특별시,구로구,21,83
201705,서울특별시,구로구,22,83
201705,서울특별시,구로구,23,56
201705,서울특별시,구로구,24,52
201705,서울특별시,구로구,25,41
201705,서울특별시,구로구,26,26
201705,서울특별시,구로구,27,26
201705,서울특별시,구로구,28,14
201705,서울특별시,구로구,29,14
201705,서울특별시,구로구,30,22
201705,서울특별시,구로구,31,18
201705,서울특별시,구로구,32,30
201705,서울특별시,구로구,33,19
201705,서울특별시,구로구,34,27
201705,서울특별시,구로구,35,25
201705,서울특별시,구로구,36,34
201705,서울특별시,구로구,37,34
201705,서울특별시,구로구,38,21
201705,서울특별시,구로구,39,43
201705,서울특별시,구로구,40,36
201705,서울특별시,구로구,41,48
201705,서울특별시,구로구,42,64
201705,서울특별시,구로구,43,88
201705,서울특별시,구로구,44,79
201705,서울특별시,구로구,45,90
201705,서울특별시,구로구,46,94
201705,서울특별시,구로구,47,115
201705,서울특별시,구로구,48,122
201705,서울특별시,구로구,49,112
201705,서울특별시,구로구,50,103
201705,서울특별시,구로구,51,121
201705,서울특별시,구로구,52,122
201705,서울특별시,구로구,53,98
201705,서울특별시,구로구,54,115
201705,서울특별시,구로구,55,117
201705,서울특별시,구로구,56,145
201705,서울특별시,구로구,57,123
201705,서울특별시,구로구,58,126
201705,서울특별시,구로구,59,124
201705,서울특별시,구로구,60,127
201705,서울특별시,구로구,61,126
201705,서울특별시,구로구,62,101
201705,서울특별시,구로구,63,100
201705,서울특별시,구로구,64,80
201705,서울특별시,구로구,65,96
201705,서울특별시,구로구,66,72
201705,서울특별시,구로구,67,131
201705,서울특별시,구로구,68,124
201705,서울특별시,구로구,69,129
201705,서울특별시,구로구,70,133
201705,서울특별시,구로구,71,115
201705,서울특별시,구로구,72,125
201705,서울특별시,구로구,73,139
201705,서울특별시,구로구,74,152
201705,서울특별시,구로구,75,144
201705,서울특별시,구로구,76,133
201705,서울특별시,구로구,77,127
201705,서울특별시,구로구,78,145
201705,서울특별시,구로구,79,119
201705,서울특별시,구로구,80,106
201705,서울특별시,구로구,81,98
201705,서울특별시,구로구,82,98
201705,서울특별시,구로구,83,66
201705,서울특별시,구로구,84,56
201705,서울특별시,구로구,85,44
201705,서울특별시,구로구,86,38
201705,서울특별시,구로구,87,31
201705,서울특별시,구로구,88,29
201705,서울특별시,구로구,89,21
201705,서울특별시,구로구,90,23
201705,서울특별시,구로구,91,15
201705,서울특별시,구로구,92,9
201705,서울특별시,구로구,93,12
201705,서울특별시,구로구,94,7
201705,서울특별시,구로구,95,9
201705,서울특별시,구로구,96,2
201705,서울특별시,구로구,97,2
201705,서울특별시,구로구,98,1
201705,서울특별시,구로구,99,1
201705,서울특별시,구로구,103,1
201705,서울특별시,금천구,0,11
201705,서울특별시,금천구,1,21
201705,서울특별시,금천구,2,21
201705,서울특별시,금천구,3,24
201705,서울특별시,금천구,4,24
201705,서울특별시,금천구,5,49
201705,서울특별시,금천구,6,68
201705,서울특별시,금천구,7,84
201705,서울특별시,금천구,8,92
201705,서울특별시,금천구,9,116
201705,서울특별시,금천구,10,150
201705,서울특별시,금천구,11,98
201705,서울특별시,금천구,12,163
201705,서울특별시,금천구,13,149
201705,서울특별시,금천구,14,183
201705,서울특별시,금천구,15,188
201705,서울특별시,금천구,16,273
201705,서울특별시,금천구,17,283
201705,서울특별시,금천구,18,191
201705,서울특별시,금천구,19,146
201705,서울특별시,금천구,20,92
201705,서울특별시,금천구,21,103
201705,서울특별시,금천구,22,89
201705,서울특별시,금천구,23,90
201705,서울특별시,금천구,24,58
201705,서울특별시,금천구,25,50
201705,서울특별시,금천구,26,32
201705,서울특별시,금천구,27,19
201705,서울특별시,금천구,28,21
201705,서울특별시,금천구,29,29
201705,서울특별시,금천구,30,21
201705,서울특별시,금천구,31,14
201705,서울특별시,금천구,32,16
201705,서울특별시,금천구,33,25
201705,서울특별시,금천구,34,36
201705,서울특별시,금천구,35,34
201705,서울특별시,금천구,36,33
201705,서울특별시,금천구,37,43
201705,서울특별시,금천구,38,36
201705,서울특별시,금천구,39,45
201705,서울특별시,금천구,40,49
201705,서울특별시,금천구,41,59
201705,서울특별시,금천구,42,55
201705,서울특별시,금천구,43,101
201705,서울특별시,금천구,44,106
201705,서울특별시,금천구,45,104
201705,서울특별시,금천구,46,132
201705,서울특별시,금천구,47,119
201705,서울특별시,금천구,48,147
201705,서울특별시,금천구,49,162
201705,서울특별시,금천구,50,173
201705,서울특별시,금천구,51,142
201705,서울특별시,금천구,52,186
201705,서울특별시,금천구,53,152
201705,서울특별시,금천구,54,163
201705,서울특별시,금천구,55,146
201705,서울특별시,금천구,56,199
201705,서울특별시,금천구,57,172
201705,서울특별시,금천구,58,171
201705,서울특별시,금천구,59,135
201705,서울특별시,금천구,60,136
201705,서울특별시,금천구,61,131
201705,서울특별시,금천구,62,143
201705,서울특별시,금천구,63,128
201705,서울특별시,금천구,64,118
201705,서울특별시,금천구,65,125
201705,서울특별시,금천구,66,110
201705,서울특별시,금천구,67,169
201705,서울특별시,금천구,68,115
201705,서울특별시,금천구,69,145
201705,서울특별시,금천구,70,145
201705,서울특별시,금천구,71,114
201705,서울특별시,금천구,72,153
201705,서울특별시,금천구,73,125
201705,서울특별시,금천구,74,184
201705,서울특별시,금천구,75,164
201705,서울특별시,금천구,76,133
201705,서울특별시,금천구,77,145
201705,서울특별시,금천구,78,121
201705,서울특별시,금천구,79,117
201705,서울특별시,금천구,80,86
201705,서울특별시,금천구,81,99
201705,서울특별시,금천구,82,73
201705,서울특별시,금천구,83,65
201705,서울특별시,금천구,84,69
201705,서울특별시,금천구,85,49
201705,서울특별시,금천구,86,37
201705,서울특별시,금천구,87,35
201705,서울특별시,금천구,88,27
201705,서울특별시,금천구,89,24
201705,서울특별시,금천구,90,16
201705,서울특별시,금천구,91,12
201705,서울특별시,금천구,92,8
201705,서울특별시,금천구,93,5
201705,서울특별시,금천구,94,6
201705,서울특별시,금천구,95,3
201705,서울특별시,금천구,96,6
201705,서울특별시,금천구,99,2
201705,서울특별시,금천구,103,2
201705,서울특별시,영등포구,0,7
201705,서울특별시,영등포구,1,13
201705,서울특별시,영등포구,2,15
201705,서울특별시,영등포구,3,6
201705,서울특별시,영등포구,4,10
201705,서울특별시,영등포구,5,20
201705,서울특별시,영등포구,6,23
201705,서울특별시,영등포구,7,37
201705,서울특별시,영등포구,8,49
201705,서울특별시,영등포구,9,66
201705,서울특별시,영등포구,10,70
201705,서울특별시,영등포구,11,74
201705,서울특별시,영등포구,12,100
201705,서울특별시,영등포구,13,103
201705,서울특별시,영등포구,14,103
201705,서울특별시,영등포구,15,139
201705,서울특별시,영등포구,16,189
201705,서울특별시,영등포구,17,211
201705,서울특별시,영등포구,18,135
201705,서울특별시,영등포구,19,110
201705,서울특별시,영등포구,20,65
201705,서울특별시,영등포구,21,56
201705,서울특별시,영등포구,22,48
201705,서울특별시,영등포구,23,43
201705,서울특별시,영등포구,24,30
201705,서울특별시,영등포구,25,24
201705,서울특별시,영등포구,26,16
201705,서울특별시,영등포구,27,9
201705,서울특별시,영등포구,28,12
201705,서울특별시,영등포구,29,10
201705,서울특별시,영등포구,30,12
201705,서울특별시,영등포구,31,14
201705,서울특별시,영등포구,32,12
201705,서울특별시,영등포구,33,14
201705,서울특별시,영등포구,34,16
201705,서울특별시,영등포구,35,23
201705,서울특별시,영등포구,36,24
201705,서울특별시,영등포구,37,30
201705,서울특별시,영등포구,38,22
201705,서울특별시,영등포구,39,37
201705,서울특별시,영등포구,40,49
201705,서울특별시,영등포구,41,40
201705,서울특별시,영등포구,42,42
201705,서울특별시,영등포구,43,63
201705,서울특별시,영등포구,44,68
201705,서울특별시,영등포구,45,75
201705,서울특별시,영등포구,46,81
201705,서울특별시,영등포구,47,116
201705,서울특별시,영등포구,48,117
201705,서울특별시,영등포구,49,123
201705,서울특별시,영등포구,50,123
201705,서울특별시,영등포구,51,110
201705,서울특별시,영등포구,52,132
201705,서울특별시,영등포구,53,120
201705,서울특별시,영등포구,54,135
201705,서울특별시,영등포구,55,148
201705,서울특별시,영등포구,56,147
201705,서울특별시,영등포구,57,134
201705,서울특별시,영등포구,58,141
201705,서울특별시,영등포구,59,156
201705,서울특별시,영등포구,60,150
201705,서울특별시,영등포구,61,151
201705,서울특별시,영등포구,62,133
201705,서울특별시,영등포구,63,114
201705,서울특별시,영등포구,64,106
201705,서울특별시,영등포구,65,127
201705,서울특별시,영등포구,66,138
201705,서울특별시,영등포구,67,170
201705,서울특별시,영등포구,68,148
201705,서울특별시,영등포구,69,161
201705,서울특별시,영등포구,70,158
201705,서울특별시,영등포구,71,107
201705,서울특별시,영등포구,72,118
201705,서울특별시,영등포구,73,136
201705,서울특별시,영등포구,74,152
201705,서울특별시,영등포구,75,174
201705,서울특별시,영등포구,76,126
201705,서울특별시,영등포구,77,101
201705,서울특별시,영등포구,78,107
201705,서울특별시,영등포구,79,100
201705,서울특별시,영등포구,80,97
201705,서울특별시,영등포구,81,88
201705,서울특별시,영등포구,82,70
201705,서울특별시,영등포구,83,67
201705,서울특별시,영등포구,84,52
201705,서울특별시,영등포구,85,37
201705,서울특별시,영등포구,86,35
201705,서울특별시,영등포구,87,30
201705,서울특별시,영등포구,88,30
201705,서울특별시,영등포구,89,24
201705,서울특별시,영등포구,90,20
201705,서울특별시,영등포구,91,10
201705,서울특별시,영등포구,92,8
201705,서울특별시,영등포구,93,8
201705,서울특별시,영등포구,94,4
201705,서울특별시,영등포구,95,3
201705,서울특별시,영등포구,96,3
201705,서울특별시,영등포구,97,3
201705,서울특별시,영등포구,98,2
201705,서울특별시,영등포구,99,1
201705,서울특별시,영등포구,102,1
201705,서울특별시,영등포구,115,1
201705,서울특별시,동작구,0,9
201705,서울특별시,동작구,1,9
201705,서울특별시,동작구,2,26
201705,서울특별시,동작구,3,11
201705,서울특별시,동작구,4,28
201705,서울특별시,동작구,5,21
201705,서울특별시,동작구,6,40
201705,서울특별시,동작구,7,60
201705,서울특별시,동작구,8,55
201705,서울특별시,동작구,9,85
201705,서울특별시,동작구,10,89
201705,서울특별시,동작구,11,97
201705,서울특별시,동작구,12,99
201705,서울특별시,동작구,13,129
201705,서울특별시,동작구,14,146
201705,서울특별시,동작구,15,165
201705,서울특별시,동작구,16,222
201705,서울특별시,동작구,17,236
201705,서울특별시,동작구,18,156
201705,서울특별시,동작구,19,117
201705,서울특별시,동작구,20,83
201705,서울특별시,동작구,21,68
201705,서울특별시,동작구,22,61
201705,서울특별시,동작구,23,65
201705,서울특별시,동작구,24,40
201705,서울특별시,동작구,25,43
201705,서울특별시,동작구,26,23
201705,서울특별시,동작구,27,23
201705,서울특별시,동작구,28,19
201705,서울특별시,동작구,29,14
201705,서울특별시,동작구,30,25
201705,서울특별시,동작구,31,22
201705,서울특별시,동작구,32,15
201705,서울특별시,동작구,33,22
201705,서울특별시,동작구,34,21
201705,서울특별시,동작구,35,31
201705,서울특별시,동작구,36,40
201705,서울특별시,동작구,37,38
201705,서울특별시,동작구,38,37
201705,서울특별시,동작구,39,46
201705,서울특별시,동작구,40,40
201705,서울특별시,동작구,41,54
201705,서울특별시,동작구,42,59
201705,서울특별시,동작구,43,63
201705,서울특별시,동작구,44,67
201705,서울특별시,동작구,45,93
201705,서울특별시,동작구,46,84
201705,서울특별시,동작구,47,115
201705,서울특별시,동작구,48,109
201705,서울특별시,동작구,49,94
201705,서울특별시,동작구,50,97
201705,서울특별시,동작구,51,92
201705,서울특별시,동작구,52,108
201705,서울특별시,동작구,53,95
201705,서울특별시,동작구,54,121
201705,서울특별시,동작구,55,116
201705,서울특별시,동작구,56,108
201705,서울특별시,동작구,57,130
201705,서울특별시,동작구,58,128
201705,서울특별시,동작구,59,101
201705,서울특별시,동작구,60,110
201705,서울특별시,동작구,61,104
201705,서울특별시,동작구,62,124
201705,서울특별시,동작구,63,97
201705,서울특별시,동작구,64,73
201705,서울특별시,동작구,65,92
201705,서울특별시,동작구,66,88
201705,서울특별시,동작구,67,123
201705,서울특별시,동작구,68,115
201705,서울특별시,동작구,69,122
201705,서울특별시,동작구,70,145
201705,서울특별시,동작구,71,100
201705,서울특별시,동작구,72,133
201705,서울특별시,동작구,73,107
201705,서울특별시,동작구,74,144
201705,서울특별시,동작구,75,152
201705,서울특별시,동작구,76,131
201705,서울특별시,동작구,77,126
201705,서울특별시,동작구,78,113
201705,서울특별시,동작구,79,100
201705,서울특별시,동작구,80,82
201705,서울특별시,동작구,81,82
201705,서울특별시,동작구,82,61
201705,서울특별시,동작구,83,77
201705,서울특별시,동작구,84,64
201705,서울특별시,동작구,85,49
201705,서울특별시,동작구,86,37
201705,서울특별시,동작구,87,43
201705,서울특별시,동작구,88,32
201705,서울특별시,동작구,89,27
201705,서울특별시,동작구,90,19
201705,서울특별시,동작구,91,16
201705,서울특별시,동작구,92,13
201705,서울특별시,동작구,93,7
201705,서울특별시,동작구,94,7
201705,서울특별시,동작구,95,5
201705,서울특별시,동작구,96,3
201705,서울특별시,동작구,97,2
201705,서울특별시,동작구,99,1
201705,서울특별시,동작구,100,1
201705,서울특별시,동작구,101,1
201705,서울특별시,동작구,102,1
201705,서울특별시,동작구,103,1
201705,서울특별시,관악구,0,14
201705,서울특별시,관악구,1,24
201705,서울특별시,관악구,2,28
201705,서울특별시,관악구,3,30
201705,서울특별시,관악구,4,34
201705,서울특별시,관악구,5,41
201705,서울특별시,관악구,6,54
201705,서울특별시,관악구,7,85
201705,서울특별시,관악구,8,122
201705,서울특별시,관악구,9,121
201705,서울특별시,관악구,10,144
201705,서울특별시,관악구,11,139
201705,서울특별시,관악구,12,173
201705,서울특별시,관악구,13,197
201705,서울특별시,관악구,14,189
201705,서울특별시,관악구,15,243
201705,서울특별시,관악구,16,335
201705,서울특별시,관악구,17,334
201705,서울특별시,관악구,18,281
201705,서울특별시,관악구,19,197
201705,서울특별시,관악구,20,175
201705,서울특별시,관악구,21,165
201705,서울특별시,관악구,22,125
201705,서울특별시,관악구,23,131
201705,서울특별시,관악구,24,112
201705,서울특별시,관악구,25,83
201705,서울특별시,관악구,26,66
201705,서울특별시,관악구,27,62
201705,서울특별시,관악구,28,51
201705,서울특별시,관악구,29,40
201705,서울특별시,관악구,30,38
201705,서울특별시,관악구,31,41
201705,서울특별시,관악구,32,29
201705,서울특별시,관악구,33,42
201705,서울특별시,관악구,34,47
201705,서울특별시,관악구,35,41
201705,서울특별시,관악구,36,59
201705,서울특별시,관악구,37,64
201705,서울특별시,관악구,38,63
201705,서울특별시,관악구,39,78
201705,서울특별시,관악구,40,68
201705,서울특별시,관악구,41,93
201705,서울특별시,관악구,42,114
201705,서울특별시,관악구,43,129
201705,서울특별시,관악구,44,167
201705,서울특별시,관악구,45,144
201705,서울특별시,관악구,46,175
201705,서울특별시,관악구,47,192
201705,서울특별시,관악구,48,217
201705,서울특별시,관악구,49,167
201705,서울특별시,관악구,50,181
201705,서울특별시,관악구,51,202
201705,서울특별시,관악구,52,220
201705,서울특별시,관악구,53,200
201705,서울특별시,관악구,54,285
201705,서울특별시,관악구,55,203
201705,서울특별시,관악구,56,257
201705,서울특별시,관악구,57,213
201705,서울특별시,관악구,58,239
201705,서울특별시,관악구,59,219
201705,서울특별시,관악구,60,189
201705,서울특별시,관악구,61,185
201705,서울특별시,관악구,62,221
201705,서울특별시,관악구,63,155
201705,서울특별시,관악구,64,148
201705,서울특별시,관악구,65,174
201705,서울특별시,관악구,66,160
201705,서울특별시,관악구,67,188
201705,서울특별시,관악구,68,165
201705,서울특별시,관악구,69,246
201705,서울특별시,관악구,70,212
201705,서울특별시,관악구,71,177
201705,서울특별시,관악구,72,171
201705,서울특별시,관악구,73,177
201705,서울특별시,관악구,74,235
201705,서울특별시,관악구,75,210
201705,서울특별시,관악구,76,211
201705,서울특별시,관악구,77,168
201705,서울특별시,관악구,78,190
201705,서울특별시,관악구,79,147
201705,서울특별시,관악구,80,145
201705,서울특별시,관악구,81,107
201705,서울특별시,관악구,82,117
201705,서울특별시,관악구,83,108
201705,서울특별시,관악구,84,76
201705,서울특별시,관악구,85,77
201705,서울특별시,관악구,86,46
201705,서울특별시,관악구,87,59
201705,서울특별시,관악구,88,40
201705,서울특별시,관악구,89,38
201705,서울특별시,관악구,90,36
201705,서울특별시,관악구,91,23
201705,서울특별시,관악구,92,12
201705,서울특별시,관악구,93,11
201705,서울특별시,관악구,94,14
201705,서울특별시,관악구,95,8
201705,서울특별시,관악구,96,7
201705,서울특별시,관악구,97,3
201705,서울특별시,관악구,98,3
201705,서울특별시,관악구,99,3
201705,서울특별시,관악구,100,3
201705,서울특별시,서초구,0,4
201705,서울특별시,서초구,1,18
201705,서울특별시,서초구,2,19
201705,서울특별시,서초구,3,24
201705,서울특별시,서초구,4,22
201705,서울특별시,서초구,5,34
201705,서울특별시,서초구,6,50
201705,서울특별시,서초구,7,66
201705,서울특별시,서초구,8,49
201705,서울특별시,서초구,9,51
201705,서울특별시,서초구,10,59
201705,서울특별시,서초구,11,59
201705,서울특별시,서초구,12,61
201705,서울특별시,서초구,13,73
201705,서울특별시,서초구,14,90
201705,서울특별시,서초구,15,109
201705,서울특별시,서초구,16,142
201705,서울특별시,서초구,17,144
201705,서울특별시,서초구,18,103
201705,서울특별시,서초구,19,66
201705,서울특별시,서초구,20,68
201705,서울특별시,서초구,21,60
201705,서울특별시,서초구,22,62
201705,서울특별시,서초구,23,60
201705,서울특별시,서초구,24,48
201705,서울특별시,서초구,25,33
201705,서울특별시,서초구,26,28
201705,서울특별시,서초구,27,15
201705,서울특별시,서초구,28,19
201705,서울특별시,서초구,29,15
201705,서울특별시,서초구,30,23
201705,서울특별시,서초구,31,19
201705,서울특별시,서초구,32,17
201705,서울특별시,서초구,33,19
201705,서울특별시,서초구,34,14
201705,서울특별시,서초구,35,21
201705,서울특별시,서초구,36,26
201705,서울특별시,서초구,37,23
201705,서울특별시,서초구,38,24
201705,서울특별시,서초구,39,24
201705,서울특별시,서초구,40,42
201705,서울특별시,서초구,41,30
201705,서울특별시,서초구,42,39
201705,서울특별시,서초구,43,31
201705,서울특별시,서초구,44,34
201705,서울특별시,서초구,45,51
201705,서울특별시,서초구,46,72
201705,서울특별시,서초구,47,67
201705,서울특별시,서초구,48,80
201705,서울특별시,서초구,49,64
201705,서울특별시,서초구,50,66
201705,서울특별시,서초구,51,66
201705,서울특별시,서초구,52,77
201705,서울특별시,서초구,53,63
201705,서울특별시,서초구,54,72
201705,서울특별시,서초구,55,77
201705,서울특별시,서초구,56,84
201705,서울특별시,서초구,57,78
201705,서울특별시,서초구,58,75
201705,서울특별시,서초구,59,71
201705,서울특별시,서초구,60,85
201705,서울특별시,서초구,61,69
201705,서울특별시,서초구,62,71
201705,서울특별시,서초구,63,54
201705,서울특별시,서초구,64,60
201705,서울특별시,서초구,65,59
201705,서울특별시,서초구,66,60
201705,서울특별시,서초구,67,62
201705,서울특별시,서초구,68,66
201705,서울특별시,서초구,69,59
201705,서울특별시,서초구,70,70
201705,서울특별시,서초구,71,68
201705,서울특별시,서초구,72,59
201705,서울특별시,서초구,73,64
201705,서울특별시,서초구,74,67
201705,서울특별시,서초구,75,75
201705,서울특별시,서초구,76,63
201705,서울특별시,서초구,77,49
201705,서울특별시,서초구,78,54
201705,서울특별시,서초구,79,36
201705,서울특별시,서초구,80,44
201705,서울특별시,서초구,81,44
201705,서울특별시,서초구,82,53
201705,서울특별시,서초구,83,27
201705,서울특별시,서초구,84,27
201705,서울특별시,서초구,85,26
201705,서울특별시,서초구,86,28
201705,서울특별시,서초구,87,12
201705,서울특별시,서초구,88,13
201705,서울특별시,서초구,89,21
201705,서울특별시,서초구,90,19
201705,서울특별시,서초구,91,7
201705,서울특별시,서초구,92,6
201705,서울특별시,서초구,93,5
201705,서울특별시,서초구,94,6
201705,서울특별시,서초구,95,1
201705,서울특별시,서초구,96,1
201705,서울특별시,서초구,97,2
201705,서울특별시,서초구,98,1
201705,서울특별시,서초구,99,1
201705,서울특별시,서초구,100,2
201705,서울특별시,강남구,0,90
201705,서울특별시,강남구,1,72
201705,서울특별시,강남구,2,24
201705,서울특별시,강남구,3,29
201705,서울특별시,강남구,4,33
201705,서울특별시,강남구,5,42
201705,서울특별시,강남구,6,50
201705,서울특별시,강남구,7,76
201705,서울특별시,강남구,8,81
201705,서울특별시,강남구,9,85
201705,서울특별시,강남구,10,109
201705,서울특별시,강남구,11,113
201705,서울특별시,강남구,12,124
201705,서울특별시,강남구,13,129
201705,서울특별시,강남구,14,154
201705,서울특별시,강남구,15,168
201705,서울특별시,강남구,16,250
201705,서울특별시,강남구,17,252
201705,서울특별시,강남구,18,276
201705,서울특별시,강남구,19,173
201705,서울특별시,강남구,20,143
201705,서울특별시,강남구,21,131
201705,서울특별시,강남구,22,148
201705,서울특별시,강남구,23,133
201705,서울특별시,강남구,24,119
201705,서울특별시,강남구,25,88
201705,서울특별시,강남구,26,65
201705,서울특별시,강남구,27,43
201705,서울특별시,강남구,28,40
201705,서울특별시,강남구,29,36
201705,서울특별시,강남구,30,34
201705,서울특별시,강남구,31,34
201705,서울특별시,강남구,32,34
201705,서울특별시,강남구,33,38
201705,서울특별시,강남구,34,44
201705,서울특별시,강남구,35,62
201705,서울특별시,강남구,36,49
201705,서울특별시,강남구,37,58
201705,서울특별시,강남구,38,63
201705,서울특별시,강남구,39,47
201705,서울특별시,강남구,40,61
201705,서울특별시,강남구,41,65
201705,서울특별시,강남구,42,72
201705,서울특별시,강남구,43,98
201705,서울특별시,강남구,44,84
201705,서울특별시,강남구,45,114
201705,서울특별시,강남구,46,120
201705,서울특별시,강남구,47,135
201705,서울특별시,강남구,48,137
201705,서울특별시,강남구,49,149
201705,서울특별시,강남구,50,130
201705,서울특별시,강남구,51,181
201705,서울특별시,강남구,52,167
201705,서울특별시,강남구,53,175
201705,서울특별시,강남구,54,201
201705,서울특별시,강남구,55,200
201705,서울특별시,강남구,56,214
201705,서울특별시,강남구,57,208
201705,서울특별시,강남구,58,211
201705,서울특별시,강남구,59,232
201705,서울특별시,강남구,60,210
201705,서울특별시,강남구,61,197
201705,서울특별시,강남구,62,199
201705,서울특별시,강남구,63,172
201705,서울특별시,강남구,64,165
201705,서울특별시,강남구,65,163
201705,서울특별시,강남구,66,144
201705,서울특별시,강남구,67,204
201705,서울특별시,강남구,68,175
201705,서울특별시,강남구,69,183
201705,서울특별시,강남구,70,209
201705,서울특별시,강남구,71,155
201705,서울특별시,강남구,72,155
201705,서울특별시,강남구,73,164
201705,서울특별시,강남구,74,186
201705,서울특별시,강남구,75,181
201705,서울특별시,강남구,76,153
201705,서울특별시,강남구,77,140
201705,서울특별시,강남구,78,120
201705,서울특별시,강남구,79,126
201705,서울특별시,강남구,80,98
201705,서울특별시,강남구,81,98
201705,서울특별시,강남구,82,82
201705,서울특별시,강남구,83,79
201705,서울특별시,강남구,84,77
201705,서울특별시,강남구,85,58
201705,서울특별시,강남구,86,40
201705,서울특별시,강남구,87,42
201705,서울특별시,강남구,88,45
201705,서울특별시,강남구,89,28
201705,서울특별시,강남구,90,34
201705,서울특별시,강남구,91,19
201705,서울특별시,강남구,92,16
201705,서울특별시,강남구,93,19
201705,서울특별시,강남구,94,14
201705,서울특별시,강남구,95,11
201705,서울특별시,강남구,96,8
201705,서울특별시,강남구,97,6
201705,서울특별시,강남구,98,2
201705,서울특별시,강남구,99,1
201705,서울특별시,강남구,100,1
201705,서울특별시,강남구,102,1
201705,서울특별시,강남구,103,1
201705,서울특별시,강남구,105,1
201705,서울특별시,송파구,0,6
201705,서울특별시,송파구,1,12
201705,서울특별시,송파구,2,26
201705,서울특별시,송파구,3,32
201705,서울특별시,송파구,4,30
201705,서울특별시,송파구,5,34
201705,서울특별시,송파구,6,86
201705,서울특별시,송파구,7,110
201705,서울특별시,송파구,8,122
201705,서울특별시,송파구,9,140
201705,서울특별시,송파구,10,150
201705,서울특별시,송파구,11,165
201705,서울특별시,송파구,12,159
201705,서울특별시,송파구,13,197
201705,서울특별시,송파구,14,197
201705,서울특별시,송파구,15,257
201705,서울특별시,송파구,16,361
201705,서울특별시,송파구,17,415
201705,서울특별시,송파구,18,237
201705,서울특별시,송파구,19,172
201705,서울특별시,송파구,20,126
201705,서울특별시,송파구,21,110
201705,서울특별시,송파구,22,108
201705,서울특별시,송파구,23,88
201705,서울특별시,송파구,24,76
201705,서울특별시,송파구,25,52
201705,서울특별시,송파구,26,29
201705,서울특별시,송파구,27,32
201705,서울특별시,송파구,28,22
201705,서울특별시,송파구,29,24
201705,서울특별시,송파구,30,17
201705,서울특별시,송파구,31,23
201705,서울특별시,송파구,32,23
201705,서울특별시,송파구,33,33
201705,서울특별시,송파구,34,29
201705,서울특별시,송파구,35,27
201705,서울특별시,송파구,36,36
201705,서울특별시,송파구,37,49
201705,서울특별시,송파구,38,41
201705,서울특별시,송파구,39,31
201705,서울특별시,송파구,40,53
201705,서울특별시,송파구,41,48
201705,서울특별시,송파구,42,73
201705,서울특별시,송파구,43,85
201705,서울특별시,송파구,44,107
201705,서울특별시,송파구,45,105
201705,서울특별시,송파구,46,108
201705,서울특별시,송파구,47,117
201705,서울특별시,송파구,48,129
201705,서울특별시,송파구,49,117
201705,서울특별시,송파구,50,118
201705,서울특별시,송파구,51,142
201705,서울특별시,송파구,52,144
201705,서울특별시,송파구,53,140
201705,서울특별시,송파구,54,149
201705,서울특별시,송파구,55,159
201705,서울특별시,송파구,56,166
201705,서울특별시,송파구,57,156
201705,서울특별시,송파구,58,128
201705,서울특별시,송파구,59,145
201705,서울특별시,송파구,60,131
201705,서울특별시,송파구,61,115
201705,서울특별시,송파구,62,137
201705,서울특별시,송파구,63,89
201705,서울특별시,송파구,64,104
201705,서울특별시,송파구,65,105
201705,서울특별시,송파구,66,111
201705,서울특별시,송파구,67,128
201705,서울특별시,송파구,68,142
201705,서울특별시,송파구,69,113
201705,서울특별시,송파구,70,144
201705,서울특별시,송파구,71,90
201705,서울특별시,송파구,72,108
201705,서울특별시,송파구,73,134
201705,서울특별시,송파구,74,128
201705,서울특별시,송파구,75,134
201705,서울특별시,송파구,76,92
201705,서울특별시,송파구,77,95
201705,서울특별시,송파구,78,87
201705,서울특별시,송파구,79,86
201705,서울특별시,송파구,80,78
201705,서울특별시,송파구,81,69
201705,서울특별시,송파구,82,49
201705,서울특별시,송파구,83,58
201705,서울특별시,송파구,84,43
201705,서울특별시,송파구,85,39
201705,서울특별시,송파구,86,36
201705,서울특별시,송파구,87,36
201705,서울특별시,송파구,88,32
201705,서울특별시,송파구,89,26
201705,서울특별시,송파구,90,21
201705,서울특별시,송파구,91,16
201705,서울특별시,송파구,92,11
201705,서울특별시,송파구,93,8
201705,서울특별시,송파구,94,10
201705,서울특별시,송파구,95,2
201705,서울특별시,송파구,96,2
201705,서울특별시,송파구,99,2
201705,서울특별시,송파구,105,1
201705,서울특별시,강동구,0,6
201705,서울특별시,강동구,1,17
201705,서울특별시,강동구,2,22
201705,서울특별시,강동구,3,26
201705,서울특별시,강동구,4,27
201705,서울특별시,강동구,5,30
201705,서울특별시,강동구,6,66
201705,서울특별시,강동구,7,102
201705,서울특별시,강동구,8,118
201705,서울특별시,강동구,9,111
201705,서울특별시,강동구,10,148
201705,서울특별시,강동구,11,139
201705,서울특별시,강동구,12,147
201705,서울특별시,강동구,13,188
201705,서울특별시,강동구,14,181
201705,서울특별시,강동구,15,223
201705,서울특별시,강동구,16,292
201705,서울특별시,강동구,17,342
201705,서울특별시,강동구,18,222
201705,서울특별시,강동구,19,155
201705,서울특별시,강동구,20,135
201705,서울특별시,강동구,21,100
201705,서울특별시,강동구,22,81
201705,서울특별시,강동구,23,83
201705,서울특별시,강동구,24,73
201705,서울특별시,강동구,25,57
201705,서울특별시,강동구,26,35
201705,서울특별시,강동구,27,20
201705,서울특별시,강동구,28,21
201705,서울특별시,강동구,29,17
201705,서울특별시,강동구,30,16
201705,서울특별시,강동구,31,20
201705,서울특별시,강동구,32,15
201705,서울특별시,강동구,33,29
201705,서울특별시,강동구,34,34
201705,서울특별시,강동구,35,45
201705,서울특별시,강동구,36,44
201705,서울특별시,강동구,37,52
201705,서울특별시,강동구,38,38
201705,서울특별시,강동구,39,56
201705,서울특별시,강동구,40,54
201705,서울특별시,강동구,41,62
201705,서울특별시,강동구,42,74
201705,서울특별시,강동구,43,89
201705,서울특별시,강동구,44,113
201705,서울특별시,강동구,45,116
201705,서울특별시,강동구,46,133
201705,서울특별시,강동구,47,128
201705,서울특별시,강동구,48,133
201705,서울특별시,강동구,49,158
201705,서울특별시,강동구,50,153
201705,서울특별시,강동구,51,146
201705,서울특별시,강동구,52,168
201705,서울특별시,강동구,53,169
201705,서울특별시,강동구,54,172
201705,서울특별시,강동구,55,177
201705,서울특별시,강동구,56,164
201705,서울특별시,강동구,57,167
201705,서울특별시,강동구,58,136
201705,서울특별시,강동구,59,154
201705,서울특별시,강동구,60,132
201705,서울특별시,강동구,61,127
201705,서울특별시,강동구,62,153
201705,서울특별시,강동구,63,117
201705,서울특별시,강동구,64,111
201705,서울특별시,강동구,65,114
201705,서울특별시,강동구,66,127
201705,서울특별시,강동구,67,130
201705,서울특별시,강동구,68,121
201705,서울특별시,강동구,69,152
201705,서울특별시,강동구,70,147
201705,서울특별시,강동구,71,96
201705,서울특별시,강동구,72,99
201705,서울특별시,강동구,73,117
201705,서울특별시,강동구,74,158
201705,서울특별시,강동구,75,141
201705,서울특별시,강동구,76,116
201705,서울특별시,강동구,77,122
201705,서울특별시,강동구,78,120
201705,서울특별시,강동구,79,102
201705,서울특별시,강동구,80,96
201705,서울특별시,강동구,81,90
201705,서울특별시,강동구,82,83
201705,서울특별시,강동구,83,58
201705,서울특별시,강동구,84,54
201705,서울특별시,강동구,85,49
201705,서울특별시,강동구,86,45
201705,서울특별시,강동구,87,28
201705,서울특별시,강동구,88,34
201705,서울특별시,강동구,89,19
201705,서울특별시,강동구,90,22
201705,서울특별시,강동구,91,24
201705,서울특별시,강동구,92,7
201705,서울특별시,강동구,93,7
201705,서울특별시,강동구,94,12
201705,서울특별시,강동구,95,2
201705,서울특별시,강동구,96,1
201705,서울특별시,강동구,97,2
201705,서울특별시,강동구,98,1
201705,서울특별시,강동구,100,2
201705,부산광역시,중구,0,4
201705,부산광역시,중구,1,7
201705,부산광역시,중구,2,8
201705,부산광역시,중구,3,8
201705,부산광역시,중구,4,5
201705,부산광역시,중구,5,10
201705,부산광역시,중구,6,15
201705,부산광역시,중구,7,17
201705,부산광역시,중구,8,22
201705,부산광역시,중구,9,30
201705,부산광역시,중구,10,31
201705,부산광역시,중구,11,29
201705,부산광역시,중구,12,27
201705,부산광역시,중구,13,43
201705,부산광역시,중구,14,28
201705,부산광역시,중구,15,49
201705,부산광역시,중구,16,77
201705,부산광역시,중구,17,85
201705,부산광역시,중구,18,64
201705,부산광역시,중구,19,36
201705,부산광역시,중구,20,42
201705,부산광역시,중구,21,37
201705,부산광역시,중구,22,27
201705,부산광역시,중구,23,22
201705,부산광역시,중구,24,21
201705,부산광역시,중구,25,14
201705,부산광역시,중구,26,7
201705,부산광역시,중구,27,8
201705,부산광역시,중구,28,8
201705,부산광역시,중구,29,2
201705,부산광역시,중구,30,4
201705,부산광역시,중구,31,1
201705,부산광역시,중구,32,5
201705,부산광역시,중구,33,3
201705,부산광역시,중구,34,6
201705,부산광역시,중구,35,9
201705,부산광역시,중구,36,6
201705,부산광역시,중구,37,8
201705,부산광역시,중구,38,11
201705,부산광역시,중구,39,20
201705,부산광역시,중구,40,9
201705,부산광역시,중구,41,14
201705,부산광역시,중구,42,29
201705,부산광역시,중구,43,18
201705,부산광역시,중구,44,30
201705,부산광역시,중구,45,36
201705,부산광역시,중구,46,29
201705,부산광역시,중구,47,37
201705,부산광역시,중구,48,37
201705,부산광역시,중구,49,45
201705,부산광역시,중구,50,43
201705,부산광역시,중구,51,41
201705,부산광역시,중구,52,38
201705,부산광역시,중구,53,40
201705,부산광역시,중구,54,47
201705,부산광역시,중구,55,46
201705,부산광역시,중구,56,51
201705,부산광역시,중구,57,46
201705,부산광역시,중구,58,53
201705,부산광역시,중구,59,55
201705,부산광역시,중구,60,45
201705,부산광역시,중구,61,52
201705,부산광역시,중구,62,58
201705,부산광역시,중구,63,44
201705,부산광역시,중구,64,52
201705,부산광역시,중구,65,43
201705,부산광역시,중구,66,52
201705,부산광역시,중구,67,53
201705,부산광역시,중구,68,46
201705,부산광역시,중구,69,51
201705,부산광역시,중구,70,59
201705,부산광역시,중구,71,46
201705,부산광역시,중구,72,54
201705,부산광역시,중구,73,55
201705,부산광역시,중구,74,53
201705,부산광역시,중구,75,51
201705,부산광역시,중구,76,40
201705,부산광역시,중구,77,52
201705,부산광역시,중구,78,44
201705,부산광역시,중구,79,44
201705,부산광역시,중구,80,26
201705,부산광역시,중구,81,34
201705,부산광역시,중구,82,27
201705,부산광역시,중구,83,24
201705,부산광역시,중구,84,20
201705,부산광역시,중구,85,22
201705,부산광역시,중구,86,10
201705,부산광역시,중구,87,9
201705,부산광역시,중구,88,8
201705,부산광역시,중구,89,7
201705,부산광역시,중구,90,8
201705,부산광역시,중구,91,8
201705,부산광역시,중구,92,4
201705,부산광역시,중구,93,4
201705,부산광역시,중구,94,4
201705,부산광역시,중구,95,2
201705,부산광역시,중구,96,2
201705,부산광역시,중구,97,1
201705,부산광역시,중구,100,1
201705,부산광역시,서구,0,8
201705,부산광역시,서구,1,11
201705,부산광역시,서구,2,12
201705,부산광역시,서구,3,15
201705,부산광역시,서구,4,5
201705,부산광역시,서구,5,16
201705,부산광역시,서구,6,26
201705,부산광역시,서구,7,42
201705,부산광역시,서구,8,48
201705,부산광역시,서구,9,55
201705,부산광역시,서구,10,72
201705,부산광역시,서구,11,54
201705,부산광역시,서구,12,63
201705,부산광역시,서구,13,95
201705,부산광역시,서구,14,100
201705,부산광역시,서구,15,133
201705,부산광역시,서구,16,152
201705,부산광역시,서구,17,174
201705,부산광역시,서구,18,106
201705,부산광역시,서구,19,96
201705,부산광역시,서구,20,66
201705,부산광역시,서구,21,60
201705,부산광역시,서구,22,59
201705,부산광역시,서구,23,44
201705,부산광역시,서구,24,33
201705,부산광역시,서구,25,24
201705,부산광역시,서구,26,12
201705,부산광역시,서구,27,15
201705,부산광역시,서구,28,11
201705,부산광역시,서구,29,9
201705,부산광역시,서구,30,9
201705,부산광역시,서구,31,7
201705,부산광역시,서구,32,13
201705,부산광역시,서구,33,15
201705,부산광역시,서구,34,14
201705,부산광역시,서구,35,15
201705,부산광역시,서구,36,31
201705,부산광역시,서구,37,21
201705,부산광역시,서구,38,30
201705,부산광역시,서구,39,26
201705,부산광역시,서구,40,28
201705,부산광역시,서구,41,39
201705,부산광역시,서구,42,40
201705,부산광역시,서구,43,59
201705,부산광역시,서구,44,61
201705,부산광역시,서구,45,51
201705,부산광역시,서구,46,77
201705,부산광역시,서구,47,90
201705,부산광역시,서구,48,94
201705,부산광역시,서구,49,69
201705,부산광역시,서구,50,76
201705,부산광역시,서구,51,84
201705,부산광역시,서구,52,84
201705,부산광역시,서구,53,92
201705,부산광역시,서구,54,103
201705,부산광역시,서구,55,122
201705,부산광역시,서구,56,121
201705,부산광역시,서구,57,123
201705,부산광역시,서구,58,115
201705,부산광역시,서구,59,130
201705,부산광역시,서구,60,109
201705,부산광역시,서구,61,115
201705,부산광역시,서구,62,117
201705,부산광역시,서구,63,123
201705,부산광역시,서구,64,93
201705,부산광역시,서구,65,119
201705,부산광역시,서구,66,116
201705,부산광역시,서구,67,107
201705,부산광역시,서구,68,100
201705,부산광역시,서구,69,115
201705,부산광역시,서구,70,118
201705,부산광역시,서구,71,88
201705,부산광역시,서구,72,104
201705,부산광역시,서구,73,105
201705,부산광역시,서구,74,130
201705,부산광역시,서구,75,111
201705,부산광역시,서구,76,124
201705,부산광역시,서구,77,103
201705,부산광역시,서구,78,118
201705,부산광역시,서구,79,67
201705,부산광역시,서구,80,88
201705,부산광역시,서구,81,87
201705,부산광역시,서구,82,75
201705,부산광역시,서구,83,62
201705,부산광역시,서구,84,53
201705,부산광역시,서구,85,39
201705,부산광역시,서구,86,37
201705,부산광역시,서구,87,24
201705,부산광역시,서구,88,36
201705,부산광역시,서구,89,22
201705,부산광역시,서구,90,14
201705,부산광역시,서구,91,17
201705,부산광역시,서구,92,7
201705,부산광역시,서구,93,14
201705,부산광역시,서구,94,12
201705,부산광역시,서구,95,8
201705,부산광역시,서구,96,3
201705,부산광역시,서구,97,4
201705,부산광역시,서구,99,1
201705,부산광역시,서구,101,1
201705,부산광역시,동구,0,5
201705,부산광역시,동구,1,21
201705,부산광역시,동구,2,14
201705,부산광역시,동구,3,11
201705,부산광역시,동구,4,17
201705,부산광역시,동구,5,32
201705,부산광역시,동구,6,42
201705,부산광역시,동구,7,56
201705,부산광역시,동구,8,61
201705,부산광역시,동구,9,80
201705,부산광역시,동구,10,59
201705,부산광역시,동구,11,65
201705,부산광역시,동구,12,74
201705,부산광역시,동구,13,88
201705,부산광역시,동구,14,91
201705,부산광역시,동구,15,127
201705,부산광역시,동구,16,162
201705,부산광역시,동구,17,167
201705,부산광역시,동구,18,108
201705,부산광역시,동구,19,104
201705,부산광역시,동구,20,88
201705,부산광역시,동구,21,73
201705,부산광역시,동구,22,65
201705,부산광역시,동구,23,55
201705,부산광역시,동구,24,38
201705,부산광역시,동구,25,26
201705,부산광역시,동구,26,18
201705,부산광역시,동구,27,12
201705,부산광역시,동구,28,10
201705,부산광역시,동구,29,11
201705,부산광역시,동구,30,10
201705,부산광역시,동구,31,11
201705,부산광역시,동구,32,22
201705,부산광역시,동구,33,22
201705,부산광역시,동구,34,20
201705,부산광역시,동구,35,30
201705,부산광역시,동구,36,23
201705,부산광역시,동구,37,29
201705,부산광역시,동구,38,34
201705,부산광역시,동구,39,38
201705,부산광역시,동구,40,37
201705,부산광역시,동구,41,42
201705,부산광역시,동구,42,60
201705,부산광역시,동구,43,81
201705,부산광역시,동구,44,60
201705,부산광역시,동구,45,89
201705,부산광역시,동구,46,108
201705,부산광역시,동구,47,105
201705,부산광역시,동구,48,113
201705,부산광역시,동구,49,112
201705,부산광역시,동구,50,102
201705,부산광역시,동구,51,115
201705,부산광역시,동구,52,97
201705,부산광역시,동구,53,116
201705,부산광역시,동구,54,117
201705,부산광역시,동구,55,118
201705,부산광역시,동구,56,138
201705,부산광역시,동구,57,146
201705,부산광역시,동구,58,133
201705,부산광역시,동구,59,152
201705,부산광역시,동구,60,168
201705,부산광역시,동구,61,116
201705,부산광역시,동구,62,136
201705,부산광역시,동구,63,120
201705,부산광역시,동구,64,135
201705,부산광역시,동구,65,124
201705,부산광역시,동구,66,121
201705,부산광역시,동구,67,146
201705,부산광역시,동구,68,126
201705,부산광역시,동구,69,136
201705,부산광역시,동구,70,140
201705,부산광역시,동구,71,84
201705,부산광역시,동구,72,137
201705,부산광역시,동구,73,109
201705,부산광역시,동구,74,142
201705,부산광역시,동구,75,124
201705,부산광역시,동구,76,130
201705,부산광역시,동구,77,126
201705,부산광역시,동구,78,130
201705,부산광역시,동구,79,99
201705,부산광역시,동구,80,116
201705,부산광역시,동구,81,105
201705,부산광역시,동구,82,63
201705,부산광역시,동구,83,57
201705,부산광역시,동구,84,57
201705,부산광역시,동구,85,62
201705,부산광역시,동구,86,38
201705,부산광역시,동구,87,29
201705,부산광역시,동구,88,34
201705,부산광역시,동구,89,23
201705,부산광역시,동구,90,18
201705,부산광역시,동구,91,17
201705,부산광역시,동구,92,6
201705,부산광역시,동구,93,6
201705,부산광역시,동구,94,6
201705,부산광역시,동구,95,7
201705,부산광역시,동구,96,1
201705,부산광역시,동구,99,2
201705,부산광역시,동구,100,1
201705,부산광역시,동구,102,1
201705,부산광역시,동구,103,1
201705,부산광역시,동구,104,1
201705,부산광역시,영도구,0,10
201705,부산광역시,영도구,1,16
201705,부산광역시,영도구,2,18
201705,부산광역시,영도구,3,17
201705,부산광역시,영도구,4,33
201705,부산광역시,영도구,5,20
201705,부산광역시,영도구,6,44
201705,부산광역시,영도구,7,58
201705,부산광역시,영도구,8,74
201705,부산광역시,영도구,9,89
201705,부산광역시,영도구,10,101
201705,부산광역시,영도구,11,111
201705,부산광역시,영도구,12,107
201705,부산광역시,영도구,13,117
201705,부산광역시,영도구,14,126
201705,부산광역시,영도구,15,166
201705,부산광역시,영도구,16,215
201705,부산광역시,영도구,17,240
201705,부산광역시,영도구,18,160
201705,부산광역시,영도구,19,116
201705,부산광역시,영도구,20,98
201705,부산광역시,영도구,21,82
201705,부산광역시,영도구,22,96
201705,부산광역시,영도구,23,72
201705,부산광역시,영도구,24,55
201705,부산광역시,영도구,25,51
201705,부산광역시,영도구,26,18
201705,부산광역시,영도구,27,16
201705,부산광역시,영도구,28,13
201705,부산광역시,영도구,29,14
201705,부산광역시,영도구,30,17
201705,부산광역시,영도구,31,11
201705,부산광역시,영도구,32,27
201705,부산광역시,영도구,33,19
201705,부산광역시,영도구,34,28
201705,부산광역시,영도구,35,29
201705,부산광역시,영도구,36,51
201705,부산광역시,영도구,37,46
201705,부산광역시,영도구,38,42
201705,부산광역시,영도구,39,51
201705,부산광역시,영도구,40,54
201705,부산광역시,영도구,41,67
201705,부산광역시,영도구,42,63
201705,부산광역시,영도구,43,102
201705,부산광역시,영도구,44,86
201705,부산광역시,영도구,45,131
201705,부산광역시,영도구,46,123
201705,부산광역시,영도구,47,121
201705,부산광역시,영도구,48,156
201705,부산광역시,영도구,49,135
201705,부산광역시,영도구,50,183
201705,부산광역시,영도구,51,159
201705,부산광역시,영도구,52,123
201705,부산광역시,영도구,53,161
201705,부산광역시,영도구,54,178
201705,부산광역시,영도구,55,161
201705,부산광역시,영도구,56,206
201705,부산광역시,영도구,57,200
201705,부산광역시,영도구,58,185
201705,부산광역시,영도구,59,185
201705,부산광역시,영도구,60,174
201705,부산광역시,영도구,61,197
201705,부산광역시,영도구,62,224
201705,부산광역시,영도구,63,159
201705,부산광역시,영도구,64,131
201705,부산광역시,영도구,65,165
201705,부산광역시,영도구,66,133
201705,부산광역시,영도구,67,156
201705,부산광역시,영도구,68,164
201705,부산광역시,영도구,69,179
201705,부산광역시,영도구,70,155
201705,부산광역시,영도구,71,107
201705,부산광역시,영도구,72,155
201705,부산광역시,영도구,73,161
201705,부산광역시,영도구,74,205
201705,부산광역시,영도구,75,178
201705,부산광역시,영도구,76,173
201705,부산광역시,영도구,77,175
201705,부산광역시,영도구,78,134
201705,부산광역시,영도구,79,127
201705,부산광역시,영도구,80,127
201705,부산광역시,영도구,81,132
201705,부산광역시,영도구,82,109
201705,부산광역시,영도구,83,90
201705,부산광역시,영도구,84,73
201705,부산광역시,영도구,85,61
201705,부산광역시,영도구,86,47
201705,부산광역시,영도구,87,45
201705,부산광역시,영도구,88,38
201705,부산광역시,영도구,89,21
201705,부산광역시,영도구,90,25
201705,부산광역시,영도구,91,18
201705,부산광역시,영도구,92,14
201705,부산광역시,영도구,93,12
201705,부산광역시,영도구,94,7
201705,부산광역시,영도구,95,6
201705,부산광역시,영도구,96,3
201705,부산광역시,영도구,97,3
201705,부산광역시,영도구,98,1
201705,부산광역시,영도구,100,2
201705,부산광역시,부산진구,0,15
201705,부산광역시,부산진구,1,30
201705,부산광역시,부산진구,2,36
201705,부산광역시,부산진구,3,28
201705,부산광역시,부산진구,4,48
201705,부산광역시,부산진구,5,43
201705,부산광역시,부산진구,6,68
201705,부산광역시,부산진구,7,85
201705,부산광역시,부산진구,8,126
201705,부산광역시,부산진구,9,158
201705,부산광역시,부산진구,10,149
201705,부산광역시,부산진구,11,168
201705,부산광역시,부산진구,12,167
201705,부산광역시,부산진구,13,245
201705,부산광역시,부산진구,14,213
201705,부산광역시,부산진구,15,263
201705,부산광역시,부산진구,16,384
201705,부산광역시,부산진구,17,367
201705,부산광역시,부산진구,18,286
201705,부산광역시,부산진구,19,224
201705,부산광역시,부산진구,20,161
201705,부산광역시,부산진구,21,164
201705,부산광역시,부산진구,22,156
201705,부산광역시,부산진구,23,129
201705,부산광역시,부산진구,24,96
201705,부산광역시,부산진구,25,67
201705,부산광역시,부산진구,26,58
201705,부산광역시,부산진구,27,49
201705,부산광역시,부산진구,28,34
201705,부산광역시,부산진구,29,27
201705,부산광역시,부산진구,30,30
201705,부산광역시,부산진구,31,31
201705,부산광역시,부산진구,32,45
201705,부산광역시,부산진구,33,46
201705,부산광역시,부산진구,34,49
201705,부산광역시,부산진구,35,52
201705,부산광역시,부산진구,36,75
201705,부산광역시,부산진구,37,84
201705,부산광역시,부산진구,38,61
201705,부산광역시,부산진구,39,78
201705,부산광역시,부산진구,40,69
201705,부산광역시,부산진구,41,93
201705,부산광역시,부산진구,42,141
201705,부산광역시,부산진구,43,152
201705,부산광역시,부산진구,44,172
201705,부산광역시,부산진구,45,186
201705,부산광역시,부산진구,46,195
201705,부산광역시,부산진구,47,211
201705,부산광역시,부산진구,48,238
201705,부산광역시,부산진구,49,220
201705,부산광역시,부산진구,50,239
201705,부산광역시,부산진구,51,236
201705,부산광역시,부산진구,52,223
201705,부산광역시,부산진구,53,219
201705,부산광역시,부산진구,54,268
201705,부산광역시,부산진구,55,246
201705,부산광역시,부산진구,56,306
201705,부산광역시,부산진구,57,275
201705,부산광역시,부산진구,58,266
201705,부산광역시,부산진구,59,280
201705,부산광역시,부산진구,60,271
201705,부산광역시,부산진구,61,256
201705,부산광역시,부산진구,62,266
201705,부산광역시,부산진구,63,222
201705,부산광역시,부산진구,64,227
201705,부산광역시,부산진구,65,230
201705,부산광역시,부산진구,66,201
201705,부산광역시,부산진구,67,232
201705,부산광역시,부산진구,68,252
201705,부산광역시,부산진구,69,258
201705,부산광역시,부산진구,70,236
201705,부산광역시,부산진구,71,173
201705,부산광역시,부산진구,72,198
201705,부산광역시,부산진구,73,199
201705,부산광역시,부산진구,74,263
201705,부산광역시,부산진구,75,248
201705,부산광역시,부산진구,76,208
201705,부산광역시,부산진구,77,239
201705,부산광역시,부산진구,78,213
201705,부산광역시,부산진구,79,163
201705,부산광역시,부산진구,80,170
201705,부산광역시,부산진구,81,162
201705,부산광역시,부산진구,82,146
201705,부산광역시,부산진구,83,124
201705,부산광역시,부산진구,84,106
201705,부산광역시,부산진구,85,90
201705,부산광역시,부산진구,86,69
201705,부산광역시,부산진구,87,64
201705,부산광역시,부산진구,88,57
201705,부산광역시,부산진구,89,41
201705,부산광역시,부산진구,90,40
201705,부산광역시,부산진구,91,15
201705,부산광역시,부산진구,92,17
201705,부산광역시,부산진구,93,15
201705,부산광역시,부산진구,94,9
201705,부산광역시,부산진구,95,19
201705,부산광역시,부산진구,96,5
201705,부산광역시,부산진구,97,5
201705,부산광역시,부산진구,98,3
201705,부산광역시,부산진구,100,1
201705,부산광역시,부산진구,101,1
201705,부산광역시,부산진구,102,1
201705,부산광역시,부산진구,105,1
201705,부산광역시,부산진구,106,1
201705,부산광역시,동래구,0,12
201705,부산광역시,동래구,1,16
201705,부산광역시,동래구,2,12
201705,부산광역시,동래구,3,12
201705,부산광역시,동래구,4,23
201705,부산광역시,동래구,5,21
201705,부산광역시,동래구,6,49
201705,부산광역시,동래구,7,49
201705,부산광역시,동래구,8,69
201705,부산광역시,동래구,9,84
201705,부산광역시,동래구,10,99
201705,부산광역시,동래구,11,99
201705,부산광역시,동래구,12,109
201705,부산광역시,동래구,13,129
201705,부산광역시,동래구,14,160
201705,부산광역시,동래구,15,179
201705,부산광역시,동래구,16,258
201705,부산광역시,동래구,17,267
201705,부산광역시,동래구,18,204
201705,부산광역시,동래구,19,128
201705,부산광역시,동래구,20,91
201705,부산광역시,동래구,21,81
201705,부산광역시,동래구,22,80
201705,부산광역시,동래구,23,54
201705,부산광역시,동래구,24,51
201705,부산광역시,동래구,25,32
201705,부산광역시,동래구,26,16
201705,부산광역시,동래구,27,15
201705,부산광역시,동래구,28,23
201705,부산광역시,동래구,29,13
201705,부산광역시,동래구,30,14
201705,부산광역시,동래구,31,16
201705,부산광역시,동래구,32,9
201705,부산광역시,동래구,33,17
201705,부산광역시,동래구,34,24
201705,부산광역시,동래구,35,21
201705,부산광역시,동래구,36,35
201705,부산광역시,동래구,37,33
201705,부산광역시,동래구,38,37
201705,부산광역시,동래구,39,37
201705,부산광역시,동래구,40,35
201705,부산광역시,동래구,41,69
201705,부산광역시,동래구,42,70
201705,부산광역시,동래구,43,83
201705,부산광역시,동래구,44,82
201705,부산광역시,동래구,45,96
201705,부산광역시,동래구,46,115
201705,부산광역시,동래구,47,106
201705,부산광역시,동래구,48,122
201705,부산광역시,동래구,49,103
201705,부산광역시,동래구,50,80
201705,부산광역시,동래구,51,102
201705,부산광역시,동래구,52,113
201705,부산광역시,동래구,53,91
201705,부산광역시,동래구,54,137
201705,부산광역시,동래구,55,116
201705,부산광역시,동래구,56,144
201705,부산광역시,동래구,57,123
201705,부산광역시,동래구,58,121
201705,부산광역시,동래구,59,121
201705,부산광역시,동래구,60,120
201705,부산광역시,동래구,61,110
201705,부산광역시,동래구,62,114
201705,부산광역시,동래구,63,112
201705,부산광역시,동래구,64,105
201705,부산광역시,동래구,65,118
201705,부산광역시,동래구,66,93
201705,부산광역시,동래구,67,109
201705,부산광역시,동래구,68,87
201705,부산광역시,동래구,69,111
201705,부산광역시,동래구,70,90
201705,부산광역시,동래구,71,85
201705,부산광역시,동래구,72,89
201705,부산광역시,동래구,73,105
201705,부산광역시,동래구,74,112
201705,부산광역시,동래구,75,88
201705,부산광역시,동래구,76,94
201705,부산광역시,동래구,77,95
201705,부산광역시,동래구,78,99
201705,부산광역시,동래구,79,63
201705,부산광역시,동래구,80,65
201705,부산광역시,동래구,81,71
201705,부산광역시,동래구,82,77
201705,부산광역시,동래구,83,48
201705,부산광역시,동래구,84,56
201705,부산광역시,동래구,85,42
201705,부산광역시,동래구,86,37
201705,부산광역시,동래구,87,25
201705,부산광역시,동래구,88,29
201705,부산광역시,동래구,89,21
201705,부산광역시,동래구,90,7
201705,부산광역시,동래구,91,19
201705,부산광역시,동래구,92,4
201705,부산광역시,동래구,93,5
201705,부산광역시,동래구,94,14
201705,부산광역시,동래구,95,3
201705,부산광역시,동래구,96,3
201705,부산광역시,동래구,97,4
201705,부산광역시,동래구,98,2
201705,부산광역시,동래구,99,2
201705,부산광역시,동래구,101,1
201705,부산광역시,남구,0,6
201705,부산광역시,남구,1,22
201705,부산광역시,남구,2,11
201705,부산광역시,남구,3,28
201705,부산광역시,남구,4,26
201705,부산광역시,남구,5,28
201705,부산광역시,남구,6,57
201705,부산광역시,남구,7,71
201705,부산광역시,남구,8,88
201705,부산광역시,남구,9,110
201705,부산광역시,남구,10,120
201705,부산광역시,남구,11,118
201705,부산광역시,남구,12,148
201705,부산광역시,남구,13,151
201705,부산광역시,남구,14,193
201705,부산광역시,남구,15,216
201705,부산광역시,남구,16,264
201705,부산광역시,남구,17,309
201705,부산광역시,남구,18,195
201705,부산광역시,남구,19,143
201705,부산광역시,남구,20,116
201705,부산광역시,남구,21,83
201705,부산광역시,남구,22,97
201705,부산광역시,남구,23,68
201705,부산광역시,남구,24,61
201705,부산광역시,남구,25,44
201705,부산광역시,남구,26,29
201705,부산광역시,남구,27,24
201705,부산광역시,남구,28,14
201705,부산광역시,남구,29,19
201705,부산광역시,남구,30,11
201705,부산광역시,남구,31,19
201705,부산광역시,남구,32,15
201705,부산광역시,남구,33,23
201705,부산광역시,남구,34,29
201705,부산광역시,남구,35,33
201705,부산광역시,남구,36,25
201705,부산광역시,남구,37,35
201705,부산광역시,남구,38,57
201705,부산광역시,남구,39,46
201705,부산광역시,남구,40,41
201705,부산광역시,남구,41,58
201705,부산광역시,남구,42,71
201705,부산광역시,남구,43,88
201705,부산광역시,남구,44,125
201705,부산광역시,남구,45,141
201705,부산광역시,남구,46,110
201705,부산광역시,남구,47,126
201705,부산광역시,남구,48,136
201705,부산광역시,남구,49,133
201705,부산광역시,남구,50,123
201705,부산광역시,남구,51,116
201705,부산광역시,남구,52,121
201705,부산광역시,남구,53,120
201705,부산광역시,남구,54,140
201705,부산광역시,남구,55,125
201705,부산광역시,남구,56,150
201705,부산광역시,남구,57,129
201705,부산광역시,남구,58,147
201705,부산광역시,남구,59,157
201705,부산광역시,남구,60,115
201705,부산광역시,남구,61,127
201705,부산광역시,남구,62,150
201705,부산광역시,남구,63,94
201705,부산광역시,남구,64,119
201705,부산광역시,남구,65,105
201705,부산광역시,남구,66,112
201705,부산광역시,남구,67,117
201705,부산광역시,남구,68,118
201705,부산광역시,남구,69,125
201705,부산광역시,남구,70,138
201705,부산광역시,남구,71,101
201705,부산광역시,남구,72,133
201705,부산광역시,남구,73,143
201705,부산광역시,남구,74,155
201705,부산광역시,남구,75,151
201705,부산광역시,남구,76,121
201705,부산광역시,남구,77,149
201705,부산광역시,남구,78,116
201705,부산광역시,남구,79,124
201705,부산광역시,남구,80,94
201705,부산광역시,남구,81,114
201705,부산광역시,남구,82,108
201705,부산광역시,남구,83,74
201705,부산광역시,남구,84,67
201705,부산광역시,남구,85,61
201705,부산광역시,남구,86,49
201705,부산광역시,남구,87,37
201705,부산광역시,남구,88,33
201705,부산광역시,남구,89,32
201705,부산광역시,남구,90,21
201705,부산광역시,남구,91,18
201705,부산광역시,남구,92,7
201705,부산광역시,남구,93,8
201705,부산광역시,남구,94,2
201705,부산광역시,남구,95,9
201705,부산광역시,남구,96,4
201705,부산광역시,남구,97,2
201705,부산광역시,남구,98,3
201705,부산광역시,남구,99,1
201705,부산광역시,남구,100,2
201705,부산광역시,남구,102,1
201705,부산광역시,북구,0,21
201705,부산광역시,북구,1,24
201705,부산광역시,북구,2,42
201705,부산광역시,북구,3,34
201705,부산광역시,북구,4,46
201705,부산광역시,북구,5,59
201705,부산광역시,북구,6,74
201705,부산광역시,북구,7,82
201705,부산광역시,북구,8,115
201705,부산광역시,북구,9,145
201705,부산광역시,북구,10,118
201705,부산광역시,북구,11,165
201705,부산광역시,북구,12,143
201705,부산광역시,북구,13,190
201705,부산광역시,북구,14,213
201705,부산광역시,북구,15,264
201705,부산광역시,북구,16,378
201705,부산광역시,북구,17,365
201705,부산광역시,북구,18,322
201705,부산광역시,북구,19,250
201705,부산광역시,북구,20,204
201705,부산광역시,북구,21,189
201705,부산광역시,북구,22,163
201705,부산광역시,북구,23,172
201705,부산광역시,북구,24,109
201705,부산광역시,북구,25,84
201705,부산광역시,북구,26,70
201705,부산광역시,북구,27,52
201705,부산광역시,북구,28,39
201705,부산광역시,북구,29,32
201705,부산광역시,북구,30,31
201705,부산광역시,북구,31,32
201705,부산광역시,북구,32,43
201705,부산광역시,북구,33,45
201705,부산광역시,북구,34,53
201705,부산광역시,북구,35,73
201705,부산광역시,북구,36,60
201705,부산광역시,북구,37,64
201705,부산광역시,북구,38,83
201705,부산광역시,북구,39,72
201705,부산광역시,북구,40,97
201705,부산광역시,북구,41,117
201705,부산광역시,북구,42,125
201705,부산광역시,북구,43,152
201705,부산광역시,북구,44,218
201705,부산광역시,북구,45,192
201705,부산광역시,북구,46,224
201705,부산광역시,북구,47,232
201705,부산광역시,북구,48,292
201705,부산광역시,북구,49,266
201705,부산광역시,북구,50,248
201705,부산광역시,북구,51,276
201705,부산광역시,북구,52,256
201705,부산광역시,북구,53,271
201705,부산광역시,북구,54,302
201705,부산광역시,북구,55,305
201705,부산광역시,북구,56,369
201705,부산광역시,북구,57,347
201705,부산광역시,북구,58,318
201705,부산광역시,북구,59,278
201705,부산광역시,북구,60,315
201705,부산광역시,북구,61,289
201705,부산광역시,북구,62,309
201705,부산광역시,북구,63,228
201705,부산광역시,북구,64,244
201705,부산광역시,북구,65,221
201705,부산광역시,북구,66,224
201705,부산광역시,북구,67,250
201705,부산광역시,북구,68,226
201705,부산광역시,북구,69,250
201705,부산광역시,북구,70,249
201705,부산광역시,북구,71,167
201705,부산광역시,북구,72,197
201705,부산광역시,북구,73,232
201705,부산광역시,북구,74,274
201705,부산광역시,북구,75,249
201705,부산광역시,북구,76,223
201705,부산광역시,북구,77,229
201705,부산광역시,북구,78,206
201705,부산광역시,북구,79,188
201705,부산광역시,북구,80,182
201705,부산광역시,북구,81,176
201705,부산광역시,북구,82,189
201705,부산광역시,북구,83,140
201705,부산광역시,북구,84,117
201705,부산광역시,북구,85,119
201705,부산광역시,북구,86,82
201705,부산광역시,북구,87,53
201705,부산광역시,북구,88,53
201705,부산광역시,북구,89,45
201705,부산광역시,북구,90,32
201705,부산광역시,북구,91,19
201705,부산광역시,북구,92,14
201705,부산광역시,북구,93,14
201705,부산광역시,북구,94,14
201705,부산광역시,북구,95,5
201705,부산광역시,북구,96,4
201705,부산광역시,북구,97,4
201705,부산광역시,북구,98,2
201705,부산광역시,북구,99,4
201705,부산광역시,북구,100,1
201705,부산광역시,북구,101,1
201705,부산광역시,북구,102,1
201705,부산광역시,북구,107,1
201705,부산광역시,해운대구,0,15
201705,부산광역시,해운대구,1,25
201705,부산광역시,해운대구,2,41
201705,부산광역시,해운대구,3,33
201705,부산광역시,해운대구,4,46
201705,부산광역시,해운대구,5,51
201705,부산광역시,해운대구,6,83
201705,부산광역시,해운대구,7,120
201705,부산광역시,해운대구,8,150
201705,부산광역시,해운대구,9,179
201705,부산광역시,해운대구,10,169
201705,부산광역시,해운대구,11,176
201705,부산광역시,해운대구,12,190
201705,부산광역시,해운대구,13,241
201705,부산광역시,해운대구,14,310
201705,부산광역시,해운대구,15,335
201705,부산광역시,해운대구,16,404
201705,부산광역시,해운대구,17,444
201705,부산광역시,해운대구,18,328
201705,부산광역시,해운대구,19,192
201705,부산광역시,해운대구,20,180
201705,부산광역시,해운대구,21,171
201705,부산광역시,해운대구,22,155
201705,부산광역시,해운대구,23,123
201705,부산광역시,해운대구,24,103
201705,부산광역시,해운대구,25,78
201705,부산광역시,해운대구,26,56
201705,부산광역시,해운대구,27,35
201705,부산광역시,해운대구,28,31
201705,부산광역시,해운대구,29,22
201705,부산광역시,해운대구,30,30
201705,부산광역시,해운대구,31,32
201705,부산광역시,해운대구,32,30
201705,부산광역시,해운대구,33,48
201705,부산광역시,해운대구,34,61
201705,부산광역시,해운대구,35,71
201705,부산광역시,해운대구,36,70
201705,부산광역시,해운대구,37,66
201705,부산광역시,해운대구,38,82
201705,부산광역시,해운대구,39,87
201705,부산광역시,해운대구,40,95
201705,부산광역시,해운대구,41,100
201705,부산광역시,해운대구,42,126
201705,부산광역시,해운대구,43,153
201705,부산광역시,해운대구,44,173
201705,부산광역시,해운대구,45,188
201705,부산광역시,해운대구,46,211
201705,부산광역시,해운대구,47,213
201705,부산광역시,해운대구,48,231
201705,부산광역시,해운대구,49,220
201705,부산광역시,해운대구,50,217
201705,부산광역시,해운대구,51,224
201705,부산광역시,해운대구,52,216
201705,부산광역시,해운대구,53,187
201705,부산광역시,해운대구,54,243
201705,부산광역시,해운대구,55,236
201705,부산광역시,해운대구,56,256
201705,부산광역시,해운대구,57,262
201705,부산광역시,해운대구,58,258
201705,부산광역시,해운대구,59,237
201705,부산광역시,해운대구,60,224
201705,부산광역시,해운대구,61,253
201705,부산광역시,해운대구,62,264
201705,부산광역시,해운대구,63,178
201705,부산광역시,해운대구,64,237
201705,부산광역시,해운대구,65,217
201705,부산광역시,해운대구,66,205
201705,부산광역시,해운대구,67,222
201705,부산광역시,해운대구,68,227
201705,부산광역시,해운대구,69,202
201705,부산광역시,해운대구,70,202
201705,부산광역시,해운대구,71,145
201705,부산광역시,해운대구,72,186
201705,부산광역시,해운대구,73,192
201705,부산광역시,해운대구,74,294
201705,부산광역시,해운대구,75,235
201705,부산광역시,해운대구,76,252
201705,부산광역시,해운대구,77,204
201705,부산광역시,해운대구,78,202
201705,부산광역시,해운대구,79,204
201705,부산광역시,해운대구,80,187
201705,부산광역시,해운대구,81,179
201705,부산광역시,해운대구,82,148
201705,부산광역시,해운대구,83,123
201705,부산광역시,해운대구,84,88
201705,부산광역시,해운대구,85,105
201705,부산광역시,해운대구,86,83
201705,부산광역시,해운대구,87,57
201705,부산광역시,해운대구,88,61
201705,부산광역시,해운대구,89,51
201705,부산광역시,해운대구,90,41
201705,부산광역시,해운대구,91,25
201705,부산광역시,해운대구,92,13
201705,부산광역시,해운대구,93,12
201705,부산광역시,해운대구,94,16
201705,부산광역시,해운대구,95,13
201705,부산광역시,해운대구,96,3
201705,부산광역시,해운대구,97,3
201705,부산광역시,해운대구,98,4
201705,부산광역시,해운대구,107,1
201705,부산광역시,사하구,0,9
201705,부산광역시,사하구,1,23
201705,부산광역시,사하구,2,28
201705,부산광역시,사하구,3,45
201705,부산광역시,사하구,4,51
201705,부산광역시,사하구,5,48
201705,부산광역시,사하구,6,73
201705,부산광역시,사하구,7,95
201705,부산광역시,사하구,8,127
201705,부산광역시,사하구,9,182
201705,부산광역시,사하구,10,177
201705,부산광역시,사하구,11,170
201705,부산광역시,사하구,12,187
201705,부산광역시,사하구,13,203
201705,부산광역시,사하구,14,273
201705,부산광역시,사하구,15,291
201705,부산광역시,사하구,16,367
201705,부산광역시,사하구,17,402
201705,부산광역시,사하구,18,278
201705,부산광역시,사하구,19,242
201705,부산광역시,사하구,20,167
201705,부산광역시,사하구,21,146
201705,부산광역시,사하구,22,131
201705,부산광역시,사하구,23,117
201705,부산광역시,사하구,24,89
201705,부산광역시,사하구,25,70
201705,부산광역시,사하구,26,56
201705,부산광역시,사하구,27,28
201705,부산광역시,사하구,28,21
201705,부산광역시,사하구,29,24
201705,부산광역시,사하구,30,25
201705,부산광역시,사하구,31,26
201705,부산광역시,사하구,32,32
201705,부산광역시,사하구,33,49
201705,부산광역시,사하구,34,45
201705,부산광역시,사하구,35,66
201705,부산광역시,사하구,36,63
201705,부산광역시,사하구,37,78
201705,부산광역시,사하구,38,78
201705,부산광역시,사하구,39,89
201705,부산광역시,사하구,40,73
201705,부산광역시,사하구,41,115
201705,부산광역시,사하구,42,129
201705,부산광역시,사하구,43,146
201705,부산광역시,사하구,44,174
201705,부산광역시,사하구,45,180
201705,부산광역시,사하구,46,207
201705,부산광역시,사하구,47,206
201705,부산광역시,사하구,48,227
201705,부산광역시,사하구,49,222
201705,부산광역시,사하구,50,215
201705,부산광역시,사하구,51,219
201705,부산광역시,사하구,52,219
201705,부산광역시,사하구,53,228
201705,부산광역시,사하구,54,262
201705,부산광역시,사하구,55,265
201705,부산광역시,사하구,56,294
201705,부산광역시,사하구,57,274
201705,부산광역시,사하구,58,292
201705,부산광역시,사하구,59,302
201705,부산광역시,사하구,60,282
201705,부산광역시,사하구,61,234
201705,부산광역시,사하구,62,261
201705,부산광역시,사하구,63,229
201705,부산광역시,사하구,64,201
201705,부산광역시,사하구,65,215
201705,부산광역시,사하구,66,175
201705,부산광역시,사하구,67,209
201705,부산광역시,사하구,68,208
201705,부산광역시,사하구,69,208
201705,부산광역시,사하구,70,243
201705,부산광역시,사하구,71,126
201705,부산광역시,사하구,72,191
201705,부산광역시,사하구,73,194
201705,부산광역시,사하구,74,243
201705,부산광역시,사하구,75,254
201705,부산광역시,사하구,76,232
201705,부산광역시,사하구,77,226
201705,부산광역시,사하구,78,190
201705,부산광역시,사하구,79,197
201705,부산광역시,사하구,80,172
201705,부산광역시,사하구,81,142
201705,부산광역시,사하구,82,147
201705,부산광역시,사하구,83,121
201705,부산광역시,사하구,84,111
201705,부산광역시,사하구,85,68
201705,부산광역시,사하구,86,78
201705,부산광역시,사하구,87,66
201705,부산광역시,사하구,88,53
201705,부산광역시,사하구,89,53
201705,부산광역시,사하구,90,32
201705,부산광역시,사하구,91,34
201705,부산광역시,사하구,92,19
201705,부산광역시,사하구,93,15
201705,부산광역시,사하구,94,13
201705,부산광역시,사하구,95,7
201705,부산광역시,사하구,96,6
201705,부산광역시,사하구,97,5
201705,부산광역시,사하구,98,4
201705,부산광역시,사하구,99,1
201705,부산광역시,사하구,100,2
201705,부산광역시,사하구,104,1
201705,부산광역시,금정구,0,10
201705,부산광역시,금정구,1,15
201705,부산광역시,금정구,2,13
201705,부산광역시,금정구,3,16
201705,부산광역시,금정구,4,17
201705,부산광역시,금정구,5,35
201705,부산광역시,금정구,6,35
201705,부산광역시,금정구,7,57
201705,부산광역시,금정구,8,78
201705,부산광역시,금정구,9,96
201705,부산광역시,금정구,10,102
201705,부산광역시,금정구,11,109
201705,부산광역시,금정구,12,90
201705,부산광역시,금정구,13,153
201705,부산광역시,금정구,14,148
201705,부산광역시,금정구,15,210
201705,부산광역시,금정구,16,291
201705,부산광역시,금정구,17,306
201705,부산광역시,금정구,18,180
201705,부산광역시,금정구,19,134
201705,부산광역시,금정구,20,120
201705,부산광역시,금정구,21,97
201705,부산광역시,금정구,22,98
201705,부산광역시,금정구,23,93
201705,부산광역시,금정구,24,56
201705,부산광역시,금정구,25,47
201705,부산광역시,금정구,26,30
201705,부산광역시,금정구,27,26
201705,부산광역시,금정구,28,22
201705,부산광역시,금정구,29,14
201705,부산광역시,금정구,30,19
201705,부산광역시,금정구,31,16
201705,부산광역시,금정구,32,21
201705,부산광역시,금정구,33,21
201705,부산광역시,금정구,34,21
201705,부산광역시,금정구,35,26
201705,부산광역시,금정구,36,40
201705,부산광역시,금정구,37,46
201705,부산광역시,금정구,38,41
201705,부산광역시,금정구,39,43
201705,부산광역시,금정구,40,57
201705,부산광역시,금정구,41,52
201705,부산광역시,금정구,42,59
201705,부산광역시,금정구,43,71
201705,부산광역시,금정구,44,123
201705,부산광역시,금정구,45,110
201705,부산광역시,금정구,46,134
201705,부산광역시,금정구,47,113
201705,부산광역시,금정구,48,144
201705,부산광역시,금정구,49,133
201705,부산광역시,금정구,50,139
201705,부산광역시,금정구,51,141
201705,부산광역시,금정구,52,158
201705,부산광역시,금정구,53,150
201705,부산광역시,금정구,54,151
201705,부산광역시,금정구,55,159
201705,부산광역시,금정구,56,148
201705,부산광역시,금정구,57,162
201705,부산광역시,금정구,58,165
201705,부산광역시,금정구,59,129
201705,부산광역시,금정구,60,139
201705,부산광역시,금정구,61,147
201705,부산광역시,금정구,62,161
201705,부산광역시,금정구,63,146
201705,부산광역시,금정구,64,118
201705,부산광역시,금정구,65,130
201705,부산광역시,금정구,66,121
201705,부산광역시,금정구,67,133
201705,부산광역시,금정구,68,133
201705,부산광역시,금정구,69,119
201705,부산광역시,금정구,70,144
201705,부산광역시,금정구,71,100
201705,부산광역시,금정구,72,130
201705,부산광역시,금정구,73,120
201705,부산광역시,금정구,74,130
201705,부산광역시,금정구,75,154
201705,부산광역시,금정구,76,143
201705,부산광역시,금정구,77,142
201705,부산광역시,금정구,78,102
201705,부산광역시,금정구,79,106
201705,부산광역시,금정구,80,101
201705,부산광역시,금정구,81,88
201705,부산광역시,금정구,82,91
201705,부산광역시,금정구,83,81
201705,부산광역시,금정구,84,48
201705,부산광역시,금정구,85,56
201705,부산광역시,금정구,86,48
201705,부산광역시,금정구,87,34
201705,부산광역시,금정구,88,36
201705,부산광역시,금정구,89,25
201705,부산광역시,금정구,90,18
201705,부산광역시,금정구,91,11
201705,부산광역시,금정구,92,14
201705,부산광역시,금정구,93,5
201705,부산광역시,금정구,94,11
201705,부산광역시,금정구,95,6
201705,부산광역시,금정구,96,2
201705,부산광역시,금정구,97,2
201705,부산광역시,금정구,98,3
201705,부산광역시,금정구,100,1
201705,부산광역시,금정구,102,3
201705,부산광역시,강서구,0,2
201705,부산광역시,강서구,1,6
201705,부산광역시,강서구,2,8
201705,부산광역시,강서구,3,8
201705,부산광역시,강서구,4,11
201705,부산광역시,강서구,5,7
201705,부산광역시,강서구,6,12
201705,부산광역시,강서구,7,32
201705,부산광역시,강서구,8,21
201705,부산광역시,강서구,9,26
201705,부산광역시,강서구,10,35
201705,부산광역시,강서구,11,32
201705,부산광역시,강서구,12,38
201705,부산광역시,강서구,13,37
201705,부산광역시,강서구,14,36
201705,부산광역시,강서구,15,38
201705,부산광역시,강서구,16,43
201705,부산광역시,강서구,17,59
201705,부산광역시,강서구,18,46
201705,부산광역시,강서구,19,22
201705,부산광역시,강서구,20,17
201705,부산광역시,강서구,21,21
201705,부산광역시,강서구,22,9
201705,부산광역시,강서구,23,10
201705,부산광역시,강서구,24,14
201705,부산광역시,강서구,25,12
201705,부산광역시,강서구,26,1
201705,부산광역시,강서구,27,4
201705,부산광역시,강서구,28,7
201705,부산광역시,강서구,29,4
201705,부산광역시,강서구,30,6
201705,부산광역시,강서구,31,6
201705,부산광역시,강서구,32,3
201705,부산광역시,강서구,33,7
201705,부산광역시,강서구,34,7
201705,부산광역시,강서구,35,13
201705,부산광역시,강서구,36,8
201705,부산광역시,강서구,37,13
201705,부산광역시,강서구,38,16
201705,부산광역시,강서구,39,7
201705,부산광역시,강서구,40,12
201705,부산광역시,강서구,41,8
201705,부산광역시,강서구,42,20
201705,부산광역시,강서구,43,16
201705,부산광역시,강서구,44,23
201705,부산광역시,강서구,45,20
201705,부산광역시,강서구,46,19
201705,부산광역시,강서구,47,20
201705,부산광역시,강서구,48,27
201705,부산광역시,강서구,49,17
201705,부산광역시,강서구,50,28
201705,부산광역시,강서구,51,28
201705,부산광역시,강서구,52,31
201705,부산광역시,강서구,53,31
201705,부산광역시,강서구,54,41
201705,부산광역시,강서구,55,37
201705,부산광역시,강서구,56,36
201705,부산광역시,강서구,57,34
201705,부산광역시,강서구,58,31
201705,부산광역시,강서구,59,35
201705,부산광역시,강서구,60,29
201705,부산광역시,강서구,61,30
201705,부산광역시,강서구,62,39
201705,부산광역시,강서구,63,37
201705,부산광역시,강서구,64,31
201705,부산광역시,강서구,65,36
201705,부산광역시,강서구,66,25
201705,부산광역시,강서구,67,32
201705,부산광역시,강서구,68,40
201705,부산광역시,강서구,69,30
201705,부산광역시,강서구,70,49
201705,부산광역시,강서구,71,27
201705,부산광역시,강서구,72,35
201705,부산광역시,강서구,73,36
201705,부산광역시,강서구,74,35
201705,부산광역시,강서구,75,49
201705,부산광역시,강서구,76,32
201705,부산광역시,강서구,77,42
201705,부산광역시,강서구,78,31
201705,부산광역시,강서구,79,20
201705,부산광역시,강서구,80,20
201705,부산광역시,강서구,81,15
201705,부산광역시,강서구,82,25
201705,부산광역시,강서구,83,21
201705,부산광역시,강서구,84,15
201705,부산광역시,강서구,85,19
201705,부산광역시,강서구,86,7
201705,부산광역시,강서구,87,13
201705,부산광역시,강서구,88,5
201705,부산광역시,강서구,89,5
201705,부산광역시,강서구,90,4
201705,부산광역시,강서구,91,7
201705,부산광역시,강서구,92,3
201705,부산광역시,강서구,93,4
201705,부산광역시,강서구,94,5
201705,부산광역시,강서구,95,1
201705,부산광역시,강서구,98,1
201705,부산광역시,강서구,102,1
201705,부산광역시,연제구,0,5
201705,부산광역시,연제구,1,19
201705,부산광역시,연제구,2,20
201705,부산광역시,연제구,3,20
201705,부산광역시,연제구,4,22
201705,부산광역시,연제구,5,28
201705,부산광역시,연제구,6,36
201705,부산광역시,연제구,7,63
201705,부산광역시,연제구,8,79
201705,부산광역시,연제구,9,89
201705,부산광역시,연제구,10,97
201705,부산광역시,연제구,11,103
201705,부산광역시,연제구,12,115
201705,부산광역시,연제구,13,110
201705,부산광역시,연제구,14,138
201705,부산광역시,연제구,15,158
201705,부산광역시,연제구,16,197
201705,부산광역시,연제구,17,259
201705,부산광역시,연제구,18,153
201705,부산광역시,연제구,19,125
201705,부산광역시,연제구,20,93
201705,부산광역시,연제구,21,88
201705,부산광역시,연제구,22,89
201705,부산광역시,연제구,23,84
201705,부산광역시,연제구,24,62
201705,부산광역시,연제구,25,46
201705,부산광역시,연제구,26,32
201705,부산광역시,연제구,27,16
201705,부산광역시,연제구,28,10
201705,부산광역시,연제구,29,11
201705,부산광역시,연제구,30,17
201705,부산광역시,연제구,31,16
201705,부산광역시,연제구,32,20
201705,부산광역시,연제구,33,17
201705,부산광역시,연제구,34,28
201705,부산광역시,연제구,35,23
201705,부산광역시,연제구,36,28
201705,부산광역시,연제구,37,33
201705,부산광역시,연제구,38,44
201705,부산광역시,연제구,39,36
201705,부산광역시,연제구,40,38
201705,부산광역시,연제구,41,31
201705,부산광역시,연제구,42,64
201705,부산광역시,연제구,43,67
201705,부산광역시,연제구,44,76
201705,부산광역시,연제구,45,91
201705,부산광역시,연제구,46,100
201705,부산광역시,연제구,47,109
201705,부산광역시,연제구,48,114
201705,부산광역시,연제구,49,130
201705,부산광역시,연제구,50,107
201705,부산광역시,연제구,51,128
201705,부산광역시,연제구,52,116
201705,부산광역시,연제구,53,118
201705,부산광역시,연제구,54,136
201705,부산광역시,연제구,55,143
201705,부산광역시,연제구,56,150
201705,부산광역시,연제구,57,126
201705,부산광역시,연제구,58,110
201705,부산광역시,연제구,59,110
201705,부산광역시,연제구,60,120
201705,부산광역시,연제구,61,117
201705,부산광역시,연제구,62,151
201705,부산광역시,연제구,63,109
201705,부산광역시,연제구,64,102
201705,부산광역시,연제구,65,91
201705,부산광역시,연제구,66,94
201705,부산광역시,연제구,67,113
201705,부산광역시,연제구,68,100
201705,부산광역시,연제구,69,122
201705,부산광역시,연제구,70,98
201705,부산광역시,연제구,71,78
201705,부산광역시,연제구,72,85
201705,부산광역시,연제구,73,79
201705,부산광역시,연제구,74,92
201705,부산광역시,연제구,75,118
201705,부산광역시,연제구,76,108
201705,부산광역시,연제구,77,90
201705,부산광역시,연제구,78,77
201705,부산광역시,연제구,79,70
201705,부산광역시,연제구,80,79
201705,부산광역시,연제구,81,69
201705,부산광역시,연제구,82,49
201705,부산광역시,연제구,83,60
201705,부산광역시,연제구,84,40
201705,부산광역시,연제구,85,30
201705,부산광역시,연제구,86,30
201705,부산광역시,연제구,87,24
201705,부산광역시,연제구,88,35
201705,부산광역시,연제구,89,21
201705,부산광역시,연제구,90,15
201705,부산광역시,연제구,91,10
201705,부산광역시,연제구,92,5
201705,부산광역시,연제구,93,4
201705,부산광역시,연제구,94,6
201705,부산광역시,연제구,95,7
201705,부산광역시,연제구,96,1
201705,부산광역시,연제구,97,2
201705,부산광역시,연제구,98,1
201705,부산광역시,수영구,0,7
201705,부산광역시,수영구,1,9
201705,부산광역시,수영구,2,9
201705,부산광역시,수영구,3,11
201705,부산광역시,수영구,4,19
201705,부산광역시,수영구,5,13
201705,부산광역시,수영구,6,31
201705,부산광역시,수영구,7,48
201705,부산광역시,수영구,8,57
201705,부산광역시,수영구,9,71
201705,부산광역시,수영구,10,60
201705,부산광역시,수영구,11,61
201705,부산광역시,수영구,12,80
201705,부산광역시,수영구,13,117
201705,부산광역시,수영구,14,109
201705,부산광역시,수영구,15,144
201705,부산광역시,수영구,16,172
201705,부산광역시,수영구,17,185
201705,부산광역시,수영구,18,141
201705,부산광역시,수영구,19,103
201705,부산광역시,수영구,20,96
201705,부산광역시,수영구,21,80
201705,부산광역시,수영구,22,63
201705,부산광역시,수영구,23,52
201705,부산광역시,수영구,24,50
201705,부산광역시,수영구,25,32
201705,부산광역시,수영구,26,19
201705,부산광역시,수영구,27,4
201705,부산광역시,수영구,28,10
201705,부산광역시,수영구,29,8
201705,부산광역시,수영구,30,10
201705,부산광역시,수영구,31,11
201705,부산광역시,수영구,32,11
201705,부산광역시,수영구,33,21
201705,부산광역시,수영구,34,21
201705,부산광역시,수영구,35,19
201705,부산광역시,수영구,36,24
201705,부산광역시,수영구,37,28
201705,부산광역시,수영구,38,24
201705,부산광역시,수영구,39,32
201705,부산광역시,수영구,40,27
201705,부산광역시,수영구,41,29
201705,부산광역시,수영구,42,48
201705,부산광역시,수영구,43,65
201705,부산광역시,수영구,44,52
201705,부산광역시,수영구,45,75
201705,부산광역시,수영구,46,71
201705,부산광역시,수영구,47,90
201705,부산광역시,수영구,48,102
201705,부산광역시,수영구,49,91
201705,부산광역시,수영구,50,101
201705,부산광역시,수영구,51,78
201705,부산광역시,수영구,52,98
201705,부산광역시,수영구,53,83
201705,부산광역시,수영구,54,102
201705,부산광역시,수영구,55,97
201705,부산광역시,수영구,56,112
201705,부산광역시,수영구,57,101
201705,부산광역시,수영구,58,90
201705,부산광역시,수영구,59,90
201705,부산광역시,수영구,60,101
201705,부산광역시,수영구,61,81
201705,부산광역시,수영구,62,88
201705,부산광역시,수영구,63,80
201705,부산광역시,수영구,64,69
201705,부산광역시,수영구,65,98
201705,부산광역시,수영구,66,87
201705,부산광역시,수영구,67,93
201705,부산광역시,수영구,68,96
201705,부산광역시,수영구,69,99
201705,부산광역시,수영구,70,80
201705,부산광역시,수영구,71,55
201705,부산광역시,수영구,72,75
201705,부산광역시,수영구,73,95
201705,부산광역시,수영구,74,111
201705,부산광역시,수영구,75,84
201705,부산광역시,수영구,76,83
201705,부산광역시,수영구,77,82
201705,부산광역시,수영구,78,78
201705,부산광역시,수영구,79,97
201705,부산광역시,수영구,80,59
201705,부산광역시,수영구,81,52
201705,부산광역시,수영구,82,56
201705,부산광역시,수영구,83,49
201705,부산광역시,수영구,84,45
201705,부산광역시,수영구,85,40
201705,부산광역시,수영구,86,26
201705,부산광역시,수영구,87,18
201705,부산광역시,수영구,88,25
201705,부산광역시,수영구,89,21
201705,부산광역시,수영구,90,8
201705,부산광역시,수영구,91,17
201705,부산광역시,수영구,92,9
201705,부산광역시,수영구,93,6
201705,부산광역시,수영구,94,3
201705,부산광역시,수영구,95,2
201705,부산광역시,수영구,96,1
201705,부산광역시,수영구,97,1
201705,부산광역시,수영구,98,1
201705,부산광역시,사상구,0,22
201705,부산광역시,사상구,1,30
201705,부산광역시,사상구,2,22
201705,부산광역시,사상구,3,39
201705,부산광역시,사상구,4,37
201705,부산광역시,사상구,5,48
201705,부산광역시,사상구,6,57
201705,부산광역시,사상구,7,69
201705,부산광역시,사상구,8,97
201705,부산광역시,사상구,9,88
201705,부산광역시,사상구,10,125
201705,부산광역시,사상구,11,122
201705,부산광역시,사상구,12,153
201705,부산광역시,사상구,13,168
201705,부산광역시,사상구,14,180
201705,부산광역시,사상구,15,199
201705,부산광역시,사상구,16,252
201705,부산광역시,사상구,17,275
201705,부산광역시,사상구,18,195
201705,부산광역시,사상구,19,151
201705,부산광역시,사상구,20,123
201705,부산광역시,사상구,21,107
201705,부산광역시,사상구,22,109
201705,부산광역시,사상구,23,83
201705,부산광역시,사상구,24,63
201705,부산광역시,사상구,25,55
201705,부산광역시,사상구,26,45
201705,부산광역시,사상구,27,33
201705,부산광역시,사상구,28,38
201705,부산광역시,사상구,29,27
201705,부산광역시,사상구,30,17
201705,부산광역시,사상구,31,40
201705,부산광역시,사상구,32,33
201705,부산광역시,사상구,33,31
201705,부산광역시,사상구,34,44
201705,부산광역시,사상구,35,49
201705,부산광역시,사상구,36,68
201705,부산광역시,사상구,37,61
201705,부산광역시,사상구,38,70
201705,부산광역시,사상구,39,73
201705,부산광역시,사상구,40,76
201705,부산광역시,사상구,41,96
201705,부산광역시,사상구,42,120
201705,부산광역시,사상구,43,124
201705,부산광역시,사상구,44,147
201705,부산광역시,사상구,45,145
201705,부산광역시,사상구,46,172
201705,부산광역시,사상구,47,176
201705,부산광역시,사상구,48,229
201705,부산광역시,사상구,49,186
201705,부산광역시,사상구,50,203
201705,부산광역시,사상구,51,218
201705,부산광역시,사상구,52,177
201705,부산광역시,사상구,53,211
201705,부산광역시,사상구,54,240
201705,부산광역시,사상구,55,219
201705,부산광역시,사상구,56,269
201705,부산광역시,사상구,57,255
201705,부산광역시,사상구,58,258
201705,부산광역시,사상구,59,207
201705,부산광역시,사상구,60,225
201705,부산광역시,사상구,61,216
201705,부산광역시,사상구,62,222
201705,부산광역시,사상구,63,177
201705,부산광역시,사상구,64,174
201705,부산광역시,사상구,65,181
201705,부산광역시,사상구,66,168
201705,부산광역시,사상구,67,164
201705,부산광역시,사상구,68,184
201705,부산광역시,사상구,69,180
201705,부산광역시,사상구,70,189
201705,부산광역시,사상구,71,132
201705,부산광역시,사상구,72,145
201705,부산광역시,사상구,73,127
201705,부산광역시,사상구,74,187
201705,부산광역시,사상구,75,189
201705,부산광역시,사상구,76,139
201705,부산광역시,사상구,77,167
201705,부산광역시,사상구,78,141
201705,부산광역시,사상구,79,120
201705,부산광역시,사상구,80,119
201705,부산광역시,사상구,81,118
201705,부산광역시,사상구,82,93
201705,부산광역시,사상구,83,78
201705,부산광역시,사상구,84,68
201705,부산광역시,사상구,85,57
201705,부산광역시,사상구,86,45
201705,부산광역시,사상구,87,32
201705,부산광역시,사상구,88,40
201705,부산광역시,사상구,89,21
201705,부산광역시,사상구,90,19
201705,부산광역시,사상구,91,13
201705,부산광역시,사상구,92,16
201705,부산광역시,사상구,93,5
201705,부산광역시,사상구,94,9
201705,부산광역시,사상구,95,5
201705,부산광역시,사상구,96,6
201705,부산광역시,사상구,98,1
201705,부산광역시,사상구,101,1
201705,부산광역시,기장군,0,9
201705,부산광역시,기장군,1,17
201705,부산광역시,기장군,2,20
201705,부산광역시,기장군,3,19
201705,부산광역시,기장군,4,39
201705,부산광역시,기장군,5,31
201705,부산광역시,기장군,6,59
201705,부산광역시,기장군,7,60
201705,부산광역시,기장군,8,80
201705,부산광역시,기장군,9,86
201705,부산광역시,기장군,10,99
201705,부산광역시,기장군,11,79
201705,부산광역시,기장군,12,69
201705,부산광역시,기장군,13,108
201705,부산광역시,기장군,14,112
201705,부산광역시,기장군,15,134
201705,부산광역시,기장군,16,138
201705,부산광역시,기장군,17,147
201705,부산광역시,기장군,18,127
201705,부산광역시,기장군,19,79
201705,부산광역시,기장군,20,61
201705,부산광역시,기장군,21,59
201705,부산광역시,기장군,22,48
201705,부산광역시,기장군,23,40
201705,부산광역시,기장군,24,30
201705,부산광역시,기장군,25,22
201705,부산광역시,기장군,26,17
201705,부산광역시,기장군,27,11
201705,부산광역시,기장군,28,15
201705,부산광역시,기장군,29,9
201705,부산광역시,기장군,30,11
201705,부산광역시,기장군,31,16
201705,부산광역시,기장군,32,16
201705,부산광역시,기장군,33,16
201705,부산광역시,기장군,34,24
201705,부산광역시,기장군,35,26
201705,부산광역시,기장군,36,33
201705,부산광역시,기장군,37,45
201705,부산광역시,기장군,38,36
201705,부산광역시,기장군,39,45
201705,부산광역시,기장군,40,42
201705,부산광역시,기장군,41,55
201705,부산광역시,기장군,42,55
201705,부산광역시,기장군,43,61
201705,부산광역시,기장군,44,64
201705,부산광역시,기장군,45,74
201705,부산광역시,기장군,46,73
201705,부산광역시,기장군,47,77
201705,부산광역시,기장군,48,82
201705,부산광역시,기장군,49,88
201705,부산광역시,기장군,50,67
201705,부산광역시,기장군,51,66
201705,부산광역시,기장군,52,69
201705,부산광역시,기장군,53,80
201705,부산광역시,기장군,54,75
201705,부산광역시,기장군,55,64
201705,부산광역시,기장군,56,83
201705,부산광역시,기장군,57,68
201705,부산광역시,기장군,58,68
201705,부산광역시,기장군,59,85
201705,부산광역시,기장군,60,77
201705,부산광역시,기장군,61,81
201705,부산광역시,기장군,62,79
201705,부산광역시,기장군,63,59
201705,부산광역시,기장군,64,70
201705,부산광역시,기장군,65,78
201705,부산광역시,기장군,66,75
201705,부산광역시,기장군,67,73
201705,부산광역시,기장군,68,63
201705,부산광역시,기장군,69,97
201705,부산광역시,기장군,70,76
201705,부산광역시,기장군,71,55
201705,부산광역시,기장군,72,116
201705,부산광역시,기장군,73,81
201705,부산광역시,기장군,74,105
201705,부산광역시,기장군,75,86
201705,부산광역시,기장군,76,82
201705,부산광역시,기장군,77,79
201705,부산광역시,기장군,78,62
201705,부산광역시,기장군,79,65
201705,부산광역시,기장군,80,49
201705,부산광역시,기장군,81,57
201705,부산광역시,기장군,82,45
201705,부산광역시,기장군,83,34
201705,부산광역시,기장군,84,45
201705,부산광역시,기장군,85,31
201705,부산광역시,기장군,86,21
201705,부산광역시,기장군,87,36
201705,부산광역시,기장군,88,18
201705,부산광역시,기장군,89,22
201705,부산광역시,기장군,90,18
201705,부산광역시,기장군,91,7
201705,부산광역시,기장군,92,8
201705,부산광역시,기장군,93,6
201705,부산광역시,기장군,94,4
201705,부산광역시,기장군,95,3
201705,부산광역시,기장군,96,1
201705,부산광역시,기장군,97,5
201705,부산광역시,기장군,98,1
201705,부산광역시,기장군,99,3
201705,대구광역시,중구,0,3
201705,대구광역시,중구,1,4
201705,대구광역시,중구,2,4
201705,대구광역시,중구,3,12
201705,대구광역시,중구,4,7
201705,대구광역시,중구,5,12
201705,대구광역시,중구,6,13
201705,대구광역시,중구,7,26
201705,대구광역시,중구,8,28
201705,대구광역시,중구,9,37
201705,대구광역시,중구,10,31
201705,대구광역시,중구,11,40
201705,대구광역시,중구,12,25
201705,대구광역시,중구,13,44
201705,대구광역시,중구,14,50
201705,대구광역시,중구,15,73
201705,대구광역시,중구,16,68
201705,대구광역시,중구,17,88
201705,대구광역시,중구,18,70
201705,대구광역시,중구,19,61
201705,대구광역시,중구,20,52
201705,대구광역시,중구,21,48
201705,대구광역시,중구,22,34
201705,대구광역시,중구,23,36
201705,대구광역시,중구,24,30
201705,대구광역시,중구,25,21
201705,대구광역시,중구,26,13
201705,대구광역시,중구,27,8
201705,대구광역시,중구,28,10
201705,대구광역시,중구,29,3
201705,대구광역시,중구,30,7
201705,대구광역시,중구,31,9
201705,대구광역시,중구,32,8
201705,대구광역시,중구,33,6
201705,대구광역시,중구,34,13
201705,대구광역시,중구,35,19
201705,대구광역시,중구,36,17
201705,대구광역시,중구,37,18
201705,대구광역시,중구,38,10
201705,대구광역시,중구,39,20
201705,대구광역시,중구,40,25
201705,대구광역시,중구,41,25
201705,대구광역시,중구,42,34
201705,대구광역시,중구,43,34
201705,대구광역시,중구,44,27
201705,대구광역시,중구,45,52
201705,대구광역시,중구,46,50
201705,대구광역시,중구,47,49
201705,대구광역시,중구,48,59
201705,대구광역시,중구,49,61
201705,대구광역시,중구,50,55
201705,대구광역시,중구,51,50
201705,대구광역시,중구,52,45
201705,대구광역시,중구,53,63
201705,대구광역시,중구,54,48
201705,대구광역시,중구,55,79
201705,대구광역시,중구,56,55
201705,대구광역시,중구,57,74
201705,대구광역시,중구,58,70
201705,대구광역시,중구,59,50
201705,대구광역시,중구,60,88
201705,대구광역시,중구,61,77
201705,대구광역시,중구,62,79
201705,대구광역시,중구,63,52
201705,대구광역시,중구,64,63
201705,대구광역시,중구,65,71
201705,대구광역시,중구,66,56
201705,대구광역시,중구,67,54
201705,대구광역시,중구,68,82
201705,대구광역시,중구,69,79
201705,대구광역시,중구,70,75
201705,대구광역시,중구,71,58
201705,대구광역시,중구,72,61
201705,대구광역시,중구,73,67
201705,대구광역시,중구,74,92
201705,대구광역시,중구,75,74
201705,대구광역시,중구,76,60
201705,대구광역시,중구,77,68
201705,대구광역시,중구,78,57
201705,대구광역시,중구,79,56
201705,대구광역시,중구,80,52
201705,대구광역시,중구,81,48
201705,대구광역시,중구,82,41
201705,대구광역시,중구,83,37
201705,대구광역시,중구,84,34
201705,대구광역시,중구,85,37
201705,대구광역시,중구,86,29
201705,대구광역시,중구,87,21
201705,대구광역시,중구,88,17
201705,대구광역시,중구,89,13
201705,대구광역시,중구,90,15
201705,대구광역시,중구,91,2
201705,대구광역시,중구,92,5
201705,대구광역시,중구,93,6
201705,대구광역시,중구,94,4
201705,대구광역시,중구,95,5
201705,대구광역시,중구,96,5
201705,대구광역시,중구,98,1
201705,대구광역시,동구,0,21
201705,대구광역시,동구,1,25
201705,대구광역시,동구,2,42
201705,대구광역시,동구,3,41
201705,대구광역시,동구,4,44
201705,대구광역시,동구,5,66
201705,대구광역시,동구,6,71
201705,대구광역시,동구,7,116
201705,대구광역시,동구,8,144
201705,대구광역시,동구,9,190
201705,대구광역시,동구,10,191
201705,대구광역시,동구,11,194
201705,대구광역시,동구,12,243
201705,대구광역시,동구,13,244
201705,대구광역시,동구,14,258
201705,대구광역시,동구,15,333
201705,대구광역시,동구,16,392
201705,대구광역시,동구,17,416
201705,대구광역시,동구,18,310
201705,대구광역시,동구,19,229
201705,대구광역시,동구,20,178
201705,대구광역시,동구,21,185
201705,대구광역시,동구,22,143
201705,대구광역시,동구,23,141
201705,대구광역시,동구,24,94
201705,대구광역시,동구,25,86
201705,대구광역시,동구,26,43
201705,대구광역시,동구,27,36
201705,대구광역시,동구,28,40
201705,대구광역시,동구,29,30
201705,대구광역시,동구,30,21
201705,대구광역시,동구,31,34
201705,대구광역시,동구,32,36
201705,대구광역시,동구,33,43
201705,대구광역시,동구,34,61
201705,대구광역시,동구,35,61
201705,대구광역시,동구,36,69
201705,대구광역시,동구,37,75
201705,대구광역시,동구,38,81
201705,대구광역시,동구,39,68
201705,대구광역시,동구,40,86
201705,대구광역시,동구,41,115
201705,대구광역시,동구,42,136
201705,대구광역시,동구,43,153
201705,대구광역시,동구,44,154
201705,대구광역시,동구,45,194
201705,대구광역시,동구,46,185
201705,대구광역시,동구,47,222
201705,대구광역시,동구,48,255
201705,대구광역시,동구,49,236
201705,대구광역시,동구,50,243
201705,대구광역시,동구,51,265
201705,대구광역시,동구,52,248
201705,대구광역시,동구,53,240
201705,대구광역시,동구,54,274
201705,대구광역시,동구,55,261
201705,대구광역시,동구,56,288
201705,대구광역시,동구,57,282
201705,대구광역시,동구,58,274
201705,대구광역시,동구,59,234
201705,대구광역시,동구,60,224
201705,대구광역시,동구,61,243
201705,대구광역시,동구,62,242
201705,대구광역시,동구,63,174
201705,대구광역시,동구,64,234
201705,대구광역시,동구,65,231
201705,대구광역시,동구,66,182
201705,대구광역시,동구,67,212
201705,대구광역시,동구,68,228
201705,대구광역시,동구,69,208
201705,대구광역시,동구,70,210
201705,대구광역시,동구,71,137
201705,대구광역시,동구,72,157
201705,대구광역시,동구,73,214
201705,대구광역시,동구,74,234
201705,대구광역시,동구,75,214
201705,대구광역시,동구,76,209
201705,대구광역시,동구,77,201
201705,대구광역시,동구,78,165
201705,대구광역시,동구,79,200
201705,대구광역시,동구,80,166
201705,대구광역시,동구,81,158
201705,대구광역시,동구,82,154
201705,대구광역시,동구,83,101
201705,대구광역시,동구,84,108
201705,대구광역시,동구,85,90
201705,대구광역시,동구,86,54
201705,대구광역시,동구,87,58
201705,대구광역시,동구,88,40
201705,대구광역시,동구,89,34
201705,대구광역시,동구,90,26
201705,대구광역시,동구,91,14
201705,대구광역시,동구,92,16
201705,대구광역시,동구,93,9
201705,대구광역시,동구,94,8
201705,대구광역시,동구,95,9
201705,대구광역시,동구,96,5
201705,대구광역시,동구,97,6
201705,대구광역시,동구,98,5
201705,대구광역시,서구,0,15
201705,대구광역시,서구,1,26
201705,대구광역시,서구,2,28
201705,대구광역시,서구,3,29
201705,대구광역시,서구,4,47
201705,대구광역시,서구,5,52
201705,대구광역시,서구,6,78
201705,대구광역시,서구,7,112
201705,대구광역시,서구,8,126
201705,대구광역시,서구,9,146
201705,대구광역시,서구,10,150
201705,대구광역시,서구,11,163
201705,대구광역시,서구,12,165
201705,대구광역시,서구,13,222
201705,대구광역시,서구,14,255
201705,대구광역시,서구,15,278
201705,대구광역시,서구,16,318
201705,대구광역시,서구,17,385
201705,대구광역시,서구,18,276
201705,대구광역시,서구,19,183
201705,대구광역시,서구,20,133
201705,대구광역시,서구,21,97
201705,대구광역시,서구,22,104
201705,대구광역시,서구,23,86
201705,대구광역시,서구,24,81
201705,대구광역시,서구,25,40
201705,대구광역시,서구,26,23
201705,대구광역시,서구,27,33
201705,대구광역시,서구,28,21
201705,대구광역시,서구,29,17
201705,대구광역시,서구,30,25
201705,대구광역시,서구,31,24
201705,대구광역시,서구,32,29
201705,대구광역시,서구,33,30
201705,대구광역시,서구,34,39
201705,대구광역시,서구,35,45
201705,대구광역시,서구,36,49
201705,대구광역시,서구,37,50
201705,대구광역시,서구,38,65
201705,대구광역시,서구,39,71
201705,대구광역시,서구,40,69
201705,대구광역시,서구,41,77
201705,대구광역시,서구,42,89
201705,대구광역시,서구,43,127
201705,대구광역시,서구,44,119
201705,대구광역시,서구,45,131
201705,대구광역시,서구,46,174
201705,대구광역시,서구,47,181
201705,대구광역시,서구,48,198
201705,대구광역시,서구,49,196
201705,대구광역시,서구,50,181
201705,대구광역시,서구,51,186
201705,대구광역시,서구,52,208
201705,대구광역시,서구,53,184
201705,대구광역시,서구,54,203
201705,대구광역시,서구,55,204
201705,대구광역시,서구,56,218
201705,대구광역시,서구,57,213
201705,대구광역시,서구,58,159
201705,대구광역시,서구,59,162
201705,대구광역시,서구,60,143
201705,대구광역시,서구,61,161
201705,대구광역시,서구,62,152
201705,대구광역시,서구,63,126
201705,대구광역시,서구,64,145
201705,대구광역시,서구,65,129
201705,대구광역시,서구,66,114
201705,대구광역시,서구,67,136
201705,대구광역시,서구,68,140
201705,대구광역시,서구,69,138
201705,대구광역시,서구,70,122
201705,대구광역시,서구,71,85
201705,대구광역시,서구,72,104
201705,대구광역시,서구,73,137
201705,대구광역시,서구,74,167
201705,대구광역시,서구,75,167
201705,대구광역시,서구,76,141
201705,대구광역시,서구,77,125
201705,대구광역시,서구,78,138
201705,대구광역시,서구,79,126
201705,대구광역시,서구,80,125
201705,대구광역시,서구,81,102
201705,대구광역시,서구,82,71
201705,대구광역시,서구,83,75
201705,대구광역시,서구,84,62
201705,대구광역시,서구,85,60
201705,대구광역시,서구,86,35
201705,대구광역시,서구,87,39
201705,대구광역시,서구,88,29
201705,대구광역시,서구,89,28
201705,대구광역시,서구,90,15
201705,대구광역시,서구,91,12
201705,대구광역시,서구,92,9
201705,대구광역시,서구,93,7
201705,대구광역시,서구,94,4
201705,대구광역시,서구,95,4
201705,대구광역시,서구,96,2
201705,대구광역시,서구,97,2
201705,대구광역시,서구,99,2
201705,대구광역시,서구,100,2
201705,대구광역시,서구,103,1
201705,대구광역시,남구,0,22
201705,대구광역시,남구,1,32
201705,대구광역시,남구,2,25
201705,대구광역시,남구,3,39
201705,대구광역시,남구,4,42
201705,대구광역시,남구,5,61
201705,대구광역시,남구,6,64
201705,대구광역시,남구,7,85
201705,대구광역시,남구,8,135
201705,대구광역시,남구,9,142
201705,대구광역시,남구,10,151
201705,대구광역시,남구,11,148
201705,대구광역시,남구,12,163
201705,대구광역시,남구,13,205
201705,대구광역시,남구,14,183
201705,대구광역시,남구,15,205
201705,대구광역시,남구,16,286
201705,대구광역시,남구,17,280
201705,대구광역시,남구,18,226
201705,대구광역시,남구,19,174
201705,대구광역시,남구,20,141
201705,대구광역시,남구,21,134
201705,대구광역시,남구,22,109
201705,대구광역시,남구,23,82
201705,대구광역시,남구,24,76
201705,대구광역시,남구,25,74
201705,대구광역시,남구,26,39
201705,대구광역시,남구,27,27
201705,대구광역시,남구,28,29
201705,대구광역시,남구,29,25
201705,대구광역시,남구,30,18
201705,대구광역시,남구,31,33
201705,대구광역시,남구,32,41
201705,대구광역시,남구,33,36
201705,대구광역시,남구,34,50
201705,대구광역시,남구,35,52
201705,대구광역시,남구,36,55
201705,대구광역시,남구,37,66
201705,대구광역시,남구,38,53
201705,대구광역시,남구,39,63
201705,대구광역시,남구,40,79
201705,대구광역시,남구,41,73
201705,대구광역시,남구,42,98
201705,대구광역시,남구,43,110
201705,대구광역시,남구,44,114
201705,대구광역시,남구,45,143
201705,대구광역시,남구,46,146
201705,대구광역시,남구,47,170
201705,대구광역시,남구,48,178
201705,대구광역시,남구,49,181
201705,대구광역시,남구,50,160
201705,대구광역시,남구,51,181
201705,대구광역시,남구,52,156
201705,대구광역시,남구,53,141
201705,대구광역시,남구,54,184
201705,대구광역시,남구,55,155
201705,대구광역시,남구,56,203
201705,대구광역시,남구,57,197
201705,대구광역시,남구,58,170
201705,대구광역시,남구,59,172
201705,대구광역시,남구,60,169
201705,대구광역시,남구,61,168
201705,대구광역시,남구,62,153
201705,대구광역시,남구,63,138
201705,대구광역시,남구,64,130
201705,대구광역시,남구,65,160
201705,대구광역시,남구,66,134
201705,대구광역시,남구,67,165
201705,대구광역시,남구,68,162
201705,대구광역시,남구,69,160
201705,대구광역시,남구,70,162
201705,대구광역시,남구,71,104
201705,대구광역시,남구,72,126
201705,대구광역시,남구,73,136
201705,대구광역시,남구,74,185
201705,대구광역시,남구,75,170
201705,대구광역시,남구,76,139
201705,대구광역시,남구,77,118
201705,대구광역시,남구,78,128
201705,대구광역시,남구,79,126
201705,대구광역시,남구,80,111
201705,대구광역시,남구,81,112
201705,대구광역시,남구,82,108
201705,대구광역시,남구,83,79
201705,대구광역시,남구,84,84
201705,대구광역시,남구,85,58
201705,대구광역시,남구,86,53
201705,대구광역시,남구,87,29
201705,대구광역시,남구,88,40
201705,대구광역시,남구,89,26
201705,대구광역시,남구,90,22
201705,대구광역시,남구,91,12
201705,대구광역시,남구,92,7
201705,대구광역시,남구,93,4
201705,대구광역시,남구,94,11
201705,대구광역시,남구,95,5
201705,대구광역시,남구,96,3
201705,대구광역시,남구,99,1
201705,대구광역시,남구,100,1
201705,대구광역시,남구,101,1
201705,대구광역시,북구,0,14
201705,대구광역시,북구,1,40
201705,대구광역시,북구,2,37
201705,대구광역시,북구,3,35
201705,대구광역시,북구,4,61
201705,대구광역시,북구,5,59
201705,대구광역시,북구,6,100
201705,대구광역시,북구,7,148
201705,대구광역시,북구,8,181
201705,대구광역시,북구,9,250
201705,대구광역시,북구,10,245
201705,대구광역시,북구,11,270
201705,대구광역시,북구,12,249
201705,대구광역시,북구,13,331
201705,대구광역시,북구,14,307
201705,대구광역시,북구,15,391
201705,대구광역시,북구,16,470
201705,대구광역시,북구,17,489
201705,대구광역시,북구,18,382
201705,대구광역시,북구,19,259
201705,대구광역시,북구,20,203
201705,대구광역시,북구,21,159
201705,대구광역시,북구,22,148
201705,대구광역시,북구,23,135
201705,대구광역시,북구,24,85
201705,대구광역시,북구,25,73
201705,대구광역시,북구,26,53
201705,대구광역시,북구,27,21
201705,대구광역시,북구,28,23
201705,대구광역시,북구,29,18
201705,대구광역시,북구,30,35
201705,대구광역시,북구,31,26
201705,대구광역시,북구,32,20
201705,대구광역시,북구,33,33
201705,대구광역시,북구,34,50
201705,대구광역시,북구,35,64
201705,대구광역시,북구,36,63
201705,대구광역시,북구,37,74
201705,대구광역시,북구,38,83
201705,대구광역시,북구,39,87
201705,대구광역시,북구,40,81
201705,대구광역시,북구,41,144
201705,대구광역시,북구,42,146
201705,대구광역시,북구,43,149
201705,대구광역시,북구,44,182
201705,대구광역시,북구,45,224
201705,대구광역시,북구,46,221
201705,대구광역시,북구,47,229
201705,대구광역시,북구,48,275
201705,대구광역시,북구,49,228
201705,대구광역시,북구,50,249
201705,대구광역시,북구,51,225
201705,대구광역시,북구,52,242
201705,대구광역시,북구,53,229
201705,대구광역시,북구,54,251
201705,대구광역시,북구,55,256
201705,대구광역시,북구,56,263
201705,대구광역시,북구,57,248
201705,대구광역시,북구,58,213
201705,대구광역시,북구,59,193
201705,대구광역시,북구,60,200
201705,대구광역시,북구,61,152
201705,대구광역시,북구,62,177
201705,대구광역시,북구,63,163
201705,대구광역시,북구,64,170
201705,대구광역시,북구,65,147
201705,대구광역시,북구,66,174
201705,대구광역시,북구,67,156
201705,대구광역시,북구,68,194
201705,대구광역시,북구,69,186
201705,대구광역시,북구,70,163
201705,대구광역시,북구,71,113
201705,대구광역시,북구,72,158
201705,대구광역시,북구,73,168
201705,대구광역시,북구,74,213
201705,대구광역시,북구,75,212
201705,대구광역시,북구,76,185
201705,대구광역시,북구,77,198
201705,대구광역시,북구,78,169
201705,대구광역시,북구,79,149
201705,대구광역시,북구,80,137
201705,대구광역시,북구,81,139
201705,대구광역시,북구,82,136
201705,대구광역시,북구,83,100
201705,대구광역시,북구,84,82
201705,대구광역시,북구,85,64
201705,대구광역시,북구,86,62
201705,대구광역시,북구,87,58
201705,대구광역시,북구,88,32
201705,대구광역시,북구,89,33
201705,대구광역시,북구,90,32
201705,대구광역시,북구,91,18
201705,대구광역시,북구,92,17
201705,대구광역시,북구,93,7
201705,대구광역시,북구,94,12
201705,대구광역시,북구,95,10
201705,대구광역시,북구,96,4
201705,대구광역시,북구,97,1
201705,대구광역시,북구,98,3
201705,대구광역시,북구,99,1
201705,대구광역시,북구,101,1
201705,대구광역시,북구,102,1
201705,대구광역시,수성구,0,12
201705,대구광역시,수성구,1,24
201705,대구광역시,수성구,2,26
201705,대구광역시,수성구,3,41
201705,대구광역시,수성구,4,53
201705,대구광역시,수성구,5,60
201705,대구광역시,수성구,6,127
201705,대구광역시,수성구,7,135
201705,대구광역시,수성구,8,148
201705,대구광역시,수성구,9,210
201705,대구광역시,수성구,10,207
201705,대구광역시,수성구,11,225
201705,대구광역시,수성구,12,258
201705,대구광역시,수성구,13,329
201705,대구광역시,수성구,14,333
201705,대구광역시,수성구,15,364
201705,대구광역시,수성구,16,494
201705,대구광역시,수성구,17,534
201705,대구광역시,수성구,18,472
201705,대구광역시,수성구,19,350
201705,대구광역시,수성구,20,291
201705,대구광역시,수성구,21,241
201705,대구광역시,수성구,22,237
201705,대구광역시,수성구,23,237
201705,대구광역시,수성구,24,193
201705,대구광역시,수성구,25,130
201705,대구광역시,수성구,26,95
201705,대구광역시,수성구,27,61
201705,대구광역시,수성구,28,48
201705,대구광역시,수성구,29,33
201705,대구광역시,수성구,30,35
201705,대구광역시,수성구,31,37
201705,대구광역시,수성구,32,38
201705,대구광역시,수성구,33,55
201705,대구광역시,수성구,34,37
201705,대구광역시,수성구,35,48
201705,대구광역시,수성구,36,64
201705,대구광역시,수성구,37,72
201705,대구광역시,수성구,38,56
201705,대구광역시,수성구,39,85
201705,대구광역시,수성구,40,70
201705,대구광역시,수성구,41,127
201705,대구광역시,수성구,42,133
201705,대구광역시,수성구,43,165
201705,대구광역시,수성구,44,200
201705,대구광역시,수성구,45,241
201705,대구광역시,수성구,46,281
201705,대구광역시,수성구,47,262
201705,대구광역시,수성구,48,312
201705,대구광역시,수성구,49,288
201705,대구광역시,수성구,50,262
201705,대구광역시,수성구,51,298
201705,대구광역시,수성구,52,289
201705,대구광역시,수성구,53,273
201705,대구광역시,수성구,54,328
201705,대구광역시,수성구,55,281
201705,대구광역시,수성구,56,349
201705,대구광역시,수성구,57,305
201705,대구광역시,수성구,58,242
201705,대구광역시,수성구,59,252
201705,대구광역시,수성구,60,257
201705,대구광역시,수성구,61,221
201705,대구광역시,수성구,62,258
201705,대구광역시,수성구,63,200
201705,대구광역시,수성구,64,223
201705,대구광역시,수성구,65,198
201705,대구광역시,수성구,66,183
201705,대구광역시,수성구,67,190
201705,대구광역시,수성구,68,180
201705,대구광역시,수성구,69,197
201705,대구광역시,수성구,70,195
201705,대구광역시,수성구,71,121
201705,대구광역시,수성구,72,160
201705,대구광역시,수성구,73,197
201705,대구광역시,수성구,74,241
201705,대구광역시,수성구,75,221
201705,대구광역시,수성구,76,192
201705,대구광역시,수성구,77,175
201705,대구광역시,수성구,78,172
201705,대구광역시,수성구,79,173
201705,대구광역시,수성구,80,159
201705,대구광역시,수성구,81,135
201705,대구광역시,수성구,82,147
201705,대구광역시,수성구,83,117
201705,대구광역시,수성구,84,95
201705,대구광역시,수성구,85,96
201705,대구광역시,수성구,86,58
201705,대구광역시,수성구,87,53
201705,대구광역시,수성구,88,57
201705,대구광역시,수성구,89,48
201705,대구광역시,수성구,90,32
201705,대구광역시,수성구,91,26
201705,대구광역시,수성구,92,14
201705,대구광역시,수성구,93,7
201705,대구광역시,수성구,94,7
201705,대구광역시,수성구,95,5
201705,대구광역시,수성구,96,3
201705,대구광역시,수성구,97,2
201705,대구광역시,수성구,98,1
201705,대구광역시,수성구,100,1
201705,대구광역시,수성구,101,1
201705,대구광역시,수성구,102,1
201705,대구광역시,수성구,104,1
201705,대구광역시,수성구,108,1
201705,대구광역시,달서구,0,27
201705,대구광역시,달서구,1,46
201705,대구광역시,달서구,2,69
201705,대구광역시,달서구,3,56
201705,대구광역시,달서구,4,97
201705,대구광역시,달서구,5,95
201705,대구광역시,달서구,6,129
201705,대구광역시,달서구,7,187
201705,대구광역시,달서구,8,208
201705,대구광역시,달서구,9,264
201705,대구광역시,달서구,10,283
201705,대구광역시,달서구,11,281
201705,대구광역시,달서구,12,338
201705,대구광역시,달서구,13,368
201705,대구광역시,달서구,14,428
201705,대구광역시,달서구,15,511
201705,대구광역시,달서구,16,595
201705,대구광역시,달서구,17,723
201705,대구광역시,달서구,18,546
201705,대구광역시,달서구,19,436
201705,대구광역시,달서구,20,355
201705,대구광역시,달서구,21,326
201705,대구광역시,달서구,22,310
201705,대구광역시,달서구,23,273
201705,대구광역시,달서구,24,229
201705,대구광역시,달서구,25,151
201705,대구광역시,달서구,26,97
201705,대구광역시,달서구,27,78
201705,대구광역시,달서구,28,55
201705,대구광역시,달서구,29,52
201705,대구광역시,달서구,30,59
201705,대구광역시,달서구,31,49
201705,대구광역시,달서구,32,52
201705,대구광역시,달서구,33,71
201705,대구광역시,달서구,34,79
201705,대구광역시,달서구,35,110
201705,대구광역시,달서구,36,111
201705,대구광역시,달서구,37,120
201705,대구광역시,달서구,38,140
201705,대구광역시,달서구,39,176
201705,대구광역시,달서구,40,141
201705,대구광역시,달서구,41,196
201705,대구광역시,달서구,42,228
201705,대구광역시,달서구,43,305
201705,대구광역시,달서구,44,309
201705,대구광역시,달서구,45,370
201705,대구광역시,달서구,46,395
201705,대구광역시,달서구,47,406
201705,대구광역시,달서구,48,497
201705,대구광역시,달서구,49,452
201705,대구광역시,달서구,50,462
201705,대구광역시,달서구,51,414
201705,대구광역시,달서구,52,446
201705,대구광역시,달서구,53,368
201705,대구광역시,달서구,54,533
201705,대구광역시,달서구,55,471
201705,대구광역시,달서구,56,444
201705,대구광역시,달서구,57,465
201705,대구광역시,달서구,58,379
201705,대구광역시,달서구,59,386
201705,대구광역시,달서구,60,383
201705,대구광역시,달서구,61,319
201705,대구광역시,달서구,62,351
201705,대구광역시,달서구,63,246
201705,대구광역시,달서구,64,310
201705,대구광역시,달서구,65,301
201705,대구광역시,달서구,66,261
201705,대구광역시,달서구,67,276
201705,대구광역시,달서구,68,249
201705,대구광역시,달서구,69,250
201705,대구광역시,달서구,70,258
201705,대구광역시,달서구,71,171
201705,대구광역시,달서구,72,252
201705,대구광역시,달서구,73,262
201705,대구광역시,달서구,74,323
201705,대구광역시,달서구,75,302
201705,대구광역시,달서구,76,267
201705,대구광역시,달서구,77,242
201705,대구광역시,달서구,78,237
201705,대구광역시,달서구,79,235
201705,대구광역시,달서구,80,213
201705,대구광역시,달서구,81,216
201705,대구광역시,달서구,82,174
201705,대구광역시,달서구,83,151
201705,대구광역시,달서구,84,131
201705,대구광역시,달서구,85,106
201705,대구광역시,달서구,86,95
201705,대구광역시,달서구,87,70
201705,대구광역시,달서구,88,59
201705,대구광역시,달서구,89,53
201705,대구광역시,달서구,90,39
201705,대구광역시,달서구,91,36
201705,대구광역시,달서구,92,15
201705,대구광역시,달서구,93,15
201705,대구광역시,달서구,94,12
201705,대구광역시,달서구,95,6
201705,대구광역시,달서구,96,4
201705,대구광역시,달서구,97,2
201705,대구광역시,달서구,98,3
201705,대구광역시,달서구,99,1
201705,대구광역시,달서구,100,1
201705,대구광역시,달성군,0,17
201705,대구광역시,달성군,1,23
201705,대구광역시,달성군,2,21
201705,대구광역시,달성군,3,27
201705,대구광역시,달성군,4,36
201705,대구광역시,달성군,5,39
201705,대구광역시,달성군,6,72
201705,대구광역시,달성군,7,77
201705,대구광역시,달성군,8,103
201705,대구광역시,달성군,9,110
201705,대구광역시,달성군,10,115
201705,대구광역시,달성군,11,127
201705,대구광역시,달성군,12,118
201705,대구광역시,달성군,13,138
201705,대구광역시,달성군,14,128
201705,대구광역시,달성군,15,154
201705,대구광역시,달성군,16,202
201705,대구광역시,달성군,17,190
201705,대구광역시,달성군,18,185
201705,대구광역시,달성군,19,95
201705,대구광역시,달성군,20,92
201705,대구광역시,달성군,21,67
201705,대구광역시,달성군,22,79
201705,대구광역시,달성군,23,58
201705,대구광역시,달성군,24,31
201705,대구광역시,달성군,25,35
201705,대구광역시,달성군,26,21
201705,대구광역시,달성군,27,24
201705,대구광역시,달성군,28,26
201705,대구광역시,달성군,29,14
201705,대구광역시,달성군,30,17
201705,대구광역시,달성군,31,21
201705,대구광역시,달성군,32,31
201705,대구광역시,달성군,33,24
201705,대구광역시,달성군,34,31
201705,대구광역시,달성군,35,40
201705,대구광역시,달성군,36,44
201705,대구광역시,달성군,37,37
201705,대구광역시,달성군,38,55
201705,대구광역시,달성군,39,36
201705,대구광역시,달성군,40,44
201705,대구광역시,달성군,41,50
201705,대구광역시,달성군,42,66
201705,대구광역시,달성군,43,80
201705,대구광역시,달성군,44,89
201705,대구광역시,달성군,45,102
201705,대구광역시,달성군,46,103
201705,대구광역시,달성군,47,108
201705,대구광역시,달성군,48,117
201705,대구광역시,달성군,49,99
201705,대구광역시,달성군,50,92
201705,대구광역시,달성군,51,104
201705,대구광역시,달성군,52,89
201705,대구광역시,달성군,53,97
201705,대구광역시,달성군,54,121
201705,대구광역시,달성군,55,94
201705,대구광역시,달성군,56,111
201705,대구광역시,달성군,57,102
201705,대구광역시,달성군,58,99
201705,대구광역시,달성군,59,83
201705,대구광역시,달성군,60,81
201705,대구광역시,달성군,61,73
201705,대구광역시,달성군,62,85
201705,대구광역시,달성군,63,50
201705,대구광역시,달성군,64,75
201705,대구광역시,달성군,65,76
201705,대구광역시,달성군,66,52
201705,대구광역시,달성군,67,69
201705,대구광역시,달성군,68,57
201705,대구광역시,달성군,69,82
201705,대구광역시,달성군,70,68
201705,대구광역시,달성군,71,59
201705,대구광역시,달성군,72,61
201705,대구광역시,달성군,73,66
201705,대구광역시,달성군,74,89
201705,대구광역시,달성군,75,86
201705,대구광역시,달성군,76,92
201705,대구광역시,달성군,77,70
201705,대구광역시,달성군,78,81
201705,대구광역시,달성군,79,51
201705,대구광역시,달성군,80,62
201705,대구광역시,달성군,81,46
201705,대구광역시,달성군,82,45
201705,대구광역시,달성군,83,42
201705,대구광역시,달성군,84,37
201705,대구광역시,달성군,85,35
201705,대구광역시,달성군,86,22
201705,대구광역시,달성군,87,20
201705,대구광역시,달성군,88,15
201705,대구광역시,달성군,89,14
201705,대구광역시,달성군,90,10
201705,대구광역시,달성군,91,10
201705,대구광역시,달성군,92,5
201705,대구광역시,달성군,93,1
201705,대구광역시,달성군,94,4
201705,대구광역시,달성군,95,3
201705,대구광역시,달성군,96,2
201705,대구광역시,달성군,97,2
201705,대구광역시,달성군,98,1
201705,인천광역시,중구,0,4
201705,인천광역시,중구,1,11
201705,인천광역시,중구,2,10
201705,인천광역시,중구,3,13
201705,인천광역시,중구,4,13
201705,인천광역시,중구,5,20
201705,인천광역시,중구,6,36
201705,인천광역시,중구,7,47
201705,인천광역시,중구,8,52
201705,인천광역시,중구,9,55
201705,인천광역시,중구,10,63
201705,인천광역시,중구,11,57
201705,인천광역시,중구,12,61
201705,인천광역시,중구,13,69
201705,인천광역시,중구,14,72
201705,인천광역시,중구,15,74
201705,인천광역시,중구,16,115
201705,인천광역시,중구,17,113
201705,인천광역시,중구,18,78
201705,인천광역시,중구,19,61
201705,인천광역시,중구,20,40
201705,인천광역시,중구,21,33
201705,인천광역시,중구,22,15
201705,인천광역시,중구,23,21
201705,인천광역시,중구,24,21
201705,인천광역시,중구,25,5
201705,인천광역시,중구,26,7
201705,인천광역시,중구,27,9
201705,인천광역시,중구,28,6
201705,인천광역시,중구,29,10
201705,인천광역시,중구,30,8
201705,인천광역시,중구,31,7
201705,인천광역시,중구,32,10
201705,인천광역시,중구,33,7
201705,인천광역시,중구,34,12
201705,인천광역시,중구,35,8
201705,인천광역시,중구,36,16
201705,인천광역시,중구,37,24
201705,인천광역시,중구,38,17
201705,인천광역시,중구,39,21
201705,인천광역시,중구,40,25
201705,인천광역시,중구,41,27
201705,인천광역시,중구,42,20
201705,인천광역시,중구,43,25
201705,인천광역시,중구,44,47
201705,인천광역시,중구,45,48
201705,인천광역시,중구,46,51
201705,인천광역시,중구,47,45
201705,인천광역시,중구,48,50
201705,인천광역시,중구,49,53
201705,인천광역시,중구,50,61
201705,인천광역시,중구,51,53
201705,인천광역시,중구,52,51
201705,인천광역시,중구,53,52
201705,인천광역시,중구,54,41
201705,인천광역시,중구,55,47
201705,인천광역시,중구,56,67
201705,인천광역시,중구,57,68
201705,인천광역시,중구,58,64
201705,인천광역시,중구,59,62
201705,인천광역시,중구,60,59
201705,인천광역시,중구,61,53
201705,인천광역시,중구,62,73
201705,인천광역시,중구,63,45
201705,인천광역시,중구,64,54
201705,인천광역시,중구,65,50
201705,인천광역시,중구,66,49
201705,인천광역시,중구,67,63
201705,인천광역시,중구,68,73
201705,인천광역시,중구,69,56
201705,인천광역시,중구,70,75
201705,인천광역시,중구,71,57
201705,인천광역시,중구,72,68
201705,인천광역시,중구,73,61
201705,인천광역시,중구,74,77
201705,인천광역시,중구,75,92
201705,인천광역시,중구,76,67
201705,인천광역시,중구,77,53
201705,인천광역시,중구,78,70
201705,인천광역시,중구,79,57
201705,인천광역시,중구,80,44
201705,인천광역시,중구,81,43
201705,인천광역시,중구,82,38
201705,인천광역시,중구,83,33
201705,인천광역시,중구,84,43
201705,인천광역시,중구,85,29
201705,인천광역시,중구,86,19
201705,인천광역시,중구,87,13
201705,인천광역시,중구,88,19
201705,인천광역시,중구,89,17
201705,인천광역시,중구,90,13
201705,인천광역시,중구,91,7
201705,인천광역시,중구,92,4
201705,인천광역시,중구,93,6
201705,인천광역시,중구,94,4
201705,인천광역시,중구,95,4
201705,인천광역시,중구,96,1
201705,인천광역시,중구,97,2
201705,인천광역시,중구,98,1
201705,인천광역시,중구,101,1
201705,인천광역시,중구,106,1
201705,인천광역시,동구,0,2
201705,인천광역시,동구,1,5
201705,인천광역시,동구,2,5
201705,인천광역시,동구,3,6
201705,인천광역시,동구,4,9
201705,인천광역시,동구,5,9
201705,인천광역시,동구,6,22
201705,인천광역시,동구,7,29
201705,인천광역시,동구,8,25
201705,인천광역시,동구,9,47
201705,인천광역시,동구,10,33
201705,인천광역시,동구,11,36
201705,인천광역시,동구,12,28
201705,인천광역시,동구,13,56
201705,인천광역시,동구,14,59
201705,인천광역시,동구,15,60
201705,인천광역시,동구,16,84
201705,인천광역시,동구,17,109
201705,인천광역시,동구,18,54
201705,인천광역시,동구,19,33
201705,인천광역시,동구,20,30
201705,인천광역시,동구,21,30
201705,인천광역시,동구,22,22
201705,인천광역시,동구,23,16
201705,인천광역시,동구,24,6
201705,인천광역시,동구,25,9
201705,인천광역시,동구,26,6
201705,인천광역시,동구,27,5
201705,인천광역시,동구,28,3
201705,인천광역시,동구,29,2
201705,인천광역시,동구,30,8
201705,인천광역시,동구,31,7
201705,인천광역시,동구,32,7
201705,인천광역시,동구,33,7
201705,인천광역시,동구,34,5
201705,인천광역시,동구,35,12
201705,인천광역시,동구,36,9
201705,인천광역시,동구,37,9
201705,인천광역시,동구,38,10
201705,인천광역시,동구,39,25
201705,인천광역시,동구,40,16
201705,인천광역시,동구,41,15
201705,인천광역시,동구,42,26
201705,인천광역시,동구,43,31
201705,인천광역시,동구,44,34
201705,인천광역시,동구,45,36
201705,인천광역시,동구,46,29
201705,인천광역시,동구,47,32
201705,인천광역시,동구,48,38
201705,인천광역시,동구,49,32
201705,인천광역시,동구,50,32
201705,인천광역시,동구,51,33
201705,인천광역시,동구,52,43
201705,인천광역시,동구,53,48
201705,인천광역시,동구,54,38
201705,인천광역시,동구,55,51
201705,인천광역시,동구,56,36
201705,인천광역시,동구,57,54
201705,인천광역시,동구,58,41
201705,인천광역시,동구,59,57
201705,인천광역시,동구,60,56
201705,인천광역시,동구,61,56
201705,인천광역시,동구,62,51
201705,인천광역시,동구,63,41
201705,인천광역시,동구,64,56
201705,인천광역시,동구,65,55
201705,인천광역시,동구,66,42
201705,인천광역시,동구,67,49
201705,인천광역시,동구,68,41
201705,인천광역시,동구,69,61
201705,인천광역시,동구,70,54
201705,인천광역시,동구,71,40
201705,인천광역시,동구,72,39
201705,인천광역시,동구,73,42
201705,인천광역시,동구,74,65
201705,인천광역시,동구,75,55
201705,인천광역시,동구,76,44
201705,인천광역시,동구,77,51
201705,인천광역시,동구,78,43
201705,인천광역시,동구,79,38
201705,인천광역시,동구,80,32
201705,인천광역시,동구,81,47
201705,인천광역시,동구,82,31
201705,인천광역시,동구,83,25
201705,인천광역시,동구,84,33
201705,인천광역시,동구,85,24
201705,인천광역시,동구,86,17
201705,인천광역시,동구,87,17
201705,인천광역시,동구,88,11
201705,인천광역시,동구,89,15
201705,인천광역시,동구,90,8
201705,인천광역시,동구,91,3
201705,인천광역시,동구,92,10
201705,인천광역시,동구,93,6
201705,인천광역시,동구,94,3
201705,인천광역시,동구,95,3
201705,인천광역시,동구,96,1
201705,인천광역시,동구,97,1
201705,인천광역시,동구,98,1
201705,인천광역시,동구,100,1
201705,인천광역시,동구,103,1
201705,인천광역시,남구,0,24
201705,인천광역시,남구,1,53
201705,인천광역시,남구,2,62
201705,인천광역시,남구,3,69
201705,인천광역시,남구,4,80
201705,인천광역시,남구,5,76
201705,인천광역시,남구,6,111
201705,인천광역시,남구,7,129
201705,인천광역시,남구,8,152
201705,인천광역시,남구,9,192
201705,인천광역시,남구,10,161
201705,인천광역시,남구,11,168
201705,인천광역시,남구,12,198
201705,인천광역시,남구,13,209
201705,인천광역시,남구,14,219
201705,인천광역시,남구,15,260
201705,인천광역시,남구,16,308
201705,인천광역시,남구,17,372
201705,인천광역시,남구,18,275
201705,인천광역시,남구,19,198
201705,인천광역시,남구,20,181
201705,인천광역시,남구,21,146
201705,인천광역시,남구,22,116
201705,인천광역시,남구,23,90
201705,인천광역시,남구,24,86
201705,인천광역시,남구,25,58
201705,인천광역시,남구,26,58
201705,인천광역시,남구,27,45
201705,인천광역시,남구,28,37
201705,인천광역시,남구,29,30
201705,인천광역시,남구,30,29
201705,인천광역시,남구,31,43
201705,인천광역시,남구,32,37
201705,인천광역시,남구,33,59
201705,인천광역시,남구,34,54
201705,인천광역시,남구,35,52
201705,인천광역시,남구,36,65
201705,인천광역시,남구,37,77
201705,인천광역시,남구,38,76
201705,인천광역시,남구,39,86
201705,인천광역시,남구,40,99
201705,인천광역시,남구,41,130
201705,인천광역시,남구,42,134
201705,인천광역시,남구,43,163
201705,인천광역시,남구,44,154
201705,인천광역시,남구,45,188
201705,인천광역시,남구,46,185
201705,인천광역시,남구,47,191
201705,인천광역시,남구,48,216
201705,인천광역시,남구,49,195
201705,인천광역시,남구,50,178
201705,인천광역시,남구,51,185
201705,인천광역시,남구,52,215
201705,인천광역시,남구,53,206
201705,인천광역시,남구,54,245
201705,인천광역시,남구,55,219
201705,인천광역시,남구,56,235
201705,인천광역시,남구,57,233
201705,인천광역시,남구,58,207
201705,인천광역시,남구,59,226
201705,인천광역시,남구,60,173
201705,인천광역시,남구,61,195
201705,인천광역시,남구,62,230
201705,인천광역시,남구,63,146
201705,인천광역시,남구,64,139
201705,인천광역시,남구,65,186
201705,인천광역시,남구,66,132
201705,인천광역시,남구,67,189
201705,인천광역시,남구,68,188
201705,인천광역시,남구,69,176
201705,인천광역시,남구,70,210
201705,인천광역시,남구,71,156
201705,인천광역시,남구,72,164
201705,인천광역시,남구,73,146
201705,인천광역시,남구,74,198
201705,인천광역시,남구,75,213
201705,인천광역시,남구,76,161
201705,인천광역시,남구,77,174
201705,인천광역시,남구,78,158
201705,인천광역시,남구,79,153
201705,인천광역시,남구,80,152
201705,인천광역시,남구,81,114
201705,인천광역시,남구,82,132
201705,인천광역시,남구,83,119
201705,인천광역시,남구,84,79
201705,인천광역시,남구,85,67
201705,인천광역시,남구,86,70
201705,인천광역시,남구,87,62
201705,인천광역시,남구,88,49
201705,인천광역시,남구,89,30
201705,인천광역시,남구,90,30
201705,인천광역시,남구,91,20
201705,인천광역시,남구,92,16
201705,인천광역시,남구,93,12
201705,인천광역시,남구,94,17
201705,인천광역시,남구,95,5
201705,인천광역시,남구,96,8
201705,인천광역시,남구,98,3
201705,인천광역시,남구,99,3
201705,인천광역시,남구,100,4
201705,인천광역시,남구,101,1
201705,인천광역시,남구,103,1
201705,인천광역시,남구,104,1
201705,인천광역시,남구,105,1
201705,인천광역시,남구,115,1
201705,인천광역시,연수구,0,16
201705,인천광역시,연수구,1,37
201705,인천광역시,연수구,2,25
201705,인천광역시,연수구,3,37
201705,인천광역시,연수구,4,45
201705,인천광역시,연수구,5,52
201705,인천광역시,연수구,6,83
201705,인천광역시,연수구,7,93
201705,인천광역시,연수구,8,115
201705,인천광역시,연수구,9,124
201705,인천광역시,연수구,10,117
201705,인천광역시,연수구,11,117
201705,인천광역시,연수구,12,146
201705,인천광역시,연수구,13,156
201705,인천광역시,연수구,14,183
201705,인천광역시,연수구,15,220
201705,인천광역시,연수구,16,284
201705,인천광역시,연수구,17,270
201705,인천광역시,연수구,18,208
201705,인천광역시,연수구,19,145
201705,인천광역시,연수구,20,115
201705,인천광역시,연수구,21,102
201705,인천광역시,연수구,22,77
201705,인천광역시,연수구,23,67
201705,인천광역시,연수구,24,65
201705,인천광역시,연수구,25,39
201705,인천광역시,연수구,26,30
201705,인천광역시,연수구,27,33
201705,인천광역시,연수구,28,24
201705,인천광역시,연수구,29,28
201705,인천광역시,연수구,30,21
201705,인천광역시,연수구,31,22
201705,인천광역시,연수구,32,23
201705,인천광역시,연수구,33,21
201705,인천광역시,연수구,34,38
201705,인천광역시,연수구,35,45
201705,인천광역시,연수구,36,41
201705,인천광역시,연수구,37,59
201705,인천광역시,연수구,38,56
201705,인천광역시,연수구,39,49
201705,인천광역시,연수구,40,48
201705,인천광역시,연수구,41,70
201705,인천광역시,연수구,42,75
201705,인천광역시,연수구,43,90
201705,인천광역시,연수구,44,101
201705,인천광역시,연수구,45,114
201705,인천광역시,연수구,46,112
201705,인천광역시,연수구,47,129
201705,인천광역시,연수구,48,123
201705,인천광역시,연수구,49,129
201705,인천광역시,연수구,50,116
201705,인천광역시,연수구,51,165
201705,인천광역시,연수구,52,143
201705,인천광역시,연수구,53,122
201705,인천광역시,연수구,54,174
201705,인천광역시,연수구,55,168
201705,인천광역시,연수구,56,176
201705,인천광역시,연수구,57,144
201705,인천광역시,연수구,58,152
201705,인천광역시,연수구,59,148
201705,인천광역시,연수구,60,153
201705,인천광역시,연수구,61,136
201705,인천광역시,연수구,62,133
201705,인천광역시,연수구,63,116
201705,인천광역시,연수구,64,98
201705,인천광역시,연수구,65,94
201705,인천광역시,연수구,66,75
201705,인천광역시,연수구,67,98
201705,인천광역시,연수구,68,119
201705,인천광역시,연수구,69,128
201705,인천광역시,연수구,70,107
201705,인천광역시,연수구,71,77
201705,인천광역시,연수구,72,100
201705,인천광역시,연수구,73,109
201705,인천광역시,연수구,74,126
201705,인천광역시,연수구,75,121
201705,인천광역시,연수구,76,107
201705,인천광역시,연수구,77,103
201705,인천광역시,연수구,78,115
201705,인천광역시,연수구,79,105
201705,인천광역시,연수구,80,90
201705,인천광역시,연수구,81,82
201705,인천광역시,연수구,82,82
201705,인천광역시,연수구,83,68
201705,인천광역시,연수구,84,62
201705,인천광역시,연수구,85,57
201705,인천광역시,연수구,86,41
201705,인천광역시,연수구,87,33
201705,인천광역시,연수구,88,39
201705,인천광역시,연수구,89,40
201705,인천광역시,연수구,90,18
201705,인천광역시,연수구,91,22
201705,인천광역시,연수구,92,11
201705,인천광역시,연수구,93,6
201705,인천광역시,연수구,94,8
201705,인천광역시,연수구,95,3
201705,인천광역시,연수구,96,2
201705,인천광역시,연수구,97,3
201705,인천광역시,연수구,98,3
201705,인천광역시,연수구,99,1
201705,인천광역시,연수구,100,1
201705,인천광역시,연수구,105,1
201705,인천광역시,남동구,0,51
201705,인천광역시,남동구,1,88
201705,인천광역시,남동구,2,97
201705,인천광역시,남동구,3,86
201705,인천광역시,남동구,4,121
201705,인천광역시,남동구,5,136
201705,인천광역시,남동구,6,183
201705,인천광역시,남동구,7,223
201705,인천광역시,남동구,8,278
201705,인천광역시,남동구,9,308
201705,인천광역시,남동구,10,289
201705,인천광역시,남동구,11,296
201705,인천광역시,남동구,12,297
201705,인천광역시,남동구,13,368
201705,인천광역시,남동구,14,414
201705,인천광역시,남동구,15,464
201705,인천광역시,남동구,16,566
201705,인천광역시,남동구,17,610
201705,인천광역시,남동구,18,378
201705,인천광역시,남동구,19,288
201705,인천광역시,남동구,20,236
201705,인천광역시,남동구,21,211
201705,인천광역시,남동구,22,187
201705,인천광역시,남동구,23,138
201705,인천광역시,남동구,24,145
201705,인천광역시,남동구,25,90
201705,인천광역시,남동구,26,104
201705,인천광역시,남동구,27,55
201705,인천광역시,남동구,28,52
201705,인천광역시,남동구,29,56
201705,인천광역시,남동구,30,54
201705,인천광역시,남동구,31,62
201705,인천광역시,남동구,32,58
201705,인천광역시,남동구,33,68
201705,인천광역시,남동구,34,109
201705,인천광역시,남동구,35,105
201705,인천광역시,남동구,36,109
201705,인천광역시,남동구,37,99
201705,인천광역시,남동구,38,109
201705,인천광역시,남동구,39,150
201705,인천광역시,남동구,40,144
201705,인천광역시,남동구,41,164
201705,인천광역시,남동구,42,185
201705,인천광역시,남동구,43,220
201705,인천광역시,남동구,44,243
201705,인천광역시,남동구,45,231
201705,인천광역시,남동구,46,269
201705,인천광역시,남동구,47,299
201705,인천광역시,남동구,48,301
201705,인천광역시,남동구,49,304
201705,인천광역시,남동구,50,305
201705,인천광역시,남동구,51,228
201705,인천광역시,남동구,52,252
201705,인천광역시,남동구,53,263
201705,인천광역시,남동구,54,303
201705,인천광역시,남동구,55,279
201705,인천광역시,남동구,56,291
201705,인천광역시,남동구,57,288
201705,인천광역시,남동구,58,279
201705,인천광역시,남동구,59,292
201705,인천광역시,남동구,60,237
201705,인천광역시,남동구,61,220
201705,인천광역시,남동구,62,278
201705,인천광역시,남동구,63,197
201705,인천광역시,남동구,64,212
201705,인천광역시,남동구,65,197
201705,인천광역시,남동구,66,186
201705,인천광역시,남동구,67,228
201705,인천광역시,남동구,68,213
201705,인천광역시,남동구,69,246
201705,인천광역시,남동구,70,237
201705,인천광역시,남동구,71,184
201705,인천광역시,남동구,72,256
201705,인천광역시,남동구,73,253
201705,인천광역시,남동구,74,343
201705,인천광역시,남동구,75,300
201705,인천광역시,남동구,76,268
201705,인천광역시,남동구,77,263
201705,인천광역시,남동구,78,248
201705,인천광역시,남동구,79,248
201705,인천광역시,남동구,80,187
201705,인천광역시,남동구,81,177
201705,인천광역시,남동구,82,157
201705,인천광역시,남동구,83,124
201705,인천광역시,남동구,84,105
201705,인천광역시,남동구,85,97
201705,인천광역시,남동구,86,56
201705,인천광역시,남동구,87,76
201705,인천광역시,남동구,88,58
201705,인천광역시,남동구,89,42
201705,인천광역시,남동구,90,30
201705,인천광역시,남동구,91,23
201705,인천광역시,남동구,92,13
201705,인천광역시,남동구,93,8
201705,인천광역시,남동구,94,12
201705,인천광역시,남동구,95,8
201705,인천광역시,남동구,96,3
201705,인천광역시,남동구,97,2
201705,인천광역시,남동구,100,1
201705,인천광역시,남동구,104,1
201705,인천광역시,부평구,0,33
201705,인천광역시,부평구,1,44
201705,인천광역시,부평구,2,75
201705,인천광역시,부평구,3,82
201705,인천광역시,부평구,4,81
201705,인천광역시,부평구,5,118
201705,인천광역시,부평구,6,192
201705,인천광역시,부평구,7,237
201705,인천광역시,부평구,8,303
201705,인천광역시,부평구,9,349
201705,인천광역시,부평구,10,367
201705,인천광역시,부평구,11,360
201705,인천광역시,부평구,12,380
201705,인천광역시,부평구,13,466
201705,인천광역시,부평구,14,535
201705,인천광역시,부평구,15,642
201705,인천광역시,부평구,16,713
201705,인천광역시,부평구,17,774
201705,인천광역시,부평구,18,553
201705,인천광역시,부평구,19,367
201705,인천광역시,부평구,20,304
201705,인천광역시,부평구,21,256
201705,인천광역시,부평구,22,221
201705,인천광역시,부평구,23,207
201705,인천광역시,부평구,24,147
201705,인천광역시,부평구,25,112
201705,인천광역시,부평구,26,80
201705,인천광역시,부평구,27,68
201705,인천광역시,부평구,28,48
201705,인천광역시,부평구,29,52
201705,인천광역시,부평구,30,53
201705,인천광역시,부평구,31,51
201705,인천광역시,부평구,32,57
201705,인천광역시,부평구,33,68
201705,인천광역시,부평구,34,90
201705,인천광역시,부평구,35,105
201705,인천광역시,부평구,36,109
201705,인천광역시,부평구,37,113
201705,인천광역시,부평구,38,113
201705,인천광역시,부평구,39,178
201705,인천광역시,부평구,40,160
201705,인천광역시,부평구,41,182
201705,인천광역시,부평구,42,217
201705,인천광역시,부평구,43,214
201705,인천광역시,부평구,44,310
201705,인천광역시,부평구,45,333
201705,인천광역시,부평구,46,319
201705,인천광역시,부평구,47,374
201705,인천광역시,부평구,48,347
201705,인천광역시,부평구,49,331
201705,인천광역시,부평구,50,330
201705,인천광역시,부평구,51,347
201705,인천광역시,부평구,52,324
201705,인천광역시,부평구,53,291
201705,인천광역시,부평구,54,374
201705,인천광역시,부평구,55,375
201705,인천광역시,부평구,56,404
201705,인천광역시,부평구,57,338
201705,인천광역시,부평구,58,367
201705,인천광역시,부평구,59,348
201705,인천광역시,부평구,60,331
201705,인천광역시,부평구,61,314
201705,인천광역시,부평구,62,313
201705,인천광역시,부평구,63,280
201705,인천광역시,부평구,64,269
201705,인천광역시,부평구,65,286
201705,인천광역시,부평구,66,262
201705,인천광역시,부평구,67,250
201705,인천광역시,부평구,68,287
201705,인천광역시,부평구,69,277
201705,인천광역시,부평구,70,294
201705,인천광역시,부평구,71,216
201705,인천광역시,부평구,72,236
201705,인천광역시,부평구,73,265
201705,인천광역시,부평구,74,302
201705,인천광역시,부평구,75,295
201705,인천광역시,부평구,76,271
201705,인천광역시,부평구,77,260
201705,인천광역시,부평구,78,275
201705,인천광역시,부평구,79,240
201705,인천광역시,부평구,80,231
201705,인천광역시,부평구,81,216
201705,인천광역시,부평구,82,188
201705,인천광역시,부평구,83,147
201705,인천광역시,부평구,84,146
201705,인천광역시,부평구,85,118
201705,인천광역시,부평구,86,106
201705,인천광역시,부평구,87,90
201705,인천광역시,부평구,88,67
201705,인천광역시,부평구,89,55
201705,인천광역시,부평구,90,52
201705,인천광역시,부평구,91,28
201705,인천광역시,부평구,92,26
201705,인천광역시,부평구,93,18
201705,인천광역시,부평구,94,13
201705,인천광역시,부평구,95,16
201705,인천광역시,부평구,96,9
201705,인천광역시,부평구,97,3
201705,인천광역시,부평구,98,1
201705,인천광역시,부평구,99,3
201705,인천광역시,부평구,100,2
201705,인천광역시,부평구,101,2
201705,인천광역시,부평구,103,1
201705,인천광역시,부평구,105,2
201705,인천광역시,계양구,0,19
201705,인천광역시,계양구,1,21
201705,인천광역시,계양구,2,23
201705,인천광역시,계양구,3,27
201705,인천광역시,계양구,4,44
201705,인천광역시,계양구,5,41
201705,인천광역시,계양구,6,93
201705,인천광역시,계양구,7,149
201705,인천광역시,계양구,8,145
201705,인천광역시,계양구,9,200
201705,인천광역시,계양구,10,219
201705,인천광역시,계양구,11,190
201705,인천광역시,계양구,12,211
201705,인천광역시,계양구,13,278
201705,인천광역시,계양구,14,290
201705,인천광역시,계양구,15,346
201705,인천광역시,계양구,16,422
201705,인천광역시,계양구,17,448
201705,인천광역시,계양구,18,246
201705,인천광역시,계양구,19,150
201705,인천광역시,계양구,20,120
201705,인천광역시,계양구,21,109
201705,인천광역시,계양구,22,81
201705,인천광역시,계양구,23,69
201705,인천광역시,계양구,24,69
201705,인천광역시,계양구,25,52
201705,인천광역시,계양구,26,31
201705,인천광역시,계양구,27,29
201705,인천광역시,계양구,28,31
201705,인천광역시,계양구,29,22
201705,인천광역시,계양구,30,27
201705,인천광역시,계양구,31,25
201705,인천광역시,계양구,32,27
201705,인천광역시,계양구,33,22
201705,인천광역시,계양구,34,36
201705,인천광역시,계양구,35,37
201705,인천광역시,계양구,36,42
201705,인천광역시,계양구,37,50
201705,인천광역시,계양구,38,49
201705,인천광역시,계양구,39,52
201705,인천광역시,계양구,40,52
201705,인천광역시,계양구,41,70
201705,인천광역시,계양구,42,84
201705,인천광역시,계양구,43,113
201705,인천광역시,계양구,44,123
201705,인천광역시,계양구,45,146
201705,인천광역시,계양구,46,135
201705,인천광역시,계양구,47,133
201705,인천광역시,계양구,48,144
201705,인천광역시,계양구,49,134
201705,인천광역시,계양구,50,144
201705,인천광역시,계양구,51,137
201705,인천광역시,계양구,52,146
201705,인천광역시,계양구,53,121
201705,인천광역시,계양구,54,140
201705,인천광역시,계양구,55,141
201705,인천광역시,계양구,56,151
201705,인천광역시,계양구,57,117
201705,인천광역시,계양구,58,105
201705,인천광역시,계양구,59,120
201705,인천광역시,계양구,60,78
201705,인천광역시,계양구,61,107
201705,인천광역시,계양구,62,118
201705,인천광역시,계양구,63,79
201705,인천광역시,계양구,64,71
201705,인천광역시,계양구,65,89
201705,인천광역시,계양구,66,84
201705,인천광역시,계양구,67,83
201705,인천광역시,계양구,68,82
201705,인천광역시,계양구,69,96
201705,인천광역시,계양구,70,87
201705,인천광역시,계양구,71,65
201705,인천광역시,계양구,72,94
201705,인천광역시,계양구,73,82
201705,인천광역시,계양구,74,92
201705,인천광역시,계양구,75,113
201705,인천광역시,계양구,76,85
201705,인천광역시,계양구,77,100
201705,인천광역시,계양구,78,114
201705,인천광역시,계양구,79,77
201705,인천광역시,계양구,80,63
201705,인천광역시,계양구,81,71
201705,인천광역시,계양구,82,76
201705,인천광역시,계양구,83,75
201705,인천광역시,계양구,84,54
201705,인천광역시,계양구,85,41
201705,인천광역시,계양구,86,35
201705,인천광역시,계양구,87,31
201705,인천광역시,계양구,88,23
201705,인천광역시,계양구,89,22
201705,인천광역시,계양구,90,26
201705,인천광역시,계양구,91,10
201705,인천광역시,계양구,92,14
201705,인천광역시,계양구,93,7
201705,인천광역시,계양구,94,8
201705,인천광역시,계양구,95,5
201705,인천광역시,계양구,96,5
201705,인천광역시,계양구,97,2
201705,인천광역시,계양구,99,3
201705,인천광역시,서구,0,31
201705,인천광역시,서구,1,42
201705,인천광역시,서구,2,61
201705,인천광역시,서구,3,63
201705,인천광역시,서구,4,77
201705,인천광역시,서구,5,94
201705,인천광역시,서구,6,164
201705,인천광역시,서구,7,181
201705,인천광역시,서구,8,231
201705,인천광역시,서구,9,273
201705,인천광역시,서구,10,284
201705,인천광역시,서구,11,291
201705,인천광역시,서구,12,298
201705,인천광역시,서구,13,335
201705,인천광역시,서구,14,365
201705,인천광역시,서구,15,448
201705,인천광역시,서구,16,526
201705,인천광역시,서구,17,533
201705,인천광역시,서구,18,351
201705,인천광역시,서구,19,211
201705,인천광역시,서구,20,166
201705,인천광역시,서구,21,127
201705,인천광역시,서구,22,128
201705,인천광역시,서구,23,109
201705,인천광역시,서구,24,58
201705,인천광역시,서구,25,57
201705,인천광역시,서구,26,38
201705,인천광역시,서구,27,33
201705,인천광역시,서구,28,22
201705,인천광역시,서구,29,41
201705,인천광역시,서구,30,28
201705,인천광역시,서구,31,25
201705,인천광역시,서구,32,36
201705,인천광역시,서구,33,46
201705,인천광역시,서구,34,68
201705,인천광역시,서구,35,77
201705,인천광역시,서구,36,81
201705,인천광역시,서구,37,95
201705,인천광역시,서구,38,81
201705,인천광역시,서구,39,104
201705,인천광역시,서구,40,99
201705,인천광역시,서구,41,108
201705,인천광역시,서구,42,110
201705,인천광역시,서구,43,153
201705,인천광역시,서구,44,185
201705,인천광역시,서구,45,187
201705,인천광역시,서구,46,172
201705,인천광역시,서구,47,171
201705,인천광역시,서구,48,195
201705,인천광역시,서구,49,184
201705,인천광역시,서구,50,185
201705,인천광역시,서구,51,175
201705,인천광역시,서구,52,182
201705,인천광역시,서구,53,152
201705,인천광역시,서구,54,169
201705,인천광역시,서구,55,175
201705,인천광역시,서구,56,193
201705,인천광역시,서구,57,193
201705,인천광역시,서구,58,172
201705,인천광역시,서구,59,155
201705,인천광역시,서구,60,146
201705,인천광역시,서구,61,148
201705,인천광역시,서구,62,168
201705,인천광역시,서구,63,111
201705,인천광역시,서구,64,110
201705,인천광역시,서구,65,130
201705,인천광역시,서구,66,118
201705,인천광역시,서구,67,132
201705,인천광역시,서구,68,142
201705,인천광역시,서구,69,143
201705,인천광역시,서구,70,140
201705,인천광역시,서구,71,87
201705,인천광역시,서구,72,119
201705,인천광역시,서구,73,114
201705,인천광역시,서구,74,148
201705,인천광역시,서구,75,156
201705,인천광역시,서구,76,110
201705,인천광역시,서구,77,119
201705,인천광역시,서구,78,110
201705,인천광역시,서구,79,131
201705,인천광역시,서구,80,119
201705,인천광역시,서구,81,103
201705,인천광역시,서구,82,97
201705,인천광역시,서구,83,104
201705,인천광역시,서구,84,68
201705,인천광역시,서구,85,37
201705,인천광역시,서구,86,51
201705,인천광역시,서구,87,40
201705,인천광역시,서구,88,36
201705,인천광역시,서구,89,28
201705,인천광역시,서구,90,25
201705,인천광역시,서구,91,19
201705,인천광역시,서구,92,13
201705,인천광역시,서구,93,9
201705,인천광역시,서구,94,5
201705,인천광역시,서구,95,8
201705,인천광역시,서구,96,5
201705,인천광역시,서구,99,3
201705,인천광역시,서구,103,1
201705,인천광역시,강화군,0,3
201705,인천광역시,강화군,1,3
201705,인천광역시,강화군,2,9
201705,인천광역시,강화군,3,7
201705,인천광역시,강화군,4,8
201705,인천광역시,강화군,5,6
201705,인천광역시,강화군,6,12
201705,인천광역시,강화군,7,21
201705,인천광역시,강화군,8,31
201705,인천광역시,강화군,9,26
201705,인천광역시,강화군,10,35
201705,인천광역시,강화군,11,37
201705,인천광역시,강화군,12,25
201705,인천광역시,강화군,13,42
201705,인천광역시,강화군,14,45
201705,인천광역시,강화군,15,41
201705,인천광역시,강화군,16,49
201705,인천광역시,강화군,17,59
201705,인천광역시,강화군,18,43
201705,인천광역시,강화군,19,28
201705,인천광역시,강화군,20,27
201705,인천광역시,강화군,21,21
201705,인천광역시,강화군,22,21
201705,인천광역시,강화군,23,20
201705,인천광역시,강화군,24,11
201705,인천광역시,강화군,25,7
201705,인천광역시,강화군,26,5
201705,인천광역시,강화군,27,6
201705,인천광역시,강화군,28,2
201705,인천광역시,강화군,29,5
201705,인천광역시,강화군,30,5
201705,인천광역시,강화군,31,4
201705,인천광역시,강화군,32,4
201705,인천광역시,강화군,33,4
201705,인천광역시,강화군,34,5
201705,인천광역시,강화군,35,9
201705,인천광역시,강화군,36,10
201705,인천광역시,강화군,37,10
201705,인천광역시,강화군,38,7
201705,인천광역시,강화군,39,13
201705,인천광역시,강화군,40,18
201705,인천광역시,강화군,41,14
201705,인천광역시,강화군,42,15
201705,인천광역시,강화군,43,23
201705,인천광역시,강화군,44,26
201705,인천광역시,강화군,45,26
201705,인천광역시,강화군,46,26
201705,인천광역시,강화군,47,36
201705,인천광역시,강화군,48,35
201705,인천광역시,강화군,49,31
201705,인천광역시,강화군,50,40
201705,인천광역시,강화군,51,46
201705,인천광역시,강화군,52,39
201705,인천광역시,강화군,53,36
201705,인천광역시,강화군,54,43
201705,인천광역시,강화군,55,42
201705,인천광역시,강화군,56,61
201705,인천광역시,강화군,57,38
201705,인천광역시,강화군,58,48
201705,인천광역시,강화군,59,40
201705,인천광역시,강화군,60,53
201705,인천광역시,강화군,61,41
201705,인천광역시,강화군,62,57
201705,인천광역시,강화군,63,33
201705,인천광역시,강화군,64,52
201705,인천광역시,강화군,65,36
201705,인천광역시,강화군,66,36
201705,인천광역시,강화군,67,44
201705,인천광역시,강화군,68,50
201705,인천광역시,강화군,69,44
201705,인천광역시,강화군,70,61
201705,인천광역시,강화군,71,42
201705,인천광역시,강화군,72,40
201705,인천광역시,강화군,73,49
201705,인천광역시,강화군,74,54
201705,인천광역시,강화군,75,60
201705,인천광역시,강화군,76,49
201705,인천광역시,강화군,77,58
201705,인천광역시,강화군,78,54
201705,인천광역시,강화군,79,46
201705,인천광역시,강화군,80,39
201705,인천광역시,강화군,81,33
201705,인천광역시,강화군,82,28
201705,인천광역시,강화군,83,36
201705,인천광역시,강화군,84,29
201705,인천광역시,강화군,85,24
201705,인천광역시,강화군,86,23
201705,인천광역시,강화군,87,23
201705,인천광역시,강화군,88,15
201705,인천광역시,강화군,89,13
201705,인천광역시,강화군,90,9
201705,인천광역시,강화군,91,13
201705,인천광역시,강화군,92,13
201705,인천광역시,강화군,93,4
201705,인천광역시,강화군,94,4
201705,인천광역시,강화군,95,2
201705,인천광역시,강화군,96,4
201705,인천광역시,강화군,97,2
201705,인천광역시,강화군,98,1
201705,인천광역시,강화군,99,1
201705,인천광역시,강화군,107,1
201705,인천광역시,옹진군,6,1
201705,인천광역시,옹진군,7,2
201705,인천광역시,옹진군,8,4
201705,인천광역시,옹진군,9,1
201705,인천광역시,옹진군,10,4
201705,인천광역시,옹진군,11,4
201705,인천광역시,옹진군,12,6
201705,인천광역시,옹진군,13,4
201705,인천광역시,옹진군,14,6
201705,인천광역시,옹진군,15,6
201705,인천광역시,옹진군,16,11
201705,인천광역시,옹진군,17,13
201705,인천광역시,옹진군,18,10
201705,인천광역시,옹진군,19,4
201705,인천광역시,옹진군,20,3
201705,인천광역시,옹진군,21,2
201705,인천광역시,옹진군,24,2
201705,인천광역시,옹진군,29,2
201705,인천광역시,옹진군,37,2
201705,인천광역시,옹진군,39,3
201705,인천광역시,옹진군,40,1
201705,인천광역시,옹진군,42,2
201705,인천광역시,옹진군,43,1
201705,인천광역시,옹진군,44,5
201705,인천광역시,옹진군,45,2
201705,인천광역시,옹진군,46,3
201705,인천광역시,옹진군,47,3
201705,인천광역시,옹진군,48,4
201705,인천광역시,옹진군,49,4
201705,인천광역시,옹진군,50,5
201705,인천광역시,옹진군,51,3
201705,인천광역시,옹진군,52,7
201705,인천광역시,옹진군,53,8
201705,인천광역시,옹진군,54,4
201705,인천광역시,옹진군,55,7
201705,인천광역시,옹진군,56,10
201705,인천광역시,옹진군,57,6
201705,인천광역시,옹진군,58,9
201705,인천광역시,옹진군,59,9
201705,인천광역시,옹진군,60,6
201705,인천광역시,옹진군,61,10
201705,인천광역시,옹진군,62,12
201705,인천광역시,옹진군,63,12
201705,인천광역시,옹진군,64,3
201705,인천광역시,옹진군,65,11
201705,인천광역시,옹진군,66,5
201705,인천광역시,옹진군,67,3
201705,인천광역시,옹진군,68,4
201705,인천광역시,옹진군,69,8
201705,인천광역시,옹진군,70,2
201705,인천광역시,옹진군,71,6
201705,인천광역시,옹진군,72,8
201705,인천광역시,옹진군,73,8
201705,인천광역시,옹진군,74,7
201705,인천광역시,옹진군,75,3
201705,인천광역시,옹진군,76,9
201705,인천광역시,옹진군,77,4
201705,인천광역시,옹진군,78,10
201705,인천광역시,옹진군,79,6
201705,인천광역시,옹진군,80,10
201705,인천광역시,옹진군,81,5
201705,인천광역시,옹진군,82,4
201705,인천광역시,옹진군,83,4
201705,인천광역시,옹진군,84,5
201705,인천광역시,옹진군,85,10
201705,인천광역시,옹진군,86,5
201705,인천광역시,옹진군,87,3
201705,인천광역시,옹진군,88,3
201705,인천광역시,옹진군,89,1
201705,인천광역시,옹진군,90,2
201705,인천광역시,옹진군,91,5
201705,인천광역시,옹진군,92,2
201705,인천광역시,옹진군,93,1
201705,인천광역시,옹진군,94,2
201705,인천광역시,옹진군,95,5
201705,인천광역시,옹진군,96,1
201705,광주광역시,동구,0,11
201705,광주광역시,동구,1,27
201705,광주광역시,동구,2,24
201705,광주광역시,동구,3,28
201705,광주광역시,동구,4,45
201705,광주광역시,동구,5,25
201705,광주광역시,동구,6,67
201705,광주광역시,동구,7,67
201705,광주광역시,동구,8,60
201705,광주광역시,동구,9,60
201705,광주광역시,동구,10,69
201705,광주광역시,동구,11,58
201705,광주광역시,동구,12,88
201705,광주광역시,동구,13,97
201705,광주광역시,동구,14,95
201705,광주광역시,동구,15,131
201705,광주광역시,동구,16,134
201705,광주광역시,동구,17,167
201705,광주광역시,동구,18,132
201705,광주광역시,동구,19,102
201705,광주광역시,동구,20,102
201705,광주광역시,동구,21,94
201705,광주광역시,동구,22,87
201705,광주광역시,동구,23,78
201705,광주광역시,동구,24,58
201705,광주광역시,동구,25,52
201705,광주광역시,동구,26,22
201705,광주광역시,동구,27,28
201705,광주광역시,동구,28,14
201705,광주광역시,동구,29,11
201705,광주광역시,동구,30,19
201705,광주광역시,동구,31,13
201705,광주광역시,동구,32,17
201705,광주광역시,동구,33,24
201705,광주광역시,동구,34,21
201705,광주광역시,동구,35,23
201705,광주광역시,동구,36,26
201705,광주광역시,동구,37,27
201705,광주광역시,동구,38,30
201705,광주광역시,동구,39,40
201705,광주광역시,동구,40,50
201705,광주광역시,동구,41,50
201705,광주광역시,동구,42,43
201705,광주광역시,동구,43,57
201705,광주광역시,동구,44,70
201705,광주광역시,동구,45,74
201705,광주광역시,동구,46,96
201705,광주광역시,동구,47,107
201705,광주광역시,동구,48,77
201705,광주광역시,동구,49,88
201705,광주광역시,동구,50,97
201705,광주광역시,동구,51,94
201705,광주광역시,동구,52,75
201705,광주광역시,동구,53,86
201705,광주광역시,동구,54,90
201705,광주광역시,동구,55,96
201705,광주광역시,동구,56,114
201705,광주광역시,동구,57,100
201705,광주광역시,동구,58,90
201705,광주광역시,동구,59,98
201705,광주광역시,동구,60,81
201705,광주광역시,동구,61,87
201705,광주광역시,동구,62,79
201705,광주광역시,동구,63,73
201705,광주광역시,동구,64,71
201705,광주광역시,동구,65,88
201705,광주광역시,동구,66,64
201705,광주광역시,동구,67,77
201705,광주광역시,동구,68,78
201705,광주광역시,동구,69,79
201705,광주광역시,동구,70,86
201705,광주광역시,동구,71,54
201705,광주광역시,동구,72,57
201705,광주광역시,동구,73,49
201705,광주광역시,동구,74,78
201705,광주광역시,동구,75,83
201705,광주광역시,동구,76,54
201705,광주광역시,동구,77,51
201705,광주광역시,동구,78,57
201705,광주광역시,동구,79,39
201705,광주광역시,동구,80,45
201705,광주광역시,동구,81,45
201705,광주광역시,동구,82,34
201705,광주광역시,동구,83,46
201705,광주광역시,동구,84,19
201705,광주광역시,동구,85,17
201705,광주광역시,동구,86,20
201705,광주광역시,동구,87,23
201705,광주광역시,동구,88,18
201705,광주광역시,동구,89,12
201705,광주광역시,동구,90,13
201705,광주광역시,동구,91,6
201705,광주광역시,동구,92,7
201705,광주광역시,동구,93,6
201705,광주광역시,동구,94,3
201705,광주광역시,동구,95,6
201705,광주광역시,동구,96,2
201705,광주광역시,동구,97,1
201705,광주광역시,동구,99,2
201705,광주광역시,동구,100,1
201705,광주광역시,동구,101,2
201705,광주광역시,서구,0,33
201705,광주광역시,서구,1,39
201705,광주광역시,서구,2,56
201705,광주광역시,서구,3,63
201705,광주광역시,서구,4,75
201705,광주광역시,서구,5,87
201705,광주광역시,서구,6,124
201705,광주광역시,서구,7,154
201705,광주광역시,서구,8,154
201705,광주광역시,서구,9,229
201705,광주광역시,서구,10,205
201705,광주광역시,서구,11,220
201705,광주광역시,서구,12,233
201705,광주광역시,서구,13,266
201705,광주광역시,서구,14,304
201705,광주광역시,서구,15,341
201705,광주광역시,서구,16,437
201705,광주광역시,서구,17,446
201705,광주광역시,서구,18,409
201705,광주광역시,서구,19,313
201705,광주광역시,서구,20,251
201705,광주광역시,서구,21,233
201705,광주광역시,서구,22,201
201705,광주광역시,서구,23,207
201705,광주광역시,서구,24,149
201705,광주광역시,서구,25,117
201705,광주광역시,서구,26,62
201705,광주광역시,서구,27,48
201705,광주광역시,서구,28,42
201705,광주광역시,서구,29,32
201705,광주광역시,서구,30,29
201705,광주광역시,서구,31,34
201705,광주광역시,서구,32,44
201705,광주광역시,서구,33,50
201705,광주광역시,서구,34,52
201705,광주광역시,서구,35,80
201705,광주광역시,서구,36,57
201705,광주광역시,서구,37,79
201705,광주광역시,서구,38,83
201705,광주광역시,서구,39,105
201705,광주광역시,서구,40,106
201705,광주광역시,서구,41,107
201705,광주광역시,서구,42,133
201705,광주광역시,서구,43,157
201705,광주광역시,서구,44,177
201705,광주광역시,서구,45,183
201705,광주광역시,서구,46,213
201705,광주광역시,서구,47,200
201705,광주광역시,서구,48,251
201705,광주광역시,서구,49,230
201705,광주광역시,서구,50,225
201705,광주광역시,서구,51,222
201705,광주광역시,서구,52,211
201705,광주광역시,서구,53,208
201705,광주광역시,서구,54,207
201705,광주광역시,서구,55,216
201705,광주광역시,서구,56,234
201705,광주광역시,서구,57,226
201705,광주광역시,서구,58,191
201705,광주광역시,서구,59,175
201705,광주광역시,서구,60,170
201705,광주광역시,서구,61,158
201705,광주광역시,서구,62,170
201705,광주광역시,서구,63,125
201705,광주광역시,서구,64,131
201705,광주광역시,서구,65,142
201705,광주광역시,서구,66,143
201705,광주광역시,서구,67,126
201705,광주광역시,서구,68,124
201705,광주광역시,서구,69,143
201705,광주광역시,서구,70,151
201705,광주광역시,서구,71,106
201705,광주광역시,서구,72,97
201705,광주광역시,서구,73,127
201705,광주광역시,서구,74,116
201705,광주광역시,서구,75,127
201705,광주광역시,서구,76,122
201705,광주광역시,서구,77,112
201705,광주광역시,서구,78,95
201705,광주광역시,서구,79,91
201705,광주광역시,서구,80,97
201705,광주광역시,서구,81,75
201705,광주광역시,서구,82,70
201705,광주광역시,서구,83,57
201705,광주광역시,서구,84,57
201705,광주광역시,서구,85,44
201705,광주광역시,서구,86,40
201705,광주광역시,서구,87,43
201705,광주광역시,서구,88,32
201705,광주광역시,서구,89,26
201705,광주광역시,서구,90,12
201705,광주광역시,서구,91,15
201705,광주광역시,서구,92,10
201705,광주광역시,서구,93,11
201705,광주광역시,서구,94,7
201705,광주광역시,서구,95,3
201705,광주광역시,서구,96,5
201705,광주광역시,서구,97,2
201705,광주광역시,서구,98,4
201705,광주광역시,서구,99,2
201705,광주광역시,서구,100,3
201705,광주광역시,서구,104,1
201705,광주광역시,서구,105,1
201705,광주광역시,남구,0,21
201705,광주광역시,남구,1,28
201705,광주광역시,남구,2,38
201705,광주광역시,남구,3,39
201705,광주광역시,남구,4,51
201705,광주광역시,남구,5,59
201705,광주광역시,남구,6,100
201705,광주광역시,남구,7,140
201705,광주광역시,남구,8,149
201705,광주광역시,남구,9,160
201705,광주광역시,남구,10,173
201705,광주광역시,남구,11,175
201705,광주광역시,남구,12,188
201705,광주광역시,남구,13,215
201705,광주광역시,남구,14,215
201705,광주광역시,남구,15,267
201705,광주광역시,남구,16,318
201705,광주광역시,남구,17,342
201705,광주광역시,남구,18,290
201705,광주광역시,남구,19,219
201705,광주광역시,남구,20,174
201705,광주광역시,남구,21,159
201705,광주광역시,남구,22,179
201705,광주광역시,남구,23,131
201705,광주광역시,남구,24,84
201705,광주광역시,남구,25,86
201705,광주광역시,남구,26,37
201705,광주광역시,남구,27,30
201705,광주광역시,남구,28,24
201705,광주광역시,남구,29,16
201705,광주광역시,남구,30,24
201705,광주광역시,남구,31,25
201705,광주광역시,남구,32,32
201705,광주광역시,남구,33,38
201705,광주광역시,남구,34,29
201705,광주광역시,남구,35,54
201705,광주광역시,남구,36,53
201705,광주광역시,남구,37,53
201705,광주광역시,남구,38,52
201705,광주광역시,남구,39,71
201705,광주광역시,남구,40,83
201705,광주광역시,남구,41,66
201705,광주광역시,남구,42,107
201705,광주광역시,남구,43,120
201705,광주광역시,남구,44,148
201705,광주광역시,남구,45,126
201705,광주광역시,남구,46,158
201705,광주광역시,남구,47,169
201705,광주광역시,남구,48,166
201705,광주광역시,남구,49,170
201705,광주광역시,남구,50,177
201705,광주광역시,남구,51,182
201705,광주광역시,남구,52,157
201705,광주광역시,남구,53,141
201705,광주광역시,남구,54,175
201705,광주광역시,남구,55,139
201705,광주광역시,남구,56,140
201705,광주광역시,남구,57,154
201705,광주광역시,남구,58,144
201705,광주광역시,남구,59,132
201705,광주광역시,남구,60,137
201705,광주광역시,남구,61,99
201705,광주광역시,남구,62,111
201705,광주광역시,남구,63,71
201705,광주광역시,남구,64,69
201705,광주광역시,남구,65,82
201705,광주광역시,남구,66,76
201705,광주광역시,남구,67,95
201705,광주광역시,남구,68,84
201705,광주광역시,남구,69,85
201705,광주광역시,남구,70,86
201705,광주광역시,남구,71,70
201705,광주광역시,남구,72,74
201705,광주광역시,남구,73,75
201705,광주광역시,남구,74,95
201705,광주광역시,남구,75,88
201705,광주광역시,남구,76,76
201705,광주광역시,남구,77,84
201705,광주광역시,남구,78,85
201705,광주광역시,남구,79,59
201705,광주광역시,남구,80,58
201705,광주광역시,남구,81,53
201705,광주광역시,남구,82,54
201705,광주광역시,남구,83,52
201705,광주광역시,남구,84,39
201705,광주광역시,남구,85,46
201705,광주광역시,남구,86,32
201705,광주광역시,남구,87,28
201705,광주광역시,남구,88,26
201705,광주광역시,남구,89,26
201705,광주광역시,남구,90,17
201705,광주광역시,남구,91,5
201705,광주광역시,남구,92,7
201705,광주광역시,남구,93,4
201705,광주광역시,남구,94,4
201705,광주광역시,남구,95,5
201705,광주광역시,남구,96,4
201705,광주광역시,남구,97,4
201705,광주광역시,남구,99,1
201705,광주광역시,남구,103,1
201705,광주광역시,남구,105,1
201705,광주광역시,북구,0,47
201705,광주광역시,북구,1,80
201705,광주광역시,북구,2,88
201705,광주광역시,북구,3,95
201705,광주광역시,북구,4,120
201705,광주광역시,북구,5,113
201705,광주광역시,북구,6,212
201705,광주광역시,북구,7,246
201705,광주광역시,북구,8,302
201705,광주광역시,북구,9,317
201705,광주광역시,북구,10,335
201705,광주광역시,북구,11,341
201705,광주광역시,북구,12,344
201705,광주광역시,북구,13,420
201705,광주광역시,북구,14,485
201705,광주광역시,북구,15,547
201705,광주광역시,북구,16,665
201705,광주광역시,북구,17,782
201705,광주광역시,북구,18,534
201705,광주광역시,북구,19,445
201705,광주광역시,북구,20,370
201705,광주광역시,북구,21,332
201705,광주광역시,북구,22,355
201705,광주광역시,북구,23,284
201705,광주광역시,북구,24,242
201705,광주광역시,북구,25,161
201705,광주광역시,북구,26,128
201705,광주광역시,북구,27,84
201705,광주광역시,북구,28,72
201705,광주광역시,북구,29,56
201705,광주광역시,북구,30,69
201705,광주광역시,북구,31,67
201705,광주광역시,북구,32,68
201705,광주광역시,북구,33,73
201705,광주광역시,북구,34,87
201705,광주광역시,북구,35,130
201705,광주광역시,북구,36,126
201705,광주광역시,북구,37,131
201705,광주광역시,북구,38,143
201705,광주광역시,북구,39,157
201705,광주광역시,북구,40,161
201705,광주광역시,북구,41,183
201705,광주광역시,북구,42,220
201705,광주광역시,북구,43,263
201705,광주광역시,북구,44,282
201705,광주광역시,북구,45,292
201705,광주광역시,북구,46,353
201705,광주광역시,북구,47,386
201705,광주광역시,북구,48,414
201705,광주광역시,북구,49,399
201705,광주광역시,북구,50,364
201705,광주광역시,북구,51,394
201705,광주광역시,북구,52,354
201705,광주광역시,북구,53,354
201705,광주광역시,북구,54,397
201705,광주광역시,북구,55,325
201705,광주광역시,북구,56,425
201705,광주광역시,북구,57,398
201705,광주광역시,북구,58,340
201705,광주광역시,북구,59,312
201705,광주광역시,북구,60,305
201705,광주광역시,북구,61,304
201705,광주광역시,북구,62,279
201705,광주광역시,북구,63,236
201705,광주광역시,북구,64,232
201705,광주광역시,북구,65,246
201705,광주광역시,북구,66,208
201705,광주광역시,북구,67,248
201705,광주광역시,북구,68,225
201705,광주광역시,북구,69,235
201705,광주광역시,북구,70,238
201705,광주광역시,북구,71,166
201705,광주광역시,북구,72,191
201705,광주광역시,북구,73,176
201705,광주광역시,북구,74,237
201705,광주광역시,북구,75,210
201705,광주광역시,북구,76,206
201705,광주광역시,북구,77,195
201705,광주광역시,북구,78,173
201705,광주광역시,북구,79,168
201705,광주광역시,북구,80,157
201705,광주광역시,북구,81,148
201705,광주광역시,북구,82,121
201705,광주광역시,북구,83,130
201705,광주광역시,북구,84,87
201705,광주광역시,북구,85,85
201705,광주광역시,북구,86,85
201705,광주광역시,북구,87,79
201705,광주광역시,북구,88,53
201705,광주광역시,북구,89,32
201705,광주광역시,북구,90,36
201705,광주광역시,북구,91,22
201705,광주광역시,북구,92,19
201705,광주광역시,북구,93,12
201705,광주광역시,북구,94,16
201705,광주광역시,북구,95,10
201705,광주광역시,북구,96,6
201705,광주광역시,북구,97,3
201705,광주광역시,북구,98,2
201705,광주광역시,북구,99,1
201705,광주광역시,북구,100,1
201705,광주광역시,북구,101,1
201705,광주광역시,북구,103,3
201705,광주광역시,광산구,0,50
201705,광주광역시,광산구,1,77
201705,광주광역시,광산구,2,96
201705,광주광역시,광산구,3,93
201705,광주광역시,광산구,4,129
201705,광주광역시,광산구,5,112
201705,광주광역시,광산구,6,202
201705,광주광역시,광산구,7,251
201705,광주광역시,광산구,8,268
201705,광주광역시,광산구,9,297
201705,광주광역시,광산구,10,290
201705,광주광역시,광산구,11,280
201705,광주광역시,광산구,12,310
201705,광주광역시,광산구,13,330
201705,광주광역시,광산구,14,362
201705,광주광역시,광산구,15,425
201705,광주광역시,광산구,16,508
201705,광주광역시,광산구,17,532
201705,광주광역시,광산구,18,401
201705,광주광역시,광산구,19,326
201705,광주광역시,광산구,20,281
201705,광주광역시,광산구,21,246
201705,광주광역시,광산구,22,183
201705,광주광역시,광산구,23,172
201705,광주광역시,광산구,24,132
201705,광주광역시,광산구,25,95
201705,광주광역시,광산구,26,60
201705,광주광역시,광산구,27,61
201705,광주광역시,광산구,28,55
201705,광주광역시,광산구,29,47
201705,광주광역시,광산구,30,51
201705,광주광역시,광산구,31,64
201705,광주광역시,광산구,32,67
201705,광주광역시,광산구,33,61
201705,광주광역시,광산구,34,82
201705,광주광역시,광산구,35,78
201705,광주광역시,광산구,36,103
201705,광주광역시,광산구,37,142
201705,광주광역시,광산구,38,116
201705,광주광역시,광산구,39,140
201705,광주광역시,광산구,40,133
201705,광주광역시,광산구,41,140
201705,광주광역시,광산구,42,175
201705,광주광역시,광산구,43,214
201705,광주광역시,광산구,44,218
201705,광주광역시,광산구,45,238
201705,광주광역시,광산구,46,247
201705,광주광역시,광산구,47,230
201705,광주광역시,광산구,48,287
201705,광주광역시,광산구,49,236
201705,광주광역시,광산구,50,236
201705,광주광역시,광산구,51,204
201705,광주광역시,광산구,52,191
201705,광주광역시,광산구,53,194
201705,광주광역시,광산구,54,207
201705,광주광역시,광산구,55,205
201705,광주광역시,광산구,56,220
201705,광주광역시,광산구,57,194
201705,광주광역시,광산구,58,187
201705,광주광역시,광산구,59,163
201705,광주광역시,광산구,60,157
201705,광주광역시,광산구,61,143
201705,광주광역시,광산구,62,150
201705,광주광역시,광산구,63,120
201705,광주광역시,광산구,64,99
201705,광주광역시,광산구,65,128
201705,광주광역시,광산구,66,104
201705,광주광역시,광산구,67,122
201705,광주광역시,광산구,68,125
201705,광주광역시,광산구,69,128
201705,광주광역시,광산구,70,121
201705,광주광역시,광산구,71,100
201705,광주광역시,광산구,72,99
201705,광주광역시,광산구,73,103
201705,광주광역시,광산구,74,119
201705,광주광역시,광산구,75,117
201705,광주광역시,광산구,76,115
201705,광주광역시,광산구,77,115
201705,광주광역시,광산구,78,105
201705,광주광역시,광산구,79,80
201705,광주광역시,광산구,80,95
201705,광주광역시,광산구,81,88
201705,광주광역시,광산구,82,82
201705,광주광역시,광산구,83,46
201705,광주광역시,광산구,84,53
201705,광주광역시,광산구,85,41
201705,광주광역시,광산구,86,43
201705,광주광역시,광산구,87,39
201705,광주광역시,광산구,88,34
201705,광주광역시,광산구,89,26
201705,광주광역시,광산구,90,26
201705,광주광역시,광산구,91,11
201705,광주광역시,광산구,92,11
201705,광주광역시,광산구,93,8
201705,광주광역시,광산구,94,11
201705,광주광역시,광산구,95,7
201705,광주광역시,광산구,96,4
201705,광주광역시,광산구,97,4
201705,광주광역시,광산구,100,1
201705,광주광역시,광산구,101,1
201705,광주광역시,광산구,103,1
201705,대전광역시,동구,0,26
201705,대전광역시,동구,1,26
201705,대전광역시,동구,2,37
201705,대전광역시,동구,3,51
201705,대전광역시,동구,4,42
201705,대전광역시,동구,5,63
201705,대전광역시,동구,6,109
201705,대전광역시,동구,7,144
201705,대전광역시,동구,8,163
201705,대전광역시,동구,9,211
201705,대전광역시,동구,10,199
201705,대전광역시,동구,11,202
201705,대전광역시,동구,12,213
201705,대전광역시,동구,13,275
201705,대전광역시,동구,14,307
201705,대전광역시,동구,15,305
201705,대전광역시,동구,16,382
201705,대전광역시,동구,17,429
201705,대전광역시,동구,18,273
201705,대전광역시,동구,19,197
201705,대전광역시,동구,20,173
201705,대전광역시,동구,21,153
201705,대전광역시,동구,22,138
201705,대전광역시,동구,23,97
201705,대전광역시,동구,24,92
201705,대전광역시,동구,25,56
201705,대전광역시,동구,26,47
201705,대전광역시,동구,27,48
201705,대전광역시,동구,28,28
201705,대전광역시,동구,29,33
201705,대전광역시,동구,30,28
201705,대전광역시,동구,31,33
201705,대전광역시,동구,32,38
201705,대전광역시,동구,33,27
201705,대전광역시,동구,34,50
201705,대전광역시,동구,35,56
201705,대전광역시,동구,36,52
201705,대전광역시,동구,37,62
201705,대전광역시,동구,38,86
201705,대전광역시,동구,39,72
201705,대전광역시,동구,40,89
201705,대전광역시,동구,41,107
201705,대전광역시,동구,42,111
201705,대전광역시,동구,43,151
201705,대전광역시,동구,44,150
201705,대전광역시,동구,45,164
201705,대전광역시,동구,46,184
201705,대전광역시,동구,47,171
201705,대전광역시,동구,48,216
201705,대전광역시,동구,49,205
201705,대전광역시,동구,50,170
201705,대전광역시,동구,51,181
201705,대전광역시,동구,52,207
201705,대전광역시,동구,53,168
201705,대전광역시,동구,54,209
201705,대전광역시,동구,55,224
201705,대전광역시,동구,56,225
201705,대전광역시,동구,57,218
201705,대전광역시,동구,58,219
201705,대전광역시,동구,59,222
201705,대전광역시,동구,60,208
201705,대전광역시,동구,61,221
201705,대전광역시,동구,62,207
201705,대전광역시,동구,63,169
201705,대전광역시,동구,64,160
201705,대전광역시,동구,65,192
201705,대전광역시,동구,66,157
201705,대전광역시,동구,67,193
201705,대전광역시,동구,68,203
201705,대전광역시,동구,69,174
201705,대전광역시,동구,70,224
201705,대전광역시,동구,71,139
201705,대전광역시,동구,72,157
201705,대전광역시,동구,73,177
201705,대전광역시,동구,74,242
201705,대전광역시,동구,75,220
201705,대전광역시,동구,76,178
201705,대전광역시,동구,77,159
201705,대전광역시,동구,78,155
201705,대전광역시,동구,79,147
201705,대전광역시,동구,80,122
201705,대전광역시,동구,81,119
201705,대전광역시,동구,82,94
201705,대전광역시,동구,83,110
201705,대전광역시,동구,84,94
201705,대전광역시,동구,85,59
201705,대전광역시,동구,86,53
201705,대전광역시,동구,87,51
201705,대전광역시,동구,88,45
201705,대전광역시,동구,89,38
201705,대전광역시,동구,90,18
201705,대전광역시,동구,91,18
201705,대전광역시,동구,92,18
201705,대전광역시,동구,93,8
201705,대전광역시,동구,94,6
201705,대전광역시,동구,95,5
201705,대전광역시,동구,96,5
201705,대전광역시,동구,97,3
201705,대전광역시,동구,100,1
201705,대전광역시,동구,101,1
201705,대전광역시,동구,107,1
201705,대전광역시,중구,0,35
201705,대전광역시,중구,1,47
201705,대전광역시,중구,2,42
201705,대전광역시,중구,3,35
201705,대전광역시,중구,4,46
201705,대전광역시,중구,5,40
201705,대전광역시,중구,6,86
201705,대전광역시,중구,7,116
201705,대전광역시,중구,8,130
201705,대전광역시,중구,9,178
201705,대전광역시,중구,10,154
201705,대전광역시,중구,11,185
201705,대전광역시,중구,12,188
201705,대전광역시,중구,13,205
201705,대전광역시,중구,14,270
201705,대전광역시,중구,15,321
201705,대전광역시,중구,16,381
201705,대전광역시,중구,17,391
201705,대전광역시,중구,18,251
201705,대전광역시,중구,19,187
201705,대전광역시,중구,20,165
201705,대전광역시,중구,21,140
201705,대전광역시,중구,22,138
201705,대전광역시,중구,23,111
201705,대전광역시,중구,24,90
201705,대전광역시,중구,25,68
201705,대전광역시,중구,26,49
201705,대전광역시,중구,27,37
201705,대전광역시,중구,28,31
201705,대전광역시,중구,29,23
201705,대전광역시,중구,30,22
201705,대전광역시,중구,31,22
201705,대전광역시,중구,32,25
201705,대전광역시,중구,33,21
201705,대전광역시,중구,34,40
201705,대전광역시,중구,35,49
201705,대전광역시,중구,36,39
201705,대전광역시,중구,37,65
201705,대전광역시,중구,38,58
201705,대전광역시,중구,39,75
201705,대전광역시,중구,40,86
201705,대전광역시,중구,41,103
201705,대전광역시,중구,42,91
201705,대전광역시,중구,43,138
201705,대전광역시,중구,44,133
201705,대전광역시,중구,45,139
201705,대전광역시,중구,46,144
201705,대전광역시,중구,47,169
201705,대전광역시,중구,48,173
201705,대전광역시,중구,49,178
201705,대전광역시,중구,50,179
201705,대전광역시,중구,51,172
201705,대전광역시,중구,52,154
201705,대전광역시,중구,53,163
201705,대전광역시,중구,54,185
201705,대전광역시,중구,55,164
201705,대전광역시,중구,56,188
201705,대전광역시,중구,57,223
201705,대전광역시,중구,58,185
201705,대전광역시,중구,59,180
201705,대전광역시,중구,60,174
201705,대전광역시,중구,61,135
201705,대전광역시,중구,62,131
201705,대전광역시,중구,63,139
201705,대전광역시,중구,64,146
201705,대전광역시,중구,65,134
201705,대전광역시,중구,66,127
201705,대전광역시,중구,67,134
201705,대전광역시,중구,68,134
201705,대전광역시,중구,69,118
201705,대전광역시,중구,70,123
201705,대전광역시,중구,71,123
201705,대전광역시,중구,72,118
201705,대전광역시,중구,73,104
201705,대전광역시,중구,74,141
201705,대전광역시,중구,75,161
201705,대전광역시,중구,76,99
201705,대전광역시,중구,77,122
201705,대전광역시,중구,78,118
201705,대전광역시,중구,79,96
201705,대전광역시,중구,80,91
201705,대전광역시,중구,81,72
201705,대전광역시,중구,82,83
201705,대전광역시,중구,83,71
201705,대전광역시,중구,84,55
201705,대전광역시,중구,85,53
201705,대전광역시,중구,86,44
201705,대전광역시,중구,87,41
201705,대전광역시,중구,88,34
201705,대전광역시,중구,89,18
201705,대전광역시,중구,90,29
201705,대전광역시,중구,91,14
201705,대전광역시,중구,92,11
201705,대전광역시,중구,93,11
201705,대전광역시,중구,94,7
201705,대전광역시,중구,95,7
201705,대전광역시,중구,96,2
201705,대전광역시,중구,101,2
201705,대전광역시,서구,0,29
201705,대전광역시,서구,1,54
201705,대전광역시,서구,2,52
201705,대전광역시,서구,3,55
201705,대전광역시,서구,4,72
201705,대전광역시,서구,5,93
201705,대전광역시,서구,6,112
201705,대전광역시,서구,7,121
201705,대전광역시,서구,8,156
201705,대전광역시,서구,9,209
201705,대전광역시,서구,10,204
201705,대전광역시,서구,11,209
201705,대전광역시,서구,12,245
201705,대전광역시,서구,13,270
201705,대전광역시,서구,14,288
201705,대전광역시,서구,15,377
201705,대전광역시,서구,16,425
201705,대전광역시,서구,17,459
201705,대전광역시,서구,18,355
201705,대전광역시,서구,19,259
201705,대전광역시,서구,20,207
201705,대전광역시,서구,21,198
201705,대전광역시,서구,22,181
201705,대전광역시,서구,23,166
201705,대전광역시,서구,24,116
201705,대전광역시,서구,25,86
201705,대전광역시,서구,26,47
201705,대전광역시,서구,27,46
201705,대전광역시,서구,28,42
201705,대전광역시,서구,29,35
201705,대전광역시,서구,30,35
201705,대전광역시,서구,31,33
201705,대전광역시,서구,32,35
201705,대전광역시,서구,33,44
201705,대전광역시,서구,34,55
201705,대전광역시,서구,35,69
201705,대전광역시,서구,36,65
201705,대전광역시,서구,37,80
201705,대전광역시,서구,38,69
201705,대전광역시,서구,39,68
201705,대전광역시,서구,40,97
201705,대전광역시,서구,41,99
201705,대전광역시,서구,42,126
201705,대전광역시,서구,43,172
201705,대전광역시,서구,44,206
201705,대전광역시,서구,45,163
201705,대전광역시,서구,46,215
201705,대전광역시,서구,47,243
201705,대전광역시,서구,48,274
201705,대전광역시,서구,49,236
201705,대전광역시,서구,50,223
201705,대전광역시,서구,51,216
201705,대전광역시,서구,52,204
201705,대전광역시,서구,53,171
201705,대전광역시,서구,54,219
201705,대전광역시,서구,55,208
201705,대전광역시,서구,56,249
201705,대전광역시,서구,57,200
201705,대전광역시,서구,58,218
201705,대전광역시,서구,59,202
201705,대전광역시,서구,60,171
201705,대전광역시,서구,61,161
201705,대전광역시,서구,62,189
201705,대전광역시,서구,63,136
201705,대전광역시,서구,64,149
201705,대전광역시,서구,65,118
201705,대전광역시,서구,66,141
201705,대전광역시,서구,67,143
201705,대전광역시,서구,68,124
201705,대전광역시,서구,69,146
201705,대전광역시,서구,70,160
201705,대전광역시,서구,71,109
201705,대전광역시,서구,72,123
201705,대전광역시,서구,73,146
201705,대전광역시,서구,74,160
201705,대전광역시,서구,75,154
201705,대전광역시,서구,76,130
201705,대전광역시,서구,77,128
201705,대전광역시,서구,78,129
201705,대전광역시,서구,79,113
201705,대전광역시,서구,80,107
201705,대전광역시,서구,81,97
201705,대전광역시,서구,82,92
201705,대전광역시,서구,83,84
201705,대전광역시,서구,84,67
201705,대전광역시,서구,85,43
201705,대전광역시,서구,86,38
201705,대전광역시,서구,87,30
201705,대전광역시,서구,88,40
201705,대전광역시,서구,89,36
201705,대전광역시,서구,90,23
201705,대전광역시,서구,91,19
201705,대전광역시,서구,92,18
201705,대전광역시,서구,93,12
201705,대전광역시,서구,94,9
201705,대전광역시,서구,95,6
201705,대전광역시,서구,96,1
201705,대전광역시,서구,97,1
201705,대전광역시,서구,98,2
201705,대전광역시,서구,99,1
201705,대전광역시,서구,101,1
201705,대전광역시,서구,104,1
201705,대전광역시,유성구,0,11
201705,대전광역시,유성구,1,26
201705,대전광역시,유성구,2,31
201705,대전광역시,유성구,3,22
201705,대전광역시,유성구,4,31
201705,대전광역시,유성구,5,32
201705,대전광역시,유성구,6,48
201705,대전광역시,유성구,7,64
201705,대전광역시,유성구,8,87
201705,대전광역시,유성구,9,74
201705,대전광역시,유성구,10,89
201705,대전광역시,유성구,11,84
201705,대전광역시,유성구,12,93
201705,대전광역시,유성구,13,118
201705,대전광역시,유성구,14,108
201705,대전광역시,유성구,15,118
201705,대전광역시,유성구,16,171
201705,대전광역시,유성구,17,165
201705,대전광역시,유성구,18,128
201705,대전광역시,유성구,19,111
201705,대전광역시,유성구,20,107
201705,대전광역시,유성구,21,69
201705,대전광역시,유성구,22,79
201705,대전광역시,유성구,23,51
201705,대전광역시,유성구,24,52
201705,대전광역시,유성구,25,31
201705,대전광역시,유성구,26,19
201705,대전광역시,유성구,27,21
201705,대전광역시,유성구,28,14
201705,대전광역시,유성구,29,18
201705,대전광역시,유성구,30,8
201705,대전광역시,유성구,31,22
201705,대전광역시,유성구,32,22
201705,대전광역시,유성구,33,19
201705,대전광역시,유성구,34,21
201705,대전광역시,유성구,35,22
201705,대전광역시,유성구,36,38
201705,대전광역시,유성구,37,30
201705,대전광역시,유성구,38,34
201705,대전광역시,유성구,39,35
201705,대전광역시,유성구,40,51
201705,대전광역시,유성구,41,49
201705,대전광역시,유성구,42,59
201705,대전광역시,유성구,43,71
201705,대전광역시,유성구,44,81
201705,대전광역시,유성구,45,81
201705,대전광역시,유성구,46,89
201705,대전광역시,유성구,47,99
201705,대전광역시,유성구,48,108
201705,대전광역시,유성구,49,75
201705,대전광역시,유성구,50,77
201705,대전광역시,유성구,51,69
201705,대전광역시,유성구,52,84
201705,대전광역시,유성구,53,69
201705,대전광역시,유성구,54,86
201705,대전광역시,유성구,55,85
201705,대전광역시,유성구,56,94
201705,대전광역시,유성구,57,86
201705,대전광역시,유성구,58,86
201705,대전광역시,유성구,59,76
201705,대전광역시,유성구,60,84
201705,대전광역시,유성구,61,71
201705,대전광역시,유성구,62,85
201705,대전광역시,유성구,63,45
201705,대전광역시,유성구,64,59
201705,대전광역시,유성구,65,57
201705,대전광역시,유성구,66,70
201705,대전광역시,유성구,67,52
201705,대전광역시,유성구,68,64
201705,대전광역시,유성구,69,72
201705,대전광역시,유성구,70,52
201705,대전광역시,유성구,71,41
201705,대전광역시,유성구,72,53
201705,대전광역시,유성구,73,52
201705,대전광역시,유성구,74,67
201705,대전광역시,유성구,75,59
201705,대전광역시,유성구,76,46
201705,대전광역시,유성구,77,42
201705,대전광역시,유성구,78,39
201705,대전광역시,유성구,79,42
201705,대전광역시,유성구,80,34
201705,대전광역시,유성구,81,36
201705,대전광역시,유성구,82,34
201705,대전광역시,유성구,83,27
201705,대전광역시,유성구,84,19
201705,대전광역시,유성구,85,26
201705,대전광역시,유성구,86,15
201705,대전광역시,유성구,87,22
201705,대전광역시,유성구,88,13
201705,대전광역시,유성구,89,6
201705,대전광역시,유성구,90,5
201705,대전광역시,유성구,91,6
201705,대전광역시,유성구,92,8
201705,대전광역시,유성구,93,8
201705,대전광역시,유성구,94,4
201705,대전광역시,유성구,95,2
201705,대전광역시,유성구,96,4
201705,대전광역시,유성구,97,1
201705,대전광역시,유성구,98,1
201705,대전광역시,유성구,100,1
201705,대전광역시,유성구,101,1
201705,대전광역시,유성구,116,1
201705,대전광역시,대덕구,0,11
201705,대전광역시,대덕구,1,22
201705,대전광역시,대덕구,2,21
201705,대전광역시,대덕구,3,22
201705,대전광역시,대덕구,4,39
201705,대전광역시,대덕구,5,36
201705,대전광역시,대덕구,6,76
201705,대전광역시,대덕구,7,111
201705,대전광역시,대덕구,8,136
201705,대전광역시,대덕구,9,149
201705,대전광역시,대덕구,10,157
201705,대전광역시,대덕구,11,160
201705,대전광역시,대덕구,12,181
201705,대전광역시,대덕구,13,189
201705,대전광역시,대덕구,14,204
201705,대전광역시,대덕구,15,248
201705,대전광역시,대덕구,16,295
201705,대전광역시,대덕구,17,296
201705,대전광역시,대덕구,18,204
201705,대전광역시,대덕구,19,129
201705,대전광역시,대덕구,20,90
201705,대전광역시,대덕구,21,106
201705,대전광역시,대덕구,22,83
201705,대전광역시,대덕구,23,64
201705,대전광역시,대덕구,24,54
201705,대전광역시,대덕구,25,38
201705,대전광역시,대덕구,26,34
201705,대전광역시,대덕구,27,18
201705,대전광역시,대덕구,28,20
201705,대전광역시,대덕구,29,14
201705,대전광역시,대덕구,30,18
201705,대전광역시,대덕구,31,12
201705,대전광역시,대덕구,32,14
201705,대전광역시,대덕구,33,32
201705,대전광역시,대덕구,34,28
201705,대전광역시,대덕구,35,44
201705,대전광역시,대덕구,36,55
201705,대전광역시,대덕구,37,55
201705,대전광역시,대덕구,38,58
201705,대전광역시,대덕구,39,50
201705,대전광역시,대덕구,40,59
201705,대전광역시,대덕구,41,67
201705,대전광역시,대덕구,42,74
201705,대전광역시,대덕구,43,103
201705,대전광역시,대덕구,44,94
201705,대전광역시,대덕구,45,111
201705,대전광역시,대덕구,46,124
201705,대전광역시,대덕구,47,130
201705,대전광역시,대덕구,48,141
201705,대전광역시,대덕구,49,127
201705,대전광역시,대덕구,50,122
201705,대전광역시,대덕구,51,114
201705,대전광역시,대덕구,52,121
201705,대전광역시,대덕구,53,87
201705,대전광역시,대덕구,54,137
201705,대전광역시,대덕구,55,116
201705,대전광역시,대덕구,56,148
201705,대전광역시,대덕구,57,136
201705,대전광역시,대덕구,58,128
201705,대전광역시,대덕구,59,114
201705,대전광역시,대덕구,60,117
201705,대전광역시,대덕구,61,119
201705,대전광역시,대덕구,62,118
201705,대전광역시,대덕구,63,99
201705,대전광역시,대덕구,64,100
201705,대전광역시,대덕구,65,110
201705,대전광역시,대덕구,66,79
201705,대전광역시,대덕구,67,87
201705,대전광역시,대덕구,68,84
201705,대전광역시,대덕구,69,109
201705,대전광역시,대덕구,70,102
201705,대전광역시,대덕구,71,64
201705,대전광역시,대덕구,72,88
201705,대전광역시,대덕구,73,87
201705,대전광역시,대덕구,74,116
201705,대전광역시,대덕구,75,93
201705,대전광역시,대덕구,76,92
201705,대전광역시,대덕구,77,83
201705,대전광역시,대덕구,78,77
201705,대전광역시,대덕구,79,72
201705,대전광역시,대덕구,80,76
201705,대전광역시,대덕구,81,70
201705,대전광역시,대덕구,82,65
201705,대전광역시,대덕구,83,48
201705,대전광역시,대덕구,84,50
201705,대전광역시,대덕구,85,30
201705,대전광역시,대덕구,86,35
201705,대전광역시,대덕구,87,28
201705,대전광역시,대덕구,88,29
201705,대전광역시,대덕구,89,22
201705,대전광역시,대덕구,90,17
201705,대전광역시,대덕구,91,10
201705,대전광역시,대덕구,92,4
201705,대전광역시,대덕구,93,14
201705,대전광역시,대덕구,94,8
201705,대전광역시,대덕구,95,5
201705,대전광역시,대덕구,96,1
201705,대전광역시,대덕구,98,2
201705,대전광역시,대덕구,99,1
201705,대전광역시,대덕구,100,1
201705,대전광역시,대덕구,102,1
201705,울산광역시,중구,0,11
201705,울산광역시,중구,1,11
201705,울산광역시,중구,2,6
201705,울산광역시,중구,3,14
201705,울산광역시,중구,4,20
201705,울산광역시,중구,5,20
201705,울산광역시,중구,6,25
201705,울산광역시,중구,7,36
201705,울산광역시,중구,8,36
201705,울산광역시,중구,9,53
201705,울산광역시,중구,10,62
201705,울산광역시,중구,11,62
201705,울산광역시,중구,12,66
201705,울산광역시,중구,13,75
201705,울산광역시,중구,14,77
201705,울산광역시,중구,15,92
201705,울산광역시,중구,16,106
201705,울산광역시,중구,17,150
201705,울산광역시,중구,18,86
201705,울산광역시,중구,19,77
201705,울산광역시,중구,20,45
201705,울산광역시,중구,21,51
201705,울산광역시,중구,22,34
201705,울산광역시,중구,23,26
201705,울산광역시,중구,24,20
201705,울산광역시,중구,25,15
201705,울산광역시,중구,26,9
201705,울산광역시,중구,27,8
201705,울산광역시,중구,28,8
201705,울산광역시,중구,29,8
201705,울산광역시,중구,30,7
201705,울산광역시,중구,31,12
201705,울산광역시,중구,32,13
201705,울산광역시,중구,33,11
201705,울산광역시,중구,34,20
201705,울산광역시,중구,35,23
201705,울산광역시,중구,36,21
201705,울산광역시,중구,37,23
201705,울산광역시,중구,38,30
201705,울산광역시,중구,39,35
201705,울산광역시,중구,40,19
201705,울산광역시,중구,41,35
201705,울산광역시,중구,42,47
201705,울산광역시,중구,43,44
201705,울산광역시,중구,44,68
201705,울산광역시,중구,45,64
201705,울산광역시,중구,46,67
201705,울산광역시,중구,47,59
201705,울산광역시,중구,48,75
201705,울산광역시,중구,49,57
201705,울산광역시,중구,50,72
201705,울산광역시,중구,51,71
201705,울산광역시,중구,52,79
201705,울산광역시,중구,53,57
201705,울산광역시,중구,54,78
201705,울산광역시,중구,55,92
201705,울산광역시,중구,56,103
201705,울산광역시,중구,57,79
201705,울산광역시,중구,58,97
201705,울산광역시,중구,59,89
201705,울산광역시,중구,60,78
201705,울산광역시,중구,61,69
201705,울산광역시,중구,62,73
201705,울산광역시,중구,63,87
201705,울산광역시,중구,64,85
201705,울산광역시,중구,65,73
201705,울산광역시,중구,66,65
201705,울산광역시,중구,67,77
201705,울산광역시,중구,68,80
201705,울산광역시,중구,69,86
201705,울산광역시,중구,70,77
201705,울산광역시,중구,71,42
201705,울산광역시,중구,72,82
201705,울산광역시,중구,73,75
201705,울산광역시,중구,74,85
201705,울산광역시,중구,75,75
201705,울산광역시,중구,76,53
201705,울산광역시,중구,77,76
201705,울산광역시,중구,78,63
201705,울산광역시,중구,79,55
201705,울산광역시,중구,80,34
201705,울산광역시,중구,81,40
201705,울산광역시,중구,82,37
201705,울산광역시,중구,83,36
201705,울산광역시,중구,84,37
201705,울산광역시,중구,85,20
201705,울산광역시,중구,86,25
201705,울산광역시,중구,87,14
201705,울산광역시,중구,88,17
201705,울산광역시,중구,89,11
201705,울산광역시,중구,90,8
201705,울산광역시,중구,91,3
201705,울산광역시,중구,92,6
201705,울산광역시,중구,93,6
201705,울산광역시,중구,94,7
201705,울산광역시,중구,95,1
201705,울산광역시,중구,96,4
201705,울산광역시,중구,98,2
201705,울산광역시,중구,109,1
201705,울산광역시,남구,0,8
201705,울산광역시,남구,1,13
201705,울산광역시,남구,2,12
201705,울산광역시,남구,3,17
201705,울산광역시,남구,4,13
201705,울산광역시,남구,5,15
201705,울산광역시,남구,6,15
201705,울산광역시,남구,7,32
201705,울산광역시,남구,8,36
201705,울산광역시,남구,9,52
201705,울산광역시,남구,10,57
201705,울산광역시,남구,11,59
201705,울산광역시,남구,12,52
201705,울산광역시,남구,13,69
201705,울산광역시,남구,14,71
201705,울산광역시,남구,15,72
201705,울산광역시,남구,16,105
201705,울산광역시,남구,17,120
201705,울산광역시,남구,18,107
201705,울산광역시,남구,19,61
201705,울산광역시,남구,20,55
201705,울산광역시,남구,21,50
201705,울산광역시,남구,22,41
201705,울산광역시,남구,23,49
201705,울산광역시,남구,24,27
201705,울산광역시,남구,25,22
201705,울산광역시,남구,26,22
201705,울산광역시,남구,27,12
201705,울산광역시,남구,28,10
201705,울산광역시,남구,29,10
201705,울산광역시,남구,30,6
201705,울산광역시,남구,31,19
201705,울산광역시,남구,32,12
201705,울산광역시,남구,33,16
201705,울산광역시,남구,34,23
201705,울산광역시,남구,35,21
201705,울산광역시,남구,36,27
201705,울산광역시,남구,37,26
201705,울산광역시,남구,38,28
201705,울산광역시,남구,39,28
201705,울산광역시,남구,40,31
201705,울산광역시,남구,41,49
201705,울산광역시,남구,42,40
201705,울산광역시,남구,43,56
201705,울산광역시,남구,44,56
201705,울산광역시,남구,45,65
201705,울산광역시,남구,46,81
201705,울산광역시,남구,47,87
201705,울산광역시,남구,48,81
201705,울산광역시,남구,49,75
201705,울산광역시,남구,50,76
201705,울산광역시,남구,51,84
201705,울산광역시,남구,52,64
201705,울산광역시,남구,53,79
201705,울산광역시,남구,54,104
201705,울산광역시,남구,55,87
201705,울산광역시,남구,56,109
201705,울산광역시,남구,57,108
201705,울산광역시,남구,58,96
201705,울산광역시,남구,59,104
201705,울산광역시,남구,60,112
201705,울산광역시,남구,61,81
201705,울산광역시,남구,62,99
201705,울산광역시,남구,63,68
201705,울산광역시,남구,64,84
201705,울산광역시,남구,65,81
201705,울산광역시,남구,66,86
201705,울산광역시,남구,67,54
201705,울산광역시,남구,68,88
201705,울산광역시,남구,69,71
201705,울산광역시,남구,70,64
201705,울산광역시,남구,71,55
201705,울산광역시,남구,72,53
201705,울산광역시,남구,73,63
201705,울산광역시,남구,74,61
201705,울산광역시,남구,75,101
201705,울산광역시,남구,76,78
201705,울산광역시,남구,77,61
201705,울산광역시,남구,78,57
201705,울산광역시,남구,79,54
201705,울산광역시,남구,80,56
201705,울산광역시,남구,81,51
201705,울산광역시,남구,82,51
201705,울산광역시,남구,83,44
201705,울산광역시,남구,84,29
201705,울산광역시,남구,85,28
201705,울산광역시,남구,86,27
201705,울산광역시,남구,87,14
201705,울산광역시,남구,88,17
201705,울산광역시,남구,89,13
201705,울산광역시,남구,90,9
201705,울산광역시,남구,91,12
201705,울산광역시,남구,92,8
201705,울산광역시,남구,93,3
201705,울산광역시,남구,94,4
201705,울산광역시,남구,95,1
201705,울산광역시,남구,96,3
201705,울산광역시,남구,97,1
201705,울산광역시,남구,98,1
201705,울산광역시,동구,0,5
201705,울산광역시,동구,1,7
201705,울산광역시,동구,2,10
201705,울산광역시,동구,3,6
201705,울산광역시,동구,4,9
201705,울산광역시,동구,5,11
201705,울산광역시,동구,6,24
201705,울산광역시,동구,7,9
201705,울산광역시,동구,8,28
201705,울산광역시,동구,9,31
201705,울산광역시,동구,10,27
201705,울산광역시,동구,11,23
201705,울산광역시,동구,12,29
201705,울산광역시,동구,13,28
201705,울산광역시,동구,14,31
201705,울산광역시,동구,15,37
201705,울산광역시,동구,16,60
201705,울산광역시,동구,17,63
201705,울산광역시,동구,18,47
201705,울산광역시,동구,19,37
201705,울산광역시,동구,20,31
201705,울산광역시,동구,21,21
201705,울산광역시,동구,22,14
201705,울산광역시,동구,23,12
201705,울산광역시,동구,24,6
201705,울산광역시,동구,25,8
201705,울산광역시,동구,26,8
201705,울산광역시,동구,27,3
201705,울산광역시,동구,28,6
201705,울산광역시,동구,29,5
201705,울산광역시,동구,30,5
201705,울산광역시,동구,31,7
201705,울산광역시,동구,32,7
201705,울산광역시,동구,33,9
201705,울산광역시,동구,34,11
201705,울산광역시,동구,35,16
201705,울산광역시,동구,36,8
201705,울산광역시,동구,37,15
201705,울산광역시,동구,38,15
201705,울산광역시,동구,39,13
201705,울산광역시,동구,40,20
201705,울산광역시,동구,41,19
201705,울산광역시,동구,42,27
201705,울산광역시,동구,43,25
201705,울산광역시,동구,44,22
201705,울산광역시,동구,45,25
201705,울산광역시,동구,46,29
201705,울산광역시,동구,47,27
201705,울산광역시,동구,48,37
201705,울산광역시,동구,49,32
201705,울산광역시,동구,50,25
201705,울산광역시,동구,51,31
201705,울산광역시,동구,52,43
201705,울산광역시,동구,53,36
201705,울산광역시,동구,54,46
201705,울산광역시,동구,55,44
201705,울산광역시,동구,56,40
201705,울산광역시,동구,57,43
201705,울산광역시,동구,58,44
201705,울산광역시,동구,59,51
201705,울산광역시,동구,60,32
201705,울산광역시,동구,61,36
201705,울산광역시,동구,62,38
201705,울산광역시,동구,63,29
201705,울산광역시,동구,64,35
201705,울산광역시,동구,65,28
201705,울산광역시,동구,66,29
201705,울산광역시,동구,67,41
201705,울산광역시,동구,68,29
201705,울산광역시,동구,69,37
201705,울산광역시,동구,70,40
201705,울산광역시,동구,71,22
201705,울산광역시,동구,72,25
201705,울산광역시,동구,73,28
201705,울산광역시,동구,74,47
201705,울산광역시,동구,75,27
201705,울산광역시,동구,76,33
201705,울산광역시,동구,77,44
201705,울산광역시,동구,78,23
201705,울산광역시,동구,79,30
201705,울산광역시,동구,80,22
201705,울산광역시,동구,81,20
201705,울산광역시,동구,82,17
201705,울산광역시,동구,83,13
201705,울산광역시,동구,84,10
201705,울산광역시,동구,85,11
201705,울산광역시,동구,86,14
201705,울산광역시,동구,87,13
201705,울산광역시,동구,88,9
201705,울산광역시,동구,89,3
201705,울산광역시,동구,90,4
201705,울산광역시,동구,91,6
201705,울산광역시,동구,92,2
201705,울산광역시,동구,93,2
201705,울산광역시,동구,94,2
201705,울산광역시,동구,95,3
201705,울산광역시,동구,96,1
201705,울산광역시,동구,99,1
201705,울산광역시,동구,101,1
201705,울산광역시,북구,0,4
201705,울산광역시,북구,1,10
201705,울산광역시,북구,2,13
201705,울산광역시,북구,3,15
201705,울산광역시,북구,4,17
201705,울산광역시,북구,5,17
201705,울산광역시,북구,6,31
201705,울산광역시,북구,7,29
201705,울산광역시,북구,8,36
201705,울산광역시,북구,9,47
201705,울산광역시,북구,10,53
201705,울산광역시,북구,11,55
201705,울산광역시,북구,12,50
201705,울산광역시,북구,13,56
201705,울산광역시,북구,14,64
201705,울산광역시,북구,15,71
201705,울산광역시,북구,16,68
201705,울산광역시,북구,17,85
201705,울산광역시,북구,18,58
201705,울산광역시,북구,19,26
201705,울산광역시,북구,20,29
201705,울산광역시,북구,21,26
201705,울산광역시,북구,22,23
201705,울산광역시,북구,23,15
201705,울산광역시,북구,24,13
201705,울산광역시,북구,25,9
201705,울산광역시,북구,26,6
201705,울산광역시,북구,27,5
201705,울산광역시,북구,28,6
201705,울산광역시,북구,29,5
201705,울산광역시,북구,30,4
201705,울산광역시,북구,31,5
201705,울산광역시,북구,32,6
201705,울산광역시,북구,33,8
201705,울산광역시,북구,34,14
201705,울산광역시,북구,35,21
201705,울산광역시,북구,36,18
201705,울산광역시,북구,37,17
201705,울산광역시,북구,38,16
201705,울산광역시,북구,39,16
201705,울산광역시,북구,40,18
201705,울산광역시,북구,41,27
201705,울산광역시,북구,42,35
201705,울산광역시,북구,43,35
201705,울산광역시,북구,44,36
201705,울산광역시,북구,45,38
201705,울산광역시,북구,46,33
201705,울산광역시,북구,47,39
201705,울산광역시,북구,48,30
201705,울산광역시,북구,49,42
201705,울산광역시,북구,50,47
201705,울산광역시,북구,51,32
201705,울산광역시,북구,52,31
201705,울산광역시,북구,53,28
201705,울산광역시,북구,54,40
201705,울산광역시,북구,55,22
201705,울산광역시,북구,56,44
201705,울산광역시,북구,57,38
201705,울산광역시,북구,58,33
201705,울산광역시,북구,59,30
201705,울산광역시,북구,60,31
201705,울산광역시,북구,61,42
201705,울산광역시,북구,62,40
201705,울산광역시,북구,63,21
201705,울산광역시,북구,64,14
201705,울산광역시,북구,65,26
201705,울산광역시,북구,66,26
201705,울산광역시,북구,67,33
201705,울산광역시,북구,68,24
201705,울산광역시,북구,69,26
201705,울산광역시,북구,70,40
201705,울산광역시,북구,71,17
201705,울산광역시,북구,72,32
201705,울산광역시,북구,73,28
201705,울산광역시,북구,74,40
201705,울산광역시,북구,75,34
201705,울산광역시,북구,76,28
201705,울산광역시,북구,77,25
201705,울산광역시,북구,78,25
201705,울산광역시,북구,79,18
201705,울산광역시,북구,80,17
201705,울산광역시,북구,81,16
201705,울산광역시,북구,82,13
201705,울산광역시,북구,83,13
201705,울산광역시,북구,84,14
201705,울산광역시,북구,85,11
201705,울산광역시,북구,86,12
201705,울산광역시,북구,87,4
201705,울산광역시,북구,88,6
201705,울산광역시,북구,89,5
201705,울산광역시,북구,90,5
201705,울산광역시,북구,91,6
201705,울산광역시,북구,92,2
201705,울산광역시,북구,93,5
201705,울산광역시,북구,94,4
201705,울산광역시,북구,95,1
201705,울산광역시,북구,96,1
201705,울산광역시,울주군,0,6
201705,울산광역시,울주군,1,3
201705,울산광역시,울주군,2,8
201705,울산광역시,울주군,3,9
201705,울산광역시,울주군,4,13
201705,울산광역시,울주군,5,7
201705,울산광역시,울주군,6,22
201705,울산광역시,울주군,7,27
201705,울산광역시,울주군,8,37
201705,울산광역시,울주군,9,52
201705,울산광역시,울주군,10,46
201705,울산광역시,울주군,11,40
201705,울산광역시,울주군,12,50
201705,울산광역시,울주군,13,56
201705,울산광역시,울주군,14,50
201705,울산광역시,울주군,15,74
201705,울산광역시,울주군,16,93
201705,울산광역시,울주군,17,82
201705,울산광역시,울주군,18,83
201705,울산광역시,울주군,19,48
201705,울산광역시,울주군,20,29
201705,울산광역시,울주군,21,32
201705,울산광역시,울주군,22,28
201705,울산광역시,울주군,23,12
201705,울산광역시,울주군,24,14
201705,울산광역시,울주군,25,14
201705,울산광역시,울주군,26,8
201705,울산광역시,울주군,27,6
201705,울산광역시,울주군,28,5
201705,울산광역시,울주군,29,10
201705,울산광역시,울주군,30,4
201705,울산광역시,울주군,31,8
201705,울산광역시,울주군,32,4
201705,울산광역시,울주군,33,10
201705,울산광역시,울주군,34,11
201705,울산광역시,울주군,35,17
201705,울산광역시,울주군,36,17
201705,울산광역시,울주군,37,14
201705,울산광역시,울주군,38,12
201705,울산광역시,울주군,39,19
201705,울산광역시,울주군,40,23
201705,울산광역시,울주군,41,41
201705,울산광역시,울주군,42,30
201705,울산광역시,울주군,43,37
201705,울산광역시,울주군,44,42
201705,울산광역시,울주군,45,40
201705,울산광역시,울주군,46,54
201705,울산광역시,울주군,47,43
201705,울산광역시,울주군,48,51
201705,울산광역시,울주군,49,64
201705,울산광역시,울주군,50,67
201705,울산광역시,울주군,51,57
201705,울산광역시,울주군,52,67
201705,울산광역시,울주군,53,55
201705,울산광역시,울주군,54,60
201705,울산광역시,울주군,55,58
201705,울산광역시,울주군,56,57
201705,울산광역시,울주군,57,56
201705,울산광역시,울주군,58,62
201705,울산광역시,울주군,59,68
201705,울산광역시,울주군,60,53
201705,울산광역시,울주군,61,59
201705,울산광역시,울주군,62,55
201705,울산광역시,울주군,63,55
201705,울산광역시,울주군,64,54
201705,울산광역시,울주군,65,39
201705,울산광역시,울주군,66,47
201705,울산광역시,울주군,67,50
201705,울산광역시,울주군,68,44
201705,울산광역시,울주군,69,57
201705,울산광역시,울주군,70,45
201705,울산광역시,울주군,71,44
201705,울산광역시,울주군,72,46
201705,울산광역시,울주군,73,57
201705,울산광역시,울주군,74,70
201705,울산광역시,울주군,75,50
201705,울산광역시,울주군,76,45
201705,울산광역시,울주군,77,49
201705,울산광역시,울주군,78,61
201705,울산광역시,울주군,79,47
201705,울산광역시,울주군,80,48
201705,울산광역시,울주군,81,36
201705,울산광역시,울주군,82,40
201705,울산광역시,울주군,83,30
201705,울산광역시,울주군,84,28
201705,울산광역시,울주군,85,44
201705,울산광역시,울주군,86,15
201705,울산광역시,울주군,87,18
201705,울산광역시,울주군,88,16
201705,울산광역시,울주군,89,11
201705,울산광역시,울주군,90,12
201705,울산광역시,울주군,91,10
201705,울산광역시,울주군,92,4
201705,울산광역시,울주군,93,4
201705,울산광역시,울주군,94,2
201705,울산광역시,울주군,95,3
201705,울산광역시,울주군,96,1
201705,울산광역시,울주군,97,3
201705,울산광역시,울주군,101,1
201705,세종특별자치시,세종특별자치시,0,8
201705,세종특별자치시,세종특별자치시,1,11
201705,세종특별자치시,세종특별자치시,2,11
201705,세종특별자치시,세종특별자치시,3,13
201705,세종특별자치시,세종특별자치시,4,13
201705,세종특별자치시,세종특별자치시,5,23
201705,세종특별자치시,세종특별자치시,6,42
201705,세종특별자치시,세종특별자치시,7,61
201705,세종특별자치시,세종특별자치시,8,55
201705,세종특별자치시,세종특별자치시,9,84
201705,세종특별자치시,세종특별자치시,10,74
201705,세종특별자치시,세종특별자치시,11,79
201705,세종특별자치시,세종특별자치시,12,82
201705,세종특별자치시,세종특별자치시,13,87
201705,세종특별자치시,세종특별자치시,14,83
201705,세종특별자치시,세종특별자치시,15,86
201705,세종특별자치시,세종특별자치시,16,110
201705,세종특별자치시,세종특별자치시,17,101
201705,세종특별자치시,세종특별자치시,18,74
201705,세종특별자치시,세종특별자치시,19,56
201705,세종특별자치시,세종특별자치시,20,43
201705,세종특별자치시,세종특별자치시,21,30
201705,세종특별자치시,세종특별자치시,22,31
201705,세종특별자치시,세종특별자치시,23,22
201705,세종특별자치시,세종특별자치시,24,14
201705,세종특별자치시,세종특별자치시,25,18
201705,세종특별자치시,세종특별자치시,26,5
201705,세종특별자치시,세종특별자치시,27,11
201705,세종특별자치시,세종특별자치시,28,4
201705,세종특별자치시,세종특별자치시,29,8
201705,세종특별자치시,세종특별자치시,30,11
201705,세종특별자치시,세종특별자치시,31,8
201705,세종특별자치시,세종특별자치시,32,13
201705,세종특별자치시,세종특별자치시,33,16
201705,세종특별자치시,세종특별자치시,34,23
201705,세종특별자치시,세종특별자치시,35,17
201705,세종특별자치시,세종특별자치시,36,25
201705,세종특별자치시,세종특별자치시,37,14
201705,세종특별자치시,세종특별자치시,38,29
201705,세종특별자치시,세종특별자치시,39,28
201705,세종특별자치시,세종특별자치시,40,25
201705,세종특별자치시,세종특별자치시,41,27
201705,세종특별자치시,세종특별자치시,42,27
201705,세종특별자치시,세종특별자치시,43,36
201705,세종특별자치시,세종특별자치시,44,51
201705,세종특별자치시,세종특별자치시,45,39
201705,세종특별자치시,세종특별자치시,46,43
201705,세종특별자치시,세종특별자치시,47,46
201705,세종특별자치시,세종특별자치시,48,54
201705,세종특별자치시,세종특별자치시,49,52
201705,세종특별자치시,세종특별자치시,50,40
201705,세종특별자치시,세종특별자치시,51,42
201705,세종특별자치시,세종특별자치시,52,48
201705,세종특별자치시,세종특별자치시,53,44
201705,세종특별자치시,세종특별자치시,54,61
201705,세종특별자치시,세종특별자치시,55,47
201705,세종특별자치시,세종특별자치시,56,52
201705,세종특별자치시,세종특별자치시,57,56
201705,세종특별자치시,세종특별자치시,58,66
201705,세종특별자치시,세종특별자치시,59,49
201705,세종특별자치시,세종특별자치시,60,44
201705,세종특별자치시,세종특별자치시,61,51
201705,세종특별자치시,세종특별자치시,62,48
201705,세종특별자치시,세종특별자치시,63,48
201705,세종특별자치시,세종특별자치시,64,39
201705,세종특별자치시,세종특별자치시,65,44
201705,세종특별자치시,세종특별자치시,66,47
201705,세종특별자치시,세종특별자치시,67,49
201705,세종특별자치시,세종특별자치시,68,39
201705,세종특별자치시,세종특별자치시,69,49
201705,세종특별자치시,세종특별자치시,70,41
201705,세종특별자치시,세종특별자치시,71,37
201705,세종특별자치시,세종특별자치시,72,50
201705,세종특별자치시,세종특별자치시,73,52
201705,세종특별자치시,세종특별자치시,74,63
201705,세종특별자치시,세종특별자치시,75,62
201705,세종특별자치시,세종특별자치시,76,60
201705,세종특별자치시,세종특별자치시,77,58
201705,세종특별자치시,세종특별자치시,78,67
201705,세종특별자치시,세종특별자치시,79,58
201705,세종특별자치시,세종특별자치시,80,48
201705,세종특별자치시,세종특별자치시,81,52
201705,세종특별자치시,세종특별자치시,82,40
201705,세종특별자치시,세종특별자치시,83,38
201705,세종특별자치시,세종특별자치시,84,29
201705,세종특별자치시,세종특별자치시,85,35
201705,세종특별자치시,세종특별자치시,86,29
201705,세종특별자치시,세종특별자치시,87,28
201705,세종특별자치시,세종특별자치시,88,22
201705,세종특별자치시,세종특별자치시,89,15
201705,세종특별자치시,세종특별자치시,90,9
201705,세종특별자치시,세종특별자치시,91,6
201705,세종특별자치시,세종특별자치시,92,3
201705,세종특별자치시,세종특별자치시,93,9
201705,세종특별자치시,세종특별자치시,94,4
201705,세종특별자치시,세종특별자치시,95,2
201705,세종특별자치시,세종특별자치시,96,2
201705,세종특별자치시,세종특별자치시,100,1
201705,경기도,수원시,0,29
201705,경기도,수원시,1,46
201705,경기도,수원시,2,55
201705,경기도,수원시,3,50
201705,경기도,수원시,4,62
201705,경기도,수원시,5,69
201705,경기도,수원시,6,117
201705,경기도,수원시,7,181
201705,경기도,수원시,8,253
201705,경기도,수원시,9,274
201705,경기도,수원시,10,277
201705,경기도,수원시,11,259
201705,경기도,수원시,12,310
201705,경기도,수원시,13,336
201705,경기도,수원시,14,372
201705,경기도,수원시,15,487
201705,경기도,수원시,16,557
201705,경기도,수원시,17,619
201705,경기도,수원시,18,404
201705,경기도,수원시,19,257
201705,경기도,수원시,20,186
201705,경기도,수원시,21,152
201705,경기도,수원시,22,147
201705,경기도,수원시,23,130
201705,경기도,수원시,24,102
201705,경기도,수원시,25,73
201705,경기도,수원시,26,48
201705,경기도,수원시,27,39
201705,경기도,수원시,28,36
201705,경기도,수원시,29,24
201705,경기도,수원시,30,30
201705,경기도,수원시,31,46
201705,경기도,수원시,32,36
201705,경기도,수원시,33,51
201705,경기도,수원시,34,61
201705,경기도,수원시,35,87
201705,경기도,수원시,36,90
201705,경기도,수원시,37,113
201705,경기도,수원시,38,77
201705,경기도,수원시,39,98
201705,경기도,수원시,40,111
201705,경기도,수원시,41,123
201705,경기도,수원시,42,152
201705,경기도,수원시,43,192
201705,경기도,수원시,44,188
201705,경기도,수원시,45,198
201705,경기도,수원시,46,225
201705,경기도,수원시,47,228
201705,경기도,수원시,48,272
201705,경기도,수원시,49,248
201705,경기도,수원시,50,231
201705,경기도,수원시,51,221
201705,경기도,수원시,52,251
201705,경기도,수원시,53,257
201705,경기도,수원시,54,267
201705,경기도,수원시,55,285
201705,경기도,수원시,56,321
201705,경기도,수원시,57,291
201705,경기도,수원시,58,293
201705,경기도,수원시,59,271
201705,경기도,수원시,60,251
201705,경기도,수원시,61,250
201705,경기도,수원시,62,243
201705,경기도,수원시,63,214
201705,경기도,수원시,64,192
201705,경기도,수원시,65,229
201705,경기도,수원시,66,210
201705,경기도,수원시,67,240
201705,경기도,수원시,68,270
201705,경기도,수원시,69,288
201705,경기도,수원시,70,264
201705,경기도,수원시,71,201
201705,경기도,수원시,72,251
201705,경기도,수원시,73,263
201705,경기도,수원시,74,295
201705,경기도,수원시,75,265
201705,경기도,수원시,76,233
201705,경기도,수원시,77,223
201705,경기도,수원시,78,246
201705,경기도,수원시,79,219
201705,경기도,수원시,80,201
201705,경기도,수원시,81,194
201705,경기도,수원시,82,146
201705,경기도,수원시,83,137
201705,경기도,수원시,84,113
201705,경기도,수원시,85,104
201705,경기도,수원시,86,114
201705,경기도,수원시,87,70
201705,경기도,수원시,88,59
201705,경기도,수원시,89,58
201705,경기도,수원시,90,39
201705,경기도,수원시,91,23
201705,경기도,수원시,92,11
201705,경기도,수원시,93,21
201705,경기도,수원시,94,14
201705,경기도,수원시,95,14
201705,경기도,수원시,96,9
201705,경기도,수원시,97,3
201705,경기도,수원시,98,5
201705,경기도,수원시,99,1
201705,경기도,수원시,100,1
201705,경기도,수원시,101,2
201705,경기도,수원시,102,1
201705,경기도,수원시,103,1
201705,경기도,성남시,0,28
201705,경기도,성남시,1,47
201705,경기도,성남시,2,60
201705,경기도,성남시,3,75
201705,경기도,성남시,4,81
201705,경기도,성남시,5,73
201705,경기도,성남시,6,172
201705,경기도,성남시,7,216
201705,경기도,성남시,8,297
201705,경기도,성남시,9,350
201705,경기도,성남시,10,330
201705,경기도,성남시,11,319
201705,경기도,성남시,12,356
201705,경기도,성남시,13,438
201705,경기도,성남시,14,484
201705,경기도,성남시,15,534
201705,경기도,성남시,16,711
201705,경기도,성남시,17,781
201705,경기도,성남시,18,498
201705,경기도,성남시,19,334
201705,경기도,성남시,20,221
201705,경기도,성남시,21,199
201705,경기도,성남시,22,166
201705,경기도,성남시,23,184
201705,경기도,성남시,24,150
201705,경기도,성남시,25,127
201705,경기도,성남시,26,78
201705,경기도,성남시,27,60
201705,경기도,성남시,28,47
201705,경기도,성남시,29,37
201705,경기도,성남시,30,47
201705,경기도,성남시,31,45
201705,경기도,성남시,32,53
201705,경기도,성남시,33,55
201705,경기도,성남시,34,72
201705,경기도,성남시,35,89
201705,경기도,성남시,36,96
201705,경기도,성남시,37,101
201705,경기도,성남시,38,113
201705,경기도,성남시,39,94
201705,경기도,성남시,40,123
201705,경기도,성남시,41,122
201705,경기도,성남시,42,140
201705,경기도,성남시,43,216
201705,경기도,성남시,44,229
201705,경기도,성남시,45,231
201705,경기도,성남시,46,249
201705,경기도,성남시,47,301
201705,경기도,성남시,48,315
201705,경기도,성남시,49,318
201705,경기도,성남시,50,294
201705,경기도,성남시,51,305
201705,경기도,성남시,52,291
201705,경기도,성남시,53,275
201705,경기도,성남시,54,367
201705,경기도,성남시,55,333
201705,경기도,성남시,56,377
201705,경기도,성남시,57,346
201705,경기도,성남시,58,356
201705,경기도,성남시,59,333
201705,경기도,성남시,60,340
201705,경기도,성남시,61,301
201705,경기도,성남시,62,284
201705,경기도,성남시,63,235
201705,경기도,성남시,64,244
201705,경기도,성남시,65,230
201705,경기도,성남시,66,240
201705,경기도,성남시,67,271
201705,경기도,성남시,68,259
201705,경기도,성남시,69,284
201705,경기도,성남시,70,302
201705,경기도,성남시,71,224
201705,경기도,성남시,72,262
201705,경기도,성남시,73,269
201705,경기도,성남시,74,329
201705,경기도,성남시,75,319
201705,경기도,성남시,76,244
201705,경기도,성남시,77,285
201705,경기도,성남시,78,259
201705,경기도,성남시,79,252
201705,경기도,성남시,80,206
201705,경기도,성남시,81,193
201705,경기도,성남시,82,195
201705,경기도,성남시,83,163
201705,경기도,성남시,84,135
201705,경기도,성남시,85,108
201705,경기도,성남시,86,103
201705,경기도,성남시,87,99
201705,경기도,성남시,88,65
201705,경기도,성남시,89,74
201705,경기도,성남시,90,54
201705,경기도,성남시,91,46
201705,경기도,성남시,92,28
201705,경기도,성남시,93,27
201705,경기도,성남시,94,17
201705,경기도,성남시,95,18
201705,경기도,성남시,96,11
201705,경기도,성남시,97,4
201705,경기도,성남시,98,2
201705,경기도,성남시,99,1
201705,경기도,성남시,100,1
201705,경기도,성남시,101,1
201705,경기도,성남시,104,1
201705,경기도,성남시,105,2
201705,경기도,의정부시,0,20
201705,경기도,의정부시,1,36
201705,경기도,의정부시,2,43
201705,경기도,의정부시,3,43
201705,경기도,의정부시,4,52
201705,경기도,의정부시,5,62
201705,경기도,의정부시,6,96
201705,경기도,의정부시,7,130
201705,경기도,의정부시,8,220
201705,경기도,의정부시,9,224
201705,경기도,의정부시,10,215
201705,경기도,의정부시,11,262
201705,경기도,의정부시,12,264
201705,경기도,의정부시,13,330
201705,경기도,의정부시,14,353
201705,경기도,의정부시,15,405
201705,경기도,의정부시,16,437
201705,경기도,의정부시,17,505
201705,경기도,의정부시,18,328
201705,경기도,의정부시,19,223
201705,경기도,의정부시,20,184
201705,경기도,의정부시,21,160
201705,경기도,의정부시,22,115
201705,경기도,의정부시,23,83
201705,경기도,의정부시,24,75
201705,경기도,의정부시,25,72
201705,경기도,의정부시,26,36
201705,경기도,의정부시,27,36
201705,경기도,의정부시,28,27
201705,경기도,의정부시,29,35
201705,경기도,의정부시,30,22
201705,경기도,의정부시,31,29
201705,경기도,의정부시,32,33
201705,경기도,의정부시,33,42
201705,경기도,의정부시,34,44
201705,경기도,의정부시,35,43
201705,경기도,의정부시,36,60
201705,경기도,의정부시,37,52
201705,경기도,의정부시,38,76
201705,경기도,의정부시,39,65
201705,경기도,의정부시,40,78
201705,경기도,의정부시,41,92
201705,경기도,의정부시,42,121
201705,경기도,의정부시,43,132
201705,경기도,의정부시,44,152
201705,경기도,의정부시,45,175
201705,경기도,의정부시,46,163
201705,경기도,의정부시,47,155
201705,경기도,의정부시,48,178
201705,경기도,의정부시,49,175
201705,경기도,의정부시,50,194
201705,경기도,의정부시,51,188
201705,경기도,의정부시,52,188
201705,경기도,의정부시,53,176
201705,경기도,의정부시,54,183
201705,경기도,의정부시,55,201
201705,경기도,의정부시,56,255
201705,경기도,의정부시,57,214
201705,경기도,의정부시,58,198
201705,경기도,의정부시,59,184
201705,경기도,의정부시,60,184
201705,경기도,의정부시,61,184
201705,경기도,의정부시,62,190
201705,경기도,의정부시,63,134
201705,경기도,의정부시,64,157
201705,경기도,의정부시,65,151
201705,경기도,의정부시,66,137
201705,경기도,의정부시,67,158
201705,경기도,의정부시,68,193
201705,경기도,의정부시,69,200
201705,경기도,의정부시,70,181
201705,경기도,의정부시,71,142
201705,경기도,의정부시,72,183
201705,경기도,의정부시,73,166
201705,경기도,의정부시,74,221
201705,경기도,의정부시,75,231
201705,경기도,의정부시,76,180
201705,경기도,의정부시,77,192
201705,경기도,의정부시,78,189
201705,경기도,의정부시,79,154
201705,경기도,의정부시,80,153
201705,경기도,의정부시,81,119
201705,경기도,의정부시,82,114
201705,경기도,의정부시,83,90
201705,경기도,의정부시,84,92
201705,경기도,의정부시,85,66
201705,경기도,의정부시,86,56
201705,경기도,의정부시,87,56
201705,경기도,의정부시,88,43
201705,경기도,의정부시,89,39
201705,경기도,의정부시,90,22
201705,경기도,의정부시,91,33
201705,경기도,의정부시,92,11
201705,경기도,의정부시,93,7
201705,경기도,의정부시,94,11
201705,경기도,의정부시,95,2
201705,경기도,의정부시,96,6
201705,경기도,의정부시,97,2
201705,경기도,의정부시,98,6
201705,경기도,의정부시,100,1
201705,경기도,안양시,0,10
201705,경기도,안양시,1,19
201705,경기도,안양시,2,18
201705,경기도,안양시,3,20
201705,경기도,안양시,4,23
201705,경기도,안양시,5,20
201705,경기도,안양시,6,82
201705,경기도,안양시,7,91
201705,경기도,안양시,8,109
201705,경기도,안양시,9,130
201705,경기도,안양시,10,156
201705,경기도,안양시,11,131
201705,경기도,안양시,12,142
201705,경기도,안양시,13,194
201705,경기도,안양시,14,198
201705,경기도,안양시,15,254
201705,경기도,안양시,16,301
201705,경기도,안양시,17,344
201705,경기도,안양시,18,239
201705,경기도,안양시,19,151
201705,경기도,안양시,20,129
201705,경기도,안양시,21,97
201705,경기도,안양시,22,89
201705,경기도,안양시,23,87
201705,경기도,안양시,24,56
201705,경기도,안양시,25,41
201705,경기도,안양시,26,29
201705,경기도,안양시,27,36
201705,경기도,안양시,28,14
201705,경기도,안양시,29,14
201705,경기도,안양시,30,14
201705,경기도,안양시,31,22
201705,경기도,안양시,32,24
201705,경기도,안양시,33,29
201705,경기도,안양시,34,27
201705,경기도,안양시,35,35
201705,경기도,안양시,36,34
201705,경기도,안양시,37,37
201705,경기도,안양시,38,45
201705,경기도,안양시,39,45
201705,경기도,안양시,40,43
201705,경기도,안양시,41,56
201705,경기도,안양시,42,67
201705,경기도,안양시,43,78
201705,경기도,안양시,44,99
201705,경기도,안양시,45,114
201705,경기도,안양시,46,120
201705,경기도,안양시,47,128
201705,경기도,안양시,48,157
201705,경기도,안양시,49,133
201705,경기도,안양시,50,129
201705,경기도,안양시,51,147
201705,경기도,안양시,52,140
201705,경기도,안양시,53,141
201705,경기도,안양시,54,153
201705,경기도,안양시,55,159
201705,경기도,안양시,56,166
201705,경기도,안양시,57,173
201705,경기도,안양시,58,136
201705,경기도,안양시,59,139
201705,경기도,안양시,60,161
201705,경기도,안양시,61,126
201705,경기도,안양시,62,143
201705,경기도,안양시,63,112
201705,경기도,안양시,64,102
201705,경기도,안양시,65,111
201705,경기도,안양시,66,101
201705,경기도,안양시,67,133
201705,경기도,안양시,68,112
201705,경기도,안양시,69,109
201705,경기도,안양시,70,111
201705,경기도,안양시,71,110
201705,경기도,안양시,72,100
201705,경기도,안양시,73,113
201705,경기도,안양시,74,147
201705,경기도,안양시,75,139
201705,경기도,안양시,76,117
201705,경기도,안양시,77,110
201705,경기도,안양시,78,107
201705,경기도,안양시,79,97
201705,경기도,안양시,80,91
201705,경기도,안양시,81,86
201705,경기도,안양시,82,86
201705,경기도,안양시,83,75
201705,경기도,안양시,84,50
201705,경기도,안양시,85,57
201705,경기도,안양시,86,43
201705,경기도,안양시,87,36
201705,경기도,안양시,88,32
201705,경기도,안양시,89,28
201705,경기도,안양시,90,20
201705,경기도,안양시,91,18
201705,경기도,안양시,92,9
201705,경기도,안양시,93,12
201705,경기도,안양시,94,7
201705,경기도,안양시,95,3
201705,경기도,안양시,96,7
201705,경기도,안양시,97,2
201705,경기도,안양시,98,1
201705,경기도,안양시,99,2
201705,경기도,안양시,105,1
201705,경기도,부천시,0,17
201705,경기도,부천시,1,26
201705,경기도,부천시,2,41
201705,경기도,부천시,3,49
201705,경기도,부천시,4,45
201705,경기도,부천시,5,54
201705,경기도,부천시,6,106
201705,경기도,부천시,7,146
201705,경기도,부천시,8,206
201705,경기도,부천시,9,246
201705,경기도,부천시,10,267
201705,경기도,부천시,11,245
201705,경기도,부천시,12,280
201705,경기도,부천시,13,317
201705,경기도,부천시,14,399
201705,경기도,부천시,15,447
201705,경기도,부천시,16,548
201705,경기도,부천시,17,554
201705,경기도,부천시,18,392
201705,경기도,부천시,19,275
201705,경기도,부천시,20,207
201705,경기도,부천시,21,192
201705,경기도,부천시,22,154
201705,경기도,부천시,23,140
201705,경기도,부천시,24,98
201705,경기도,부천시,25,78
201705,경기도,부천시,26,56
201705,경기도,부천시,27,45
201705,경기도,부천시,28,33
201705,경기도,부천시,29,34
201705,경기도,부천시,30,29
201705,경기도,부천시,31,39
201705,경기도,부천시,32,40
201705,경기도,부천시,33,59
201705,경기도,부천시,34,46
201705,경기도,부천시,35,66
201705,경기도,부천시,36,61
201705,경기도,부천시,37,70
201705,경기도,부천시,38,74
201705,경기도,부천시,39,82
201705,경기도,부천시,40,89
201705,경기도,부천시,41,107
201705,경기도,부천시,42,133
201705,경기도,부천시,43,152
201705,경기도,부천시,44,189
201705,경기도,부천시,45,199
201705,경기도,부천시,46,222
201705,경기도,부천시,47,240
201705,경기도,부천시,48,283
201705,경기도,부천시,49,251
201705,경기도,부천시,50,275
201705,경기도,부천시,51,280
201705,경기도,부천시,52,276
201705,경기도,부천시,53,242
201705,경기도,부천시,54,289
201705,경기도,부천시,55,295
201705,경기도,부천시,56,318
201705,경기도,부천시,57,283
201705,경기도,부천시,58,282
201705,경기도,부천시,59,263
201705,경기도,부천시,60,265
201705,경기도,부천시,61,254
201705,경기도,부천시,62,284
201705,경기도,부천시,63,194
201705,경기도,부천시,64,194
201705,경기도,부천시,65,236
201705,경기도,부천시,66,202
201705,경기도,부천시,67,244
201705,경기도,부천시,68,223
201705,경기도,부천시,69,252
201705,경기도,부천시,70,263
201705,경기도,부천시,71,194
201705,경기도,부천시,72,209
201705,경기도,부천시,73,238
201705,경기도,부천시,74,273
201705,경기도,부천시,75,274
201705,경기도,부천시,76,229
201705,경기도,부천시,77,258
201705,경기도,부천시,78,231
201705,경기도,부천시,79,194
201705,경기도,부천시,80,176
201705,경기도,부천시,81,187
201705,경기도,부천시,82,171
201705,경기도,부천시,83,173
201705,경기도,부천시,84,139
201705,경기도,부천시,85,110
201705,경기도,부천시,86,105
201705,경기도,부천시,87,71
201705,경기도,부천시,88,73
201705,경기도,부천시,89,61
201705,경기도,부천시,90,38
201705,경기도,부천시,91,33
201705,경기도,부천시,92,15
201705,경기도,부천시,93,21
201705,경기도,부천시,94,23
201705,경기도,부천시,95,10
201705,경기도,부천시,96,11
201705,경기도,부천시,97,3
201705,경기도,부천시,98,2
201705,경기도,부천시,99,3
201705,경기도,부천시,103,2
201705,경기도,부천시,106,1
201705,경기도,광명시,0,6
201705,경기도,광명시,1,13
201705,경기도,광명시,2,17
201705,경기도,광명시,3,17
201705,경기도,광명시,4,14
201705,경기도,광명시,5,30
201705,경기도,광명시,6,71
201705,경기도,광명시,7,85
201705,경기도,광명시,8,115
201705,경기도,광명시,9,118
201705,경기도,광명시,10,139
201705,경기도,광명시,11,130
201705,경기도,광명시,12,131
201705,경기도,광명시,13,182
201705,경기도,광명시,14,171
201705,경기도,광명시,15,220
201705,경기도,광명시,16,249
201705,경기도,광명시,17,273
201705,경기도,광명시,18,191
201705,경기도,광명시,19,117
201705,경기도,광명시,20,90
201705,경기도,광명시,21,65
201705,경기도,광명시,22,56
201705,경기도,광명시,23,49
201705,경기도,광명시,24,46
201705,경기도,광명시,25,26
201705,경기도,광명시,26,26
201705,경기도,광명시,27,20
201705,경기도,광명시,28,20
201705,경기도,광명시,29,7
201705,경기도,광명시,30,15
201705,경기도,광명시,31,15
201705,경기도,광명시,32,13
201705,경기도,광명시,33,21
201705,경기도,광명시,34,35
201705,경기도,광명시,35,44
201705,경기도,광명시,36,42
201705,경기도,광명시,37,37
201705,경기도,광명시,38,34
201705,경기도,광명시,39,36
201705,경기도,광명시,40,43
201705,경기도,광명시,41,56
201705,경기도,광명시,42,49
201705,경기도,광명시,43,67
201705,경기도,광명시,44,71
201705,경기도,광명시,45,79
201705,경기도,광명시,46,92
201705,경기도,광명시,47,90
201705,경기도,광명시,48,91
201705,경기도,광명시,49,95
201705,경기도,광명시,50,95
201705,경기도,광명시,51,90
201705,경기도,광명시,52,96
201705,경기도,광명시,53,92
201705,경기도,광명시,54,102
201705,경기도,광명시,55,95
201705,경기도,광명시,56,100
201705,경기도,광명시,57,101
201705,경기도,광명시,58,90
201705,경기도,광명시,59,66
201705,경기도,광명시,60,98
201705,경기도,광명시,61,90
201705,경기도,광명시,62,106
201705,경기도,광명시,63,57
201705,경기도,광명시,64,64
201705,경기도,광명시,65,93
201705,경기도,광명시,66,68
201705,경기도,광명시,67,80
201705,경기도,광명시,68,87
201705,경기도,광명시,69,98
201705,경기도,광명시,70,95
201705,경기도,광명시,71,71
201705,경기도,광명시,72,78
201705,경기도,광명시,73,65
201705,경기도,광명시,74,102
201705,경기도,광명시,75,116
201705,경기도,광명시,76,102
201705,경기도,광명시,77,79
201705,경기도,광명시,78,94
201705,경기도,광명시,79,75
201705,경기도,광명시,80,83
201705,경기도,광명시,81,64
201705,경기도,광명시,82,56
201705,경기도,광명시,83,48
201705,경기도,광명시,84,43
201705,경기도,광명시,85,39
201705,경기도,광명시,86,31
201705,경기도,광명시,87,46
201705,경기도,광명시,88,23
201705,경기도,광명시,89,20
201705,경기도,광명시,90,9
201705,경기도,광명시,91,18
201705,경기도,광명시,92,10
201705,경기도,광명시,93,4
201705,경기도,광명시,94,8
201705,경기도,광명시,95,4
201705,경기도,광명시,97,3
201705,경기도,광명시,98,3
201705,경기도,광명시,100,1
201705,경기도,광명시,101,3
201705,경기도,광명시,103,2
201705,경기도,광명시,104,1
201705,경기도,평택시,0,20
201705,경기도,평택시,1,36
201705,경기도,평택시,2,40
201705,경기도,평택시,3,48
201705,경기도,평택시,4,43
201705,경기도,평택시,5,55
201705,경기도,평택시,6,100
201705,경기도,평택시,7,121
201705,경기도,평택시,8,158
201705,경기도,평택시,9,162
201705,경기도,평택시,10,182
201705,경기도,평택시,11,178
201705,경기도,평택시,12,183
201705,경기도,평택시,13,216
201705,경기도,평택시,14,219
201705,경기도,평택시,15,239
201705,경기도,평택시,16,321
201705,경기도,평택시,17,331
201705,경기도,평택시,18,238
201705,경기도,평택시,19,145
201705,경기도,평택시,20,90
201705,경기도,평택시,21,79
201705,경기도,평택시,22,68
201705,경기도,평택시,23,55
201705,경기도,평택시,24,52
201705,경기도,평택시,25,44
201705,경기도,평택시,26,29
201705,경기도,평택시,27,25
201705,경기도,평택시,28,21
201705,경기도,평택시,29,16
201705,경기도,평택시,30,36
201705,경기도,평택시,31,35
201705,경기도,평택시,32,31
201705,경기도,평택시,33,39
201705,경기도,평택시,34,45
201705,경기도,평택시,35,60
201705,경기도,평택시,36,47
201705,경기도,평택시,37,70
201705,경기도,평택시,38,72
201705,경기도,평택시,39,59
201705,경기도,평택시,40,54
201705,경기도,평택시,41,65
201705,경기도,평택시,42,92
201705,경기도,평택시,43,125
201705,경기도,평택시,44,99
201705,경기도,평택시,45,114
201705,경기도,평택시,46,116
201705,경기도,평택시,47,132
201705,경기도,평택시,48,144
201705,경기도,평택시,49,140
201705,경기도,평택시,50,134
201705,경기도,평택시,51,123
201705,경기도,평택시,52,138
201705,경기도,평택시,53,119
201705,경기도,평택시,54,180
201705,경기도,평택시,55,141
201705,경기도,평택시,56,178
201705,경기도,평택시,57,163
201705,경기도,평택시,58,179
201705,경기도,평택시,59,154
201705,경기도,평택시,60,149
201705,경기도,평택시,61,139
201705,경기도,평택시,62,141
201705,경기도,평택시,63,105
201705,경기도,평택시,64,122
201705,경기도,평택시,65,125
201705,경기도,평택시,66,116
201705,경기도,평택시,67,137
201705,경기도,평택시,68,130
201705,경기도,평택시,69,136
201705,경기도,평택시,70,158
201705,경기도,평택시,71,123
201705,경기도,평택시,72,141
201705,경기도,평택시,73,153
201705,경기도,평택시,74,161
201705,경기도,평택시,75,152
201705,경기도,평택시,76,165
201705,경기도,평택시,77,140
201705,경기도,평택시,78,147
201705,경기도,평택시,79,132
201705,경기도,평택시,80,131
201705,경기도,평택시,81,103
201705,경기도,평택시,82,87
201705,경기도,평택시,83,80
201705,경기도,평택시,84,72
201705,경기도,평택시,85,57
201705,경기도,평택시,86,64
201705,경기도,평택시,87,39
201705,경기도,평택시,88,41
201705,경기도,평택시,89,38
201705,경기도,평택시,90,22
201705,경기도,평택시,91,5
201705,경기도,평택시,92,13
201705,경기도,평택시,93,8
201705,경기도,평택시,94,12
201705,경기도,평택시,95,6
201705,경기도,평택시,97,6
201705,경기도,평택시,98,1
201705,경기도,평택시,101,1
201705,경기도,평택시,102,2
201705,경기도,평택시,104,1
201705,경기도,동두천시,0,8
201705,경기도,동두천시,1,10
201705,경기도,동두천시,2,10
201705,경기도,동두천시,3,17
201705,경기도,동두천시,4,18
201705,경기도,동두천시,5,18
201705,경기도,동두천시,6,43
201705,경기도,동두천시,7,50
201705,경기도,동두천시,8,67
201705,경기도,동두천시,9,77
201705,경기도,동두천시,10,79
201705,경기도,동두천시,11,85
201705,경기도,동두천시,12,66
201705,경기도,동두천시,13,114
201705,경기도,동두천시,14,112
201705,경기도,동두천시,15,117
201705,경기도,동두천시,16,128
201705,경기도,동두천시,17,164
201705,경기도,동두천시,18,102
201705,경기도,동두천시,19,70
201705,경기도,동두천시,20,36
201705,경기도,동두천시,21,30
201705,경기도,동두천시,22,17
201705,경기도,동두천시,23,14
201705,경기도,동두천시,24,15
201705,경기도,동두천시,25,10
201705,경기도,동두천시,26,8
201705,경기도,동두천시,27,5
201705,경기도,동두천시,28,6
201705,경기도,동두천시,29,8
201705,경기도,동두천시,30,11
201705,경기도,동두천시,31,6
201705,경기도,동두천시,32,6
201705,경기도,동두천시,33,12
201705,경기도,동두천시,34,12
201705,경기도,동두천시,35,13
201705,경기도,동두천시,36,20
201705,경기도,동두천시,37,21
201705,경기도,동두천시,38,24
201705,경기도,동두천시,39,17
201705,경기도,동두천시,40,24
201705,경기도,동두천시,41,25
201705,경기도,동두천시,42,29
201705,경기도,동두천시,43,43
201705,경기도,동두천시,44,43
201705,경기도,동두천시,45,41
201705,경기도,동두천시,46,48
201705,경기도,동두천시,47,52
201705,경기도,동두천시,48,53
201705,경기도,동두천시,49,49
201705,경기도,동두천시,50,64
201705,경기도,동두천시,51,57
201705,경기도,동두천시,52,62
201705,경기도,동두천시,53,58
201705,경기도,동두천시,54,71
201705,경기도,동두천시,55,72
201705,경기도,동두천시,56,79
201705,경기도,동두천시,57,59
201705,경기도,동두천시,58,71
201705,경기도,동두천시,59,70
201705,경기도,동두천시,60,69
201705,경기도,동두천시,61,64
201705,경기도,동두천시,62,64
201705,경기도,동두천시,63,48
201705,경기도,동두천시,64,60
201705,경기도,동두천시,65,56
201705,경기도,동두천시,66,52
201705,경기도,동두천시,67,61
201705,경기도,동두천시,68,65
201705,경기도,동두천시,69,68
201705,경기도,동두천시,70,86
201705,경기도,동두천시,71,61
201705,경기도,동두천시,72,65
201705,경기도,동두천시,73,78
201705,경기도,동두천시,74,93
201705,경기도,동두천시,75,93
201705,경기도,동두천시,76,86
201705,경기도,동두천시,77,76
201705,경기도,동두천시,78,64
201705,경기도,동두천시,79,65
201705,경기도,동두천시,80,56
201705,경기도,동두천시,81,56
201705,경기도,동두천시,82,41
201705,경기도,동두천시,83,42
201705,경기도,동두천시,84,36
201705,경기도,동두천시,85,24
201705,경기도,동두천시,86,25
201705,경기도,동두천시,87,22
201705,경기도,동두천시,88,16
201705,경기도,동두천시,89,16
201705,경기도,동두천시,90,7
201705,경기도,동두천시,91,7
201705,경기도,동두천시,92,8
201705,경기도,동두천시,93,4
201705,경기도,동두천시,94,4
201705,경기도,동두천시,95,1
201705,경기도,동두천시,96,2
201705,경기도,동두천시,97,1
201705,경기도,동두천시,101,1
201705,경기도,동두천시,102,1
201705,경기도,동두천시,103,1
201705,경기도,안산시,0,31
201705,경기도,안산시,1,53
201705,경기도,안산시,2,71
201705,경기도,안산시,3,72
201705,경기도,안산시,4,95
201705,경기도,안산시,5,112
201705,경기도,안산시,6,208
201705,경기도,안산시,7,227
201705,경기도,안산시,8,329
201705,경기도,안산시,9,370
201705,경기도,안산시,10,422
201705,경기도,안산시,11,393
201705,경기도,안산시,12,425
201705,경기도,안산시,13,495
201705,경기도,안산시,14,504
201705,경기도,안산시,15,638
201705,경기도,안산시,16,830
201705,경기도,안산시,17,911
201705,경기도,안산시,18,567
201705,경기도,안산시,19,380
201705,경기도,안산시,20,266
201705,경기도,안산시,21,223
201705,경기도,안산시,22,172
201705,경기도,안산시,23,149
201705,경기도,안산시,24,124
201705,경기도,안산시,25,78
201705,경기도,안산시,26,60
201705,경기도,안산시,27,57
201705,경기도,안산시,28,39
201705,경기도,안산시,29,53
201705,경기도,안산시,30,42
201705,경기도,안산시,31,49
201705,경기도,안산시,32,47
201705,경기도,안산시,33,70
201705,경기도,안산시,34,65
201705,경기도,안산시,35,86
201705,경기도,안산시,36,103
201705,경기도,안산시,37,104
201705,경기도,안산시,38,107
201705,경기도,안산시,39,138
201705,경기도,안산시,40,141
201705,경기도,안산시,41,146
201705,경기도,안산시,42,194
201705,경기도,안산시,43,212
201705,경기도,안산시,44,230
201705,경기도,안산시,45,265
201705,경기도,안산시,46,285
201705,경기도,안산시,47,259
201705,경기도,안산시,48,339
201705,경기도,안산시,49,275
201705,경기도,안산시,50,289
201705,경기도,안산시,51,272
201705,경기도,안산시,52,329
201705,경기도,안산시,53,259
201705,경기도,안산시,54,256
201705,경기도,안산시,55,280
201705,경기도,안산시,56,281
201705,경기도,안산시,57,274
201705,경기도,안산시,58,242
201705,경기도,안산시,59,231
201705,경기도,안산시,60,206
201705,경기도,안산시,61,185
201705,경기도,안산시,62,216
201705,경기도,안산시,63,187
201705,경기도,안산시,64,155
201705,경기도,안산시,65,177
201705,경기도,안산시,66,175
201705,경기도,안산시,67,210
201705,경기도,안산시,68,212
201705,경기도,안산시,69,214
201705,경기도,안산시,70,230
201705,경기도,안산시,71,189
201705,경기도,안산시,72,207
201705,경기도,안산시,73,244
201705,경기도,안산시,74,260
201705,경기도,안산시,75,291
201705,경기도,안산시,76,256
201705,경기도,안산시,77,263
201705,경기도,안산시,78,273
201705,경기도,안산시,79,233
201705,경기도,안산시,80,242
201705,경기도,안산시,81,253
201705,경기도,안산시,82,222
201705,경기도,안산시,83,181
201705,경기도,안산시,84,152
201705,경기도,안산시,85,128
201705,경기도,안산시,86,88
201705,경기도,안산시,87,94
201705,경기도,안산시,88,66
201705,경기도,안산시,89,42
201705,경기도,안산시,90,48
201705,경기도,안산시,91,38
201705,경기도,안산시,92,23
201705,경기도,안산시,93,22
201705,경기도,안산시,94,24
201705,경기도,안산시,95,14
201705,경기도,안산시,96,5
201705,경기도,안산시,97,3
201705,경기도,안산시,99,4
201705,경기도,안산시,100,2
201705,경기도,안산시,106,1
201705,경기도,안산시,115,1
201705,경기도,고양시,0,30
201705,경기도,고양시,1,31
201705,경기도,고양시,2,57
201705,경기도,고양시,3,64
201705,경기도,고양시,4,68
201705,경기도,고양시,5,91
201705,경기도,고양시,6,143
201705,경기도,고양시,7,238
201705,경기도,고양시,8,261
201705,경기도,고양시,9,341
201705,경기도,고양시,10,319
201705,경기도,고양시,11,330
201705,경기도,고양시,12,353
201705,경기도,고양시,13,407
201705,경기도,고양시,14,427
201705,경기도,고양시,15,562
201705,경기도,고양시,16,666
201705,경기도,고양시,17,780
201705,경기도,고양시,18,508
201705,경기도,고양시,19,341
201705,경기도,고양시,20,234
201705,경기도,고양시,21,223
201705,경기도,고양시,22,197
201705,경기도,고양시,23,159
201705,경기도,고양시,24,129
201705,경기도,고양시,25,114
201705,경기도,고양시,26,72
201705,경기도,고양시,27,49
201705,경기도,고양시,28,57
201705,경기도,고양시,29,46
201705,경기도,고양시,30,34
201705,경기도,고양시,31,54
201705,경기도,고양시,32,43
201705,경기도,고양시,33,51
201705,경기도,고양시,34,61
201705,경기도,고양시,35,69
201705,경기도,고양시,36,76
201705,경기도,고양시,37,86
201705,경기도,고양시,38,71
201705,경기도,고양시,39,111
201705,경기도,고양시,40,108
201705,경기도,고양시,41,147
201705,경기도,고양시,42,125
201705,경기도,고양시,43,184
201705,경기도,고양시,44,204
201705,경기도,고양시,45,276
201705,경기도,고양시,46,267
201705,경기도,고양시,47,297
201705,경기도,고양시,48,289
201705,경기도,고양시,49,298
201705,경기도,고양시,50,281
201705,경기도,고양시,51,326
201705,경기도,고양시,52,299
201705,경기도,고양시,53,281
201705,경기도,고양시,54,326
201705,경기도,고양시,55,309
201705,경기도,고양시,56,326
201705,경기도,고양시,57,333
201705,경기도,고양시,58,296
201705,경기도,고양시,59,274
201705,경기도,고양시,60,253
201705,경기도,고양시,61,281
201705,경기도,고양시,62,260
201705,경기도,고양시,63,218
201705,경기도,고양시,64,222
201705,경기도,고양시,65,162
201705,경기도,고양시,66,190
201705,경기도,고양시,67,210
201705,경기도,고양시,68,226
201705,경기도,고양시,69,239
201705,경기도,고양시,70,255
201705,경기도,고양시,71,190
201705,경기도,고양시,72,239
201705,경기도,고양시,73,261
201705,경기도,고양시,74,300
201705,경기도,고양시,75,327
201705,경기도,고양시,76,256
201705,경기도,고양시,77,289
201705,경기도,고양시,78,279
201705,경기도,고양시,79,242
201705,경기도,고양시,80,231
201705,경기도,고양시,81,197
201705,경기도,고양시,82,201
201705,경기도,고양시,83,175
201705,경기도,고양시,84,151
201705,경기도,고양시,85,156
201705,경기도,고양시,86,126
201705,경기도,고양시,87,101
201705,경기도,고양시,88,68
201705,경기도,고양시,89,45
201705,경기도,고양시,90,49
201705,경기도,고양시,91,34
201705,경기도,고양시,92,28
201705,경기도,고양시,93,22
201705,경기도,고양시,94,13
201705,경기도,고양시,95,12
201705,경기도,고양시,96,4
201705,경기도,고양시,97,5
201705,경기도,고양시,98,3
201705,경기도,고양시,99,2
201705,경기도,고양시,100,1
201705,경기도,고양시,101,4
201705,경기도,고양시,102,1
201705,경기도,고양시,103,2
201705,경기도,과천시,3,1
201705,경기도,과천시,4,2
201705,경기도,과천시,5,1
201705,경기도,과천시,6,4
201705,경기도,과천시,7,6
201705,경기도,과천시,8,7
201705,경기도,과천시,9,7
201705,경기도,과천시,10,9
201705,경기도,과천시,11,12
201705,경기도,과천시,12,21
201705,경기도,과천시,13,12
201705,경기도,과천시,14,16
201705,경기도,과천시,15,15
201705,경기도,과천시,16,26
201705,경기도,과천시,17,29
201705,경기도,과천시,18,11
201705,경기도,과천시,19,15
201705,경기도,과천시,20,6
201705,경기도,과천시,21,11
201705,경기도,과천시,22,9
201705,경기도,과천시,23,8
201705,경기도,과천시,24,6
201705,경기도,과천시,25,10
201705,경기도,과천시,26,3
201705,경기도,과천시,27,3
201705,경기도,과천시,28,1
201705,경기도,과천시,29,2
201705,경기도,과천시,31,2
201705,경기도,과천시,32,3
201705,경기도,과천시,34,1
201705,경기도,과천시,36,5
201705,경기도,과천시,37,2
201705,경기도,과천시,38,2
201705,경기도,과천시,39,2
201705,경기도,과천시,40,4
201705,경기도,과천시,41,2
201705,경기도,과천시,42,8
201705,경기도,과천시,43,2
201705,경기도,과천시,44,5
201705,경기도,과천시,45,9
201705,경기도,과천시,46,11
201705,경기도,과천시,47,8
201705,경기도,과천시,48,10
201705,경기도,과천시,49,13
201705,경기도,과천시,50,7
201705,경기도,과천시,51,13
201705,경기도,과천시,52,6
201705,경기도,과천시,53,9
201705,경기도,과천시,54,16
201705,경기도,과천시,55,12
201705,경기도,과천시,56,7
201705,경기도,과천시,57,11
201705,경기도,과천시,58,18
201705,경기도,과천시,59,9
201705,경기도,과천시,60,7
201705,경기도,과천시,61,17
201705,경기도,과천시,62,12
201705,경기도,과천시,63,9
201705,경기도,과천시,64,13
201705,경기도,과천시,65,10
201705,경기도,과천시,66,17
201705,경기도,과천시,67,8
201705,경기도,과천시,68,9
201705,경기도,과천시,69,13
201705,경기도,과천시,70,15
201705,경기도,과천시,71,17
201705,경기도,과천시,72,19
201705,경기도,과천시,73,25
201705,경기도,과천시,74,15
201705,경기도,과천시,75,13
201705,경기도,과천시,76,17
201705,경기도,과천시,77,13
201705,경기도,과천시,78,11
201705,경기도,과천시,79,5
201705,경기도,과천시,80,11
201705,경기도,과천시,81,14
201705,경기도,과천시,82,8
201705,경기도,과천시,83,7
201705,경기도,과천시,84,6
201705,경기도,과천시,85,6
201705,경기도,과천시,86,5
201705,경기도,과천시,87,4
201705,경기도,과천시,88,2
201705,경기도,과천시,89,2
201705,경기도,과천시,90,3
201705,경기도,과천시,91,4
201705,경기도,과천시,92,1
201705,경기도,과천시,94,1
201705,경기도,과천시,95,1
201705,경기도,과천시,99,1
201705,경기도,구리시,0,4
201705,경기도,구리시,1,13
201705,경기도,구리시,2,10
201705,경기도,구리시,3,15
201705,경기도,구리시,4,16
201705,경기도,구리시,5,20
201705,경기도,구리시,6,35
201705,경기도,구리시,7,54
201705,경기도,구리시,8,65
201705,경기도,구리시,9,77
201705,경기도,구리시,10,61
201705,경기도,구리시,11,82
201705,경기도,구리시,12,75
201705,경기도,구리시,13,96
201705,경기도,구리시,14,110
201705,경기도,구리시,15,130
201705,경기도,구리시,16,186
201705,경기도,구리시,17,185
201705,경기도,구리시,18,140
201705,경기도,구리시,19,108
201705,경기도,구리시,20,71
201705,경기도,구리시,21,70
201705,경기도,구리시,22,46
201705,경기도,구리시,23,43
201705,경기도,구리시,24,44
201705,경기도,구리시,25,35
201705,경기도,구리시,26,26
201705,경기도,구리시,27,11
201705,경기도,구리시,28,14
201705,경기도,구리시,29,9
201705,경기도,구리시,30,11
201705,경기도,구리시,31,13
201705,경기도,구리시,32,13
201705,경기도,구리시,33,15
201705,경기도,구리시,34,18
201705,경기도,구리시,35,13
201705,경기도,구리시,36,22
201705,경기도,구리시,37,24
201705,경기도,구리시,38,18
201705,경기도,구리시,39,23
201705,경기도,구리시,40,26
201705,경기도,구리시,41,35
201705,경기도,구리시,42,33
201705,경기도,구리시,43,55
201705,경기도,구리시,44,45
201705,경기도,구리시,45,53
201705,경기도,구리시,46,65
201705,경기도,구리시,47,68
201705,경기도,구리시,48,78
201705,경기도,구리시,49,59
201705,경기도,구리시,50,87
201705,경기도,구리시,51,72
201705,경기도,구리시,52,67
201705,경기도,구리시,53,78
201705,경기도,구리시,54,89
201705,경기도,구리시,55,92
201705,경기도,구리시,56,95
201705,경기도,구리시,57,95
201705,경기도,구리시,58,81
201705,경기도,구리시,59,108
201705,경기도,구리시,60,69
201705,경기도,구리시,61,70
201705,경기도,구리시,62,84
201705,경기도,구리시,63,69
201705,경기도,구리시,64,68
201705,경기도,구리시,65,70
201705,경기도,구리시,66,65
201705,경기도,구리시,67,59
201705,경기도,구리시,68,76
201705,경기도,구리시,69,64
201705,경기도,구리시,70,68
201705,경기도,구리시,71,48
201705,경기도,구리시,72,55
201705,경기도,구리시,73,58
201705,경기도,구리시,74,78
201705,경기도,구리시,75,77
201705,경기도,구리시,76,72
201705,경기도,구리시,77,53
201705,경기도,구리시,78,61
201705,경기도,구리시,79,62
201705,경기도,구리시,80,40
201705,경기도,구리시,81,60
201705,경기도,구리시,82,50
201705,경기도,구리시,83,26
201705,경기도,구리시,84,29
201705,경기도,구리시,85,24
201705,경기도,구리시,86,25
201705,경기도,구리시,87,28
201705,경기도,구리시,88,16
201705,경기도,구리시,89,10
201705,경기도,구리시,90,11
201705,경기도,구리시,91,4
201705,경기도,구리시,92,8
201705,경기도,구리시,93,5
201705,경기도,구리시,94,2
201705,경기도,구리시,95,1
201705,경기도,구리시,96,2
201705,경기도,구리시,97,3
201705,경기도,구리시,98,1
201705,경기도,구리시,99,1
201705,경기도,남양주시,0,22
201705,경기도,남양주시,1,31
201705,경기도,남양주시,2,41
201705,경기도,남양주시,3,42
201705,경기도,남양주시,4,70
201705,경기도,남양주시,5,61
201705,경기도,남양주시,6,110
201705,경기도,남양주시,7,140
201705,경기도,남양주시,8,161
201705,경기도,남양주시,9,202
201705,경기도,남양주시,10,215
201705,경기도,남양주시,11,208
201705,경기도,남양주시,12,222
201705,경기도,남양주시,13,283
201705,경기도,남양주시,14,281
201705,경기도,남양주시,15,345
201705,경기도,남양주시,16,448
201705,경기도,남양주시,17,444
201705,경기도,남양주시,18,299
201705,경기도,남양주시,19,190
201705,경기도,남양주시,20,142
201705,경기도,남양주시,21,119
201705,경기도,남양주시,22,99
201705,경기도,남양주시,23,74
201705,경기도,남양주시,24,73
201705,경기도,남양주시,25,51
201705,경기도,남양주시,26,32
201705,경기도,남양주시,27,32
201705,경기도,남양주시,28,30
201705,경기도,남양주시,29,24
201705,경기도,남양주시,30,35
201705,경기도,남양주시,31,36
201705,경기도,남양주시,32,40
201705,경기도,남양주시,33,37
201705,경기도,남양주시,34,49
201705,경기도,남양주시,35,59
201705,경기도,남양주시,36,69
201705,경기도,남양주시,37,65
201705,경기도,남양주시,38,75
201705,경기도,남양주시,39,87
201705,경기도,남양주시,40,97
201705,경기도,남양주시,41,92
201705,경기도,남양주시,42,106
201705,경기도,남양주시,43,142
201705,경기도,남양주시,44,137
201705,경기도,남양주시,45,161
201705,경기도,남양주시,46,172
201705,경기도,남양주시,47,163
201705,경기도,남양주시,48,178
201705,경기도,남양주시,49,183
201705,경기도,남양주시,50,167
201705,경기도,남양주시,51,173
201705,경기도,남양주시,52,194
201705,경기도,남양주시,53,179
201705,경기도,남양주시,54,212
201705,경기도,남양주시,55,159
201705,경기도,남양주시,56,173
201705,경기도,남양주시,57,193
201705,경기도,남양주시,58,190
201705,경기도,남양주시,59,182
201705,경기도,남양주시,60,166
201705,경기도,남양주시,61,175
201705,경기도,남양주시,62,174
201705,경기도,남양주시,63,135
201705,경기도,남양주시,64,142
201705,경기도,남양주시,65,141
201705,경기도,남양주시,66,142
201705,경기도,남양주시,67,142
201705,경기도,남양주시,68,138
201705,경기도,남양주시,69,198
201705,경기도,남양주시,70,192
201705,경기도,남양주시,71,157
201705,경기도,남양주시,72,173
201705,경기도,남양주시,73,167
201705,경기도,남양주시,74,208
201705,경기도,남양주시,75,249
201705,경기도,남양주시,76,206
201705,경기도,남양주시,77,173
201705,경기도,남양주시,78,196
201705,경기도,남양주시,79,175
201705,경기도,남양주시,80,157
201705,경기도,남양주시,81,143
201705,경기도,남양주시,82,128
201705,경기도,남양주시,83,104
201705,경기도,남양주시,84,101
201705,경기도,남양주시,85,88
201705,경기도,남양주시,86,56
201705,경기도,남양주시,87,51
201705,경기도,남양주시,88,52
201705,경기도,남양주시,89,37
201705,경기도,남양주시,90,28
201705,경기도,남양주시,91,22
201705,경기도,남양주시,92,14
201705,경기도,남양주시,93,9
201705,경기도,남양주시,94,12
201705,경기도,남양주시,95,11
201705,경기도,남양주시,96,7
201705,경기도,남양주시,97,8
201705,경기도,남양주시,98,1
201705,경기도,남양주시,99,1
201705,경기도,남양주시,100,3
201705,경기도,남양주시,101,2
201705,경기도,남양주시,103,1
201705,경기도,남양주시,105,1
201705,경기도,오산시,0,4
201705,경기도,오산시,1,8
201705,경기도,오산시,2,12
201705,경기도,오산시,3,17
201705,경기도,오산시,4,14
201705,경기도,오산시,5,18
201705,경기도,오산시,6,33
201705,경기도,오산시,7,54
201705,경기도,오산시,8,79
201705,경기도,오산시,9,85
201705,경기도,오산시,10,88
201705,경기도,오산시,11,89
201705,경기도,오산시,12,71
201705,경기도,오산시,13,82
201705,경기도,오산시,14,101
201705,경기도,오산시,15,100
201705,경기도,오산시,16,124
201705,경기도,오산시,17,160
201705,경기도,오산시,18,52
201705,경기도,오산시,19,50
201705,경기도,오산시,20,36
201705,경기도,오산시,21,27
201705,경기도,오산시,22,24
201705,경기도,오산시,23,18
201705,경기도,오산시,24,12
201705,경기도,오산시,25,10
201705,경기도,오산시,26,15
201705,경기도,오산시,27,11
201705,경기도,오산시,28,13
201705,경기도,오산시,29,5
201705,경기도,오산시,30,9
201705,경기도,오산시,31,9
201705,경기도,오산시,32,10
201705,경기도,오산시,33,8
201705,경기도,오산시,34,15
201705,경기도,오산시,35,17
201705,경기도,오산시,36,16
201705,경기도,오산시,37,27
201705,경기도,오산시,38,19
201705,경기도,오산시,39,15
201705,경기도,오산시,40,22
201705,경기도,오산시,41,28
201705,경기도,오산시,42,20
201705,경기도,오산시,43,41
201705,경기도,오산시,44,41
201705,경기도,오산시,45,29
201705,경기도,오산시,46,45
201705,경기도,오산시,47,45
201705,경기도,오산시,48,47
201705,경기도,오산시,49,40
201705,경기도,오산시,50,51
201705,경기도,오산시,51,53
201705,경기도,오산시,52,46
201705,경기도,오산시,53,51
201705,경기도,오산시,54,46
201705,경기도,오산시,55,57
201705,경기도,오산시,56,46
201705,경기도,오산시,57,57
201705,경기도,오산시,58,35
201705,경기도,오산시,59,49
201705,경기도,오산시,60,41
201705,경기도,오산시,61,33
201705,경기도,오산시,62,37
201705,경기도,오산시,63,25
201705,경기도,오산시,64,36
201705,경기도,오산시,65,37
201705,경기도,오산시,66,35
201705,경기도,오산시,67,37
201705,경기도,오산시,68,31
201705,경기도,오산시,69,34
201705,경기도,오산시,70,40
201705,경기도,오산시,71,37
201705,경기도,오산시,72,50
201705,경기도,오산시,73,43
201705,경기도,오산시,74,67
201705,경기도,오산시,75,51
201705,경기도,오산시,76,45
201705,경기도,오산시,77,38
201705,경기도,오산시,78,41
201705,경기도,오산시,79,29
201705,경기도,오산시,80,29
201705,경기도,오산시,81,34
201705,경기도,오산시,82,32
201705,경기도,오산시,83,26
201705,경기도,오산시,84,16
201705,경기도,오산시,85,17
201705,경기도,오산시,86,14
201705,경기도,오산시,87,8
201705,경기도,오산시,88,9
201705,경기도,오산시,89,10
201705,경기도,오산시,90,7
201705,경기도,오산시,91,2
201705,경기도,오산시,92,5
201705,경기도,오산시,93,2
201705,경기도,오산시,98,1
201705,경기도,시흥시,0,11
201705,경기도,시흥시,1,19
201705,경기도,시흥시,2,21
201705,경기도,시흥시,3,27
201705,경기도,시흥시,4,40
201705,경기도,시흥시,5,34
201705,경기도,시흥시,6,88
201705,경기도,시흥시,7,101
201705,경기도,시흥시,8,165
201705,경기도,시흥시,9,170
201705,경기도,시흥시,10,155
201705,경기도,시흥시,11,188
201705,경기도,시흥시,12,193
201705,경기도,시흥시,13,191
201705,경기도,시흥시,14,234
201705,경기도,시흥시,15,251
201705,경기도,시흥시,16,302
201705,경기도,시흥시,17,341
201705,경기도,시흥시,18,228
201705,경기도,시흥시,19,144
201705,경기도,시흥시,20,107
201705,경기도,시흥시,21,93
201705,경기도,시흥시,22,87
201705,경기도,시흥시,23,85
201705,경기도,시흥시,24,47
201705,경기도,시흥시,25,42
201705,경기도,시흥시,26,16
201705,경기도,시흥시,27,19
201705,경기도,시흥시,28,13
201705,경기도,시흥시,29,15
201705,경기도,시흥시,30,22
201705,경기도,시흥시,31,18
201705,경기도,시흥시,32,21
201705,경기도,시흥시,33,25
201705,경기도,시흥시,34,33
201705,경기도,시흥시,35,47
201705,경기도,시흥시,36,35
201705,경기도,시흥시,37,39
201705,경기도,시흥시,38,48
201705,경기도,시흥시,39,62
201705,경기도,시흥시,40,65
201705,경기도,시흥시,41,62
201705,경기도,시흥시,42,74
201705,경기도,시흥시,43,89
201705,경기도,시흥시,44,94
201705,경기도,시흥시,45,102
201705,경기도,시흥시,46,123
201705,경기도,시흥시,47,122
201705,경기도,시흥시,48,137
201705,경기도,시흥시,49,131
201705,경기도,시흥시,50,131
201705,경기도,시흥시,51,138
201705,경기도,시흥시,52,134
201705,경기도,시흥시,53,129
201705,경기도,시흥시,54,138
201705,경기도,시흥시,55,118
201705,경기도,시흥시,56,155
201705,경기도,시흥시,57,128
201705,경기도,시흥시,58,120
201705,경기도,시흥시,59,101
201705,경기도,시흥시,60,123
201705,경기도,시흥시,61,94
201705,경기도,시흥시,62,104
201705,경기도,시흥시,63,88
201705,경기도,시흥시,64,64
201705,경기도,시흥시,65,72
201705,경기도,시흥시,66,90
201705,경기도,시흥시,67,87
201705,경기도,시흥시,68,70
201705,경기도,시흥시,69,102
201705,경기도,시흥시,70,77
201705,경기도,시흥시,71,74
201705,경기도,시흥시,72,73
201705,경기도,시흥시,73,78
201705,경기도,시흥시,74,94
201705,경기도,시흥시,75,90
201705,경기도,시흥시,76,72
201705,경기도,시흥시,77,80
201705,경기도,시흥시,78,89
201705,경기도,시흥시,79,91
201705,경기도,시흥시,80,73
201705,경기도,시흥시,81,63
201705,경기도,시흥시,82,67
201705,경기도,시흥시,83,48
201705,경기도,시흥시,84,57
201705,경기도,시흥시,85,40
201705,경기도,시흥시,86,25
201705,경기도,시흥시,87,40
201705,경기도,시흥시,88,23
201705,경기도,시흥시,89,24
201705,경기도,시흥시,90,16
201705,경기도,시흥시,91,11
201705,경기도,시흥시,92,4
201705,경기도,시흥시,93,2
201705,경기도,시흥시,94,5
201705,경기도,시흥시,95,6
201705,경기도,시흥시,96,2
201705,경기도,시흥시,97,1
201705,경기도,시흥시,98,1
201705,경기도,시흥시,103,1
201705,경기도,군포시,0,9
201705,경기도,군포시,1,13
201705,경기도,군포시,2,11
201705,경기도,군포시,3,18
201705,경기도,군포시,4,15
201705,경기도,군포시,5,23
201705,경기도,군포시,6,51
201705,경기도,군포시,7,69
201705,경기도,군포시,8,95
201705,경기도,군포시,9,92
201705,경기도,군포시,10,93
201705,경기도,군포시,11,113
201705,경기도,군포시,12,91
201705,경기도,군포시,13,118
201705,경기도,군포시,14,143
201705,경기도,군포시,15,142
201705,경기도,군포시,16,200
201705,경기도,군포시,17,193
201705,경기도,군포시,18,109
201705,경기도,군포시,19,91
201705,경기도,군포시,20,52
201705,경기도,군포시,21,51
201705,경기도,군포시,22,55
201705,경기도,군포시,23,53
201705,경기도,군포시,24,28
201705,경기도,군포시,25,21
201705,경기도,군포시,26,15
201705,경기도,군포시,27,16
201705,경기도,군포시,28,11
201705,경기도,군포시,29,16
201705,경기도,군포시,30,9
201705,경기도,군포시,31,12
201705,경기도,군포시,32,13
201705,경기도,군포시,33,17
201705,경기도,군포시,34,21
201705,경기도,군포시,35,23
201705,경기도,군포시,36,30
201705,경기도,군포시,37,19
201705,경기도,군포시,38,19
201705,경기도,군포시,39,34
201705,경기도,군포시,40,32
201705,경기도,군포시,41,36
201705,경기도,군포시,42,32
201705,경기도,군포시,43,55
201705,경기도,군포시,44,51
201705,경기도,군포시,45,64
201705,경기도,군포시,46,59
201705,경기도,군포시,47,70
201705,경기도,군포시,48,82
201705,경기도,군포시,49,78
201705,경기도,군포시,50,66
201705,경기도,군포시,51,68
201705,경기도,군포시,52,78
201705,경기도,군포시,53,80
201705,경기도,군포시,54,84
201705,경기도,군포시,55,110
201705,경기도,군포시,56,97
201705,경기도,군포시,57,95
201705,경기도,군포시,58,100
201705,경기도,군포시,59,88
201705,경기도,군포시,60,74
201705,경기도,군포시,61,74
201705,경기도,군포시,62,76
201705,경기도,군포시,63,56
201705,경기도,군포시,64,61
201705,경기도,군포시,65,66
201705,경기도,군포시,66,64
201705,경기도,군포시,67,78
201705,경기도,군포시,68,75
201705,경기도,군포시,69,77
201705,경기도,군포시,70,75
201705,경기도,군포시,71,55
201705,경기도,군포시,72,55
201705,경기도,군포시,73,70
201705,경기도,군포시,74,75
201705,경기도,군포시,75,90
201705,경기도,군포시,76,85
201705,경기도,군포시,77,82
201705,경기도,군포시,78,74
201705,경기도,군포시,79,65
201705,경기도,군포시,80,53
201705,경기도,군포시,81,59
201705,경기도,군포시,82,63
201705,경기도,군포시,83,50
201705,경기도,군포시,84,30
201705,경기도,군포시,85,31
201705,경기도,군포시,86,38
201705,경기도,군포시,87,23
201705,경기도,군포시,88,23
201705,경기도,군포시,89,21
201705,경기도,군포시,90,12
201705,경기도,군포시,91,6
201705,경기도,군포시,92,10
201705,경기도,군포시,93,9
201705,경기도,군포시,94,4
201705,경기도,군포시,95,6
201705,경기도,군포시,96,2
201705,경기도,군포시,100,1
201705,경기도,군포시,101,2
201705,경기도,의왕시,0,2
201705,경기도,의왕시,1,2
201705,경기도,의왕시,2,8
201705,경기도,의왕시,3,3
201705,경기도,의왕시,4,6
201705,경기도,의왕시,5,6
201705,경기도,의왕시,6,26
201705,경기도,의왕시,7,23
201705,경기도,의왕시,8,40
201705,경기도,의왕시,9,32
201705,경기도,의왕시,10,42
201705,경기도,의왕시,11,33
201705,경기도,의왕시,12,33
201705,경기도,의왕시,13,32
201705,경기도,의왕시,14,38
201705,경기도,의왕시,15,41
201705,경기도,의왕시,16,60
201705,경기도,의왕시,17,60
201705,경기도,의왕시,18,31
201705,경기도,의왕시,19,39
201705,경기도,의왕시,20,34
201705,경기도,의왕시,21,30
201705,경기도,의왕시,22,16
201705,경기도,의왕시,23,13
201705,경기도,의왕시,24,11
201705,경기도,의왕시,25,5
201705,경기도,의왕시,26,4
201705,경기도,의왕시,27,7
201705,경기도,의왕시,28,8
201705,경기도,의왕시,29,2
201705,경기도,의왕시,30,4
201705,경기도,의왕시,31,3
201705,경기도,의왕시,32,6
201705,경기도,의왕시,33,4
201705,경기도,의왕시,34,8
201705,경기도,의왕시,35,9
201705,경기도,의왕시,36,3
201705,경기도,의왕시,37,13
201705,경기도,의왕시,38,4
201705,경기도,의왕시,39,11
201705,경기도,의왕시,40,7
201705,경기도,의왕시,41,12
201705,경기도,의왕시,42,18
201705,경기도,의왕시,43,18
201705,경기도,의왕시,44,20
201705,경기도,의왕시,45,20
201705,경기도,의왕시,46,28
201705,경기도,의왕시,47,28
201705,경기도,의왕시,48,34
201705,경기도,의왕시,49,27
201705,경기도,의왕시,50,26
201705,경기도,의왕시,51,23
201705,경기도,의왕시,52,29
201705,경기도,의왕시,53,23
201705,경기도,의왕시,54,38
201705,경기도,의왕시,55,31
201705,경기도,의왕시,56,26
201705,경기도,의왕시,57,29
201705,경기도,의왕시,58,24
201705,경기도,의왕시,59,28
201705,경기도,의왕시,60,34
201705,경기도,의왕시,61,41
201705,경기도,의왕시,62,29
201705,경기도,의왕시,63,25
201705,경기도,의왕시,64,26
201705,경기도,의왕시,65,23
201705,경기도,의왕시,66,24
201705,경기도,의왕시,67,26
201705,경기도,의왕시,68,26
201705,경기도,의왕시,69,26
201705,경기도,의왕시,70,32
201705,경기도,의왕시,71,17
201705,경기도,의왕시,72,21
201705,경기도,의왕시,73,24
201705,경기도,의왕시,74,34
201705,경기도,의왕시,75,35
201705,경기도,의왕시,76,35
201705,경기도,의왕시,77,23
201705,경기도,의왕시,78,29
201705,경기도,의왕시,79,22
201705,경기도,의왕시,80,23
201705,경기도,의왕시,81,17
201705,경기도,의왕시,82,20
201705,경기도,의왕시,83,14
201705,경기도,의왕시,84,18
201705,경기도,의왕시,85,9
201705,경기도,의왕시,86,14
201705,경기도,의왕시,87,18
201705,경기도,의왕시,88,14
201705,경기도,의왕시,89,8
201705,경기도,의왕시,90,7
201705,경기도,의왕시,91,4
201705,경기도,의왕시,92,3
201705,경기도,의왕시,93,1
201705,경기도,의왕시,94,3
201705,경기도,의왕시,95,5
201705,경기도,의왕시,97,2
201705,경기도,의왕시,98,3
201705,경기도,하남시,0,4
201705,경기도,하남시,1,8
201705,경기도,하남시,2,20
201705,경기도,하남시,3,15
201705,경기도,하남시,4,16
201705,경기도,하남시,5,20
201705,경기도,하남시,6,32
201705,경기도,하남시,7,36
201705,경기도,하남시,8,57
201705,경기도,하남시,9,57
201705,경기도,하남시,10,57
201705,경기도,하남시,11,62
201705,경기도,하남시,12,59
201705,경기도,하남시,13,76
201705,경기도,하남시,14,68
201705,경기도,하남시,15,94
201705,경기도,하남시,16,112
201705,경기도,하남시,17,113
201705,경기도,하남시,18,90
201705,경기도,하남시,19,49
201705,경기도,하남시,20,41
201705,경기도,하남시,21,22
201705,경기도,하남시,22,24
201705,경기도,하남시,23,31
201705,경기도,하남시,24,17
201705,경기도,하남시,25,12
201705,경기도,하남시,26,9
201705,경기도,하남시,27,10
201705,경기도,하남시,28,4
201705,경기도,하남시,29,9
201705,경기도,하남시,30,8
201705,경기도,하남시,31,6
201705,경기도,하남시,32,11
201705,경기도,하남시,33,11
201705,경기도,하남시,34,10
201705,경기도,하남시,35,20
201705,경기도,하남시,36,15
201705,경기도,하남시,37,23
201705,경기도,하남시,38,18
201705,경기도,하남시,39,21
201705,경기도,하남시,40,17
201705,경기도,하남시,41,24
201705,경기도,하남시,42,25
201705,경기도,하남시,43,34
201705,경기도,하남시,44,34
201705,경기도,하남시,45,38
201705,경기도,하남시,46,28
201705,경기도,하남시,47,42
201705,경기도,하남시,48,46
201705,경기도,하남시,49,45
201705,경기도,하남시,50,39
201705,경기도,하남시,51,44
201705,경기도,하남시,52,45
201705,경기도,하남시,53,32
201705,경기도,하남시,54,52
201705,경기도,하남시,55,49
201705,경기도,하남시,56,60
201705,경기도,하남시,57,58
201705,경기도,하남시,58,55
201705,경기도,하남시,59,56
201705,경기도,하남시,60,54
201705,경기도,하남시,61,54
201705,경기도,하남시,62,48
201705,경기도,하남시,63,39
201705,경기도,하남시,64,51
201705,경기도,하남시,65,42
201705,경기도,하남시,66,49
201705,경기도,하남시,67,48
201705,경기도,하남시,68,41
201705,경기도,하남시,69,52
201705,경기도,하남시,70,58
201705,경기도,하남시,71,38
201705,경기도,하남시,72,51
201705,경기도,하남시,73,57
201705,경기도,하남시,74,34
201705,경기도,하남시,75,56
201705,경기도,하남시,76,43
201705,경기도,하남시,77,50
201705,경기도,하남시,78,47
201705,경기도,하남시,79,34
201705,경기도,하남시,80,40
201705,경기도,하남시,81,46
201705,경기도,하남시,82,27
201705,경기도,하남시,83,23
201705,경기도,하남시,84,19
201705,경기도,하남시,85,19
201705,경기도,하남시,86,20
201705,경기도,하남시,87,19
201705,경기도,하남시,88,11
201705,경기도,하남시,89,10
201705,경기도,하남시,90,6
201705,경기도,하남시,91,6
201705,경기도,하남시,92,6
201705,경기도,하남시,93,4
201705,경기도,하남시,94,4
201705,경기도,하남시,95,3
201705,경기도,하남시,98,1
201705,경기도,하남시,99,1
201705,경기도,하남시,102,1
201705,경기도,용인시,0,10
201705,경기도,용인시,1,23
201705,경기도,용인시,2,25
201705,경기도,용인시,3,18
201705,경기도,용인시,4,27
201705,경기도,용인시,5,32
201705,경기도,용인시,6,44
201705,경기도,용인시,7,77
201705,경기도,용인시,8,72
201705,경기도,용인시,9,92
201705,경기도,용인시,10,91
201705,경기도,용인시,11,98
201705,경기도,용인시,12,126
201705,경기도,용인시,13,122
201705,경기도,용인시,14,125
201705,경기도,용인시,15,170
201705,경기도,용인시,16,229
201705,경기도,용인시,17,224
201705,경기도,용인시,18,162
201705,경기도,용인시,19,101
201705,경기도,용인시,20,80
201705,경기도,용인시,21,55
201705,경기도,용인시,22,76
201705,경기도,용인시,23,43
201705,경기도,용인시,24,46
201705,경기도,용인시,25,26
201705,경기도,용인시,26,23
201705,경기도,용인시,27,18
201705,경기도,용인시,28,17
201705,경기도,용인시,29,23
201705,경기도,용인시,30,8
201705,경기도,용인시,31,19
201705,경기도,용인시,32,21
201705,경기도,용인시,33,28
201705,경기도,용인시,34,26
201705,경기도,용인시,35,26
201705,경기도,용인시,36,38
201705,경기도,용인시,37,53
201705,경기도,용인시,38,31
201705,경기도,용인시,39,36
201705,경기도,용인시,40,42
201705,경기도,용인시,41,58
201705,경기도,용인시,42,73
201705,경기도,용인시,43,76
201705,경기도,용인시,44,84
201705,경기도,용인시,45,84
201705,경기도,용인시,46,102
201705,경기도,용인시,47,96
201705,경기도,용인시,48,100
201705,경기도,용인시,49,109
201705,경기도,용인시,50,92
201705,경기도,용인시,51,112
201705,경기도,용인시,52,87
201705,경기도,용인시,53,84
201705,경기도,용인시,54,97
201705,경기도,용인시,55,121
201705,경기도,용인시,56,118
201705,경기도,용인시,57,100
201705,경기도,용인시,58,78
201705,경기도,용인시,59,84
201705,경기도,용인시,60,87
201705,경기도,용인시,61,95
201705,경기도,용인시,62,89
201705,경기도,용인시,63,63
201705,경기도,용인시,64,73
201705,경기도,용인시,65,61
201705,경기도,용인시,66,75
201705,경기도,용인시,67,96
201705,경기도,용인시,68,88
201705,경기도,용인시,69,93
201705,경기도,용인시,70,107
201705,경기도,용인시,71,78
201705,경기도,용인시,72,108
201705,경기도,용인시,73,70
201705,경기도,용인시,74,120
201705,경기도,용인시,75,145
201705,경기도,용인시,76,116
201705,경기도,용인시,77,109
201705,경기도,용인시,78,99
201705,경기도,용인시,79,104
201705,경기도,용인시,80,88
201705,경기도,용인시,81,82
201705,경기도,용인시,82,75
201705,경기도,용인시,83,90
201705,경기도,용인시,84,48
201705,경기도,용인시,85,56
201705,경기도,용인시,86,45
201705,경기도,용인시,87,52
201705,경기도,용인시,88,34
201705,경기도,용인시,89,22
201705,경기도,용인시,90,27
201705,경기도,용인시,91,17
201705,경기도,용인시,92,17
201705,경기도,용인시,93,11
201705,경기도,용인시,94,12
201705,경기도,용인시,95,8
201705,경기도,용인시,96,10
201705,경기도,용인시,97,2
201705,경기도,용인시,98,2
201705,경기도,용인시,99,4
201705,경기도,용인시,101,1
201705,경기도,용인시,103,1
201705,경기도,용인시,106,1
201705,경기도,파주시,0,17
201705,경기도,파주시,1,28
201705,경기도,파주시,2,27
201705,경기도,파주시,3,48
201705,경기도,파주시,4,51
201705,경기도,파주시,5,54
201705,경기도,파주시,6,108
201705,경기도,파주시,7,152
201705,경기도,파주시,8,193
201705,경기도,파주시,9,210
201705,경기도,파주시,10,221
201705,경기도,파주시,11,216
201705,경기도,파주시,12,228
201705,경기도,파주시,13,237
201705,경기도,파주시,14,269
201705,경기도,파주시,15,290
201705,경기도,파주시,16,396
201705,경기도,파주시,17,431
201705,경기도,파주시,18,270
201705,경기도,파주시,19,166
201705,경기도,파주시,20,108
201705,경기도,파주시,21,101
201705,경기도,파주시,22,79
201705,경기도,파주시,23,52
201705,경기도,파주시,24,46
201705,경기도,파주시,25,35
201705,경기도,파주시,26,30
201705,경기도,파주시,27,23
201705,경기도,파주시,28,17
201705,경기도,파주시,29,13
201705,경기도,파주시,30,19
201705,경기도,파주시,31,22
201705,경기도,파주시,32,16
201705,경기도,파주시,33,29
201705,경기도,파주시,34,39
201705,경기도,파주시,35,28
201705,경기도,파주시,36,42
201705,경기도,파주시,37,52
201705,경기도,파주시,38,42
201705,경기도,파주시,39,59
201705,경기도,파주시,40,75
201705,경기도,파주시,41,67
201705,경기도,파주시,42,96
201705,경기도,파주시,43,108
201705,경기도,파주시,44,117
201705,경기도,파주시,45,126
201705,경기도,파주시,46,139
201705,경기도,파주시,47,156
201705,경기도,파주시,48,151
201705,경기도,파주시,49,139
201705,경기도,파주시,50,139
201705,경기도,파주시,51,129
201705,경기도,파주시,52,140
201705,경기도,파주시,53,141
201705,경기도,파주시,54,160
201705,경기도,파주시,55,153
201705,경기도,파주시,56,160
201705,경기도,파주시,57,151
201705,경기도,파주시,58,147
201705,경기도,파주시,59,144
201705,경기도,파주시,60,141
201705,경기도,파주시,61,137
201705,경기도,파주시,62,148
201705,경기도,파주시,63,111
201705,경기도,파주시,64,110
201705,경기도,파주시,65,120
201705,경기도,파주시,66,114
201705,경기도,파주시,67,139
201705,경기도,파주시,68,157
201705,경기도,파주시,69,140
201705,경기도,파주시,70,149
201705,경기도,파주시,71,122
201705,경기도,파주시,72,213
201705,경기도,파주시,73,195
201705,경기도,파주시,74,203
201705,경기도,파주시,75,201
201705,경기도,파주시,76,182
201705,경기도,파주시,77,164
201705,경기도,파주시,78,141
201705,경기도,파주시,79,142
201705,경기도,파주시,80,141
201705,경기도,파주시,81,139
201705,경기도,파주시,82,95
201705,경기도,파주시,83,95
201705,경기도,파주시,84,98
201705,경기도,파주시,85,67
201705,경기도,파주시,86,54
201705,경기도,파주시,87,55
201705,경기도,파주시,88,51
201705,경기도,파주시,89,38
201705,경기도,파주시,90,25
201705,경기도,파주시,91,20
201705,경기도,파주시,92,15
201705,경기도,파주시,93,9
201705,경기도,파주시,94,7
201705,경기도,파주시,95,8
201705,경기도,파주시,96,6
201705,경기도,파주시,97,6
201705,경기도,파주시,98,2
201705,경기도,파주시,99,3
201705,경기도,파주시,100,3
201705,경기도,이천시,0,5
201705,경기도,이천시,1,8
201705,경기도,이천시,2,12
201705,경기도,이천시,3,8
201705,경기도,이천시,4,20
201705,경기도,이천시,5,11
201705,경기도,이천시,6,26
201705,경기도,이천시,7,41
201705,경기도,이천시,8,60
201705,경기도,이천시,9,83
201705,경기도,이천시,10,59
201705,경기도,이천시,11,56
201705,경기도,이천시,12,72
201705,경기도,이천시,13,90
201705,경기도,이천시,14,85
201705,경기도,이천시,15,111
201705,경기도,이천시,16,151
201705,경기도,이천시,17,156
201705,경기도,이천시,18,122
201705,경기도,이천시,19,72
201705,경기도,이천시,20,51
201705,경기도,이천시,21,33
201705,경기도,이천시,22,26
201705,경기도,이천시,23,18
201705,경기도,이천시,24,23
201705,경기도,이천시,25,22
201705,경기도,이천시,26,11
201705,경기도,이천시,27,6
201705,경기도,이천시,28,6
201705,경기도,이천시,29,4
201705,경기도,이천시,30,6
201705,경기도,이천시,31,5
201705,경기도,이천시,32,10
201705,경기도,이천시,33,11
201705,경기도,이천시,34,8
201705,경기도,이천시,35,19
201705,경기도,이천시,36,22
201705,경기도,이천시,37,21
201705,경기도,이천시,38,16
201705,경기도,이천시,39,31
201705,경기도,이천시,40,26
201705,경기도,이천시,41,26
201705,경기도,이천시,42,47
201705,경기도,이천시,43,50
201705,경기도,이천시,44,40
201705,경기도,이천시,45,32
201705,경기도,이천시,46,60
201705,경기도,이천시,47,50
201705,경기도,이천시,48,47
201705,경기도,이천시,49,69
201705,경기도,이천시,50,65
201705,경기도,이천시,51,67
201705,경기도,이천시,52,58
201705,경기도,이천시,53,56
201705,경기도,이천시,54,65
201705,경기도,이천시,55,69
201705,경기도,이천시,56,81
201705,경기도,이천시,57,61
201705,경기도,이천시,58,65
201705,경기도,이천시,59,59
201705,경기도,이천시,60,50
201705,경기도,이천시,61,53
201705,경기도,이천시,62,52
201705,경기도,이천시,63,60
201705,경기도,이천시,64,59
201705,경기도,이천시,65,57
201705,경기도,이천시,66,43
201705,경기도,이천시,67,49
201705,경기도,이천시,68,65
201705,경기도,이천시,69,56
201705,경기도,이천시,70,53
201705,경기도,이천시,71,39
201705,경기도,이천시,72,66
201705,경기도,이천시,73,62
201705,경기도,이천시,74,74
201705,경기도,이천시,75,57
201705,경기도,이천시,76,57
201705,경기도,이천시,77,48
201705,경기도,이천시,78,75
201705,경기도,이천시,79,52
201705,경기도,이천시,80,49
201705,경기도,이천시,81,47
201705,경기도,이천시,82,61
201705,경기도,이천시,83,29
201705,경기도,이천시,84,31
201705,경기도,이천시,85,31
201705,경기도,이천시,86,23
201705,경기도,이천시,87,23
201705,경기도,이천시,88,24
201705,경기도,이천시,89,12
201705,경기도,이천시,90,7
201705,경기도,이천시,91,6
201705,경기도,이천시,92,9
201705,경기도,이천시,93,9
201705,경기도,이천시,94,5
201705,경기도,이천시,95,4
201705,경기도,이천시,96,7
201705,경기도,이천시,97,1
201705,경기도,이천시,100,1
201705,경기도,이천시,101,1
201705,경기도,안성시,0,2
201705,경기도,안성시,1,19
201705,경기도,안성시,2,16
201705,경기도,안성시,3,23
201705,경기도,안성시,4,26
201705,경기도,안성시,5,33
201705,경기도,안성시,6,41
201705,경기도,안성시,7,54
201705,경기도,안성시,8,58
201705,경기도,안성시,9,108
201705,경기도,안성시,10,85
201705,경기도,안성시,11,78
201705,경기도,안성시,12,79
201705,경기도,안성시,13,103
201705,경기도,안성시,14,116
201705,경기도,안성시,15,134
201705,경기도,안성시,16,159
201705,경기도,안성시,17,153
201705,경기도,안성시,18,106
201705,경기도,안성시,19,77
201705,경기도,안성시,20,62
201705,경기도,안성시,21,58
201705,경기도,안성시,22,44
201705,경기도,안성시,23,32
201705,경기도,안성시,24,32
201705,경기도,안성시,25,19
201705,경기도,안성시,26,11
201705,경기도,안성시,27,16
201705,경기도,안성시,28,9
201705,경기도,안성시,29,10
201705,경기도,안성시,30,12
201705,경기도,안성시,31,5
201705,경기도,안성시,32,14
201705,경기도,안성시,33,18
201705,경기도,안성시,34,18
201705,경기도,안성시,35,31
201705,경기도,안성시,36,22
201705,경기도,안성시,37,20
201705,경기도,안성시,38,32
201705,경기도,안성시,39,40
201705,경기도,안성시,40,22
201705,경기도,안성시,41,35
201705,경기도,안성시,42,47
201705,경기도,안성시,43,48
201705,경기도,안성시,44,61
201705,경기도,안성시,45,56
201705,경기도,안성시,46,55
201705,경기도,안성시,47,64
201705,경기도,안성시,48,61
201705,경기도,안성시,49,74
201705,경기도,안성시,50,66
201705,경기도,안성시,51,55
201705,경기도,안성시,52,83
201705,경기도,안성시,53,59
201705,경기도,안성시,54,66
201705,경기도,안성시,55,82
201705,경기도,안성시,56,106
201705,경기도,안성시,57,90
201705,경기도,안성시,58,78
201705,경기도,안성시,59,77
201705,경기도,안성시,60,71
201705,경기도,안성시,61,75
201705,경기도,안성시,62,58
201705,경기도,안성시,63,53
201705,경기도,안성시,64,57
201705,경기도,안성시,65,80
201705,경기도,안성시,66,56
201705,경기도,안성시,67,53
201705,경기도,안성시,68,51
201705,경기도,안성시,69,62
201705,경기도,안성시,70,64
201705,경기도,안성시,71,60
201705,경기도,안성시,72,78
201705,경기도,안성시,73,66
201705,경기도,안성시,74,73
201705,경기도,안성시,75,80
201705,경기도,안성시,76,76
201705,경기도,안성시,77,84
201705,경기도,안성시,78,79
201705,경기도,안성시,79,78
201705,경기도,안성시,80,59
201705,경기도,안성시,81,62
201705,경기도,안성시,82,59
201705,경기도,안성시,83,52
201705,경기도,안성시,84,51
201705,경기도,안성시,85,39
201705,경기도,안성시,86,18
201705,경기도,안성시,87,29
201705,경기도,안성시,88,15
201705,경기도,안성시,89,18
201705,경기도,안성시,90,13
201705,경기도,안성시,91,7
201705,경기도,안성시,92,9
201705,경기도,안성시,93,8
201705,경기도,안성시,94,6
201705,경기도,안성시,95,8
201705,경기도,안성시,96,1
201705,경기도,안성시,97,3
201705,경기도,안성시,99,1
201705,경기도,안성시,101,1
201705,경기도,안성시,102,1
201705,경기도,김포시,0,15
201705,경기도,김포시,1,16
201705,경기도,김포시,2,21
201705,경기도,김포시,3,28
201705,경기도,김포시,4,33
201705,경기도,김포시,5,31
201705,경기도,김포시,6,59
201705,경기도,김포시,7,76
201705,경기도,김포시,8,99
201705,경기도,김포시,9,103
201705,경기도,김포시,10,114
201705,경기도,김포시,11,111
201705,경기도,김포시,12,116
201705,경기도,김포시,13,115
201705,경기도,김포시,14,115
201705,경기도,김포시,15,120
201705,경기도,김포시,16,177
201705,경기도,김포시,17,203
201705,경기도,김포시,18,132
201705,경기도,김포시,19,87
201705,경기도,김포시,20,69
201705,경기도,김포시,21,58
201705,경기도,김포시,22,51
201705,경기도,김포시,23,35
201705,경기도,김포시,24,39
201705,경기도,김포시,25,34
201705,경기도,김포시,26,14
201705,경기도,김포시,27,9
201705,경기도,김포시,28,15
201705,경기도,김포시,29,23
201705,경기도,김포시,30,20
201705,경기도,김포시,31,13
201705,경기도,김포시,32,11
201705,경기도,김포시,33,17
201705,경기도,김포시,34,24
201705,경기도,김포시,35,27
201705,경기도,김포시,36,34
201705,경기도,김포시,37,35
201705,경기도,김포시,38,29
201705,경기도,김포시,39,33
201705,경기도,김포시,40,40
201705,경기도,김포시,41,39
201705,경기도,김포시,42,47
201705,경기도,김포시,43,60
201705,경기도,김포시,44,62
201705,경기도,김포시,45,71
201705,경기도,김포시,46,60
201705,경기도,김포시,47,98
201705,경기도,김포시,48,84
201705,경기도,김포시,49,84
201705,경기도,김포시,50,77
201705,경기도,김포시,51,84
201705,경기도,김포시,52,89
201705,경기도,김포시,53,89
201705,경기도,김포시,54,92
201705,경기도,김포시,55,95
201705,경기도,김포시,56,102
201705,경기도,김포시,57,90
201705,경기도,김포시,58,106
201705,경기도,김포시,59,116
201705,경기도,김포시,60,88
201705,경기도,김포시,61,91
201705,경기도,김포시,62,91
201705,경기도,김포시,63,73
201705,경기도,김포시,64,72
201705,경기도,김포시,65,97
201705,경기도,김포시,66,65
201705,경기도,김포시,67,99
201705,경기도,김포시,68,94
201705,경기도,김포시,69,126
201705,경기도,김포시,70,88
201705,경기도,김포시,71,86
201705,경기도,김포시,72,146
201705,경기도,김포시,73,128
201705,경기도,김포시,74,122
201705,경기도,김포시,75,133
201705,경기도,김포시,76,81
201705,경기도,김포시,77,104
201705,경기도,김포시,78,108
201705,경기도,김포시,79,82
201705,경기도,김포시,80,66
201705,경기도,김포시,81,73
201705,경기도,김포시,82,72
201705,경기도,김포시,83,57
201705,경기도,김포시,84,48
201705,경기도,김포시,85,42
201705,경기도,김포시,86,31
201705,경기도,김포시,87,24
201705,경기도,김포시,88,30
201705,경기도,김포시,89,18
201705,경기도,김포시,90,22
201705,경기도,김포시,91,10
201705,경기도,김포시,92,8
201705,경기도,김포시,93,7
201705,경기도,김포시,94,4
201705,경기도,김포시,95,4
201705,경기도,김포시,96,7
201705,경기도,김포시,97,2
201705,경기도,김포시,98,1
201705,경기도,김포시,99,1
201705,경기도,화성시,0,16
201705,경기도,화성시,1,24
201705,경기도,화성시,2,33
201705,경기도,화성시,3,25
201705,경기도,화성시,4,34
201705,경기도,화성시,5,39
201705,경기도,화성시,6,78
201705,경기도,화성시,7,89
201705,경기도,화성시,8,131
201705,경기도,화성시,9,167
201705,경기도,화성시,10,141
201705,경기도,화성시,11,157
201705,경기도,화성시,12,157
201705,경기도,화성시,13,175
201705,경기도,화성시,14,174
201705,경기도,화성시,15,245
201705,경기도,화성시,16,245
201705,경기도,화성시,17,283
201705,경기도,화성시,18,151
201705,경기도,화성시,19,102
201705,경기도,화성시,20,72
201705,경기도,화성시,21,59
201705,경기도,화성시,22,46
201705,경기도,화성시,23,38
201705,경기도,화성시,24,17
201705,경기도,화성시,25,25
201705,경기도,화성시,26,20
201705,경기도,화성시,27,18
201705,경기도,화성시,28,13
201705,경기도,화성시,29,19
201705,경기도,화성시,30,18
201705,경기도,화성시,31,16
201705,경기도,화성시,32,18
201705,경기도,화성시,33,27
201705,경기도,화성시,34,34
201705,경기도,화성시,35,33
201705,경기도,화성시,36,34
201705,경기도,화성시,37,37
201705,경기도,화성시,38,33
201705,경기도,화성시,39,42
201705,경기도,화성시,40,37
201705,경기도,화성시,41,60
201705,경기도,화성시,42,72
201705,경기도,화성시,43,95
201705,경기도,화성시,44,95
201705,경기도,화성시,45,73
201705,경기도,화성시,46,81
201705,경기도,화성시,47,104
201705,경기도,화성시,48,109
201705,경기도,화성시,49,102
201705,경기도,화성시,50,81
201705,경기도,화성시,51,99
201705,경기도,화성시,52,103
201705,경기도,화성시,53,88
201705,경기도,화성시,54,94
201705,경기도,화성시,55,88
201705,경기도,화성시,56,99
201705,경기도,화성시,57,85
201705,경기도,화성시,58,90
201705,경기도,화성시,59,86
201705,경기도,화성시,60,69
201705,경기도,화성시,61,76
201705,경기도,화성시,62,79
201705,경기도,화성시,63,64
201705,경기도,화성시,64,84
201705,경기도,화성시,65,65
201705,경기도,화성시,66,66
201705,경기도,화성시,67,70
201705,경기도,화성시,68,86
201705,경기도,화성시,69,75
201705,경기도,화성시,70,102
201705,경기도,화성시,71,74
201705,경기도,화성시,72,83
201705,경기도,화성시,73,103
201705,경기도,화성시,74,98
201705,경기도,화성시,75,116
201705,경기도,화성시,76,123
201705,경기도,화성시,77,81
201705,경기도,화성시,78,70
201705,경기도,화성시,79,93
201705,경기도,화성시,80,57
201705,경기도,화성시,81,76
201705,경기도,화성시,82,70
201705,경기도,화성시,83,57
201705,경기도,화성시,84,44
201705,경기도,화성시,85,54
201705,경기도,화성시,86,33
201705,경기도,화성시,87,35
201705,경기도,화성시,88,27
201705,경기도,화성시,89,19
201705,경기도,화성시,90,21
201705,경기도,화성시,91,9
201705,경기도,화성시,92,12
201705,경기도,화성시,93,5
201705,경기도,화성시,94,8
201705,경기도,화성시,95,6
201705,경기도,화성시,96,2
201705,경기도,화성시,98,1
201705,경기도,화성시,99,1
201705,경기도,화성시,104,1
201705,경기도,광주시,0,10
201705,경기도,광주시,1,10
201705,경기도,광주시,2,18
201705,경기도,광주시,3,17
201705,경기도,광주시,4,15
201705,경기도,광주시,5,19
201705,경기도,광주시,6,59
201705,경기도,광주시,7,69
201705,경기도,광주시,8,78
201705,경기도,광주시,9,106
201705,경기도,광주시,10,104
201705,경기도,광주시,11,114
201705,경기도,광주시,12,110
201705,경기도,광주시,13,141
201705,경기도,광주시,14,134
201705,경기도,광주시,15,125
201705,경기도,광주시,16,174
201705,경기도,광주시,17,178
201705,경기도,광주시,18,112
201705,경기도,광주시,19,64
201705,경기도,광주시,20,48
201705,경기도,광주시,21,40
201705,경기도,광주시,22,33
201705,경기도,광주시,23,27
201705,경기도,광주시,24,19
201705,경기도,광주시,25,16
201705,경기도,광주시,26,16
201705,경기도,광주시,27,10
201705,경기도,광주시,28,6
201705,경기도,광주시,29,8
201705,경기도,광주시,30,7
201705,경기도,광주시,31,10
201705,경기도,광주시,32,12
201705,경기도,광주시,33,15
201705,경기도,광주시,34,23
201705,경기도,광주시,35,20
201705,경기도,광주시,36,22
201705,경기도,광주시,37,27
201705,경기도,광주시,38,23
201705,경기도,광주시,39,28
201705,경기도,광주시,40,24
201705,경기도,광주시,41,40
201705,경기도,광주시,42,24
201705,경기도,광주시,43,40
201705,경기도,광주시,44,47
201705,경기도,광주시,45,56
201705,경기도,광주시,46,69
201705,경기도,광주시,47,61
201705,경기도,광주시,48,53
201705,경기도,광주시,49,56
201705,경기도,광주시,50,58
201705,경기도,광주시,51,65
201705,경기도,광주시,52,73
201705,경기도,광주시,53,61
201705,경기도,광주시,54,70
201705,경기도,광주시,55,64
201705,경기도,광주시,56,67
201705,경기도,광주시,57,67
201705,경기도,광주시,58,64
201705,경기도,광주시,59,64
201705,경기도,광주시,60,73
201705,경기도,광주시,61,59
201705,경기도,광주시,62,66
201705,경기도,광주시,63,56
201705,경기도,광주시,64,58
201705,경기도,광주시,65,52
201705,경기도,광주시,66,47
201705,경기도,광주시,67,62
201705,경기도,광주시,68,55
201705,경기도,광주시,69,61
201705,경기도,광주시,70,55
201705,경기도,광주시,71,49
201705,경기도,광주시,72,47
201705,경기도,광주시,73,78
201705,경기도,광주시,74,69
201705,경기도,광주시,75,66
201705,경기도,광주시,76,54
201705,경기도,광주시,77,52
201705,경기도,광주시,78,56
201705,경기도,광주시,79,55
201705,경기도,광주시,80,54
201705,경기도,광주시,81,42
201705,경기도,광주시,82,56
201705,경기도,광주시,83,32
201705,경기도,광주시,84,25
201705,경기도,광주시,85,21
201705,경기도,광주시,86,14
201705,경기도,광주시,87,24
201705,경기도,광주시,88,27
201705,경기도,광주시,89,20
201705,경기도,광주시,90,11
201705,경기도,광주시,91,10
201705,경기도,광주시,92,11
201705,경기도,광주시,93,6
201705,경기도,광주시,94,5
201705,경기도,광주시,95,2
201705,경기도,광주시,96,2
201705,경기도,광주시,97,2
201705,경기도,광주시,98,1
201705,경기도,광주시,108,1
201705,경기도,양주시,0,3
201705,경기도,양주시,1,3
201705,경기도,양주시,2,12
201705,경기도,양주시,3,18
201705,경기도,양주시,4,17
201705,경기도,양주시,5,24
201705,경기도,양주시,6,50
201705,경기도,양주시,7,60
201705,경기도,양주시,8,86
201705,경기도,양주시,9,109
201705,경기도,양주시,10,111
201705,경기도,양주시,11,107
201705,경기도,양주시,12,127
201705,경기도,양주시,13,125
201705,경기도,양주시,14,126
201705,경기도,양주시,15,170
201705,경기도,양주시,16,191
201705,경기도,양주시,17,195
201705,경기도,양주시,18,137
201705,경기도,양주시,19,70
201705,경기도,양주시,20,55
201705,경기도,양주시,21,38
201705,경기도,양주시,22,25
201705,경기도,양주시,23,25
201705,경기도,양주시,24,21
201705,경기도,양주시,25,14
201705,경기도,양주시,26,13
201705,경기도,양주시,27,11
201705,경기도,양주시,28,5
201705,경기도,양주시,29,10
201705,경기도,양주시,30,8
201705,경기도,양주시,31,19
201705,경기도,양주시,32,12
201705,경기도,양주시,33,13
201705,경기도,양주시,34,18
201705,경기도,양주시,35,23
201705,경기도,양주시,36,21
201705,경기도,양주시,37,28
201705,경기도,양주시,38,30
201705,경기도,양주시,39,32
201705,경기도,양주시,40,34
201705,경기도,양주시,41,44
201705,경기도,양주시,42,44
201705,경기도,양주시,43,42
201705,경기도,양주시,44,67
201705,경기도,양주시,45,66
201705,경기도,양주시,46,72
201705,경기도,양주시,47,61
201705,경기도,양주시,48,81
201705,경기도,양주시,49,72
201705,경기도,양주시,50,59
201705,경기도,양주시,51,67
201705,경기도,양주시,52,65
201705,경기도,양주시,53,59
201705,경기도,양주시,54,62
201705,경기도,양주시,55,89
201705,경기도,양주시,56,84
201705,경기도,양주시,57,82
201705,경기도,양주시,58,71
201705,경기도,양주시,59,72
201705,경기도,양주시,60,68
201705,경기도,양주시,61,63
201705,경기도,양주시,62,60
201705,경기도,양주시,63,47
201705,경기도,양주시,64,59
201705,경기도,양주시,65,67
201705,경기도,양주시,66,61
201705,경기도,양주시,67,61
201705,경기도,양주시,68,71
201705,경기도,양주시,69,94
201705,경기도,양주시,70,82
201705,경기도,양주시,71,93
201705,경기도,양주시,72,95
201705,경기도,양주시,73,105
201705,경기도,양주시,74,84
201705,경기도,양주시,75,96
201705,경기도,양주시,76,81
201705,경기도,양주시,77,73
201705,경기도,양주시,78,92
201705,경기도,양주시,79,78
201705,경기도,양주시,80,67
201705,경기도,양주시,81,56
201705,경기도,양주시,82,57
201705,경기도,양주시,83,48
201705,경기도,양주시,84,46
201705,경기도,양주시,85,48
201705,경기도,양주시,86,32
201705,경기도,양주시,87,26
201705,경기도,양주시,88,30
201705,경기도,양주시,89,18
201705,경기도,양주시,90,15
201705,경기도,양주시,91,9
201705,경기도,양주시,92,6
201705,경기도,양주시,93,6
201705,경기도,양주시,94,3
201705,경기도,양주시,95,4
201705,경기도,양주시,96,4
201705,경기도,양주시,97,3
201705,경기도,양주시,98,1
201705,경기도,양주시,100,1
201705,경기도,양주시,105,1
201705,경기도,포천시,0,13
201705,경기도,포천시,1,10
201705,경기도,포천시,2,16
201705,경기도,포천시,3,17
201705,경기도,포천시,4,26
201705,경기도,포천시,5,27
201705,경기도,포천시,6,40
201705,경기도,포천시,7,39
201705,경기도,포천시,8,73
201705,경기도,포천시,9,66
201705,경기도,포천시,10,100
201705,경기도,포천시,11,82
201705,경기도,포천시,12,90
201705,경기도,포천시,13,117
201705,경기도,포천시,14,108
201705,경기도,포천시,15,123
201705,경기도,포천시,16,173
201705,경기도,포천시,17,163
201705,경기도,포천시,18,117
201705,경기도,포천시,19,74
201705,경기도,포천시,20,42
201705,경기도,포천시,21,50
201705,경기도,포천시,22,21
201705,경기도,포천시,23,25
201705,경기도,포천시,24,24
201705,경기도,포천시,25,19
201705,경기도,포천시,26,14
201705,경기도,포천시,27,14
201705,경기도,포천시,28,17
201705,경기도,포천시,29,7
201705,경기도,포천시,30,14
201705,경기도,포천시,31,16
201705,경기도,포천시,32,12
201705,경기도,포천시,33,17
201705,경기도,포천시,34,21
201705,경기도,포천시,35,23
201705,경기도,포천시,36,26
201705,경기도,포천시,37,23
201705,경기도,포천시,38,35
201705,경기도,포천시,39,27
201705,경기도,포천시,40,36
201705,경기도,포천시,41,47
201705,경기도,포천시,42,34
201705,경기도,포천시,43,61
201705,경기도,포천시,44,56
201705,경기도,포천시,45,63
201705,경기도,포천시,46,62
201705,경기도,포천시,47,72
201705,경기도,포천시,48,72
201705,경기도,포천시,49,72
201705,경기도,포천시,50,82
201705,경기도,포천시,51,84
201705,경기도,포천시,52,83
201705,경기도,포천시,53,70
201705,경기도,포천시,54,82
201705,경기도,포천시,55,85
201705,경기도,포천시,56,114
201705,경기도,포천시,57,86
201705,경기도,포천시,58,98
201705,경기도,포천시,59,101
201705,경기도,포천시,60,91
201705,경기도,포천시,61,86
201705,경기도,포천시,62,74
201705,경기도,포천시,63,64
201705,경기도,포천시,64,60
201705,경기도,포천시,65,77
201705,경기도,포천시,66,72
201705,경기도,포천시,67,77
201705,경기도,포천시,68,83
201705,경기도,포천시,69,94
201705,경기도,포천시,70,92
201705,경기도,포천시,71,75
201705,경기도,포천시,72,76
201705,경기도,포천시,73,83
201705,경기도,포천시,74,90
201705,경기도,포천시,75,99
201705,경기도,포천시,76,97
201705,경기도,포천시,77,94
201705,경기도,포천시,78,91
201705,경기도,포천시,79,73
201705,경기도,포천시,80,80
201705,경기도,포천시,81,58
201705,경기도,포천시,82,57
201705,경기도,포천시,83,46
201705,경기도,포천시,84,28
201705,경기도,포천시,85,34
201705,경기도,포천시,86,25
201705,경기도,포천시,87,20
201705,경기도,포천시,88,29
201705,경기도,포천시,89,15
201705,경기도,포천시,90,16
201705,경기도,포천시,91,9
201705,경기도,포천시,92,11
201705,경기도,포천시,93,8
201705,경기도,포천시,94,5
201705,경기도,포천시,95,9
201705,경기도,포천시,96,2
201705,경기도,포천시,98,2
201705,경기도,포천시,99,3
201705,경기도,포천시,105,1
201705,경기도,여주시,0,8
201705,경기도,여주시,1,15
201705,경기도,여주시,2,11
201705,경기도,여주시,3,11
201705,경기도,여주시,4,18
201705,경기도,여주시,5,14
201705,경기도,여주시,6,32
201705,경기도,여주시,7,40
201705,경기도,여주시,8,53
201705,경기도,여주시,9,53
201705,경기도,여주시,10,58
201705,경기도,여주시,11,60
201705,경기도,여주시,12,49
201705,경기도,여주시,13,65
201705,경기도,여주시,14,95
201705,경기도,여주시,15,81
201705,경기도,여주시,16,107
201705,경기도,여주시,17,104
201705,경기도,여주시,18,72
201705,경기도,여주시,19,51
201705,경기도,여주시,20,50
201705,경기도,여주시,21,37
201705,경기도,여주시,22,32
201705,경기도,여주시,23,20
201705,경기도,여주시,24,16
201705,경기도,여주시,25,7
201705,경기도,여주시,26,8
201705,경기도,여주시,27,3
201705,경기도,여주시,28,8
201705,경기도,여주시,29,8
201705,경기도,여주시,30,8
201705,경기도,여주시,31,6
201705,경기도,여주시,32,8
201705,경기도,여주시,33,10
201705,경기도,여주시,34,14
201705,경기도,여주시,35,14
201705,경기도,여주시,36,12
201705,경기도,여주시,37,23
201705,경기도,여주시,38,12
201705,경기도,여주시,39,18
201705,경기도,여주시,40,22
201705,경기도,여주시,41,30
201705,경기도,여주시,42,31
201705,경기도,여주시,43,31
201705,경기도,여주시,44,48
201705,경기도,여주시,45,39
201705,경기도,여주시,46,34
201705,경기도,여주시,47,45
201705,경기도,여주시,48,47
201705,경기도,여주시,49,43
201705,경기도,여주시,50,52
201705,경기도,여주시,51,61
201705,경기도,여주시,52,52
201705,경기도,여주시,53,52
201705,경기도,여주시,54,66
201705,경기도,여주시,55,60
201705,경기도,여주시,56,79
201705,경기도,여주시,57,56
201705,경기도,여주시,58,55
201705,경기도,여주시,59,58
201705,경기도,여주시,60,50
201705,경기도,여주시,61,64
201705,경기도,여주시,62,57
201705,경기도,여주시,63,48
201705,경기도,여주시,64,51
201705,경기도,여주시,65,51
201705,경기도,여주시,66,45
201705,경기도,여주시,67,44
201705,경기도,여주시,68,49
201705,경기도,여주시,69,54
201705,경기도,여주시,70,53
201705,경기도,여주시,71,52
201705,경기도,여주시,72,59
201705,경기도,여주시,73,59
201705,경기도,여주시,74,68
201705,경기도,여주시,75,74
201705,경기도,여주시,76,59
201705,경기도,여주시,77,64
201705,경기도,여주시,78,66
201705,경기도,여주시,79,58
201705,경기도,여주시,80,43
201705,경기도,여주시,81,47
201705,경기도,여주시,82,46
201705,경기도,여주시,83,35
201705,경기도,여주시,84,31
201705,경기도,여주시,85,21
201705,경기도,여주시,86,25
201705,경기도,여주시,87,22
201705,경기도,여주시,88,16
201705,경기도,여주시,89,7
201705,경기도,여주시,90,13
201705,경기도,여주시,91,9
201705,경기도,여주시,92,6
201705,경기도,여주시,93,4
201705,경기도,여주시,94,4
201705,경기도,여주시,95,4
201705,경기도,여주시,96,3
201705,경기도,여주시,98,1
201705,경기도,여주시,99,2
201705,경기도,여주시,100,2
201705,경기도,여주시,102,1
201705,경기도,여주시,103,1
201705,경기도,연천군,0,4
201705,경기도,연천군,1,7
201705,경기도,연천군,2,4
201705,경기도,연천군,3,7
201705,경기도,연천군,4,6
201705,경기도,연천군,5,5
201705,경기도,연천군,6,17
201705,경기도,연천군,7,26
201705,경기도,연천군,8,33
201705,경기도,연천군,9,36
201705,경기도,연천군,10,26
201705,경기도,연천군,11,33
201705,경기도,연천군,12,31
201705,경기도,연천군,13,42
201705,경기도,연천군,14,46
201705,경기도,연천군,15,43
201705,경기도,연천군,16,58
201705,경기도,연천군,17,61
201705,경기도,연천군,18,41
201705,경기도,연천군,19,32
201705,경기도,연천군,20,26
201705,경기도,연천군,21,12
201705,경기도,연천군,22,7
201705,경기도,연천군,23,14
201705,경기도,연천군,24,12
201705,경기도,연천군,25,4
201705,경기도,연천군,26,2
201705,경기도,연천군,27,3
201705,경기도,연천군,28,3
201705,경기도,연천군,29,5
201705,경기도,연천군,30,6
201705,경기도,연천군,31,2
201705,경기도,연천군,32,9
201705,경기도,연천군,33,7
201705,경기도,연천군,34,2
201705,경기도,연천군,35,5
201705,경기도,연천군,36,7
201705,경기도,연천군,37,15
201705,경기도,연천군,38,9
201705,경기도,연천군,39,13
201705,경기도,연천군,40,14
201705,경기도,연천군,41,8
201705,경기도,연천군,42,10
201705,경기도,연천군,43,13
201705,경기도,연천군,44,20
201705,경기도,연천군,45,7
201705,경기도,연천군,46,29
201705,경기도,연천군,47,22
201705,경기도,연천군,48,21
201705,경기도,연천군,49,27
201705,경기도,연천군,50,25
201705,경기도,연천군,51,39
201705,경기도,연천군,52,35
201705,경기도,연천군,53,25
201705,경기도,연천군,54,41
201705,경기도,연천군,55,24
201705,경기도,연천군,56,37
201705,경기도,연천군,57,46
201705,경기도,연천군,58,35
201705,경기도,연천군,59,37
201705,경기도,연천군,60,35
201705,경기도,연천군,61,28
201705,경기도,연천군,62,38
201705,경기도,연천군,63,34
201705,경기도,연천군,64,34
201705,경기도,연천군,65,35
201705,경기도,연천군,66,20
201705,경기도,연천군,67,40
201705,경기도,연천군,68,30
201705,경기도,연천군,69,53
201705,경기도,연천군,70,53
201705,경기도,연천군,71,21
201705,경기도,연천군,72,31
201705,경기도,연천군,73,45
201705,경기도,연천군,74,40
201705,경기도,연천군,75,50
201705,경기도,연천군,76,57
201705,경기도,연천군,77,62
201705,경기도,연천군,78,43
201705,경기도,연천군,79,44
201705,경기도,연천군,80,34
201705,경기도,연천군,81,41
201705,경기도,연천군,82,40
201705,경기도,연천군,83,26
201705,경기도,연천군,84,29
201705,경기도,연천군,85,26
201705,경기도,연천군,86,21
201705,경기도,연천군,87,14
201705,경기도,연천군,88,14
201705,경기도,연천군,89,14
201705,경기도,연천군,90,7
201705,경기도,연천군,91,7
201705,경기도,연천군,92,10
201705,경기도,연천군,93,4
201705,경기도,연천군,94,5
201705,경기도,연천군,95,1
201705,경기도,연천군,96,1
201705,경기도,연천군,97,3
201705,경기도,연천군,99,2
201705,경기도,연천군,100,1
201705,경기도,가평군,0,1
201705,경기도,가평군,1,2
201705,경기도,가평군,2,4
201705,경기도,가평군,3,3
201705,경기도,가평군,4,5
201705,경기도,가평군,5,13
201705,경기도,가평군,6,16
201705,경기도,가평군,7,21
201705,경기도,가평군,8,28
201705,경기도,가평군,9,38
201705,경기도,가평군,10,18
201705,경기도,가평군,11,36
201705,경기도,가평군,12,36
201705,경기도,가평군,13,37
201705,경기도,가평군,14,43
201705,경기도,가평군,15,51
201705,경기도,가평군,16,61
201705,경기도,가평군,17,72
201705,경기도,가평군,18,36
201705,경기도,가평군,19,25
201705,경기도,가평군,20,12
201705,경기도,가평군,21,7
201705,경기도,가평군,22,8
201705,경기도,가평군,23,2
201705,경기도,가평군,24,9
201705,경기도,가평군,25,2
201705,경기도,가평군,26,2
201705,경기도,가평군,27,2
201705,경기도,가평군,28,1
201705,경기도,가평군,29,4
201705,경기도,가평군,30,7
201705,경기도,가평군,31,2
201705,경기도,가평군,32,5
201705,경기도,가평군,33,3
201705,경기도,가평군,34,4
201705,경기도,가평군,35,8
201705,경기도,가평군,36,7
201705,경기도,가평군,37,6
201705,경기도,가평군,38,9
201705,경기도,가평군,39,12
201705,경기도,가평군,40,11
201705,경기도,가평군,41,14
201705,경기도,가평군,42,20
201705,경기도,가평군,43,15
201705,경기도,가평군,44,16
201705,경기도,가평군,45,18
201705,경기도,가평군,46,28
201705,경기도,가평군,47,27
201705,경기도,가평군,48,25
201705,경기도,가평군,49,24
201705,경기도,가평군,50,21
201705,경기도,가평군,51,27
201705,경기도,가평군,52,31
201705,경기도,가평군,53,30
201705,경기도,가평군,54,39
201705,경기도,가평군,55,31
201705,경기도,가평군,56,38
201705,경기도,가평군,57,45
201705,경기도,가평군,58,31
201705,경기도,가평군,59,41
201705,경기도,가평군,60,36
201705,경기도,가평군,61,36
201705,경기도,가평군,62,42
201705,경기도,가평군,63,29
201705,경기도,가평군,64,31
201705,경기도,가평군,65,33
201705,경기도,가평군,66,29
201705,경기도,가평군,67,33
201705,경기도,가평군,68,43
201705,경기도,가평군,69,45
201705,경기도,가평군,70,46
201705,경기도,가평군,71,38
201705,경기도,가평군,72,50
201705,경기도,가평군,73,41
201705,경기도,가평군,74,60
201705,경기도,가평군,75,50
201705,경기도,가평군,76,51
201705,경기도,가평군,77,46
201705,경기도,가평군,78,42
201705,경기도,가평군,79,46
201705,경기도,가평군,80,34
201705,경기도,가평군,81,31
201705,경기도,가평군,82,40
201705,경기도,가평군,83,29
201705,경기도,가평군,84,26
201705,경기도,가평군,85,34
201705,경기도,가평군,86,18
201705,경기도,가평군,87,17
201705,경기도,가평군,88,25
201705,경기도,가평군,89,16
201705,경기도,가평군,90,7
201705,경기도,가평군,91,8
201705,경기도,가평군,92,7
201705,경기도,가평군,93,5
201705,경기도,가평군,94,5
201705,경기도,가평군,95,2
201705,경기도,가평군,96,2
201705,경기도,가평군,97,3
201705,경기도,가평군,98,1
201705,경기도,양평군,0,2
201705,경기도,양평군,1,6
201705,경기도,양평군,2,3
201705,경기도,양평군,3,5
201705,경기도,양평군,4,6
201705,경기도,양평군,5,11
201705,경기도,양평군,6,21
201705,경기도,양평군,7,29
201705,경기도,양평군,8,44
201705,경기도,양평군,9,45
201705,경기도,양평군,10,44
201705,경기도,양평군,11,54
201705,경기도,양평군,12,57
201705,경기도,양평군,13,65
201705,경기도,양평군,14,49
201705,경기도,양평군,15,88
201705,경기도,양평군,16,93
201705,경기도,양평군,17,97
201705,경기도,양평군,18,46
201705,경기도,양평군,19,33
201705,경기도,양평군,20,36
201705,경기도,양평군,21,31
201705,경기도,양평군,22,22
201705,경기도,양평군,23,16
201705,경기도,양평군,24,10
201705,경기도,양평군,25,8
201705,경기도,양평군,26,8
201705,경기도,양평군,27,8
201705,경기도,양평군,28,7
201705,경기도,양평군,29,5
201705,경기도,양평군,30,5
201705,경기도,양평군,31,7
201705,경기도,양평군,32,6
201705,경기도,양평군,33,8
201705,경기도,양평군,34,11
201705,경기도,양평군,35,9
201705,경기도,양평군,36,16
201705,경기도,양평군,37,6
201705,경기도,양평군,38,13
201705,경기도,양평군,39,11
201705,경기도,양평군,40,10
201705,경기도,양평군,41,21
201705,경기도,양평군,42,22
201705,경기도,양평군,43,24
201705,경기도,양평군,44,20
201705,경기도,양평군,45,29
201705,경기도,양평군,46,27
201705,경기도,양평군,47,46
201705,경기도,양평군,48,33
201705,경기도,양평군,49,34
201705,경기도,양평군,50,40
201705,경기도,양평군,51,38
201705,경기도,양평군,52,50
201705,경기도,양평군,53,36
201705,경기도,양평군,54,56
201705,경기도,양평군,55,52
201705,경기도,양평군,56,65
201705,경기도,양평군,57,45
201705,경기도,양평군,58,50
201705,경기도,양평군,59,54
201705,경기도,양평군,60,48
201705,경기도,양평군,61,51
201705,경기도,양평군,62,47
201705,경기도,양평군,63,39
201705,경기도,양평군,64,40
201705,경기도,양평군,65,47
201705,경기도,양평군,66,41
201705,경기도,양평군,67,35
201705,경기도,양평군,68,47
201705,경기도,양평군,69,49
201705,경기도,양평군,70,52
201705,경기도,양평군,71,41
201705,경기도,양평군,72,64
201705,경기도,양평군,73,48
201705,경기도,양평군,74,62
201705,경기도,양평군,75,58
201705,경기도,양평군,76,55
201705,경기도,양평군,77,64
201705,경기도,양평군,78,38
201705,경기도,양평군,79,45
201705,경기도,양평군,80,47
201705,경기도,양평군,81,44
201705,경기도,양평군,82,43
201705,경기도,양평군,83,42
201705,경기도,양평군,84,34
201705,경기도,양평군,85,28
201705,경기도,양평군,86,26
201705,경기도,양평군,87,15
201705,경기도,양평군,88,19
201705,경기도,양평군,89,16
201705,경기도,양평군,90,9
201705,경기도,양평군,91,4
201705,경기도,양평군,92,4
201705,경기도,양평군,93,4
201705,경기도,양평군,94,6
201705,경기도,양평군,95,5
201705,경기도,양평군,96,4
201705,경기도,양평군,97,2
201705,경기도,양평군,98,2
201705,경기도,양평군,102,1
201705,강원도,춘천시,0,19
201705,강원도,춘천시,1,29
201705,강원도,춘천시,2,31
201705,강원도,춘천시,3,34
201705,강원도,춘천시,4,57
201705,강원도,춘천시,5,51
201705,강원도,춘천시,6,83
201705,강원도,춘천시,7,88
201705,강원도,춘천시,8,136
201705,강원도,춘천시,9,170
201705,강원도,춘천시,10,146
201705,강원도,춘천시,11,173
201705,강원도,춘천시,12,176
201705,강원도,춘천시,13,199
201705,강원도,춘천시,14,223
201705,강원도,춘천시,15,287
201705,강원도,춘천시,16,325
201705,강원도,춘천시,17,336
201705,강원도,춘천시,18,256
201705,강원도,춘천시,19,190
201705,강원도,춘천시,20,160
201705,강원도,춘천시,21,136
201705,강원도,춘천시,22,98
201705,강원도,춘천시,23,98
201705,강원도,춘천시,24,83
201705,강원도,춘천시,25,59
201705,강원도,춘천시,26,32
201705,강원도,춘천시,27,27
201705,강원도,춘천시,28,23
201705,강원도,춘천시,29,27
201705,강원도,춘천시,30,26
201705,강원도,춘천시,31,14
201705,강원도,춘천시,32,29
201705,강원도,춘천시,33,30
201705,강원도,춘천시,34,46
201705,강원도,춘천시,35,54
201705,강원도,춘천시,36,43
201705,강원도,춘천시,37,59
201705,강원도,춘천시,38,54
201705,강원도,춘천시,39,76
201705,강원도,춘천시,40,72
201705,강원도,춘천시,41,95
201705,강원도,춘천시,42,97
201705,강원도,춘천시,43,139
201705,강원도,춘천시,44,131
201705,강원도,춘천시,45,151
201705,강원도,춘천시,46,164
201705,강원도,춘천시,47,163
201705,강원도,춘천시,48,200
201705,강원도,춘천시,49,178
201705,강원도,춘천시,50,168
201705,강원도,춘천시,51,191
201705,강원도,춘천시,52,180
201705,강원도,춘천시,53,181
201705,강원도,춘천시,54,244
201705,강원도,춘천시,55,208
201705,강원도,춘천시,56,244
201705,강원도,춘천시,57,189
201705,강원도,춘천시,58,205
201705,강원도,춘천시,59,206
201705,강원도,춘천시,60,193
201705,강원도,춘천시,61,190
201705,강원도,춘천시,62,179
201705,강원도,춘천시,63,154
201705,강원도,춘천시,64,126
201705,강원도,춘천시,65,127
201705,강원도,춘천시,66,110
201705,강원도,춘천시,67,127
201705,강원도,춘천시,68,144
201705,강원도,춘천시,69,160
201705,강원도,춘천시,70,155
201705,강원도,춘천시,71,122
201705,강원도,춘천시,72,155
201705,강원도,춘천시,73,134
201705,강원도,춘천시,74,165
201705,강원도,춘천시,75,200
201705,강원도,춘천시,76,167
201705,강원도,춘천시,77,159
201705,강원도,춘천시,78,163
201705,강원도,춘천시,79,137
201705,강원도,춘천시,80,135
201705,강원도,춘천시,81,133
201705,강원도,춘천시,82,106
201705,강원도,춘천시,83,105
201705,강원도,춘천시,84,77
201705,강원도,춘천시,85,77
201705,강원도,춘천시,86,55
201705,강원도,춘천시,87,59
201705,강원도,춘천시,88,47
201705,강원도,춘천시,89,48
201705,강원도,춘천시,90,34
201705,강원도,춘천시,91,18
201705,강원도,춘천시,92,18
201705,강원도,춘천시,93,7
201705,강원도,춘천시,94,10
201705,강원도,춘천시,95,6
201705,강원도,춘천시,96,8
201705,강원도,춘천시,97,3
201705,강원도,춘천시,98,1
201705,강원도,춘천시,99,2
201705,강원도,춘천시,100,1
201705,강원도,춘천시,105,1
201705,강원도,춘천시,120,1
201705,강원도,원주시,0,19
201705,강원도,원주시,1,31
201705,강원도,원주시,2,34
201705,강원도,원주시,3,46
201705,강원도,원주시,4,50
201705,강원도,원주시,5,76
201705,강원도,원주시,6,95
201705,강원도,원주시,7,161
201705,강원도,원주시,8,150
201705,강원도,원주시,9,176
201705,강원도,원주시,10,155
201705,강원도,원주시,11,195
201705,강원도,원주시,12,183
201705,강원도,원주시,13,206
201705,강원도,원주시,14,242
201705,강원도,원주시,15,281
201705,강원도,원주시,16,336
201705,강원도,원주시,17,333
201705,강원도,원주시,18,256
201705,강원도,원주시,19,176
201705,강원도,원주시,20,141
201705,강원도,원주시,21,113
201705,강원도,원주시,22,100
201705,강원도,원주시,23,97
201705,강원도,원주시,24,48
201705,강원도,원주시,25,39
201705,강원도,원주시,26,24
201705,강원도,원주시,27,27
201705,강원도,원주시,28,27
201705,강원도,원주시,29,23
201705,강원도,원주시,30,27
201705,강원도,원주시,31,32
201705,강원도,원주시,32,36
201705,강원도,원주시,33,38
201705,강원도,원주시,34,32
201705,강원도,원주시,35,47
201705,강원도,원주시,36,64
201705,강원도,원주시,37,65
201705,강원도,원주시,38,56
201705,강원도,원주시,39,75
201705,강원도,원주시,40,73
201705,강원도,원주시,41,105
201705,강원도,원주시,42,91
201705,강원도,원주시,43,125
201705,강원도,원주시,44,118
201705,강원도,원주시,45,148
201705,강원도,원주시,46,151
201705,강원도,원주시,47,130
201705,강원도,원주시,48,183
201705,강원도,원주시,49,168
201705,강원도,원주시,50,180
201705,강원도,원주시,51,163
201705,강원도,원주시,52,156
201705,강원도,원주시,53,155
201705,강원도,원주시,54,212
201705,강원도,원주시,55,173
201705,강원도,원주시,56,193
201705,강원도,원주시,57,188
201705,강원도,원주시,58,162
201705,강원도,원주시,59,173
201705,강원도,원주시,60,174
201705,강원도,원주시,61,170
201705,강원도,원주시,62,146
201705,강원도,원주시,63,110
201705,강원도,원주시,64,119
201705,강원도,원주시,65,133
201705,강원도,원주시,66,132
201705,강원도,원주시,67,125
201705,강원도,원주시,68,113
201705,강원도,원주시,69,123
201705,강원도,원주시,70,146
201705,강원도,원주시,71,111
201705,강원도,원주시,72,133
201705,강원도,원주시,73,117
201705,강원도,원주시,74,150
201705,강원도,원주시,75,193
201705,강원도,원주시,76,161
201705,강원도,원주시,77,124
201705,강원도,원주시,78,107
201705,강원도,원주시,79,133
201705,강원도,원주시,80,121
201705,강원도,원주시,81,106
201705,강원도,원주시,82,97
201705,강원도,원주시,83,78
201705,강원도,원주시,84,74
201705,강원도,원주시,85,82
201705,강원도,원주시,86,47
201705,강원도,원주시,87,37
201705,강원도,원주시,88,42
201705,강원도,원주시,89,30
201705,강원도,원주시,90,29
201705,강원도,원주시,91,19
201705,강원도,원주시,92,14
201705,강원도,원주시,93,18
201705,강원도,원주시,94,10
201705,강원도,원주시,95,1
201705,강원도,원주시,96,4
201705,강원도,원주시,97,4
201705,강원도,원주시,99,2
201705,강원도,원주시,102,1
201705,강원도,원주시,104,1
201705,강원도,강릉시,0,16
201705,강원도,강릉시,1,15
201705,강원도,강릉시,2,25
201705,강원도,강릉시,3,23
201705,강원도,강릉시,4,28
201705,강원도,강릉시,5,30
201705,강원도,강릉시,6,40
201705,강원도,강릉시,7,72
201705,강원도,강릉시,8,86
201705,강원도,강릉시,9,93
201705,강원도,강릉시,10,99
201705,강원도,강릉시,11,105
201705,강원도,강릉시,12,132
201705,강원도,강릉시,13,145
201705,강원도,강릉시,14,162
201705,강원도,강릉시,15,200
201705,강원도,강릉시,16,252
201705,강원도,강릉시,17,268
201705,강원도,강릉시,18,184
201705,강원도,강릉시,19,138
201705,강원도,강릉시,20,130
201705,강원도,강릉시,21,116
201705,강원도,강릉시,22,91
201705,강원도,강릉시,23,71
201705,강원도,강릉시,24,37
201705,강원도,강릉시,25,25
201705,강원도,강릉시,26,15
201705,강원도,강릉시,27,13
201705,강원도,강릉시,28,17
201705,강원도,강릉시,29,12
201705,강원도,강릉시,30,18
201705,강원도,강릉시,31,24
201705,강원도,강릉시,32,11
201705,강원도,강릉시,33,23
201705,강원도,강릉시,34,21
201705,강원도,강릉시,35,27
201705,강원도,강릉시,36,31
201705,강원도,강릉시,37,35
201705,강원도,강릉시,38,46
201705,강원도,강릉시,39,45
201705,강원도,강릉시,40,43
201705,강원도,강릉시,41,64
201705,강원도,강릉시,42,63
201705,강원도,강릉시,43,77
201705,강원도,강릉시,44,97
201705,강원도,강릉시,45,101
201705,강원도,강릉시,46,102
201705,강원도,강릉시,47,112
201705,강원도,강릉시,48,117
201705,강원도,강릉시,49,122
201705,강원도,강릉시,50,123
201705,강원도,강릉시,51,125
201705,강원도,강릉시,52,124
201705,강원도,강릉시,53,98
201705,강원도,강릉시,54,159
201705,강원도,강릉시,55,131
201705,강원도,강릉시,56,152
201705,강원도,강릉시,57,143
201705,강원도,강릉시,58,131
201705,강원도,강릉시,59,126
201705,강원도,강릉시,60,131
201705,강원도,강릉시,61,110
201705,강원도,강릉시,62,116
201705,강원도,강릉시,63,82
201705,강원도,강릉시,64,102
201705,강원도,강릉시,65,105
201705,강원도,강릉시,66,104
201705,강원도,강릉시,67,114
201705,강원도,강릉시,68,112
201705,강원도,강릉시,69,137
201705,강원도,강릉시,70,125
201705,강원도,강릉시,71,87
201705,강원도,강릉시,72,106
201705,강원도,강릉시,73,111
201705,강원도,강릉시,74,110
201705,강원도,강릉시,75,131
201705,강원도,강릉시,76,106
201705,강원도,강릉시,77,131
201705,강원도,강릉시,78,104
201705,강원도,강릉시,79,106
201705,강원도,강릉시,80,97
201705,강원도,강릉시,81,81
201705,강원도,강릉시,82,76
201705,강원도,강릉시,83,68
201705,강원도,강릉시,84,67
201705,강원도,강릉시,85,45
201705,강원도,강릉시,86,46
201705,강원도,강릉시,87,37
201705,강원도,강릉시,88,41
201705,강원도,강릉시,89,27
201705,강원도,강릉시,90,27
201705,강원도,강릉시,91,16
201705,강원도,강릉시,92,5
201705,강원도,강릉시,93,9
201705,강원도,강릉시,94,13
201705,강원도,강릉시,95,6
201705,강원도,강릉시,96,5
201705,강원도,강릉시,97,3
201705,강원도,강릉시,98,2
201705,강원도,강릉시,99,6
201705,강원도,강릉시,100,2
201705,강원도,강릉시,103,1
201705,강원도,동해시,0,6
201705,강원도,동해시,1,11
201705,강원도,동해시,2,13
201705,강원도,동해시,3,10
201705,강원도,동해시,4,10
201705,강원도,동해시,5,8
201705,강원도,동해시,6,29
201705,강원도,동해시,7,34
201705,강원도,동해시,8,39
201705,강원도,동해시,9,43
201705,강원도,동해시,10,45
201705,강원도,동해시,11,50
201705,강원도,동해시,12,50
201705,강원도,동해시,13,55
201705,강원도,동해시,14,62
201705,강원도,동해시,15,60
201705,강원도,동해시,16,87
201705,강원도,동해시,17,93
201705,강원도,동해시,18,63
201705,강원도,동해시,19,48
201705,강원도,동해시,20,44
201705,강원도,동해시,21,36
201705,강원도,동해시,22,24
201705,강원도,동해시,23,17
201705,강원도,동해시,24,24
201705,강원도,동해시,25,7
201705,강원도,동해시,26,5
201705,강원도,동해시,27,9
201705,강원도,동해시,28,6
201705,강원도,동해시,29,5
201705,강원도,동해시,30,8
201705,강원도,동해시,31,13
201705,강원도,동해시,32,8
201705,강원도,동해시,33,10
201705,강원도,동해시,34,9
201705,강원도,동해시,35,16
201705,강원도,동해시,36,15
201705,강원도,동해시,37,17
201705,강원도,동해시,38,13
201705,강원도,동해시,39,25
201705,강원도,동해시,40,29
201705,강원도,동해시,41,30
201705,강원도,동해시,42,30
201705,강원도,동해시,43,37
201705,강원도,동해시,44,39
201705,강원도,동해시,45,34
201705,강원도,동해시,46,46
201705,강원도,동해시,47,43
201705,강원도,동해시,48,48
201705,강원도,동해시,49,45
201705,강원도,동해시,50,43
201705,강원도,동해시,51,44
201705,강원도,동해시,52,60
201705,강원도,동해시,53,37
201705,강원도,동해시,54,66
201705,강원도,동해시,55,53
201705,강원도,동해시,56,79
201705,강원도,동해시,57,76
201705,강원도,동해시,58,56
201705,강원도,동해시,59,55
201705,강원도,동해시,60,60
201705,강원도,동해시,61,50
201705,강원도,동해시,62,65
201705,강원도,동해시,63,48
201705,강원도,동해시,64,59
201705,강원도,동해시,65,46
201705,강원도,동해시,66,40
201705,강원도,동해시,67,43
201705,강원도,동해시,68,58
201705,강원도,동해시,69,59
201705,강원도,동해시,70,49
201705,강원도,동해시,71,52
201705,강원도,동해시,72,64
201705,강원도,동해시,73,51
201705,강원도,동해시,74,67
201705,강원도,동해시,75,59
201705,강원도,동해시,76,52
201705,강원도,동해시,77,61
201705,강원도,동해시,78,49
201705,강원도,동해시,79,42
201705,강원도,동해시,80,33
201705,강원도,동해시,81,38
201705,강원도,동해시,82,37
201705,강원도,동해시,83,35
201705,강원도,동해시,84,21
201705,강원도,동해시,85,27
201705,강원도,동해시,86,23
201705,강원도,동해시,87,22
201705,강원도,동해시,88,11
201705,강원도,동해시,89,12
201705,강원도,동해시,90,9
201705,강원도,동해시,91,9
201705,강원도,동해시,92,10
201705,강원도,동해시,93,9
201705,강원도,동해시,94,5
201705,강원도,동해시,95,3
201705,강원도,동해시,97,1
201705,강원도,동해시,100,1
201705,강원도,동해시,101,1
201705,강원도,태백시,0,2
201705,강원도,태백시,1,4
201705,강원도,태백시,2,6
201705,강원도,태백시,3,5
201705,강원도,태백시,4,4
201705,강원도,태백시,5,10
201705,강원도,태백시,6,15
201705,강원도,태백시,7,26
201705,강원도,태백시,8,30
201705,강원도,태백시,9,23
201705,강원도,태백시,10,27
201705,강원도,태백시,11,30
201705,강원도,태백시,12,40
201705,강원도,태백시,13,32
201705,강원도,태백시,14,32
201705,강원도,태백시,15,48
201705,강원도,태백시,16,45
201705,강원도,태백시,17,53
201705,강원도,태백시,18,53
201705,강원도,태백시,19,23
201705,강원도,태백시,20,27
201705,강원도,태백시,21,15
201705,강원도,태백시,22,12
201705,강원도,태백시,23,7
201705,강원도,태백시,24,8
201705,강원도,태백시,25,5
201705,강원도,태백시,27,5
201705,강원도,태백시,28,3
201705,강원도,태백시,29,3
201705,강원도,태백시,31,1
201705,강원도,태백시,32,3
201705,강원도,태백시,33,5
201705,강원도,태백시,34,10
201705,강원도,태백시,35,4
201705,강원도,태백시,36,10
201705,강원도,태백시,37,12
201705,강원도,태백시,38,11
201705,강원도,태백시,39,16
201705,강원도,태백시,40,12
201705,강원도,태백시,41,16
201705,강원도,태백시,42,18
201705,강원도,태백시,43,12
201705,강원도,태백시,44,29
201705,강원도,태백시,45,19
201705,강원도,태백시,46,22
201705,강원도,태백시,47,29
201705,강원도,태백시,48,26
201705,강원도,태백시,49,20
201705,강원도,태백시,50,27
201705,강원도,태백시,51,30
201705,강원도,태백시,52,18
201705,강원도,태백시,53,19
201705,강원도,태백시,54,30
201705,강원도,태백시,55,30
201705,강원도,태백시,56,23
201705,강원도,태백시,57,32
201705,강원도,태백시,58,25
201705,강원도,태백시,59,30
201705,강원도,태백시,60,26
201705,강원도,태백시,61,26
201705,강원도,태백시,62,30
201705,강원도,태백시,63,23
201705,강원도,태백시,64,24
201705,강원도,태백시,65,27
201705,강원도,태백시,66,25
201705,강원도,태백시,67,30
201705,강원도,태백시,68,24
201705,강원도,태백시,69,30
201705,강원도,태백시,70,27
201705,강원도,태백시,71,23
201705,강원도,태백시,72,26
201705,강원도,태백시,73,29
201705,강원도,태백시,74,30
201705,강원도,태백시,75,30
201705,강원도,태백시,76,37
201705,강원도,태백시,77,25
201705,강원도,태백시,78,32
201705,강원도,태백시,79,26
201705,강원도,태백시,80,21
201705,강원도,태백시,81,22
201705,강원도,태백시,82,16
201705,강원도,태백시,83,24
201705,강원도,태백시,84,10
201705,강원도,태백시,85,12
201705,강원도,태백시,86,12
201705,강원도,태백시,87,8
201705,강원도,태백시,88,9
201705,강원도,태백시,89,8
201705,강원도,태백시,90,7
201705,강원도,태백시,91,6
201705,강원도,태백시,92,3
201705,강원도,태백시,93,2
201705,강원도,태백시,94,2
201705,강원도,태백시,96,1
201705,강원도,태백시,98,1
201705,강원도,태백시,99,1
201705,강원도,속초시,0,4
201705,강원도,속초시,1,6
201705,강원도,속초시,2,11
201705,강원도,속초시,3,10
201705,강원도,속초시,4,16
201705,강원도,속초시,5,13
201705,강원도,속초시,6,29
201705,강원도,속초시,7,37
201705,강원도,속초시,8,40
201705,강원도,속초시,9,46
201705,강원도,속초시,10,43
201705,강원도,속초시,11,62
201705,강원도,속초시,12,57
201705,강원도,속초시,13,74
201705,강원도,속초시,14,70
201705,강원도,속초시,15,97
201705,강원도,속초시,16,112
201705,강원도,속초시,17,115
201705,강원도,속초시,18,105
201705,강원도,속초시,19,62
201705,강원도,속초시,20,50
201705,강원도,속초시,21,60
201705,강원도,속초시,22,50
201705,강원도,속초시,23,32
201705,강원도,속초시,24,20
201705,강원도,속초시,25,14
201705,강원도,속초시,26,8
201705,강원도,속초시,27,6
201705,강원도,속초시,28,10
201705,강원도,속초시,29,9
201705,강원도,속초시,30,12
201705,강원도,속초시,31,4
201705,강원도,속초시,32,10
201705,강원도,속초시,33,7
201705,강원도,속초시,34,12
201705,강원도,속초시,35,20
201705,강원도,속초시,36,20
201705,강원도,속초시,37,14
201705,강원도,속초시,38,26
201705,강원도,속초시,39,24
201705,강원도,속초시,40,21
201705,강원도,속초시,41,30
201705,강원도,속초시,42,21
201705,강원도,속초시,43,32
201705,강원도,속초시,44,49
201705,강원도,속초시,45,50
201705,강원도,속초시,46,71
201705,강원도,속초시,47,55
201705,강원도,속초시,48,87
201705,강원도,속초시,49,59
201705,강원도,속초시,50,55
201705,강원도,속초시,51,75
201705,강원도,속초시,52,67
201705,강원도,속초시,53,68
201705,강원도,속초시,54,85
201705,강원도,속초시,55,70
201705,강원도,속초시,56,78
201705,강원도,속초시,57,102
201705,강원도,속초시,58,81
201705,강원도,속초시,59,80
201705,강원도,속초시,60,73
201705,강원도,속초시,61,69
201705,강원도,속초시,62,83
201705,강원도,속초시,63,64
201705,강원도,속초시,64,54
201705,강원도,속초시,65,54
201705,강원도,속초시,66,62
201705,강원도,속초시,67,62
201705,강원도,속초시,68,53
201705,강원도,속초시,69,63
201705,강원도,속초시,70,76
201705,강원도,속초시,71,60
201705,강원도,속초시,72,62
201705,강원도,속초시,73,79
201705,강원도,속초시,74,99
201705,강원도,속초시,75,82
201705,강원도,속초시,76,76
201705,강원도,속초시,77,75
201705,강원도,속초시,78,68
201705,강원도,속초시,79,58
201705,강원도,속초시,80,69
201705,강원도,속초시,81,44
201705,강원도,속초시,82,45
201705,강원도,속초시,83,31
201705,강원도,속초시,84,36
201705,강원도,속초시,85,36
201705,강원도,속초시,86,29
201705,강원도,속초시,87,28
201705,강원도,속초시,88,25
201705,강원도,속초시,89,20
201705,강원도,속초시,90,15
201705,강원도,속초시,91,17
201705,강원도,속초시,92,14
201705,강원도,속초시,93,6
201705,강원도,속초시,94,6
201705,강원도,속초시,95,1
201705,강원도,속초시,96,1
201705,강원도,속초시,97,1
201705,강원도,속초시,98,1
201705,강원도,삼척시,0,4
201705,강원도,삼척시,1,6
201705,강원도,삼척시,2,9
201705,강원도,삼척시,3,13
201705,강원도,삼척시,4,9
201705,강원도,삼척시,5,20
201705,강원도,삼척시,6,18
201705,강원도,삼척시,7,12
201705,강원도,삼척시,8,26
201705,강원도,삼척시,9,31
201705,강원도,삼척시,10,40
201705,강원도,삼척시,11,28
201705,강원도,삼척시,12,35
201705,강원도,삼척시,13,36
201705,강원도,삼척시,14,61
201705,강원도,삼척시,15,55
201705,강원도,삼척시,16,75
201705,강원도,삼척시,17,76
201705,강원도,삼척시,18,67
201705,강원도,삼척시,19,64
201705,강원도,삼척시,20,52
201705,강원도,삼척시,21,45
201705,강원도,삼척시,22,33
201705,강원도,삼척시,23,22
201705,강원도,삼척시,24,18
201705,강원도,삼척시,25,13
201705,강원도,삼척시,26,6
201705,강원도,삼척시,27,3
201705,강원도,삼척시,28,4
201705,강원도,삼척시,29,5
201705,강원도,삼척시,30,7
201705,강원도,삼척시,31,6
201705,강원도,삼척시,32,9
201705,강원도,삼척시,33,13
201705,강원도,삼척시,34,12
201705,강원도,삼척시,35,16
201705,강원도,삼척시,36,17
201705,강원도,삼척시,37,17
201705,강원도,삼척시,38,24
201705,강원도,삼척시,39,19
201705,강원도,삼척시,40,15
201705,강원도,삼척시,41,28
201705,강원도,삼척시,42,35
201705,강원도,삼척시,43,39
201705,강원도,삼척시,44,33
201705,강원도,삼척시,45,36
201705,강원도,삼척시,46,31
201705,강원도,삼척시,47,43
201705,강원도,삼척시,48,44
201705,강원도,삼척시,49,60
201705,강원도,삼척시,50,49
201705,강원도,삼척시,51,61
201705,강원도,삼척시,52,55
201705,강원도,삼척시,53,47
201705,강원도,삼척시,54,64
201705,강원도,삼척시,55,63
201705,강원도,삼척시,56,79
201705,강원도,삼척시,57,73
201705,강원도,삼척시,58,47
201705,강원도,삼척시,59,52
201705,강원도,삼척시,60,80
201705,강원도,삼척시,61,55
201705,강원도,삼척시,62,58
201705,강원도,삼척시,63,29
201705,강원도,삼척시,64,46
201705,강원도,삼척시,65,53
201705,강원도,삼척시,66,35
201705,강원도,삼척시,67,52
201705,강원도,삼척시,68,43
201705,강원도,삼척시,69,51
201705,강원도,삼척시,70,41
201705,강원도,삼척시,71,28
201705,강원도,삼척시,72,38
201705,강원도,삼척시,73,37
201705,강원도,삼척시,74,54
201705,강원도,삼척시,75,40
201705,강원도,삼척시,76,64
201705,강원도,삼척시,77,50
201705,강원도,삼척시,78,52
201705,강원도,삼척시,79,42
201705,강원도,삼척시,80,40
201705,강원도,삼척시,81,29
201705,강원도,삼척시,82,38
201705,강원도,삼척시,83,28
201705,강원도,삼척시,84,22
201705,강원도,삼척시,85,23
201705,강원도,삼척시,86,25
201705,강원도,삼척시,87,21
201705,강원도,삼척시,88,16
201705,강원도,삼척시,89,14
201705,강원도,삼척시,90,13
201705,강원도,삼척시,91,11
201705,강원도,삼척시,92,7
201705,강원도,삼척시,93,1
201705,강원도,삼척시,94,6
201705,강원도,삼척시,95,3
201705,강원도,삼척시,96,1
201705,강원도,삼척시,100,1
201705,강원도,홍천군,0,3
201705,강원도,홍천군,1,5
201705,강원도,홍천군,2,6
201705,강원도,홍천군,3,6
201705,강원도,홍천군,4,2
201705,강원도,홍천군,5,8
201705,강원도,홍천군,6,11
201705,강원도,홍천군,7,11
201705,강원도,홍천군,8,14
201705,강원도,홍천군,9,20
201705,강원도,홍천군,10,20
201705,강원도,홍천군,11,23
201705,강원도,홍천군,12,27
201705,강원도,홍천군,13,36
201705,강원도,홍천군,14,36
201705,강원도,홍천군,15,57
201705,강원도,홍천군,16,53
201705,강원도,홍천군,17,57
201705,강원도,홍천군,18,28
201705,강원도,홍천군,19,23
201705,강원도,홍천군,20,15
201705,강원도,홍천군,21,7
201705,강원도,홍천군,22,11
201705,강원도,홍천군,23,6
201705,강원도,홍천군,24,8
201705,강원도,홍천군,25,4
201705,강원도,홍천군,26,2
201705,강원도,홍천군,27,1
201705,강원도,홍천군,28,4
201705,강원도,홍천군,29,3
201705,강원도,홍천군,30,1
201705,강원도,홍천군,31,3
201705,강원도,홍천군,32,3
201705,강원도,홍천군,33,8
201705,강원도,홍천군,34,13
201705,강원도,홍천군,35,5
201705,강원도,홍천군,36,7
201705,강원도,홍천군,37,10
201705,강원도,홍천군,38,11
201705,강원도,홍천군,39,10
201705,강원도,홍천군,40,12
201705,강원도,홍천군,41,11
201705,강원도,홍천군,42,10
201705,강원도,홍천군,43,12
201705,강원도,홍천군,44,13
201705,강원도,홍천군,45,20
201705,강원도,홍천군,46,26
201705,강원도,홍천군,47,34
201705,강원도,홍천군,48,28
201705,강원도,홍천군,49,27
201705,강원도,홍천군,50,34
201705,강원도,홍천군,51,23
201705,강원도,홍천군,52,33
201705,강원도,홍천군,53,27
201705,강원도,홍천군,54,27
201705,강원도,홍천군,55,36
201705,강원도,홍천군,56,53
201705,강원도,홍천군,57,39
201705,강원도,홍천군,58,40
201705,강원도,홍천군,59,44
201705,강원도,홍천군,60,33
201705,강원도,홍천군,61,33
201705,강원도,홍천군,62,34
201705,강원도,홍천군,63,20
201705,강원도,홍천군,64,26
201705,강원도,홍천군,65,28
201705,강원도,홍천군,66,27
201705,강원도,홍천군,67,22
201705,강원도,홍천군,68,15
201705,강원도,홍천군,69,33
201705,강원도,홍천군,70,29
201705,강원도,홍천군,71,23
201705,강원도,홍천군,72,28
201705,강원도,홍천군,73,36
201705,강원도,홍천군,74,29
201705,강원도,홍천군,75,37
201705,강원도,홍천군,76,28
201705,강원도,홍천군,77,43
201705,강원도,홍천군,78,38
201705,강원도,홍천군,79,43
201705,강원도,홍천군,80,33
201705,강원도,홍천군,81,21
201705,강원도,홍천군,82,30
201705,강원도,홍천군,83,21
201705,강원도,홍천군,84,18
201705,강원도,홍천군,85,14
201705,강원도,홍천군,86,11
201705,강원도,홍천군,87,16
201705,강원도,홍천군,88,8
201705,강원도,홍천군,89,8
201705,강원도,홍천군,90,9
201705,강원도,홍천군,91,7
201705,강원도,홍천군,92,6
201705,강원도,홍천군,93,2
201705,강원도,홍천군,94,4
201705,강원도,홍천군,95,3
201705,강원도,홍천군,97,4
201705,강원도,홍천군,100,1
201705,강원도,횡성군,0,3
201705,강원도,횡성군,1,3
201705,강원도,횡성군,2,1
201705,강원도,횡성군,3,5
201705,강원도,횡성군,4,4
201705,강원도,횡성군,5,5
201705,강원도,횡성군,6,6
201705,강원도,횡성군,7,13
201705,강원도,횡성군,8,16
201705,강원도,횡성군,9,16
201705,강원도,횡성군,10,26
201705,강원도,횡성군,11,23
201705,강원도,횡성군,12,22
201705,강원도,횡성군,13,22
201705,강원도,횡성군,14,23
201705,강원도,횡성군,15,23
201705,강원도,횡성군,16,29
201705,강원도,횡성군,17,37
201705,강원도,횡성군,18,31
201705,강원도,횡성군,19,22
201705,강원도,횡성군,20,19
201705,강원도,횡성군,21,12
201705,강원도,횡성군,22,12
201705,강원도,횡성군,23,6
201705,강원도,횡성군,24,5
201705,강원도,횡성군,25,3
201705,강원도,횡성군,26,2
201705,강원도,횡성군,27,2
201705,강원도,횡성군,28,1
201705,강원도,횡성군,29,1
201705,강원도,횡성군,30,2
201705,강원도,횡성군,31,1
201705,강원도,횡성군,32,3
201705,강원도,횡성군,33,5
201705,강원도,횡성군,34,6
201705,강원도,횡성군,35,6
201705,강원도,횡성군,36,10
201705,강원도,횡성군,37,9
201705,강원도,횡성군,38,5
201705,강원도,횡성군,39,4
201705,강원도,횡성군,40,6
201705,강원도,횡성군,41,18
201705,강원도,횡성군,42,7
201705,강원도,횡성군,43,17
201705,강원도,횡성군,44,16
201705,강원도,횡성군,45,13
201705,강원도,횡성군,46,13
201705,강원도,횡성군,47,25
201705,강원도,횡성군,48,22
201705,강원도,횡성군,49,12
201705,강원도,횡성군,50,27
201705,강원도,횡성군,51,22
201705,강원도,횡성군,52,21
201705,강원도,횡성군,53,16
201705,강원도,횡성군,54,31
201705,강원도,횡성군,55,21
201705,강원도,횡성군,56,25
201705,강원도,횡성군,57,24
201705,강원도,횡성군,58,22
201705,강원도,횡성군,59,26
201705,강원도,횡성군,60,23
201705,강원도,횡성군,61,23
201705,강원도,횡성군,62,20
201705,강원도,횡성군,63,21
201705,강원도,횡성군,64,14
201705,강원도,횡성군,65,17
201705,강원도,횡성군,66,13
201705,강원도,횡성군,67,24
201705,강원도,횡성군,68,17
201705,강원도,횡성군,69,18
201705,강원도,횡성군,70,23
201705,강원도,횡성군,71,15
201705,강원도,횡성군,72,17
201705,강원도,횡성군,73,21
201705,강원도,횡성군,74,27
201705,강원도,횡성군,75,33
201705,강원도,횡성군,76,37
201705,강원도,횡성군,77,30
201705,강원도,횡성군,78,37
201705,강원도,횡성군,79,26
201705,강원도,횡성군,80,22
201705,강원도,횡성군,81,17
201705,강원도,횡성군,82,27
201705,강원도,횡성군,83,21
201705,강원도,횡성군,84,16
201705,강원도,횡성군,85,14
201705,강원도,횡성군,86,6
201705,강원도,횡성군,87,10
201705,강원도,횡성군,88,11
201705,강원도,횡성군,89,11
201705,강원도,횡성군,90,5
201705,강원도,횡성군,91,4
201705,강원도,횡성군,92,6
201705,강원도,횡성군,94,4
201705,강원도,횡성군,95,3
201705,강원도,횡성군,96,1
201705,강원도,횡성군,98,1
201705,강원도,횡성군,99,3
201705,강원도,횡성군,102,1
201705,강원도,영월군,1,1
201705,강원도,영월군,2,1
201705,강원도,영월군,3,2
201705,강원도,영월군,4,2
201705,강원도,영월군,5,4
201705,강원도,영월군,6,10
201705,강원도,영월군,7,11
201705,강원도,영월군,8,12
201705,강원도,영월군,9,22
201705,강원도,영월군,10,19
201705,강원도,영월군,11,15
201705,강원도,영월군,12,27
201705,강원도,영월군,13,17
201705,강원도,영월군,14,30
201705,강원도,영월군,15,34
201705,강원도,영월군,16,41
201705,강원도,영월군,17,34
201705,강원도,영월군,18,30
201705,강원도,영월군,19,20
201705,강원도,영월군,20,16
201705,강원도,영월군,21,15
201705,강원도,영월군,22,11
201705,강원도,영월군,23,8
201705,강원도,영월군,24,4
201705,강원도,영월군,25,4
201705,강원도,영월군,26,2
201705,강원도,영월군,27,1
201705,강원도,영월군,28,1
201705,강원도,영월군,29,2
201705,강원도,영월군,30,4
201705,강원도,영월군,31,2
201705,강원도,영월군,32,3
201705,강원도,영월군,33,3
201705,강원도,영월군,34,4
201705,강원도,영월군,35,4
201705,강원도,영월군,36,7
201705,강원도,영월군,37,2
201705,강원도,영월군,38,4
201705,강원도,영월군,39,5
201705,강원도,영월군,40,10
201705,강원도,영월군,41,6
201705,강원도,영월군,42,9
201705,강원도,영월군,43,11
201705,강원도,영월군,44,10
201705,강원도,영월군,45,10
201705,강원도,영월군,46,18
201705,강원도,영월군,47,10
201705,강원도,영월군,48,24
201705,강원도,영월군,49,20
201705,강원도,영월군,50,14
201705,강원도,영월군,51,31
201705,강원도,영월군,52,14
201705,강원도,영월군,53,19
201705,강원도,영월군,54,32
201705,강원도,영월군,55,20
201705,강원도,영월군,56,27
201705,강원도,영월군,57,25
201705,강원도,영월군,58,22
201705,강원도,영월군,59,21
201705,강원도,영월군,60,16
201705,강원도,영월군,61,19
201705,강원도,영월군,62,32
201705,강원도,영월군,63,19
201705,강원도,영월군,64,16
201705,강원도,영월군,65,15
201705,강원도,영월군,66,21
201705,강원도,영월군,67,18
201705,강원도,영월군,68,16
201705,강원도,영월군,69,19
201705,강원도,영월군,70,19
201705,강원도,영월군,71,17
201705,강원도,영월군,72,21
201705,강원도,영월군,73,17
201705,강원도,영월군,74,16
201705,강원도,영월군,75,25
201705,강원도,영월군,76,24
201705,강원도,영월군,77,19
201705,강원도,영월군,78,22
201705,강원도,영월군,79,28
201705,강원도,영월군,80,12
201705,강원도,영월군,81,9
201705,강원도,영월군,82,16
201705,강원도,영월군,83,13
201705,강원도,영월군,84,15
201705,강원도,영월군,85,10
201705,강원도,영월군,86,7
201705,강원도,영월군,87,9
201705,강원도,영월군,88,8
201705,강원도,영월군,89,4
201705,강원도,영월군,90,8
201705,강원도,영월군,91,5
201705,강원도,영월군,92,3
201705,강원도,영월군,93,2
201705,강원도,영월군,94,3
201705,강원도,영월군,95,1
201705,강원도,영월군,96,1
201705,강원도,영월군,98,1
201705,강원도,영월군,111,1
201705,강원도,평창군,1,1
201705,강원도,평창군,2,2
201705,강원도,평창군,4,2
201705,강원도,평창군,5,4
201705,강원도,평창군,6,5
201705,강원도,평창군,7,8
201705,강원도,평창군,8,9
201705,강원도,평창군,9,15
201705,강원도,평창군,10,13
201705,강원도,평창군,11,23
201705,강원도,평창군,12,20
201705,강원도,평창군,13,22
201705,강원도,평창군,14,34
201705,강원도,평창군,15,35
201705,강원도,평창군,16,39
201705,강원도,평창군,17,47
201705,강원도,평창군,18,33
201705,강원도,평창군,19,18
201705,강원도,평창군,20,8
201705,강원도,평창군,21,10
201705,강원도,평창군,22,9
201705,강원도,평창군,23,5
201705,강원도,평창군,24,7
201705,강원도,평창군,25,1
201705,강원도,평창군,27,1
201705,강원도,평창군,28,1
201705,강원도,평창군,29,1
201705,강원도,평창군,30,3
201705,강원도,평창군,31,1
201705,강원도,평창군,33,3
201705,강원도,평창군,34,3
201705,강원도,평창군,35,4
201705,강원도,평창군,36,8
201705,강원도,평창군,37,5
201705,강원도,평창군,38,5
201705,강원도,평창군,39,5
201705,강원도,평창군,40,5
201705,강원도,평창군,41,11
201705,강원도,평창군,42,8
201705,강원도,평창군,43,19
201705,강원도,평창군,44,18
201705,강원도,평창군,45,7
201705,강원도,평창군,46,12
201705,강원도,평창군,47,16
201705,강원도,평창군,48,21
201705,강원도,평창군,49,16
201705,강원도,평창군,50,15
201705,강원도,평창군,51,13
201705,강원도,평창군,52,16
201705,강원도,평창군,53,15
201705,강원도,평창군,54,23
201705,강원도,평창군,55,20
201705,강원도,평창군,56,20
201705,강원도,평창군,57,29
201705,강원도,평창군,58,22
201705,강원도,평창군,59,22
201705,강원도,평창군,60,16
201705,강원도,평창군,61,18
201705,강원도,평창군,62,14
201705,강원도,평창군,63,10
201705,강원도,평창군,64,14
201705,강원도,평창군,65,14
201705,강원도,평창군,66,15
201705,강원도,평창군,67,16
201705,강원도,평창군,68,23
201705,강원도,평창군,69,29
201705,강원도,평창군,70,19
201705,강원도,평창군,71,22
201705,강원도,평창군,72,29
201705,강원도,평창군,73,16
201705,강원도,평창군,74,23
201705,강원도,평창군,75,32
201705,강원도,평창군,76,28
201705,강원도,평창군,77,26
201705,강원도,평창군,78,30
201705,강원도,평창군,79,28
201705,강원도,평창군,80,12
201705,강원도,평창군,81,16
201705,강원도,평창군,82,19
201705,강원도,평창군,83,6
201705,강원도,평창군,84,12
201705,강원도,평창군,85,14
201705,강원도,평창군,86,13
201705,강원도,평창군,87,6
201705,강원도,평창군,88,7
201705,강원도,평창군,89,3
201705,강원도,평창군,90,7
201705,강원도,평창군,91,5
201705,강원도,평창군,92,4
201705,강원도,평창군,93,6
201705,강원도,평창군,94,2
201705,강원도,평창군,95,2
201705,강원도,평창군,96,2
201705,강원도,평창군,97,1
201705,강원도,평창군,98,1
201705,강원도,평창군,99,1
201705,강원도,평창군,100,1
201705,강원도,평창군,104,1
201705,강원도,정선군,0,1
201705,강원도,정선군,2,1
201705,강원도,정선군,3,3
201705,강원도,정선군,4,4
201705,강원도,정선군,5,2
201705,강원도,정선군,6,4
201705,강원도,정선군,7,7
201705,강원도,정선군,8,9
201705,강원도,정선군,9,12
201705,강원도,정선군,10,14
201705,강원도,정선군,11,15
201705,강원도,정선군,12,13
201705,강원도,정선군,13,17
201705,강원도,정선군,14,27
201705,강원도,정선군,15,29
201705,강원도,정선군,16,36
201705,강원도,정선군,17,34
201705,강원도,정선군,18,30
201705,강원도,정선군,19,14
201705,강원도,정선군,20,4
201705,강원도,정선군,21,10
201705,강원도,정선군,22,3
201705,강원도,정선군,23,2
201705,강원도,정선군,24,5
201705,강원도,정선군,25,3
201705,강원도,정선군,26,3
201705,강원도,정선군,27,1
201705,강원도,정선군,28,3
201705,강원도,정선군,29,5
201705,강원도,정선군,30,5
201705,강원도,정선군,31,1
201705,강원도,정선군,32,3
201705,강원도,정선군,33,4
201705,강원도,정선군,34,4
201705,강원도,정선군,35,5
201705,강원도,정선군,36,6
201705,강원도,정선군,37,6
201705,강원도,정선군,38,8
201705,강원도,정선군,39,8
201705,강원도,정선군,40,9
201705,강원도,정선군,41,8
201705,강원도,정선군,42,9
201705,강원도,정선군,43,7
201705,강원도,정선군,44,9
201705,강원도,정선군,45,10
201705,강원도,정선군,46,15
201705,강원도,정선군,47,12
201705,강원도,정선군,48,17
201705,강원도,정선군,49,17
201705,강원도,정선군,50,23
201705,강원도,정선군,51,13
201705,강원도,정선군,52,13
201705,강원도,정선군,53,13
201705,강원도,정선군,54,20
201705,강원도,정선군,55,21
201705,강원도,정선군,56,19
201705,강원도,정선군,57,27
201705,강원도,정선군,58,18
201705,강원도,정선군,59,27
201705,강원도,정선군,60,29
201705,강원도,정선군,61,22
201705,강원도,정선군,62,18
201705,강원도,정선군,63,21
201705,강원도,정선군,64,18
201705,강원도,정선군,65,27
201705,강원도,정선군,66,29
201705,강원도,정선군,67,18
201705,강원도,정선군,68,23
201705,강원도,정선군,69,32
201705,강원도,정선군,70,21
201705,강원도,정선군,71,18
201705,강원도,정선군,72,28
201705,강원도,정선군,73,28
201705,강원도,정선군,74,27
201705,강원도,정선군,75,24
201705,강원도,정선군,76,23
201705,강원도,정선군,77,23
201705,강원도,정선군,78,28
201705,강원도,정선군,79,24
201705,강원도,정선군,80,16
201705,강원도,정선군,81,13
201705,강원도,정선군,82,15
201705,강원도,정선군,83,16
201705,강원도,정선군,84,23
201705,강원도,정선군,85,16
201705,강원도,정선군,86,5
201705,강원도,정선군,87,10
201705,강원도,정선군,88,8
201705,강원도,정선군,89,11
201705,강원도,정선군,90,6
201705,강원도,정선군,91,3
201705,강원도,정선군,92,5
201705,강원도,정선군,93,4
201705,강원도,정선군,94,3
201705,강원도,정선군,98,1
201705,강원도,정선군,99,1
201705,강원도,정선군,100,1
201705,강원도,철원군,0,3
201705,강원도,철원군,1,3
201705,강원도,철원군,2,5
201705,강원도,철원군,3,2
201705,강원도,철원군,4,5
201705,강원도,철원군,5,3
201705,강원도,철원군,6,7
201705,강원도,철원군,7,11
201705,강원도,철원군,8,25
201705,강원도,철원군,9,21
201705,강원도,철원군,10,23
201705,강원도,철원군,11,24
201705,강원도,철원군,12,33
201705,강원도,철원군,13,29
201705,강원도,철원군,14,35
201705,강원도,철원군,15,57
201705,강원도,철원군,16,46
201705,강원도,철원군,17,61
201705,강원도,철원군,18,43
201705,강원도,철원군,19,30
201705,강원도,철원군,20,21
201705,강원도,철원군,21,15
201705,강원도,철원군,22,13
201705,강원도,철원군,23,9
201705,강원도,철원군,24,3
201705,강원도,철원군,25,6
201705,강원도,철원군,26,3
201705,강원도,철원군,27,3
201705,강원도,철원군,28,2
201705,강원도,철원군,29,3
201705,강원도,철원군,30,1
201705,강원도,철원군,31,3
201705,강원도,철원군,33,3
201705,강원도,철원군,34,2
201705,강원도,철원군,35,8
201705,강원도,철원군,36,5
201705,강원도,철원군,37,10
201705,강원도,철원군,38,2
201705,강원도,철원군,39,6
201705,강원도,철원군,40,9
201705,강원도,철원군,41,16
201705,강원도,철원군,42,15
201705,강원도,철원군,43,17
201705,강원도,철원군,44,9
201705,강원도,철원군,45,17
201705,강원도,철원군,46,14
201705,강원도,철원군,47,20
201705,강원도,철원군,48,21
201705,강원도,철원군,49,20
201705,강원도,철원군,50,24
201705,강원도,철원군,51,25
201705,강원도,철원군,52,28
201705,강원도,철원군,53,24
201705,강원도,철원군,54,31
201705,강원도,철원군,55,32
201705,강원도,철원군,56,37
201705,강원도,철원군,57,34
201705,강원도,철원군,58,34
201705,강원도,철원군,59,34
201705,강원도,철원군,60,26
201705,강원도,철원군,61,30
201705,강원도,철원군,62,34
201705,강원도,철원군,63,21
201705,강원도,철원군,64,15
201705,강원도,철원군,65,19
201705,강원도,철원군,66,30
201705,강원도,철원군,67,30
201705,강원도,철원군,68,19
201705,강원도,철원군,69,33
201705,강원도,철원군,70,35
201705,강원도,철원군,71,27
201705,강원도,철원군,72,38
201705,강원도,철원군,73,31
201705,강원도,철원군,74,44
201705,강원도,철원군,75,48
201705,강원도,철원군,76,45
201705,강원도,철원군,77,39
201705,강원도,철원군,78,41
201705,강원도,철원군,79,30
201705,강원도,철원군,80,19
201705,강원도,철원군,81,23
201705,강원도,철원군,82,16
201705,강원도,철원군,83,22
201705,강원도,철원군,84,17
201705,강원도,철원군,85,21
201705,강원도,철원군,86,10
201705,강원도,철원군,87,11
201705,강원도,철원군,88,15
201705,강원도,철원군,89,10
201705,강원도,철원군,90,5
201705,강원도,철원군,91,6
201705,강원도,철원군,92,6
201705,강원도,철원군,93,6
201705,강원도,철원군,94,3
201705,강원도,철원군,95,4
201705,강원도,철원군,96,2
201705,강원도,철원군,101,1
201705,강원도,철원군,102,1
201705,강원도,화천군,1,1
201705,강원도,화천군,2,2
201705,강원도,화천군,4,1
201705,강원도,화천군,5,2
201705,강원도,화천군,6,5
201705,강원도,화천군,7,5
201705,강원도,화천군,8,7
201705,강원도,화천군,9,9
201705,강원도,화천군,10,6
201705,강원도,화천군,11,11
201705,강원도,화천군,12,12
201705,강원도,화천군,13,14
201705,강원도,화천군,14,14
201705,강원도,화천군,15,17
201705,강원도,화천군,16,27
201705,강원도,화천군,17,25
201705,강원도,화천군,18,16
201705,강원도,화천군,19,14
201705,강원도,화천군,20,4
201705,강원도,화천군,21,8
201705,강원도,화천군,22,7
201705,강원도,화천군,23,4
201705,강원도,화천군,24,3
201705,강원도,화천군,26,2
201705,강원도,화천군,28,1
201705,강원도,화천군,29,1
201705,강원도,화천군,30,1
201705,강원도,화천군,31,1
201705,강원도,화천군,32,4
201705,강원도,화천군,33,2
201705,강원도,화천군,34,2
201705,강원도,화천군,35,1
201705,강원도,화천군,36,0
201705,강원도,화천군,37,2
201705,강원도,화천군,38,1
201705,강원도,화천군,39,4
201705,강원도,화천군,40,3
201705,강원도,화천군,41,2
201705,강원도,화천군,42,9
201705,강원도,화천군,43,10
201705,강원도,화천군,44,13
201705,강원도,화천군,45,12
201705,강원도,화천군,46,4
201705,강원도,화천군,47,11
201705,강원도,화천군,48,13
201705,강원도,화천군,49,9
201705,강원도,화천군,50,12
201705,강원도,화천군,51,14
201705,강원도,화천군,52,13
201705,강원도,화천군,53,8
201705,강원도,화천군,54,20
201705,강원도,화천군,55,14
201705,강원도,화천군,56,19
201705,강원도,화천군,57,14
201705,강원도,화천군,58,18
201705,강원도,화천군,59,15
201705,강원도,화천군,60,12
201705,강원도,화천군,61,12
201705,강원도,화천군,62,15
201705,강원도,화천군,63,13
201705,강원도,화천군,64,7
201705,강원도,화천군,65,8
201705,강원도,화천군,66,6
201705,강원도,화천군,67,11
201705,강원도,화천군,68,11
201705,강원도,화천군,69,17
201705,강원도,화천군,70,12
201705,강원도,화천군,71,9
201705,강원도,화천군,72,5
201705,강원도,화천군,73,10
201705,강원도,화천군,74,20
201705,강원도,화천군,75,18
201705,강원도,화천군,76,25
201705,강원도,화천군,77,19
201705,강원도,화천군,78,22
201705,강원도,화천군,79,30
201705,강원도,화천군,80,21
201705,강원도,화천군,81,11
201705,강원도,화천군,82,12
201705,강원도,화천군,83,13
201705,강원도,화천군,84,8
201705,강원도,화천군,85,6
201705,강원도,화천군,86,9
201705,강원도,화천군,87,7
201705,강원도,화천군,88,5
201705,강원도,화천군,89,11
201705,강원도,화천군,90,2
201705,강원도,화천군,91,2
201705,강원도,화천군,92,1
201705,강원도,화천군,93,1
201705,강원도,화천군,94,3
201705,강원도,화천군,96,1
201705,강원도,화천군,97,1
201705,강원도,화천군,101,1
201705,강원도,양구군,1,2
201705,강원도,양구군,2,4
201705,강원도,양구군,3,4
201705,강원도,양구군,4,6
201705,강원도,양구군,5,1
201705,강원도,양구군,6,8
201705,강원도,양구군,7,9
201705,강원도,양구군,8,7
201705,강원도,양구군,9,17
201705,강원도,양구군,10,7
201705,강원도,양구군,11,14
201705,강원도,양구군,12,15
201705,강원도,양구군,13,15
201705,강원도,양구군,14,19
201705,강원도,양구군,15,18
201705,강원도,양구군,16,25
201705,강원도,양구군,17,23
201705,강원도,양구군,18,14
201705,강원도,양구군,19,14
201705,강원도,양구군,20,17
201705,강원도,양구군,21,8
201705,강원도,양구군,22,7
201705,강원도,양구군,23,5
201705,강원도,양구군,24,2
201705,강원도,양구군,25,1
201705,강원도,양구군,26,5
201705,강원도,양구군,27,4
201705,강원도,양구군,28,1
201705,강원도,양구군,29,2
201705,강원도,양구군,30,2
201705,강원도,양구군,31,0
201705,강원도,양구군,32,2
201705,강원도,양구군,33,2
201705,강원도,양구군,34,5
201705,강원도,양구군,35,5
201705,강원도,양구군,36,4
201705,강원도,양구군,37,4
201705,강원도,양구군,38,10
201705,강원도,양구군,39,2
201705,강원도,양구군,40,3
201705,강원도,양구군,41,5
201705,강원도,양구군,42,2
201705,강원도,양구군,43,9
201705,강원도,양구군,44,6
201705,강원도,양구군,45,9
201705,강원도,양구군,46,16
201705,강원도,양구군,47,13
201705,강원도,양구군,48,11
201705,강원도,양구군,49,19
201705,강원도,양구군,50,12
201705,강원도,양구군,51,13
201705,강원도,양구군,52,5
201705,강원도,양구군,53,30
201705,강원도,양구군,54,30
201705,강원도,양구군,55,25
201705,강원도,양구군,56,29
201705,강원도,양구군,57,28
201705,강원도,양구군,58,19
201705,강원도,양구군,59,26
201705,강원도,양구군,60,16
201705,강원도,양구군,61,23
201705,강원도,양구군,62,25
201705,강원도,양구군,63,18
201705,강원도,양구군,64,15
201705,강원도,양구군,65,17
201705,강원도,양구군,66,18
201705,강원도,양구군,67,17
201705,강원도,양구군,68,14
201705,강원도,양구군,69,13
201705,강원도,양구군,70,20
201705,강원도,양구군,71,12
201705,강원도,양구군,72,17
201705,강원도,양구군,73,16
201705,강원도,양구군,74,18
201705,강원도,양구군,75,27
201705,강원도,양구군,76,19
201705,강원도,양구군,77,23
201705,강원도,양구군,78,8
201705,강원도,양구군,79,29
201705,강원도,양구군,80,18
201705,강원도,양구군,81,14
201705,강원도,양구군,82,13
201705,강원도,양구군,83,6
201705,강원도,양구군,84,8
201705,강원도,양구군,85,8
201705,강원도,양구군,86,12
201705,강원도,양구군,87,3
201705,강원도,양구군,88,6
201705,강원도,양구군,89,8
201705,강원도,양구군,90,4
201705,강원도,양구군,91,2
201705,강원도,양구군,92,5
201705,강원도,양구군,93,3
201705,강원도,양구군,94,1
201705,강원도,양구군,95,1
201705,강원도,양구군,96,2
201705,강원도,인제군,0,1
201705,강원도,인제군,1,4
201705,강원도,인제군,2,5
201705,강원도,인제군,3,1
201705,강원도,인제군,4,7
201705,강원도,인제군,5,3
201705,강원도,인제군,6,6
201705,강원도,인제군,7,4
201705,강원도,인제군,8,6
201705,강원도,인제군,9,6
201705,강원도,인제군,10,7
201705,강원도,인제군,11,10
201705,강원도,인제군,12,9
201705,강원도,인제군,13,10
201705,강원도,인제군,14,7
201705,강원도,인제군,15,19
201705,강원도,인제군,16,21
201705,강원도,인제군,17,30
201705,강원도,인제군,18,19
201705,강원도,인제군,19,21
201705,강원도,인제군,20,10
201705,강원도,인제군,21,18
201705,강원도,인제군,22,8
201705,강원도,인제군,23,6
201705,강원도,인제군,24,6
201705,강원도,인제군,25,4
201705,강원도,인제군,26,4
201705,강원도,인제군,27,3
201705,강원도,인제군,28,1
201705,강원도,인제군,29,2
201705,강원도,인제군,30,1
201705,강원도,인제군,31,5
201705,강원도,인제군,32,1
201705,강원도,인제군,33,1
201705,강원도,인제군,34,2
201705,강원도,인제군,35,6
201705,강원도,인제군,37,4
201705,강원도,인제군,38,9
201705,강원도,인제군,39,6
201705,강원도,인제군,40,2
201705,강원도,인제군,41,13
201705,강원도,인제군,42,6
201705,강원도,인제군,43,11
201705,강원도,인제군,44,11
201705,강원도,인제군,45,9
201705,강원도,인제군,46,11
201705,강원도,인제군,47,11
201705,강원도,인제군,48,9
201705,강원도,인제군,49,15
201705,강원도,인제군,50,9
201705,강원도,인제군,51,13
201705,강원도,인제군,52,8
201705,강원도,인제군,53,13
201705,강원도,인제군,54,17
201705,강원도,인제군,55,23
201705,강원도,인제군,56,22
201705,강원도,인제군,57,12
201705,강원도,인제군,58,12
201705,강원도,인제군,59,17
201705,강원도,인제군,60,8
201705,강원도,인제군,61,23
201705,강원도,인제군,62,22
201705,강원도,인제군,63,9
201705,강원도,인제군,64,12
201705,강원도,인제군,65,15
201705,강원도,인제군,66,12
201705,강원도,인제군,67,15
201705,강원도,인제군,68,19
201705,강원도,인제군,69,18
201705,강원도,인제군,70,16
201705,강원도,인제군,71,19
201705,강원도,인제군,72,22
201705,강원도,인제군,73,16
201705,강원도,인제군,74,24
201705,강원도,인제군,75,29
201705,강원도,인제군,76,16
201705,강원도,인제군,77,29
201705,강원도,인제군,78,21
201705,강원도,인제군,79,18
201705,강원도,인제군,80,19
201705,강원도,인제군,81,12
201705,강원도,인제군,82,18
201705,강원도,인제군,83,6
201705,강원도,인제군,84,12
201705,강원도,인제군,85,14
201705,강원도,인제군,86,8
201705,강원도,인제군,87,12
201705,강원도,인제군,88,10
201705,강원도,인제군,89,6
201705,강원도,인제군,90,10
201705,강원도,인제군,92,2
201705,강원도,인제군,94,5
201705,강원도,인제군,96,1
201705,강원도,인제군,98,1
201705,강원도,인제군,99,1
201705,강원도,고성군,0,1
201705,강원도,고성군,3,1
201705,강원도,고성군,4,4
201705,강원도,고성군,5,6
201705,강원도,고성군,6,5
201705,강원도,고성군,7,6
201705,강원도,고성군,8,11
201705,강원도,고성군,9,15
201705,강원도,고성군,10,17
201705,강원도,고성군,11,16
201705,강원도,고성군,12,14
201705,강원도,고성군,13,16
201705,강원도,고성군,14,20
201705,강원도,고성군,15,21
201705,강원도,고성군,16,31
201705,강원도,고성군,17,45
201705,강원도,고성군,18,26
201705,강원도,고성군,19,22
201705,강원도,고성군,20,9
201705,강원도,고성군,21,12
201705,강원도,고성군,22,2
201705,강원도,고성군,23,2
201705,강원도,고성군,24,5
201705,강원도,고성군,25,3
201705,강원도,고성군,26,5
201705,강원도,고성군,27,2
201705,강원도,고성군,30,1
201705,강원도,고성군,31,3
201705,강원도,고성군,32,2
201705,강원도,고성군,33,4
201705,강원도,고성군,34,5
201705,강원도,고성군,35,3
201705,강원도,고성군,36,4
201705,강원도,고성군,37,5
201705,강원도,고성군,38,6
201705,강원도,고성군,39,3
201705,강원도,고성군,40,5
201705,강원도,고성군,41,5
201705,강원도,고성군,42,4
201705,강원도,고성군,43,8
201705,강원도,고성군,44,12
201705,강원도,고성군,45,17
201705,강원도,고성군,46,18
201705,강원도,고성군,47,12
201705,강원도,고성군,48,15
201705,강원도,고성군,49,17
201705,강원도,고성군,50,12
201705,강원도,고성군,51,14
201705,강원도,고성군,52,15
201705,강원도,고성군,53,17
201705,강원도,고성군,54,24
201705,강원도,고성군,55,17
201705,강원도,고성군,56,27
201705,강원도,고성군,57,24
201705,강원도,고성군,58,24
201705,강원도,고성군,59,19
201705,강원도,고성군,60,28
201705,강원도,고성군,61,26
201705,강원도,고성군,62,15
201705,강원도,고성군,63,22
201705,강원도,고성군,64,19
201705,강원도,고성군,65,13
201705,강원도,고성군,66,21
201705,강원도,고성군,67,17
201705,강원도,고성군,68,18
201705,강원도,고성군,69,21
201705,강원도,고성군,70,12
201705,강원도,고성군,71,18
201705,강원도,고성군,72,23
201705,강원도,고성군,73,20
201705,강원도,고성군,74,23
201705,강원도,고성군,75,30
201705,강원도,고성군,76,26
201705,강원도,고성군,77,25
201705,강원도,고성군,78,23
201705,강원도,고성군,79,22
201705,강원도,고성군,80,13
201705,강원도,고성군,81,14
201705,강원도,고성군,82,17
201705,강원도,고성군,83,11
201705,강원도,고성군,84,20
201705,강원도,고성군,85,11
201705,강원도,고성군,86,12
201705,강원도,고성군,87,11
201705,강원도,고성군,88,8
201705,강원도,고성군,89,12
201705,강원도,고성군,90,6
201705,강원도,고성군,91,5
201705,강원도,고성군,92,4
201705,강원도,고성군,93,2
201705,강원도,고성군,94,3
201705,강원도,고성군,95,1
201705,강원도,고성군,96,1
201705,강원도,고성군,98,2
201705,강원도,양양군,0,1
201705,강원도,양양군,1,3
201705,강원도,양양군,2,2
201705,강원도,양양군,3,2
201705,강원도,양양군,4,3
201705,강원도,양양군,5,1
201705,강원도,양양군,6,8
201705,강원도,양양군,7,3
201705,강원도,양양군,8,12
201705,강원도,양양군,9,16
201705,강원도,양양군,10,15
201705,강원도,양양군,11,17
201705,강원도,양양군,12,18
201705,강원도,양양군,13,22
201705,강원도,양양군,14,18
201705,강원도,양양군,15,19
201705,강원도,양양군,16,33
201705,강원도,양양군,17,30
201705,강원도,양양군,18,25
201705,강원도,양양군,19,17
201705,강원도,양양군,20,13
201705,강원도,양양군,21,3
201705,강원도,양양군,22,2
201705,강원도,양양군,23,4
201705,강원도,양양군,24,2
201705,강원도,양양군,25,1
201705,강원도,양양군,26,1
201705,강원도,양양군,27,2
201705,강원도,양양군,29,2
201705,강원도,양양군,30,4
201705,강원도,양양군,31,2
201705,강원도,양양군,33,1
201705,강원도,양양군,34,5
201705,강원도,양양군,35,2
201705,강원도,양양군,36,4
201705,강원도,양양군,37,7
201705,강원도,양양군,38,4
201705,강원도,양양군,39,8
201705,강원도,양양군,40,5
201705,강원도,양양군,41,5
201705,강원도,양양군,42,7
201705,강원도,양양군,43,7
201705,강원도,양양군,44,14
201705,강원도,양양군,45,15
201705,강원도,양양군,46,15
201705,강원도,양양군,47,13
201705,강원도,양양군,48,8
201705,강원도,양양군,49,13
201705,강원도,양양군,50,16
201705,강원도,양양군,51,23
201705,강원도,양양군,52,16
201705,강원도,양양군,53,13
201705,강원도,양양군,54,25
201705,강원도,양양군,55,19
201705,강원도,양양군,56,23
201705,강원도,양양군,57,8
201705,강원도,양양군,58,20
201705,강원도,양양군,59,27
201705,강원도,양양군,60,27
201705,강원도,양양군,61,19
201705,강원도,양양군,62,27
201705,강원도,양양군,63,11
201705,강원도,양양군,64,23
201705,강원도,양양군,65,7
201705,강원도,양양군,66,21
201705,강원도,양양군,67,14
201705,강원도,양양군,68,18
201705,강원도,양양군,69,26
201705,강원도,양양군,70,22
201705,강원도,양양군,71,18
201705,강원도,양양군,72,19
201705,강원도,양양군,73,25
201705,강원도,양양군,74,38
201705,강원도,양양군,75,29
201705,강원도,양양군,76,20
201705,강원도,양양군,77,22
201705,강원도,양양군,78,17
201705,강원도,양양군,79,21
201705,강원도,양양군,80,18
201705,강원도,양양군,81,20
201705,강원도,양양군,82,17
201705,강원도,양양군,83,9
201705,강원도,양양군,84,12
201705,강원도,양양군,85,12
201705,강원도,양양군,86,9
201705,강원도,양양군,87,8
201705,강원도,양양군,88,14
201705,강원도,양양군,89,8
201705,강원도,양양군,90,6
201705,강원도,양양군,91,5
201705,강원도,양양군,93,4
201705,강원도,양양군,94,2
201705,강원도,양양군,95,1
201705,강원도,양양군,96,1
201705,강원도,양양군,97,1
201705,강원도,양양군,101,1
201705,강원도,양양군,102,1
201705,충청북도,청주시,0,40
201705,충청북도,청주시,1,66
201705,충청북도,청주시,2,78
201705,충청북도,청주시,3,80
201705,충청북도,청주시,4,116
201705,충청북도,청주시,5,116
201705,충청북도,청주시,6,199
201705,충청북도,청주시,7,320
201705,충청북도,청주시,8,328
201705,충청북도,청주시,9,383
201705,충청북도,청주시,10,404
201705,충청북도,청주시,11,419
201705,충청북도,청주시,12,439
201705,충청북도,청주시,13,459
201705,충청북도,청주시,14,536
201705,충청북도,청주시,15,601
201705,충청북도,청주시,16,696
201705,충청북도,청주시,17,751
201705,충청북도,청주시,18,489
201705,충청북도,청주시,19,301
201705,충청북도,청주시,20,254
201705,충청북도,청주시,21,184
201705,충청북도,청주시,22,171
201705,충청북도,청주시,23,137
201705,충청북도,청주시,24,102
201705,충청북도,청주시,25,75
201705,충청북도,청주시,26,63
201705,충청북도,청주시,27,48
201705,충청북도,청주시,28,45
201705,충청북도,청주시,29,72
201705,충청북도,청주시,30,65
201705,충청북도,청주시,31,75
201705,충청북도,청주시,32,64
201705,충청북도,청주시,33,67
201705,충청북도,청주시,34,90
201705,충청북도,청주시,35,114
201705,충청북도,청주시,36,117
201705,충청북도,청주시,37,136
201705,충청북도,청주시,38,131
201705,충청북도,청주시,39,132
201705,충청북도,청주시,40,153
201705,충청북도,청주시,41,177
201705,충청북도,청주시,42,183
201705,충청북도,청주시,43,198
201705,충청북도,청주시,44,257
201705,충청북도,청주시,45,242
201705,충청북도,청주시,46,280
201705,충청북도,청주시,47,276
201705,충청북도,청주시,48,358
201705,충청북도,청주시,49,308
201705,충청북도,청주시,50,306
201705,충청북도,청주시,51,291
201705,충청북도,청주시,52,314
201705,충청북도,청주시,53,285
201705,충청북도,청주시,54,333
201705,충청북도,청주시,55,307
201705,충청북도,청주시,56,394
201705,충청북도,청주시,57,316
201705,충청북도,청주시,58,358
201705,충청북도,청주시,59,339
201705,충청북도,청주시,60,306
201705,충청북도,청주시,61,265
201705,충청북도,청주시,62,267
201705,충청북도,청주시,63,242
201705,충청북도,청주시,64,254
201705,충청북도,청주시,65,271
201705,충청북도,청주시,66,195
201705,충청북도,청주시,67,214
201705,충청북도,청주시,68,234
201705,충청북도,청주시,69,265
201705,충청북도,청주시,70,256
201705,충청북도,청주시,71,213
201705,충청북도,청주시,72,230
201705,충청북도,청주시,73,249
201705,충청북도,청주시,74,308
201705,충청북도,청주시,75,275
201705,충청북도,청주시,76,210
201705,충청북도,청주시,77,214
201705,충청북도,청주시,78,243
201705,충청북도,청주시,79,209
201705,충청북도,청주시,80,193
201705,충청북도,청주시,81,193
201705,충청북도,청주시,82,183
201705,충청북도,청주시,83,111
201705,충청북도,청주시,84,107
201705,충청북도,청주시,85,104
201705,충청북도,청주시,86,76
201705,충청북도,청주시,87,82
201705,충청북도,청주시,88,71
201705,충청북도,청주시,89,51
201705,충청북도,청주시,90,45
201705,충청북도,청주시,91,30
201705,충청북도,청주시,92,32
201705,충청북도,청주시,93,13
201705,충청북도,청주시,94,14
201705,충청북도,청주시,95,7
201705,충청북도,청주시,96,5
201705,충청북도,청주시,97,5
201705,충청북도,청주시,98,2
201705,충청북도,청주시,99,3
201705,충청북도,청주시,100,2
201705,충청북도,청주시,101,1
201705,충청북도,청주시,102,1
201705,충청북도,청주시,104,1
201705,충청북도,충주시,0,11
201705,충청북도,충주시,1,19
201705,충청북도,충주시,2,18
201705,충청북도,충주시,3,20
201705,충청북도,충주시,4,24
201705,충청북도,충주시,5,33
201705,충청북도,충주시,6,54
201705,충청북도,충주시,7,66
201705,충청북도,충주시,8,88
201705,충청북도,충주시,9,116
201705,충청북도,충주시,10,111
201705,충청북도,충주시,11,123
201705,충청북도,충주시,12,140
201705,충청북도,충주시,13,138
201705,충청북도,충주시,14,144
201705,충청북도,충주시,15,158
201705,충청북도,충주시,16,203
201705,충청북도,충주시,17,210
201705,충청북도,충주시,18,156
201705,충청북도,충주시,19,130
201705,충청북도,충주시,20,90
201705,충청북도,충주시,21,84
201705,충청북도,충주시,22,57
201705,충청북도,충주시,23,68
201705,충청북도,충주시,24,45
201705,충청북도,충주시,25,20
201705,충청북도,충주시,26,19
201705,충청북도,충주시,27,13
201705,충청북도,충주시,28,15
201705,충청북도,충주시,29,21
201705,충청북도,충주시,30,20
201705,충청북도,충주시,31,21
201705,충청북도,충주시,32,23
201705,충청북도,충주시,33,24
201705,충청북도,충주시,34,29
201705,충청북도,충주시,35,44
201705,충청북도,충주시,36,39
201705,충청북도,충주시,37,37
201705,충청북도,충주시,38,42
201705,충청북도,충주시,39,57
201705,충청북도,충주시,40,50
201705,충청북도,충주시,41,71
201705,충청북도,충주시,42,64
201705,충청북도,충주시,43,80
201705,충청북도,충주시,44,103
201705,충청북도,충주시,45,88
201705,충청북도,충주시,46,98
201705,충청북도,충주시,47,97
201705,충청북도,충주시,48,122
201705,충청북도,충주시,49,101
201705,충청북도,충주시,50,115
201705,충청북도,충주시,51,107
201705,충청북도,충주시,52,111
201705,충청북도,충주시,53,92
201705,충청북도,충주시,54,125
201705,충청북도,충주시,55,116
201705,충청북도,충주시,56,133
201705,충청북도,충주시,57,120
201705,충청북도,충주시,58,132
201705,충청북도,충주시,59,128
201705,충청북도,충주시,60,112
201705,충청북도,충주시,61,130
201705,충청북도,충주시,62,119
201705,충청북도,충주시,63,84
201705,충청북도,충주시,64,82
201705,충청북도,충주시,65,96
201705,충청북도,충주시,66,97
201705,충청북도,충주시,67,64
201705,충청북도,충주시,68,86
201705,충청북도,충주시,69,99
201705,충청북도,충주시,70,96
201705,충청북도,충주시,71,61
201705,충청북도,충주시,72,95
201705,충청북도,충주시,73,89
201705,충청북도,충주시,74,129
201705,충청북도,충주시,75,133
201705,충청북도,충주시,76,105
201705,충청북도,충주시,77,126
201705,충청북도,충주시,78,95
201705,충청북도,충주시,79,84
201705,충청북도,충주시,80,78
201705,충청북도,충주시,81,83
201705,충청북도,충주시,82,67
201705,충청북도,충주시,83,63
201705,충청북도,충주시,84,59
201705,충청북도,충주시,85,47
201705,충청북도,충주시,86,33
201705,충청북도,충주시,87,34
201705,충청북도,충주시,88,34
201705,충청북도,충주시,89,14
201705,충청북도,충주시,90,24
201705,충청북도,충주시,91,15
201705,충청북도,충주시,92,6
201705,충청북도,충주시,93,10
201705,충청북도,충주시,94,8
201705,충청북도,충주시,95,7
201705,충청북도,충주시,96,3
201705,충청북도,충주시,99,1
201705,충청북도,충주시,100,1
201705,충청북도,충주시,102,1
201705,충청북도,제천시,0,4
201705,충청북도,제천시,1,10
201705,충청북도,제천시,2,16
201705,충청북도,제천시,3,16
201705,충청북도,제천시,4,25
201705,충청북도,제천시,5,35
201705,충청북도,제천시,6,32
201705,충청북도,제천시,7,44
201705,충청북도,제천시,8,71
201705,충청북도,제천시,9,71
201705,충청북도,제천시,10,72
201705,충청북도,제천시,11,81
201705,충청북도,제천시,12,66
201705,충청북도,제천시,13,83
201705,충청북도,제천시,14,83
201705,충청북도,제천시,15,101
201705,충청북도,제천시,16,130
201705,충청북도,제천시,17,134
201705,충청북도,제천시,18,89
201705,충청북도,제천시,19,75
201705,충청북도,제천시,20,63
201705,충청북도,제천시,21,41
201705,충청북도,제천시,22,48
201705,충청북도,제천시,23,33
201705,충청북도,제천시,24,24
201705,충청북도,제천시,25,15
201705,충청북도,제천시,26,12
201705,충청북도,제천시,27,15
201705,충청북도,제천시,28,10
201705,충청북도,제천시,29,3
201705,충청북도,제천시,30,11
201705,충청북도,제천시,31,8
201705,충청북도,제천시,32,12
201705,충청북도,제천시,33,15
201705,충청북도,제천시,34,19
201705,충청북도,제천시,35,24
201705,충청북도,제천시,36,30
201705,충청북도,제천시,37,25
201705,충청북도,제천시,38,21
201705,충청북도,제천시,39,29
201705,충청북도,제천시,40,28
201705,충청북도,제천시,41,40
201705,충청북도,제천시,42,39
201705,충청북도,제천시,43,58
201705,충청북도,제천시,44,55
201705,충청북도,제천시,45,63
201705,충청북도,제천시,46,64
201705,충청북도,제천시,47,67
201705,충청북도,제천시,48,86
201705,충청북도,제천시,49,91
201705,충청북도,제천시,50,87
201705,충청북도,제천시,51,75
201705,충청북도,제천시,52,85
201705,충청북도,제천시,53,63
201705,충청북도,제천시,54,93
201705,충청북도,제천시,55,110
201705,충청북도,제천시,56,112
201705,충청북도,제천시,57,111
201705,충청북도,제천시,58,92
201705,충청북도,제천시,59,85
201705,충청북도,제천시,60,95
201705,충청북도,제천시,61,76
201705,충청북도,제천시,62,90
201705,충청북도,제천시,63,76
201705,충청북도,제천시,64,73
201705,충청북도,제천시,65,78
201705,충청북도,제천시,66,66
201705,충청북도,제천시,67,83
201705,충청북도,제천시,68,74
201705,충청북도,제천시,69,79
201705,충청북도,제천시,70,84
201705,충청북도,제천시,71,76
201705,충청북도,제천시,72,116
201705,충청북도,제천시,73,106
201705,충청북도,제천시,74,106
201705,충청북도,제천시,75,96
201705,충청북도,제천시,76,106
201705,충청북도,제천시,77,90
201705,충청북도,제천시,78,83
201705,충청북도,제천시,79,83
201705,충청북도,제천시,80,68
201705,충청북도,제천시,81,59
201705,충청북도,제천시,82,73
201705,충청북도,제천시,83,43
201705,충청북도,제천시,84,40
201705,충청북도,제천시,85,29
201705,충청북도,제천시,86,30
201705,충청북도,제천시,87,22
201705,충청북도,제천시,88,25
201705,충청북도,제천시,89,17
201705,충청북도,제천시,90,12
201705,충청북도,제천시,91,11
201705,충청북도,제천시,92,12
201705,충청북도,제천시,93,9
201705,충청북도,제천시,94,8
201705,충청북도,제천시,95,3
201705,충청북도,제천시,96,5
201705,충청북도,제천시,97,1
201705,충청북도,제천시,98,2
201705,충청북도,제천시,99,1
201705,충청북도,제천시,101,1
201705,충청북도,제천시,102,1
201705,충청북도,제천시,104,1
201705,충청북도,보은군,0,4
201705,충청북도,보은군,1,1
201705,충청북도,보은군,2,5
201705,충청북도,보은군,3,5
201705,충청북도,보은군,4,4
201705,충청북도,보은군,5,10
201705,충청북도,보은군,6,12
201705,충청북도,보은군,7,14
201705,충청북도,보은군,8,16
201705,충청북도,보은군,9,12
201705,충청북도,보은군,10,19
201705,충청북도,보은군,11,16
201705,충청북도,보은군,12,24
201705,충청북도,보은군,13,25
201705,충청북도,보은군,14,20
201705,충청북도,보은군,15,28
201705,충청북도,보은군,16,26
201705,충청북도,보은군,17,30
201705,충청북도,보은군,18,36
201705,충청북도,보은군,19,18
201705,충청북도,보은군,20,16
201705,충청북도,보은군,21,8
201705,충청북도,보은군,22,7
201705,충청북도,보은군,23,3
201705,충청북도,보은군,24,4
201705,충청북도,보은군,25,5
201705,충청북도,보은군,26,3
201705,충청북도,보은군,27,3
201705,충청북도,보은군,28,2
201705,충청북도,보은군,29,5
201705,충청북도,보은군,30,1
201705,충청북도,보은군,31,3
201705,충청북도,보은군,32,5
201705,충청북도,보은군,33,5
201705,충청북도,보은군,34,11
201705,충청북도,보은군,35,5
201705,충청북도,보은군,36,7
201705,충청북도,보은군,37,9
201705,충청북도,보은군,38,8
201705,충청북도,보은군,39,8
201705,충청북도,보은군,40,5
201705,충청북도,보은군,41,8
201705,충청북도,보은군,42,14
201705,충청북도,보은군,43,17
201705,충청북도,보은군,44,8
201705,충청북도,보은군,45,19
201705,충청북도,보은군,46,21
201705,충청북도,보은군,47,17
201705,충청북도,보은군,48,17
201705,충청북도,보은군,49,24
201705,충청북도,보은군,50,21
201705,충청북도,보은군,51,33
201705,충청북도,보은군,52,18
201705,충청북도,보은군,53,20
201705,충청북도,보은군,54,21
201705,충청북도,보은군,55,35
201705,충청북도,보은군,56,30
201705,충청북도,보은군,57,27
201705,충청북도,보은군,58,29
201705,충청북도,보은군,59,29
201705,충청북도,보은군,60,32
201705,충청북도,보은군,61,36
201705,충청북도,보은군,62,26
201705,충청북도,보은군,63,27
201705,충청북도,보은군,64,19
201705,충청북도,보은군,65,23
201705,충청북도,보은군,66,20
201705,충청북도,보은군,67,31
201705,충청북도,보은군,68,18
201705,충청북도,보은군,69,29
201705,충청북도,보은군,70,19
201705,충청북도,보은군,71,23
201705,충청북도,보은군,72,19
201705,충청북도,보은군,73,26
201705,충청북도,보은군,74,27
201705,충청북도,보은군,75,40
201705,충청북도,보은군,76,23
201705,충청북도,보은군,77,37
201705,충청북도,보은군,78,22
201705,충청북도,보은군,79,22
201705,충청북도,보은군,80,17
201705,충청북도,보은군,81,24
201705,충청북도,보은군,82,25
201705,충청북도,보은군,83,21
201705,충청북도,보은군,84,22
201705,충청북도,보은군,85,17
201705,충청북도,보은군,86,14
201705,충청북도,보은군,87,12
201705,충청북도,보은군,88,17
201705,충청북도,보은군,89,8
201705,충청북도,보은군,90,9
201705,충청북도,보은군,91,8
201705,충청북도,보은군,92,3
201705,충청북도,보은군,93,2
201705,충청북도,보은군,94,2
201705,충청북도,보은군,95,1
201705,충청북도,보은군,96,2
201705,충청북도,보은군,98,1
201705,충청북도,보은군,99,2
201705,충청북도,보은군,100,1
201705,충청북도,옥천군,0,2
201705,충청북도,옥천군,1,5
201705,충청북도,옥천군,2,5
201705,충청북도,옥천군,3,1
201705,충청북도,옥천군,4,4
201705,충청북도,옥천군,5,12
201705,충청북도,옥천군,6,12
201705,충청북도,옥천군,7,16
201705,충청북도,옥천군,8,23
201705,충청북도,옥천군,9,18
201705,충청북도,옥천군,10,30
201705,충청북도,옥천군,11,27
201705,충청북도,옥천군,12,33
201705,충청북도,옥천군,13,31
201705,충청북도,옥천군,14,21
201705,충청북도,옥천군,15,34
201705,충청북도,옥천군,16,42
201705,충청북도,옥천군,17,46
201705,충청북도,옥천군,18,28
201705,충청북도,옥천군,19,20
201705,충청북도,옥천군,20,18
201705,충청북도,옥천군,21,5
201705,충청북도,옥천군,22,7
201705,충청북도,옥천군,23,9
201705,충청북도,옥천군,24,4
201705,충청북도,옥천군,25,1
201705,충청북도,옥천군,26,1
201705,충청북도,옥천군,27,5
201705,충청북도,옥천군,28,2
201705,충청북도,옥천군,29,2
201705,충청북도,옥천군,30,13
201705,충청북도,옥천군,31,6
201705,충청북도,옥천군,32,5
201705,충청북도,옥천군,33,7
201705,충청북도,옥천군,34,5
201705,충청북도,옥천군,35,10
201705,충청북도,옥천군,36,9
201705,충청북도,옥천군,37,13
201705,충청북도,옥천군,38,6
201705,충청북도,옥천군,39,12
201705,충청북도,옥천군,40,14
201705,충청북도,옥천군,41,7
201705,충청북도,옥천군,42,13
201705,충청북도,옥천군,43,25
201705,충청북도,옥천군,44,19
201705,충청북도,옥천군,45,15
201705,충청북도,옥천군,46,11
201705,충청북도,옥천군,47,20
201705,충청북도,옥천군,48,23
201705,충청북도,옥천군,49,24
201705,충청북도,옥천군,50,38
201705,충청북도,옥천군,51,32
201705,충청북도,옥천군,52,20
201705,충청북도,옥천군,53,11
201705,충청북도,옥천군,54,23
201705,충청북도,옥천군,55,37
201705,충청북도,옥천군,56,39
201705,충청북도,옥천군,57,23
201705,충청북도,옥천군,58,24
201705,충청북도,옥천군,59,25
201705,충청북도,옥천군,60,26
201705,충청북도,옥천군,61,22
201705,충청북도,옥천군,62,21
201705,충청북도,옥천군,63,15
201705,충청북도,옥천군,64,29
201705,충청북도,옥천군,65,28
201705,충청북도,옥천군,66,19
201705,충청북도,옥천군,67,29
201705,충청북도,옥천군,68,22
201705,충청북도,옥천군,69,27
201705,충청북도,옥천군,70,26
201705,충청북도,옥천군,71,22
201705,충청북도,옥천군,72,17
201705,충청북도,옥천군,73,31
201705,충청북도,옥천군,74,37
201705,충청북도,옥천군,75,34
201705,충청북도,옥천군,76,31
201705,충청북도,옥천군,77,24
201705,충청북도,옥천군,78,34
201705,충청북도,옥천군,79,40
201705,충청북도,옥천군,80,26
201705,충청북도,옥천군,81,32
201705,충청북도,옥천군,82,25
201705,충청북도,옥천군,83,20
201705,충청북도,옥천군,84,19
201705,충청북도,옥천군,85,18
201705,충청북도,옥천군,86,15
201705,충청북도,옥천군,87,16
201705,충청북도,옥천군,88,11
201705,충청북도,옥천군,89,5
201705,충청북도,옥천군,90,6
201705,충청북도,옥천군,91,4
201705,충청북도,옥천군,92,1
201705,충청북도,옥천군,93,5
201705,충청북도,옥천군,95,2
201705,충청북도,옥천군,96,1
201705,충청북도,옥천군,97,2
201705,충청북도,옥천군,98,1
201705,충청북도,영동군,0,3
201705,충청북도,영동군,1,6
201705,충청북도,영동군,2,5
201705,충청북도,영동군,3,5
201705,충청북도,영동군,4,8
201705,충청북도,영동군,5,11
201705,충청북도,영동군,6,10
201705,충청북도,영동군,7,20
201705,충청북도,영동군,8,20
201705,충청북도,영동군,9,24
201705,충청북도,영동군,10,22
201705,충청북도,영동군,11,27
201705,충청북도,영동군,12,25
201705,충청북도,영동군,13,30
201705,충청북도,영동군,14,26
201705,충청북도,영동군,15,38
201705,충청북도,영동군,16,46
201705,충청북도,영동군,17,56
201705,충청북도,영동군,18,36
201705,충청북도,영동군,19,21
201705,충청북도,영동군,20,22
201705,충청북도,영동군,21,20
201705,충청북도,영동군,22,19
201705,충청북도,영동군,23,10
201705,충청북도,영동군,24,12
201705,충청북도,영동군,25,6
201705,충청북도,영동군,27,3
201705,충청북도,영동군,28,3
201705,충청북도,영동군,29,6
201705,충청북도,영동군,30,6
201705,충청북도,영동군,31,4
201705,충청북도,영동군,32,3
201705,충청북도,영동군,33,8
201705,충청북도,영동군,34,7
201705,충청북도,영동군,35,12
201705,충청북도,영동군,36,13
201705,충청북도,영동군,37,11
201705,충청북도,영동군,38,13
201705,충청북도,영동군,39,9
201705,충청북도,영동군,40,5
201705,충청북도,영동군,41,17
201705,충청북도,영동군,42,22
201705,충청북도,영동군,43,17
201705,충청북도,영동군,44,16
201705,충청북도,영동군,45,23
201705,충청북도,영동군,46,25
201705,충청북도,영동군,47,20
201705,충청북도,영동군,48,32
201705,충청북도,영동군,49,23
201705,충청북도,영동군,50,35
201705,충청북도,영동군,51,24
201705,충청북도,영동군,52,31
201705,충청북도,영동군,53,22
201705,충청북도,영동군,54,38
201705,충청북도,영동군,55,28
201705,충청북도,영동군,56,44
201705,충청북도,영동군,57,26
201705,충청북도,영동군,58,48
201705,충청북도,영동군,59,29
201705,충청북도,영동군,60,35
201705,충청북도,영동군,61,30
201705,충청북도,영동군,62,31
201705,충청북도,영동군,63,15
201705,충청북도,영동군,64,25
201705,충청북도,영동군,65,29
201705,충청북도,영동군,66,27
201705,충청북도,영동군,67,28
201705,충청북도,영동군,68,19
201705,충청북도,영동군,69,23
201705,충청북도,영동군,70,31
201705,충청북도,영동군,71,22
201705,충청북도,영동군,72,32
201705,충청북도,영동군,73,39
201705,충청북도,영동군,74,34
201705,충청북도,영동군,75,32
201705,충청북도,영동군,76,30
201705,충청북도,영동군,77,24
201705,충청북도,영동군,78,39
201705,충청북도,영동군,79,34
201705,충청북도,영동군,80,21
201705,충청북도,영동군,81,24
201705,충청북도,영동군,82,23
201705,충청북도,영동군,83,23
201705,충청북도,영동군,84,25
201705,충청북도,영동군,85,15
201705,충청북도,영동군,86,16
201705,충청북도,영동군,87,19
201705,충청북도,영동군,88,14
201705,충청북도,영동군,89,14
201705,충청북도,영동군,90,18
201705,충청북도,영동군,91,3
201705,충청북도,영동군,92,6
201705,충청북도,영동군,93,2
201705,충청북도,영동군,94,8
201705,충청북도,영동군,95,3
201705,충청북도,영동군,96,1
201705,충청북도,영동군,98,1
201705,충청북도,영동군,100,1
201705,충청북도,증평군,0,2
201705,충청북도,증평군,1,2
201705,충청북도,증평군,2,2
201705,충청북도,증평군,3,4
201705,충청북도,증평군,4,2
201705,충청북도,증평군,5,3
201705,충청북도,증평군,6,6
201705,충청북도,증평군,7,12
201705,충청북도,증평군,8,12
201705,충청북도,증평군,9,20
201705,충청북도,증평군,10,18
201705,충청북도,증평군,11,16
201705,충청북도,증평군,12,21
201705,충청북도,증평군,13,26
201705,충청북도,증평군,14,17
201705,충청북도,증평군,15,20
201705,충청북도,증평군,16,25
201705,충청북도,증평군,17,29
201705,충청북도,증평군,18,18
201705,충청북도,증평군,19,12
201705,충청북도,증평군,20,7
201705,충청북도,증평군,21,9
201705,충청북도,증평군,22,4
201705,충청북도,증평군,23,1
201705,충청북도,증평군,24,4
201705,충청북도,증평군,26,2
201705,충청북도,증평군,27,3
201705,충청북도,증평군,28,2
201705,충청북도,증평군,30,3
201705,충청북도,증평군,31,2
201705,충청북도,증평군,32,4
201705,충청북도,증평군,33,3
201705,충청북도,증평군,34,3
201705,충청북도,증평군,35,4
201705,충청북도,증평군,36,5
201705,충청북도,증평군,37,11
201705,충청북도,증평군,38,6
201705,충청북도,증평군,39,3
201705,충청북도,증평군,40,10
201705,충청북도,증평군,41,5
201705,충청북도,증평군,42,8
201705,충청북도,증평군,43,13
201705,충청북도,증평군,44,10
201705,충청북도,증평군,45,8
201705,충청북도,증평군,46,7
201705,충청북도,증평군,47,8
201705,충청북도,증평군,48,13
201705,충청북도,증평군,49,22
201705,충청북도,증평군,50,13
201705,충청북도,증평군,51,26
201705,충청북도,증평군,52,16
201705,충청북도,증평군,53,12
201705,충청북도,증평군,54,20
201705,충청북도,증평군,55,17
201705,충청북도,증평군,56,15
201705,충청북도,증평군,57,18
201705,충청북도,증평군,58,10
201705,충청북도,증평군,59,24
201705,충청북도,증평군,60,17
201705,충청북도,증평군,61,17
201705,충청북도,증평군,62,18
201705,충청북도,증평군,63,13
201705,충청북도,증평군,64,13
201705,충청북도,증평군,65,17
201705,충청북도,증평군,66,13
201705,충청북도,증평군,67,14
201705,충청북도,증평군,68,9
201705,충청북도,증평군,69,20
201705,충청북도,증평군,70,10
201705,충청북도,증평군,71,15
201705,충청북도,증평군,72,17
201705,충청북도,증평군,73,18
201705,충청북도,증평군,74,28
201705,충청북도,증평군,75,20
201705,충청북도,증평군,76,24
201705,충청북도,증평군,77,16
201705,충청북도,증평군,78,8
201705,충청북도,증평군,79,13
201705,충청북도,증평군,80,9
201705,충청북도,증평군,81,11
201705,충청북도,증평군,82,12
201705,충청북도,증평군,83,14
201705,충청북도,증평군,84,5
201705,충청북도,증평군,85,9
201705,충청북도,증평군,86,5
201705,충청북도,증평군,87,2
201705,충청북도,증평군,88,4
201705,충청북도,증평군,89,3
201705,충청북도,증평군,90,3
201705,충청북도,증평군,91,2
201705,충청북도,증평군,92,1
201705,충청북도,증평군,93,2
201705,충청북도,증평군,94,2
201705,충청북도,증평군,95,1
201705,충청북도,증평군,99,1
201705,충청북도,진천군,0,5
201705,충청북도,진천군,1,4
201705,충청북도,진천군,2,8
201705,충청북도,진천군,3,9
201705,충청북도,진천군,4,10
201705,충청북도,진천군,5,12
201705,충청북도,진천군,6,11
201705,충청북도,진천군,7,15
201705,충청북도,진천군,8,29
201705,충청북도,진천군,9,29
201705,충청북도,진천군,10,20
201705,충청북도,진천군,11,26
201705,충청북도,진천군,12,36
201705,충청북도,진천군,13,31
201705,충청북도,진천군,14,37
201705,충청북도,진천군,15,45
201705,충청북도,진천군,16,50
201705,충청북도,진천군,17,43
201705,충청북도,진천군,18,48
201705,충청북도,진천군,19,19
201705,충청북도,진천군,20,17
201705,충청북도,진천군,21,14
201705,충청북도,진천군,22,17
201705,충청북도,진천군,23,11
201705,충청북도,진천군,24,13
201705,충청북도,진천군,25,3
201705,충청북도,진천군,26,6
201705,충청북도,진천군,27,4
201705,충청북도,진천군,28,4
201705,충청북도,진천군,29,2
201705,충청북도,진천군,30,8
201705,충청북도,진천군,31,7
201705,충청북도,진천군,32,7
201705,충청북도,진천군,33,11
201705,충청북도,진천군,34,8
201705,충청북도,진천군,35,8
201705,충청북도,진천군,36,6
201705,충청북도,진천군,37,9
201705,충청북도,진천군,38,7
201705,충청북도,진천군,39,8
201705,충청북도,진천군,40,13
201705,충청북도,진천군,41,18
201705,충청북도,진천군,42,14
201705,충청북도,진천군,43,24
201705,충청북도,진천군,44,19
201705,충청북도,진천군,45,12
201705,충청북도,진천군,46,19
201705,충청북도,진천군,47,23
201705,충청북도,진천군,48,29
201705,충청북도,진천군,49,20
201705,충청북도,진천군,50,32
201705,충청북도,진천군,51,26
201705,충청북도,진천군,52,35
201705,충청북도,진천군,53,28
201705,충청북도,진천군,54,31
201705,충청북도,진천군,55,37
201705,충청북도,진천군,56,38
201705,충청북도,진천군,57,29
201705,충청북도,진천군,58,26
201705,충청북도,진천군,59,26
201705,충청북도,진천군,60,21
201705,충청북도,진천군,61,30
201705,충청북도,진천군,62,39
201705,충청북도,진천군,63,16
201705,충청북도,진천군,64,25
201705,충청북도,진천군,65,18
201705,충청북도,진천군,66,26
201705,충청북도,진천군,67,24
201705,충청북도,진천군,68,16
201705,충청북도,진천군,69,23
201705,충청북도,진천군,70,25
201705,충청북도,진천군,71,18
201705,충청북도,진천군,72,19
201705,충청북도,진천군,73,25
201705,충청북도,진천군,74,33
201705,충청북도,진천군,75,33
201705,충청북도,진천군,76,31
201705,충청북도,진천군,77,19
201705,충청북도,진천군,78,28
201705,충청북도,진천군,79,16
201705,충청북도,진천군,80,27
201705,충청북도,진천군,81,24
201705,충청북도,진천군,82,21
201705,충청북도,진천군,83,28
201705,충청북도,진천군,84,15
201705,충청북도,진천군,85,9
201705,충청북도,진천군,86,14
201705,충청북도,진천군,87,6
201705,충청북도,진천군,88,7
201705,충청북도,진천군,89,10
201705,충청북도,진천군,90,7
201705,충청북도,진천군,91,4
201705,충청북도,진천군,92,5
201705,충청북도,진천군,93,4
201705,충청북도,진천군,94,1
201705,충청북도,진천군,95,3
201705,충청북도,진천군,97,2
201705,충청북도,괴산군,0,1
201705,충청북도,괴산군,1,2
201705,충청북도,괴산군,2,3
201705,충청북도,괴산군,3,6
201705,충청북도,괴산군,4,3
201705,충청북도,괴산군,5,3
201705,충청북도,괴산군,6,10
201705,충청북도,괴산군,7,14
201705,충청북도,괴산군,8,19
201705,충청북도,괴산군,9,19
201705,충청북도,괴산군,10,16
201705,충청북도,괴산군,11,22
201705,충청북도,괴산군,12,27
201705,충청북도,괴산군,13,22
201705,충청북도,괴산군,14,30
201705,충청북도,괴산군,15,28
201705,충청북도,괴산군,16,39
201705,충청북도,괴산군,17,42
201705,충청북도,괴산군,18,33
201705,충청북도,괴산군,19,22
201705,충청북도,괴산군,20,19
201705,충청북도,괴산군,21,9
201705,충청북도,괴산군,22,7
201705,충청북도,괴산군,23,6
201705,충청북도,괴산군,24,5
201705,충청북도,괴산군,25,4
201705,충청북도,괴산군,26,3
201705,충청북도,괴산군,27,2
201705,충청북도,괴산군,28,2
201705,충청북도,괴산군,29,4
201705,충청북도,괴산군,30,5
201705,충청북도,괴산군,31,3
201705,충청북도,괴산군,32,3
201705,충청북도,괴산군,33,2
201705,충청북도,괴산군,34,3
201705,충청북도,괴산군,35,6
201705,충청북도,괴산군,36,7
201705,충청북도,괴산군,37,14
201705,충청북도,괴산군,38,12
201705,충청북도,괴산군,39,6
201705,충청북도,괴산군,40,8
201705,충청북도,괴산군,41,9
201705,충청북도,괴산군,42,14
201705,충청북도,괴산군,43,14
201705,충청북도,괴산군,44,19
201705,충청북도,괴산군,45,15
201705,충청북도,괴산군,46,35
201705,충청북도,괴산군,47,23
201705,충청북도,괴산군,48,26
201705,충청북도,괴산군,49,33
201705,충청북도,괴산군,50,31
201705,충청북도,괴산군,51,27
201705,충청북도,괴산군,52,31
201705,충청북도,괴산군,53,20
201705,충청북도,괴산군,54,30
201705,충청북도,괴산군,55,32
201705,충청북도,괴산군,56,42
201705,충청북도,괴산군,57,31
201705,충청북도,괴산군,58,39
201705,충청북도,괴산군,59,28
201705,충청북도,괴산군,60,37
201705,충청북도,괴산군,61,28
201705,충청북도,괴산군,62,20
201705,충청북도,괴산군,63,22
201705,충청북도,괴산군,64,19
201705,충청북도,괴산군,65,19
201705,충청북도,괴산군,66,21
201705,충청북도,괴산군,67,25
201705,충청북도,괴산군,68,13
201705,충청북도,괴산군,69,31
201705,충청북도,괴산군,70,39
201705,충청북도,괴산군,71,28
201705,충청북도,괴산군,72,28
201705,충청북도,괴산군,73,32
201705,충청북도,괴산군,74,37
201705,충청북도,괴산군,75,26
201705,충청북도,괴산군,76,25
201705,충청북도,괴산군,77,26
201705,충청북도,괴산군,78,37
201705,충청북도,괴산군,79,22
201705,충청북도,괴산군,80,22
201705,충청북도,괴산군,81,28
201705,충청북도,괴산군,82,16
201705,충청북도,괴산군,83,22
201705,충청북도,괴산군,84,23
201705,충청북도,괴산군,85,19
201705,충청북도,괴산군,86,22
201705,충청북도,괴산군,87,7
201705,충청북도,괴산군,88,15
201705,충청북도,괴산군,89,4
201705,충청북도,괴산군,90,5
201705,충청북도,괴산군,91,4
201705,충청북도,괴산군,92,3
201705,충청북도,괴산군,93,5
201705,충청북도,괴산군,94,1
201705,충청북도,괴산군,95,3
201705,충청북도,괴산군,96,2
201705,충청북도,괴산군,97,2
201705,충청북도,괴산군,98,1
201705,충청북도,괴산군,100,1
201705,충청북도,음성군,0,3
201705,충청북도,음성군,1,11
201705,충청북도,음성군,2,16
201705,충청북도,음성군,3,6
201705,충청북도,음성군,4,8
201705,충청북도,음성군,5,13
201705,충청북도,음성군,6,14
201705,충청북도,음성군,7,27
201705,충청북도,음성군,8,30
201705,충청북도,음성군,9,36
201705,충청북도,음성군,10,37
201705,충청북도,음성군,11,31
201705,충청북도,음성군,12,31
201705,충청북도,음성군,13,36
201705,충청북도,음성군,14,57
201705,충청북도,음성군,15,60
201705,충청북도,음성군,16,84
201705,충청북도,음성군,17,77
201705,충청북도,음성군,18,56
201705,충청북도,음성군,19,47
201705,충청북도,음성군,20,28
201705,충청북도,음성군,21,22
201705,충청북도,음성군,22,16
201705,충청북도,음성군,23,18
201705,충청북도,음성군,24,11
201705,충청북도,음성군,25,4
201705,충청북도,음성군,26,5
201705,충청북도,음성군,27,8
201705,충청북도,음성군,28,6
201705,충청북도,음성군,29,8
201705,충청북도,음성군,30,6
201705,충청북도,음성군,31,3
201705,충청북도,음성군,32,7
201705,충청북도,음성군,33,13
201705,충청북도,음성군,34,13
201705,충청북도,음성군,35,16
201705,충청북도,음성군,36,12
201705,충청북도,음성군,37,10
201705,충청북도,음성군,38,16
201705,충청북도,음성군,39,18
201705,충청북도,음성군,40,23
201705,충청북도,음성군,41,22
201705,충청북도,음성군,42,30
201705,충청북도,음성군,43,23
201705,충청북도,음성군,44,38
201705,충청북도,음성군,45,30
201705,충청북도,음성군,46,34
201705,충청북도,음성군,47,40
201705,충청북도,음성군,48,32
201705,충청북도,음성군,49,42
201705,충청북도,음성군,50,37
201705,충청북도,음성군,51,33
201705,충청북도,음성군,52,41
201705,충청북도,음성군,53,43
201705,충청북도,음성군,54,38
201705,충청북도,음성군,55,46
201705,충청북도,음성군,56,61
201705,충청북도,음성군,57,56
201705,충청북도,음성군,58,47
201705,충청북도,음성군,59,46
201705,충청북도,음성군,60,49
201705,충청북도,음성군,61,46
201705,충청북도,음성군,62,32
201705,충청북도,음성군,63,33
201705,충청북도,음성군,64,32
201705,충청북도,음성군,65,44
201705,충청북도,음성군,66,33
201705,충청북도,음성군,67,46
201705,충청북도,음성군,68,35
201705,충청북도,음성군,69,34
201705,충청북도,음성군,70,41
201705,충청북도,음성군,71,34
201705,충청북도,음성군,72,51
201705,충청북도,음성군,73,40
201705,충청북도,음성군,74,50
201705,충청북도,음성군,75,62
201705,충청북도,음성군,76,45
201705,충청북도,음성군,77,35
201705,충청북도,음성군,78,38
201705,충청북도,음성군,79,34
201705,충청북도,음성군,80,28
201705,충청북도,음성군,81,35
201705,충청북도,음성군,82,38
201705,충청북도,음성군,83,23
201705,충청북도,음성군,84,17
201705,충청북도,음성군,85,12
201705,충청북도,음성군,86,11
201705,충청북도,음성군,87,16
201705,충청북도,음성군,88,8
201705,충청북도,음성군,89,10
201705,충청북도,음성군,90,4
201705,충청북도,음성군,91,9
201705,충청북도,음성군,92,4
201705,충청북도,음성군,93,2
201705,충청북도,음성군,94,2
201705,충청북도,음성군,95,3
201705,충청북도,음성군,96,2
201705,충청북도,음성군,97,1
201705,충청북도,음성군,98,1
201705,충청북도,음성군,113,1
201705,충청북도,단양군,0,1
201705,충청북도,단양군,1,2
201705,충청북도,단양군,2,2
201705,충청북도,단양군,3,5
201705,충청북도,단양군,4,10
201705,충청북도,단양군,5,6
201705,충청북도,단양군,6,8
201705,충청북도,단양군,7,10
201705,충청북도,단양군,8,25
201705,충청북도,단양군,9,12
201705,충청북도,단양군,10,12
201705,충청북도,단양군,11,16
201705,충청북도,단양군,12,22
201705,충청북도,단양군,13,27
201705,충청북도,단양군,14,16
201705,충청북도,단양군,15,28
201705,충청북도,단양군,16,38
201705,충청북도,단양군,17,33
201705,충청북도,단양군,18,18
201705,충청북도,단양군,19,13
201705,충청북도,단양군,20,10
201705,충청북도,단양군,21,7
201705,충청북도,단양군,22,10
201705,충청북도,단양군,23,8
201705,충청북도,단양군,24,8
201705,충청북도,단양군,25,4
201705,충청북도,단양군,26,3
201705,충청북도,단양군,27,6
201705,충청북도,단양군,28,3
201705,충청북도,단양군,30,2
201705,충청북도,단양군,31,5
201705,충청북도,단양군,32,5
201705,충청북도,단양군,33,4
201705,충청북도,단양군,34,7
201705,충청북도,단양군,35,10
201705,충청북도,단양군,36,5
201705,충청북도,단양군,37,4
201705,충청북도,단양군,38,6
201705,충청북도,단양군,39,7
201705,충청북도,단양군,40,5
201705,충청북도,단양군,41,11
201705,충청북도,단양군,42,13
201705,충청북도,단양군,43,10
201705,충청북도,단양군,44,9
201705,충청북도,단양군,45,6
201705,충청북도,단양군,46,16
201705,충청북도,단양군,47,17
201705,충청북도,단양군,48,19
201705,충청북도,단양군,49,23
201705,충청북도,단양군,50,23
201705,충청북도,단양군,51,19
201705,충청북도,단양군,52,16
201705,충청북도,단양군,53,14
201705,충청북도,단양군,54,28
201705,충청북도,단양군,55,17
201705,충청북도,단양군,56,30
201705,충청북도,단양군,57,22
201705,충청북도,단양군,58,30
201705,충청북도,단양군,59,19
201705,충청북도,단양군,60,20
201705,충청북도,단양군,61,18
201705,충청북도,단양군,62,18
201705,충청북도,단양군,63,23
201705,충청북도,단양군,64,11
201705,충청북도,단양군,65,25
201705,충청북도,단양군,66,12
201705,충청북도,단양군,67,12
201705,충청북도,단양군,68,28
201705,충청북도,단양군,69,18
201705,충청북도,단양군,70,25
201705,충청북도,단양군,71,14
201705,충청북도,단양군,72,28
201705,충청북도,단양군,73,32
201705,충청북도,단양군,74,20
201705,충청북도,단양군,75,40
201705,충청북도,단양군,76,24
201705,충청북도,단양군,77,26
201705,충청북도,단양군,78,30
201705,충청북도,단양군,79,22
201705,충청북도,단양군,80,33
201705,충청북도,단양군,81,25
201705,충청북도,단양군,82,20
201705,충청북도,단양군,83,22
201705,충청북도,단양군,84,12
201705,충청북도,단양군,85,10
201705,충청북도,단양군,86,13
201705,충청북도,단양군,87,15
201705,충청북도,단양군,88,5
201705,충청북도,단양군,89,5
201705,충청북도,단양군,90,2
201705,충청북도,단양군,92,3
201705,충청북도,단양군,93,2
201705,충청북도,단양군,94,2
201705,충청북도,단양군,95,3
201705,충청북도,단양군,96,2
201705,충청북도,단양군,98,2
201705,충청북도,단양군,99,1
201705,충청북도,단양군,103,1
201705,충청남도,천안시,0,26
201705,충청남도,천안시,1,43
201705,충청남도,천안시,2,41
201705,충청남도,천안시,3,53
201705,충청남도,천안시,4,61
201705,충청남도,천안시,5,67
201705,충청남도,천안시,6,107
201705,충청남도,천안시,7,154
201705,충청남도,천안시,8,192
201705,충청남도,천안시,9,198
201705,충청남도,천안시,10,232
201705,충청남도,천안시,11,234
201705,충청남도,천안시,12,253
201705,충청남도,천안시,13,275
201705,충청남도,천안시,14,297
201705,충청남도,천안시,15,396
201705,충청남도,천안시,16,418
201705,충청남도,천안시,17,464
201705,충청남도,천안시,18,321
201705,충청남도,천안시,19,188
201705,충청남도,천안시,20,166
201705,충청남도,천안시,21,124
201705,충청남도,천안시,22,113
201705,충청남도,천안시,23,80
201705,충청남도,천안시,24,86
201705,충청남도,천안시,25,45
201705,충청남도,천안시,26,47
201705,충청남도,천안시,27,26
201705,충청남도,천안시,28,23
201705,충청남도,천안시,29,23
201705,충청남도,천안시,30,23
201705,충청남도,천안시,31,25
201705,충청남도,천안시,32,25
201705,충청남도,천안시,33,40
201705,충청남도,천안시,34,48
201705,충청남도,천안시,35,48
201705,충청남도,천안시,36,62
201705,충청남도,천안시,37,85
201705,충청남도,천안시,38,72
201705,충청남도,천안시,39,79
201705,충청남도,천안시,40,91
201705,충청남도,천안시,41,105
201705,충청남도,천안시,42,123
201705,충청남도,천안시,43,141
201705,충청남도,천안시,44,140
201705,충청남도,천안시,45,161
201705,충청남도,천안시,46,160
201705,충청남도,천안시,47,185
201705,충청남도,천안시,48,189
201705,충청남도,천안시,49,185
201705,충청남도,천안시,50,160
201705,충청남도,천안시,51,180
201705,충청남도,천안시,52,188
201705,충청남도,천안시,53,159
201705,충청남도,천안시,54,176
201705,충청남도,천안시,55,203
201705,충청남도,천안시,56,228
201705,충청남도,천안시,57,197
201705,충청남도,천안시,58,195
201705,충청남도,천안시,59,176
201705,충청남도,천안시,60,184
201705,충청남도,천안시,61,172
201705,충청남도,천안시,62,178
201705,충청남도,천안시,63,127
201705,충청남도,천안시,64,126
201705,충청남도,천안시,65,151
201705,충청남도,천안시,66,138
201705,충청남도,천안시,67,145
201705,충청남도,천안시,68,131
201705,충청남도,천안시,69,155
201705,충청남도,천안시,70,149
201705,충청남도,천안시,71,120
201705,충청남도,천안시,72,121
201705,충청남도,천안시,73,164
201705,충청남도,천안시,74,153
201705,충청남도,천안시,75,169
201705,충청남도,천안시,76,146
201705,충청남도,천안시,77,135
201705,충청남도,천안시,78,151
201705,충청남도,천안시,79,131
201705,충청남도,천안시,80,113
201705,충청남도,천안시,81,127
201705,충청남도,천안시,82,100
201705,충청남도,천안시,83,89
201705,충청남도,천안시,84,63
201705,충청남도,천안시,85,64
201705,충청남도,천안시,86,57
201705,충청남도,천안시,87,43
201705,충청남도,천안시,88,38
201705,충청남도,천안시,89,29
201705,충청남도,천안시,90,28
201705,충청남도,천안시,91,16
201705,충청남도,천안시,92,15
201705,충청남도,천안시,93,10
201705,충청남도,천안시,94,10
201705,충청남도,천안시,95,8
201705,충청남도,천안시,96,7
201705,충청남도,천안시,97,5
201705,충청남도,천안시,98,2
201705,충청남도,천안시,99,1
201705,충청남도,천안시,100,1
201705,충청남도,공주시,0,2
201705,충청남도,공주시,1,7
201705,충청남도,공주시,2,23
201705,충청남도,공주시,3,12
201705,충청남도,공주시,4,13
201705,충청남도,공주시,5,15
201705,충청남도,공주시,6,43
201705,충청남도,공주시,7,42
201705,충청남도,공주시,8,58
201705,충청남도,공주시,9,59
201705,충청남도,공주시,10,69
201705,충청남도,공주시,11,57
201705,충청남도,공주시,12,73
201705,충청남도,공주시,13,82
201705,충청남도,공주시,14,87
201705,충청남도,공주시,15,102
201705,충청남도,공주시,16,129
201705,충청남도,공주시,17,118
201705,충청남도,공주시,18,92
201705,충청남도,공주시,19,75
201705,충청남도,공주시,20,63
201705,충청남도,공주시,21,50
201705,충청남도,공주시,22,45
201705,충청남도,공주시,23,29
201705,충청남도,공주시,24,21
201705,충청남도,공주시,25,14
201705,충청남도,공주시,26,15
201705,충청남도,공주시,27,7
201705,충청남도,공주시,28,12
201705,충청남도,공주시,29,9
201705,충청남도,공주시,30,7
201705,충청남도,공주시,31,8
201705,충청남도,공주시,32,12
201705,충청남도,공주시,33,16
201705,충청남도,공주시,34,13
201705,충청남도,공주시,35,24
201705,충청남도,공주시,36,21
201705,충청남도,공주시,37,33
201705,충청남도,공주시,38,30
201705,충청남도,공주시,39,29
201705,충청남도,공주시,40,20
201705,충청남도,공주시,41,34
201705,충청남도,공주시,42,33
201705,충청남도,공주시,43,54
201705,충청남도,공주시,44,50
201705,충청남도,공주시,45,53
201705,충청남도,공주시,46,44
201705,충청남도,공주시,47,58
201705,충청남도,공주시,48,70
201705,충청남도,공주시,49,63
201705,충청남도,공주시,50,58
201705,충청남도,공주시,51,56
201705,충청남도,공주시,52,73
201705,충청남도,공주시,53,67
201705,충청남도,공주시,54,86
201705,충청남도,공주시,55,74
201705,충청남도,공주시,56,81
201705,충청남도,공주시,57,62
201705,충청남도,공주시,58,75
201705,충청남도,공주시,59,75
201705,충청남도,공주시,60,56
201705,충청남도,공주시,61,78
201705,충청남도,공주시,62,67
201705,충청남도,공주시,63,41
201705,충청남도,공주시,64,30
201705,충청남도,공주시,65,59
201705,충청남도,공주시,66,54
201705,충청남도,공주시,67,59
201705,충청남도,공주시,68,63
201705,충청남도,공주시,69,71
201705,충청남도,공주시,70,67
201705,충청남도,공주시,71,51
201705,충청남도,공주시,72,51
201705,충청남도,공주시,73,69
201705,충청남도,공주시,74,82
201705,충청남도,공주시,75,89
201705,충청남도,공주시,76,64
201705,충청남도,공주시,77,43
201705,충청남도,공주시,78,61
201705,충청남도,공주시,79,49
201705,충청남도,공주시,80,47
201705,충청남도,공주시,81,55
201705,충청남도,공주시,82,58
201705,충청남도,공주시,83,43
201705,충청남도,공주시,84,27
201705,충청남도,공주시,85,31
201705,충청남도,공주시,86,35
201705,충청남도,공주시,87,27
201705,충청남도,공주시,88,21
201705,충청남도,공주시,89,17
201705,충청남도,공주시,90,13
201705,충청남도,공주시,91,14
201705,충청남도,공주시,92,6
201705,충청남도,공주시,93,5
201705,충청남도,공주시,94,6
201705,충청남도,공주시,95,3
201705,충청남도,공주시,96,2
201705,충청남도,공주시,97,2
201705,충청남도,공주시,98,3
201705,충청남도,공주시,99,1
201705,충청남도,공주시,101,2
201705,충청남도,보령시,0,4
201705,충청남도,보령시,1,9
201705,충청남도,보령시,2,13
201705,충청남도,보령시,3,7
201705,충청남도,보령시,4,15
201705,충청남도,보령시,5,17
201705,충청남도,보령시,6,25
201705,충청남도,보령시,7,41
201705,충청남도,보령시,8,55
201705,충청남도,보령시,9,67
201705,충청남도,보령시,10,64
201705,충청남도,보령시,11,63
201705,충청남도,보령시,12,67
201705,충청남도,보령시,13,81
201705,충청남도,보령시,14,77
201705,충청남도,보령시,15,78
201705,충청남도,보령시,16,139
201705,충청남도,보령시,17,113
201705,충청남도,보령시,18,93
201705,충청남도,보령시,19,52
201705,충청남도,보령시,20,27
201705,충청남도,보령시,21,23
201705,충청남도,보령시,22,22
201705,충청남도,보령시,23,13
201705,충청남도,보령시,24,11
201705,충청남도,보령시,25,8
201705,충청남도,보령시,26,10
201705,충청남도,보령시,27,7
201705,충청남도,보령시,28,9
201705,충청남도,보령시,29,7
201705,충청남도,보령시,30,11
201705,충청남도,보령시,31,8
201705,충청남도,보령시,32,13
201705,충청남도,보령시,33,7
201705,충청남도,보령시,34,18
201705,충청남도,보령시,35,18
201705,충청남도,보령시,36,19
201705,충청남도,보령시,37,28
201705,충청남도,보령시,38,31
201705,충청남도,보령시,39,16
201705,충청남도,보령시,40,28
201705,충청남도,보령시,41,37
201705,충청남도,보령시,42,43
201705,충청남도,보령시,43,53
201705,충청남도,보령시,44,62
201705,충청남도,보령시,45,65
201705,충청남도,보령시,46,54
201705,충청남도,보령시,47,70
201705,충청남도,보령시,48,64
201705,충청남도,보령시,49,73
201705,충청남도,보령시,50,64
201705,충청남도,보령시,51,54
201705,충청남도,보령시,52,72
201705,충청남도,보령시,53,66
201705,충청남도,보령시,54,69
201705,충청남도,보령시,55,67
201705,충청남도,보령시,56,70
201705,충청남도,보령시,57,105
201705,충청남도,보령시,58,83
201705,충청남도,보령시,59,59
201705,충청남도,보령시,60,75
201705,충청남도,보령시,61,75
201705,충청남도,보령시,62,86
201705,충청남도,보령시,63,59
201705,충청남도,보령시,64,57
201705,충청남도,보령시,65,67
201705,충청남도,보령시,66,61
201705,충청남도,보령시,67,68
201705,충청남도,보령시,68,64
201705,충청남도,보령시,69,73
201705,충청남도,보령시,70,64
201705,충청남도,보령시,71,51
201705,충청남도,보령시,72,60
201705,충청남도,보령시,73,73
201705,충청남도,보령시,74,83
201705,충청남도,보령시,75,88
201705,충청남도,보령시,76,59
201705,충청남도,보령시,77,78
201705,충청남도,보령시,78,70
201705,충청남도,보령시,79,58
201705,충청남도,보령시,80,57
201705,충청남도,보령시,81,51
201705,충청남도,보령시,82,52
201705,충청남도,보령시,83,46
201705,충청남도,보령시,84,50
201705,충청남도,보령시,85,34
201705,충청남도,보령시,86,27
201705,충청남도,보령시,87,30
201705,충청남도,보령시,88,19
201705,충청남도,보령시,89,24
201705,충청남도,보령시,90,16
201705,충청남도,보령시,91,8
201705,충청남도,보령시,92,7
201705,충청남도,보령시,93,5
201705,충청남도,보령시,94,11
201705,충청남도,보령시,95,3
201705,충청남도,보령시,96,2
201705,충청남도,보령시,99,1
201705,충청남도,보령시,100,1
201705,충청남도,아산시,0,15
201705,충청남도,아산시,1,29
201705,충청남도,아산시,2,18
201705,충청남도,아산시,3,33
201705,충청남도,아산시,4,33
201705,충청남도,아산시,5,42
201705,충청남도,아산시,6,65
201705,충청남도,아산시,7,96
201705,충청남도,아산시,8,133
201705,충청남도,아산시,9,143
201705,충청남도,아산시,10,150
201705,충청남도,아산시,11,128
201705,충청남도,아산시,12,159
201705,충청남도,아산시,13,191
201705,충청남도,아산시,14,164
201705,충청남도,아산시,15,180
201705,충청남도,아산시,16,226
201705,충청남도,아산시,17,237
201705,충청남도,아산시,18,167
201705,충청남도,아산시,19,108
201705,충청남도,아산시,20,100
201705,충청남도,아산시,21,71
201705,충청남도,아산시,22,46
201705,충청남도,아산시,23,38
201705,충청남도,아산시,24,27
201705,충청남도,아산시,25,31
201705,충청남도,아산시,26,28
201705,충청남도,아산시,27,10
201705,충청남도,아산시,28,12
201705,충청남도,아산시,29,14
201705,충청남도,아산시,30,17
201705,충청남도,아산시,31,17
201705,충청남도,아산시,32,25
201705,충청남도,아산시,33,29
201705,충청남도,아산시,34,35
201705,충청남도,아산시,35,30
201705,충청남도,아산시,36,40
201705,충청남도,아산시,37,50
201705,충청남도,아산시,38,40
201705,충청남도,아산시,39,46
201705,충청남도,아산시,40,58
201705,충청남도,아산시,41,55
201705,충청남도,아산시,42,42
201705,충청남도,아산시,43,85
201705,충청남도,아산시,44,83
201705,충청남도,아산시,45,71
201705,충청남도,아산시,46,103
201705,충청남도,아산시,47,88
201705,충청남도,아산시,48,116
201705,충청남도,아산시,49,101
201705,충청남도,아산시,50,104
201705,충청남도,아산시,51,94
201705,충청남도,아산시,52,106
201705,충청남도,아산시,53,75
201705,충청남도,아산시,54,106
201705,충청남도,아산시,55,93
201705,충청남도,아산시,56,130
201705,충청남도,아산시,57,117
201705,충청남도,아산시,58,110
201705,충청남도,아산시,59,103
201705,충청남도,아산시,60,104
201705,충청남도,아산시,61,114
201705,충청남도,아산시,62,95
201705,충청남도,아산시,63,96
201705,충청남도,아산시,64,75
201705,충청남도,아산시,65,93
201705,충청남도,아산시,66,83
201705,충청남도,아산시,67,95
201705,충청남도,아산시,68,82
201705,충청남도,아산시,69,114
201705,충청남도,아산시,70,104
201705,충청남도,아산시,71,89
201705,충청남도,아산시,72,102
201705,충청남도,아산시,73,113
201705,충청남도,아산시,74,127
201705,충청남도,아산시,75,135
201705,충청남도,아산시,76,88
201705,충청남도,아산시,77,89
201705,충청남도,아산시,78,113
201705,충청남도,아산시,79,99
201705,충청남도,아산시,80,100
201705,충청남도,아산시,81,87
201705,충청남도,아산시,82,63
201705,충청남도,아산시,83,59
201705,충청남도,아산시,84,66
201705,충청남도,아산시,85,52
201705,충청남도,아산시,86,24
201705,충청남도,아산시,87,39
201705,충청남도,아산시,88,31
201705,충청남도,아산시,89,21
201705,충청남도,아산시,90,20
201705,충청남도,아산시,91,11
201705,충청남도,아산시,92,10
201705,충청남도,아산시,93,9
201705,충청남도,아산시,94,10
201705,충청남도,아산시,95,6
201705,충청남도,아산시,96,6
201705,충청남도,아산시,97,3
201705,충청남도,아산시,98,2
201705,충청남도,아산시,99,1
201705,충청남도,아산시,100,1
201705,충청남도,아산시,101,1
201705,충청남도,아산시,102,1
201705,충청남도,아산시,103,1
201705,충청남도,서산시,0,3
201705,충청남도,서산시,1,7
201705,충청남도,서산시,2,14
201705,충청남도,서산시,3,14
201705,충청남도,서산시,4,7
201705,충청남도,서산시,5,16
201705,충청남도,서산시,6,27
201705,충청남도,서산시,7,29
201705,충청남도,서산시,8,42
201705,충청남도,서산시,9,36
201705,충청남도,서산시,10,50
201705,충청남도,서산시,11,46
201705,충청남도,서산시,12,50
201705,충청남도,서산시,13,60
201705,충청남도,서산시,14,75
201705,충청남도,서산시,15,88
201705,충청남도,서산시,16,82
201705,충청남도,서산시,17,114
201705,충청남도,서산시,18,64
201705,충청남도,서산시,19,44
201705,충청남도,서산시,20,28
201705,충청남도,서산시,21,21
201705,충청남도,서산시,22,17
201705,충청남도,서산시,23,13
201705,충청남도,서산시,24,9
201705,충청남도,서산시,25,8
201705,충청남도,서산시,26,5
201705,충청남도,서산시,27,5
201705,충청남도,서산시,28,4
201705,충청남도,서산시,29,8
201705,충청남도,서산시,30,5
201705,충청남도,서산시,31,6
201705,충청남도,서산시,32,6
201705,충청남도,서산시,33,6
201705,충청남도,서산시,34,13
201705,충청남도,서산시,35,13
201705,충청남도,서산시,36,19
201705,충청남도,서산시,37,15
201705,충청남도,서산시,38,16
201705,충청남도,서산시,39,30
201705,충청남도,서산시,40,25
201705,충청남도,서산시,41,25
201705,충청남도,서산시,42,35
201705,충청남도,서산시,43,35
201705,충청남도,서산시,44,37
201705,충청남도,서산시,45,35
201705,충청남도,서산시,46,49
201705,충청남도,서산시,47,38
201705,충청남도,서산시,48,52
201705,충청남도,서산시,49,32
201705,충청남도,서산시,50,44
201705,충청남도,서산시,51,35
201705,충청남도,서산시,52,50
201705,충청남도,서산시,53,34
201705,충청남도,서산시,54,48
201705,충청남도,서산시,55,48
201705,충청남도,서산시,56,62
201705,충청남도,서산시,57,50
201705,충청남도,서산시,58,43
201705,충청남도,서산시,59,53
201705,충청남도,서산시,60,46
201705,충청남도,서산시,61,40
201705,충청남도,서산시,62,39
201705,충청남도,서산시,63,30
201705,충청남도,서산시,64,34
201705,충청남도,서산시,65,25
201705,충청남도,서산시,66,42
201705,충청남도,서산시,67,45
201705,충청남도,서산시,68,61
201705,충청남도,서산시,69,59
201705,충청남도,서산시,70,52
201705,충청남도,서산시,71,43
201705,충청남도,서산시,72,29
201705,충청남도,서산시,73,60
201705,충청남도,서산시,74,58
201705,충청남도,서산시,75,51
201705,충청남도,서산시,76,42
201705,충청남도,서산시,77,40
201705,충청남도,서산시,78,42
201705,충청남도,서산시,79,50
201705,충청남도,서산시,80,43
201705,충청남도,서산시,81,43
201705,충청남도,서산시,82,34
201705,충청남도,서산시,83,26
201705,충청남도,서산시,84,35
201705,충청남도,서산시,85,30
201705,충청남도,서산시,86,22
201705,충청남도,서산시,87,16
201705,충청남도,서산시,88,14
201705,충청남도,서산시,89,14
201705,충청남도,서산시,90,10
201705,충청남도,서산시,91,8
201705,충청남도,서산시,92,4
201705,충청남도,서산시,93,4
201705,충청남도,서산시,94,2
201705,충청남도,서산시,95,3
201705,충청남도,서산시,96,1
201705,충청남도,서산시,97,1
201705,충청남도,서산시,98,1
201705,충청남도,서산시,101,1
201705,충청남도,논산시,0,4
201705,충청남도,논산시,1,15
201705,충청남도,논산시,2,13
201705,충청남도,논산시,3,23
201705,충청남도,논산시,4,25
201705,충청남도,논산시,5,26
201705,충청남도,논산시,6,40
201705,충청남도,논산시,7,54
201705,충청남도,논산시,8,77
201705,충청남도,논산시,9,90
201705,충청남도,논산시,10,94
201705,충청남도,논산시,11,109
201705,충청남도,논산시,12,115
201705,충청남도,논산시,13,98
201705,충청남도,논산시,14,131
201705,충청남도,논산시,15,116
201705,충청남도,논산시,16,169
201705,충청남도,논산시,17,168
201705,충청남도,논산시,18,139
201705,충청남도,논산시,19,95
201705,충청남도,논산시,20,71
201705,충청남도,논산시,21,51
201705,충청남도,논산시,22,46
201705,충청남도,논산시,23,35
201705,충청남도,논산시,24,25
201705,충청남도,논산시,25,17
201705,충청남도,논산시,26,25
201705,충청남도,논산시,27,11
201705,충청남도,논산시,28,13
201705,충청남도,논산시,29,17
201705,충청남도,논산시,30,16
201705,충청남도,논산시,31,19
201705,충청남도,논산시,32,17
201705,충청남도,논산시,33,12
201705,충청남도,논산시,34,29
201705,충청남도,논산시,35,30
201705,충청남도,논산시,36,35
201705,충청남도,논산시,37,28
201705,충청남도,논산시,38,30
201705,충청남도,논산시,39,33
201705,충청남도,논산시,40,45
201705,충청남도,논산시,41,47
201705,충청남도,논산시,42,46
201705,충청남도,논산시,43,77
201705,충청남도,논산시,44,67
201705,충청남도,논산시,45,81
201705,충청남도,논산시,46,70
201705,충청남도,논산시,47,60
201705,충청남도,논산시,48,92
201705,충청남도,논산시,49,96
201705,충청남도,논산시,50,91
201705,충청남도,논산시,51,115
201705,충청남도,논산시,52,102
201705,충청남도,논산시,53,97
201705,충청남도,논산시,54,103
201705,충청남도,논산시,55,104
201705,충청남도,논산시,56,110
201705,충청남도,논산시,57,111
201705,충청남도,논산시,58,132
201705,충청남도,논산시,59,102
201705,충청남도,논산시,60,107
201705,충청남도,논산시,61,101
201705,충청남도,논산시,62,104
201705,충청남도,논산시,63,82
201705,충청남도,논산시,64,61
201705,충청남도,논산시,65,94
201705,충청남도,논산시,66,88
201705,충청남도,논산시,67,100
201705,충청남도,논산시,68,76
201705,충청남도,논산시,69,105
201705,충청남도,논산시,70,76
201705,충청남도,논산시,71,57
201705,충청남도,논산시,72,85
201705,충청남도,논산시,73,78
201705,충청남도,논산시,74,111
201705,충청남도,논산시,75,113
201705,충청남도,논산시,76,71
201705,충청남도,논산시,77,99
201705,충청남도,논산시,78,89
201705,충청남도,논산시,79,75
201705,충청남도,논산시,80,65
201705,충청남도,논산시,81,83
201705,충청남도,논산시,82,61
201705,충청남도,논산시,83,61
201705,충청남도,논산시,84,43
201705,충청남도,논산시,85,38
201705,충청남도,논산시,86,25
201705,충청남도,논산시,87,27
201705,충청남도,논산시,88,37
201705,충청남도,논산시,89,26
201705,충청남도,논산시,90,30
201705,충청남도,논산시,91,17
201705,충청남도,논산시,92,6
201705,충청남도,논산시,93,10
201705,충청남도,논산시,94,6
201705,충청남도,논산시,95,8
201705,충청남도,논산시,96,5
201705,충청남도,논산시,97,5
201705,충청남도,논산시,99,1
201705,충청남도,논산시,101,1
201705,충청남도,계룡시,0,2
201705,충청남도,계룡시,1,1
201705,충청남도,계룡시,2,2
201705,충청남도,계룡시,3,3
201705,충청남도,계룡시,5,5
201705,충청남도,계룡시,6,5
201705,충청남도,계룡시,7,9
201705,충청남도,계룡시,8,9
201705,충청남도,계룡시,9,10
201705,충청남도,계룡시,10,15
201705,충청남도,계룡시,11,18
201705,충청남도,계룡시,12,13
201705,충청남도,계룡시,13,9
201705,충청남도,계룡시,14,15
201705,충청남도,계룡시,15,28
201705,충청남도,계룡시,16,26
201705,충청남도,계룡시,17,28
201705,충청남도,계룡시,18,18
201705,충청남도,계룡시,19,8
201705,충청남도,계룡시,20,8
201705,충청남도,계룡시,21,5
201705,충청남도,계룡시,22,2
201705,충청남도,계룡시,23,6
201705,충청남도,계룡시,24,2
201705,충청남도,계룡시,25,2
201705,충청남도,계룡시,27,1
201705,충청남도,계룡시,28,1
201705,충청남도,계룡시,29,1
201705,충청남도,계룡시,30,1
201705,충청남도,계룡시,31,3
201705,충청남도,계룡시,32,1
201705,충청남도,계룡시,33,2
201705,충청남도,계룡시,34,2
201705,충청남도,계룡시,35,3
201705,충청남도,계룡시,37,6
201705,충청남도,계룡시,38,3
201705,충청남도,계룡시,40,6
201705,충청남도,계룡시,41,2
201705,충청남도,계룡시,42,3
201705,충청남도,계룡시,43,4
201705,충청남도,계룡시,44,5
201705,충청남도,계룡시,45,9
201705,충청남도,계룡시,46,5
201705,충청남도,계룡시,47,7
201705,충청남도,계룡시,48,7
201705,충청남도,계룡시,49,4
201705,충청남도,계룡시,50,8
201705,충청남도,계룡시,51,5
201705,충청남도,계룡시,52,6
201705,충청남도,계룡시,53,3
201705,충청남도,계룡시,54,7
201705,충청남도,계룡시,55,9
201705,충청남도,계룡시,56,10
201705,충청남도,계룡시,57,5
201705,충청남도,계룡시,58,8
201705,충청남도,계룡시,59,3
201705,충청남도,계룡시,60,9
201705,충청남도,계룡시,61,2
201705,충청남도,계룡시,62,2
201705,충청남도,계룡시,63,2
201705,충청남도,계룡시,64,4
201705,충청남도,계룡시,65,3
201705,충청남도,계룡시,66,3
201705,충청남도,계룡시,67,4
201705,충청남도,계룡시,68,6
201705,충청남도,계룡시,69,3
201705,충청남도,계룡시,70,4
201705,충청남도,계룡시,71,3
201705,충청남도,계룡시,72,6
201705,충청남도,계룡시,73,5
201705,충청남도,계룡시,74,3
201705,충청남도,계룡시,75,7
201705,충청남도,계룡시,76,4
201705,충청남도,계룡시,77,4
201705,충청남도,계룡시,78,7
201705,충청남도,계룡시,79,6
201705,충청남도,계룡시,80,10
201705,충청남도,계룡시,81,10
201705,충청남도,계룡시,82,2
201705,충청남도,계룡시,83,6
201705,충청남도,계룡시,84,3
201705,충청남도,계룡시,85,4
201705,충청남도,계룡시,86,3
201705,충청남도,계룡시,87,1
201705,충청남도,계룡시,90,2
201705,충청남도,계룡시,92,2
201705,충청남도,당진시,0,2
201705,충청남도,당진시,1,5
201705,충청남도,당진시,2,10
201705,충청남도,당진시,3,7
201705,충청남도,당진시,4,11
201705,충청남도,당진시,5,14
201705,충청남도,당진시,6,22
201705,충청남도,당진시,7,21
201705,충청남도,당진시,8,41
201705,충청남도,당진시,9,50
201705,충청남도,당진시,10,45
201705,충청남도,당진시,11,47
201705,충청남도,당진시,12,44
201705,충청남도,당진시,13,57
201705,충청남도,당진시,14,54
201705,충청남도,당진시,15,53
201705,충청남도,당진시,16,98
201705,충청남도,당진시,17,79
201705,충청남도,당진시,18,57
201705,충청남도,당진시,19,33
201705,충청남도,당진시,20,19
201705,충청남도,당진시,21,15
201705,충청남도,당진시,22,16
201705,충청남도,당진시,23,8
201705,충청남도,당진시,24,6
201705,충청남도,당진시,25,4
201705,충청남도,당진시,26,7
201705,충청남도,당진시,27,5
201705,충청남도,당진시,28,4
201705,충청남도,당진시,29,6
201705,충청남도,당진시,30,5
201705,충청남도,당진시,32,5
201705,충청남도,당진시,33,6
201705,충청남도,당진시,34,8
201705,충청남도,당진시,35,14
201705,충청남도,당진시,36,16
201705,충청남도,당진시,37,10
201705,충청남도,당진시,38,16
201705,충청남도,당진시,39,24
201705,충청남도,당진시,40,15
201705,충청남도,당진시,41,22
201705,충청남도,당진시,42,16
201705,충청남도,당진시,43,30
201705,충청남도,당진시,44,30
201705,충청남도,당진시,45,30
201705,충청남도,당진시,46,26
201705,충청남도,당진시,47,25
201705,충청남도,당진시,48,47
201705,충청남도,당진시,49,35
201705,충청남도,당진시,50,42
201705,충청남도,당진시,51,42
201705,충청남도,당진시,52,39
201705,충청남도,당진시,53,42
201705,충청남도,당진시,54,38
201705,충청남도,당진시,55,32
201705,충청남도,당진시,56,50
201705,충청남도,당진시,57,47
201705,충청남도,당진시,58,34
201705,충청남도,당진시,59,41
201705,충청남도,당진시,60,36
201705,충청남도,당진시,61,58
201705,충청남도,당진시,62,45
201705,충청남도,당진시,63,31
201705,충청남도,당진시,64,24
201705,충청남도,당진시,65,36
201705,충청남도,당진시,66,22
201705,충청남도,당진시,67,30
201705,충청남도,당진시,68,43
201705,충청남도,당진시,69,38
201705,충청남도,당진시,70,36
201705,충청남도,당진시,71,31
201705,충청남도,당진시,72,30
201705,충청남도,당진시,73,30
201705,충청남도,당진시,74,32
201705,충청남도,당진시,75,53
201705,충청남도,당진시,76,34
201705,충청남도,당진시,77,34
201705,충청남도,당진시,78,35
201705,충청남도,당진시,79,41
201705,충청남도,당진시,80,31
201705,충청남도,당진시,81,38
201705,충청남도,당진시,82,36
201705,충청남도,당진시,83,30
201705,충청남도,당진시,84,29
201705,충청남도,당진시,85,23
201705,충청남도,당진시,86,16
201705,충청남도,당진시,87,17
201705,충청남도,당진시,88,12
201705,충청남도,당진시,89,7
201705,충청남도,당진시,90,3
201705,충청남도,당진시,91,4
201705,충청남도,당진시,92,6
201705,충청남도,당진시,93,3
201705,충청남도,당진시,94,3
201705,충청남도,당진시,95,3
201705,충청남도,당진시,96,1
201705,충청남도,당진시,97,3
201705,충청남도,당진시,99,1
201705,충청남도,금산군,0,3
201705,충청남도,금산군,1,2
201705,충청남도,금산군,2,3
201705,충청남도,금산군,3,2
201705,충청남도,금산군,4,3
201705,충청남도,금산군,5,4
201705,충청남도,금산군,6,15
201705,충청남도,금산군,7,12
201705,충청남도,금산군,8,28
201705,충청남도,금산군,9,37
201705,충청남도,금산군,10,32
201705,충청남도,금산군,11,29
201705,충청남도,금산군,12,37
201705,충청남도,금산군,13,33
201705,충청남도,금산군,14,33
201705,충청남도,금산군,15,42
201705,충청남도,금산군,16,52
201705,충청남도,금산군,17,59
201705,충청남도,금산군,18,55
201705,충청남도,금산군,19,22
201705,충청남도,금산군,20,7
201705,충청남도,금산군,21,7
201705,충청남도,금산군,22,9
201705,충청남도,금산군,23,10
201705,충청남도,금산군,24,5
201705,충청남도,금산군,25,3
201705,충청남도,금산군,26,3
201705,충청남도,금산군,27,1
201705,충청남도,금산군,28,3
201705,충청남도,금산군,29,3
201705,충청남도,금산군,30,3
201705,충청남도,금산군,31,3
201705,충청남도,금산군,32,6
201705,충청남도,금산군,33,5
201705,충청남도,금산군,34,4
201705,충청남도,금산군,35,4
201705,충청남도,금산군,36,8
201705,충청남도,금산군,37,12
201705,충청남도,금산군,38,7
201705,충청남도,금산군,39,10
201705,충청남도,금산군,40,8
201705,충청남도,금산군,41,16
201705,충청남도,금산군,42,19
201705,충청남도,금산군,43,23
201705,충청남도,금산군,44,19
201705,충청남도,금산군,45,20
201705,충청남도,금산군,46,25
201705,충청남도,금산군,47,27
201705,충청남도,금산군,48,39
201705,충청남도,금산군,49,24
201705,충청남도,금산군,50,30
201705,충청남도,금산군,51,29
201705,충청남도,금산군,52,45
201705,충청남도,금산군,53,31
201705,충청남도,금산군,54,34
201705,충청남도,금산군,55,33
201705,충청남도,금산군,56,31
201705,충청남도,금산군,57,31
201705,충청남도,금산군,58,32
201705,충청남도,금산군,59,32
201705,충청남도,금산군,60,26
201705,충청남도,금산군,61,24
201705,충청남도,금산군,62,30
201705,충청남도,금산군,63,29
201705,충청남도,금산군,64,27
201705,충청남도,금산군,65,25
201705,충청남도,금산군,66,26
201705,충청남도,금산군,67,27
201705,충청남도,금산군,68,18
201705,충청남도,금산군,69,25
201705,충청남도,금산군,70,35
201705,충청남도,금산군,71,20
201705,충청남도,금산군,72,28
201705,충청남도,금산군,73,31
201705,충청남도,금산군,74,39
201705,충청남도,금산군,75,42
201705,충청남도,금산군,76,28
201705,충청남도,금산군,77,38
201705,충청남도,금산군,78,34
201705,충청남도,금산군,79,36
201705,충청남도,금산군,80,43
201705,충청남도,금산군,81,38
201705,충청남도,금산군,82,30
201705,충청남도,금산군,83,34
201705,충청남도,금산군,84,25
201705,충청남도,금산군,85,27
201705,충청남도,금산군,86,18
201705,충청남도,금산군,87,21
201705,충청남도,금산군,88,9
201705,충청남도,금산군,89,12
201705,충청남도,금산군,90,11
201705,충청남도,금산군,91,1
201705,충청남도,금산군,92,6
201705,충청남도,금산군,93,1
201705,충청남도,금산군,94,2
201705,충청남도,금산군,95,1
201705,충청남도,금산군,96,1
201705,충청남도,금산군,97,1
201705,충청남도,금산군,102,1
201705,충청남도,부여군,0,6
201705,충청남도,부여군,1,7
201705,충청남도,부여군,2,12
201705,충청남도,부여군,3,8
201705,충청남도,부여군,4,8
201705,충청남도,부여군,5,9
201705,충청남도,부여군,6,29
201705,충청남도,부여군,7,35
201705,충청남도,부여군,8,34
201705,충청남도,부여군,9,46
201705,충청남도,부여군,10,51
201705,충청남도,부여군,11,45
201705,충청남도,부여군,12,39
201705,충청남도,부여군,13,55
201705,충청남도,부여군,14,49
201705,충청남도,부여군,15,67
201705,충청남도,부여군,16,72
201705,충청남도,부여군,17,81
201705,충청남도,부여군,18,61
201705,충청남도,부여군,19,34
201705,충청남도,부여군,20,37
201705,충청남도,부여군,21,22
201705,충청남도,부여군,22,22
201705,충청남도,부여군,23,19
201705,충청남도,부여군,24,12
201705,충청남도,부여군,25,10
201705,충청남도,부여군,26,8
201705,충청남도,부여군,27,6
201705,충청남도,부여군,28,7
201705,충청남도,부여군,29,3
201705,충청남도,부여군,30,12
201705,충청남도,부여군,31,10
201705,충청남도,부여군,32,11
201705,충청남도,부여군,33,5
201705,충청남도,부여군,34,12
201705,충청남도,부여군,35,9
201705,충청남도,부여군,36,14
201705,충청남도,부여군,37,23
201705,충청남도,부여군,38,18
201705,충청남도,부여군,39,30
201705,충청남도,부여군,40,20
201705,충청남도,부여군,41,30
201705,충청남도,부여군,42,30
201705,충청남도,부여군,43,30
201705,충청남도,부여군,44,36
201705,충청남도,부여군,45,38
201705,충청남도,부여군,46,40
201705,충청남도,부여군,47,49
201705,충청남도,부여군,48,61
201705,충청남도,부여군,49,45
201705,충청남도,부여군,50,37
201705,충청남도,부여군,51,48
201705,충청남도,부여군,52,53
201705,충청남도,부여군,53,29
201705,충청남도,부여군,54,52
201705,충청남도,부여군,55,56
201705,충청남도,부여군,56,75
201705,충청남도,부여군,57,63
201705,충청남도,부여군,58,58
201705,충청남도,부여군,59,47
201705,충청남도,부여군,60,47
201705,충청남도,부여군,61,52
201705,충청남도,부여군,62,42
201705,충청남도,부여군,63,41
201705,충청남도,부여군,64,41
201705,충청남도,부여군,65,47
201705,충청남도,부여군,66,43
201705,충청남도,부여군,67,53
201705,충청남도,부여군,68,41
201705,충청남도,부여군,69,49
201705,충청남도,부여군,70,47
201705,충청남도,부여군,71,24
201705,충청남도,부여군,72,57
201705,충청남도,부여군,73,56
201705,충청남도,부여군,74,70
201705,충청남도,부여군,75,69
201705,충청남도,부여군,76,41
201705,충청남도,부여군,77,44
201705,충청남도,부여군,78,52
201705,충청남도,부여군,79,47
201705,충청남도,부여군,80,48
201705,충청남도,부여군,81,42
201705,충청남도,부여군,82,50
201705,충청남도,부여군,83,42
201705,충청남도,부여군,84,35
201705,충청남도,부여군,85,33
201705,충청남도,부여군,86,20
201705,충청남도,부여군,87,20
201705,충청남도,부여군,88,17
201705,충청남도,부여군,89,13
201705,충청남도,부여군,90,12
201705,충청남도,부여군,91,9
201705,충청남도,부여군,92,10
201705,충청남도,부여군,93,3
201705,충청남도,부여군,94,7
201705,충청남도,부여군,95,2
201705,충청남도,부여군,96,1
201705,충청남도,부여군,97,3
201705,충청남도,부여군,98,2
201705,충청남도,부여군,99,1
201705,충청남도,서천군,0,3
201705,충청남도,서천군,1,5
201705,충청남도,서천군,2,2
201705,충청남도,서천군,3,4
201705,충청남도,서천군,4,3
201705,충청남도,서천군,5,1
201705,충청남도,서천군,6,9
201705,충청남도,서천군,7,12
201705,충청남도,서천군,8,15
201705,충청남도,서천군,9,18
201705,충청남도,서천군,10,22
201705,충청남도,서천군,11,31
201705,충청남도,서천군,12,27
201705,충청남도,서천군,13,33
201705,충청남도,서천군,14,37
201705,충청남도,서천군,15,49
201705,충청남도,서천군,16,48
201705,충청남도,서천군,17,43
201705,충청남도,서천군,18,38
201705,충청남도,서천군,19,20
201705,충청남도,서천군,20,13
201705,충청남도,서천군,21,16
201705,충청남도,서천군,22,15
201705,충청남도,서천군,23,10
201705,충청남도,서천군,24,6
201705,충청남도,서천군,25,6
201705,충청남도,서천군,26,3
201705,충청남도,서천군,27,4
201705,충청남도,서천군,28,3
201705,충청남도,서천군,29,4
201705,충청남도,서천군,30,4
201705,충청남도,서천군,31,10
201705,충청남도,서천군,32,9
201705,충청남도,서천군,33,7
201705,충청남도,서천군,34,5
201705,충청남도,서천군,35,7
201705,충청남도,서천군,36,12
201705,충청남도,서천군,37,8
201705,충청남도,서천군,38,9
201705,충청남도,서천군,39,11
201705,충청남도,서천군,40,9
201705,충청남도,서천군,41,12
201705,충청남도,서천군,42,16
201705,충청남도,서천군,43,16
201705,충청남도,서천군,44,19
201705,충청남도,서천군,45,24
201705,충청남도,서천군,46,26
201705,충청남도,서천군,47,21
201705,충청남도,서천군,48,27
201705,충청남도,서천군,49,28
201705,충청남도,서천군,50,24
201705,충청남도,서천군,51,31
201705,충청남도,서천군,52,34
201705,충청남도,서천군,53,28
201705,충청남도,서천군,54,43
201705,충청남도,서천군,55,46
201705,충청남도,서천군,56,50
201705,충청남도,서천군,57,49
201705,충청남도,서천군,58,31
201705,충청남도,서천군,59,38
201705,충청남도,서천군,60,31
201705,충청남도,서천군,61,33
201705,충청남도,서천군,62,48
201705,충청남도,서천군,63,40
201705,충청남도,서천군,64,28
201705,충청남도,서천군,65,30
201705,충청남도,서천군,66,28
201705,충청남도,서천군,67,45
201705,충청남도,서천군,68,41
201705,충청남도,서천군,69,46
201705,충청남도,서천군,70,50
201705,충청남도,서천군,71,36
201705,충청남도,서천군,72,51
201705,충청남도,서천군,73,59
201705,충청남도,서천군,74,65
201705,충청남도,서천군,75,52
201705,충청남도,서천군,76,41
201705,충청남도,서천군,77,50
201705,충청남도,서천군,78,52
201705,충청남도,서천군,79,32
201705,충청남도,서천군,80,41
201705,충청남도,서천군,81,48
201705,충청남도,서천군,82,46
201705,충청남도,서천군,83,32
201705,충청남도,서천군,84,32
201705,충청남도,서천군,85,32
201705,충청남도,서천군,86,26
201705,충청남도,서천군,87,14
201705,충청남도,서천군,88,14
201705,충청남도,서천군,89,10
201705,충청남도,서천군,90,18
201705,충청남도,서천군,91,9
201705,충청남도,서천군,92,3
201705,충청남도,서천군,93,10
201705,충청남도,서천군,94,6
201705,충청남도,서천군,95,5
201705,충청남도,서천군,96,4
201705,충청남도,서천군,98,1
201705,충청남도,서천군,99,1
201705,충청남도,서천군,101,1
201705,충청남도,청양군,0,1
201705,충청남도,청양군,1,1
201705,충청남도,청양군,2,3
201705,충청남도,청양군,3,2
201705,충청남도,청양군,4,6
201705,충청남도,청양군,5,1
201705,충청남도,청양군,6,12
201705,충청남도,청양군,7,6
201705,충청남도,청양군,8,15
201705,충청남도,청양군,9,10
201705,충청남도,청양군,10,13
201705,충청남도,청양군,11,16
201705,충청남도,청양군,12,17
201705,충청남도,청양군,13,11
201705,충청남도,청양군,14,14
201705,충청남도,청양군,15,16
201705,충청남도,청양군,16,25
201705,충청남도,청양군,17,21
201705,충청남도,청양군,18,15
201705,충청남도,청양군,19,11
201705,충청남도,청양군,20,8
201705,충청남도,청양군,21,7
201705,충청남도,청양군,22,6
201705,충청남도,청양군,23,5
201705,충청남도,청양군,24,10
201705,충청남도,청양군,25,5
201705,충청남도,청양군,26,1
201705,충청남도,청양군,27,4
201705,충청남도,청양군,28,1
201705,충청남도,청양군,29,2
201705,충청남도,청양군,30,3
201705,충청남도,청양군,31,4
201705,충청남도,청양군,32,3
201705,충청남도,청양군,33,2
201705,충청남도,청양군,34,6
201705,충청남도,청양군,35,2
201705,충청남도,청양군,36,1
201705,충청남도,청양군,37,6
201705,충청남도,청양군,38,2
201705,충청남도,청양군,39,5
201705,충청남도,청양군,40,6
201705,충청남도,청양군,41,9
201705,충청남도,청양군,42,7
201705,충청남도,청양군,43,19
201705,충청남도,청양군,44,6
201705,충청남도,청양군,45,9
201705,충청남도,청양군,46,11
201705,충청남도,청양군,47,8
201705,충청남도,청양군,48,14
201705,충청남도,청양군,49,16
201705,충청남도,청양군,50,16
201705,충청남도,청양군,51,13
201705,충청남도,청양군,52,17
201705,충청남도,청양군,53,11
201705,충청남도,청양군,54,21
201705,충청남도,청양군,55,18
201705,충청남도,청양군,56,17
201705,충청남도,청양군,57,24
201705,충청남도,청양군,58,16
201705,충청남도,청양군,59,22
201705,충청남도,청양군,60,15
201705,충청남도,청양군,61,11
201705,충청남도,청양군,62,25
201705,충청남도,청양군,63,11
201705,충청남도,청양군,64,12
201705,충청남도,청양군,65,14
201705,충청남도,청양군,66,11
201705,충청남도,청양군,67,18
201705,충청남도,청양군,68,8
201705,충청남도,청양군,69,7
201705,충청남도,청양군,70,17
201705,충청남도,청양군,71,10
201705,충청남도,청양군,72,6
201705,충청남도,청양군,73,14
201705,충청남도,청양군,74,12
201705,충청남도,청양군,75,16
201705,충청남도,청양군,76,15
201705,충청남도,청양군,77,13
201705,충청남도,청양군,78,15
201705,충청남도,청양군,79,17
201705,충청남도,청양군,80,14
201705,충청남도,청양군,81,15
201705,충청남도,청양군,82,10
201705,충청남도,청양군,83,16
201705,충청남도,청양군,84,13
201705,충청남도,청양군,85,6
201705,충청남도,청양군,86,6
201705,충청남도,청양군,87,6
201705,충청남도,청양군,88,11
201705,충청남도,청양군,89,4
201705,충청남도,청양군,90,6
201705,충청남도,청양군,91,7
201705,충청남도,청양군,92,3
201705,충청남도,청양군,93,2
201705,충청남도,청양군,94,1
201705,충청남도,청양군,95,1
201705,충청남도,홍성군,0,7
201705,충청남도,홍성군,1,5
201705,충청남도,홍성군,2,10
201705,충청남도,홍성군,3,10
201705,충청남도,홍성군,4,14
201705,충청남도,홍성군,5,12
201705,충청남도,홍성군,6,22
201705,충청남도,홍성군,7,32
201705,충청남도,홍성군,8,31
201705,충청남도,홍성군,9,57
201705,충청남도,홍성군,10,51
201705,충청남도,홍성군,11,53
201705,충청남도,홍성군,12,62
201705,충청남도,홍성군,13,67
201705,충청남도,홍성군,14,68
201705,충청남도,홍성군,15,76
201705,충청남도,홍성군,16,75
201705,충청남도,홍성군,17,80
201705,충청남도,홍성군,18,53
201705,충청남도,홍성군,19,38
201705,충청남도,홍성군,20,31
201705,충청남도,홍성군,21,21
201705,충청남도,홍성군,22,22
201705,충청남도,홍성군,23,14
201705,충청남도,홍성군,24,7
201705,충청남도,홍성군,25,9
201705,충청남도,홍성군,26,7
201705,충청남도,홍성군,27,5
201705,충청남도,홍성군,28,4
201705,충청남도,홍성군,29,4
201705,충청남도,홍성군,30,3
201705,충청남도,홍성군,31,5
201705,충청남도,홍성군,32,10
201705,충청남도,홍성군,33,10
201705,충청남도,홍성군,34,10
201705,충청남도,홍성군,35,17
201705,충청남도,홍성군,36,20
201705,충청남도,홍성군,37,21
201705,충청남도,홍성군,38,22
201705,충청남도,홍성군,39,17
201705,충청남도,홍성군,40,20
201705,충청남도,홍성군,41,23
201705,충청남도,홍성군,42,33
201705,충청남도,홍성군,43,33
201705,충청남도,홍성군,44,37
201705,충청남도,홍성군,45,39
201705,충청남도,홍성군,46,37
201705,충청남도,홍성군,47,35
201705,충청남도,홍성군,48,34
201705,충청남도,홍성군,49,50
201705,충청남도,홍성군,50,46
201705,충청남도,홍성군,51,36
201705,충청남도,홍성군,52,64
201705,충청남도,홍성군,53,36
201705,충청남도,홍성군,54,40
201705,충청남도,홍성군,55,51
201705,충청남도,홍성군,56,44
201705,충청남도,홍성군,57,68
201705,충청남도,홍성군,58,38
201705,충청남도,홍성군,59,45
201705,충청남도,홍성군,60,39
201705,충청남도,홍성군,61,43
201705,충청남도,홍성군,62,48
201705,충청남도,홍성군,63,31
201705,충청남도,홍성군,64,35
201705,충청남도,홍성군,65,37
201705,충청남도,홍성군,66,37
201705,충청남도,홍성군,67,41
201705,충청남도,홍성군,68,38
201705,충청남도,홍성군,69,46
201705,충청남도,홍성군,70,41
201705,충청남도,홍성군,71,34
201705,충청남도,홍성군,72,44
201705,충청남도,홍성군,73,37
201705,충청남도,홍성군,74,43
201705,충청남도,홍성군,75,58
201705,충청남도,홍성군,76,46
201705,충청남도,홍성군,77,43
201705,충청남도,홍성군,78,43
201705,충청남도,홍성군,79,48
201705,충청남도,홍성군,80,37
201705,충청남도,홍성군,81,38
201705,충청남도,홍성군,82,39
201705,충청남도,홍성군,83,32
201705,충청남도,홍성군,84,25
201705,충청남도,홍성군,85,21
201705,충청남도,홍성군,86,17
201705,충청남도,홍성군,87,21
201705,충청남도,홍성군,88,19
201705,충청남도,홍성군,89,6
201705,충청남도,홍성군,90,7
201705,충청남도,홍성군,91,13
201705,충청남도,홍성군,92,10
201705,충청남도,홍성군,93,4
201705,충청남도,홍성군,94,5
201705,충청남도,홍성군,95,3
201705,충청남도,홍성군,97,1
201705,충청남도,홍성군,99,1
201705,충청남도,예산군,0,1
201705,충청남도,예산군,1,10
201705,충청남도,예산군,2,6
201705,충청남도,예산군,3,5
201705,충청남도,예산군,4,7
201705,충청남도,예산군,5,7
201705,충청남도,예산군,6,29
201705,충청남도,예산군,7,20
201705,충청남도,예산군,8,23
201705,충청남도,예산군,9,26
201705,충청남도,예산군,10,29
201705,충청남도,예산군,11,40
201705,충청남도,예산군,12,38
201705,충청남도,예산군,13,43
201705,충청남도,예산군,14,44
201705,충청남도,예산군,15,63
201705,충청남도,예산군,16,63
201705,충청남도,예산군,17,64
201705,충청남도,예산군,18,52
201705,충청남도,예산군,19,35
201705,충청남도,예산군,20,32
201705,충청남도,예산군,21,26
201705,충청남도,예산군,22,13
201705,충청남도,예산군,23,16
201705,충청남도,예산군,24,16
201705,충청남도,예산군,25,4
201705,충청남도,예산군,26,4
201705,충청남도,예산군,27,5
201705,충청남도,예산군,28,5
201705,충청남도,예산군,29,3
201705,충청남도,예산군,30,6
201705,충청남도,예산군,31,6
201705,충청남도,예산군,32,4
201705,충청남도,예산군,33,5
201705,충청남도,예산군,34,11
201705,충청남도,예산군,35,12
201705,충청남도,예산군,36,12
201705,충청남도,예산군,37,13
201705,충청남도,예산군,38,8
201705,충청남도,예산군,39,13
201705,충청남도,예산군,40,19
201705,충청남도,예산군,41,17
201705,충청남도,예산군,42,21
201705,충청남도,예산군,43,27
201705,충청남도,예산군,44,19
201705,충청남도,예산군,45,25
201705,충청남도,예산군,46,33
201705,충청남도,예산군,47,38
201705,충청남도,예산군,48,39
201705,충청남도,예산군,49,27
201705,충청남도,예산군,50,31
201705,충청남도,예산군,51,40
201705,충청남도,예산군,52,28
201705,충청남도,예산군,53,33
201705,충청남도,예산군,54,42
201705,충청남도,예산군,55,41
201705,충청남도,예산군,56,62
201705,충청남도,예산군,57,46
201705,충청남도,예산군,58,36
201705,충청남도,예산군,59,42
201705,충청남도,예산군,60,36
201705,충청남도,예산군,61,39
201705,충청남도,예산군,62,43
201705,충청남도,예산군,63,37
201705,충청남도,예산군,64,29
201705,충청남도,예산군,65,38
201705,충청남도,예산군,66,36
201705,충청남도,예산군,67,39
201705,충청남도,예산군,68,29
201705,충청남도,예산군,69,40
201705,충청남도,예산군,70,58
201705,충청남도,예산군,71,32
201705,충청남도,예산군,72,38
201705,충청남도,예산군,73,52
201705,충청남도,예산군,74,62
201705,충청남도,예산군,75,63
201705,충청남도,예산군,76,47
201705,충청남도,예산군,77,30
201705,충청남도,예산군,78,47
201705,충청남도,예산군,79,41
201705,충청남도,예산군,80,43
201705,충청남도,예산군,81,38
201705,충청남도,예산군,82,27
201705,충청남도,예산군,83,29
201705,충청남도,예산군,84,43
201705,충청남도,예산군,85,22
201705,충청남도,예산군,86,19
201705,충청남도,예산군,87,17
201705,충청남도,예산군,88,16
201705,충청남도,예산군,89,9
201705,충청남도,예산군,90,7
201705,충청남도,예산군,91,7
201705,충청남도,예산군,92,6
201705,충청남도,예산군,93,3
201705,충청남도,예산군,94,7
201705,충청남도,예산군,95,3
201705,충청남도,예산군,96,1
201705,충청남도,태안군,0,2
201705,충청남도,태안군,1,5
201705,충청남도,태안군,2,9
201705,충청남도,태안군,3,2
201705,충청남도,태안군,4,5
201705,충청남도,태안군,5,2
201705,충청남도,태안군,6,11
201705,충청남도,태안군,7,19
201705,충청남도,태안군,8,33
201705,충청남도,태안군,9,29
201705,충청남도,태안군,10,31
201705,충청남도,태안군,11,34
201705,충청남도,태안군,12,24
201705,충청남도,태안군,13,30
201705,충청남도,태안군,14,40
201705,충청남도,태안군,15,49
201705,충청남도,태안군,16,51
201705,충청남도,태안군,17,53
201705,충청남도,태안군,18,43
201705,충청남도,태안군,19,32
201705,충청남도,태안군,20,25
201705,충청남도,태안군,21,20
201705,충청남도,태안군,22,7
201705,충청남도,태안군,23,12
201705,충청남도,태안군,24,3
201705,충청남도,태안군,25,6
201705,충청남도,태안군,26,5
201705,충청남도,태안군,29,5
201705,충청남도,태안군,30,5
201705,충청남도,태안군,31,4
201705,충청남도,태안군,32,4
201705,충청남도,태안군,33,10
201705,충청남도,태안군,34,7
201705,충청남도,태안군,35,7
201705,충청남도,태안군,36,8
201705,충청남도,태안군,37,11
201705,충청남도,태안군,38,13
201705,충청남도,태안군,39,9
201705,충청남도,태안군,40,13
201705,충청남도,태안군,41,12
201705,충청남도,태안군,42,14
201705,충청남도,태안군,43,25
201705,충청남도,태안군,44,17
201705,충청남도,태안군,45,21
201705,충청남도,태안군,46,18
201705,충청남도,태안군,47,20
201705,충청남도,태안군,48,29
201705,충청남도,태안군,49,22
201705,충청남도,태안군,50,24
201705,충청남도,태안군,51,27
201705,충청남도,태안군,52,27
201705,충청남도,태안군,53,22
201705,충청남도,태안군,54,36
201705,충청남도,태안군,55,33
201705,충청남도,태안군,56,36
201705,충청남도,태안군,57,28
201705,충청남도,태안군,58,36
201705,충청남도,태안군,59,33
201705,충청남도,태안군,60,28
201705,충청남도,태안군,61,26
201705,충청남도,태안군,62,26
201705,충청남도,태안군,63,24
201705,충청남도,태안군,64,23
201705,충청남도,태안군,65,27
201705,충청남도,태안군,66,27
201705,충청남도,태안군,67,33
201705,충청남도,태안군,68,23
201705,충청남도,태안군,69,34
201705,충청남도,태안군,70,41
201705,충청남도,태안군,71,24
201705,충청남도,태안군,72,27
201705,충청남도,태안군,73,28
201705,충청남도,태안군,74,35
201705,충청남도,태안군,75,36
201705,충청남도,태안군,76,29
201705,충청남도,태안군,77,23
201705,충청남도,태안군,78,29
201705,충청남도,태안군,79,13
201705,충청남도,태안군,80,22
201705,충청남도,태안군,81,24
201705,충청남도,태안군,82,21
201705,충청남도,태안군,83,26
201705,충청남도,태안군,84,20
201705,충청남도,태안군,85,17
201705,충청남도,태안군,86,20
201705,충청남도,태안군,87,8
201705,충청남도,태안군,88,7
201705,충청남도,태안군,89,11
201705,충청남도,태안군,90,7
201705,충청남도,태안군,91,3
201705,충청남도,태안군,92,2
201705,충청남도,태안군,93,2
201705,충청남도,태안군,94,2
201705,충청남도,태안군,95,2
201705,충청남도,태안군,96,3
201705,충청남도,태안군,97,1
201705,충청남도,태안군,99,1
201705,충청남도,태안군,100,1
201705,충청남도,태안군,104,1
201705,충청남도,태안군,109,1
201705,전라북도,전주시,0,84
201705,전라북도,전주시,1,86
201705,전라북도,전주시,2,106
201705,전라북도,전주시,3,130
201705,전라북도,전주시,4,161
201705,전라북도,전주시,5,161
201705,전라북도,전주시,6,316
201705,전라북도,전주시,7,419
201705,전라북도,전주시,8,440
201705,전라북도,전주시,9,502
201705,전라북도,전주시,10,526
201705,전라북도,전주시,11,517
201705,전라북도,전주시,12,584
201705,전라북도,전주시,13,625
201705,전라북도,전주시,14,684
201705,전라북도,전주시,15,777
201705,전라북도,전주시,16,973
201705,전라북도,전주시,17,1018
201705,전라북도,전주시,18,817
201705,전라북도,전주시,19,550
201705,전라북도,전주시,20,464
201705,전라북도,전주시,21,448
201705,전라북도,전주시,22,378
201705,전라북도,전주시,23,314
201705,전라북도,전주시,24,291
201705,전라북도,전주시,25,166
201705,전라북도,전주시,26,118
201705,전라북도,전주시,27,103
201705,전라북도,전주시,28,68
201705,전라북도,전주시,29,67
201705,전라북도,전주시,30,88
201705,전라북도,전주시,31,61
201705,전라북도,전주시,32,84
201705,전라북도,전주시,33,91
201705,전라북도,전주시,34,135
201705,전라북도,전주시,35,129
201705,전라북도,전주시,36,179
201705,전라북도,전주시,37,159
201705,전라북도,전주시,38,173
201705,전라북도,전주시,39,212
201705,전라북도,전주시,40,216
201705,전라북도,전주시,41,235
201705,전라북도,전주시,42,277
201705,전라북도,전주시,43,290
201705,전라북도,전주시,44,376
201705,전라북도,전주시,45,376
201705,전라북도,전주시,46,441
201705,전라북도,전주시,47,386
201705,전라북도,전주시,48,431
201705,전라북도,전주시,49,386
201705,전라북도,전주시,50,409
201705,전라북도,전주시,51,423
201705,전라북도,전주시,52,398
201705,전라북도,전주시,53,373
201705,전라북도,전주시,54,446
201705,전라북도,전주시,55,435
201705,전라북도,전주시,56,429
201705,전라북도,전주시,57,443
201705,전라북도,전주시,58,393
201705,전라북도,전주시,59,361
201705,전라북도,전주시,60,318
201705,전라북도,전주시,61,311
201705,전라북도,전주시,62,356
201705,전라북도,전주시,63,250
201705,전라북도,전주시,64,248
201705,전라북도,전주시,65,270
201705,전라북도,전주시,66,284
201705,전라북도,전주시,67,318
201705,전라북도,전주시,68,253
201705,전라북도,전주시,69,244
201705,전라북도,전주시,70,296
201705,전라북도,전주시,71,224
201705,전라북도,전주시,72,230
201705,전라북도,전주시,73,211
201705,전라북도,전주시,74,290
201705,전라북도,전주시,75,314
201705,전라북도,전주시,76,220
201705,전라북도,전주시,77,224
201705,전라북도,전주시,78,233
201705,전라북도,전주시,79,225
201705,전라북도,전주시,80,185
201705,전라북도,전주시,81,195
201705,전라북도,전주시,82,169
201705,전라북도,전주시,83,153
201705,전라북도,전주시,84,127
201705,전라북도,전주시,85,127
201705,전라북도,전주시,86,100
201705,전라북도,전주시,87,85
201705,전라북도,전주시,88,80
201705,전라북도,전주시,89,54
201705,전라북도,전주시,90,56
201705,전라북도,전주시,91,23
201705,전라북도,전주시,92,23
201705,전라북도,전주시,93,27
201705,전라북도,전주시,94,31
201705,전라북도,전주시,95,12
201705,전라북도,전주시,96,3
201705,전라북도,전주시,97,4
201705,전라북도,전주시,98,4
201705,전라북도,전주시,99,2
201705,전라북도,전주시,100,2
201705,전라북도,전주시,101,3
201705,전라북도,전주시,105,1
201705,전라북도,군산시,0,16
201705,전라북도,군산시,1,28
201705,전라북도,군산시,2,41
201705,전라북도,군산시,3,49
201705,전라북도,군산시,4,44
201705,전라북도,군산시,5,55
201705,전라북도,군산시,6,98
201705,전라북도,군산시,7,146
201705,전라북도,군산시,8,171
201705,전라북도,군산시,9,187
201705,전라북도,군산시,10,214
201705,전라북도,군산시,11,192
201705,전라북도,군산시,12,230
201705,전라북도,군산시,13,261
201705,전라북도,군산시,14,272
201705,전라북도,군산시,15,317
201705,전라북도,군산시,16,390
201705,전라북도,군산시,17,392
201705,전라북도,군산시,18,317
201705,전라북도,군산시,19,223
201705,전라북도,군산시,20,190
201705,전라북도,군산시,21,133
201705,전라북도,군산시,22,124
201705,전라북도,군산시,23,88
201705,전라북도,군산시,24,57
201705,전라북도,군산시,25,46
201705,전라북도,군산시,26,39
201705,전라북도,군산시,27,38
201705,전라북도,군산시,28,29
201705,전라북도,군산시,29,31
201705,전라북도,군산시,30,32
201705,전라북도,군산시,31,21
201705,전라북도,군산시,32,31
201705,전라북도,군산시,33,35
201705,전라북도,군산시,34,48
201705,전라북도,군산시,35,64
201705,전라북도,군산시,36,81
201705,전라북도,군산시,37,85
201705,전라북도,군산시,38,78
201705,전라북도,군산시,39,81
201705,전라북도,군산시,40,75
201705,전라북도,군산시,41,105
201705,전라북도,군산시,42,114
201705,전라북도,군산시,43,140
201705,전라북도,군산시,44,147
201705,전라북도,군산시,45,150
201705,전라북도,군산시,46,182
201705,전라북도,군산시,47,183
201705,전라북도,군산시,48,196
201705,전라북도,군산시,49,154
201705,전라북도,군산시,50,190
201705,전라북도,군산시,51,160
201705,전라북도,군산시,52,189
201705,전라북도,군산시,53,175
201705,전라북도,군산시,54,239
201705,전라북도,군산시,55,199
201705,전라북도,군산시,56,200
201705,전라북도,군산시,57,199
201705,전라북도,군산시,58,207
201705,전라북도,군산시,59,198
201705,전라북도,군산시,60,195
201705,전라북도,군산시,61,204
201705,전라북도,군산시,62,199
201705,전라북도,군산시,63,189
201705,전라북도,군산시,64,172
201705,전라북도,군산시,65,192
201705,전라북도,군산시,66,185
201705,전라북도,군산시,67,227
201705,전라북도,군산시,68,169
201705,전라북도,군산시,69,174
201705,전라북도,군산시,70,212
201705,전라북도,군산시,71,136
201705,전라북도,군산시,72,147
201705,전라북도,군산시,73,127
201705,전라북도,군산시,74,225
201705,전라북도,군산시,75,209
201705,전라북도,군산시,76,140
201705,전라북도,군산시,77,169
201705,전라북도,군산시,78,146
201705,전라북도,군산시,79,126
201705,전라북도,군산시,80,115
201705,전라북도,군산시,81,133
201705,전라북도,군산시,82,127
201705,전라북도,군산시,83,89
201705,전라북도,군산시,84,95
201705,전라북도,군산시,85,73
201705,전라북도,군산시,86,58
201705,전라북도,군산시,87,46
201705,전라북도,군산시,88,47
201705,전라북도,군산시,89,38
201705,전라북도,군산시,90,27
201705,전라북도,군산시,91,21
201705,전라북도,군산시,92,13
201705,전라북도,군산시,93,6
201705,전라북도,군산시,94,17
201705,전라북도,군산시,95,8
201705,전라북도,군산시,96,3
201705,전라북도,군산시,97,5
201705,전라북도,군산시,98,2
201705,전라북도,군산시,99,2
201705,전라북도,군산시,105,1
201705,전라북도,군산시,107,1
201705,전라북도,익산시,0,28
201705,전라북도,익산시,1,37
201705,전라북도,익산시,2,51
201705,전라북도,익산시,3,54
201705,전라북도,익산시,4,67
201705,전라북도,익산시,5,102
201705,전라북도,익산시,6,131
201705,전라북도,익산시,7,195
201705,전라북도,익산시,8,202
201705,전라북도,익산시,9,267
201705,전라북도,익산시,10,243
201705,전라북도,익산시,11,237
201705,전라북도,익산시,12,261
201705,전라북도,익산시,13,291
201705,전라북도,익산시,14,337
201705,전라북도,익산시,15,371
201705,전라북도,익산시,16,458
201705,전라북도,익산시,17,453
201705,전라북도,익산시,18,361
201705,전라북도,익산시,19,267
201705,전라북도,익산시,20,219
201705,전라북도,익산시,21,168
201705,전라북도,익산시,22,156
201705,전라북도,익산시,23,93
201705,전라북도,익산시,24,89
201705,전라북도,익산시,25,48
201705,전라북도,익산시,26,47
201705,전라북도,익산시,27,48
201705,전라북도,익산시,28,32
201705,전라북도,익산시,29,26
201705,전라북도,익산시,30,40
201705,전라북도,익산시,31,35
201705,전라북도,익산시,32,43
201705,전라북도,익산시,33,57
201705,전라북도,익산시,34,58
201705,전라북도,익산시,35,85
201705,전라북도,익산시,36,73
201705,전라북도,익산시,37,101
201705,전라북도,익산시,38,93
201705,전라북도,익산시,39,105
201705,전라북도,익산시,40,122
201705,전라북도,익산시,41,113
201705,전라북도,익산시,42,147
201705,전라북도,익산시,43,156
201705,전라북도,익산시,44,204
201705,전라북도,익산시,45,191
201705,전라북도,익산시,46,208
201705,전라북도,익산시,47,218
201705,전라북도,익산시,48,242
201705,전라북도,익산시,49,187
201705,전라북도,익산시,50,220
201705,전라북도,익산시,51,206
201705,전라북도,익산시,52,245
201705,전라북도,익산시,53,202
201705,전라북도,익산시,54,251
201705,전라북도,익산시,55,216
201705,전라북도,익산시,56,276
201705,전라북도,익산시,57,258
201705,전라북도,익산시,58,238
201705,전라북도,익산시,59,222
201705,전라북도,익산시,60,237
201705,전라북도,익산시,61,252
201705,전라북도,익산시,62,234
201705,전라북도,익산시,63,167
201705,전라북도,익산시,64,175
201705,전라북도,익산시,65,204
201705,전라북도,익산시,66,184
201705,전라북도,익산시,67,228
201705,전라북도,익산시,68,165
201705,전라북도,익산시,69,220
201705,전라북도,익산시,70,207
201705,전라북도,익산시,71,154
201705,전라북도,익산시,72,153
201705,전라북도,익산시,73,153
201705,전라북도,익산시,74,240
201705,전라북도,익산시,75,249
201705,전라북도,익산시,76,165
201705,전라북도,익산시,77,164
201705,전라북도,익산시,78,185
201705,전라북도,익산시,79,167
201705,전라북도,익산시,80,170
201705,전라북도,익산시,81,145
201705,전라북도,익산시,82,142
201705,전라북도,익산시,83,121
201705,전라북도,익산시,84,113
201705,전라북도,익산시,85,92
201705,전라북도,익산시,86,74
201705,전라북도,익산시,87,73
201705,전라북도,익산시,88,73
201705,전라북도,익산시,89,46
201705,전라북도,익산시,90,41
201705,전라북도,익산시,91,37
201705,전라북도,익산시,92,14
201705,전라북도,익산시,93,18
201705,전라북도,익산시,94,17
201705,전라북도,익산시,95,13
201705,전라북도,익산시,96,3
201705,전라북도,익산시,97,2
201705,전라북도,익산시,99,4
201705,전라북도,익산시,100,2
201705,전라북도,익산시,101,1
201705,전라북도,정읍시,0,13
201705,전라북도,정읍시,1,20
201705,전라북도,정읍시,2,23
201705,전라북도,정읍시,3,22
201705,전라북도,정읍시,4,25
201705,전라북도,정읍시,5,36
201705,전라북도,정읍시,6,48
201705,전라북도,정읍시,7,72
201705,전라북도,정읍시,8,77
201705,전라북도,정읍시,9,102
201705,전라북도,정읍시,10,109
201705,전라북도,정읍시,11,95
201705,전라북도,정읍시,12,138
201705,전라북도,정읍시,13,148
201705,전라북도,정읍시,14,161
201705,전라북도,정읍시,15,202
201705,전라북도,정읍시,16,216
201705,전라북도,정읍시,17,228
201705,전라북도,정읍시,18,199
201705,전라북도,정읍시,19,144
201705,전라북도,정읍시,20,117
201705,전라북도,정읍시,21,97
201705,전라북도,정읍시,22,86
201705,전라북도,정읍시,23,62
201705,전라북도,정읍시,24,42
201705,전라북도,정읍시,25,25
201705,전라북도,정읍시,26,22
201705,전라북도,정읍시,27,16
201705,전라북도,정읍시,28,7
201705,전라북도,정읍시,29,16
201705,전라북도,정읍시,30,19
201705,전라북도,정읍시,31,17
201705,전라북도,정읍시,32,26
201705,전라북도,정읍시,33,28
201705,전라북도,정읍시,34,24
201705,전라북도,정읍시,35,36
201705,전라북도,정읍시,36,28
201705,전라북도,정읍시,37,41
201705,전라북도,정읍시,38,43
201705,전라북도,정읍시,39,49
201705,전라북도,정읍시,40,54
201705,전라북도,정읍시,41,58
201705,전라북도,정읍시,42,68
201705,전라북도,정읍시,43,73
201705,전라북도,정읍시,44,86
201705,전라북도,정읍시,45,97
201705,전라북도,정읍시,46,95
201705,전라북도,정읍시,47,96
201705,전라북도,정읍시,48,125
201705,전라북도,정읍시,49,112
201705,전라북도,정읍시,50,93
201705,전라북도,정읍시,51,139
201705,전라북도,정읍시,52,117
201705,전라북도,정읍시,53,116
201705,전라북도,정읍시,54,136
201705,전라북도,정읍시,55,125
201705,전라북도,정읍시,56,151
201705,전라북도,정읍시,57,139
201705,전라북도,정읍시,58,105
201705,전라북도,정읍시,59,130
201705,전라북도,정읍시,60,114
201705,전라북도,정읍시,61,98
201705,전라북도,정읍시,62,104
201705,전라북도,정읍시,63,71
201705,전라북도,정읍시,64,79
201705,전라북도,정읍시,65,89
201705,전라북도,정읍시,66,78
201705,전라북도,정읍시,67,107
201705,전라북도,정읍시,68,110
201705,전라북도,정읍시,69,100
201705,전라북도,정읍시,70,121
201705,전라북도,정읍시,71,76
201705,전라북도,정읍시,72,84
201705,전라북도,정읍시,73,83
201705,전라북도,정읍시,74,135
201705,전라북도,정읍시,75,111
201705,전라북도,정읍시,76,90
201705,전라북도,정읍시,77,84
201705,전라북도,정읍시,78,91
201705,전라북도,정읍시,79,90
201705,전라북도,정읍시,80,93
201705,전라북도,정읍시,81,99
201705,전라북도,정읍시,82,95
201705,전라북도,정읍시,83,76
201705,전라북도,정읍시,84,69
201705,전라북도,정읍시,85,55
201705,전라북도,정읍시,86,43
201705,전라북도,정읍시,87,52
201705,전라북도,정읍시,88,44
201705,전라북도,정읍시,89,46
201705,전라북도,정읍시,90,25
201705,전라북도,정읍시,91,20
201705,전라북도,정읍시,92,14
201705,전라북도,정읍시,93,12
201705,전라북도,정읍시,94,10
201705,전라북도,정읍시,95,11
201705,전라북도,정읍시,96,7
201705,전라북도,정읍시,97,3
201705,전라북도,정읍시,98,2
201705,전라북도,정읍시,99,3
201705,전라북도,정읍시,100,3
201705,전라북도,정읍시,101,1
201705,전라북도,정읍시,102,1
201705,전라북도,정읍시,104,1
201705,전라북도,정읍시,105,1
201705,전라북도,정읍시,112,1
201705,전라북도,남원시,0,10
201705,전라북도,남원시,1,22
201705,전라북도,남원시,2,20
201705,전라북도,남원시,3,24
201705,전라북도,남원시,4,21
201705,전라북도,남원시,5,31
201705,전라북도,남원시,6,45
201705,전라북도,남원시,7,52
201705,전라북도,남원시,8,82
201705,전라북도,남원시,9,96
201705,전라북도,남원시,10,83
201705,전라북도,남원시,11,71
201705,전라북도,남원시,12,93
201705,전라북도,남원시,13,90
201705,전라북도,남원시,14,115
201705,전라북도,남원시,15,130
201705,전라북도,남원시,16,146
201705,전라북도,남원시,17,155
201705,전라북도,남원시,18,119
201705,전라북도,남원시,19,99
201705,전라북도,남원시,20,81
201705,전라북도,남원시,21,64
201705,전라북도,남원시,22,58
201705,전라북도,남원시,23,59
201705,전라북도,남원시,24,28
201705,전라북도,남원시,25,24
201705,전라북도,남원시,26,10
201705,전라북도,남원시,27,9
201705,전라북도,남원시,28,13
201705,전라북도,남원시,29,17
201705,전라북도,남원시,30,14
201705,전라북도,남원시,31,13
201705,전라북도,남원시,32,17
201705,전라북도,남원시,33,21
201705,전라북도,남원시,34,18
201705,전라북도,남원시,35,26
201705,전라북도,남원시,36,38
201705,전라북도,남원시,37,30
201705,전라북도,남원시,38,32
201705,전라북도,남원시,39,28
201705,전라북도,남원시,40,35
201705,전라북도,남원시,41,47
201705,전라북도,남원시,42,47
201705,전라북도,남원시,43,56
201705,전라북도,남원시,44,55
201705,전라북도,남원시,45,82
201705,전라북도,남원시,46,74
201705,전라북도,남원시,47,75
201705,전라북도,남원시,48,86
201705,전라북도,남원시,49,78
201705,전라북도,남원시,50,92
201705,전라북도,남원시,51,86
201705,전라북도,남원시,52,74
201705,전라북도,남원시,53,75
201705,전라북도,남원시,54,91
201705,전라북도,남원시,55,88
201705,전라북도,남원시,56,112
201705,전라북도,남원시,57,102
201705,전라북도,남원시,58,91
201705,전라북도,남원시,59,95
201705,전라북도,남원시,60,77
201705,전라북도,남원시,61,73
201705,전라북도,남원시,62,67
201705,전라북도,남원시,63,48
201705,전라북도,남원시,64,46
201705,전라북도,남원시,65,80
201705,전라북도,남원시,66,66
201705,전라북도,남원시,67,65
201705,전라북도,남원시,68,73
201705,전라북도,남원시,69,62
201705,전라북도,남원시,70,69
201705,전라북도,남원시,71,47
201705,전라북도,남원시,72,52
201705,전라북도,남원시,73,50
201705,전라북도,남원시,74,88
201705,전라북도,남원시,75,95
201705,전라북도,남원시,76,63
201705,전라북도,남원시,77,56
201705,전라북도,남원시,78,69
201705,전라북도,남원시,79,54
201705,전라북도,남원시,80,58
201705,전라북도,남원시,81,46
201705,전라북도,남원시,82,66
201705,전라북도,남원시,83,48
201705,전라북도,남원시,84,41
201705,전라북도,남원시,85,44
201705,전라북도,남원시,86,29
201705,전라북도,남원시,87,27
201705,전라북도,남원시,88,28
201705,전라북도,남원시,89,21
201705,전라북도,남원시,90,25
201705,전라북도,남원시,91,14
201705,전라북도,남원시,92,8
201705,전라북도,남원시,93,6
201705,전라북도,남원시,94,10
201705,전라북도,남원시,95,8
201705,전라북도,남원시,96,4
201705,전라북도,남원시,97,5
201705,전라북도,남원시,98,2
201705,전라북도,남원시,99,1
201705,전라북도,남원시,100,2
201705,전라북도,남원시,101,1
201705,전라북도,남원시,105,1
201705,전라북도,김제시,0,6
201705,전라북도,김제시,1,14
201705,전라북도,김제시,2,22
201705,전라북도,김제시,3,25
201705,전라북도,김제시,4,19
201705,전라북도,김제시,5,30
201705,전라북도,김제시,6,49
201705,전라북도,김제시,7,59
201705,전라북도,김제시,8,64
201705,전라북도,김제시,9,91
201705,전라북도,김제시,10,84
201705,전라북도,김제시,11,97
201705,전라북도,김제시,12,87
201705,전라북도,김제시,13,111
201705,전라북도,김제시,14,149
201705,전라북도,김제시,15,116
201705,전라북도,김제시,16,186
201705,전라북도,김제시,17,150
201705,전라북도,김제시,18,123
201705,전라북도,김제시,19,89
201705,전라북도,김제시,20,95
201705,전라북도,김제시,21,77
201705,전라북도,김제시,22,51
201705,전라북도,김제시,23,50
201705,전라북도,김제시,24,30
201705,전라북도,김제시,25,33
201705,전라북도,김제시,26,19
201705,전라북도,김제시,27,18
201705,전라북도,김제시,28,13
201705,전라북도,김제시,29,15
201705,전라북도,김제시,30,14
201705,전라북도,김제시,31,19
201705,전라북도,김제시,32,22
201705,전라북도,김제시,33,12
201705,전라북도,김제시,34,29
201705,전라북도,김제시,35,33
201705,전라북도,김제시,36,20
201705,전라북도,김제시,37,46
201705,전라북도,김제시,38,30
201705,전라북도,김제시,39,49
201705,전라북도,김제시,40,43
201705,전라북도,김제시,41,44
201705,전라북도,김제시,42,64
201705,전라북도,김제시,43,60
201705,전라북도,김제시,44,67
201705,전라북도,김제시,45,75
201705,전라북도,김제시,46,73
201705,전라북도,김제시,47,87
201705,전라북도,김제시,48,97
201705,전라북도,김제시,49,98
201705,전라북도,김제시,50,90
201705,전라북도,김제시,51,96
201705,전라북도,김제시,52,99
201705,전라북도,김제시,53,87
201705,전라북도,김제시,54,122
201705,전라북도,김제시,55,106
201705,전라북도,김제시,56,126
201705,전라북도,김제시,57,127
201705,전라북도,김제시,58,116
201705,전라북도,김제시,59,111
201705,전라북도,김제시,60,93
201705,전라북도,김제시,61,107
201705,전라북도,김제시,62,108
201705,전라북도,김제시,63,87
201705,전라북도,김제시,64,79
201705,전라북도,김제시,65,113
201705,전라북도,김제시,66,95
201705,전라북도,김제시,67,118
201705,전라북도,김제시,68,87
201705,전라북도,김제시,69,129
201705,전라북도,김제시,70,134
201705,전라북도,김제시,71,75
201705,전라북도,김제시,72,109
201705,전라북도,김제시,73,101
201705,전라북도,김제시,74,137
201705,전라북도,김제시,75,157
201705,전라북도,김제시,76,100
201705,전라북도,김제시,77,120
201705,전라북도,김제시,78,129
201705,전라북도,김제시,79,128
201705,전라북도,김제시,80,103
201705,전라북도,김제시,81,105
201705,전라북도,김제시,82,110
201705,전라북도,김제시,83,98
201705,전라북도,김제시,84,100
201705,전라북도,김제시,85,56
201705,전라북도,김제시,86,64
201705,전라북도,김제시,87,53
201705,전라북도,김제시,88,54
201705,전라북도,김제시,89,40
201705,전라북도,김제시,90,33
201705,전라북도,김제시,91,19
201705,전라북도,김제시,92,17
201705,전라북도,김제시,93,12
201705,전라북도,김제시,94,21
201705,전라북도,김제시,95,8
201705,전라북도,김제시,96,5
201705,전라북도,김제시,97,4
201705,전라북도,김제시,98,3
201705,전라북도,김제시,99,2
201705,전라북도,김제시,100,1
201705,전라북도,김제시,101,1
201705,전라북도,김제시,103,1
201705,전라북도,김제시,104,1
201705,전라북도,김제시,105,1
201705,전라북도,완주군,0,9
201705,전라북도,완주군,1,8
201705,전라북도,완주군,2,19
201705,전라북도,완주군,3,24
201705,전라북도,완주군,4,20
201705,전라북도,완주군,5,22
201705,전라북도,완주군,6,42
201705,전라북도,완주군,7,51
201705,전라북도,완주군,8,49
201705,전라북도,완주군,9,66
201705,전라북도,완주군,10,91
201705,전라북도,완주군,11,76
201705,전라북도,완주군,12,78
201705,전라북도,완주군,13,82
201705,전라북도,완주군,14,90
201705,전라북도,완주군,15,95
201705,전라북도,완주군,16,107
201705,전라북도,완주군,17,118
201705,전라북도,완주군,18,98
201705,전라북도,완주군,19,71
201705,전라북도,완주군,20,48
201705,전라북도,완주군,21,60
201705,전라북도,완주군,22,39
201705,전라북도,완주군,23,38
201705,전라북도,완주군,24,27
201705,전라북도,완주군,25,17
201705,전라북도,완주군,26,13
201705,전라북도,완주군,27,12
201705,전라북도,완주군,28,5
201705,전라북도,완주군,29,16
201705,전라북도,완주군,30,11
201705,전라북도,완주군,31,11
201705,전라북도,완주군,32,22
201705,전라북도,완주군,33,13
201705,전라북도,완주군,34,9
201705,전라북도,완주군,35,21
201705,전라북도,완주군,36,25
201705,전라북도,완주군,37,33
201705,전라북도,완주군,38,27
201705,전라북도,완주군,39,30
201705,전라북도,완주군,40,29
201705,전라북도,완주군,41,36
201705,전라북도,완주군,42,38
201705,전라북도,완주군,43,39
201705,전라북도,완주군,44,56
201705,전라북도,완주군,45,65
201705,전라북도,완주군,46,49
201705,전라북도,완주군,47,68
201705,전라북도,완주군,48,61
201705,전라북도,완주군,49,57
201705,전라북도,완주군,50,63
201705,전라북도,완주군,51,51
201705,전라북도,완주군,52,56
201705,전라북도,완주군,53,46
201705,전라북도,완주군,54,58
201705,전라북도,완주군,55,66
201705,전라북도,완주군,56,56
201705,전라북도,완주군,57,84
201705,전라북도,완주군,58,62
201705,전라북도,완주군,59,55
201705,전라북도,완주군,60,58
201705,전라북도,완주군,61,49
201705,전라북도,완주군,62,64
201705,전라북도,완주군,63,46
201705,전라북도,완주군,64,46
201705,전라북도,완주군,65,51
201705,전라북도,완주군,66,56
201705,전라북도,완주군,67,53
201705,전라북도,완주군,68,40
201705,전라북도,완주군,69,55
201705,전라북도,완주군,70,55
201705,전라북도,완주군,71,36
201705,전라북도,완주군,72,50
201705,전라북도,완주군,73,42
201705,전라북도,완주군,74,64
201705,전라북도,완주군,75,68
201705,전라북도,완주군,76,58
201705,전라북도,완주군,77,65
201705,전라북도,완주군,78,54
201705,전라북도,완주군,79,56
201705,전라북도,완주군,80,46
201705,전라북도,완주군,81,57
201705,전라북도,완주군,82,37
201705,전라북도,완주군,83,40
201705,전라북도,완주군,84,31
201705,전라북도,완주군,85,28
201705,전라북도,완주군,86,24
201705,전라북도,완주군,87,23
201705,전라북도,완주군,88,26
201705,전라북도,완주군,89,19
201705,전라북도,완주군,90,15
201705,전라북도,완주군,91,8
201705,전라북도,완주군,92,8
201705,전라북도,완주군,93,4
201705,전라북도,완주군,94,7
201705,전라북도,완주군,95,2
201705,전라북도,완주군,96,3
201705,전라북도,완주군,97,2
201705,전라북도,완주군,98,1
201705,전라북도,완주군,103,1
201705,전라북도,진안군,1,2
201705,전라북도,진안군,3,2
201705,전라북도,진안군,4,5
201705,전라북도,진안군,5,4
201705,전라북도,진안군,6,10
201705,전라북도,진안군,7,13
201705,전라북도,진안군,8,21
201705,전라북도,진안군,9,19
201705,전라북도,진안군,10,21
201705,전라북도,진안군,11,18
201705,전라북도,진안군,12,15
201705,전라북도,진안군,13,26
201705,전라북도,진안군,14,16
201705,전라북도,진안군,15,18
201705,전라북도,진안군,16,25
201705,전라북도,진안군,17,39
201705,전라북도,진안군,18,25
201705,전라북도,진안군,19,18
201705,전라북도,진안군,20,14
201705,전라북도,진안군,21,12
201705,전라북도,진안군,22,8
201705,전라북도,진안군,23,10
201705,전라북도,진안군,24,5
201705,전라북도,진안군,25,6
201705,전라북도,진안군,26,3
201705,전라북도,진안군,27,5
201705,전라북도,진안군,28,4
201705,전라북도,진안군,29,1
201705,전라북도,진안군,30,1
201705,전라북도,진안군,31,1
201705,전라북도,진안군,32,2
201705,전라북도,진안군,33,1
201705,전라북도,진안군,34,3
201705,전라북도,진안군,35,3
201705,전라북도,진안군,36,7
201705,전라북도,진안군,37,3
201705,전라북도,진안군,38,11
201705,전라북도,진안군,39,14
201705,전라북도,진안군,40,9
201705,전라북도,진안군,41,8
201705,전라북도,진안군,42,9
201705,전라북도,진안군,43,8
201705,전라북도,진안군,44,11
201705,전라북도,진안군,45,11
201705,전라북도,진안군,46,16
201705,전라북도,진안군,47,15
201705,전라북도,진안군,48,21
201705,전라북도,진안군,49,11
201705,전라북도,진안군,50,13
201705,전라북도,진안군,51,22
201705,전라북도,진안군,52,18
201705,전라북도,진안군,53,13
201705,전라북도,진안군,54,21
201705,전라북도,진안군,55,26
201705,전라북도,진안군,56,32
201705,전라북도,진안군,57,23
201705,전라북도,진안군,58,18
201705,전라북도,진안군,59,20
201705,전라북도,진안군,60,24
201705,전라북도,진안군,61,25
201705,전라북도,진안군,62,26
201705,전라북도,진안군,63,16
201705,전라북도,진안군,64,13
201705,전라북도,진안군,65,10
201705,전라북도,진안군,66,23
201705,전라북도,진안군,67,18
201705,전라북도,진안군,68,21
201705,전라북도,진안군,69,19
201705,전라북도,진안군,70,24
201705,전라북도,진안군,71,12
201705,전라북도,진안군,72,20
201705,전라북도,진안군,73,20
201705,전라북도,진안군,74,16
201705,전라북도,진안군,75,30
201705,전라북도,진안군,76,24
201705,전라북도,진안군,77,14
201705,전라북도,진안군,78,28
201705,전라북도,진안군,79,10
201705,전라북도,진안군,80,22
201705,전라북도,진안군,81,30
201705,전라북도,진안군,82,17
201705,전라북도,진안군,83,13
201705,전라북도,진안군,84,15
201705,전라북도,진안군,85,17
201705,전라북도,진안군,86,12
201705,전라북도,진안군,87,7
201705,전라북도,진안군,88,15
201705,전라북도,진안군,89,3
201705,전라북도,진안군,90,9
201705,전라북도,진안군,91,5
201705,전라북도,진안군,92,2
201705,전라북도,진안군,93,3
201705,전라북도,진안군,94,2
201705,전라북도,진안군,96,1
201705,전라북도,진안군,98,2
201705,전라북도,진안군,107,1
201705,전라북도,무주군,2,5
201705,전라북도,무주군,3,2
201705,전라북도,무주군,4,3
201705,전라북도,무주군,5,7
201705,전라북도,무주군,6,2
201705,전라북도,무주군,7,12
201705,전라북도,무주군,8,12
201705,전라북도,무주군,9,14
201705,전라북도,무주군,10,13
201705,전라북도,무주군,11,19
201705,전라북도,무주군,12,14
201705,전라북도,무주군,13,18
201705,전라북도,무주군,14,15
201705,전라북도,무주군,15,23
201705,전라북도,무주군,16,34
201705,전라북도,무주군,17,34
201705,전라북도,무주군,18,30
201705,전라북도,무주군,19,19
201705,전라북도,무주군,20,11
201705,전라북도,무주군,21,14
201705,전라북도,무주군,22,6
201705,전라북도,무주군,23,4
201705,전라북도,무주군,24,2
201705,전라북도,무주군,25,4
201705,전라북도,무주군,26,4
201705,전라북도,무주군,27,2
201705,전라북도,무주군,28,6
201705,전라북도,무주군,29,4
201705,전라북도,무주군,30,3
201705,전라북도,무주군,31,4
201705,전라북도,무주군,32,2
201705,전라북도,무주군,34,4
201705,전라북도,무주군,35,4
201705,전라북도,무주군,36,2
201705,전라북도,무주군,37,4
201705,전라북도,무주군,38,9
201705,전라북도,무주군,39,8
201705,전라북도,무주군,40,5
201705,전라북도,무주군,41,6
201705,전라북도,무주군,42,5
201705,전라북도,무주군,43,10
201705,전라북도,무주군,44,15
201705,전라북도,무주군,45,8
201705,전라북도,무주군,46,18
201705,전라북도,무주군,47,14
201705,전라북도,무주군,48,21
201705,전라북도,무주군,49,14
201705,전라북도,무주군,50,19
201705,전라북도,무주군,51,19
201705,전라북도,무주군,52,17
201705,전라북도,무주군,53,9
201705,전라북도,무주군,54,22
201705,전라북도,무주군,55,23
201705,전라북도,무주군,56,34
201705,전라북도,무주군,57,23
201705,전라북도,무주군,58,11
201705,전라북도,무주군,59,19
201705,전라북도,무주군,60,9
201705,전라북도,무주군,61,8
201705,전라북도,무주군,62,13
201705,전라북도,무주군,63,13
201705,전라북도,무주군,64,12
201705,전라북도,무주군,65,18
201705,전라북도,무주군,66,15
201705,전라북도,무주군,67,16
201705,전라북도,무주군,68,9
201705,전라북도,무주군,69,9
201705,전라북도,무주군,70,10
201705,전라북도,무주군,71,14
201705,전라북도,무주군,72,17
201705,전라북도,무주군,73,14
201705,전라북도,무주군,74,25
201705,전라북도,무주군,75,25
201705,전라북도,무주군,76,20
201705,전라북도,무주군,77,12
201705,전라북도,무주군,78,21
201705,전라북도,무주군,79,20
201705,전라북도,무주군,80,20
201705,전라북도,무주군,81,15
201705,전라북도,무주군,82,22
201705,전라북도,무주군,83,17
201705,전라북도,무주군,84,10
201705,전라북도,무주군,85,8
201705,전라북도,무주군,86,15
201705,전라북도,무주군,87,11
201705,전라북도,무주군,88,2
201705,전라북도,무주군,89,5
201705,전라북도,무주군,90,3
201705,전라북도,무주군,91,5
201705,전라북도,무주군,92,1
201705,전라북도,무주군,93,1
201705,전라북도,무주군,94,3
201705,전라북도,무주군,95,1
201705,전라북도,무주군,97,1
201705,전라북도,무주군,101,1
201705,전라북도,장수군,1,1
201705,전라북도,장수군,2,1
201705,전라북도,장수군,3,4
201705,전라북도,장수군,4,6
201705,전라북도,장수군,5,7
201705,전라북도,장수군,6,16
201705,전라북도,장수군,7,15
201705,전라북도,장수군,8,21
201705,전라북도,장수군,9,27
201705,전라북도,장수군,10,23
201705,전라북도,장수군,11,23
201705,전라북도,장수군,12,34
201705,전라북도,장수군,13,37
201705,전라북도,장수군,14,18
201705,전라북도,장수군,15,38
201705,전라북도,장수군,16,33
201705,전라북도,장수군,17,36
201705,전라북도,장수군,18,30
201705,전라북도,장수군,19,21
201705,전라북도,장수군,20,17
201705,전라북도,장수군,21,12
201705,전라북도,장수군,22,14
201705,전라북도,장수군,23,11
201705,전라북도,장수군,24,7
201705,전라북도,장수군,25,7
201705,전라북도,장수군,26,2
201705,전라북도,장수군,27,4
201705,전라북도,장수군,28,4
201705,전라북도,장수군,29,4
201705,전라북도,장수군,30,2
201705,전라북도,장수군,31,5
201705,전라북도,장수군,32,4
201705,전라북도,장수군,33,4
201705,전라북도,장수군,34,3
201705,전라북도,장수군,35,11
201705,전라북도,장수군,36,4
201705,전라북도,장수군,37,7
201705,전라북도,장수군,38,9
201705,전라북도,장수군,39,4
201705,전라북도,장수군,40,11
201705,전라북도,장수군,41,12
201705,전라북도,장수군,42,10
201705,전라북도,장수군,43,6
201705,전라북도,장수군,44,19
201705,전라북도,장수군,45,12
201705,전라북도,장수군,46,10
201705,전라북도,장수군,47,19
201705,전라북도,장수군,48,25
201705,전라북도,장수군,49,18
201705,전라북도,장수군,50,24
201705,전라북도,장수군,51,27
201705,전라북도,장수군,52,26
201705,전라북도,장수군,53,24
201705,전라북도,장수군,54,21
201705,전라북도,장수군,55,19
201705,전라북도,장수군,56,23
201705,전라북도,장수군,57,30
201705,전라북도,장수군,58,33
201705,전라북도,장수군,59,18
201705,전라북도,장수군,60,20
201705,전라북도,장수군,61,19
201705,전라북도,장수군,62,15
201705,전라북도,장수군,63,13
201705,전라북도,장수군,64,13
201705,전라북도,장수군,65,15
201705,전라북도,장수군,66,14
201705,전라북도,장수군,67,21
201705,전라북도,장수군,68,10
201705,전라북도,장수군,69,13
201705,전라북도,장수군,70,13
201705,전라북도,장수군,71,11
201705,전라북도,장수군,72,10
201705,전라북도,장수군,73,12
201705,전라북도,장수군,74,17
201705,전라북도,장수군,75,25
201705,전라북도,장수군,76,19
201705,전라북도,장수군,77,22
201705,전라북도,장수군,78,12
201705,전라북도,장수군,79,11
201705,전라북도,장수군,80,15
201705,전라북도,장수군,81,11
201705,전라북도,장수군,82,20
201705,전라북도,장수군,83,18
201705,전라북도,장수군,84,14
201705,전라북도,장수군,85,16
201705,전라북도,장수군,86,8
201705,전라북도,장수군,87,10
201705,전라북도,장수군,88,12
201705,전라북도,장수군,89,9
201705,전라북도,장수군,90,9
201705,전라북도,장수군,91,3
201705,전라북도,장수군,92,2
201705,전라북도,장수군,93,4
201705,전라북도,장수군,94,2
201705,전라북도,장수군,95,3
201705,전라북도,장수군,96,2
201705,전라북도,장수군,98,1
201705,전라북도,임실군,0,4
201705,전라북도,임실군,1,2
201705,전라북도,임실군,2,3
201705,전라북도,임실군,3,4
201705,전라북도,임실군,4,8
201705,전라북도,임실군,5,5
201705,전라북도,임실군,6,12
201705,전라북도,임실군,7,14
201705,전라북도,임실군,8,24
201705,전라북도,임실군,9,22
201705,전라북도,임실군,10,15
201705,전라북도,임실군,11,25
201705,전라북도,임실군,12,24
201705,전라북도,임실군,13,25
201705,전라북도,임실군,14,33
201705,전라북도,임실군,15,40
201705,전라북도,임실군,16,31
201705,전라북도,임실군,17,46
201705,전라북도,임실군,18,25
201705,전라북도,임실군,19,20
201705,전라북도,임실군,20,19
201705,전라북도,임실군,21,22
201705,전라북도,임실군,22,12
201705,전라북도,임실군,23,5
201705,전라북도,임실군,24,6
201705,전라북도,임실군,25,3
201705,전라북도,임실군,26,4
201705,전라북도,임실군,27,4
201705,전라북도,임실군,28,4
201705,전라북도,임실군,29,5
201705,전라북도,임실군,30,1
201705,전라북도,임실군,31,8
201705,전라북도,임실군,32,7
201705,전라북도,임실군,33,7
201705,전라북도,임실군,34,6
201705,전라북도,임실군,35,7
201705,전라북도,임실군,36,10
201705,전라북도,임실군,37,5
201705,전라북도,임실군,38,11
201705,전라북도,임실군,39,5
201705,전라북도,임실군,40,9
201705,전라북도,임실군,41,10
201705,전라북도,임실군,42,17
201705,전라북도,임실군,43,16
201705,전라북도,임실군,44,15
201705,전라북도,임실군,45,24
201705,전라북도,임실군,46,21
201705,전라북도,임실군,47,25
201705,전라북도,임실군,48,32
201705,전라북도,임실군,49,24
201705,전라북도,임실군,50,21
201705,전라북도,임실군,51,21
201705,전라북도,임실군,52,32
201705,전라북도,임실군,53,31
201705,전라북도,임실군,54,24
201705,전라북도,임실군,55,21
201705,전라북도,임실군,56,22
201705,전라북도,임실군,57,34
201705,전라북도,임실군,58,18
201705,전라북도,임실군,59,21
201705,전라북도,임실군,60,24
201705,전라북도,임실군,61,18
201705,전라북도,임실군,62,31
201705,전라북도,임실군,63,17
201705,전라북도,임실군,64,15
201705,전라북도,임실군,65,22
201705,전라북도,임실군,66,13
201705,전라북도,임실군,67,28
201705,전라북도,임실군,68,19
201705,전라북도,임실군,69,16
201705,전라북도,임실군,70,19
201705,전라북도,임실군,71,20
201705,전라북도,임실군,72,21
201705,전라북도,임실군,73,12
201705,전라북도,임실군,74,25
201705,전라북도,임실군,75,35
201705,전라북도,임실군,76,28
201705,전라북도,임실군,77,35
201705,전라북도,임실군,78,26
201705,전라북도,임실군,79,21
201705,전라북도,임실군,80,27
201705,전라북도,임실군,81,18
201705,전라북도,임실군,82,28
201705,전라북도,임실군,83,21
201705,전라북도,임실군,84,14
201705,전라북도,임실군,85,16
201705,전라북도,임실군,86,17
201705,전라북도,임실군,87,9
201705,전라북도,임실군,88,7
201705,전라북도,임실군,89,12
201705,전라북도,임실군,90,10
201705,전라북도,임실군,91,8
201705,전라북도,임실군,92,4
201705,전라북도,임실군,93,5
201705,전라북도,임실군,94,3
201705,전라북도,임실군,95,2
201705,전라북도,임실군,96,2
201705,전라북도,임실군,97,2
201705,전라북도,임실군,99,1
201705,전라북도,임실군,100,2
201705,전라북도,임실군,101,1
201705,전라북도,순창군,0,1
201705,전라북도,순창군,1,2
201705,전라북도,순창군,2,2
201705,전라북도,순창군,3,3
201705,전라북도,순창군,4,3
201705,전라북도,순창군,5,4
201705,전라북도,순창군,6,15
201705,전라북도,순창군,7,11
201705,전라북도,순창군,8,19
201705,전라북도,순창군,9,18
201705,전라북도,순창군,10,22
201705,전라북도,순창군,11,19
201705,전라북도,순창군,12,27
201705,전라북도,순창군,13,16
201705,전라북도,순창군,14,18
201705,전라북도,순창군,15,18
201705,전라북도,순창군,16,28
201705,전라북도,순창군,17,29
201705,전라북도,순창군,18,28
201705,전라북도,순창군,19,25
201705,전라북도,순창군,20,24
201705,전라북도,순창군,21,15
201705,전라북도,순창군,22,9
201705,전라북도,순창군,23,10
201705,전라북도,순창군,24,4
201705,전라북도,순창군,25,2
201705,전라북도,순창군,26,3
201705,전라북도,순창군,27,4
201705,전라북도,순창군,28,1
201705,전라북도,순창군,29,5
201705,전라북도,순창군,30,6
201705,전라북도,순창군,31,7
201705,전라북도,순창군,32,7
201705,전라북도,순창군,33,1
201705,전라북도,순창군,34,5
201705,전라북도,순창군,35,4
201705,전라북도,순창군,36,7
201705,전라북도,순창군,37,11
201705,전라북도,순창군,38,6
201705,전라북도,순창군,39,13
201705,전라북도,순창군,40,9
201705,전라북도,순창군,41,16
201705,전라북도,순창군,42,12
201705,전라북도,순창군,43,7
201705,전라북도,순창군,44,14
201705,전라북도,순창군,45,17
201705,전라북도,순창군,46,9
201705,전라북도,순창군,47,15
201705,전라북도,순창군,48,24
201705,전라북도,순창군,49,17
201705,전라북도,순창군,50,22
201705,전라북도,순창군,51,22
201705,전라북도,순창군,52,25
201705,전라북도,순창군,53,21
201705,전라북도,순창군,54,15
201705,전라북도,순창군,55,26
201705,전라북도,순창군,56,28
201705,전라북도,순창군,57,18
201705,전라북도,순창군,58,17
201705,전라북도,순창군,59,20
201705,전라북도,순창군,60,14
201705,전라북도,순창군,61,11
201705,전라북도,순창군,62,22
201705,전라북도,순창군,63,10
201705,전라북도,순창군,64,14
201705,전라북도,순창군,65,17
201705,전라북도,순창군,66,14
201705,전라북도,순창군,67,17
201705,전라북도,순창군,68,16
201705,전라북도,순창군,69,19
201705,전라북도,순창군,70,14
201705,전라북도,순창군,71,11
201705,전라북도,순창군,72,17
201705,전라북도,순창군,73,12
201705,전라북도,순창군,74,16
201705,전라북도,순창군,75,20
201705,전라북도,순창군,76,13
201705,전라북도,순창군,77,27
201705,전라북도,순창군,78,22
201705,전라북도,순창군,79,12
201705,전라북도,순창군,80,17
201705,전라북도,순창군,81,11
201705,전라북도,순창군,82,22
201705,전라북도,순창군,83,18
201705,전라북도,순창군,84,12
201705,전라북도,순창군,85,9
201705,전라북도,순창군,86,11
201705,전라북도,순창군,87,10
201705,전라북도,순창군,88,8
201705,전라북도,순창군,89,17
201705,전라북도,순창군,90,9
201705,전라북도,순창군,91,6
201705,전라북도,순창군,92,4
201705,전라북도,순창군,93,5
201705,전라북도,순창군,94,4
201705,전라북도,순창군,95,4
201705,전라북도,순창군,96,4
201705,전라북도,순창군,97,5
201705,전라북도,순창군,101,2
201705,전라북도,고창군,0,4
201705,전라북도,고창군,1,6
201705,전라북도,고창군,2,7
201705,전라북도,고창군,3,6
201705,전라북도,고창군,4,4
201705,전라북도,고창군,5,9
201705,전라북도,고창군,6,17
201705,전라북도,고창군,7,27
201705,전라북도,고창군,8,30
201705,전라북도,고창군,9,40
201705,전라북도,고창군,10,26
201705,전라북도,고창군,11,30
201705,전라북도,고창군,12,41
201705,전라북도,고창군,13,44
201705,전라북도,고창군,14,56
201705,전라북도,고창군,15,69
201705,전라북도,고창군,16,76
201705,전라북도,고창군,17,77
201705,전라북도,고창군,18,58
201705,전라북도,고창군,19,39
201705,전라북도,고창군,20,27
201705,전라북도,고창군,21,16
201705,전라북도,고창군,22,14
201705,전라북도,고창군,23,14
201705,전라북도,고창군,24,10
201705,전라북도,고창군,25,5
201705,전라북도,고창군,26,4
201705,전라북도,고창군,27,3
201705,전라북도,고창군,28,3
201705,전라북도,고창군,29,3
201705,전라북도,고창군,30,3
201705,전라북도,고창군,31,7
201705,전라북도,고창군,32,6
201705,전라북도,고창군,33,8
201705,전라북도,고창군,34,10
201705,전라북도,고창군,35,11
201705,전라북도,고창군,36,12
201705,전라북도,고창군,37,11
201705,전라북도,고창군,38,13
201705,전라북도,고창군,39,13
201705,전라북도,고창군,40,12
201705,전라북도,고창군,41,18
201705,전라북도,고창군,42,17
201705,전라북도,고창군,43,27
201705,전라북도,고창군,44,34
201705,전라북도,고창군,45,33
201705,전라북도,고창군,46,33
201705,전라북도,고창군,47,30
201705,전라북도,고창군,48,48
201705,전라북도,고창군,49,30
201705,전라북도,고창군,50,45
201705,전라북도,고창군,51,41
201705,전라북도,고창군,52,43
201705,전라북도,고창군,53,35
201705,전라북도,고창군,54,53
201705,전라북도,고창군,55,41
201705,전라북도,고창군,56,47
201705,전라북도,고창군,57,52
201705,전라북도,고창군,58,37
201705,전라북도,고창군,59,40
201705,전라북도,고창군,60,37
201705,전라북도,고창군,61,33
201705,전라북도,고창군,62,39
201705,전라북도,고창군,63,34
201705,전라북도,고창군,64,32
201705,전라북도,고창군,65,24
201705,전라북도,고창군,66,40
201705,전라북도,고창군,67,37
201705,전라북도,고창군,68,36
201705,전라북도,고창군,69,33
201705,전라북도,고창군,70,32
201705,전라북도,고창군,71,29
201705,전라북도,고창군,72,26
201705,전라북도,고창군,73,41
201705,전라북도,고창군,74,59
201705,전라북도,고창군,75,57
201705,전라북도,고창군,76,34
201705,전라북도,고창군,77,42
201705,전라북도,고창군,78,33
201705,전라북도,고창군,79,34
201705,전라북도,고창군,80,40
201705,전라북도,고창군,81,30
201705,전라북도,고창군,82,37
201705,전라북도,고창군,83,37
201705,전라북도,고창군,84,15
201705,전라북도,고창군,85,28
201705,전라북도,고창군,86,24
201705,전라북도,고창군,87,23
201705,전라북도,고창군,88,23
201705,전라북도,고창군,89,26
201705,전라북도,고창군,90,7
201705,전라북도,고창군,91,7
201705,전라북도,고창군,92,7
201705,전라북도,고창군,93,3
201705,전라북도,고창군,94,11
201705,전라북도,고창군,95,4
201705,전라북도,고창군,96,6
201705,전라북도,고창군,98,1
201705,전라북도,고창군,99,2
201705,전라북도,고창군,104,1
201705,전라북도,부안군,0,6
201705,전라북도,부안군,1,2
201705,전라북도,부안군,2,1
201705,전라북도,부안군,3,5
201705,전라북도,부안군,4,4
201705,전라북도,부안군,5,3
201705,전라북도,부안군,6,22
201705,전라북도,부안군,7,26
201705,전라북도,부안군,8,28
201705,전라북도,부안군,9,36
201705,전라북도,부안군,10,30
201705,전라북도,부안군,11,38
201705,전라북도,부안군,12,41
201705,전라북도,부안군,13,62
201705,전라북도,부안군,14,52
201705,전라북도,부안군,15,74
201705,전라북도,부안군,16,83
201705,전라북도,부안군,17,94
201705,전라북도,부안군,18,57
201705,전라북도,부안군,19,34
201705,전라북도,부안군,20,26
201705,전라북도,부안군,21,22
201705,전라북도,부안군,22,20
201705,전라북도,부안군,23,19
201705,전라북도,부안군,24,9
201705,전라북도,부안군,25,11
201705,전라북도,부안군,26,4
201705,전라북도,부안군,27,2
201705,전라북도,부안군,28,5
201705,전라북도,부안군,29,4
201705,전라북도,부안군,30,4
201705,전라북도,부안군,31,12
201705,전라북도,부안군,32,7
201705,전라북도,부안군,33,7
201705,전라북도,부안군,34,14
201705,전라북도,부안군,35,10
201705,전라북도,부안군,36,9
201705,전라북도,부안군,37,14
201705,전라북도,부안군,38,10
201705,전라북도,부안군,39,34
201705,전라북도,부안군,40,10
201705,전라북도,부안군,41,15
201705,전라북도,부안군,42,23
201705,전라북도,부안군,43,26
201705,전라북도,부안군,44,36
201705,전라북도,부안군,45,26
201705,전라북도,부안군,46,23
201705,전라북도,부안군,47,35
201705,전라북도,부안군,48,52
201705,전라북도,부안군,49,37
201705,전라북도,부안군,50,43
201705,전라북도,부안군,51,52
201705,전라북도,부안군,52,32
201705,전라북도,부안군,53,47
201705,전라북도,부안군,54,39
201705,전라북도,부안군,55,39
201705,전라북도,부안군,56,56
201705,전라북도,부안군,57,57
201705,전라북도,부안군,58,44
201705,전라북도,부안군,59,57
201705,전라북도,부안군,60,45
201705,전라북도,부안군,61,50
201705,전라북도,부안군,62,54
201705,전라북도,부안군,63,37
201705,전라북도,부안군,64,42
201705,전라북도,부안군,65,45
201705,전라북도,부안군,66,51
201705,전라북도,부안군,67,54
201705,전라북도,부안군,68,58
201705,전라북도,부안군,69,49
201705,전라북도,부안군,70,47
201705,전라북도,부안군,71,43
201705,전라북도,부안군,72,54
201705,전라북도,부안군,73,46
201705,전라북도,부안군,74,74
201705,전라북도,부안군,75,68
201705,전라북도,부안군,76,54
201705,전라북도,부안군,77,57
201705,전라북도,부안군,78,59
201705,전라북도,부안군,79,54
201705,전라북도,부안군,80,43
201705,전라북도,부안군,81,50
201705,전라북도,부안군,82,39
201705,전라북도,부안군,83,39
201705,전라북도,부안군,84,45
201705,전라북도,부안군,85,29
201705,전라북도,부안군,86,19
201705,전라북도,부안군,87,22
201705,전라북도,부안군,88,16
201705,전라북도,부안군,89,14
201705,전라북도,부안군,90,13
201705,전라북도,부안군,91,5
201705,전라북도,부안군,92,3
201705,전라북도,부안군,93,4
201705,전라북도,부안군,94,9
201705,전라북도,부안군,95,5
201705,전라북도,부안군,96,1
201705,전라북도,부안군,98,1
201705,전라북도,부안군,99,1
201705,전라북도,부안군,100,1
201705,전라북도,부안군,101,1
201705,전라북도,부안군,102,1
201705,전라북도,부안군,105,1
201705,전라남도,목포시,0,28
201705,전라남도,목포시,1,43
201705,전라남도,목포시,2,50
201705,전라남도,목포시,3,48
201705,전라남도,목포시,4,77
201705,전라남도,목포시,5,72
201705,전라남도,목포시,6,129
201705,전라남도,목포시,7,173
201705,전라남도,목포시,8,191
201705,전라남도,목포시,9,205
201705,전라남도,목포시,10,201
201705,전라남도,목포시,11,219
201705,전라남도,목포시,12,214
201705,전라남도,목포시,13,260
201705,전라남도,목포시,14,283
201705,전라남도,목포시,15,334
201705,전라남도,목포시,16,444
201705,전라남도,목포시,17,462
201705,전라남도,목포시,18,311
201705,전라남도,목포시,19,228
201705,전라남도,목포시,20,212
201705,전라남도,목포시,21,145
201705,전라남도,목포시,22,115
201705,전라남도,목포시,23,106
201705,전라남도,목포시,24,67
201705,전라남도,목포시,25,45
201705,전라남도,목포시,26,39
201705,전라남도,목포시,27,35
201705,전라남도,목포시,28,27
201705,전라남도,목포시,29,35
201705,전라남도,목포시,30,21
201705,전라남도,목포시,31,24
201705,전라남도,목포시,32,39
201705,전라남도,목포시,33,44
201705,전라남도,목포시,34,46
201705,전라남도,목포시,35,56
201705,전라남도,목포시,36,62
201705,전라남도,목포시,37,66
201705,전라남도,목포시,38,55
201705,전라남도,목포시,39,68
201705,전라남도,목포시,40,92
201705,전라남도,목포시,41,92
201705,전라남도,목포시,42,124
201705,전라남도,목포시,43,113
201705,전라남도,목포시,44,115
201705,전라남도,목포시,45,143
201705,전라남도,목포시,46,154
201705,전라남도,목포시,47,154
201705,전라남도,목포시,48,183
201705,전라남도,목포시,49,144
201705,전라남도,목포시,50,146
201705,전라남도,목포시,51,159
201705,전라남도,목포시,52,153
201705,전라남도,목포시,53,164
201705,전라남도,목포시,54,190
201705,전라남도,목포시,55,155
201705,전라남도,목포시,56,203
201705,전라남도,목포시,57,199
201705,전라남도,목포시,58,157
201705,전라남도,목포시,59,160
201705,전라남도,목포시,60,157
201705,전라남도,목포시,61,149
201705,전라남도,목포시,62,154
201705,전라남도,목포시,63,98
201705,전라남도,목포시,64,134
201705,전라남도,목포시,65,142
201705,전라남도,목포시,66,140
201705,전라남도,목포시,67,129
201705,전라남도,목포시,68,147
201705,전라남도,목포시,69,139
201705,전라남도,목포시,70,160
201705,전라남도,목포시,71,118
201705,전라남도,목포시,72,132
201705,전라남도,목포시,73,113
201705,전라남도,목포시,74,161
201705,전라남도,목포시,75,142
201705,전라남도,목포시,76,117
201705,전라남도,목포시,77,118
201705,전라남도,목포시,78,115
201705,전라남도,목포시,79,116
201705,전라남도,목포시,80,95
201705,전라남도,목포시,81,86
201705,전라남도,목포시,82,76
201705,전라남도,목포시,83,71
201705,전라남도,목포시,84,70
201705,전라남도,목포시,85,57
201705,전라남도,목포시,86,47
201705,전라남도,목포시,87,53
201705,전라남도,목포시,88,39
201705,전라남도,목포시,89,19
201705,전라남도,목포시,90,21
201705,전라남도,목포시,91,10
201705,전라남도,목포시,92,16
201705,전라남도,목포시,93,15
201705,전라남도,목포시,94,11
201705,전라남도,목포시,95,3
201705,전라남도,목포시,96,2
201705,전라남도,목포시,97,3
201705,전라남도,목포시,99,1
201705,전라남도,목포시,100,2
201705,전라남도,목포시,102,1
201705,전라남도,목포시,104,1
201705,전라남도,여수시,0,17
201705,전라남도,여수시,1,22
201705,전라남도,여수시,2,44
201705,전라남도,여수시,3,28
201705,전라남도,여수시,4,56
201705,전라남도,여수시,5,55
201705,전라남도,여수시,6,93
201705,전라남도,여수시,7,114
201705,전라남도,여수시,8,145
201705,전라남도,여수시,9,140
201705,전라남도,여수시,10,154
201705,전라남도,여수시,11,153
201705,전라남도,여수시,12,195
201705,전라남도,여수시,13,209
201705,전라남도,여수시,14,224
201705,전라남도,여수시,15,226
201705,전라남도,여수시,16,310
201705,전라남도,여수시,17,323
201705,전라남도,여수시,18,238
201705,전라남도,여수시,19,137
201705,전라남도,여수시,20,109
201705,전라남도,여수시,21,109
201705,전라남도,여수시,22,81
201705,전라남도,여수시,23,58
201705,전라남도,여수시,24,55
201705,전라남도,여수시,25,40
201705,전라남도,여수시,26,24
201705,전라남도,여수시,27,19
201705,전라남도,여수시,28,26
201705,전라남도,여수시,29,20
201705,전라남도,여수시,30,22
201705,전라남도,여수시,31,32
201705,전라남도,여수시,32,30
201705,전라남도,여수시,33,41
201705,전라남도,여수시,34,50
201705,전라남도,여수시,35,41
201705,전라남도,여수시,36,57
201705,전라남도,여수시,37,46
201705,전라남도,여수시,38,56
201705,전라남도,여수시,39,70
201705,전라남도,여수시,40,67
201705,전라남도,여수시,41,81
201705,전라남도,여수시,42,94
201705,전라남도,여수시,43,126
201705,전라남도,여수시,44,109
201705,전라남도,여수시,45,117
201705,전라남도,여수시,46,121
201705,전라남도,여수시,47,141
201705,전라남도,여수시,48,159
201705,전라남도,여수시,49,150
201705,전라남도,여수시,50,152
201705,전라남도,여수시,51,184
201705,전라남도,여수시,52,159
201705,전라남도,여수시,53,158
201705,전라남도,여수시,54,178
201705,전라남도,여수시,55,163
201705,전라남도,여수시,56,186
201705,전라남도,여수시,57,192
201705,전라남도,여수시,58,193
201705,전라남도,여수시,59,155
201705,전라남도,여수시,60,171
201705,전라남도,여수시,61,122
201705,전라남도,여수시,62,215
201705,전라남도,여수시,63,110
201705,전라남도,여수시,64,134
201705,전라남도,여수시,65,130
201705,전라남도,여수시,66,145
201705,전라남도,여수시,67,158
201705,전라남도,여수시,68,147
201705,전라남도,여수시,69,180
201705,전라남도,여수시,70,169
201705,전라남도,여수시,71,104
201705,전라남도,여수시,72,132
201705,전라남도,여수시,73,130
201705,전라남도,여수시,74,152
201705,전라남도,여수시,75,159
201705,전라남도,여수시,76,145
201705,전라남도,여수시,77,159
201705,전라남도,여수시,78,153
201705,전라남도,여수시,79,130
201705,전라남도,여수시,80,108
201705,전라남도,여수시,81,96
201705,전라남도,여수시,82,101
201705,전라남도,여수시,83,99
201705,전라남도,여수시,84,98
201705,전라남도,여수시,85,72
201705,전라남도,여수시,86,67
201705,전라남도,여수시,87,75
201705,전라남도,여수시,88,46
201705,전라남도,여수시,89,41
201705,전라남도,여수시,90,29
201705,전라남도,여수시,91,21
201705,전라남도,여수시,92,23
201705,전라남도,여수시,93,18
201705,전라남도,여수시,94,14
201705,전라남도,여수시,95,10
201705,전라남도,여수시,96,8
201705,전라남도,여수시,97,8
201705,전라남도,여수시,98,2
201705,전라남도,여수시,99,3
201705,전라남도,여수시,100,1
201705,전라남도,여수시,101,1
201705,전라남도,여수시,102,1
201705,전라남도,여수시,104,1
201705,전라남도,순천시,0,8
201705,전라남도,순천시,1,14
201705,전라남도,순천시,2,24
201705,전라남도,순천시,3,15
201705,전라남도,순천시,4,23
201705,전라남도,순천시,5,28
201705,전라남도,순천시,6,69
201705,전라남도,순천시,7,75
201705,전라남도,순천시,8,97
201705,전라남도,순천시,9,105
201705,전라남도,순천시,10,113
201705,전라남도,순천시,11,115
201705,전라남도,순천시,12,126
201705,전라남도,순천시,13,139
201705,전라남도,순천시,14,160
201705,전라남도,순천시,15,191
201705,전라남도,순천시,16,228
201705,전라남도,순천시,17,285
201705,전라남도,순천시,18,190
201705,전라남도,순천시,19,142
201705,전라남도,순천시,20,106
201705,전라남도,순천시,21,69
201705,전라남도,순천시,22,62
201705,전라남도,순천시,23,64
201705,전라남도,순천시,24,38
201705,전라남도,순천시,25,27
201705,전라남도,순천시,26,20
201705,전라남도,순천시,27,21
201705,전라남도,순천시,28,11
201705,전라남도,순천시,29,20
201705,전라남도,순천시,30,18
201705,전라남도,순천시,31,21
201705,전라남도,순천시,32,16
201705,전라남도,순천시,33,26
201705,전라남도,순천시,34,20
201705,전라남도,순천시,35,26
201705,전라남도,순천시,36,34
201705,전라남도,순천시,37,17
201705,전라남도,순천시,38,33
201705,전라남도,순천시,39,36
201705,전라남도,순천시,40,47
201705,전라남도,순천시,41,62
201705,전라남도,순천시,42,64
201705,전라남도,순천시,43,65
201705,전라남도,순천시,44,93
201705,전라남도,순천시,45,75
201705,전라남도,순천시,46,86
201705,전라남도,순천시,47,96
201705,전라남도,순천시,48,104
201705,전라남도,순천시,49,99
201705,전라남도,순천시,50,127
201705,전라남도,순천시,51,125
201705,전라남도,순천시,52,107
201705,전라남도,순천시,53,123
201705,전라남도,순천시,54,114
201705,전라남도,순천시,55,114
201705,전라남도,순천시,56,126
201705,전라남도,순천시,57,137
201705,전라남도,순천시,58,119
201705,전라남도,순천시,59,118
201705,전라남도,순천시,60,96
201705,전라남도,순천시,61,95
201705,전라남도,순천시,62,113
201705,전라남도,순천시,63,74
201705,전라남도,순천시,64,72
201705,전라남도,순천시,65,86
201705,전라남도,순천시,66,83
201705,전라남도,순천시,67,80
201705,전라남도,순천시,68,86
201705,전라남도,순천시,69,95
201705,전라남도,순천시,70,73
201705,전라남도,순천시,71,47
201705,전라남도,순천시,72,77
201705,전라남도,순천시,73,62
201705,전라남도,순천시,74,71
201705,전라남도,순천시,75,92
201705,전라남도,순천시,76,69
201705,전라남도,순천시,77,82
201705,전라남도,순천시,78,84
201705,전라남도,순천시,79,76
201705,전라남도,순천시,80,63
201705,전라남도,순천시,81,80
201705,전라남도,순천시,82,58
201705,전라남도,순천시,83,59
201705,전라남도,순천시,84,50
201705,전라남도,순천시,85,45
201705,전라남도,순천시,86,50
201705,전라남도,순천시,87,44
201705,전라남도,순천시,88,43
201705,전라남도,순천시,89,32
201705,전라남도,순천시,90,24
201705,전라남도,순천시,91,19
201705,전라남도,순천시,92,12
201705,전라남도,순천시,93,9
201705,전라남도,순천시,94,20
201705,전라남도,순천시,95,10
201705,전라남도,순천시,96,7
201705,전라남도,순천시,97,1
201705,전라남도,순천시,98,1
201705,전라남도,순천시,99,3
201705,전라남도,순천시,100,2
201705,전라남도,순천시,103,1
201705,전라남도,나주시,0,13
201705,전라남도,나주시,1,14
201705,전라남도,나주시,2,9
201705,전라남도,나주시,3,13
201705,전라남도,나주시,4,16
201705,전라남도,나주시,5,17
201705,전라남도,나주시,6,27
201705,전라남도,나주시,7,37
201705,전라남도,나주시,8,49
201705,전라남도,나주시,9,63
201705,전라남도,나주시,10,64
201705,전라남도,나주시,11,71
201705,전라남도,나주시,12,65
201705,전라남도,나주시,13,79
201705,전라남도,나주시,14,96
201705,전라남도,나주시,15,112
201705,전라남도,나주시,16,121
201705,전라남도,나주시,17,105
201705,전라남도,나주시,18,86
201705,전라남도,나주시,19,53
201705,전라남도,나주시,20,41
201705,전라남도,나주시,21,39
201705,전라남도,나주시,22,35
201705,전라남도,나주시,23,27
201705,전라남도,나주시,24,26
201705,전라남도,나주시,25,15
201705,전라남도,나주시,26,15
201705,전라남도,나주시,27,17
201705,전라남도,나주시,28,12
201705,전라남도,나주시,29,12
201705,전라남도,나주시,30,10
201705,전라남도,나주시,31,9
201705,전라남도,나주시,32,9
201705,전라남도,나주시,33,10
201705,전라남도,나주시,34,20
201705,전라남도,나주시,35,14
201705,전라남도,나주시,36,25
201705,전라남도,나주시,37,24
201705,전라남도,나주시,38,18
201705,전라남도,나주시,39,28
201705,전라남도,나주시,40,29
201705,전라남도,나주시,41,33
201705,전라남도,나주시,42,35
201705,전라남도,나주시,43,37
201705,전라남도,나주시,44,43
201705,전라남도,나주시,45,50
201705,전라남도,나주시,46,38
201705,전라남도,나주시,47,66
201705,전라남도,나주시,48,59
201705,전라남도,나주시,49,61
201705,전라남도,나주시,50,59
201705,전라남도,나주시,51,78
201705,전라남도,나주시,52,90
201705,전라남도,나주시,53,83
201705,전라남도,나주시,54,69
201705,전라남도,나주시,55,64
201705,전라남도,나주시,56,95
201705,전라남도,나주시,57,73
201705,전라남도,나주시,58,66
201705,전라남도,나주시,59,74
201705,전라남도,나주시,60,58
201705,전라남도,나주시,61,66
201705,전라남도,나주시,62,69
201705,전라남도,나주시,63,66
201705,전라남도,나주시,64,39
201705,전라남도,나주시,65,42
201705,전라남도,나주시,66,47
201705,전라남도,나주시,67,66
201705,전라남도,나주시,68,53
201705,전라남도,나주시,69,74
201705,전라남도,나주시,70,57
201705,전라남도,나주시,71,63
201705,전라남도,나주시,72,65
201705,전라남도,나주시,73,58
201705,전라남도,나주시,74,83
201705,전라남도,나주시,75,69
201705,전라남도,나주시,76,66
201705,전라남도,나주시,77,69
201705,전라남도,나주시,78,65
201705,전라남도,나주시,79,67
201705,전라남도,나주시,80,57
201705,전라남도,나주시,81,55
201705,전라남도,나주시,82,58
201705,전라남도,나주시,83,47
201705,전라남도,나주시,84,40
201705,전라남도,나주시,85,39
201705,전라남도,나주시,86,39
201705,전라남도,나주시,87,39
201705,전라남도,나주시,88,25
201705,전라남도,나주시,89,17
201705,전라남도,나주시,90,23
201705,전라남도,나주시,91,13
201705,전라남도,나주시,92,11
201705,전라남도,나주시,93,5
201705,전라남도,나주시,94,13
201705,전라남도,나주시,95,5
201705,전라남도,나주시,96,6
201705,전라남도,나주시,97,3
201705,전라남도,나주시,98,1
201705,전라남도,나주시,99,2
201705,전라남도,나주시,107,1
201705,전라남도,광양시,0,5
201705,전라남도,광양시,1,13
201705,전라남도,광양시,2,10
201705,전라남도,광양시,3,27
201705,전라남도,광양시,4,19
201705,전라남도,광양시,5,17
201705,전라남도,광양시,6,31
201705,전라남도,광양시,7,42
201705,전라남도,광양시,8,45
201705,전라남도,광양시,9,58
201705,전라남도,광양시,10,67
201705,전라남도,광양시,11,61
201705,전라남도,광양시,12,77
201705,전라남도,광양시,13,78
201705,전라남도,광양시,14,94
201705,전라남도,광양시,15,85
201705,전라남도,광양시,16,113
201705,전라남도,광양시,17,136
201705,전라남도,광양시,18,83
201705,전라남도,광양시,19,56
201705,전라남도,광양시,20,44
201705,전라남도,광양시,21,40
201705,전라남도,광양시,22,30
201705,전라남도,광양시,23,31
201705,전라남도,광양시,24,18
201705,전라남도,광양시,25,8
201705,전라남도,광양시,26,7
201705,전라남도,광양시,27,6
201705,전라남도,광양시,28,9
201705,전라남도,광양시,29,6
201705,전라남도,광양시,30,10
201705,전라남도,광양시,31,9
201705,전라남도,광양시,32,12
201705,전라남도,광양시,33,12
201705,전라남도,광양시,34,18
201705,전라남도,광양시,35,21
201705,전라남도,광양시,36,23
201705,전라남도,광양시,37,31
201705,전라남도,광양시,38,21
201705,전라남도,광양시,39,26
201705,전라남도,광양시,40,20
201705,전라남도,광양시,41,35
201705,전라남도,광양시,42,29
201705,전라남도,광양시,43,28
201705,전라남도,광양시,44,44
201705,전라남도,광양시,45,39
201705,전라남도,광양시,46,45
201705,전라남도,광양시,47,51
201705,전라남도,광양시,48,59
201705,전라남도,광양시,49,52
201705,전라남도,광양시,50,45
201705,전라남도,광양시,51,58
201705,전라남도,광양시,52,42
201705,전라남도,광양시,53,52
201705,전라남도,광양시,54,58
201705,전라남도,광양시,55,44
201705,전라남도,광양시,56,58
201705,전라남도,광양시,57,61
201705,전라남도,광양시,58,40
201705,전라남도,광양시,59,40
201705,전라남도,광양시,60,40
201705,전라남도,광양시,61,38
201705,전라남도,광양시,62,51
201705,전라남도,광양시,63,39
201705,전라남도,광양시,64,29
201705,전라남도,광양시,65,37
201705,전라남도,광양시,66,34
201705,전라남도,광양시,67,36
201705,전라남도,광양시,68,36
201705,전라남도,광양시,69,44
201705,전라남도,광양시,70,36
201705,전라남도,광양시,71,36
201705,전라남도,광양시,72,34
201705,전라남도,광양시,73,24
201705,전라남도,광양시,74,38
201705,전라남도,광양시,75,38
201705,전라남도,광양시,76,35
201705,전라남도,광양시,77,32
201705,전라남도,광양시,78,34
201705,전라남도,광양시,79,40
201705,전라남도,광양시,80,31
201705,전라남도,광양시,81,44
201705,전라남도,광양시,82,28
201705,전라남도,광양시,83,30
201705,전라남도,광양시,84,26
201705,전라남도,광양시,85,17
201705,전라남도,광양시,86,25
201705,전라남도,광양시,87,19
201705,전라남도,광양시,88,11
201705,전라남도,광양시,89,13
201705,전라남도,광양시,90,12
201705,전라남도,광양시,91,10
201705,전라남도,광양시,92,8
201705,전라남도,광양시,93,5
201705,전라남도,광양시,94,2
201705,전라남도,광양시,95,4
201705,전라남도,광양시,96,1
201705,전라남도,광양시,99,1
201705,전라남도,담양군,0,3
201705,전라남도,담양군,1,2
201705,전라남도,담양군,2,4
201705,전라남도,담양군,3,2
201705,전라남도,담양군,4,8
201705,전라남도,담양군,5,7
201705,전라남도,담양군,6,12
201705,전라남도,담양군,7,12
201705,전라남도,담양군,8,18
201705,전라남도,담양군,9,23
201705,전라남도,담양군,10,19
201705,전라남도,담양군,11,24
201705,전라남도,담양군,12,28
201705,전라남도,담양군,13,28
201705,전라남도,담양군,14,29
201705,전라남도,담양군,15,32
201705,전라남도,담양군,16,54
201705,전라남도,담양군,17,37
201705,전라남도,담양군,18,44
201705,전라남도,담양군,19,27
201705,전라남도,담양군,20,23
201705,전라남도,담양군,21,28
201705,전라남도,담양군,22,18
201705,전라남도,담양군,23,8
201705,전라남도,담양군,24,9
201705,전라남도,담양군,25,5
201705,전라남도,담양군,26,4
201705,전라남도,담양군,27,2
201705,전라남도,담양군,28,5
201705,전라남도,담양군,29,2
201705,전라남도,담양군,30,7
201705,전라남도,담양군,31,8
201705,전라남도,담양군,32,5
201705,전라남도,담양군,33,10
201705,전라남도,담양군,34,8
201705,전라남도,담양군,35,5
201705,전라남도,담양군,36,3
201705,전라남도,담양군,37,7
201705,전라남도,담양군,38,6
201705,전라남도,담양군,39,15
201705,전라남도,담양군,40,9
201705,전라남도,담양군,41,24
201705,전라남도,담양군,42,17
201705,전라남도,담양군,43,20
201705,전라남도,담양군,44,20
201705,전라남도,담양군,45,27
201705,전라남도,담양군,46,20
201705,전라남도,담양군,47,17
201705,전라남도,담양군,48,32
201705,전라남도,담양군,49,17
201705,전라남도,담양군,50,28
201705,전라남도,담양군,51,34
201705,전라남도,담양군,52,13
201705,전라남도,담양군,53,32
201705,전라남도,담양군,54,35
201705,전라남도,담양군,55,30
201705,전라남도,담양군,56,37
201705,전라남도,담양군,57,30
201705,전라남도,담양군,58,32
201705,전라남도,담양군,59,27
201705,전라남도,담양군,60,32
201705,전라남도,담양군,61,28
201705,전라남도,담양군,62,28
201705,전라남도,담양군,63,23
201705,전라남도,담양군,64,20
201705,전라남도,담양군,65,29
201705,전라남도,담양군,66,18
201705,전라남도,담양군,67,24
201705,전라남도,담양군,68,30
201705,전라남도,담양군,69,20
201705,전라남도,담양군,70,23
201705,전라남도,담양군,71,23
201705,전라남도,담양군,72,23
201705,전라남도,담양군,73,22
201705,전라남도,담양군,74,28
201705,전라남도,담양군,75,45
201705,전라남도,담양군,76,22
201705,전라남도,담양군,77,27
201705,전라남도,담양군,78,36
201705,전라남도,담양군,79,25
201705,전라남도,담양군,80,27
201705,전라남도,담양군,81,28
201705,전라남도,담양군,82,27
201705,전라남도,담양군,83,16
201705,전라남도,담양군,84,23
201705,전라남도,담양군,85,26
201705,전라남도,담양군,86,22
201705,전라남도,담양군,87,20
201705,전라남도,담양군,88,15
201705,전라남도,담양군,89,6
201705,전라남도,담양군,90,10
201705,전라남도,담양군,91,5
201705,전라남도,담양군,92,1
201705,전라남도,담양군,93,6
201705,전라남도,담양군,94,8
201705,전라남도,담양군,95,1
201705,전라남도,담양군,96,3
201705,전라남도,담양군,97,3
201705,전라남도,담양군,98,1
201705,전라남도,담양군,100,2
201705,전라남도,곡성군,0,1
201705,전라남도,곡성군,2,2
201705,전라남도,곡성군,3,1
201705,전라남도,곡성군,4,6
201705,전라남도,곡성군,5,1
201705,전라남도,곡성군,6,4
201705,전라남도,곡성군,7,11
201705,전라남도,곡성군,8,16
201705,전라남도,곡성군,9,16
201705,전라남도,곡성군,10,15
201705,전라남도,곡성군,11,23
201705,전라남도,곡성군,12,21
201705,전라남도,곡성군,13,25
201705,전라남도,곡성군,14,23
201705,전라남도,곡성군,15,33
201705,전라남도,곡성군,16,40
201705,전라남도,곡성군,17,26
201705,전라남도,곡성군,18,30
201705,전라남도,곡성군,19,23
201705,전라남도,곡성군,20,13
201705,전라남도,곡성군,21,15
201705,전라남도,곡성군,22,10
201705,전라남도,곡성군,23,6
201705,전라남도,곡성군,24,3
201705,전라남도,곡성군,25,3
201705,전라남도,곡성군,26,3
201705,전라남도,곡성군,27,2
201705,전라남도,곡성군,28,2
201705,전라남도,곡성군,29,6
201705,전라남도,곡성군,30,1
201705,전라남도,곡성군,31,2
201705,전라남도,곡성군,32,1
201705,전라남도,곡성군,33,1
201705,전라남도,곡성군,34,5
201705,전라남도,곡성군,35,10
201705,전라남도,곡성군,36,6
201705,전라남도,곡성군,37,4
201705,전라남도,곡성군,38,6
201705,전라남도,곡성군,39,8
201705,전라남도,곡성군,40,6
201705,전라남도,곡성군,41,12
201705,전라남도,곡성군,42,13
201705,전라남도,곡성군,43,13
201705,전라남도,곡성군,44,25
201705,전라남도,곡성군,45,16
201705,전라남도,곡성군,46,14
201705,전라남도,곡성군,47,13
201705,전라남도,곡성군,48,18
201705,전라남도,곡성군,49,18
201705,전라남도,곡성군,50,28
201705,전라남도,곡성군,51,23
201705,전라남도,곡성군,52,27
201705,전라남도,곡성군,53,32
201705,전라남도,곡성군,54,19
201705,전라남도,곡성군,55,23
201705,전라남도,곡성군,56,26
201705,전라남도,곡성군,57,29
201705,전라남도,곡성군,58,34
201705,전라남도,곡성군,59,18
201705,전라남도,곡성군,60,19
201705,전라남도,곡성군,61,25
201705,전라남도,곡성군,62,25
201705,전라남도,곡성군,63,14
201705,전라남도,곡성군,64,17
201705,전라남도,곡성군,65,16
201705,전라남도,곡성군,66,20
201705,전라남도,곡성군,67,16
201705,전라남도,곡성군,68,26
201705,전라남도,곡성군,69,17
201705,전라남도,곡성군,70,24
201705,전라남도,곡성군,71,21
201705,전라남도,곡성군,72,17
201705,전라남도,곡성군,73,18
201705,전라남도,곡성군,74,26
201705,전라남도,곡성군,75,29
201705,전라남도,곡성군,76,21
201705,전라남도,곡성군,77,22
201705,전라남도,곡성군,78,35
201705,전라남도,곡성군,79,23
201705,전라남도,곡성군,80,31
201705,전라남도,곡성군,81,24
201705,전라남도,곡성군,82,28
201705,전라남도,곡성군,83,24
201705,전라남도,곡성군,84,26
201705,전라남도,곡성군,85,19
201705,전라남도,곡성군,86,21
201705,전라남도,곡성군,87,15
201705,전라남도,곡성군,88,20
201705,전라남도,곡성군,89,15
201705,전라남도,곡성군,90,10
201705,전라남도,곡성군,91,8
201705,전라남도,곡성군,92,7
201705,전라남도,곡성군,93,4
201705,전라남도,곡성군,94,10
201705,전라남도,곡성군,95,1
201705,전라남도,곡성군,97,1
201705,전라남도,곡성군,102,1
201705,전라남도,구례군,1,3
201705,전라남도,구례군,3,3
201705,전라남도,구례군,4,5
201705,전라남도,구례군,5,4
201705,전라남도,구례군,6,6
201705,전라남도,구례군,7,8
201705,전라남도,구례군,8,14
201705,전라남도,구례군,9,15
201705,전라남도,구례군,10,20
201705,전라남도,구례군,11,18
201705,전라남도,구례군,12,27
201705,전라남도,구례군,13,18
201705,전라남도,구례군,14,21
201705,전라남도,구례군,15,34
201705,전라남도,구례군,16,27
201705,전라남도,구례군,17,41
201705,전라남도,구례군,18,20
201705,전라남도,구례군,19,15
201705,전라남도,구례군,20,10
201705,전라남도,구례군,21,13
201705,전라남도,구례군,22,13
201705,전라남도,구례군,23,6
201705,전라남도,구례군,24,3
201705,전라남도,구례군,25,4
201705,전라남도,구례군,26,3
201705,전라남도,구례군,27,2
201705,전라남도,구례군,28,1
201705,전라남도,구례군,29,1
201705,전라남도,구례군,31,3
201705,전라남도,구례군,32,1
201705,전라남도,구례군,33,1
201705,전라남도,구례군,34,7
201705,전라남도,구례군,35,4
201705,전라남도,구례군,36,6
201705,전라남도,구례군,37,5
201705,전라남도,구례군,38,8
201705,전라남도,구례군,39,13
201705,전라남도,구례군,40,11
201705,전라남도,구례군,41,11
201705,전라남도,구례군,42,14
201705,전라남도,구례군,43,14
201705,전라남도,구례군,44,13
201705,전라남도,구례군,45,14
201705,전라남도,구례군,46,18
201705,전라남도,구례군,47,21
201705,전라남도,구례군,48,25
201705,전라남도,구례군,49,13
201705,전라남도,구례군,50,20
201705,전라남도,구례군,51,17
201705,전라남도,구례군,52,18
201705,전라남도,구례군,53,19
201705,전라남도,구례군,54,19
201705,전라남도,구례군,55,19
201705,전라남도,구례군,56,26
201705,전라남도,구례군,57,26
201705,전라남도,구례군,58,27
201705,전라남도,구례군,59,21
201705,전라남도,구례군,60,14
201705,전라남도,구례군,61,18
201705,전라남도,구례군,62,27
201705,전라남도,구례군,63,19
201705,전라남도,구례군,64,26
201705,전라남도,구례군,65,14
201705,전라남도,구례군,66,14
201705,전라남도,구례군,67,19
201705,전라남도,구례군,68,14
201705,전라남도,구례군,69,25
201705,전라남도,구례군,70,23
201705,전라남도,구례군,71,20
201705,전라남도,구례군,72,19
201705,전라남도,구례군,73,28
201705,전라남도,구례군,74,22
201705,전라남도,구례군,75,35
201705,전라남도,구례군,76,20
201705,전라남도,구례군,77,25
201705,전라남도,구례군,78,20
201705,전라남도,구례군,79,24
201705,전라남도,구례군,80,22
201705,전라남도,구례군,81,16
201705,전라남도,구례군,82,23
201705,전라남도,구례군,83,16
201705,전라남도,구례군,84,8
201705,전라남도,구례군,85,16
201705,전라남도,구례군,86,13
201705,전라남도,구례군,87,12
201705,전라남도,구례군,88,8
201705,전라남도,구례군,89,8
201705,전라남도,구례군,90,11
201705,전라남도,구례군,91,6
201705,전라남도,구례군,92,3
201705,전라남도,구례군,93,3
201705,전라남도,구례군,94,5
201705,전라남도,구례군,95,4
201705,전라남도,구례군,96,2
201705,전라남도,구례군,97,2
201705,전라남도,구례군,98,2
201705,전라남도,구례군,101,1
201705,전라남도,고흥군,0,4
201705,전라남도,고흥군,1,6
201705,전라남도,고흥군,2,4
201705,전라남도,고흥군,3,8
201705,전라남도,고흥군,4,6
201705,전라남도,고흥군,5,12
201705,전라남도,고흥군,6,7
201705,전라남도,고흥군,7,18
201705,전라남도,고흥군,8,38
201705,전라남도,고흥군,9,42
201705,전라남도,고흥군,10,38
201705,전라남도,고흥군,11,29
201705,전라남도,고흥군,12,41
201705,전라남도,고흥군,13,41
201705,전라남도,고흥군,14,58
201705,전라남도,고흥군,15,61
201705,전라남도,고흥군,16,81
201705,전라남도,고흥군,17,98
201705,전라남도,고흥군,18,54
201705,전라남도,고흥군,19,37
201705,전라남도,고흥군,20,28
201705,전라남도,고흥군,21,19
201705,전라남도,고흥군,22,22
201705,전라남도,고흥군,23,8
201705,전라남도,고흥군,24,4
201705,전라남도,고흥군,25,5
201705,전라남도,고흥군,26,5
201705,전라남도,고흥군,27,4
201705,전라남도,고흥군,28,4
201705,전라남도,고흥군,29,8
201705,전라남도,고흥군,30,5
201705,전라남도,고흥군,31,8
201705,전라남도,고흥군,32,7
201705,전라남도,고흥군,33,10
201705,전라남도,고흥군,34,11
201705,전라남도,고흥군,35,16
201705,전라남도,고흥군,36,9
201705,전라남도,고흥군,37,10
201705,전라남도,고흥군,38,16
201705,전라남도,고흥군,39,18
201705,전라남도,고흥군,40,19
201705,전라남도,고흥군,41,26
201705,전라남도,고흥군,42,29
201705,전라남도,고흥군,43,34
201705,전라남도,고흥군,44,38
201705,전라남도,고흥군,45,26
201705,전라남도,고흥군,46,37
201705,전라남도,고흥군,47,40
201705,전라남도,고흥군,48,53
201705,전라남도,고흥군,49,51
201705,전라남도,고흥군,50,54
201705,전라남도,고흥군,51,47
201705,전라남도,고흥군,52,47
201705,전라남도,고흥군,53,47
201705,전라남도,고흥군,54,56
201705,전라남도,고흥군,55,68
201705,전라남도,고흥군,56,75
201705,전라남도,고흥군,57,76
201705,전라남도,고흥군,58,60
201705,전라남도,고흥군,59,60
201705,전라남도,고흥군,60,51
201705,전라남도,고흥군,61,45
201705,전라남도,고흥군,62,61
201705,전라남도,고흥군,63,43
201705,전라남도,고흥군,64,38
201705,전라남도,고흥군,65,54
201705,전라남도,고흥군,66,62
201705,전라남도,고흥군,67,53
201705,전라남도,고흥군,68,59
201705,전라남도,고흥군,69,64
201705,전라남도,고흥군,70,55
201705,전라남도,고흥군,71,50
201705,전라남도,고흥군,72,54
201705,전라남도,고흥군,73,53
201705,전라남도,고흥군,74,90
201705,전라남도,고흥군,75,74
201705,전라남도,고흥군,76,67
201705,전라남도,고흥군,77,73
201705,전라남도,고흥군,78,81
201705,전라남도,고흥군,79,82
201705,전라남도,고흥군,80,86
201705,전라남도,고흥군,81,70
201705,전라남도,고흥군,82,62
201705,전라남도,고흥군,83,76
201705,전라남도,고흥군,84,72
201705,전라남도,고흥군,85,64
201705,전라남도,고흥군,86,52
201705,전라남도,고흥군,87,53
201705,전라남도,고흥군,88,33
201705,전라남도,고흥군,89,25
201705,전라남도,고흥군,90,21
201705,전라남도,고흥군,91,21
201705,전라남도,고흥군,92,16
201705,전라남도,고흥군,93,15
201705,전라남도,고흥군,94,18
201705,전라남도,고흥군,95,10
201705,전라남도,고흥군,96,5
201705,전라남도,고흥군,97,9
201705,전라남도,고흥군,98,2
201705,전라남도,고흥군,99,1
201705,전라남도,고흥군,100,3
201705,전라남도,고흥군,101,1
201705,전라남도,보성군,0,1
201705,전라남도,보성군,1,5
201705,전라남도,보성군,2,3
201705,전라남도,보성군,3,6
201705,전라남도,보성군,4,9
201705,전라남도,보성군,5,10
201705,전라남도,보성군,6,11
201705,전라남도,보성군,7,17
201705,전라남도,보성군,8,22
201705,전라남도,보성군,9,31
201705,전라남도,보성군,10,36
201705,전라남도,보성군,11,33
201705,전라남도,보성군,12,27
201705,전라남도,보성군,13,37
201705,전라남도,보성군,14,51
201705,전라남도,보성군,15,43
201705,전라남도,보성군,16,71
201705,전라남도,보성군,17,79
201705,전라남도,보성군,18,52
201705,전라남도,보성군,19,31
201705,전라남도,보성군,20,28
201705,전라남도,보성군,21,15
201705,전라남도,보성군,22,9
201705,전라남도,보성군,23,15
201705,전라남도,보성군,24,8
201705,전라남도,보성군,25,4
201705,전라남도,보성군,26,5
201705,전라남도,보성군,27,4
201705,전라남도,보성군,28,5
201705,전라남도,보성군,29,2
201705,전라남도,보성군,30,5
201705,전라남도,보성군,31,4
201705,전라남도,보성군,32,4
201705,전라남도,보성군,33,6
201705,전라남도,보성군,34,9
201705,전라남도,보성군,35,11
201705,전라남도,보성군,36,10
201705,전라남도,보성군,37,11
201705,전라남도,보성군,38,8
201705,전라남도,보성군,39,18
201705,전라남도,보성군,40,10
201705,전라남도,보성군,41,27
201705,전라남도,보성군,42,19
201705,전라남도,보성군,43,19
201705,전라남도,보성군,44,22
201705,전라남도,보성군,45,23
201705,전라남도,보성군,46,26
201705,전라남도,보성군,47,31
201705,전라남도,보성군,48,35
201705,전라남도,보성군,49,27
201705,전라남도,보성군,50,34
201705,전라남도,보성군,51,38
201705,전라남도,보성군,52,43
201705,전라남도,보성군,53,33
201705,전라남도,보성군,54,51
201705,전라남도,보성군,55,29
201705,전라남도,보성군,56,43
201705,전라남도,보성군,57,50
201705,전라남도,보성군,58,51
201705,전라남도,보성군,59,34
201705,전라남도,보성군,60,34
201705,전라남도,보성군,61,32
201705,전라남도,보성군,62,56
201705,전라남도,보성군,63,31
201705,전라남도,보성군,64,30
201705,전라남도,보성군,65,29
201705,전라남도,보성군,66,25
201705,전라남도,보성군,67,32
201705,전라남도,보성군,68,31
201705,전라남도,보성군,69,24
201705,전라남도,보성군,70,25
201705,전라남도,보성군,71,27
201705,전라남도,보성군,72,34
201705,전라남도,보성군,73,28
201705,전라남도,보성군,74,37
201705,전라남도,보성군,75,36
201705,전라남도,보성군,76,34
201705,전라남도,보성군,77,36
201705,전라남도,보성군,78,45
201705,전라남도,보성군,79,40
201705,전라남도,보성군,80,39
201705,전라남도,보성군,81,33
201705,전라남도,보성군,82,25
201705,전라남도,보성군,83,28
201705,전라남도,보성군,84,27
201705,전라남도,보성군,85,25
201705,전라남도,보성군,86,24
201705,전라남도,보성군,87,28
201705,전라남도,보성군,88,17
201705,전라남도,보성군,89,18
201705,전라남도,보성군,90,7
201705,전라남도,보성군,91,19
201705,전라남도,보성군,92,6
201705,전라남도,보성군,93,3
201705,전라남도,보성군,94,13
201705,전라남도,보성군,95,2
201705,전라남도,보성군,96,4
201705,전라남도,보성군,97,2
201705,전라남도,보성군,98,4
201705,전라남도,보성군,100,1
201705,전라남도,화순군,0,4
201705,전라남도,화순군,1,10
201705,전라남도,화순군,2,4
201705,전라남도,화순군,3,4
201705,전라남도,화순군,4,7
201705,전라남도,화순군,5,15
201705,전라남도,화순군,6,11
201705,전라남도,화순군,7,24
201705,전라남도,화순군,8,19
201705,전라남도,화순군,9,30
201705,전라남도,화순군,10,33
201705,전라남도,화순군,11,41
201705,전라남도,화순군,12,36
201705,전라남도,화순군,13,51
201705,전라남도,화순군,14,49
201705,전라남도,화순군,15,62
201705,전라남도,화순군,16,82
201705,전라남도,화순군,17,86
201705,전라남도,화순군,18,65
201705,전라남도,화순군,19,44
201705,전라남도,화순군,20,30
201705,전라남도,화순군,21,25
201705,전라남도,화순군,22,27
201705,전라남도,화순군,23,14
201705,전라남도,화순군,24,12
201705,전라남도,화순군,25,4
201705,전라남도,화순군,26,9
201705,전라남도,화순군,27,9
201705,전라남도,화순군,28,10
201705,전라남도,화순군,29,6
201705,전라남도,화순군,30,5
201705,전라남도,화순군,31,4
201705,전라남도,화순군,32,8
201705,전라남도,화순군,33,14
201705,전라남도,화순군,34,13
201705,전라남도,화순군,35,12
201705,전라남도,화순군,36,13
201705,전라남도,화순군,37,12
201705,전라남도,화순군,38,17
201705,전라남도,화순군,39,16
201705,전라남도,화순군,40,22
201705,전라남도,화순군,41,27
201705,전라남도,화순군,42,20
201705,전라남도,화순군,43,35
201705,전라남도,화순군,44,32
201705,전라남도,화순군,45,26
201705,전라남도,화순군,46,51
201705,전라남도,화순군,47,46
201705,전라남도,화순군,48,53
201705,전라남도,화순군,49,46
201705,전라남도,화순군,50,41
201705,전라남도,화순군,51,60
201705,전라남도,화순군,52,42
201705,전라남도,화순군,53,54
201705,전라남도,화순군,54,46
201705,전라남도,화순군,55,54
201705,전라남도,화순군,56,51
201705,전라남도,화순군,57,50
201705,전라남도,화순군,58,35
201705,전라남도,화순군,59,40
201705,전라남도,화순군,60,24
201705,전라남도,화순군,61,36
201705,전라남도,화순군,62,30
201705,전라남도,화순군,63,26
201705,전라남도,화순군,64,28
201705,전라남도,화순군,65,38
201705,전라남도,화순군,66,31
201705,전라남도,화순군,67,29
201705,전라남도,화순군,68,25
201705,전라남도,화순군,69,32
201705,전라남도,화순군,70,29
201705,전라남도,화순군,71,31
201705,전라남도,화순군,72,34
201705,전라남도,화순군,73,36
201705,전라남도,화순군,74,35
201705,전라남도,화순군,75,50
201705,전라남도,화순군,76,33
201705,전라남도,화순군,77,46
201705,전라남도,화순군,78,30
201705,전라남도,화순군,79,30
201705,전라남도,화순군,80,36
201705,전라남도,화순군,81,43
201705,전라남도,화순군,82,36
201705,전라남도,화순군,83,30
201705,전라남도,화순군,84,33
201705,전라남도,화순군,85,32
201705,전라남도,화순군,86,22
201705,전라남도,화순군,87,21
201705,전라남도,화순군,88,12
201705,전라남도,화순군,89,17
201705,전라남도,화순군,90,8
201705,전라남도,화순군,91,10
201705,전라남도,화순군,92,2
201705,전라남도,화순군,93,8
201705,전라남도,화순군,94,6
201705,전라남도,화순군,95,3
201705,전라남도,화순군,96,1
201705,전라남도,화순군,109,1
201705,전라남도,장흥군,0,5
201705,전라남도,장흥군,1,10
201705,전라남도,장흥군,2,10
201705,전라남도,장흥군,3,6
201705,전라남도,장흥군,4,14
201705,전라남도,장흥군,5,14
201705,전라남도,장흥군,6,18
201705,전라남도,장흥군,7,21
201705,전라남도,장흥군,8,22
201705,전라남도,장흥군,9,31
201705,전라남도,장흥군,10,39
201705,전라남도,장흥군,11,26
201705,전라남도,장흥군,12,26
201705,전라남도,장흥군,13,42
201705,전라남도,장흥군,14,49
201705,전라남도,장흥군,15,67
201705,전라남도,장흥군,16,61
201705,전라남도,장흥군,17,70
201705,전라남도,장흥군,18,56
201705,전라남도,장흥군,19,41
201705,전라남도,장흥군,20,27
201705,전라남도,장흥군,21,17
201705,전라남도,장흥군,22,14
201705,전라남도,장흥군,23,9
201705,전라남도,장흥군,24,5
201705,전라남도,장흥군,25,7
201705,전라남도,장흥군,26,4
201705,전라남도,장흥군,27,7
201705,전라남도,장흥군,28,8
201705,전라남도,장흥군,29,3
201705,전라남도,장흥군,30,6
201705,전라남도,장흥군,31,9
201705,전라남도,장흥군,32,9
201705,전라남도,장흥군,33,5
201705,전라남도,장흥군,34,8
201705,전라남도,장흥군,35,11
201705,전라남도,장흥군,36,7
201705,전라남도,장흥군,37,16
201705,전라남도,장흥군,38,12
201705,전라남도,장흥군,39,16
201705,전라남도,장흥군,40,20
201705,전라남도,장흥군,41,17
201705,전라남도,장흥군,42,13
201705,전라남도,장흥군,43,19
201705,전라남도,장흥군,44,22
201705,전라남도,장흥군,45,24
201705,전라남도,장흥군,46,34
201705,전라남도,장흥군,47,38
201705,전라남도,장흥군,48,43
201705,전라남도,장흥군,49,37
201705,전라남도,장흥군,50,36
201705,전라남도,장흥군,51,37
201705,전라남도,장흥군,52,54
201705,전라남도,장흥군,53,36
201705,전라남도,장흥군,54,36
201705,전라남도,장흥군,55,51
201705,전라남도,장흥군,56,48
201705,전라남도,장흥군,57,44
201705,전라남도,장흥군,58,38
201705,전라남도,장흥군,59,39
201705,전라남도,장흥군,60,35
201705,전라남도,장흥군,61,39
201705,전라남도,장흥군,62,35
201705,전라남도,장흥군,63,21
201705,전라남도,장흥군,64,19
201705,전라남도,장흥군,65,30
201705,전라남도,장흥군,66,28
201705,전라남도,장흥군,67,30
201705,전라남도,장흥군,68,42
201705,전라남도,장흥군,69,36
201705,전라남도,장흥군,70,34
201705,전라남도,장흥군,71,22
201705,전라남도,장흥군,72,29
201705,전라남도,장흥군,73,26
201705,전라남도,장흥군,74,44
201705,전라남도,장흥군,75,40
201705,전라남도,장흥군,76,44
201705,전라남도,장흥군,77,36
201705,전라남도,장흥군,78,39
201705,전라남도,장흥군,79,41
201705,전라남도,장흥군,80,37
201705,전라남도,장흥군,81,39
201705,전라남도,장흥군,82,27
201705,전라남도,장흥군,83,25
201705,전라남도,장흥군,84,26
201705,전라남도,장흥군,85,17
201705,전라남도,장흥군,86,21
201705,전라남도,장흥군,87,23
201705,전라남도,장흥군,88,21
201705,전라남도,장흥군,89,14
201705,전라남도,장흥군,90,12
201705,전라남도,장흥군,91,13
201705,전라남도,장흥군,92,4
201705,전라남도,장흥군,93,8
201705,전라남도,장흥군,94,6
201705,전라남도,장흥군,95,4
201705,전라남도,장흥군,96,3
201705,전라남도,장흥군,97,3
201705,전라남도,장흥군,99,1
201705,전라남도,장흥군,103,1
201705,전라남도,장흥군,104,1
201705,전라남도,강진군,0,4
201705,전라남도,강진군,1,2
201705,전라남도,강진군,2,5
201705,전라남도,강진군,3,10
201705,전라남도,강진군,4,11
201705,전라남도,강진군,5,7
201705,전라남도,강진군,6,18
201705,전라남도,강진군,7,15
201705,전라남도,강진군,8,22
201705,전라남도,강진군,9,23
201705,전라남도,강진군,10,20
201705,전라남도,강진군,11,29
201705,전라남도,강진군,12,34
201705,전라남도,강진군,13,40
201705,전라남도,강진군,14,24
201705,전라남도,강진군,15,41
201705,전라남도,강진군,16,46
201705,전라남도,강진군,17,49
201705,전라남도,강진군,18,28
201705,전라남도,강진군,19,25
201705,전라남도,강진군,20,26
201705,전라남도,강진군,21,24
201705,전라남도,강진군,22,10
201705,전라남도,강진군,23,9
201705,전라남도,강진군,24,9
201705,전라남도,강진군,25,10
201705,전라남도,강진군,26,2
201705,전라남도,강진군,27,2
201705,전라남도,강진군,28,5
201705,전라남도,강진군,29,6
201705,전라남도,강진군,30,9
201705,전라남도,강진군,31,6
201705,전라남도,강진군,32,9
201705,전라남도,강진군,33,7
201705,전라남도,강진군,34,8
201705,전라남도,강진군,35,10
201705,전라남도,강진군,36,7
201705,전라남도,강진군,37,12
201705,전라남도,강진군,38,9
201705,전라남도,강진군,39,11
201705,전라남도,강진군,40,7
201705,전라남도,강진군,41,12
201705,전라남도,강진군,42,25
201705,전라남도,강진군,43,13
201705,전라남도,강진군,44,25
201705,전라남도,강진군,45,22
201705,전라남도,강진군,46,19
201705,전라남도,강진군,47,14
201705,전라남도,강진군,48,22
201705,전라남도,강진군,49,32
201705,전라남도,강진군,50,30
201705,전라남도,강진군,51,33
201705,전라남도,강진군,52,34
201705,전라남도,강진군,53,23
201705,전라남도,강진군,54,37
201705,전라남도,강진군,55,34
201705,전라남도,강진군,56,43
201705,전라남도,강진군,57,36
201705,전라남도,강진군,58,45
201705,전라남도,강진군,59,33
201705,전라남도,강진군,60,36
201705,전라남도,강진군,61,19
201705,전라남도,강진군,62,28
201705,전라남도,강진군,63,19
201705,전라남도,강진군,64,20
201705,전라남도,강진군,65,34
201705,전라남도,강진군,66,18
201705,전라남도,강진군,67,33
201705,전라남도,강진군,68,24
201705,전라남도,강진군,69,28
201705,전라남도,강진군,70,32
201705,전라남도,강진군,71,24
201705,전라남도,강진군,72,35
201705,전라남도,강진군,73,27
201705,전라남도,강진군,74,32
201705,전라남도,강진군,75,28
201705,전라남도,강진군,76,31
201705,전라남도,강진군,77,27
201705,전라남도,강진군,78,29
201705,전라남도,강진군,79,36
201705,전라남도,강진군,80,31
201705,전라남도,강진군,81,23
201705,전라남도,강진군,82,20
201705,전라남도,강진군,83,31
201705,전라남도,강진군,84,18
201705,전라남도,강진군,85,20
201705,전라남도,강진군,86,16
201705,전라남도,강진군,87,17
201705,전라남도,강진군,88,6
201705,전라남도,강진군,89,6
201705,전라남도,강진군,90,6
201705,전라남도,강진군,91,8
201705,전라남도,강진군,92,2
201705,전라남도,강진군,93,2
201705,전라남도,강진군,94,3
201705,전라남도,강진군,95,2
201705,전라남도,강진군,97,1
201705,전라남도,강진군,98,2
201705,전라남도,강진군,106,1
201705,전라남도,해남군,0,2
201705,전라남도,해남군,1,8
201705,전라남도,해남군,2,5
201705,전라남도,해남군,3,6
201705,전라남도,해남군,4,7
201705,전라남도,해남군,5,13
201705,전라남도,해남군,6,16
201705,전라남도,해남군,7,24
201705,전라남도,해남군,8,33
201705,전라남도,해남군,9,39
201705,전라남도,해남군,10,36
201705,전라남도,해남군,11,37
201705,전라남도,해남군,12,61
201705,전라남도,해남군,13,67
201705,전라남도,해남군,14,52
201705,전라남도,해남군,15,72
201705,전라남도,해남군,16,98
201705,전라남도,해남군,17,81
201705,전라남도,해남군,18,69
201705,전라남도,해남군,19,36
201705,전라남도,해남군,20,27
201705,전라남도,해남군,21,20
201705,전라남도,해남군,22,9
201705,전라남도,해남군,23,13
201705,전라남도,해남군,24,10
201705,전라남도,해남군,25,9
201705,전라남도,해남군,26,3
201705,전라남도,해남군,27,5
201705,전라남도,해남군,28,6
201705,전라남도,해남군,29,9
201705,전라남도,해남군,30,10
201705,전라남도,해남군,31,12
201705,전라남도,해남군,32,5
201705,전라남도,해남군,33,6
201705,전라남도,해남군,34,12
201705,전라남도,해남군,35,12
201705,전라남도,해남군,36,16
201705,전라남도,해남군,37,17
201705,전라남도,해남군,38,15
201705,전라남도,해남군,39,16
201705,전라남도,해남군,40,21
201705,전라남도,해남군,41,25
201705,전라남도,해남군,42,12
201705,전라남도,해남군,43,36
201705,전라남도,해남군,44,32
201705,전라남도,해남군,45,39
201705,전라남도,해남군,46,37
201705,전라남도,해남군,47,37
201705,전라남도,해남군,48,43
201705,전라남도,해남군,49,34
201705,전라남도,해남군,50,43
201705,전라남도,해남군,51,53
201705,전라남도,해남군,52,51
201705,전라남도,해남군,53,55
201705,전라남도,해남군,54,53
201705,전라남도,해남군,55,63
201705,전라남도,해남군,56,80
201705,전라남도,해남군,57,76
201705,전라남도,해남군,58,60
201705,전라남도,해남군,59,55
201705,전라남도,해남군,60,54
201705,전라남도,해남군,61,50
201705,전라남도,해남군,62,48
201705,전라남도,해남군,63,36
201705,전라남도,해남군,64,37
201705,전라남도,해남군,65,52
201705,전라남도,해남군,66,50
201705,전라남도,해남군,67,47
201705,전라남도,해남군,68,50
201705,전라남도,해남군,69,53
201705,전라남도,해남군,70,43
201705,전라남도,해남군,71,44
201705,전라남도,해남군,72,58
201705,전라남도,해남군,73,42
201705,전라남도,해남군,74,69
201705,전라남도,해남군,75,61
201705,전라남도,해남군,76,75
201705,전라남도,해남군,77,62
201705,전라남도,해남군,78,54
201705,전라남도,해남군,79,69
201705,전라남도,해남군,80,50
201705,전라남도,해남군,81,43
201705,전라남도,해남군,82,57
201705,전라남도,해남군,83,37
201705,전라남도,해남군,84,29
201705,전라남도,해남군,85,34
201705,전라남도,해남군,86,29
201705,전라남도,해남군,87,29
201705,전라남도,해남군,88,23
201705,전라남도,해남군,89,13
201705,전라남도,해남군,90,21
201705,전라남도,해남군,91,9
201705,전라남도,해남군,92,8
201705,전라남도,해남군,93,10
201705,전라남도,해남군,94,6
201705,전라남도,해남군,95,3
201705,전라남도,해남군,96,3
201705,전라남도,해남군,97,4
201705,전라남도,해남군,98,2
201705,전라남도,해남군,100,1
201705,전라남도,해남군,102,1
201705,전라남도,영암군,0,3
201705,전라남도,영암군,1,2
201705,전라남도,영암군,2,6
201705,전라남도,영암군,3,3
201705,전라남도,영암군,4,8
201705,전라남도,영암군,5,6
201705,전라남도,영암군,6,22
201705,전라남도,영암군,7,19
201705,전라남도,영암군,8,27
201705,전라남도,영암군,9,26
201705,전라남도,영암군,10,45
201705,전라남도,영암군,11,28
201705,전라남도,영암군,12,36
201705,전라남도,영암군,13,41
201705,전라남도,영암군,14,52
201705,전라남도,영암군,15,54
201705,전라남도,영암군,16,65
201705,전라남도,영암군,17,70
201705,전라남도,영암군,18,44
201705,전라남도,영암군,19,27
201705,전라남도,영암군,20,24
201705,전라남도,영암군,21,17
201705,전라남도,영암군,22,22
201705,전라남도,영암군,23,7
201705,전라남도,영암군,24,7
201705,전라남도,영암군,25,10
201705,전라남도,영암군,26,5
201705,전라남도,영암군,27,5
201705,전라남도,영암군,28,4
201705,전라남도,영암군,29,6
201705,전라남도,영암군,30,6
201705,전라남도,영암군,31,3
201705,전라남도,영암군,32,6
201705,전라남도,영암군,33,4
201705,전라남도,영암군,34,6
201705,전라남도,영암군,35,5
201705,전라남도,영암군,36,7
201705,전라남도,영암군,37,8
201705,전라남도,영암군,38,17
201705,전라남도,영암군,39,13
201705,전라남도,영암군,40,15
201705,전라남도,영암군,41,12
201705,전라남도,영암군,42,18
201705,전라남도,영암군,43,12
201705,전라남도,영암군,44,18
201705,전라남도,영암군,45,37
201705,전라남도,영암군,46,21
201705,전라남도,영암군,47,24
201705,전라남도,영암군,48,29
201705,전라남도,영암군,49,29
201705,전라남도,영암군,50,31
201705,전라남도,영암군,51,35
201705,전라남도,영암군,52,28
201705,전라남도,영암군,53,36
201705,전라남도,영암군,54,31
201705,전라남도,영암군,55,21
201705,전라남도,영암군,56,25
201705,전라남도,영암군,57,42
201705,전라남도,영암군,58,30
201705,전라남도,영암군,59,35
201705,전라남도,영암군,60,26
201705,전라남도,영암군,61,28
201705,전라남도,영암군,62,30
201705,전라남도,영암군,63,15
201705,전라남도,영암군,64,26
201705,전라남도,영암군,65,19
201705,전라남도,영암군,66,26
201705,전라남도,영암군,67,34
201705,전라남도,영암군,68,27
201705,전라남도,영암군,69,39
201705,전라남도,영암군,70,24
201705,전라남도,영암군,71,18
201705,전라남도,영암군,72,28
201705,전라남도,영암군,73,26
201705,전라남도,영암군,74,42
201705,전라남도,영암군,75,44
201705,전라남도,영암군,76,28
201705,전라남도,영암군,77,40
201705,전라남도,영암군,78,25
201705,전라남도,영암군,79,20
201705,전라남도,영암군,80,29
201705,전라남도,영암군,81,35
201705,전라남도,영암군,82,32
201705,전라남도,영암군,83,19
201705,전라남도,영암군,84,29
201705,전라남도,영암군,85,28
201705,전라남도,영암군,86,19
201705,전라남도,영암군,87,13
201705,전라남도,영암군,88,11
201705,전라남도,영암군,89,12
201705,전라남도,영암군,90,10
201705,전라남도,영암군,91,6
201705,전라남도,영암군,92,7
201705,전라남도,영암군,93,7
201705,전라남도,영암군,94,2
201705,전라남도,영암군,95,1
201705,전라남도,영암군,96,2
201705,전라남도,영암군,99,1
201705,전라남도,무안군,1,4
201705,전라남도,무안군,2,3
201705,전라남도,무안군,3,9
201705,전라남도,무안군,4,7
201705,전라남도,무안군,5,8
201705,전라남도,무안군,6,16
201705,전라남도,무안군,7,23
201705,전라남도,무안군,8,35
201705,전라남도,무안군,9,48
201705,전라남도,무안군,10,40
201705,전라남도,무안군,11,37
201705,전라남도,무안군,12,44
201705,전라남도,무안군,13,37
201705,전라남도,무안군,14,49
201705,전라남도,무안군,15,67
201705,전라남도,무안군,16,85
201705,전라남도,무안군,17,93
201705,전라남도,무안군,18,63
201705,전라남도,무안군,19,40
201705,전라남도,무안군,20,29
201705,전라남도,무안군,21,28
201705,전라남도,무안군,22,21
201705,전라남도,무안군,23,16
201705,전라남도,무안군,24,11
201705,전라남도,무안군,25,6
201705,전라남도,무안군,26,5
201705,전라남도,무안군,27,5
201705,전라남도,무안군,28,2
201705,전라남도,무안군,29,5
201705,전라남도,무안군,30,3
201705,전라남도,무안군,31,5
201705,전라남도,무안군,32,10
201705,전라남도,무안군,33,10
201705,전라남도,무안군,34,11
201705,전라남도,무안군,35,12
201705,전라남도,무안군,36,8
201705,전라남도,무안군,37,10
201705,전라남도,무안군,38,14
201705,전라남도,무안군,39,9
201705,전라남도,무안군,40,15
201705,전라남도,무안군,41,19
201705,전라남도,무안군,42,20
201705,전라남도,무안군,43,22
201705,전라남도,무안군,44,35
201705,전라남도,무안군,45,34
201705,전라남도,무안군,46,33
201705,전라남도,무안군,47,31
201705,전라남도,무안군,48,43
201705,전라남도,무안군,49,43
201705,전라남도,무안군,50,36
201705,전라남도,무안군,51,39
201705,전라남도,무안군,52,36
201705,전라남도,무안군,53,52
201705,전라남도,무안군,54,37
201705,전라남도,무안군,55,35
201705,전라남도,무안군,56,49
201705,전라남도,무안군,57,37
201705,전라남도,무안군,58,43
201705,전라남도,무안군,59,29
201705,전라남도,무안군,60,26
201705,전라남도,무안군,61,34
201705,전라남도,무안군,62,30
201705,전라남도,무안군,63,29
201705,전라남도,무안군,64,30
201705,전라남도,무안군,65,43
201705,전라남도,무안군,66,44
201705,전라남도,무안군,67,30
201705,전라남도,무안군,68,30
201705,전라남도,무안군,69,40
201705,전라남도,무안군,70,30
201705,전라남도,무안군,71,31
201705,전라남도,무안군,72,29
201705,전라남도,무안군,73,33
201705,전라남도,무안군,74,40
201705,전라남도,무안군,75,56
201705,전라남도,무안군,76,34
201705,전라남도,무안군,77,39
201705,전라남도,무안군,78,43
201705,전라남도,무안군,79,39
201705,전라남도,무안군,80,20
201705,전라남도,무안군,81,26
201705,전라남도,무안군,82,22
201705,전라남도,무안군,83,23
201705,전라남도,무안군,84,23
201705,전라남도,무안군,85,17
201705,전라남도,무안군,86,19
201705,전라남도,무안군,87,16
201705,전라남도,무안군,88,7
201705,전라남도,무안군,89,10
201705,전라남도,무안군,90,6
201705,전라남도,무안군,91,2
201705,전라남도,무안군,92,3
201705,전라남도,무안군,93,5
201705,전라남도,무안군,94,4
201705,전라남도,무안군,95,5
201705,전라남도,무안군,96,3
201705,전라남도,무안군,97,1
201705,전라남도,무안군,98,1
201705,전라남도,무안군,107,1
201705,전라남도,함평군,0,1
201705,전라남도,함평군,1,2
201705,전라남도,함평군,2,6
201705,전라남도,함평군,3,3
201705,전라남도,함평군,4,10
201705,전라남도,함평군,5,1
201705,전라남도,함평군,6,14
201705,전라남도,함평군,7,11
201705,전라남도,함평군,8,12
201705,전라남도,함평군,9,13
201705,전라남도,함평군,10,22
201705,전라남도,함평군,11,14
201705,전라남도,함평군,12,22
201705,전라남도,함평군,13,20
201705,전라남도,함평군,14,29
201705,전라남도,함평군,15,30
201705,전라남도,함평군,16,31
201705,전라남도,함평군,17,38
201705,전라남도,함평군,18,36
201705,전라남도,함평군,19,21
201705,전라남도,함평군,20,8
201705,전라남도,함평군,21,9
201705,전라남도,함평군,22,11
201705,전라남도,함평군,23,6
201705,전라남도,함평군,24,6
201705,전라남도,함평군,25,5
201705,전라남도,함평군,26,4
201705,전라남도,함평군,27,2
201705,전라남도,함평군,28,1
201705,전라남도,함평군,29,3
201705,전라남도,함평군,30,4
201705,전라남도,함평군,31,3
201705,전라남도,함평군,32,4
201705,전라남도,함평군,33,3
201705,전라남도,함평군,34,11
201705,전라남도,함평군,35,8
201705,전라남도,함평군,36,14
201705,전라남도,함평군,37,8
201705,전라남도,함평군,38,6
201705,전라남도,함평군,39,13
201705,전라남도,함평군,40,8
201705,전라남도,함평군,41,13
201705,전라남도,함평군,42,14
201705,전라남도,함평군,43,17
201705,전라남도,함평군,44,21
201705,전라남도,함평군,45,12
201705,전라남도,함평군,46,17
201705,전라남도,함평군,47,25
201705,전라남도,함평군,48,24
201705,전라남도,함평군,49,22
201705,전라남도,함평군,50,30
201705,전라남도,함평군,51,28
201705,전라남도,함평군,52,28
201705,전라남도,함평군,53,21
201705,전라남도,함평군,54,24
201705,전라남도,함평군,55,27
201705,전라남도,함평군,56,27
201705,전라남도,함평군,57,29
201705,전라남도,함평군,58,28
201705,전라남도,함평군,59,24
201705,전라남도,함평군,60,26
201705,전라남도,함평군,61,23
201705,전라남도,함평군,62,30
201705,전라남도,함평군,63,15
201705,전라남도,함평군,64,12
201705,전라남도,함평군,65,27
201705,전라남도,함평군,66,26
201705,전라남도,함평군,67,15
201705,전라남도,함평군,68,24
201705,전라남도,함평군,69,25
201705,전라남도,함평군,70,26
201705,전라남도,함평군,71,14
201705,전라남도,함평군,72,23
201705,전라남도,함평군,73,21
201705,전라남도,함평군,74,36
201705,전라남도,함평군,75,25
201705,전라남도,함평군,76,24
201705,전라남도,함평군,77,21
201705,전라남도,함평군,78,31
201705,전라남도,함평군,79,29
201705,전라남도,함평군,80,21
201705,전라남도,함평군,81,16
201705,전라남도,함평군,82,25
201705,전라남도,함평군,83,13
201705,전라남도,함평군,84,15
201705,전라남도,함평군,85,12
201705,전라남도,함평군,86,14
201705,전라남도,함평군,87,11
201705,전라남도,함평군,88,10
201705,전라남도,함평군,89,6
201705,전라남도,함평군,90,10
201705,전라남도,함평군,91,6
201705,전라남도,함평군,92,5
201705,전라남도,함평군,93,2
201705,전라남도,함평군,94,4
201705,전라남도,함평군,95,2
201705,전라남도,함평군,96,1
201705,전라남도,함평군,97,1
201705,전라남도,영광군,0,4
201705,전라남도,영광군,1,10
201705,전라남도,영광군,2,6
201705,전라남도,영광군,3,11
201705,전라남도,영광군,4,24
201705,전라남도,영광군,5,21
201705,전라남도,영광군,6,37
201705,전라남도,영광군,7,28
201705,전라남도,영광군,8,37
201705,전라남도,영광군,9,44
201705,전라남도,영광군,10,51
201705,전라남도,영광군,11,33
201705,전라남도,영광군,12,43
201705,전라남도,영광군,13,37
201705,전라남도,영광군,14,48
201705,전라남도,영광군,15,69
201705,전라남도,영광군,16,77
201705,전라남도,영광군,17,73
201705,전라남도,영광군,18,66
201705,전라남도,영광군,19,54
201705,전라남도,영광군,20,36
201705,전라남도,영광군,21,31
201705,전라남도,영광군,22,26
201705,전라남도,영광군,23,10
201705,전라남도,영광군,24,14
201705,전라남도,영광군,25,10
201705,전라남도,영광군,26,9
201705,전라남도,영광군,27,8
201705,전라남도,영광군,28,7
201705,전라남도,영광군,29,4
201705,전라남도,영광군,30,10
201705,전라남도,영광군,31,15
201705,전라남도,영광군,32,6
201705,전라남도,영광군,33,15
201705,전라남도,영광군,34,11
201705,전라남도,영광군,35,16
201705,전라남도,영광군,36,18
201705,전라남도,영광군,37,12
201705,전라남도,영광군,38,20
201705,전라남도,영광군,39,21
201705,전라남도,영광군,40,25
201705,전라남도,영광군,41,18
201705,전라남도,영광군,42,27
201705,전라남도,영광군,43,34
201705,전라남도,영광군,44,40
201705,전라남도,영광군,45,34
201705,전라남도,영광군,46,49
201705,전라남도,영광군,47,48
201705,전라남도,영광군,48,55
201705,전라남도,영광군,49,60
201705,전라남도,영광군,50,49
201705,전라남도,영광군,51,41
201705,전라남도,영광군,52,60
201705,전라남도,영광군,53,43
201705,전라남도,영광군,54,50
201705,전라남도,영광군,55,46
201705,전라남도,영광군,56,47
201705,전라남도,영광군,57,51
201705,전라남도,영광군,58,52
201705,전라남도,영광군,59,39
201705,전라남도,영광군,60,42
201705,전라남도,영광군,61,51
201705,전라남도,영광군,62,48
201705,전라남도,영광군,63,45
201705,전라남도,영광군,64,42
201705,전라남도,영광군,65,35
201705,전라남도,영광군,66,52
201705,전라남도,영광군,67,53
201705,전라남도,영광군,68,41
201705,전라남도,영광군,69,42
201705,전라남도,영광군,70,48
201705,전라남도,영광군,71,41
201705,전라남도,영광군,72,42
201705,전라남도,영광군,73,35
201705,전라남도,영광군,74,42
201705,전라남도,영광군,75,53
201705,전라남도,영광군,76,46
201705,전라남도,영광군,77,40
201705,전라남도,영광군,78,26
201705,전라남도,영광군,79,55
201705,전라남도,영광군,80,32
201705,전라남도,영광군,81,29
201705,전라남도,영광군,82,34
201705,전라남도,영광군,83,34
201705,전라남도,영광군,84,22
201705,전라남도,영광군,85,21
201705,전라남도,영광군,86,23
201705,전라남도,영광군,87,17
201705,전라남도,영광군,88,22
201705,전라남도,영광군,89,10
201705,전라남도,영광군,90,6
201705,전라남도,영광군,91,2
201705,전라남도,영광군,92,5
201705,전라남도,영광군,93,11
201705,전라남도,영광군,94,3
201705,전라남도,영광군,95,3
201705,전라남도,영광군,96,1
201705,전라남도,영광군,101,1
201705,전라남도,영광군,112,1
201705,전라남도,영광군,114,1
201705,전라남도,장성군,1,9
201705,전라남도,장성군,2,5
201705,전라남도,장성군,3,5
201705,전라남도,장성군,4,10
201705,전라남도,장성군,5,13
201705,전라남도,장성군,6,10
201705,전라남도,장성군,7,20
201705,전라남도,장성군,8,17
201705,전라남도,장성군,9,21
201705,전라남도,장성군,10,29
201705,전라남도,장성군,11,24
201705,전라남도,장성군,12,28
201705,전라남도,장성군,13,34
201705,전라남도,장성군,14,34
201705,전라남도,장성군,15,37
201705,전라남도,장성군,16,50
201705,전라남도,장성군,17,68
201705,전라남도,장성군,18,36
201705,전라남도,장성군,19,29
201705,전라남도,장성군,20,34
201705,전라남도,장성군,21,23
201705,전라남도,장성군,22,16
201705,전라남도,장성군,23,8
201705,전라남도,장성군,24,11
201705,전라남도,장성군,25,6
201705,전라남도,장성군,26,5
201705,전라남도,장성군,27,4
201705,전라남도,장성군,28,9
201705,전라남도,장성군,29,3
201705,전라남도,장성군,30,5
201705,전라남도,장성군,31,5
201705,전라남도,장성군,32,5
201705,전라남도,장성군,33,4
201705,전라남도,장성군,34,9
201705,전라남도,장성군,35,7
201705,전라남도,장성군,36,9
201705,전라남도,장성군,37,9
201705,전라남도,장성군,38,6
201705,전라남도,장성군,39,5
201705,전라남도,장성군,40,13
201705,전라남도,장성군,41,23
201705,전라남도,장성군,42,18
201705,전라남도,장성군,43,15
201705,전라남도,장성군,44,21
201705,전라남도,장성군,45,27
201705,전라남도,장성군,46,22
201705,전라남도,장성군,47,34
201705,전라남도,장성군,48,31
201705,전라남도,장성군,49,24
201705,전라남도,장성군,50,28
201705,전라남도,장성군,51,34
201705,전라남도,장성군,52,30
201705,전라남도,장성군,53,26
201705,전라남도,장성군,54,34
201705,전라남도,장성군,55,32
201705,전라남도,장성군,56,28
201705,전라남도,장성군,57,43
201705,전라남도,장성군,58,37
201705,전라남도,장성군,59,32
201705,전라남도,장성군,60,19
201705,전라남도,장성군,61,24
201705,전라남도,장성군,62,22
201705,전라남도,장성군,63,12
201705,전라남도,장성군,64,23
201705,전라남도,장성군,65,27
201705,전라남도,장성군,66,20
201705,전라남도,장성군,67,27
201705,전라남도,장성군,68,17
201705,전라남도,장성군,69,37
201705,전라남도,장성군,70,32
201705,전라남도,장성군,71,23
201705,전라남도,장성군,72,29
201705,전라남도,장성군,73,25
201705,전라남도,장성군,74,53
201705,전라남도,장성군,75,37
201705,전라남도,장성군,76,37
201705,전라남도,장성군,77,33
201705,전라남도,장성군,78,31
201705,전라남도,장성군,79,34
201705,전라남도,장성군,80,28
201705,전라남도,장성군,81,24
201705,전라남도,장성군,82,34
201705,전라남도,장성군,83,29
201705,전라남도,장성군,84,24
201705,전라남도,장성군,85,17
201705,전라남도,장성군,86,19
201705,전라남도,장성군,87,19
201705,전라남도,장성군,88,15
201705,전라남도,장성군,89,15
201705,전라남도,장성군,90,15
201705,전라남도,장성군,91,5
201705,전라남도,장성군,92,8
201705,전라남도,장성군,93,3
201705,전라남도,장성군,94,3
201705,전라남도,장성군,95,5
201705,전라남도,장성군,96,2
201705,전라남도,장성군,97,1
201705,전라남도,장성군,100,1
201705,전라남도,장성군,101,1
201705,전라남도,완도군,0,2
201705,전라남도,완도군,1,4
201705,전라남도,완도군,2,1
201705,전라남도,완도군,3,7
201705,전라남도,완도군,4,1
201705,전라남도,완도군,5,5
201705,전라남도,완도군,6,9
201705,전라남도,완도군,7,12
201705,전라남도,완도군,8,12
201705,전라남도,완도군,9,20
201705,전라남도,완도군,10,17
201705,전라남도,완도군,11,30
201705,전라남도,완도군,12,23
201705,전라남도,완도군,13,25
201705,전라남도,완도군,14,31
201705,전라남도,완도군,15,29
201705,전라남도,완도군,16,53
201705,전라남도,완도군,17,46
201705,전라남도,완도군,18,42
201705,전라남도,완도군,19,27
201705,전라남도,완도군,20,11
201705,전라남도,완도군,21,14
201705,전라남도,완도군,22,10
201705,전라남도,완도군,23,9
201705,전라남도,완도군,24,4
201705,전라남도,완도군,25,5
201705,전라남도,완도군,26,2
201705,전라남도,완도군,27,3
201705,전라남도,완도군,28,1
201705,전라남도,완도군,29,3
201705,전라남도,완도군,31,5
201705,전라남도,완도군,32,8
201705,전라남도,완도군,33,9
201705,전라남도,완도군,34,8
201705,전라남도,완도군,35,7
201705,전라남도,완도군,36,11
201705,전라남도,완도군,37,11
201705,전라남도,완도군,38,10
201705,전라남도,완도군,39,11
201705,전라남도,완도군,40,10
201705,전라남도,완도군,41,8
201705,전라남도,완도군,42,14
201705,전라남도,완도군,43,15
201705,전라남도,완도군,44,23
201705,전라남도,완도군,45,20
201705,전라남도,완도군,46,24
201705,전라남도,완도군,47,15
201705,전라남도,완도군,48,25
201705,전라남도,완도군,49,29
201705,전라남도,완도군,50,38
201705,전라남도,완도군,51,31
201705,전라남도,완도군,52,36
201705,전라남도,완도군,53,32
201705,전라남도,완도군,54,47
201705,전라남도,완도군,55,49
201705,전라남도,완도군,56,41
201705,전라남도,완도군,57,33
201705,전라남도,완도군,58,45
201705,전라남도,완도군,59,25
201705,전라남도,완도군,60,41
201705,전라남도,완도군,61,38
201705,전라남도,완도군,62,34
201705,전라남도,완도군,63,23
201705,전라남도,완도군,64,26
201705,전라남도,완도군,65,36
201705,전라남도,완도군,66,32
201705,전라남도,완도군,67,33
201705,전라남도,완도군,68,33
201705,전라남도,완도군,69,38
201705,전라남도,완도군,70,45
201705,전라남도,완도군,71,33
201705,전라남도,완도군,72,43
201705,전라남도,완도군,73,39
201705,전라남도,완도군,74,55
201705,전라남도,완도군,75,72
201705,전라남도,완도군,76,45
201705,전라남도,완도군,77,58
201705,전라남도,완도군,78,51
201705,전라남도,완도군,79,43
201705,전라남도,완도군,80,46
201705,전라남도,완도군,81,46
201705,전라남도,완도군,82,39
201705,전라남도,완도군,83,46
201705,전라남도,완도군,84,21
201705,전라남도,완도군,85,34
201705,전라남도,완도군,86,23
201705,전라남도,완도군,87,26
201705,전라남도,완도군,88,15
201705,전라남도,완도군,89,16
201705,전라남도,완도군,90,13
201705,전라남도,완도군,91,7
201705,전라남도,완도군,92,7
201705,전라남도,완도군,93,4
201705,전라남도,완도군,94,10
201705,전라남도,완도군,95,8
201705,전라남도,완도군,96,5
201705,전라남도,완도군,97,1
201705,전라남도,완도군,99,1
201705,전라남도,완도군,101,1
201705,전라남도,완도군,102,1
201705,전라남도,완도군,103,1
201705,전라남도,완도군,112,1
201705,전라남도,진도군,0,2
201705,전라남도,진도군,1,7
201705,전라남도,진도군,2,6
201705,전라남도,진도군,3,2
201705,전라남도,진도군,4,6
201705,전라남도,진도군,5,9
201705,전라남도,진도군,6,11
201705,전라남도,진도군,7,11
201705,전라남도,진도군,8,27
201705,전라남도,진도군,9,15
201705,전라남도,진도군,10,30
201705,전라남도,진도군,11,27
201705,전라남도,진도군,12,30
201705,전라남도,진도군,13,30
201705,전라남도,진도군,14,49
201705,전라남도,진도군,15,46
201705,전라남도,진도군,16,51
201705,전라남도,진도군,17,62
201705,전라남도,진도군,18,35
201705,전라남도,진도군,19,28
201705,전라남도,진도군,20,13
201705,전라남도,진도군,21,17
201705,전라남도,진도군,22,9
201705,전라남도,진도군,23,12
201705,전라남도,진도군,24,8
201705,전라남도,진도군,25,8
201705,전라남도,진도군,26,4
201705,전라남도,진도군,27,5
201705,전라남도,진도군,28,3
201705,전라남도,진도군,29,2
201705,전라남도,진도군,30,5
201705,전라남도,진도군,31,8
201705,전라남도,진도군,32,6
201705,전라남도,진도군,33,6
201705,전라남도,진도군,34,9
201705,전라남도,진도군,35,5
201705,전라남도,진도군,36,9
201705,전라남도,진도군,37,7
201705,전라남도,진도군,38,12
201705,전라남도,진도군,39,8
201705,전라남도,진도군,40,16
201705,전라남도,진도군,41,13
201705,전라남도,진도군,42,17
201705,전라남도,진도군,43,16
201705,전라남도,진도군,44,18
201705,전라남도,진도군,45,25
201705,전라남도,진도군,46,19
201705,전라남도,진도군,47,24
201705,전라남도,진도군,48,40
201705,전라남도,진도군,49,22
201705,전라남도,진도군,50,34
201705,전라남도,진도군,51,32
201705,전라남도,진도군,52,34
201705,전라남도,진도군,53,33
201705,전라남도,진도군,54,33
201705,전라남도,진도군,55,27
201705,전라남도,진도군,56,45
201705,전라남도,진도군,57,43
201705,전라남도,진도군,58,30
201705,전라남도,진도군,59,19
201705,전라남도,진도군,60,33
201705,전라남도,진도군,61,34
201705,전라남도,진도군,62,22
201705,전라남도,진도군,63,13
201705,전라남도,진도군,64,34
201705,전라남도,진도군,65,27
201705,전라남도,진도군,66,31
201705,전라남도,진도군,67,29
201705,전라남도,진도군,68,20
201705,전라남도,진도군,69,18
201705,전라남도,진도군,70,33
201705,전라남도,진도군,71,25
201705,전라남도,진도군,72,30
201705,전라남도,진도군,73,33
201705,전라남도,진도군,74,31
201705,전라남도,진도군,75,33
201705,전라남도,진도군,76,42
201705,전라남도,진도군,77,42
201705,전라남도,진도군,78,35
201705,전라남도,진도군,79,30
201705,전라남도,진도군,80,35
201705,전라남도,진도군,81,27
201705,전라남도,진도군,82,28
201705,전라남도,진도군,83,30
201705,전라남도,진도군,84,26
201705,전라남도,진도군,85,21
201705,전라남도,진도군,86,26
201705,전라남도,진도군,87,22
201705,전라남도,진도군,88,16
201705,전라남도,진도군,89,10
201705,전라남도,진도군,90,11
201705,전라남도,진도군,91,8
201705,전라남도,진도군,92,5
201705,전라남도,진도군,93,5
201705,전라남도,진도군,94,5
201705,전라남도,진도군,95,4
201705,전라남도,진도군,96,4
201705,전라남도,진도군,97,3
201705,전라남도,진도군,98,1
201705,전라남도,진도군,99,1
201705,전라남도,진도군,100,1
201705,전라남도,신안군,0,2
201705,전라남도,신안군,1,2
201705,전라남도,신안군,3,6
201705,전라남도,신안군,4,7
201705,전라남도,신안군,5,11
201705,전라남도,신안군,6,14
201705,전라남도,신안군,7,19
201705,전라남도,신안군,8,31
201705,전라남도,신안군,9,29
201705,전라남도,신안군,10,20
201705,전라남도,신안군,11,24
201705,전라남도,신안군,12,21
201705,전라남도,신안군,13,28
201705,전라남도,신안군,14,44
201705,전라남도,신안군,15,35
201705,전라남도,신안군,16,49
201705,전라남도,신안군,17,52
201705,전라남도,신안군,18,42
201705,전라남도,신안군,19,15
201705,전라남도,신안군,20,12
201705,전라남도,신안군,21,12
201705,전라남도,신안군,22,8
201705,전라남도,신안군,23,7
201705,전라남도,신안군,24,4
201705,전라남도,신안군,25,3
201705,전라남도,신안군,26,5
201705,전라남도,신안군,27,6
201705,전라남도,신안군,28,4
201705,전라남도,신안군,29,6
201705,전라남도,신안군,30,5
201705,전라남도,신안군,31,5
201705,전라남도,신안군,32,8
201705,전라남도,신안군,33,6
201705,전라남도,신안군,34,4
201705,전라남도,신안군,35,3
201705,전라남도,신안군,36,5
201705,전라남도,신안군,37,9
201705,전라남도,신안군,38,7
201705,전라남도,신안군,39,9
201705,전라남도,신안군,40,7
201705,전라남도,신안군,41,14
201705,전라남도,신안군,42,10
201705,전라남도,신안군,43,9
201705,전라남도,신안군,44,18
201705,전라남도,신안군,45,13
201705,전라남도,신안군,46,17
201705,전라남도,신안군,47,15
201705,전라남도,신안군,48,19
201705,전라남도,신안군,49,19
201705,전라남도,신안군,50,24
201705,전라남도,신안군,51,24
201705,전라남도,신안군,52,30
201705,전라남도,신안군,53,30
201705,전라남도,신안군,54,28
201705,전라남도,신안군,55,32
201705,전라남도,신안군,56,33
201705,전라남도,신안군,57,27
201705,전라남도,신안군,58,29
201705,전라남도,신안군,59,25
201705,전라남도,신안군,60,29
201705,전라남도,신안군,61,22
201705,전라남도,신안군,62,27
201705,전라남도,신안군,63,17
201705,전라남도,신안군,64,25
201705,전라남도,신안군,65,39
201705,전라남도,신안군,66,29
201705,전라남도,신안군,67,25
201705,전라남도,신안군,68,23
201705,전라남도,신안군,69,47
201705,전라남도,신안군,70,29
201705,전라남도,신안군,71,23
201705,전라남도,신안군,72,26
201705,전라남도,신안군,73,27
201705,전라남도,신안군,74,46
201705,전라남도,신안군,75,46
201705,전라남도,신안군,76,37
201705,전라남도,신안군,77,33
201705,전라남도,신안군,78,41
201705,전라남도,신안군,79,56
201705,전라남도,신안군,80,39
201705,전라남도,신안군,81,28
201705,전라남도,신안군,82,31
201705,전라남도,신안군,83,24
201705,전라남도,신안군,84,37
201705,전라남도,신안군,85,26
201705,전라남도,신안군,86,27
201705,전라남도,신안군,87,27
201705,전라남도,신안군,88,11
201705,전라남도,신안군,89,14
201705,전라남도,신안군,90,9
201705,전라남도,신안군,91,6
201705,전라남도,신안군,92,9
201705,전라남도,신안군,93,9
201705,전라남도,신안군,94,12
201705,전라남도,신안군,95,4
201705,전라남도,신안군,96,2
201705,전라남도,신안군,97,4
201705,전라남도,신안군,98,2
201705,경상북도,포항시,0,19
201705,경상북도,포항시,1,34
201705,경상북도,포항시,2,36
201705,경상북도,포항시,3,58
201705,경상북도,포항시,4,72
201705,경상북도,포항시,5,88
201705,경상북도,포항시,6,109
201705,경상북도,포항시,7,156
201705,경상북도,포항시,8,226
201705,경상북도,포항시,9,232
201705,경상북도,포항시,10,249
201705,경상북도,포항시,11,259
201705,경상북도,포항시,12,271
201705,경상북도,포항시,13,316
201705,경상북도,포항시,14,339
201705,경상북도,포항시,15,401
201705,경상북도,포항시,16,502
201705,경상북도,포항시,17,526
201705,경상북도,포항시,18,392
201705,경상북도,포항시,19,263
201705,경상북도,포항시,20,214
201705,경상북도,포항시,21,198
201705,경상북도,포항시,22,155
201705,경상북도,포항시,23,114
201705,경상북도,포항시,24,103
201705,경상북도,포항시,25,66
201705,경상북도,포항시,26,44
201705,경상북도,포항시,27,53
201705,경상북도,포항시,28,27
201705,경상북도,포항시,29,37
201705,경상북도,포항시,30,39
201705,경상북도,포항시,31,38
201705,경상북도,포항시,32,46
201705,경상북도,포항시,33,59
201705,경상북도,포항시,34,70
201705,경상북도,포항시,35,73
201705,경상북도,포항시,36,87
201705,경상북도,포항시,37,95
201705,경상북도,포항시,38,97
201705,경상북도,포항시,39,122
201705,경상북도,포항시,40,129
201705,경상북도,포항시,41,123
201705,경상북도,포항시,42,167
201705,경상북도,포항시,43,225
201705,경상북도,포항시,44,211
201705,경상북도,포항시,45,201
201705,경상북도,포항시,46,228
201705,경상북도,포항시,47,236
201705,경상북도,포항시,48,268
201705,경상북도,포항시,49,225
201705,경상북도,포항시,50,257
201705,경상북도,포항시,51,253
201705,경상북도,포항시,52,269
201705,경상북도,포항시,53,266
201705,경상북도,포항시,54,311
201705,경상북도,포항시,55,283
201705,경상북도,포항시,56,373
201705,경상북도,포항시,57,348
201705,경상북도,포항시,58,303
201705,경상북도,포항시,59,305
201705,경상북도,포항시,60,303
201705,경상북도,포항시,61,312
201705,경상북도,포항시,62,316
201705,경상북도,포항시,63,265
201705,경상북도,포항시,64,295
201705,경상북도,포항시,65,312
201705,경상북도,포항시,66,250
201705,경상북도,포항시,67,290
201705,경상북도,포항시,68,288
201705,경상북도,포항시,69,301
201705,경상북도,포항시,70,236
201705,경상북도,포항시,71,187
201705,경상북도,포항시,72,254
201705,경상북도,포항시,73,271
201705,경상북도,포항시,74,318
201705,경상북도,포항시,75,266
201705,경상북도,포항시,76,240
201705,경상북도,포항시,77,250
201705,경상북도,포항시,78,223
201705,경상북도,포항시,79,208
201705,경상북도,포항시,80,188
201705,경상북도,포항시,81,185
201705,경상북도,포항시,82,157
201705,경상북도,포항시,83,144
201705,경상북도,포항시,84,117
201705,경상북도,포항시,85,117
201705,경상북도,포항시,86,110
201705,경상북도,포항시,87,94
201705,경상북도,포항시,88,82
201705,경상북도,포항시,89,56
201705,경상북도,포항시,90,48
201705,경상북도,포항시,91,45
201705,경상북도,포항시,92,35
201705,경상북도,포항시,93,19
201705,경상북도,포항시,94,25
201705,경상북도,포항시,95,10
201705,경상북도,포항시,96,7
201705,경상북도,포항시,97,3
201705,경상북도,포항시,98,8
201705,경상북도,포항시,99,1
201705,경상북도,포항시,100,1
201705,경상북도,경주시,0,11
201705,경상북도,경주시,1,21
201705,경상북도,경주시,2,20
201705,경상북도,경주시,3,23
201705,경상북도,경주시,4,27
201705,경상북도,경주시,5,27
201705,경상북도,경주시,6,47
201705,경상북도,경주시,7,60
201705,경상북도,경주시,8,85
201705,경상북도,경주시,9,115
201705,경상북도,경주시,10,90
201705,경상북도,경주시,11,100
201705,경상북도,경주시,12,120
201705,경상북도,경주시,13,143
201705,경상북도,경주시,14,146
201705,경상북도,경주시,15,137
201705,경상북도,경주시,16,164
201705,경상북도,경주시,17,216
201705,경상북도,경주시,18,171
201705,경상북도,경주시,19,104
201705,경상북도,경주시,20,89
201705,경상북도,경주시,21,74
201705,경상북도,경주시,22,45
201705,경상북도,경주시,23,48
201705,경상북도,경주시,24,41
201705,경상북도,경주시,25,26
201705,경상북도,경주시,26,17
201705,경상북도,경주시,27,23
201705,경상북도,경주시,28,18
201705,경상북도,경주시,29,13
201705,경상북도,경주시,30,20
201705,경상북도,경주시,31,26
201705,경상북도,경주시,32,26
201705,경상북도,경주시,33,16
201705,경상북도,경주시,34,24
201705,경상북도,경주시,35,30
201705,경상북도,경주시,36,37
201705,경상북도,경주시,37,34
201705,경상북도,경주시,38,47
201705,경상북도,경주시,39,42
201705,경상북도,경주시,40,48
201705,경상북도,경주시,41,53
201705,경상북도,경주시,42,72
201705,경상북도,경주시,43,85
201705,경상북도,경주시,44,90
201705,경상북도,경주시,45,83
201705,경상북도,경주시,46,124
201705,경상북도,경주시,47,106
201705,경상북도,경주시,48,142
201705,경상북도,경주시,49,128
201705,경상북도,경주시,50,136
201705,경상북도,경주시,51,151
201705,경상북도,경주시,52,119
201705,경상북도,경주시,53,129
201705,경상북도,경주시,54,176
201705,경상북도,경주시,55,151
201705,경상북도,경주시,56,159
201705,경상북도,경주시,57,148
201705,경상북도,경주시,58,190
201705,경상북도,경주시,59,169
201705,경상북도,경주시,60,176
201705,경상북도,경주시,61,158
201705,경상북도,경주시,62,147
201705,경상북도,경주시,63,106
201705,경상북도,경주시,64,124
201705,경상북도,경주시,65,122
201705,경상북도,경주시,66,125
201705,경상북도,경주시,67,146
201705,경상북도,경주시,68,124
201705,경상북도,경주시,69,120
201705,경상북도,경주시,70,124
201705,경상북도,경주시,71,82
201705,경상북도,경주시,72,109
201705,경상북도,경주시,73,129
201705,경상북도,경주시,74,152
201705,경상북도,경주시,75,152
201705,경상북도,경주시,76,159
201705,경상북도,경주시,77,127
201705,경상북도,경주시,78,143
201705,경상북도,경주시,79,111
201705,경상북도,경주시,80,109
201705,경상북도,경주시,81,112
201705,경상북도,경주시,82,97
201705,경상북도,경주시,83,90
201705,경상북도,경주시,84,52
201705,경상북도,경주시,85,80
201705,경상북도,경주시,86,64
201705,경상북도,경주시,87,53
201705,경상북도,경주시,88,56
201705,경상북도,경주시,89,43
201705,경상북도,경주시,90,20
201705,경상북도,경주시,91,19
201705,경상북도,경주시,92,13
201705,경상북도,경주시,93,13
201705,경상북도,경주시,94,9
201705,경상북도,경주시,95,14
201705,경상북도,경주시,96,3
201705,경상북도,경주시,97,8
201705,경상북도,경주시,98,2
201705,경상북도,경주시,99,1
201705,경상북도,경주시,100,3
201705,경상북도,경주시,102,2
201705,경상북도,김천시,0,4
201705,경상북도,김천시,1,7
201705,경상북도,김천시,2,13
201705,경상북도,김천시,3,13
201705,경상북도,김천시,4,21
201705,경상북도,김천시,5,20
201705,경상북도,김천시,6,45
201705,경상북도,김천시,7,61
201705,경상북도,김천시,8,63
201705,경상북도,김천시,9,74
201705,경상북도,김천시,10,71
201705,경상북도,김천시,11,64
201705,경상북도,김천시,12,74
201705,경상북도,김천시,13,82
201705,경상북도,김천시,14,90
201705,경상북도,김천시,15,104
201705,경상북도,김천시,16,151
201705,경상북도,김천시,17,136
201705,경상북도,김천시,18,106
201705,경상북도,김천시,19,83
201705,경상북도,김천시,20,74
201705,경상북도,김천시,21,63
201705,경상북도,김천시,22,43
201705,경상북도,김천시,23,24
201705,경상북도,김천시,24,28
201705,경상북도,김천시,25,19
201705,경상북도,김천시,26,17
201705,경상북도,김천시,27,20
201705,경상북도,김천시,28,12
201705,경상북도,김천시,29,9
201705,경상북도,김천시,30,15
201705,경상북도,김천시,31,12
201705,경상북도,김천시,32,8
201705,경상북도,김천시,33,21
201705,경상북도,김천시,34,16
201705,경상북도,김천시,35,29
201705,경상북도,김천시,36,31
201705,경상북도,김천시,37,42
201705,경상북도,김천시,38,26
201705,경상북도,김천시,39,45
201705,경상북도,김천시,40,37
201705,경상북도,김천시,41,37
201705,경상북도,김천시,42,57
201705,경상북도,김천시,43,66
201705,경상북도,김천시,44,65
201705,경상북도,김천시,45,53
201705,경상북도,김천시,46,75
201705,경상북도,김천시,47,69
201705,경상북도,김천시,48,85
201705,경상북도,김천시,49,78
201705,경상북도,김천시,50,96
201705,경상북도,김천시,51,76
201705,경상북도,김천시,52,80
201705,경상북도,김천시,53,75
201705,경상북도,김천시,54,86
201705,경상북도,김천시,55,92
201705,경상북도,김천시,56,111
201705,경상북도,김천시,57,115
201705,경상북도,김천시,58,92
201705,경상북도,김천시,59,88
201705,경상북도,김천시,60,82
201705,경상북도,김천시,61,84
201705,경상북도,김천시,62,113
201705,경상북도,김천시,63,58
201705,경상북도,김천시,64,72
201705,경상북도,김천시,65,77
201705,경상북도,김천시,66,60
201705,경상북도,김천시,67,89
201705,경상북도,김천시,68,81
201705,경상북도,김천시,69,96
201705,경상북도,김천시,70,93
201705,경상북도,김천시,71,56
201705,경상북도,김천시,72,70
201705,경상북도,김천시,73,93
201705,경상북도,김천시,74,94
201705,경상북도,김천시,75,109
201705,경상북도,김천시,76,97
201705,경상북도,김천시,77,87
201705,경상북도,김천시,78,101
201705,경상북도,김천시,79,76
201705,경상북도,김천시,80,78
201705,경상북도,김천시,81,77
201705,경상북도,김천시,82,70
201705,경상북도,김천시,83,45
201705,경상북도,김천시,84,58
201705,경상북도,김천시,85,42
201705,경상북도,김천시,86,31
201705,경상북도,김천시,87,36
201705,경상북도,김천시,88,21
201705,경상북도,김천시,89,21
201705,경상북도,김천시,90,13
201705,경상북도,김천시,91,11
201705,경상북도,김천시,92,9
201705,경상북도,김천시,93,5
201705,경상북도,김천시,94,12
201705,경상북도,김천시,95,6
201705,경상북도,김천시,96,9
201705,경상북도,김천시,97,3
201705,경상북도,김천시,98,1
201705,경상북도,김천시,99,1
201705,경상북도,김천시,100,1
201705,경상북도,김천시,102,1
201705,경상북도,김천시,103,1
201705,경상북도,김천시,110,1
201705,경상북도,안동시,0,13
201705,경상북도,안동시,1,18
201705,경상북도,안동시,2,24
201705,경상북도,안동시,3,23
201705,경상북도,안동시,4,24
201705,경상북도,안동시,5,32
201705,경상북도,안동시,6,41
201705,경상북도,안동시,7,64
201705,경상북도,안동시,8,64
201705,경상북도,안동시,9,87
201705,경상북도,안동시,10,98
201705,경상북도,안동시,11,98
201705,경상북도,안동시,12,113
201705,경상북도,안동시,13,103
201705,경상북도,안동시,14,155
201705,경상북도,안동시,15,166
201705,경상북도,안동시,16,179
201705,경상북도,안동시,17,192
201705,경상북도,안동시,18,146
201705,경상북도,안동시,19,94
201705,경상북도,안동시,20,81
201705,경상북도,안동시,21,61
201705,경상북도,안동시,22,51
201705,경상북도,안동시,23,41
201705,경상북도,안동시,24,38
201705,경상북도,안동시,25,34
201705,경상북도,안동시,26,15
201705,경상북도,안동시,27,20
201705,경상북도,안동시,28,13
201705,경상북도,안동시,29,16
201705,경상북도,안동시,30,17
201705,경상북도,안동시,31,23
201705,경상북도,안동시,32,21
201705,경상북도,안동시,33,29
201705,경상북도,안동시,34,24
201705,경상북도,안동시,35,33
201705,경상북도,안동시,36,35
201705,경상북도,안동시,37,30
201705,경상북도,안동시,38,45
201705,경상북도,안동시,39,57
201705,경상북도,안동시,40,45
201705,경상북도,안동시,41,61
201705,경상북도,안동시,42,70
201705,경상북도,안동시,43,95
201705,경상북도,안동시,44,89
201705,경상북도,안동시,45,87
201705,경상북도,안동시,46,101
201705,경상북도,안동시,47,111
201705,경상북도,안동시,48,106
201705,경상북도,안동시,49,114
201705,경상북도,안동시,50,117
201705,경상북도,안동시,51,136
201705,경상북도,안동시,52,131
201705,경상북도,안동시,53,120
201705,경상북도,안동시,54,105
201705,경상북도,안동시,55,128
201705,경상북도,안동시,56,141
201705,경상북도,안동시,57,167
201705,경상북도,안동시,58,135
201705,경상북도,안동시,59,130
201705,경상북도,안동시,60,115
201705,경상북도,안동시,61,117
201705,경상북도,안동시,62,94
201705,경상북도,안동시,63,80
201705,경상북도,안동시,64,92
201705,경상북도,안동시,65,86
201705,경상북도,안동시,66,80
201705,경상북도,안동시,67,80
201705,경상북도,안동시,68,78
201705,경상북도,안동시,69,77
201705,경상북도,안동시,70,90
201705,경상북도,안동시,71,57
201705,경상북도,안동시,72,74
201705,경상북도,안동시,73,89
201705,경상북도,안동시,74,124
201705,경상북도,안동시,75,111
201705,경상북도,안동시,76,106
201705,경상북도,안동시,77,109
201705,경상북도,안동시,78,80
201705,경상북도,안동시,79,83
201705,경상북도,안동시,80,69
201705,경상북도,안동시,81,64
201705,경상북도,안동시,82,70
201705,경상북도,안동시,83,67
201705,경상북도,안동시,84,60
201705,경상북도,안동시,85,48
201705,경상북도,안동시,86,53
201705,경상북도,안동시,87,35
201705,경상북도,안동시,88,27
201705,경상북도,안동시,89,37
201705,경상북도,안동시,90,28
201705,경상북도,안동시,91,11
201705,경상북도,안동시,92,15
201705,경상북도,안동시,93,5
201705,경상북도,안동시,94,10
201705,경상북도,안동시,95,8
201705,경상북도,안동시,96,6
201705,경상북도,안동시,97,3
201705,경상북도,안동시,98,2
201705,경상북도,안동시,99,5
201705,경상북도,안동시,100,1
201705,경상북도,안동시,103,1
201705,경상북도,안동시,106,1
201705,경상북도,구미시,0,12
201705,경상북도,구미시,1,26
201705,경상북도,구미시,2,30
201705,경상북도,구미시,3,41
201705,경상북도,구미시,4,56
201705,경상북도,구미시,5,52
201705,경상북도,구미시,6,64
201705,경상북도,구미시,7,99
201705,경상북도,구미시,8,121
201705,경상북도,구미시,9,173
201705,경상북도,구미시,10,178
201705,경상북도,구미시,11,180
201705,경상북도,구미시,12,180
201705,경상북도,구미시,13,196
201705,경상북도,구미시,14,182
201705,경상북도,구미시,15,255
201705,경상북도,구미시,16,278
201705,경상북도,구미시,17,316
201705,경상북도,구미시,18,191
201705,경상북도,구미시,19,141
201705,경상북도,구미시,20,114
201705,경상북도,구미시,21,82
201705,경상북도,구미시,22,69
201705,경상북도,구미시,23,47
201705,경상북도,구미시,24,43
201705,경상북도,구미시,25,26
201705,경상북도,구미시,26,30
201705,경상북도,구미시,27,22
201705,경상북도,구미시,28,16
201705,경상북도,구미시,29,13
201705,경상북도,구미시,30,25
201705,경상북도,구미시,31,31
201705,경상북도,구미시,32,36
201705,경상북도,구미시,33,26
201705,경상북도,구미시,34,36
201705,경상북도,구미시,35,48
201705,경상북도,구미시,36,42
201705,경상북도,구미시,37,55
201705,경상북도,구미시,38,59
201705,경상북도,구미시,39,66
201705,경상북도,구미시,40,57
201705,경상북도,구미시,41,91
201705,경상북도,구미시,42,86
201705,경상북도,구미시,43,102
201705,경상북도,구미시,44,101
201705,경상북도,구미시,45,113
201705,경상북도,구미시,46,131
201705,경상북도,구미시,47,130
201705,경상북도,구미시,48,135
201705,경상북도,구미시,49,128
201705,경상북도,구미시,50,106
201705,경상북도,구미시,51,116
201705,경상북도,구미시,52,128
201705,경상북도,구미시,53,120
201705,경상북도,구미시,54,134
201705,경상북도,구미시,55,141
201705,경상북도,구미시,56,134
201705,경상북도,구미시,57,131
201705,경상북도,구미시,58,110
201705,경상북도,구미시,59,121
201705,경상북도,구미시,60,109
201705,경상북도,구미시,61,99
201705,경상북도,구미시,62,116
201705,경상북도,구미시,63,87
201705,경상북도,구미시,64,87
201705,경상북도,구미시,65,96
201705,경상북도,구미시,66,65
201705,경상북도,구미시,67,78
201705,경상북도,구미시,68,70
201705,경상북도,구미시,69,67
201705,경상북도,구미시,70,83
201705,경상북도,구미시,71,59
201705,경상북도,구미시,72,75
201705,경상북도,구미시,73,66
201705,경상북도,구미시,74,88
201705,경상북도,구미시,75,86
201705,경상북도,구미시,76,79
201705,경상북도,구미시,77,72
201705,경상북도,구미시,78,77
201705,경상북도,구미시,79,57
201705,경상북도,구미시,80,58
201705,경상북도,구미시,81,69
201705,경상북도,구미시,82,58
201705,경상북도,구미시,83,38
201705,경상북도,구미시,84,43
201705,경상북도,구미시,85,36
201705,경상북도,구미시,86,27
201705,경상북도,구미시,87,18
201705,경상북도,구미시,88,15
201705,경상북도,구미시,89,24
201705,경상북도,구미시,90,9
201705,경상북도,구미시,91,7
201705,경상북도,구미시,92,4
201705,경상북도,구미시,93,10
201705,경상북도,구미시,94,7
201705,경상북도,구미시,95,7
201705,경상북도,구미시,96,3
201705,경상북도,구미시,97,3
201705,경상북도,구미시,98,1
201705,경상북도,구미시,99,1
201705,경상북도,영주시,0,8
201705,경상북도,영주시,1,15
201705,경상북도,영주시,2,9
201705,경상북도,영주시,3,17
201705,경상북도,영주시,4,19
201705,경상북도,영주시,5,27
201705,경상북도,영주시,6,31
201705,경상북도,영주시,7,53
201705,경상북도,영주시,8,55
201705,경상북도,영주시,9,67
201705,경상북도,영주시,10,63
201705,경상북도,영주시,11,65
201705,경상북도,영주시,12,64
201705,경상북도,영주시,13,88
201705,경상북도,영주시,14,90
201705,경상북도,영주시,15,103
201705,경상북도,영주시,16,158
201705,경상북도,영주시,17,171
201705,경상북도,영주시,18,112
201705,경상북도,영주시,19,90
201705,경상북도,영주시,20,80
201705,경상북도,영주시,21,65
201705,경상북도,영주시,22,42
201705,경상북도,영주시,23,37
201705,경상북도,영주시,24,35
201705,경상북도,영주시,25,19
201705,경상북도,영주시,26,14
201705,경상북도,영주시,27,10
201705,경상북도,영주시,28,6
201705,경상북도,영주시,29,15
201705,경상북도,영주시,30,9
201705,경상북도,영주시,31,13
201705,경상북도,영주시,32,15
201705,경상북도,영주시,33,28
201705,경상북도,영주시,34,17
201705,경상북도,영주시,35,19
201705,경상북도,영주시,36,36
201705,경상북도,영주시,37,38
201705,경상북도,영주시,38,37
201705,경상북도,영주시,39,24
201705,경상북도,영주시,40,31
201705,경상북도,영주시,41,46
201705,경상북도,영주시,42,66
201705,경상북도,영주시,43,71
201705,경상북도,영주시,44,54
201705,경상북도,영주시,45,74
201705,경상북도,영주시,46,73
201705,경상북도,영주시,47,91
201705,경상북도,영주시,48,110
201705,경상북도,영주시,49,111
201705,경상북도,영주시,50,83
201705,경상북도,영주시,51,93
201705,경상북도,영주시,52,94
201705,경상북도,영주시,53,91
201705,경상북도,영주시,54,91
201705,경상북도,영주시,55,97
201705,경상북도,영주시,56,112
201705,경상북도,영주시,57,117
201705,경상북도,영주시,58,100
201705,경상북도,영주시,59,87
201705,경상북도,영주시,60,109
201705,경상북도,영주시,61,87
201705,경상북도,영주시,62,75
201705,경상북도,영주시,63,65
201705,경상북도,영주시,64,78
201705,경상북도,영주시,65,65
201705,경상북도,영주시,66,61
201705,경상북도,영주시,67,69
201705,경상북도,영주시,68,57
201705,경상북도,영주시,69,86
201705,경상북도,영주시,70,60
201705,경상북도,영주시,71,41
201705,경상북도,영주시,72,73
201705,경상북도,영주시,73,87
201705,경상북도,영주시,74,95
201705,경상북도,영주시,75,93
201705,경상북도,영주시,76,83
201705,경상북도,영주시,77,70
201705,경상북도,영주시,78,92
201705,경상북도,영주시,79,74
201705,경상북도,영주시,80,81
201705,경상북도,영주시,81,63
201705,경상북도,영주시,82,63
201705,경상북도,영주시,83,45
201705,경상북도,영주시,84,65
201705,경상북도,영주시,85,49
201705,경상북도,영주시,86,40
201705,경상북도,영주시,87,40
201705,경상북도,영주시,88,28
201705,경상북도,영주시,89,18
201705,경상북도,영주시,90,16
201705,경상북도,영주시,91,14
201705,경상북도,영주시,92,11
201705,경상북도,영주시,93,12
201705,경상북도,영주시,94,10
201705,경상북도,영주시,95,3
201705,경상북도,영주시,96,1
201705,경상북도,영주시,97,1
201705,경상북도,영주시,99,2
201705,경상북도,영천시,0,3
201705,경상북도,영천시,1,9
201705,경상북도,영천시,2,7
201705,경상북도,영천시,3,14
201705,경상북도,영천시,4,25
201705,경상북도,영천시,5,17
201705,경상북도,영천시,6,51
201705,경상북도,영천시,7,32
201705,경상북도,영천시,8,52
201705,경상북도,영천시,9,69
201705,경상북도,영천시,10,64
201705,경상북도,영천시,11,79
201705,경상북도,영천시,12,66
201705,경상북도,영천시,13,87
201705,경상북도,영천시,14,91
201705,경상북도,영천시,15,115
201705,경상북도,영천시,16,118
201705,경상북도,영천시,17,119
201705,경상북도,영천시,18,111
201705,경상북도,영천시,19,78
201705,경상북도,영천시,20,63
201705,경상북도,영천시,21,41
201705,경상북도,영천시,22,44
201705,경상북도,영천시,23,36
201705,경상북도,영천시,24,19
201705,경상북도,영천시,25,21
201705,경상북도,영천시,26,10
201705,경상북도,영천시,27,12
201705,경상북도,영천시,28,12
201705,경상북도,영천시,29,16
201705,경상북도,영천시,30,7
201705,경상북도,영천시,31,10
201705,경상북도,영천시,32,17
201705,경상북도,영천시,33,6
201705,경상북도,영천시,34,20
201705,경상북도,영천시,35,21
201705,경상북도,영천시,36,24
201705,경상북도,영천시,37,20
201705,경상북도,영천시,38,16
201705,경상북도,영천시,39,26
201705,경상북도,영천시,40,22
201705,경상북도,영천시,41,43
201705,경상북도,영천시,42,40
201705,경상북도,영천시,43,64
201705,경상북도,영천시,44,44
201705,경상북도,영천시,45,78
201705,경상북도,영천시,46,82
201705,경상북도,영천시,47,80
201705,경상북도,영천시,48,69
201705,경상북도,영천시,49,78
201705,경상북도,영천시,50,79
201705,경상북도,영천시,51,74
201705,경상북도,영천시,52,91
201705,경상북도,영천시,53,92
201705,경상북도,영천시,54,101
201705,경상북도,영천시,55,111
201705,경상북도,영천시,56,104
201705,경상북도,영천시,57,101
201705,경상북도,영천시,58,85
201705,경상북도,영천시,59,82
201705,경상북도,영천시,60,69
201705,경상북도,영천시,61,92
201705,경상북도,영천시,62,81
201705,경상북도,영천시,63,62
201705,경상북도,영천시,64,80
201705,경상북도,영천시,65,77
201705,경상북도,영천시,66,74
201705,경상북도,영천시,67,78
201705,경상북도,영천시,68,87
201705,경상북도,영천시,69,86
201705,경상북도,영천시,70,75
201705,경상북도,영천시,71,53
201705,경상북도,영천시,72,70
201705,경상북도,영천시,73,82
201705,경상북도,영천시,74,94
201705,경상북도,영천시,75,111
201705,경상북도,영천시,76,74
201705,경상북도,영천시,77,93
201705,경상북도,영천시,78,85
201705,경상북도,영천시,79,72
201705,경상북도,영천시,80,67
201705,경상북도,영천시,81,82
201705,경상북도,영천시,82,79
201705,경상북도,영천시,83,54
201705,경상북도,영천시,84,57
201705,경상북도,영천시,85,47
201705,경상북도,영천시,86,30
201705,경상북도,영천시,87,31
201705,경상북도,영천시,88,24
201705,경상북도,영천시,89,21
201705,경상북도,영천시,90,21
201705,경상북도,영천시,91,5
201705,경상북도,영천시,92,9
201705,경상북도,영천시,93,7
201705,경상북도,영천시,94,4
201705,경상북도,영천시,95,6
201705,경상북도,영천시,96,6
201705,경상북도,영천시,97,1
201705,경상북도,영천시,98,1
201705,경상북도,영천시,99,1
201705,경상북도,영천시,100,1
201705,경상북도,상주시,0,3
201705,경상북도,상주시,1,5
201705,경상북도,상주시,2,9
201705,경상북도,상주시,3,7
201705,경상북도,상주시,4,11
201705,경상북도,상주시,5,14
201705,경상북도,상주시,6,24
201705,경상북도,상주시,7,30
201705,경상북도,상주시,8,36
201705,경상북도,상주시,9,50
201705,경상북도,상주시,10,48
201705,경상북도,상주시,11,51
201705,경상북도,상주시,12,39
201705,경상북도,상주시,13,48
201705,경상북도,상주시,14,61
201705,경상북도,상주시,15,76
201705,경상북도,상주시,16,89
201705,경상북도,상주시,17,98
201705,경상북도,상주시,18,58
201705,경상북도,상주시,19,62
201705,경상북도,상주시,20,35
201705,경상북도,상주시,21,25
201705,경상북도,상주시,22,24
201705,경상북도,상주시,23,25
201705,경상북도,상주시,24,11
201705,경상북도,상주시,25,9
201705,경상북도,상주시,26,11
201705,경상북도,상주시,27,4
201705,경상북도,상주시,28,4
201705,경상북도,상주시,29,9
201705,경상북도,상주시,30,12
201705,경상북도,상주시,31,10
201705,경상북도,상주시,32,14
201705,경상북도,상주시,33,17
201705,경상북도,상주시,34,13
201705,경상북도,상주시,35,20
201705,경상북도,상주시,36,20
201705,경상북도,상주시,37,17
201705,경상북도,상주시,38,14
201705,경상북도,상주시,39,26
201705,경상북도,상주시,40,20
201705,경상북도,상주시,41,15
201705,경상북도,상주시,42,37
201705,경상북도,상주시,43,20
201705,경상북도,상주시,44,52
201705,경상북도,상주시,45,43
201705,경상북도,상주시,46,41
201705,경상북도,상주시,47,43
201705,경상북도,상주시,48,54
201705,경상북도,상주시,49,60
201705,경상북도,상주시,50,55
201705,경상북도,상주시,51,49
201705,경상북도,상주시,52,65
201705,경상북도,상주시,53,52
201705,경상북도,상주시,54,69
201705,경상북도,상주시,55,57
201705,경상북도,상주시,56,73
201705,경상북도,상주시,57,77
201705,경상북도,상주시,58,62
201705,경상북도,상주시,59,54
201705,경상북도,상주시,60,59
201705,경상북도,상주시,61,52
201705,경상북도,상주시,62,75
201705,경상북도,상주시,63,38
201705,경상북도,상주시,64,49
201705,경상북도,상주시,65,68
201705,경상북도,상주시,66,41
201705,경상북도,상주시,67,55
201705,경상북도,상주시,68,50
201705,경상북도,상주시,69,56
201705,경상북도,상주시,70,56
201705,경상북도,상주시,71,45
201705,경상북도,상주시,72,32
201705,경상북도,상주시,73,63
201705,경상북도,상주시,74,73
201705,경상북도,상주시,75,82
201705,경상북도,상주시,76,69
201705,경상북도,상주시,77,61
201705,경상북도,상주시,78,72
201705,경상북도,상주시,79,54
201705,경상북도,상주시,80,60
201705,경상북도,상주시,81,60
201705,경상북도,상주시,82,70
201705,경상북도,상주시,83,36
201705,경상북도,상주시,84,40
201705,경상북도,상주시,85,27
201705,경상북도,상주시,86,25
201705,경상북도,상주시,87,26
201705,경상북도,상주시,88,11
201705,경상북도,상주시,89,28
201705,경상북도,상주시,90,22
201705,경상북도,상주시,91,8
201705,경상북도,상주시,92,11
201705,경상북도,상주시,93,7
201705,경상북도,상주시,94,10
201705,경상북도,상주시,95,1
201705,경상북도,상주시,96,2
201705,경상북도,상주시,97,1
201705,경상북도,상주시,98,2
201705,경상북도,상주시,99,1
201705,경상북도,상주시,107,1
201705,경상북도,문경시,0,3
201705,경상북도,문경시,1,6
201705,경상북도,문경시,2,7
201705,경상북도,문경시,3,7
201705,경상북도,문경시,4,6
201705,경상북도,문경시,5,7
201705,경상북도,문경시,6,14
201705,경상북도,문경시,7,20
201705,경상북도,문경시,8,22
201705,경상북도,문경시,9,33
201705,경상북도,문경시,10,38
201705,경상북도,문경시,11,28
201705,경상북도,문경시,12,42
201705,경상북도,문경시,13,44
201705,경상북도,문경시,14,46
201705,경상북도,문경시,15,83
201705,경상북도,문경시,16,71
201705,경상북도,문경시,17,80
201705,경상북도,문경시,18,65
201705,경상북도,문경시,19,42
201705,경상북도,문경시,20,27
201705,경상북도,문경시,21,22
201705,경상북도,문경시,22,8
201705,경상북도,문경시,23,15
201705,경상북도,문경시,24,8
201705,경상북도,문경시,25,7
201705,경상북도,문경시,26,5
201705,경상북도,문경시,27,7
201705,경상북도,문경시,28,6
201705,경상북도,문경시,29,5
201705,경상북도,문경시,30,5
201705,경상북도,문경시,31,12
201705,경상북도,문경시,32,10
201705,경상북도,문경시,33,4
201705,경상북도,문경시,34,15
201705,경상북도,문경시,35,10
201705,경상북도,문경시,36,14
201705,경상북도,문경시,37,14
201705,경상북도,문경시,38,14
201705,경상북도,문경시,39,20
201705,경상북도,문경시,40,25
201705,경상북도,문경시,41,26
201705,경상북도,문경시,42,39
201705,경상북도,문경시,43,32
201705,경상북도,문경시,44,27
201705,경상북도,문경시,45,31
201705,경상북도,문경시,46,30
201705,경상북도,문경시,47,33
201705,경상북도,문경시,48,49
201705,경상북도,문경시,49,49
201705,경상북도,문경시,50,45
201705,경상북도,문경시,51,47
201705,경상북도,문경시,52,54
201705,경상북도,문경시,53,59
201705,경상북도,문경시,54,56
201705,경상북도,문경시,55,59
201705,경상북도,문경시,56,68
201705,경상북도,문경시,57,62
201705,경상북도,문경시,58,57
201705,경상북도,문경시,59,59
201705,경상북도,문경시,60,58
201705,경상북도,문경시,61,55
201705,경상북도,문경시,62,47
201705,경상북도,문경시,63,49
201705,경상북도,문경시,64,55
201705,경상북도,문경시,65,46
201705,경상북도,문경시,66,30
201705,경상북도,문경시,67,40
201705,경상북도,문경시,68,46
201705,경상북도,문경시,69,47
201705,경상북도,문경시,70,44
201705,경상북도,문경시,71,23
201705,경상북도,문경시,72,38
201705,경상북도,문경시,73,57
201705,경상북도,문경시,74,71
201705,경상북도,문경시,75,77
201705,경상북도,문경시,76,57
201705,경상북도,문경시,77,54
201705,경상북도,문경시,78,52
201705,경상북도,문경시,79,51
201705,경상북도,문경시,80,39
201705,경상북도,문경시,81,48
201705,경상북도,문경시,82,32
201705,경상북도,문경시,83,30
201705,경상북도,문경시,84,41
201705,경상북도,문경시,85,22
201705,경상북도,문경시,86,15
201705,경상북도,문경시,87,18
201705,경상북도,문경시,88,23
201705,경상북도,문경시,89,13
201705,경상북도,문경시,90,13
201705,경상북도,문경시,91,9
201705,경상북도,문경시,92,8
201705,경상북도,문경시,93,3
201705,경상북도,문경시,94,3
201705,경상북도,문경시,95,2
201705,경상북도,문경시,96,4
201705,경상북도,문경시,97,1
201705,경상북도,문경시,98,1
201705,경상북도,문경시,99,1
201705,경상북도,문경시,100,2
201705,경상북도,문경시,101,2
201705,경상북도,경산시,0,9
201705,경상북도,경산시,1,16
201705,경상북도,경산시,2,26
201705,경상북도,경산시,3,30
201705,경상북도,경산시,4,32
201705,경상북도,경산시,5,35
201705,경상북도,경산시,6,63
201705,경상북도,경산시,7,71
201705,경상북도,경산시,8,85
201705,경상북도,경산시,9,110
201705,경상북도,경산시,10,103
201705,경상북도,경산시,11,114
201705,경상북도,경산시,12,128
201705,경상북도,경산시,13,124
201705,경상북도,경산시,14,155
201705,경상북도,경산시,15,167
201705,경상북도,경산시,16,196
201705,경상북도,경산시,17,194
201705,경상북도,경산시,18,156
201705,경상북도,경산시,19,126
201705,경상북도,경산시,20,110
201705,경상북도,경산시,21,88
201705,경상북도,경산시,22,89
201705,경상북도,경산시,23,68
201705,경상북도,경산시,24,58
201705,경상북도,경산시,25,35
201705,경상북도,경산시,26,25
201705,경상북도,경산시,27,19
201705,경상북도,경산시,28,19
201705,경상북도,경산시,29,9
201705,경상북도,경산시,30,22
201705,경상북도,경산시,31,20
201705,경상북도,경산시,32,19
201705,경상북도,경산시,33,23
201705,경상북도,경산시,34,34
201705,경상북도,경산시,35,24
201705,경상북도,경산시,36,41
201705,경상북도,경산시,37,53
201705,경상북도,경산시,38,36
201705,경상북도,경산시,39,53
201705,경상북도,경산시,40,40
201705,경상북도,경산시,41,44
201705,경상북도,경산시,42,68
201705,경상북도,경산시,43,78
201705,경상북도,경산시,44,96
201705,경상북도,경산시,45,92
201705,경상북도,경산시,46,117
201705,경상북도,경산시,47,110
201705,경상북도,경산시,48,122
201705,경상북도,경산시,49,109
201705,경상북도,경산시,50,124
201705,경상북도,경산시,51,114
201705,경상북도,경산시,52,127
201705,경상북도,경산시,53,109
201705,경상북도,경산시,54,122
201705,경상북도,경산시,55,119
201705,경상북도,경산시,56,138
201705,경상북도,경산시,57,91
201705,경상북도,경산시,58,119
201705,경상북도,경산시,59,104
201705,경상북도,경산시,60,99
201705,경상북도,경산시,61,100
201705,경상북도,경산시,62,102
201705,경상북도,경산시,63,89
201705,경상북도,경산시,64,95
201705,경상북도,경산시,65,88
201705,경상북도,경산시,66,79
201705,경상북도,경산시,67,94
201705,경상북도,경산시,68,110
201705,경상북도,경산시,69,93
201705,경상북도,경산시,70,89
201705,경상북도,경산시,71,68
201705,경상북도,경산시,72,86
201705,경상북도,경산시,73,94
201705,경상북도,경산시,74,106
201705,경상북도,경산시,75,119
201705,경상북도,경산시,76,115
201705,경상북도,경산시,77,107
201705,경상북도,경산시,78,90
201705,경상북도,경산시,79,84
201705,경상북도,경산시,80,84
201705,경상북도,경산시,81,80
201705,경상북도,경산시,82,89
201705,경상북도,경산시,83,67
201705,경상북도,경산시,84,54
201705,경상북도,경산시,85,43
201705,경상북도,경산시,86,41
201705,경상북도,경산시,87,31
201705,경상북도,경산시,88,28
201705,경상북도,경산시,89,27
201705,경상북도,경산시,90,12
201705,경상북도,경산시,91,11
201705,경상북도,경산시,92,10
201705,경상북도,경산시,93,9
201705,경상북도,경산시,94,4
201705,경상북도,경산시,95,4
201705,경상북도,경산시,96,3
201705,경상북도,경산시,98,2
201705,경상북도,경산시,99,1
201705,경상북도,경산시,102,2
201705,경상북도,군위군,0,3
201705,경상북도,군위군,1,3
201705,경상북도,군위군,3,1
201705,경상북도,군위군,4,2
201705,경상북도,군위군,5,3
201705,경상북도,군위군,6,5
201705,경상북도,군위군,7,2
201705,경상북도,군위군,8,7
201705,경상북도,군위군,9,9
201705,경상북도,군위군,10,5
201705,경상북도,군위군,11,6
201705,경상북도,군위군,12,6
201705,경상북도,군위군,13,11
201705,경상북도,군위군,14,7
201705,경상북도,군위군,15,11
201705,경상북도,군위군,16,10
201705,경상북도,군위군,17,18
201705,경상북도,군위군,18,23
201705,경상북도,군위군,19,16
201705,경상북도,군위군,20,13
201705,경상북도,군위군,21,3
201705,경상북도,군위군,22,4
201705,경상북도,군위군,23,7
201705,경상북도,군위군,24,4
201705,경상북도,군위군,25,7
201705,경상북도,군위군,26,4
201705,경상북도,군위군,27,2
201705,경상북도,군위군,29,3
201705,경상북도,군위군,31,1
201705,경상북도,군위군,32,2
201705,경상북도,군위군,33,2
201705,경상북도,군위군,34,2
201705,경상북도,군위군,35,2
201705,경상북도,군위군,36,7
201705,경상북도,군위군,37,2
201705,경상북도,군위군,38,7
201705,경상북도,군위군,39,5
201705,경상북도,군위군,40,9
201705,경상북도,군위군,41,5
201705,경상북도,군위군,42,6
201705,경상북도,군위군,43,9
201705,경상북도,군위군,44,9
201705,경상북도,군위군,45,10
201705,경상북도,군위군,46,8
201705,경상북도,군위군,47,7
201705,경상북도,군위군,48,19
201705,경상북도,군위군,49,11
201705,경상북도,군위군,50,7
201705,경상북도,군위군,51,19
201705,경상북도,군위군,52,14
201705,경상북도,군위군,53,13
201705,경상북도,군위군,54,18
201705,경상북도,군위군,55,12
201705,경상북도,군위군,56,16
201705,경상북도,군위군,57,22
201705,경상북도,군위군,58,19
201705,경상북도,군위군,59,13
201705,경상북도,군위군,60,19
201705,경상북도,군위군,61,15
201705,경상북도,군위군,62,9
201705,경상북도,군위군,63,12
201705,경상북도,군위군,64,12
201705,경상북도,군위군,65,13
201705,경상북도,군위군,66,11
201705,경상북도,군위군,67,16
201705,경상북도,군위군,68,15
201705,경상북도,군위군,69,16
201705,경상북도,군위군,70,20
201705,경상북도,군위군,71,12
201705,경상북도,군위군,72,13
201705,경상북도,군위군,73,18
201705,경상북도,군위군,74,25
201705,경상북도,군위군,75,30
201705,경상북도,군위군,76,19
201705,경상북도,군위군,77,27
201705,경상북도,군위군,78,17
201705,경상북도,군위군,79,22
201705,경상북도,군위군,80,15
201705,경상북도,군위군,81,21
201705,경상북도,군위군,82,20
201705,경상북도,군위군,83,11
201705,경상북도,군위군,84,17
201705,경상북도,군위군,85,12
201705,경상북도,군위군,86,11
201705,경상북도,군위군,87,5
201705,경상북도,군위군,88,10
201705,경상북도,군위군,89,3
201705,경상북도,군위군,90,6
201705,경상북도,군위군,91,5
201705,경상북도,군위군,92,1
201705,경상북도,군위군,93,1
201705,경상북도,군위군,94,1
201705,경상북도,군위군,95,3
201705,경상북도,군위군,98,1
201705,경상북도,의성군,0,2
201705,경상북도,의성군,1,6
201705,경상북도,의성군,2,4
201705,경상북도,의성군,3,6
201705,경상북도,의성군,4,3
201705,경상북도,의성군,5,5
201705,경상북도,의성군,6,13
201705,경상북도,의성군,7,19
201705,경상북도,의성군,8,25
201705,경상북도,의성군,9,28
201705,경상북도,의성군,10,25
201705,경상북도,의성군,11,27
201705,경상북도,의성군,12,27
201705,경상북도,의성군,13,27
201705,경상북도,의성군,14,28
201705,경상북도,의성군,15,49
201705,경상북도,의성군,16,36
201705,경상북도,의성군,17,41
201705,경상북도,의성군,18,43
201705,경상북도,의성군,19,26
201705,경상북도,의성군,20,19
201705,경상북도,의성군,21,17
201705,경상북도,의성군,22,13
201705,경상북도,의성군,23,16
201705,경상북도,의성군,24,5
201705,경상북도,의성군,25,7
201705,경상북도,의성군,26,3
201705,경상북도,의성군,27,5
201705,경상북도,의성군,28,6
201705,경상북도,의성군,29,7
201705,경상북도,의성군,30,5
201705,경상북도,의성군,31,12
201705,경상북도,의성군,32,8
201705,경상북도,의성군,33,12
201705,경상북도,의성군,34,11
201705,경상북도,의성군,35,10
201705,경상북도,의성군,36,10
201705,경상북도,의성군,37,17
201705,경상북도,의성군,38,19
201705,경상북도,의성군,39,18
201705,경상북도,의성군,40,16
201705,경상북도,의성군,41,11
201705,경상북도,의성군,42,25
201705,경상북도,의성군,43,27
201705,경상북도,의성군,44,21
201705,경상북도,의성군,45,23
201705,경상북도,의성군,46,32
201705,경상북도,의성군,47,29
201705,경상북도,의성군,48,35
201705,경상북도,의성군,49,39
201705,경상북도,의성군,50,42
201705,경상북도,의성군,51,36
201705,경상북도,의성군,52,57
201705,경상북도,의성군,53,35
201705,경상북도,의성군,54,53
201705,경상북도,의성군,55,49
201705,경상북도,의성군,56,63
201705,경상북도,의성군,57,48
201705,경상북도,의성군,58,55
201705,경상북도,의성군,59,53
201705,경상북도,의성군,60,57
201705,경상북도,의성군,61,46
201705,경상북도,의성군,62,45
201705,경상북도,의성군,63,34
201705,경상북도,의성군,64,42
201705,경상북도,의성군,65,58
201705,경상북도,의성군,66,34
201705,경상북도,의성군,67,34
201705,경상북도,의성군,68,45
201705,경상북도,의성군,69,39
201705,경상북도,의성군,70,47
201705,경상북도,의성군,71,35
201705,경상북도,의성군,72,36
201705,경상북도,의성군,73,49
201705,경상북도,의성군,74,52
201705,경상북도,의성군,75,57
201705,경상북도,의성군,76,41
201705,경상북도,의성군,77,50
201705,경상북도,의성군,78,53
201705,경상북도,의성군,79,34
201705,경상북도,의성군,80,51
201705,경상북도,의성군,81,50
201705,경상북도,의성군,82,40
201705,경상북도,의성군,83,35
201705,경상북도,의성군,84,28
201705,경상북도,의성군,85,35
201705,경상북도,의성군,86,24
201705,경상북도,의성군,87,20
201705,경상북도,의성군,88,18
201705,경상북도,의성군,89,19
201705,경상북도,의성군,90,19
201705,경상북도,의성군,91,7
201705,경상북도,의성군,92,12
201705,경상북도,의성군,93,5
201705,경상북도,의성군,94,2
201705,경상북도,의성군,97,1
201705,경상북도,의성군,100,1
201705,경상북도,청송군,0,3
201705,경상북도,청송군,2,3
201705,경상북도,청송군,3,1
201705,경상북도,청송군,4,5
201705,경상북도,청송군,5,6
201705,경상북도,청송군,6,8
201705,경상북도,청송군,7,5
201705,경상북도,청송군,8,11
201705,경상북도,청송군,9,9
201705,경상북도,청송군,10,7
201705,경상북도,청송군,11,7
201705,경상북도,청송군,12,14
201705,경상북도,청송군,13,21
201705,경상북도,청송군,14,11
201705,경상북도,청송군,15,19
201705,경상북도,청송군,16,22
201705,경상북도,청송군,17,20
201705,경상북도,청송군,18,13
201705,경상북도,청송군,19,18
201705,경상북도,청송군,20,11
201705,경상북도,청송군,21,5
201705,경상북도,청송군,22,12
201705,경상북도,청송군,23,3
201705,경상북도,청송군,24,7
201705,경상북도,청송군,25,2
201705,경상북도,청송군,26,3
201705,경상북도,청송군,27,2
201705,경상북도,청송군,28,4
201705,경상북도,청송군,29,1
201705,경상북도,청송군,30,2
201705,경상북도,청송군,31,5
201705,경상북도,청송군,32,2
201705,경상북도,청송군,33,5
201705,경상북도,청송군,34,3
201705,경상북도,청송군,35,4
201705,경상북도,청송군,36,12
201705,경상북도,청송군,37,8
201705,경상북도,청송군,38,4
201705,경상북도,청송군,39,8
201705,경상북도,청송군,40,6
201705,경상북도,청송군,41,5
201705,경상북도,청송군,42,8
201705,경상북도,청송군,43,11
201705,경상북도,청송군,44,14
201705,경상북도,청송군,45,11
201705,경상북도,청송군,46,14
201705,경상북도,청송군,47,17
201705,경상북도,청송군,48,19
201705,경상북도,청송군,49,16
201705,경상북도,청송군,50,12
201705,경상북도,청송군,51,14
201705,경상북도,청송군,52,24
201705,경상북도,청송군,53,19
201705,경상북도,청송군,54,20
201705,경상북도,청송군,55,21
201705,경상북도,청송군,56,17
201705,경상북도,청송군,57,34
201705,경상북도,청송군,58,22
201705,경상북도,청송군,59,26
201705,경상북도,청송군,60,19
201705,경상북도,청송군,61,20
201705,경상북도,청송군,62,12
201705,경상북도,청송군,63,16
201705,경상북도,청송군,64,19
201705,경상북도,청송군,65,11
201705,경상북도,청송군,66,15
201705,경상북도,청송군,67,17
201705,경상북도,청송군,68,20
201705,경상북도,청송군,69,20
201705,경상북도,청송군,70,24
201705,경상북도,청송군,71,14
201705,경상북도,청송군,72,14
201705,경상북도,청송군,73,24
201705,경상북도,청송군,74,32
201705,경상북도,청송군,75,31
201705,경상북도,청송군,76,16
201705,경상북도,청송군,77,26
201705,경상북도,청송군,78,24
201705,경상북도,청송군,79,32
201705,경상북도,청송군,80,16
201705,경상북도,청송군,81,19
201705,경상북도,청송군,82,26
201705,경상북도,청송군,83,19
201705,경상북도,청송군,84,22
201705,경상북도,청송군,85,8
201705,경상북도,청송군,86,9
201705,경상북도,청송군,87,3
201705,경상북도,청송군,88,7
201705,경상북도,청송군,89,9
201705,경상북도,청송군,90,10
201705,경상북도,청송군,91,4
201705,경상북도,청송군,92,3
201705,경상북도,청송군,93,1
201705,경상북도,청송군,94,2
201705,경상북도,청송군,95,2
201705,경상북도,청송군,96,1
201705,경상북도,청송군,97,3
201705,경상북도,청송군,98,1
201705,경상북도,영양군,1,3
201705,경상북도,영양군,2,1
201705,경상북도,영양군,3,3
201705,경상북도,영양군,4,9
201705,경상북도,영양군,5,9
201705,경상북도,영양군,6,8
201705,경상북도,영양군,7,12
201705,경상북도,영양군,8,8
201705,경상북도,영양군,9,17
201705,경상북도,영양군,10,13
201705,경상북도,영양군,11,13
201705,경상북도,영양군,12,11
201705,경상북도,영양군,13,10
201705,경상북도,영양군,14,12
201705,경상북도,영양군,15,15
201705,경상북도,영양군,16,28
201705,경상북도,영양군,17,26
201705,경상북도,영양군,18,23
201705,경상북도,영양군,19,16
201705,경상북도,영양군,20,13
201705,경상북도,영양군,21,11
201705,경상북도,영양군,22,10
201705,경상북도,영양군,23,7
201705,경상북도,영양군,24,3
201705,경상북도,영양군,25,2
201705,경상북도,영양군,26,3
201705,경상북도,영양군,27,1
201705,경상북도,영양군,28,5
201705,경상북도,영양군,29,5
201705,경상북도,영양군,30,4
201705,경상북도,영양군,31,3
201705,경상북도,영양군,32,3
201705,경상북도,영양군,33,7
201705,경상북도,영양군,34,2
201705,경상북도,영양군,35,4
201705,경상북도,영양군,36,5
201705,경상북도,영양군,37,3
201705,경상북도,영양군,38,3
201705,경상북도,영양군,39,6
201705,경상북도,영양군,40,4
201705,경상북도,영양군,41,8
201705,경상북도,영양군,42,6
201705,경상북도,영양군,43,13
201705,경상북도,영양군,44,9
201705,경상북도,영양군,45,9
201705,경상북도,영양군,46,15
201705,경상북도,영양군,47,20
201705,경상북도,영양군,48,13
201705,경상북도,영양군,49,18
201705,경상북도,영양군,50,17
201705,경상북도,영양군,51,22
201705,경상북도,영양군,52,21
201705,경상북도,영양군,53,16
201705,경상북도,영양군,54,27
201705,경상북도,영양군,55,23
201705,경상북도,영양군,56,28
201705,경상북도,영양군,57,20
201705,경상북도,영양군,58,16
201705,경상북도,영양군,59,19
201705,경상북도,영양군,60,12
201705,경상북도,영양군,61,23
201705,경상북도,영양군,62,26
201705,경상북도,영양군,63,12
201705,경상북도,영양군,64,17
201705,경상북도,영양군,65,19
201705,경상북도,영양군,66,10
201705,경상북도,영양군,67,16
201705,경상북도,영양군,68,19
201705,경상북도,영양군,69,9
201705,경상북도,영양군,70,17
201705,경상북도,영양군,71,15
201705,경상북도,영양군,72,12
201705,경상북도,영양군,73,13
201705,경상북도,영양군,74,18
201705,경상북도,영양군,75,24
201705,경상북도,영양군,76,26
201705,경상북도,영양군,77,25
201705,경상북도,영양군,78,26
201705,경상북도,영양군,79,21
201705,경상북도,영양군,80,22
201705,경상북도,영양군,81,14
201705,경상북도,영양군,82,14
201705,경상북도,영양군,83,16
201705,경상북도,영양군,84,11
201705,경상북도,영양군,85,15
201705,경상북도,영양군,86,10
201705,경상북도,영양군,87,8
201705,경상북도,영양군,88,17
201705,경상북도,영양군,89,7
201705,경상북도,영양군,90,6
201705,경상북도,영양군,91,5
201705,경상북도,영양군,92,2
201705,경상북도,영양군,93,2
201705,경상북도,영양군,94,4
201705,경상북도,영양군,96,4
201705,경상북도,영양군,100,1
201705,경상북도,영양군,106,1
201705,경상북도,영덕군,0,1
201705,경상북도,영덕군,1,3
201705,경상북도,영덕군,2,3
201705,경상북도,영덕군,3,5
201705,경상북도,영덕군,4,2
201705,경상북도,영덕군,5,5
201705,경상북도,영덕군,6,8
201705,경상북도,영덕군,7,18
201705,경상북도,영덕군,8,9
201705,경상북도,영덕군,9,15
201705,경상북도,영덕군,10,22
201705,경상북도,영덕군,11,25
201705,경상북도,영덕군,12,17
201705,경상북도,영덕군,13,26
201705,경상북도,영덕군,14,31
201705,경상북도,영덕군,15,24
201705,경상북도,영덕군,16,47
201705,경상북도,영덕군,17,55
201705,경상북도,영덕군,18,34
201705,경상북도,영덕군,19,23
201705,경상북도,영덕군,20,18
201705,경상북도,영덕군,21,13
201705,경상북도,영덕군,22,8
201705,경상북도,영덕군,23,6
201705,경상북도,영덕군,24,4
201705,경상북도,영덕군,25,6
201705,경상북도,영덕군,26,2
201705,경상북도,영덕군,27,1
201705,경상북도,영덕군,29,5
201705,경상북도,영덕군,30,1
201705,경상북도,영덕군,31,3
201705,경상북도,영덕군,32,1
201705,경상북도,영덕군,33,8
201705,경상북도,영덕군,34,3
201705,경상북도,영덕군,35,8
201705,경상북도,영덕군,36,4
201705,경상북도,영덕군,37,7
201705,경상북도,영덕군,38,10
201705,경상북도,영덕군,39,9
201705,경상북도,영덕군,40,8
201705,경상북도,영덕군,41,11
201705,경상북도,영덕군,42,9
201705,경상북도,영덕군,43,17
201705,경상북도,영덕군,44,19
201705,경상북도,영덕군,45,21
201705,경상북도,영덕군,46,23
201705,경상북도,영덕군,47,28
201705,경상북도,영덕군,48,29
201705,경상북도,영덕군,49,27
201705,경상북도,영덕군,50,28
201705,경상북도,영덕군,51,24
201705,경상북도,영덕군,52,28
201705,경상북도,영덕군,53,30
201705,경상북도,영덕군,54,42
201705,경상북도,영덕군,55,30
201705,경상북도,영덕군,56,43
201705,경상북도,영덕군,57,46
201705,경상북도,영덕군,58,31
201705,경상북도,영덕군,59,25
201705,경상북도,영덕군,60,23
201705,경상북도,영덕군,61,33
201705,경상북도,영덕군,62,28
201705,경상북도,영덕군,63,31
201705,경상북도,영덕군,64,32
201705,경상북도,영덕군,65,40
201705,경상북도,영덕군,66,28
201705,경상북도,영덕군,67,37
201705,경상북도,영덕군,68,35
201705,경상북도,영덕군,69,35
201705,경상북도,영덕군,70,33
201705,경상북도,영덕군,71,14
201705,경상북도,영덕군,72,43
201705,경상북도,영덕군,73,43
201705,경상북도,영덕군,74,59
201705,경상북도,영덕군,75,64
201705,경상북도,영덕군,76,39
201705,경상북도,영덕군,77,49
201705,경상북도,영덕군,78,48
201705,경상북도,영덕군,79,50
201705,경상북도,영덕군,80,42
201705,경상북도,영덕군,81,47
201705,경상북도,영덕군,82,38
201705,경상북도,영덕군,83,36
201705,경상북도,영덕군,84,19
201705,경상북도,영덕군,85,29
201705,경상북도,영덕군,86,22
201705,경상북도,영덕군,87,25
201705,경상북도,영덕군,88,18
201705,경상북도,영덕군,89,19
201705,경상북도,영덕군,90,13
201705,경상북도,영덕군,91,9
201705,경상북도,영덕군,92,12
201705,경상북도,영덕군,93,4
201705,경상북도,영덕군,94,3
201705,경상북도,영덕군,95,3
201705,경상북도,영덕군,96,5
201705,경상북도,영덕군,98,1
201705,경상북도,영덕군,99,2
201705,경상북도,영덕군,100,1
201705,경상북도,영덕군,104,1
201705,경상북도,청도군,0,2
201705,경상북도,청도군,2,2
201705,경상북도,청도군,3,2
201705,경상북도,청도군,4,2
201705,경상북도,청도군,5,4
201705,경상북도,청도군,6,6
201705,경상북도,청도군,7,16
201705,경상북도,청도군,8,12
201705,경상북도,청도군,9,15
201705,경상북도,청도군,10,20
201705,경상북도,청도군,11,28
201705,경상북도,청도군,12,17
201705,경상북도,청도군,13,26
201705,경상북도,청도군,14,17
201705,경상북도,청도군,15,34
201705,경상북도,청도군,16,25
201705,경상북도,청도군,17,42
201705,경상북도,청도군,18,33
201705,경상북도,청도군,19,24
201705,경상북도,청도군,20,19
201705,경상북도,청도군,21,7
201705,경상북도,청도군,22,10
201705,경상북도,청도군,23,7
201705,경상북도,청도군,24,4
201705,경상북도,청도군,25,4
201705,경상북도,청도군,26,3
201705,경상북도,청도군,27,3
201705,경상북도,청도군,28,3
201705,경상북도,청도군,29,3
201705,경상북도,청도군,30,6
201705,경상북도,청도군,31,2
201705,경상북도,청도군,32,6
201705,경상북도,청도군,33,10
201705,경상북도,청도군,34,7
201705,경상북도,청도군,35,7
201705,경상북도,청도군,36,6
201705,경상북도,청도군,37,4
201705,경상북도,청도군,38,7
201705,경상북도,청도군,39,10
201705,경상북도,청도군,40,11
201705,경상북도,청도군,41,12
201705,경상북도,청도군,42,14
201705,경상북도,청도군,43,19
201705,경상북도,청도군,44,25
201705,경상북도,청도군,45,22
201705,경상북도,청도군,46,23
201705,경상북도,청도군,47,29
201705,경상북도,청도군,48,25
201705,경상북도,청도군,49,43
201705,경상북도,청도군,50,35
201705,경상북도,청도군,51,32
201705,경상북도,청도군,52,40
201705,경상북도,청도군,53,33
201705,경상북도,청도군,54,47
201705,경상북도,청도군,55,29
201705,경상북도,청도군,56,53
201705,경상북도,청도군,57,38
201705,경상북도,청도군,58,44
201705,경상북도,청도군,59,40
201705,경상북도,청도군,60,33
201705,경상북도,청도군,61,37
201705,경상북도,청도군,62,30
201705,경상북도,청도군,63,26
201705,경상북도,청도군,64,30
201705,경상북도,청도군,65,29
201705,경상북도,청도군,66,25
201705,경상북도,청도군,67,35
201705,경상북도,청도군,68,24
201705,경상북도,청도군,69,29
201705,경상북도,청도군,70,26
201705,경상북도,청도군,71,23
201705,경상북도,청도군,72,19
201705,경상북도,청도군,73,30
201705,경상북도,청도군,74,39
201705,경상북도,청도군,75,36
201705,경상북도,청도군,76,27
201705,경상북도,청도군,77,37
201705,경상북도,청도군,78,40
201705,경상북도,청도군,79,39
201705,경상북도,청도군,80,33
201705,경상북도,청도군,81,39
201705,경상북도,청도군,82,30
201705,경상북도,청도군,83,24
201705,경상북도,청도군,84,30
201705,경상북도,청도군,85,19
201705,경상북도,청도군,86,12
201705,경상북도,청도군,87,10
201705,경상북도,청도군,88,12
201705,경상북도,청도군,89,15
201705,경상북도,청도군,90,8
201705,경상북도,청도군,91,5
201705,경상북도,청도군,92,2
201705,경상북도,청도군,93,8
201705,경상북도,청도군,94,4
201705,경상북도,청도군,95,4
201705,경상북도,청도군,96,1
201705,경상북도,청도군,98,1
201705,경상북도,청도군,100,1
201705,경상북도,고령군,0,3
201705,경상북도,고령군,1,2
201705,경상북도,고령군,2,2
201705,경상북도,고령군,3,4
201705,경상북도,고령군,4,4
201705,경상북도,고령군,5,4
201705,경상북도,고령군,6,6
201705,경상북도,고령군,7,10
201705,경상북도,고령군,8,13
201705,경상북도,고령군,9,15
201705,경상북도,고령군,10,18
201705,경상북도,고령군,11,19
201705,경상북도,고령군,12,19
201705,경상북도,고령군,13,23
201705,경상북도,고령군,14,26
201705,경상북도,고령군,15,31
201705,경상북도,고령군,16,26
201705,경상북도,고령군,17,41
201705,경상북도,고령군,18,30
201705,경상북도,고령군,19,19
201705,경상북도,고령군,20,16
201705,경상북도,고령군,21,7
201705,경상북도,고령군,22,5
201705,경상북도,고령군,23,7
201705,경상북도,고령군,24,3
201705,경상북도,고령군,25,3
201705,경상북도,고령군,26,3
201705,경상북도,고령군,27,2
201705,경상북도,고령군,28,3
201705,경상북도,고령군,29,2
201705,경상북도,고령군,30,3
201705,경상북도,고령군,31,3
201705,경상북도,고령군,32,2
201705,경상북도,고령군,33,5
201705,경상북도,고령군,34,3
201705,경상북도,고령군,35,3
201705,경상북도,고령군,36,5
201705,경상북도,고령군,37,5
201705,경상북도,고령군,38,8
201705,경상북도,고령군,39,9
201705,경상북도,고령군,40,10
201705,경상북도,고령군,41,9
201705,경상북도,고령군,42,10
201705,경상북도,고령군,43,9
201705,경상북도,고령군,44,19
201705,경상북도,고령군,45,15
201705,경상북도,고령군,46,18
201705,경상북도,고령군,47,26
201705,경상북도,고령군,48,26
201705,경상북도,고령군,49,21
201705,경상북도,고령군,50,14
201705,경상북도,고령군,51,12
201705,경상북도,고령군,52,18
201705,경상북도,고령군,53,18
201705,경상북도,고령군,54,29
201705,경상북도,고령군,55,27
201705,경상북도,고령군,56,28
201705,경상북도,고령군,57,27
201705,경상북도,고령군,58,24
201705,경상북도,고령군,59,16
201705,경상북도,고령군,60,25
201705,경상북도,고령군,61,21
201705,경상북도,고령군,62,18
201705,경상북도,고령군,63,19
201705,경상북도,고령군,64,18
201705,경상북도,고령군,65,20
201705,경상북도,고령군,66,25
201705,경상북도,고령군,67,24
201705,경상북도,고령군,68,27
201705,경상북도,고령군,69,26
201705,경상북도,고령군,70,19
201705,경상북도,고령군,71,18
201705,경상북도,고령군,72,24
201705,경상북도,고령군,73,21
201705,경상북도,고령군,74,23
201705,경상북도,고령군,75,26
201705,경상북도,고령군,76,22
201705,경상북도,고령군,77,25
201705,경상북도,고령군,78,31
201705,경상북도,고령군,79,24
201705,경상북도,고령군,80,22
201705,경상북도,고령군,81,16
201705,경상북도,고령군,82,21
201705,경상북도,고령군,83,23
201705,경상북도,고령군,84,11
201705,경상북도,고령군,85,12
201705,경상북도,고령군,86,11
201705,경상북도,고령군,87,6
201705,경상북도,고령군,88,5
201705,경상북도,고령군,89,2
201705,경상북도,고령군,90,4
201705,경상북도,고령군,91,2
201705,경상북도,고령군,92,2
201705,경상북도,고령군,93,2
201705,경상북도,고령군,94,1
201705,경상북도,고령군,96,1
201705,경상북도,고령군,98,1
201705,경상북도,고령군,101,1
201705,경상북도,성주군,0,4
201705,경상북도,성주군,1,2
201705,경상북도,성주군,2,2
201705,경상북도,성주군,3,3
201705,경상북도,성주군,4,3
201705,경상북도,성주군,5,2
201705,경상북도,성주군,6,7
201705,경상북도,성주군,7,19
201705,경상북도,성주군,8,15
201705,경상북도,성주군,9,22
201705,경상북도,성주군,10,20
201705,경상북도,성주군,11,11
201705,경상북도,성주군,12,12
201705,경상북도,성주군,13,25
201705,경상북도,성주군,14,22
201705,경상북도,성주군,15,29
201705,경상북도,성주군,16,38
201705,경상북도,성주군,17,36
201705,경상북도,성주군,18,32
201705,경상북도,성주군,19,28
201705,경상북도,성주군,20,25
201705,경상북도,성주군,21,17
201705,경상북도,성주군,22,10
201705,경상북도,성주군,23,11
201705,경상북도,성주군,24,9
201705,경상북도,성주군,25,7
201705,경상북도,성주군,26,4
201705,경상북도,성주군,27,5
201705,경상북도,성주군,28,2
201705,경상북도,성주군,29,9
201705,경상북도,성주군,30,4
201705,경상북도,성주군,31,6
201705,경상북도,성주군,32,7
201705,경상북도,성주군,33,3
201705,경상북도,성주군,34,4
201705,경상북도,성주군,35,6
201705,경상북도,성주군,36,10
201705,경상북도,성주군,37,5
201705,경상북도,성주군,38,11
201705,경상북도,성주군,39,8
201705,경상북도,성주군,40,12
201705,경상북도,성주군,41,10
201705,경상북도,성주군,42,17
201705,경상북도,성주군,43,10
201705,경상북도,성주군,44,16
201705,경상북도,성주군,45,23
201705,경상북도,성주군,46,16
201705,경상북도,성주군,47,30
201705,경상북도,성주군,48,32
201705,경상북도,성주군,49,34
201705,경상북도,성주군,50,47
201705,경상북도,성주군,51,19
201705,경상북도,성주군,52,39
201705,경상북도,성주군,53,30
201705,경상북도,성주군,54,31
201705,경상북도,성주군,55,35
201705,경상북도,성주군,56,32
201705,경상북도,성주군,57,39
201705,경상북도,성주군,58,37
201705,경상북도,성주군,59,33
201705,경상북도,성주군,60,26
201705,경상북도,성주군,61,29
201705,경상북도,성주군,62,25
201705,경상북도,성주군,63,41
201705,경상북도,성주군,64,23
201705,경상북도,성주군,65,33
201705,경상북도,성주군,66,24
201705,경상북도,성주군,67,28
201705,경상북도,성주군,68,41
201705,경상북도,성주군,69,29
201705,경상북도,성주군,70,29
201705,경상북도,성주군,71,17
201705,경상북도,성주군,72,16
201705,경상북도,성주군,73,27
201705,경상북도,성주군,74,40
201705,경상북도,성주군,75,31
201705,경상북도,성주군,76,35
201705,경상북도,성주군,77,31
201705,경상북도,성주군,78,38
201705,경상북도,성주군,79,29
201705,경상북도,성주군,80,33
201705,경상북도,성주군,81,39
201705,경상북도,성주군,82,26
201705,경상북도,성주군,83,24
201705,경상북도,성주군,84,20
201705,경상북도,성주군,85,12
201705,경상북도,성주군,86,17
201705,경상북도,성주군,87,16
201705,경상북도,성주군,88,17
201705,경상북도,성주군,89,11
201705,경상북도,성주군,90,8
201705,경상북도,성주군,91,6
201705,경상북도,성주군,92,3
201705,경상북도,성주군,93,7
201705,경상북도,성주군,94,2
201705,경상북도,성주군,95,5
201705,경상북도,성주군,96,2
201705,경상북도,성주군,97,2
201705,경상북도,성주군,98,3
201705,경상북도,성주군,99,1
201705,경상북도,성주군,102,1
201705,경상북도,칠곡군,0,7
201705,경상북도,칠곡군,1,9
201705,경상북도,칠곡군,2,16
201705,경상북도,칠곡군,3,10
201705,경상북도,칠곡군,4,17
201705,경상북도,칠곡군,5,21
201705,경상북도,칠곡군,6,44
201705,경상북도,칠곡군,7,40
201705,경상북도,칠곡군,8,55
201705,경상북도,칠곡군,9,68
201705,경상북도,칠곡군,10,65
201705,경상북도,칠곡군,11,60
201705,경상북도,칠곡군,12,66
201705,경상북도,칠곡군,13,51
201705,경상북도,칠곡군,14,73
201705,경상북도,칠곡군,15,93
201705,경상북도,칠곡군,16,123
201705,경상북도,칠곡군,17,102
201705,경상북도,칠곡군,18,71
201705,경상북도,칠곡군,19,58
201705,경상북도,칠곡군,20,43
201705,경상북도,칠곡군,21,35
201705,경상북도,칠곡군,22,29
201705,경상북도,칠곡군,23,23
201705,경상북도,칠곡군,24,13
201705,경상북도,칠곡군,25,8
201705,경상북도,칠곡군,26,14
201705,경상북도,칠곡군,27,8
201705,경상북도,칠곡군,28,11
201705,경상북도,칠곡군,29,7
201705,경상북도,칠곡군,30,6
201705,경상북도,칠곡군,31,9
201705,경상북도,칠곡군,32,11
201705,경상북도,칠곡군,33,10
201705,경상북도,칠곡군,34,10
201705,경상북도,칠곡군,35,22
201705,경상북도,칠곡군,36,20
201705,경상북도,칠곡군,37,23
201705,경상북도,칠곡군,38,22
201705,경상북도,칠곡군,39,21
201705,경상북도,칠곡군,40,18
201705,경상북도,칠곡군,41,37
201705,경상북도,칠곡군,42,26
201705,경상북도,칠곡군,43,48
201705,경상북도,칠곡군,44,45
201705,경상북도,칠곡군,45,48
201705,경상북도,칠곡군,46,43
201705,경상북도,칠곡군,47,46
201705,경상북도,칠곡군,48,74
201705,경상북도,칠곡군,49,47
201705,경상북도,칠곡군,50,63
201705,경상북도,칠곡군,51,53
201705,경상북도,칠곡군,52,58
201705,경상북도,칠곡군,53,46
201705,경상북도,칠곡군,54,62
201705,경상북도,칠곡군,55,60
201705,경상북도,칠곡군,56,69
201705,경상북도,칠곡군,57,65
201705,경상북도,칠곡군,58,55
201705,경상북도,칠곡군,59,43
201705,경상북도,칠곡군,60,53
201705,경상북도,칠곡군,61,42
201705,경상북도,칠곡군,62,53
201705,경상북도,칠곡군,63,48
201705,경상북도,칠곡군,64,42
201705,경상북도,칠곡군,65,54
201705,경상북도,칠곡군,66,47
201705,경상북도,칠곡군,67,44
201705,경상북도,칠곡군,68,52
201705,경상북도,칠곡군,69,43
201705,경상북도,칠곡군,70,53
201705,경상북도,칠곡군,71,34
201705,경상북도,칠곡군,72,49
201705,경상북도,칠곡군,73,64
201705,경상북도,칠곡군,74,61
201705,경상북도,칠곡군,75,65
201705,경상북도,칠곡군,76,53
201705,경상북도,칠곡군,77,46
201705,경상북도,칠곡군,78,54
201705,경상북도,칠곡군,79,49
201705,경상북도,칠곡군,80,44
201705,경상북도,칠곡군,81,46
201705,경상북도,칠곡군,82,40
201705,경상북도,칠곡군,83,26
201705,경상북도,칠곡군,84,23
201705,경상북도,칠곡군,85,18
201705,경상북도,칠곡군,86,28
201705,경상북도,칠곡군,87,22
201705,경상북도,칠곡군,88,16
201705,경상북도,칠곡군,89,18
201705,경상북도,칠곡군,90,10
201705,경상북도,칠곡군,91,5
201705,경상북도,칠곡군,92,8
201705,경상북도,칠곡군,93,5
201705,경상북도,칠곡군,94,10
201705,경상북도,칠곡군,95,3
201705,경상북도,칠곡군,96,4
201705,경상북도,칠곡군,97,1
201705,경상북도,칠곡군,98,1
201705,경상북도,칠곡군,99,1
201705,경상북도,칠곡군,101,2
201705,경상북도,예천군,0,2
201705,경상북도,예천군,1,4
201705,경상북도,예천군,2,4
201705,경상북도,예천군,3,4
201705,경상북도,예천군,5,5
201705,경상북도,예천군,6,14
201705,경상북도,예천군,7,24
201705,경상북도,예천군,8,31
201705,경상북도,예천군,9,29
201705,경상북도,예천군,10,23
201705,경상북도,예천군,11,27
201705,경상북도,예천군,12,29
201705,경상북도,예천군,13,37
201705,경상북도,예천군,14,34
201705,경상북도,예천군,15,55
201705,경상북도,예천군,16,52
201705,경상북도,예천군,17,36
201705,경상북도,예천군,18,41
201705,경상북도,예천군,19,18
201705,경상북도,예천군,20,23
201705,경상북도,예천군,21,15
201705,경상북도,예천군,22,15
201705,경상북도,예천군,23,6
201705,경상북도,예천군,24,11
201705,경상북도,예천군,25,7
201705,경상북도,예천군,26,7
201705,경상북도,예천군,27,7
201705,경상북도,예천군,28,4
201705,경상북도,예천군,29,3
201705,경상북도,예천군,30,5
201705,경상북도,예천군,31,6
201705,경상북도,예천군,32,1
201705,경상북도,예천군,33,2
201705,경상북도,예천군,34,7
201705,경상북도,예천군,35,5
201705,경상북도,예천군,36,8
201705,경상북도,예천군,37,12
201705,경상북도,예천군,38,5
201705,경상북도,예천군,39,16
201705,경상북도,예천군,40,12
201705,경상북도,예천군,41,17
201705,경상북도,예천군,42,18
201705,경상북도,예천군,43,17
201705,경상북도,예천군,44,14
201705,경상북도,예천군,45,26
201705,경상북도,예천군,46,29
201705,경상북도,예천군,47,25
201705,경상북도,예천군,48,30
201705,경상북도,예천군,49,20
201705,경상북도,예천군,50,22
201705,경상북도,예천군,51,29
201705,경상북도,예천군,52,34
201705,경상북도,예천군,53,41
201705,경상북도,예천군,54,45
201705,경상북도,예천군,55,49
201705,경상북도,예천군,56,59
201705,경상북도,예천군,57,55
201705,경상북도,예천군,58,33
201705,경상북도,예천군,59,40
201705,경상북도,예천군,60,32
201705,경상북도,예천군,61,34
201705,경상북도,예천군,62,29
201705,경상북도,예천군,63,34
201705,경상북도,예천군,64,31
201705,경상북도,예천군,65,33
201705,경상북도,예천군,66,25
201705,경상북도,예천군,67,32
201705,경상북도,예천군,68,30
201705,경상북도,예천군,69,35
201705,경상북도,예천군,70,28
201705,경상북도,예천군,71,11
201705,경상북도,예천군,72,34
201705,경상북도,예천군,73,39
201705,경상북도,예천군,74,48
201705,경상북도,예천군,75,32
201705,경상북도,예천군,76,31
201705,경상북도,예천군,77,42
201705,경상북도,예천군,78,24
201705,경상북도,예천군,79,38
201705,경상북도,예천군,80,29
201705,경상북도,예천군,81,32
201705,경상북도,예천군,82,36
201705,경상북도,예천군,83,34
201705,경상북도,예천군,84,26
201705,경상북도,예천군,85,26
201705,경상북도,예천군,86,18
201705,경상북도,예천군,87,22
201705,경상북도,예천군,88,22
201705,경상북도,예천군,89,17
201705,경상북도,예천군,90,15
201705,경상북도,예천군,91,11
201705,경상북도,예천군,92,3
201705,경상북도,예천군,93,8
201705,경상북도,예천군,94,5
201705,경상북도,예천군,95,5
201705,경상북도,예천군,96,2
201705,경상북도,예천군,98,2
201705,경상북도,예천군,99,1
201705,경상북도,예천군,100,1
201705,경상북도,예천군,101,1
201705,경상북도,봉화군,0,1
201705,경상북도,봉화군,1,1
201705,경상북도,봉화군,2,2
201705,경상북도,봉화군,3,5
201705,경상북도,봉화군,4,3
201705,경상북도,봉화군,5,6
201705,경상북도,봉화군,6,11
201705,경상북도,봉화군,7,15
201705,경상북도,봉화군,8,13
201705,경상북도,봉화군,9,17
201705,경상북도,봉화군,10,21
201705,경상북도,봉화군,11,19
201705,경상북도,봉화군,12,14
201705,경상북도,봉화군,13,31
201705,경상북도,봉화군,14,27
201705,경상북도,봉화군,15,37
201705,경상북도,봉화군,16,39
201705,경상북도,봉화군,17,44
201705,경상북도,봉화군,18,35
201705,경상북도,봉화군,19,17
201705,경상북도,봉화군,20,11
201705,경상북도,봉화군,21,11
201705,경상북도,봉화군,22,8
201705,경상북도,봉화군,23,6
201705,경상북도,봉화군,24,7
201705,경상북도,봉화군,25,4
201705,경상북도,봉화군,26,2
201705,경상북도,봉화군,28,1
201705,경상북도,봉화군,29,2
201705,경상북도,봉화군,30,3
201705,경상북도,봉화군,31,4
201705,경상북도,봉화군,32,3
201705,경상북도,봉화군,33,7
201705,경상북도,봉화군,34,3
201705,경상북도,봉화군,35,8
201705,경상북도,봉화군,36,2
201705,경상북도,봉화군,37,8
201705,경상북도,봉화군,38,6
201705,경상북도,봉화군,39,9
201705,경상북도,봉화군,40,13
201705,경상북도,봉화군,41,10
201705,경상북도,봉화군,42,10
201705,경상북도,봉화군,43,18
201705,경상북도,봉화군,44,14
201705,경상북도,봉화군,45,21
201705,경상북도,봉화군,46,10
201705,경상북도,봉화군,47,26
201705,경상북도,봉화군,48,25
201705,경상북도,봉화군,49,26
201705,경상북도,봉화군,50,22
201705,경상북도,봉화군,51,31
201705,경상북도,봉화군,52,27
201705,경상북도,봉화군,53,23
201705,경상북도,봉화군,54,35
201705,경상북도,봉화군,55,31
201705,경상북도,봉화군,56,27
201705,경상북도,봉화군,57,32
201705,경상북도,봉화군,58,28
201705,경상북도,봉화군,59,25
201705,경상북도,봉화군,60,16
201705,경상북도,봉화군,61,22
201705,경상북도,봉화군,62,29
201705,경상북도,봉화군,63,21
201705,경상북도,봉화군,64,22
201705,경상북도,봉화군,65,25
201705,경상북도,봉화군,66,19
201705,경상북도,봉화군,67,17
201705,경상북도,봉화군,68,20
201705,경상북도,봉화군,69,21
201705,경상북도,봉화군,70,19
201705,경상북도,봉화군,71,9
201705,경상북도,봉화군,72,15
201705,경상북도,봉화군,73,25
201705,경상북도,봉화군,74,36
201705,경상북도,봉화군,75,29
201705,경상북도,봉화군,76,26
201705,경상북도,봉화군,77,25
201705,경상북도,봉화군,78,26
201705,경상북도,봉화군,79,30
201705,경상북도,봉화군,80,27
201705,경상북도,봉화군,81,34
201705,경상북도,봉화군,82,27
201705,경상북도,봉화군,83,17
201705,경상북도,봉화군,84,13
201705,경상북도,봉화군,85,12
201705,경상북도,봉화군,86,17
201705,경상북도,봉화군,87,16
201705,경상북도,봉화군,88,12
201705,경상북도,봉화군,89,6
201705,경상북도,봉화군,90,10
201705,경상북도,봉화군,91,13
201705,경상북도,봉화군,92,9
201705,경상북도,봉화군,93,5
201705,경상북도,봉화군,94,7
201705,경상북도,봉화군,95,4
201705,경상북도,봉화군,96,2
201705,경상북도,봉화군,98,3
201705,경상북도,봉화군,101,1
201705,경상북도,봉화군,105,1
201705,경상북도,봉화군,110,1
201705,경상북도,울진군,0,4
201705,경상북도,울진군,1,1
201705,경상북도,울진군,2,3
201705,경상북도,울진군,3,1
201705,경상북도,울진군,4,4
201705,경상북도,울진군,5,5
201705,경상북도,울진군,6,8
201705,경상북도,울진군,7,13
201705,경상북도,울진군,8,17
201705,경상북도,울진군,9,17
201705,경상북도,울진군,10,18
201705,경상북도,울진군,11,12
201705,경상북도,울진군,12,18
201705,경상북도,울진군,13,28
201705,경상북도,울진군,14,23
201705,경상북도,울진군,15,46
201705,경상북도,울진군,16,44
201705,경상북도,울진군,17,64
201705,경상북도,울진군,18,27
201705,경상북도,울진군,19,21
201705,경상북도,울진군,20,27
201705,경상북도,울진군,21,16
201705,경상북도,울진군,22,17
201705,경상북도,울진군,23,16
201705,경상북도,울진군,24,6
201705,경상북도,울진군,25,3
201705,경상북도,울진군,26,2
201705,경상북도,울진군,27,5
201705,경상북도,울진군,28,3
201705,경상북도,울진군,29,4
201705,경상북도,울진군,30,9
201705,경상북도,울진군,31,5
201705,경상북도,울진군,32,5
201705,경상북도,울진군,33,4
201705,경상북도,울진군,34,8
201705,경상북도,울진군,35,3
201705,경상북도,울진군,36,12
201705,경상북도,울진군,37,7
201705,경상북도,울진군,38,16
201705,경상북도,울진군,39,17
201705,경상북도,울진군,40,13
201705,경상북도,울진군,41,22
201705,경상북도,울진군,42,11
201705,경상북도,울진군,43,25
201705,경상북도,울진군,44,26
201705,경상북도,울진군,45,26
201705,경상북도,울진군,46,32
201705,경상북도,울진군,47,27
201705,경상북도,울진군,48,47
201705,경상북도,울진군,49,28
201705,경상북도,울진군,50,55
201705,경상북도,울진군,51,40
201705,경상북도,울진군,52,33
201705,경상북도,울진군,53,39
201705,경상북도,울진군,54,44
201705,경상북도,울진군,55,50
201705,경상북도,울진군,56,52
201705,경상북도,울진군,57,57
201705,경상북도,울진군,58,36
201705,경상북도,울진군,59,36
201705,경상북도,울진군,60,47
201705,경상북도,울진군,61,42
201705,경상북도,울진군,62,33
201705,경상북도,울진군,63,46
201705,경상북도,울진군,64,28
201705,경상북도,울진군,65,41
201705,경상북도,울진군,66,23
201705,경상북도,울진군,67,41
201705,경상북도,울진군,68,45
201705,경상북도,울진군,69,52
201705,경상북도,울진군,70,44
201705,경상북도,울진군,71,26
201705,경상북도,울진군,72,48
201705,경상북도,울진군,73,46
201705,경상북도,울진군,74,64
201705,경상북도,울진군,75,57
201705,경상북도,울진군,76,52
201705,경상북도,울진군,77,47
201705,경상북도,울진군,78,47
201705,경상북도,울진군,79,48
201705,경상북도,울진군,80,55
201705,경상북도,울진군,81,52
201705,경상북도,울진군,82,32
201705,경상북도,울진군,83,31
201705,경상북도,울진군,84,30
201705,경상북도,울진군,85,25
201705,경상북도,울진군,86,32
201705,경상북도,울진군,87,20
201705,경상북도,울진군,88,26
201705,경상북도,울진군,89,17
201705,경상북도,울진군,90,17
201705,경상북도,울진군,91,11
201705,경상북도,울진군,92,6
201705,경상북도,울진군,93,10
201705,경상북도,울진군,94,8
201705,경상북도,울진군,95,7
201705,경상북도,울진군,98,1
201705,경상북도,울진군,99,2
201705,경상북도,울진군,100,1
201705,경상북도,울진군,101,1
201705,경상북도,울릉군,8,1
201705,경상북도,울릉군,9,2
201705,경상북도,울릉군,10,3
201705,경상북도,울릉군,14,1
201705,경상북도,울릉군,15,3
201705,경상북도,울릉군,16,9
201705,경상북도,울릉군,17,3
201705,경상북도,울릉군,18,2
201705,경상북도,울릉군,19,4
201705,경상북도,울릉군,20,4
201705,경상북도,울릉군,22,1
201705,경상북도,울릉군,25,1
201705,경상북도,울릉군,35,1
201705,경상북도,울릉군,36,2
201705,경상북도,울릉군,37,1
201705,경상북도,울릉군,38,1
201705,경상북도,울릉군,40,1
201705,경상북도,울릉군,42,1
201705,경상북도,울릉군,44,2
201705,경상북도,울릉군,45,1
201705,경상북도,울릉군,46,1
201705,경상북도,울릉군,47,2
201705,경상북도,울릉군,48,2
201705,경상북도,울릉군,49,1
201705,경상북도,울릉군,50,5
201705,경상북도,울릉군,51,3
201705,경상북도,울릉군,52,5
201705,경상북도,울릉군,53,1
201705,경상북도,울릉군,54,7
201705,경상북도,울릉군,55,4
201705,경상북도,울릉군,56,6
201705,경상북도,울릉군,57,5
201705,경상북도,울릉군,58,6
201705,경상북도,울릉군,59,2
201705,경상북도,울릉군,60,3
201705,경상북도,울릉군,61,2
201705,경상북도,울릉군,62,3
201705,경상북도,울릉군,63,8
201705,경상북도,울릉군,64,3
201705,경상북도,울릉군,65,4
201705,경상북도,울릉군,66,5
201705,경상북도,울릉군,67,4
201705,경상북도,울릉군,68,3
201705,경상북도,울릉군,69,4
201705,경상북도,울릉군,70,5
201705,경상북도,울릉군,71,4
201705,경상북도,울릉군,72,6
201705,경상북도,울릉군,73,7
201705,경상북도,울릉군,74,6
201705,경상북도,울릉군,75,4
201705,경상북도,울릉군,76,5
201705,경상북도,울릉군,77,7
201705,경상북도,울릉군,78,7
201705,경상북도,울릉군,79,7
201705,경상북도,울릉군,80,7
201705,경상북도,울릉군,81,6
201705,경상북도,울릉군,82,5
201705,경상북도,울릉군,83,6
201705,경상북도,울릉군,84,2
201705,경상북도,울릉군,85,2
201705,경상북도,울릉군,86,2
201705,경상북도,울릉군,87,2
201705,경상북도,울릉군,88,4
201705,경상북도,울릉군,92,2
201705,경상북도,울릉군,96,2
201705,경상북도,울릉군,97,1
201705,경상남도,창원시,0,19
201705,경상남도,창원시,1,41
201705,경상남도,창원시,2,60
201705,경상남도,창원시,3,63
201705,경상남도,창원시,4,82
201705,경상남도,창원시,5,93
201705,경상남도,창원시,6,177
201705,경상남도,창원시,7,301
201705,경상남도,창원시,8,348
201705,경상남도,창원시,9,446
201705,경상남도,창원시,10,419
201705,경상남도,창원시,11,427
201705,경상남도,창원시,12,457
201705,경상남도,창원시,13,488
201705,경상남도,창원시,14,566
201705,경상남도,창원시,15,631
201705,경상남도,창원시,16,799
201705,경상남도,창원시,17,837
201705,경상남도,창원시,18,546
201705,경상남도,창원시,19,308
201705,경상남도,창원시,20,233
201705,경상남도,창원시,21,203
201705,경상남도,창원시,22,189
201705,경상남도,창원시,23,124
201705,경상남도,창원시,24,104
201705,경상남도,창원시,25,79
201705,경상남도,창원시,26,57
201705,경상남도,창원시,27,40
201705,경상남도,창원시,28,38
201705,경상남도,창원시,29,41
201705,경상남도,창원시,30,40
201705,경상남도,창원시,31,51
201705,경상남도,창원시,32,62
201705,경상남도,창원시,33,65
201705,경상남도,창원시,34,77
201705,경상남도,창원시,35,88
201705,경상남도,창원시,36,86
201705,경상남도,창원시,37,93
201705,경상남도,창원시,38,114
201705,경상남도,창원시,39,128
201705,경상남도,창원시,40,155
201705,경상남도,창원시,41,178
201705,경상남도,창원시,42,196
201705,경상남도,창원시,43,252
201705,경상남도,창원시,44,275
201705,경상남도,창원시,45,282
201705,경상남도,창원시,46,309
201705,경상남도,창원시,47,329
201705,경상남도,창원시,48,373
201705,경상남도,창원시,49,320
201705,경상남도,창원시,50,385
201705,경상남도,창원시,51,350
201705,경상남도,창원시,52,335
201705,경상남도,창원시,53,335
201705,경상남도,창원시,54,432
201705,경상남도,창원시,55,397
201705,경상남도,창원시,56,480
201705,경상남도,창원시,57,454
201705,경상남도,창원시,58,421
201705,경상남도,창원시,59,410
201705,경상남도,창원시,60,405
201705,경상남도,창원시,61,384
201705,경상남도,창원시,62,407
201705,경상남도,창원시,63,329
201705,경상남도,창원시,64,309
201705,경상남도,창원시,65,384
201705,경상남도,창원시,66,346
201705,경상남도,창원시,67,357
201705,경상남도,창원시,68,353
201705,경상남도,창원시,69,371
201705,경상남도,창원시,70,304
201705,경상남도,창원시,71,216
201705,경상남도,창원시,72,307
201705,경상남도,창원시,73,272
201705,경상남도,창원시,74,350
201705,경상남도,창원시,75,369
201705,경상남도,창원시,76,284
201705,경상남도,창원시,77,300
201705,경상남도,창원시,78,273
201705,경상남도,창원시,79,239
201705,경상남도,창원시,80,233
201705,경상남도,창원시,81,218
201705,경상남도,창원시,82,218
201705,경상남도,창원시,83,170
201705,경상남도,창원시,84,151
201705,경상남도,창원시,85,158
201705,경상남도,창원시,86,111
201705,경상남도,창원시,87,93
201705,경상남도,창원시,88,87
201705,경상남도,창원시,89,41
201705,경상남도,창원시,90,44
201705,경상남도,창원시,91,37
201705,경상남도,창원시,92,31
201705,경상남도,창원시,93,15
201705,경상남도,창원시,94,18
201705,경상남도,창원시,95,6
201705,경상남도,창원시,96,7
201705,경상남도,창원시,97,3
201705,경상남도,창원시,98,6
201705,경상남도,창원시,99,2
201705,경상남도,창원시,100,3
201705,경상남도,창원시,101,1
201705,경상남도,진주시,0,24
201705,경상남도,진주시,1,22
201705,경상남도,진주시,2,24
201705,경상남도,진주시,3,44
201705,경상남도,진주시,4,48
201705,경상남도,진주시,5,47
201705,경상남도,진주시,6,111
201705,경상남도,진주시,7,143
201705,경상남도,진주시,8,175
201705,경상남도,진주시,9,220
201705,경상남도,진주시,10,220
201705,경상남도,진주시,11,201
201705,경상남도,진주시,12,202
201705,경상남도,진주시,13,249
201705,경상남도,진주시,14,292
201705,경상남도,진주시,15,330
201705,경상남도,진주시,16,357
201705,경상남도,진주시,17,401
201705,경상남도,진주시,18,240
201705,경상남도,진주시,19,195
201705,경상남도,진주시,20,152
201705,경상남도,진주시,21,116
201705,경상남도,진주시,22,120
201705,경상남도,진주시,23,80
201705,경상남도,진주시,24,78
201705,경상남도,진주시,25,42
201705,경상남도,진주시,26,33
201705,경상남도,진주시,27,23
201705,경상남도,진주시,28,22
201705,경상남도,진주시,29,25
201705,경상남도,진주시,30,24
201705,경상남도,진주시,31,17
201705,경상남도,진주시,32,23
201705,경상남도,진주시,33,34
201705,경상남도,진주시,34,39
201705,경상남도,진주시,35,45
201705,경상남도,진주시,36,61
201705,경상남도,진주시,37,52
201705,경상남도,진주시,38,53
201705,경상남도,진주시,39,62
201705,경상남도,진주시,40,74
201705,경상남도,진주시,41,92
201705,경상남도,진주시,42,103
201705,경상남도,진주시,43,124
201705,경상남도,진주시,44,161
201705,경상남도,진주시,45,153
201705,경상남도,진주시,46,165
201705,경상남도,진주시,47,169
201705,경상남도,진주시,48,189
201705,경상남도,진주시,49,196
201705,경상남도,진주시,50,166
201705,경상남도,진주시,51,193
201705,경상남도,진주시,52,167
201705,경상남도,진주시,53,167
201705,경상남도,진주시,54,210
201705,경상남도,진주시,55,199
201705,경상남도,진주시,56,241
201705,경상남도,진주시,57,204
201705,경상남도,진주시,58,197
201705,경상남도,진주시,59,192
201705,경상남도,진주시,60,183
201705,경상남도,진주시,61,171
201705,경상남도,진주시,62,189
201705,경상남도,진주시,63,116
201705,경상남도,진주시,64,131
201705,경상남도,진주시,65,125
201705,경상남도,진주시,66,130
201705,경상남도,진주시,67,130
201705,경상남도,진주시,68,140
201705,경상남도,진주시,69,147
201705,경상남도,진주시,70,136
201705,경상남도,진주시,71,105
201705,경상남도,진주시,72,129
201705,경상남도,진주시,73,133
201705,경상남도,진주시,74,146
201705,경상남도,진주시,75,152
201705,경상남도,진주시,76,128
201705,경상남도,진주시,77,137
201705,경상남도,진주시,78,144
201705,경상남도,진주시,79,106
201705,경상남도,진주시,80,94
201705,경상남도,진주시,81,95
201705,경상남도,진주시,82,90
201705,경상남도,진주시,83,71
201705,경상남도,진주시,84,78
201705,경상남도,진주시,85,55
201705,경상남도,진주시,86,70
201705,경상남도,진주시,87,60
201705,경상남도,진주시,88,38
201705,경상남도,진주시,89,34
201705,경상남도,진주시,90,18
201705,경상남도,진주시,91,15
201705,경상남도,진주시,92,21
201705,경상남도,진주시,93,9
201705,경상남도,진주시,94,13
201705,경상남도,진주시,95,4
201705,경상남도,진주시,96,2
201705,경상남도,진주시,97,4
201705,경상남도,진주시,98,1
201705,경상남도,진주시,99,1
201705,경상남도,진주시,100,1
201705,경상남도,진주시,101,1
201705,경상남도,진주시,102,1
201705,경상남도,진주시,104,1
201705,경상남도,진주시,107,1
201705,경상남도,통영시,0,7
201705,경상남도,통영시,1,13
201705,경상남도,통영시,2,13
201705,경상남도,통영시,3,10
201705,경상남도,통영시,4,22
201705,경상남도,통영시,5,21
201705,경상남도,통영시,6,45
201705,경상남도,통영시,7,61
201705,경상남도,통영시,8,83
201705,경상남도,통영시,9,94
201705,경상남도,통영시,10,88
201705,경상남도,통영시,11,109
201705,경상남도,통영시,12,83
201705,경상남도,통영시,13,97
201705,경상남도,통영시,14,127
201705,경상남도,통영시,15,143
201705,경상남도,통영시,16,158
201705,경상남도,통영시,17,176
201705,경상남도,통영시,18,123
201705,경상남도,통영시,19,92
201705,경상남도,통영시,20,66
201705,경상남도,통영시,21,52
201705,경상남도,통영시,22,39
201705,경상남도,통영시,23,28
201705,경상남도,통영시,24,22
201705,경상남도,통영시,25,13
201705,경상남도,통영시,26,7
201705,경상남도,통영시,27,14
201705,경상남도,통영시,28,4
201705,경상남도,통영시,29,10
201705,경상남도,통영시,30,2
201705,경상남도,통영시,31,13
201705,경상남도,통영시,32,12
201705,경상남도,통영시,33,15
201705,경상남도,통영시,34,19
201705,경상남도,통영시,35,29
201705,경상남도,통영시,36,26
201705,경상남도,통영시,37,33
201705,경상남도,통영시,38,24
201705,경상남도,통영시,39,25
201705,경상남도,통영시,40,31
201705,경상남도,통영시,41,44
201705,경상남도,통영시,42,39
201705,경상남도,통영시,43,73
201705,경상남도,통영시,44,79
201705,경상남도,통영시,45,57
201705,경상남도,통영시,46,49
201705,경상남도,통영시,47,71
201705,경상남도,통영시,48,75
201705,경상남도,통영시,49,77
201705,경상남도,통영시,50,89
201705,경상남도,통영시,51,81
201705,경상남도,통영시,52,84
201705,경상남도,통영시,53,68
201705,경상남도,통영시,54,79
201705,경상남도,통영시,55,89
201705,경상남도,통영시,56,100
201705,경상남도,통영시,57,95
201705,경상남도,통영시,58,80
201705,경상남도,통영시,59,53
201705,경상남도,통영시,60,78
201705,경상남도,통영시,61,74
201705,경상남도,통영시,62,79
201705,경상남도,통영시,63,61
201705,경상남도,통영시,64,67
201705,경상남도,통영시,65,58
201705,경상남도,통영시,66,68
201705,경상남도,통영시,67,88
201705,경상남도,통영시,68,75
201705,경상남도,통영시,69,60
201705,경상남도,통영시,70,66
201705,경상남도,통영시,71,38
201705,경상남도,통영시,72,60
201705,경상남도,통영시,73,54
201705,경상남도,통영시,74,82
201705,경상남도,통영시,75,76
201705,경상남도,통영시,76,75
201705,경상남도,통영시,77,61
201705,경상남도,통영시,78,62
201705,경상남도,통영시,79,52
201705,경상남도,통영시,80,55
201705,경상남도,통영시,81,47
201705,경상남도,통영시,82,50
201705,경상남도,통영시,83,36
201705,경상남도,통영시,84,43
201705,경상남도,통영시,85,34
201705,경상남도,통영시,86,29
201705,경상남도,통영시,87,22
201705,경상남도,통영시,88,23
201705,경상남도,통영시,89,17
201705,경상남도,통영시,90,15
201705,경상남도,통영시,91,12
201705,경상남도,통영시,92,4
201705,경상남도,통영시,93,6
201705,경상남도,통영시,94,8
201705,경상남도,통영시,95,3
201705,경상남도,통영시,96,2
201705,경상남도,통영시,97,6
201705,경상남도,통영시,98,3
201705,경상남도,통영시,100,1
201705,경상남도,통영시,103,1
201705,경상남도,사천시,0,3
201705,경상남도,사천시,1,3
201705,경상남도,사천시,2,10
201705,경상남도,사천시,3,6
201705,경상남도,사천시,4,16
201705,경상남도,사천시,5,23
201705,경상남도,사천시,6,34
201705,경상남도,사천시,7,44
201705,경상남도,사천시,8,66
201705,경상남도,사천시,9,79
201705,경상남도,사천시,10,72
201705,경상남도,사천시,11,66
201705,경상남도,사천시,12,81
201705,경상남도,사천시,13,93
201705,경상남도,사천시,14,97
201705,경상남도,사천시,15,85
201705,경상남도,사천시,16,120
201705,경상남도,사천시,17,125
201705,경상남도,사천시,18,85
201705,경상남도,사천시,19,59
201705,경상남도,사천시,20,42
201705,경상남도,사천시,21,41
201705,경상남도,사천시,22,23
201705,경상남도,사천시,23,22
201705,경상남도,사천시,24,9
201705,경상남도,사천시,25,11
201705,경상남도,사천시,26,7
201705,경상남도,사천시,27,7
201705,경상남도,사천시,28,6
201705,경상남도,사천시,29,5
201705,경상남도,사천시,30,5
201705,경상남도,사천시,31,14
201705,경상남도,사천시,32,7
201705,경상남도,사천시,33,14
201705,경상남도,사천시,34,20
201705,경상남도,사천시,35,18
201705,경상남도,사천시,36,22
201705,경상남도,사천시,37,25
201705,경상남도,사천시,38,27
201705,경상남도,사천시,39,23
201705,경상남도,사천시,40,32
201705,경상남도,사천시,41,35
201705,경상남도,사천시,42,41
201705,경상남도,사천시,43,39
201705,경상남도,사천시,44,51
201705,경상남도,사천시,45,56
201705,경상남도,사천시,46,62
201705,경상남도,사천시,47,57
201705,경상남도,사천시,48,86
201705,경상남도,사천시,49,62
201705,경상남도,사천시,50,77
201705,경상남도,사천시,51,89
201705,경상남도,사천시,52,59
201705,경상남도,사천시,53,72
201705,경상남도,사천시,54,92
201705,경상남도,사천시,55,83
201705,경상남도,사천시,56,101
201705,경상남도,사천시,57,91
201705,경상남도,사천시,58,84
201705,경상남도,사천시,59,69
201705,경상남도,사천시,60,75
201705,경상남도,사천시,61,66
201705,경상남도,사천시,62,80
201705,경상남도,사천시,63,62
201705,경상남도,사천시,64,55
201705,경상남도,사천시,65,87
201705,경상남도,사천시,66,65
201705,경상남도,사천시,67,84
201705,경상남도,사천시,68,63
201705,경상남도,사천시,69,74
201705,경상남도,사천시,70,80
201705,경상남도,사천시,71,50
201705,경상남도,사천시,72,57
201705,경상남도,사천시,73,56
201705,경상남도,사천시,74,78
201705,경상남도,사천시,75,96
201705,경상남도,사천시,76,73
201705,경상남도,사천시,77,53
201705,경상남도,사천시,78,58
201705,경상남도,사천시,79,64
201705,경상남도,사천시,80,53
201705,경상남도,사천시,81,66
201705,경상남도,사천시,82,57
201705,경상남도,사천시,83,48
201705,경상남도,사천시,84,45
201705,경상남도,사천시,85,44
201705,경상남도,사천시,86,26
201705,경상남도,사천시,87,20
201705,경상남도,사천시,88,23
201705,경상남도,사천시,89,15
201705,경상남도,사천시,90,12
201705,경상남도,사천시,91,9
201705,경상남도,사천시,92,11
201705,경상남도,사천시,93,6
201705,경상남도,사천시,94,6
201705,경상남도,사천시,95,4
201705,경상남도,사천시,96,2
201705,경상남도,사천시,97,1
201705,경상남도,사천시,99,1
201705,경상남도,사천시,105,1
201705,경상남도,김해시,0,20
201705,경상남도,김해시,1,32
201705,경상남도,김해시,2,29
201705,경상남도,김해시,3,51
201705,경상남도,김해시,4,30
201705,경상남도,김해시,5,61
201705,경상남도,김해시,6,125
201705,경상남도,김해시,7,182
201705,경상남도,김해시,8,220
201705,경상남도,김해시,9,266
201705,경상남도,김해시,10,244
201705,경상남도,김해시,11,237
201705,경상남도,김해시,12,295
201705,경상남도,김해시,13,337
201705,경상남도,김해시,14,365
201705,경상남도,김해시,15,389
201705,경상남도,김해시,16,493
201705,경상남도,김해시,17,559
201705,경상남도,김해시,18,372
201705,경상남도,김해시,19,223
201705,경상남도,김해시,20,203
201705,경상남도,김해시,21,158
201705,경상남도,김해시,22,141
201705,경상남도,김해시,23,114
201705,경상남도,김해시,24,101
201705,경상남도,김해시,25,49
201705,경상남도,김해시,26,41
201705,경상남도,김해시,27,30
201705,경상남도,김해시,28,18
201705,경상남도,김해시,29,23
201705,경상남도,김해시,30,27
201705,경상남도,김해시,31,35
201705,경상남도,김해시,32,32
201705,경상남도,김해시,33,37
201705,경상남도,김해시,34,50
201705,경상남도,김해시,35,46
201705,경상남도,김해시,36,59
201705,경상남도,김해시,37,85
201705,경상남도,김해시,38,76
201705,경상남도,김해시,39,82
201705,경상남도,김해시,40,70
201705,경상남도,김해시,41,89
201705,경상남도,김해시,42,127
201705,경상남도,김해시,43,160
201705,경상남도,김해시,44,173
201705,경상남도,김해시,45,185
201705,경상남도,김해시,46,202
201705,경상남도,김해시,47,221
201705,경상남도,김해시,48,236
201705,경상남도,김해시,49,214
201705,경상남도,김해시,50,204
201705,경상남도,김해시,51,216
201705,경상남도,김해시,52,220
201705,경상남도,김해시,53,203
201705,경상남도,김해시,54,252
201705,경상남도,김해시,55,219
201705,경상남도,김해시,56,271
201705,경상남도,김해시,57,257
201705,경상남도,김해시,58,190
201705,경상남도,김해시,59,227
201705,경상남도,김해시,60,208
201705,경상남도,김해시,61,217
201705,경상남도,김해시,62,207
201705,경상남도,김해시,63,166
201705,경상남도,김해시,64,201
201705,경상남도,김해시,65,192
201705,경상남도,김해시,66,160
201705,경상남도,김해시,67,196
201705,경상남도,김해시,68,194
201705,경상남도,김해시,69,208
201705,경상남도,김해시,70,174
201705,경상남도,김해시,71,123
201705,경상남도,김해시,72,179
201705,경상남도,김해시,73,181
201705,경상남도,김해시,74,216
201705,경상남도,김해시,75,190
201705,경상남도,김해시,76,151
201705,경상남도,김해시,77,168
201705,경상남도,김해시,78,145
201705,경상남도,김해시,79,134
201705,경상남도,김해시,80,123
201705,경상남도,김해시,81,110
201705,경상남도,김해시,82,113
201705,경상남도,김해시,83,110
201705,경상남도,김해시,84,92
201705,경상남도,김해시,85,84
201705,경상남도,김해시,86,64
201705,경상남도,김해시,87,32
201705,경상남도,김해시,88,36
201705,경상남도,김해시,89,44
201705,경상남도,김해시,90,41
201705,경상남도,김해시,91,16
201705,경상남도,김해시,92,14
201705,경상남도,김해시,93,11
201705,경상남도,김해시,94,14
201705,경상남도,김해시,95,8
201705,경상남도,김해시,96,6
201705,경상남도,김해시,97,3
201705,경상남도,김해시,98,3
201705,경상남도,김해시,101,1
201705,경상남도,김해시,104,1
201705,경상남도,밀양시,0,4
201705,경상남도,밀양시,1,8
201705,경상남도,밀양시,2,7
201705,경상남도,밀양시,3,13
201705,경상남도,밀양시,4,8
201705,경상남도,밀양시,5,9
201705,경상남도,밀양시,6,37
201705,경상남도,밀양시,7,45
201705,경상남도,밀양시,8,67
201705,경상남도,밀양시,9,77
201705,경상남도,밀양시,10,72
201705,경상남도,밀양시,11,73
201705,경상남도,밀양시,12,72
201705,경상남도,밀양시,13,89
201705,경상남도,밀양시,14,79
201705,경상남도,밀양시,15,103
201705,경상남도,밀양시,16,138
201705,경상남도,밀양시,17,130
201705,경상남도,밀양시,18,95
201705,경상남도,밀양시,19,53
201705,경상남도,밀양시,20,36
201705,경상남도,밀양시,21,33
201705,경상남도,밀양시,22,26
201705,경상남도,밀양시,23,17
201705,경상남도,밀양시,24,16
201705,경상남도,밀양시,25,7
201705,경상남도,밀양시,26,2
201705,경상남도,밀양시,27,6
201705,경상남도,밀양시,28,2
201705,경상남도,밀양시,29,5
201705,경상남도,밀양시,30,12
201705,경상남도,밀양시,31,12
201705,경상남도,밀양시,32,7
201705,경상남도,밀양시,33,21
201705,경상남도,밀양시,34,14
201705,경상남도,밀양시,35,12
201705,경상남도,밀양시,36,25
201705,경상남도,밀양시,37,23
201705,경상남도,밀양시,38,23
201705,경상남도,밀양시,39,26
201705,경상남도,밀양시,40,22
201705,경상남도,밀양시,41,34
201705,경상남도,밀양시,42,34
201705,경상남도,밀양시,43,39
201705,경상남도,밀양시,44,54
201705,경상남도,밀양시,45,42
201705,경상남도,밀양시,46,44
201705,경상남도,밀양시,47,81
201705,경상남도,밀양시,48,67
201705,경상남도,밀양시,49,63
201705,경상남도,밀양시,50,75
201705,경상남도,밀양시,51,75
201705,경상남도,밀양시,52,89
201705,경상남도,밀양시,53,68
201705,경상남도,밀양시,54,89
201705,경상남도,밀양시,55,85
201705,경상남도,밀양시,56,93
201705,경상남도,밀양시,57,83
201705,경상남도,밀양시,58,95
201705,경상남도,밀양시,59,88
201705,경상남도,밀양시,60,80
201705,경상남도,밀양시,61,75
201705,경상남도,밀양시,62,99
201705,경상남도,밀양시,63,70
201705,경상남도,밀양시,64,72
201705,경상남도,밀양시,65,76
201705,경상남도,밀양시,66,56
201705,경상남도,밀양시,67,82
201705,경상남도,밀양시,68,95
201705,경상남도,밀양시,69,84
201705,경상남도,밀양시,70,79
201705,경상남도,밀양시,71,50
201705,경상남도,밀양시,72,62
201705,경상남도,밀양시,73,73
201705,경상남도,밀양시,74,96
201705,경상남도,밀양시,75,99
201705,경상남도,밀양시,76,74
201705,경상남도,밀양시,77,83
201705,경상남도,밀양시,78,78
201705,경상남도,밀양시,79,68
201705,경상남도,밀양시,80,90
201705,경상남도,밀양시,81,58
201705,경상남도,밀양시,82,64
201705,경상남도,밀양시,83,45
201705,경상남도,밀양시,84,54
201705,경상남도,밀양시,85,38
201705,경상남도,밀양시,86,23
201705,경상남도,밀양시,87,40
201705,경상남도,밀양시,88,22
201705,경상남도,밀양시,89,17
201705,경상남도,밀양시,90,15
201705,경상남도,밀양시,91,10
201705,경상남도,밀양시,92,11
201705,경상남도,밀양시,93,9
201705,경상남도,밀양시,94,8
201705,경상남도,밀양시,95,3
201705,경상남도,밀양시,96,3
201705,경상남도,밀양시,97,1
201705,경상남도,밀양시,98,2
201705,경상남도,밀양시,99,1
201705,경상남도,밀양시,101,1
201705,경상남도,밀양시,102,1
201705,경상남도,거제시,0,3
201705,경상남도,거제시,1,4
201705,경상남도,거제시,2,5
201705,경상남도,거제시,3,10
201705,경상남도,거제시,4,6
201705,경상남도,거제시,5,12
201705,경상남도,거제시,6,34
201705,경상남도,거제시,7,36
201705,경상남도,거제시,8,59
201705,경상남도,거제시,9,79
201705,경상남도,거제시,10,53
201705,경상남도,거제시,11,58
201705,경상남도,거제시,12,70
201705,경상남도,거제시,13,83
201705,경상남도,거제시,14,65
201705,경상남도,거제시,15,75
201705,경상남도,거제시,16,111
201705,경상남도,거제시,17,121
201705,경상남도,거제시,18,59
201705,경상남도,거제시,19,31
201705,경상남도,거제시,20,20
201705,경상남도,거제시,21,19
201705,경상남도,거제시,22,11
201705,경상남도,거제시,23,6
201705,경상남도,거제시,24,6
201705,경상남도,거제시,25,4
201705,경상남도,거제시,26,5
201705,경상남도,거제시,27,6
201705,경상남도,거제시,28,5
201705,경상남도,거제시,29,2
201705,경상남도,거제시,30,6
201705,경상남도,거제시,31,12
201705,경상남도,거제시,32,4
201705,경상남도,거제시,33,11
201705,경상남도,거제시,34,11
201705,경상남도,거제시,35,11
201705,경상남도,거제시,36,9
201705,경상남도,거제시,37,8
201705,경상남도,거제시,38,18
201705,경상남도,거제시,39,20
201705,경상남도,거제시,40,16
201705,경상남도,거제시,41,20
201705,경상남도,거제시,42,28
201705,경상남도,거제시,43,25
201705,경상남도,거제시,44,40
201705,경상남도,거제시,45,43
201705,경상남도,거제시,46,42
201705,경상남도,거제시,47,37
201705,경상남도,거제시,48,55
201705,경상남도,거제시,49,49
201705,경상남도,거제시,50,43
201705,경상남도,거제시,51,37
201705,경상남도,거제시,52,50
201705,경상남도,거제시,53,37
201705,경상남도,거제시,54,49
201705,경상남도,거제시,55,62
201705,경상남도,거제시,56,54
201705,경상남도,거제시,57,60
201705,경상남도,거제시,58,54
201705,경상남도,거제시,59,50
201705,경상남도,거제시,60,63
201705,경상남도,거제시,61,41
201705,경상남도,거제시,62,53
201705,경상남도,거제시,63,44
201705,경상남도,거제시,64,38
201705,경상남도,거제시,65,39
201705,경상남도,거제시,66,32
201705,경상남도,거제시,67,41
201705,경상남도,거제시,68,39
201705,경상남도,거제시,69,46
201705,경상남도,거제시,70,39
201705,경상남도,거제시,71,21
201705,경상남도,거제시,72,46
201705,경상남도,거제시,73,37
201705,경상남도,거제시,74,38
201705,경상남도,거제시,75,34
201705,경상남도,거제시,76,30
201705,경상남도,거제시,77,21
201705,경상남도,거제시,78,28
201705,경상남도,거제시,79,32
201705,경상남도,거제시,80,34
201705,경상남도,거제시,81,32
201705,경상남도,거제시,82,29
201705,경상남도,거제시,83,13
201705,경상남도,거제시,84,18
201705,경상남도,거제시,85,14
201705,경상남도,거제시,86,15
201705,경상남도,거제시,87,20
201705,경상남도,거제시,88,12
201705,경상남도,거제시,89,9
201705,경상남도,거제시,90,8
201705,경상남도,거제시,91,3
201705,경상남도,거제시,92,5
201705,경상남도,거제시,93,7
201705,경상남도,거제시,94,1
201705,경상남도,거제시,95,4
201705,경상남도,거제시,96,2
201705,경상남도,거제시,97,2
201705,경상남도,양산시,0,15
201705,경상남도,양산시,1,20
201705,경상남도,양산시,2,31
201705,경상남도,양산시,3,34
201705,경상남도,양산시,4,38
201705,경상남도,양산시,5,45
201705,경상남도,양산시,6,56
201705,경상남도,양산시,7,98
201705,경상남도,양산시,8,96
201705,경상남도,양산시,9,144
201705,경상남도,양산시,10,119
201705,경상남도,양산시,11,151
201705,경상남도,양산시,12,133
201705,경상남도,양산시,13,161
201705,경상남도,양산시,14,159
201705,경상남도,양산시,15,180
201705,경상남도,양산시,16,213
201705,경상남도,양산시,17,224
201705,경상남도,양산시,18,173
201705,경상남도,양산시,19,114
201705,경상남도,양산시,20,87
201705,경상남도,양산시,21,83
201705,경상남도,양산시,22,78
201705,경상남도,양산시,23,53
201705,경상남도,양산시,24,60
201705,경상남도,양산시,25,36
201705,경상남도,양산시,26,21
201705,경상남도,양산시,27,27
201705,경상남도,양산시,28,20
201705,경상남도,양산시,29,17
201705,경상남도,양산시,30,14
201705,경상남도,양산시,31,18
201705,경상남도,양산시,32,15
201705,경상남도,양산시,33,27
201705,경상남도,양산시,34,33
201705,경상남도,양산시,35,39
201705,경상남도,양산시,36,42
201705,경상남도,양산시,37,43
201705,경상남도,양산시,38,38
201705,경상남도,양산시,39,65
201705,경상남도,양산시,40,63
201705,경상남도,양산시,41,63
201705,경상남도,양산시,42,83
201705,경상남도,양산시,43,117
201705,경상남도,양산시,44,101
201705,경상남도,양산시,45,110
201705,경상남도,양산시,46,117
201705,경상남도,양산시,47,129
201705,경상남도,양산시,48,146
201705,경상남도,양산시,49,145
201705,경상남도,양산시,50,122
201705,경상남도,양산시,51,127
201705,경상남도,양산시,52,138
201705,경상남도,양산시,53,132
201705,경상남도,양산시,54,140
201705,경상남도,양산시,55,128
201705,경상남도,양산시,56,157
201705,경상남도,양산시,57,151
201705,경상남도,양산시,58,149
201705,경상남도,양산시,59,119
201705,경상남도,양산시,60,141
201705,경상남도,양산시,61,119
201705,경상남도,양산시,62,153
201705,경상남도,양산시,63,84
201705,경상남도,양산시,64,112
201705,경상남도,양산시,65,109
201705,경상남도,양산시,66,93
201705,경상남도,양산시,67,118
201705,경상남도,양산시,68,98
201705,경상남도,양산시,69,113
201705,경상남도,양산시,70,109
201705,경상남도,양산시,71,96
201705,경상남도,양산시,72,120
201705,경상남도,양산시,73,127
201705,경상남도,양산시,74,157
201705,경상남도,양산시,75,105
201705,경상남도,양산시,76,125
201705,경상남도,양산시,77,115
201705,경상남도,양산시,78,95
201705,경상남도,양산시,79,80
201705,경상남도,양산시,80,91
201705,경상남도,양산시,81,77
201705,경상남도,양산시,82,58
201705,경상남도,양산시,83,63
201705,경상남도,양산시,84,60
201705,경상남도,양산시,85,49
201705,경상남도,양산시,86,44
201705,경상남도,양산시,87,30
201705,경상남도,양산시,88,29
201705,경상남도,양산시,89,17
201705,경상남도,양산시,90,26
201705,경상남도,양산시,91,11
201705,경상남도,양산시,92,15
201705,경상남도,양산시,93,11
201705,경상남도,양산시,94,15
201705,경상남도,양산시,95,8
201705,경상남도,양산시,96,5
201705,경상남도,양산시,97,2
201705,경상남도,양산시,99,1
201705,경상남도,양산시,100,1
201705,경상남도,양산시,101,1
201705,경상남도,양산시,103,1
201705,경상남도,의령군,2,1
201705,경상남도,의령군,4,3
201705,경상남도,의령군,5,1
201705,경상남도,의령군,6,5
201705,경상남도,의령군,7,12
201705,경상남도,의령군,8,9
201705,경상남도,의령군,9,11
201705,경상남도,의령군,10,9
201705,경상남도,의령군,11,12
201705,경상남도,의령군,12,14
201705,경상남도,의령군,13,16
201705,경상남도,의령군,14,14
201705,경상남도,의령군,15,17
201705,경상남도,의령군,16,24
201705,경상남도,의령군,17,29
201705,경상남도,의령군,18,18
201705,경상남도,의령군,19,4
201705,경상남도,의령군,20,7
201705,경상남도,의령군,21,5
201705,경상남도,의령군,22,9
201705,경상남도,의령군,23,4
201705,경상남도,의령군,24,3
201705,경상남도,의령군,26,4
201705,경상남도,의령군,27,4
201705,경상남도,의령군,28,3
201705,경상남도,의령군,29,1
201705,경상남도,의령군,30,2
201705,경상남도,의령군,31,5
201705,경상남도,의령군,32,5
201705,경상남도,의령군,33,2
201705,경상남도,의령군,34,5
201705,경상남도,의령군,35,5
201705,경상남도,의령군,36,7
201705,경상남도,의령군,37,4
201705,경상남도,의령군,38,3
201705,경상남도,의령군,39,2
201705,경상남도,의령군,40,6
201705,경상남도,의령군,41,5
201705,경상남도,의령군,42,6
201705,경상남도,의령군,43,11
201705,경상남도,의령군,44,13
201705,경상남도,의령군,45,15
201705,경상남도,의령군,46,21
201705,경상남도,의령군,47,13
201705,경상남도,의령군,48,22
201705,경상남도,의령군,49,13
201705,경상남도,의령군,50,22
201705,경상남도,의령군,51,15
201705,경상남도,의령군,52,23
201705,경상남도,의령군,53,25
201705,경상남도,의령군,54,28
201705,경상남도,의령군,55,27
201705,경상남도,의령군,56,30
201705,경상남도,의령군,57,25
201705,경상남도,의령군,58,23
201705,경상남도,의령군,59,16
201705,경상남도,의령군,60,16
201705,경상남도,의령군,61,19
201705,경상남도,의령군,62,20
201705,경상남도,의령군,63,21
201705,경상남도,의령군,64,14
201705,경상남도,의령군,65,14
201705,경상남도,의령군,66,15
201705,경상남도,의령군,67,12
201705,경상남도,의령군,68,22
201705,경상남도,의령군,69,18
201705,경상남도,의령군,70,10
201705,경상남도,의령군,71,12
201705,경상남도,의령군,72,15
201705,경상남도,의령군,73,10
201705,경상남도,의령군,74,27
201705,경상남도,의령군,75,18
201705,경상남도,의령군,76,19
201705,경상남도,의령군,77,19
201705,경상남도,의령군,78,20
201705,경상남도,의령군,79,28
201705,경상남도,의령군,80,19
201705,경상남도,의령군,81,27
201705,경상남도,의령군,82,21
201705,경상남도,의령군,83,23
201705,경상남도,의령군,84,12
201705,경상남도,의령군,85,15
201705,경상남도,의령군,86,10
201705,경상남도,의령군,87,11
201705,경상남도,의령군,88,11
201705,경상남도,의령군,89,11
201705,경상남도,의령군,90,5
201705,경상남도,의령군,91,5
201705,경상남도,의령군,92,3
201705,경상남도,의령군,93,2
201705,경상남도,의령군,94,1
201705,경상남도,의령군,95,2
201705,경상남도,의령군,96,2
201705,경상남도,의령군,98,1
201705,경상남도,의령군,101,1
201705,경상남도,함안군,0,2
201705,경상남도,함안군,1,4
201705,경상남도,함안군,2,8
201705,경상남도,함안군,3,1
201705,경상남도,함안군,4,6
201705,경상남도,함안군,5,9
201705,경상남도,함안군,6,12
201705,경상남도,함안군,7,19
201705,경상남도,함안군,8,23
201705,경상남도,함안군,9,36
201705,경상남도,함안군,10,31
201705,경상남도,함안군,11,30
201705,경상남도,함안군,12,31
201705,경상남도,함안군,13,37
201705,경상남도,함안군,14,38
201705,경상남도,함안군,15,38
201705,경상남도,함안군,16,47
201705,경상남도,함안군,17,62
201705,경상남도,함안군,18,41
201705,경상남도,함안군,19,22
201705,경상남도,함안군,20,26
201705,경상남도,함안군,21,33
201705,경상남도,함안군,22,19
201705,경상남도,함안군,23,12
201705,경상남도,함안군,24,7
201705,경상남도,함안군,25,10
201705,경상남도,함안군,26,6
201705,경상남도,함안군,27,5
201705,경상남도,함안군,28,2
201705,경상남도,함안군,29,2
201705,경상남도,함안군,30,1
201705,경상남도,함안군,31,5
201705,경상남도,함안군,32,7
201705,경상남도,함안군,33,5
201705,경상남도,함안군,34,5
201705,경상남도,함안군,35,11
201705,경상남도,함안군,36,12
201705,경상남도,함안군,37,13
201705,경상남도,함안군,38,10
201705,경상남도,함안군,39,11
201705,경상남도,함안군,40,11
201705,경상남도,함안군,41,18
201705,경상남도,함안군,42,9
201705,경상남도,함안군,43,21
201705,경상남도,함안군,44,17
201705,경상남도,함안군,45,29
201705,경상남도,함안군,46,26
201705,경상남도,함안군,47,21
201705,경상남도,함안군,48,45
201705,경상남도,함안군,49,35
201705,경상남도,함안군,50,37
201705,경상남도,함안군,51,42
201705,경상남도,함안군,52,50
201705,경상남도,함안군,53,33
201705,경상남도,함안군,54,47
201705,경상남도,함안군,55,40
201705,경상남도,함안군,56,54
201705,경상남도,함안군,57,43
201705,경상남도,함안군,58,45
201705,경상남도,함안군,59,41
201705,경상남도,함안군,60,40
201705,경상남도,함안군,61,31
201705,경상남도,함안군,62,38
201705,경상남도,함안군,63,30
201705,경상남도,함안군,64,37
201705,경상남도,함안군,65,37
201705,경상남도,함안군,66,20
201705,경상남도,함안군,67,40
201705,경상남도,함안군,68,29
201705,경상남도,함안군,69,28
201705,경상남도,함안군,70,29
201705,경상남도,함안군,71,36
201705,경상남도,함안군,72,35
201705,경상남도,함안군,73,35
201705,경상남도,함안군,74,53
201705,경상남도,함안군,75,43
201705,경상남도,함안군,76,43
201705,경상남도,함안군,77,30
201705,경상남도,함안군,78,39
201705,경상남도,함안군,79,33
201705,경상남도,함안군,80,35
201705,경상남도,함안군,81,28
201705,경상남도,함안군,82,34
201705,경상남도,함안군,83,27
201705,경상남도,함안군,84,21
201705,경상남도,함안군,85,26
201705,경상남도,함안군,86,19
201705,경상남도,함안군,87,20
201705,경상남도,함안군,88,17
201705,경상남도,함안군,89,14
201705,경상남도,함안군,90,5
201705,경상남도,함안군,91,7
201705,경상남도,함안군,92,6
201705,경상남도,함안군,93,3
201705,경상남도,함안군,94,4
201705,경상남도,함안군,95,3
201705,경상남도,함안군,98,1
201705,경상남도,함안군,102,1
201705,경상남도,창녕군,0,5
201705,경상남도,창녕군,1,4
201705,경상남도,창녕군,2,6
201705,경상남도,창녕군,3,4
201705,경상남도,창녕군,4,9
201705,경상남도,창녕군,5,11
201705,경상남도,창녕군,6,22
201705,경상남도,창녕군,7,23
201705,경상남도,창녕군,8,37
201705,경상남도,창녕군,9,25
201705,경상남도,창녕군,10,31
201705,경상남도,창녕군,11,32
201705,경상남도,창녕군,12,27
201705,경상남도,창녕군,13,39
201705,경상남도,창녕군,14,38
201705,경상남도,창녕군,15,58
201705,경상남도,창녕군,16,59
201705,경상남도,창녕군,17,51
201705,경상남도,창녕군,18,49
201705,경상남도,창녕군,19,38
201705,경상남도,창녕군,20,23
201705,경상남도,창녕군,21,18
201705,경상남도,창녕군,22,8
201705,경상남도,창녕군,23,15
201705,경상남도,창녕군,24,12
201705,경상남도,창녕군,25,8
201705,경상남도,창녕군,26,5
201705,경상남도,창녕군,27,6
201705,경상남도,창녕군,28,7
201705,경상남도,창녕군,29,5
201705,경상남도,창녕군,30,5
201705,경상남도,창녕군,31,8
201705,경상남도,창녕군,32,6
201705,경상남도,창녕군,33,3
201705,경상남도,창녕군,34,4
201705,경상남도,창녕군,35,10
201705,경상남도,창녕군,36,7
201705,경상남도,창녕군,37,18
201705,경상남도,창녕군,38,13
201705,경상남도,창녕군,39,11
201705,경상남도,창녕군,40,12
201705,경상남도,창녕군,41,13
201705,경상남도,창녕군,42,15
201705,경상남도,창녕군,43,27
201705,경상남도,창녕군,44,23
201705,경상남도,창녕군,45,40
201705,경상남도,창녕군,46,29
201705,경상남도,창녕군,47,55
201705,경상남도,창녕군,48,45
201705,경상남도,창녕군,49,37
201705,경상남도,창녕군,50,37
201705,경상남도,창녕군,51,32
201705,경상남도,창녕군,52,41
201705,경상남도,창녕군,53,59
201705,경상남도,창녕군,54,53
201705,경상남도,창녕군,55,45
201705,경상남도,창녕군,56,52
201705,경상남도,창녕군,57,54
201705,경상남도,창녕군,58,43
201705,경상남도,창녕군,59,49
201705,경상남도,창녕군,60,37
201705,경상남도,창녕군,61,51
201705,경상남도,창녕군,62,37
201705,경상남도,창녕군,63,41
201705,경상남도,창녕군,64,45
201705,경상남도,창녕군,65,40
201705,경상남도,창녕군,66,32
201705,경상남도,창녕군,67,39
201705,경상남도,창녕군,68,51
201705,경상남도,창녕군,69,44
201705,경상남도,창녕군,70,34
201705,경상남도,창녕군,71,18
201705,경상남도,창녕군,72,35
201705,경상남도,창녕군,73,42
201705,경상남도,창녕군,74,65
201705,경상남도,창녕군,75,72
201705,경상남도,창녕군,76,46
201705,경상남도,창녕군,77,51
201705,경상남도,창녕군,78,57
201705,경상남도,창녕군,79,50
201705,경상남도,창녕군,80,40
201705,경상남도,창녕군,81,45
201705,경상남도,창녕군,82,33
201705,경상남도,창녕군,83,36
201705,경상남도,창녕군,84,31
201705,경상남도,창녕군,85,31
201705,경상남도,창녕군,86,23
201705,경상남도,창녕군,87,20
201705,경상남도,창녕군,88,20
201705,경상남도,창녕군,89,14
201705,경상남도,창녕군,90,15
201705,경상남도,창녕군,91,7
201705,경상남도,창녕군,92,7
201705,경상남도,창녕군,93,8
201705,경상남도,창녕군,94,2
201705,경상남도,창녕군,95,6
201705,경상남도,창녕군,96,1
201705,경상남도,창녕군,97,1
201705,경상남도,창녕군,104,2
201705,경상남도,창녕군,106,1
201705,경상남도,고성군,0,2
201705,경상남도,고성군,1,3
201705,경상남도,고성군,2,6
201705,경상남도,고성군,3,4
201705,경상남도,고성군,4,5
201705,경상남도,고성군,5,4
201705,경상남도,고성군,6,15
201705,경상남도,고성군,7,18
201705,경상남도,고성군,8,28
201705,경상남도,고성군,9,27
201705,경상남도,고성군,10,28
201705,경상남도,고성군,11,32
201705,경상남도,고성군,12,28
201705,경상남도,고성군,13,33
201705,경상남도,고성군,14,32
201705,경상남도,고성군,15,43
201705,경상남도,고성군,16,46
201705,경상남도,고성군,17,49
201705,경상남도,고성군,18,32
201705,경상남도,고성군,19,18
201705,경상남도,고성군,20,18
201705,경상남도,고성군,21,15
201705,경상남도,고성군,22,9
201705,경상남도,고성군,23,12
201705,경상남도,고성군,24,5
201705,경상남도,고성군,25,2
201705,경상남도,고성군,26,6
201705,경상남도,고성군,27,2
201705,경상남도,고성군,28,3
201705,경상남도,고성군,29,4
201705,경상남도,고성군,30,6
201705,경상남도,고성군,31,3
201705,경상남도,고성군,32,7
201705,경상남도,고성군,33,4
201705,경상남도,고성군,34,7
201705,경상남도,고성군,35,6
201705,경상남도,고성군,36,8
201705,경상남도,고성군,37,7
201705,경상남도,고성군,38,10
201705,경상남도,고성군,39,10
201705,경상남도,고성군,40,12
201705,경상남도,고성군,41,18
201705,경상남도,고성군,42,11
201705,경상남도,고성군,43,15
201705,경상남도,고성군,44,22
201705,경상남도,고성군,45,27
201705,경상남도,고성군,46,33
201705,경상남도,고성군,47,33
201705,경상남도,고성군,48,33
201705,경상남도,고성군,49,21
201705,경상남도,고성군,50,30
201705,경상남도,고성군,51,26
201705,경상남도,고성군,52,34
201705,경상남도,고성군,53,25
201705,경상남도,고성군,54,38
201705,경상남도,고성군,55,36
201705,경상남도,고성군,56,52
201705,경상남도,고성군,57,41
201705,경상남도,고성군,58,33
201705,경상남도,고성군,59,48
201705,경상남도,고성군,60,39
201705,경상남도,고성군,61,29
201705,경상남도,고성군,62,37
201705,경상남도,고성군,63,34
201705,경상남도,고성군,64,29
201705,경상남도,고성군,65,39
201705,경상남도,고성군,66,29
201705,경상남도,고성군,67,29
201705,경상남도,고성군,68,30
201705,경상남도,고성군,69,25
201705,경상남도,고성군,70,25
201705,경상남도,고성군,71,23
201705,경상남도,고성군,72,42
201705,경상남도,고성군,73,24
201705,경상남도,고성군,74,37
201705,경상남도,고성군,75,24
201705,경상남도,고성군,76,24
201705,경상남도,고성군,77,25
201705,경상남도,고성군,78,35
201705,경상남도,고성군,79,19
201705,경상남도,고성군,80,40
201705,경상남도,고성군,81,27
201705,경상남도,고성군,82,21
201705,경상남도,고성군,83,28
201705,경상남도,고성군,84,25
201705,경상남도,고성군,85,23
201705,경상남도,고성군,86,18
201705,경상남도,고성군,87,18
201705,경상남도,고성군,88,11
201705,경상남도,고성군,89,10
201705,경상남도,고성군,90,7
201705,경상남도,고성군,91,7
201705,경상남도,고성군,92,2
201705,경상남도,고성군,93,4
201705,경상남도,고성군,94,4
201705,경상남도,고성군,95,1
201705,경상남도,고성군,100,1
201705,경상남도,남해군,0,1
201705,경상남도,남해군,1,2
201705,경상남도,남해군,2,5
201705,경상남도,남해군,3,1
201705,경상남도,남해군,4,5
201705,경상남도,남해군,5,5
201705,경상남도,남해군,6,9
201705,경상남도,남해군,7,15
201705,경상남도,남해군,8,15
201705,경상남도,남해군,9,24
201705,경상남도,남해군,10,15
201705,경상남도,남해군,11,26
201705,경상남도,남해군,12,20
201705,경상남도,남해군,13,26
201705,경상남도,남해군,14,32
201705,경상남도,남해군,15,32
201705,경상남도,남해군,16,40
201705,경상남도,남해군,17,56
201705,경상남도,남해군,18,34
201705,경상남도,남해군,19,31
201705,경상남도,남해군,20,16
201705,경상남도,남해군,21,16
201705,경상남도,남해군,22,10
201705,경상남도,남해군,23,15
201705,경상남도,남해군,24,10
201705,경상남도,남해군,25,3
201705,경상남도,남해군,26,2
201705,경상남도,남해군,27,5
201705,경상남도,남해군,28,3
201705,경상남도,남해군,29,4
201705,경상남도,남해군,30,4
201705,경상남도,남해군,31,9
201705,경상남도,남해군,32,3
201705,경상남도,남해군,33,8
201705,경상남도,남해군,34,6
201705,경상남도,남해군,35,9
201705,경상남도,남해군,36,7
201705,경상남도,남해군,37,9
201705,경상남도,남해군,38,7
201705,경상남도,남해군,39,13
201705,경상남도,남해군,40,8
201705,경상남도,남해군,41,9
201705,경상남도,남해군,42,18
201705,경상남도,남해군,43,16
201705,경상남도,남해군,44,21
201705,경상남도,남해군,45,19
201705,경상남도,남해군,46,24
201705,경상남도,남해군,47,28
201705,경상남도,남해군,48,23
201705,경상남도,남해군,49,28
201705,경상남도,남해군,50,22
201705,경상남도,남해군,51,39
201705,경상남도,남해군,52,22
201705,경상남도,남해군,53,29
201705,경상남도,남해군,54,33
201705,경상남도,남해군,55,32
201705,경상남도,남해군,56,27
201705,경상남도,남해군,57,44
201705,경상남도,남해군,58,46
201705,경상남도,남해군,59,28
201705,경상남도,남해군,60,32
201705,경상남도,남해군,61,35
201705,경상남도,남해군,62,28
201705,경상남도,남해군,63,19
201705,경상남도,남해군,64,21
201705,경상남도,남해군,65,30
201705,경상남도,남해군,66,22
201705,경상남도,남해군,67,20
201705,경상남도,남해군,68,28
201705,경상남도,남해군,69,23
201705,경상남도,남해군,70,24
201705,경상남도,남해군,71,22
201705,경상남도,남해군,72,20
201705,경상남도,남해군,73,26
201705,경상남도,남해군,74,43
201705,경상남도,남해군,75,39
201705,경상남도,남해군,76,31
201705,경상남도,남해군,77,28
201705,경상남도,남해군,78,27
201705,경상남도,남해군,79,18
201705,경상남도,남해군,80,37
201705,경상남도,남해군,81,36
201705,경상남도,남해군,82,37
201705,경상남도,남해군,83,27
201705,경상남도,남해군,84,17
201705,경상남도,남해군,85,25
201705,경상남도,남해군,86,13
201705,경상남도,남해군,87,26
201705,경상남도,남해군,88,19
201705,경상남도,남해군,89,15
201705,경상남도,남해군,90,8
201705,경상남도,남해군,91,6
201705,경상남도,남해군,92,7
201705,경상남도,남해군,93,9
201705,경상남도,남해군,94,5
201705,경상남도,남해군,95,3
201705,경상남도,남해군,96,3
201705,경상남도,남해군,97,1
201705,경상남도,남해군,98,1
201705,경상남도,하동군,0,2
201705,경상남도,하동군,1,5
201705,경상남도,하동군,2,5
201705,경상남도,하동군,3,3
201705,경상남도,하동군,4,4
201705,경상남도,하동군,5,3
201705,경상남도,하동군,6,9
201705,경상남도,하동군,7,20
201705,경상남도,하동군,8,28
201705,경상남도,하동군,9,31
201705,경상남도,하동군,10,33
201705,경상남도,하동군,11,32
201705,경상남도,하동군,12,39
201705,경상남도,하동군,13,40
201705,경상남도,하동군,14,31
201705,경상남도,하동군,15,48
201705,경상남도,하동군,16,51
201705,경상남도,하동군,17,61
201705,경상남도,하동군,18,45
201705,경상남도,하동군,19,39
201705,경상남도,하동군,20,26
201705,경상남도,하동군,21,18
201705,경상남도,하동군,22,15
201705,경상남도,하동군,23,18
201705,경상남도,하동군,24,6
201705,경상남도,하동군,25,9
201705,경상남도,하동군,26,8
201705,경상남도,하동군,27,3
201705,경상남도,하동군,28,4
201705,경상남도,하동군,29,3
201705,경상남도,하동군,30,5
201705,경상남도,하동군,31,3
201705,경상남도,하동군,32,6
201705,경상남도,하동군,33,8
201705,경상남도,하동군,34,6
201705,경상남도,하동군,35,11
201705,경상남도,하동군,36,9
201705,경상남도,하동군,37,6
201705,경상남도,하동군,38,18
201705,경상남도,하동군,39,16
201705,경상남도,하동군,40,10
201705,경상남도,하동군,41,22
201705,경상남도,하동군,42,28
201705,경상남도,하동군,43,27
201705,경상남도,하동군,44,34
201705,경상남도,하동군,45,22
201705,경상남도,하동군,46,32
201705,경상남도,하동군,47,32
201705,경상남도,하동군,48,41
201705,경상남도,하동군,49,34
201705,경상남도,하동군,50,45
201705,경상남도,하동군,51,35
201705,경상남도,하동군,52,27
201705,경상남도,하동군,53,32
201705,경상남도,하동군,54,37
201705,경상남도,하동군,55,40
201705,경상남도,하동군,56,64
201705,경상남도,하동군,57,46
201705,경상남도,하동군,58,40
201705,경상남도,하동군,59,38
201705,경상남도,하동군,60,31
201705,경상남도,하동군,61,38
201705,경상남도,하동군,62,32
201705,경상남도,하동군,63,29
201705,경상남도,하동군,64,29
201705,경상남도,하동군,65,42
201705,경상남도,하동군,66,25
201705,경상남도,하동군,67,38
201705,경상남도,하동군,68,34
201705,경상남도,하동군,69,29
201705,경상남도,하동군,70,29
201705,경상남도,하동군,71,27
201705,경상남도,하동군,72,32
201705,경상남도,하동군,73,22
201705,경상남도,하동군,74,38
201705,경상남도,하동군,75,32
201705,경상남도,하동군,76,26
201705,경상남도,하동군,77,50
201705,경상남도,하동군,78,40
201705,경상남도,하동군,79,25
201705,경상남도,하동군,80,37
201705,경상남도,하동군,81,21
201705,경상남도,하동군,82,27
201705,경상남도,하동군,83,28
201705,경상남도,하동군,84,17
201705,경상남도,하동군,85,18
201705,경상남도,하동군,86,12
201705,경상남도,하동군,87,21
201705,경상남도,하동군,88,13
201705,경상남도,하동군,89,14
201705,경상남도,하동군,90,15
201705,경상남도,하동군,91,9
201705,경상남도,하동군,92,11
201705,경상남도,하동군,93,3
201705,경상남도,하동군,94,2
201705,경상남도,하동군,95,1
201705,경상남도,하동군,98,4
201705,경상남도,산청군,0,2
201705,경상남도,산청군,1,3
201705,경상남도,산청군,2,2
201705,경상남도,산청군,3,6
201705,경상남도,산청군,4,3
201705,경상남도,산청군,5,7
201705,경상남도,산청군,6,13
201705,경상남도,산청군,7,15
201705,경상남도,산청군,8,16
201705,경상남도,산청군,9,27
201705,경상남도,산청군,10,17
201705,경상남도,산청군,11,23
201705,경상남도,산청군,12,22
201705,경상남도,산청군,13,24
201705,경상남도,산청군,14,32
201705,경상남도,산청군,15,32
201705,경상남도,산청군,16,34
201705,경상남도,산청군,17,36
201705,경상남도,산청군,18,32
201705,경상남도,산청군,19,13
201705,경상남도,산청군,20,11
201705,경상남도,산청군,21,13
201705,경상남도,산청군,22,15
201705,경상남도,산청군,23,8
201705,경상남도,산청군,24,4
201705,경상남도,산청군,25,1
201705,경상남도,산청군,26,8
201705,경상남도,산청군,27,2
201705,경상남도,산청군,28,2
201705,경상남도,산청군,30,2
201705,경상남도,산청군,31,5
201705,경상남도,산청군,32,6
201705,경상남도,산청군,33,6
201705,경상남도,산청군,34,6
201705,경상남도,산청군,35,3
201705,경상남도,산청군,36,4
201705,경상남도,산청군,37,9
201705,경상남도,산청군,38,7
201705,경상남도,산청군,39,5
201705,경상남도,산청군,40,3
201705,경상남도,산청군,41,9
201705,경상남도,산청군,42,10
201705,경상남도,산청군,43,19
201705,경상남도,산청군,44,16
201705,경상남도,산청군,45,16
201705,경상남도,산청군,46,22
201705,경상남도,산청군,47,24
201705,경상남도,산청군,48,36
201705,경상남도,산청군,49,23
201705,경상남도,산청군,50,29
201705,경상남도,산청군,51,33
201705,경상남도,산청군,52,20
201705,경상남도,산청군,53,22
201705,경상남도,산청군,54,29
201705,경상남도,산청군,55,39
201705,경상남도,산청군,56,39
201705,경상남도,산청군,57,31
201705,경상남도,산청군,58,28
201705,경상남도,산청군,59,30
201705,경상남도,산청군,60,24
201705,경상남도,산청군,61,28
201705,경상남도,산청군,62,25
201705,경상남도,산청군,63,18
201705,경상남도,산청군,64,12
201705,경상남도,산청군,65,14
201705,경상남도,산청군,66,15
201705,경상남도,산청군,67,17
201705,경상남도,산청군,68,26
201705,경상남도,산청군,69,25
201705,경상남도,산청군,70,17
201705,경상남도,산청군,71,19
201705,경상남도,산청군,72,24
201705,경상남도,산청군,73,17
201705,경상남도,산청군,74,35
201705,경상남도,산청군,75,33
201705,경상남도,산청군,76,31
201705,경상남도,산청군,77,27
201705,경상남도,산청군,78,31
201705,경상남도,산청군,79,23
201705,경상남도,산청군,80,21
201705,경상남도,산청군,81,26
201705,경상남도,산청군,82,18
201705,경상남도,산청군,83,24
201705,경상남도,산청군,84,16
201705,경상남도,산청군,85,23
201705,경상남도,산청군,86,20
201705,경상남도,산청군,87,14
201705,경상남도,산청군,88,13
201705,경상남도,산청군,89,14
201705,경상남도,산청군,90,7
201705,경상남도,산청군,91,5
201705,경상남도,산청군,92,4
201705,경상남도,산청군,93,6
201705,경상남도,산청군,94,4
201705,경상남도,산청군,95,2
201705,경상남도,산청군,96,2
201705,경상남도,산청군,98,1
201705,경상남도,함양군,2,3
201705,경상남도,함양군,3,4
201705,경상남도,함양군,4,3
201705,경상남도,함양군,5,3
201705,경상남도,함양군,6,14
201705,경상남도,함양군,7,21
201705,경상남도,함양군,8,26
201705,경상남도,함양군,9,25
201705,경상남도,함양군,10,21
201705,경상남도,함양군,11,19
201705,경상남도,함양군,12,35
201705,경상남도,함양군,13,28
201705,경상남도,함양군,14,31
201705,경상남도,함양군,15,34
201705,경상남도,함양군,16,53
201705,경상남도,함양군,17,45
201705,경상남도,함양군,18,29
201705,경상남도,함양군,19,20
201705,경상남도,함양군,20,12
201705,경상남도,함양군,21,6
201705,경상남도,함양군,22,12
201705,경상남도,함양군,23,9
201705,경상남도,함양군,24,3
201705,경상남도,함양군,25,4
201705,경상남도,함양군,26,1
201705,경상남도,함양군,27,2
201705,경상남도,함양군,28,1
201705,경상남도,함양군,29,5
201705,경상남도,함양군,30,3
201705,경상남도,함양군,31,4
201705,경상남도,함양군,32,4
201705,경상남도,함양군,33,5
201705,경상남도,함양군,34,9
201705,경상남도,함양군,35,3
201705,경상남도,함양군,36,4
201705,경상남도,함양군,37,5
201705,경상남도,함양군,38,8
201705,경상남도,함양군,39,13
201705,경상남도,함양군,40,9
201705,경상남도,함양군,41,12
201705,경상남도,함양군,42,20
201705,경상남도,함양군,43,14
201705,경상남도,함양군,44,19
201705,경상남도,함양군,45,9
201705,경상남도,함양군,46,17
201705,경상남도,함양군,47,19
201705,경상남도,함양군,48,21
201705,경상남도,함양군,49,24
201705,경상남도,함양군,50,27
201705,경상남도,함양군,51,20
201705,경상남도,함양군,52,22
201705,경상남도,함양군,53,10
201705,경상남도,함양군,54,25
201705,경상남도,함양군,55,27
201705,경상남도,함양군,56,38
201705,경상남도,함양군,57,25
201705,경상남도,함양군,58,21
201705,경상남도,함양군,59,16
201705,경상남도,함양군,60,23
201705,경상남도,함양군,61,22
201705,경상남도,함양군,62,15
201705,경상남도,함양군,63,24
201705,경상남도,함양군,64,15
201705,경상남도,함양군,65,13
201705,경상남도,함양군,66,22
201705,경상남도,함양군,67,27
201705,경상남도,함양군,68,19
201705,경상남도,함양군,69,25
201705,경상남도,함양군,70,16
201705,경상남도,함양군,71,23
201705,경상남도,함양군,72,23
201705,경상남도,함양군,73,27
201705,경상남도,함양군,74,29
201705,경상남도,함양군,75,29
201705,경상남도,함양군,76,26
201705,경상남도,함양군,77,32
201705,경상남도,함양군,78,26
201705,경상남도,함양군,79,23
201705,경상남도,함양군,80,20
201705,경상남도,함양군,81,30
201705,경상남도,함양군,82,36
201705,경상남도,함양군,83,24
201705,경상남도,함양군,84,23
201705,경상남도,함양군,85,22
201705,경상남도,함양군,86,24
201705,경상남도,함양군,87,21
201705,경상남도,함양군,88,14
201705,경상남도,함양군,89,14
201705,경상남도,함양군,90,12
201705,경상남도,함양군,91,6
201705,경상남도,함양군,92,10
201705,경상남도,함양군,93,4
201705,경상남도,함양군,94,4
201705,경상남도,함양군,95,2
201705,경상남도,함양군,96,2
201705,경상남도,함양군,97,3
201705,경상남도,함양군,98,1
201705,경상남도,함양군,103,1
201705,경상남도,함양군,117,1
201705,경상남도,거창군,0,2
201705,경상남도,거창군,1,5
201705,경상남도,거창군,2,4
201705,경상남도,거창군,3,12
201705,경상남도,거창군,4,10
201705,경상남도,거창군,5,13
201705,경상남도,거창군,6,25
201705,경상남도,거창군,7,29
201705,경상남도,거창군,8,37
201705,경상남도,거창군,9,53
201705,경상남도,거창군,10,42
201705,경상남도,거창군,11,43
201705,경상남도,거창군,12,52
201705,경상남도,거창군,13,46
201705,경상남도,거창군,14,54
201705,경상남도,거창군,15,55
201705,경상남도,거창군,16,98
201705,경상남도,거창군,17,87
201705,경상남도,거창군,18,61
201705,경상남도,거창군,19,45
201705,경상남도,거창군,20,28
201705,경상남도,거창군,21,34
201705,경상남도,거창군,22,19
201705,경상남도,거창군,23,23
201705,경상남도,거창군,24,14
201705,경상남도,거창군,25,9
201705,경상남도,거창군,26,5
201705,경상남도,거창군,27,3
201705,경상남도,거창군,28,4
201705,경상남도,거창군,29,4
201705,경상남도,거창군,30,5
201705,경상남도,거창군,31,8
201705,경상남도,거창군,32,6
201705,경상남도,거창군,33,8
201705,경상남도,거창군,34,10
201705,경상남도,거창군,35,15
201705,경상남도,거창군,36,13
201705,경상남도,거창군,37,12
201705,경상남도,거창군,38,18
201705,경상남도,거창군,39,13
201705,경상남도,거창군,40,18
201705,경상남도,거창군,41,21
201705,경상남도,거창군,42,21
201705,경상남도,거창군,43,23
201705,경상남도,거창군,44,34
201705,경상남도,거창군,45,32
201705,경상남도,거창군,46,48
201705,경상남도,거창군,47,18
201705,경상남도,거창군,48,56
201705,경상남도,거창군,49,33
201705,경상남도,거창군,50,38
201705,경상남도,거창군,51,44
201705,경상남도,거창군,52,44
201705,경상남도,거창군,53,31
201705,경상남도,거창군,54,44
201705,경상남도,거창군,55,59
201705,경상남도,거창군,56,40
201705,경상남도,거창군,57,39
201705,경상남도,거창군,58,59
201705,경상남도,거창군,59,36
201705,경상남도,거창군,60,44
201705,경상남도,거창군,61,40
201705,경상남도,거창군,62,41
201705,경상남도,거창군,63,25
201705,경상남도,거창군,64,30
201705,경상남도,거창군,65,29
201705,경상남도,거창군,66,30
201705,경상남도,거창군,67,28
201705,경상남도,거창군,68,45
201705,경상남도,거창군,69,38
201705,경상남도,거창군,70,37
201705,경상남도,거창군,71,29
201705,경상남도,거창군,72,40
201705,경상남도,거창군,73,32
201705,경상남도,거창군,74,40
201705,경상남도,거창군,75,38
201705,경상남도,거창군,76,34
201705,경상남도,거창군,77,54
201705,경상남도,거창군,78,42
201705,경상남도,거창군,79,28
201705,경상남도,거창군,80,37
201705,경상남도,거창군,81,38
201705,경상남도,거창군,82,49
201705,경상남도,거창군,83,32
201705,경상남도,거창군,84,32
201705,경상남도,거창군,85,29
201705,경상남도,거창군,86,14
201705,경상남도,거창군,87,14
201705,경상남도,거창군,88,19
201705,경상남도,거창군,89,19
201705,경상남도,거창군,90,9
201705,경상남도,거창군,91,12
201705,경상남도,거창군,92,9
201705,경상남도,거창군,93,2
201705,경상남도,거창군,94,2
201705,경상남도,거창군,95,1
201705,경상남도,거창군,97,4
201705,경상남도,거창군,99,1
201705,경상남도,거창군,112,1
201705,경상남도,합천군,0,3
201705,경상남도,합천군,2,7
201705,경상남도,합천군,3,1
201705,경상남도,합천군,4,2
201705,경상남도,합천군,5,5
201705,경상남도,합천군,6,7
201705,경상남도,합천군,7,21
201705,경상남도,합천군,8,19
201705,경상남도,합천군,9,34
201705,경상남도,합천군,10,28
201705,경상남도,합천군,11,19
201705,경상남도,합천군,12,21
201705,경상남도,합천군,13,27
201705,경상남도,합천군,14,30
201705,경상남도,합천군,15,32
201705,경상남도,합천군,16,43
201705,경상남도,합천군,17,48
201705,경상남도,합천군,18,31
201705,경상남도,합천군,19,26
201705,경상남도,합천군,20,16
201705,경상남도,합천군,21,14
201705,경상남도,합천군,22,10
201705,경상남도,합천군,23,8
201705,경상남도,합천군,24,7
201705,경상남도,합천군,25,5
201705,경상남도,합천군,26,7
201705,경상남도,합천군,27,5
201705,경상남도,합천군,28,3
201705,경상남도,합천군,29,6
201705,경상남도,합천군,30,5
201705,경상남도,합천군,31,5
201705,경상남도,합천군,32,2
201705,경상남도,합천군,33,9
201705,경상남도,합천군,34,6
201705,경상남도,합천군,35,6
201705,경상남도,합천군,36,9
201705,경상남도,합천군,37,10
201705,경상남도,합천군,38,10
201705,경상남도,합천군,39,11
201705,경상남도,합천군,40,17
201705,경상남도,합천군,41,14
201705,경상남도,합천군,42,14
201705,경상남도,합천군,43,20
201705,경상남도,합천군,44,19
201705,경상남도,합천군,45,29
201705,경상남도,합천군,46,27
201705,경상남도,합천군,47,31
201705,경상남도,합천군,48,37
201705,경상남도,합천군,49,49
201705,경상남도,합천군,50,43
201705,경상남도,합천군,51,38
201705,경상남도,합천군,52,47
201705,경상남도,합천군,53,34
201705,경상남도,합천군,54,40
201705,경상남도,합천군,55,40
201705,경상남도,합천군,56,52
201705,경상남도,합천군,57,48
201705,경상남도,합천군,58,33
201705,경상남도,합천군,59,44
201705,경상남도,합천군,60,32
201705,경상남도,합천군,61,30
201705,경상남도,합천군,62,38
201705,경상남도,합천군,63,22
201705,경상남도,합천군,64,30
201705,경상남도,합천군,65,31
201705,경상남도,합천군,66,28
201705,경상남도,합천군,67,39
201705,경상남도,합천군,68,35
201705,경상남도,합천군,69,35
201705,경상남도,합천군,70,32
201705,경상남도,합천군,71,31
201705,경상남도,합천군,72,36
201705,경상남도,합천군,73,43
201705,경상남도,합천군,74,32
201705,경상남도,합천군,75,49
201705,경상남도,합천군,76,46
201705,경상남도,합천군,77,45
201705,경상남도,합천군,78,55
201705,경상남도,합천군,79,36
201705,경상남도,합천군,80,35
201705,경상남도,합천군,81,41
201705,경상남도,합천군,82,33
201705,경상남도,합천군,83,29
201705,경상남도,합천군,84,31
201705,경상남도,합천군,85,25
201705,경상남도,합천군,86,22
201705,경상남도,합천군,87,23
201705,경상남도,합천군,88,16
201705,경상남도,합천군,89,19
201705,경상남도,합천군,90,11
201705,경상남도,합천군,91,13
201705,경상남도,합천군,92,9
201705,경상남도,합천군,93,5
201705,경상남도,합천군,94,4
201705,경상남도,합천군,95,3
201705,경상남도,합천군,97,1
201705,경상남도,합천군,98,1
201705,경상남도,합천군,102,1
201705,경상남도,합천군,103,1
201705,제주특별자치도,제주시,0,33
201705,제주특별자치도,제주시,1,43
201705,제주특별자치도,제주시,2,60
201705,제주특별자치도,제주시,3,61
201705,제주특별자치도,제주시,4,85
201705,제주특별자치도,제주시,5,85
201705,제주특별자치도,제주시,6,167
201705,제주특별자치도,제주시,7,236
201705,제주특별자치도,제주시,8,286
201705,제주특별자치도,제주시,9,313
201705,제주특별자치도,제주시,10,306
201705,제주특별자치도,제주시,11,308
201705,제주특별자치도,제주시,12,324
201705,제주특별자치도,제주시,13,350
201705,제주특별자치도,제주시,14,380
201705,제주특별자치도,제주시,15,441
201705,제주특별자치도,제주시,16,525
201705,제주특별자치도,제주시,17,543
201705,제주특별자치도,제주시,18,344
201705,제주특별자치도,제주시,19,278
201705,제주특별자치도,제주시,20,201
201705,제주특별자치도,제주시,21,175
201705,제주특별자치도,제주시,22,172
201705,제주특별자치도,제주시,23,127
201705,제주특별자치도,제주시,24,91
201705,제주특별자치도,제주시,25,60
201705,제주특별자치도,제주시,26,33
201705,제주특별자치도,제주시,27,48
201705,제주특별자치도,제주시,28,30
201705,제주특별자치도,제주시,29,30
201705,제주특별자치도,제주시,30,23
201705,제주특별자치도,제주시,31,32
201705,제주특별자치도,제주시,32,38
201705,제주특별자치도,제주시,33,37
201705,제주특별자치도,제주시,34,52
201705,제주특별자치도,제주시,35,50
201705,제주특별자치도,제주시,36,68
201705,제주특별자치도,제주시,37,82
201705,제주특별자치도,제주시,38,84
201705,제주특별자치도,제주시,39,88
201705,제주특별자치도,제주시,40,103
201705,제주특별자치도,제주시,41,116
201705,제주특별자치도,제주시,42,120
201705,제주특별자치도,제주시,43,149
201705,제주특별자치도,제주시,44,155
201705,제주특별자치도,제주시,45,183
201705,제주특별자치도,제주시,46,173
201705,제주특별자치도,제주시,47,200
201705,제주특별자치도,제주시,48,214
201705,제주특별자치도,제주시,49,199
201705,제주특별자치도,제주시,50,198
201705,제주특별자치도,제주시,51,215
201705,제주특별자치도,제주시,52,202
201705,제주특별자치도,제주시,53,203
201705,제주특별자치도,제주시,54,227
201705,제주특별자치도,제주시,55,172
201705,제주특별자치도,제주시,56,212
201705,제주특별자치도,제주시,57,213
201705,제주특별자치도,제주시,58,185
201705,제주특별자치도,제주시,59,186
201705,제주특별자치도,제주시,60,163
201705,제주특별자치도,제주시,61,171
201705,제주특별자치도,제주시,62,170
201705,제주특별자치도,제주시,63,152
201705,제주특별자치도,제주시,64,135
201705,제주특별자치도,제주시,65,164
201705,제주특별자치도,제주시,66,141
201705,제주특별자치도,제주시,67,168
201705,제주특별자치도,제주시,68,185
201705,제주특별자치도,제주시,69,186
201705,제주특별자치도,제주시,70,164
201705,제주특별자치도,제주시,71,144
201705,제주특별자치도,제주시,72,138
201705,제주특별자치도,제주시,73,152
201705,제주특별자치도,제주시,74,184
201705,제주특별자치도,제주시,75,182
201705,제주특별자치도,제주시,76,138
201705,제주특별자치도,제주시,77,155
201705,제주특별자치도,제주시,78,171
201705,제주특별자치도,제주시,79,132
201705,제주특별자치도,제주시,80,124
201705,제주특별자치도,제주시,81,130
201705,제주특별자치도,제주시,82,122
201705,제주특별자치도,제주시,83,118
201705,제주특별자치도,제주시,84,94
201705,제주특별자치도,제주시,85,75
201705,제주특별자치도,제주시,86,59
201705,제주특별자치도,제주시,87,70
201705,제주특별자치도,제주시,88,57
201705,제주특별자치도,제주시,89,39
201705,제주특별자치도,제주시,90,42
201705,제주특별자치도,제주시,91,33
201705,제주특별자치도,제주시,92,19
201705,제주특별자치도,제주시,93,11
201705,제주특별자치도,제주시,94,40
201705,제주특별자치도,제주시,95,13
201705,제주특별자치도,제주시,96,11
201705,제주특별자치도,제주시,97,8
201705,제주특별자치도,제주시,98,5
201705,제주특별자치도,제주시,100,4
201705,제주특별자치도,제주시,101,1
201705,제주특별자치도,제주시,104,1
201705,제주특별자치도,제주시,105,1
201705,제주특별자치도,서귀포시,0,10
201705,제주특별자치도,서귀포시,1,13
201705,제주특별자치도,서귀포시,2,20
201705,제주특별자치도,서귀포시,3,19
201705,제주특별자치도,서귀포시,4,33
201705,제주특별자치도,서귀포시,5,41
201705,제주특별자치도,서귀포시,6,63
201705,제주특별자치도,서귀포시,7,76
201705,제주특별자치도,서귀포시,8,104
201705,제주특별자치도,서귀포시,9,131
201705,제주특별자치도,서귀포시,10,115
201705,제주특별자치도,서귀포시,11,123
201705,제주특별자치도,서귀포시,12,116
201705,제주특별자치도,서귀포시,13,152
201705,제주특별자치도,서귀포시,14,139
201705,제주특별자치도,서귀포시,15,156
201705,제주특별자치도,서귀포시,16,219
201705,제주특별자치도,서귀포시,17,208
201705,제주특별자치도,서귀포시,18,150
201705,제주특별자치도,서귀포시,19,112
201705,제주특별자치도,서귀포시,20,101
201705,제주특별자치도,서귀포시,21,66
201705,제주특별자치도,서귀포시,22,44
201705,제주특별자치도,서귀포시,23,42
201705,제주특별자치도,서귀포시,24,29
201705,제주특별자치도,서귀포시,25,25
201705,제주특별자치도,서귀포시,26,17
201705,제주특별자치도,서귀포시,27,11
201705,제주특별자치도,서귀포시,28,10
201705,제주특별자치도,서귀포시,29,13
201705,제주특별자치도,서귀포시,30,13
201705,제주특별자치도,서귀포시,31,13
201705,제주특별자치도,서귀포시,32,14
201705,제주특별자치도,서귀포시,33,21
201705,제주특별자치도,서귀포시,34,18
201705,제주특별자치도,서귀포시,35,23
201705,제주특별자치도,서귀포시,36,27
201705,제주특별자치도,서귀포시,37,29
201705,제주특별자치도,서귀포시,38,24
201705,제주특별자치도,서귀포시,39,35
201705,제주특별자치도,서귀포시,40,36
201705,제주특별자치도,서귀포시,41,39
201705,제주특별자치도,서귀포시,42,52
201705,제주특별자치도,서귀포시,43,62
201705,제주특별자치도,서귀포시,44,75
201705,제주특별자치도,서귀포시,45,67
201705,제주특별자치도,서귀포시,46,93
201705,제주특별자치도,서귀포시,47,84
201705,제주특별자치도,서귀포시,48,93
201705,제주특별자치도,서귀포시,49,94
201705,제주특별자치도,서귀포시,50,81
201705,제주특별자치도,서귀포시,51,83
201705,제주특별자치도,서귀포시,52,95
201705,제주특별자치도,서귀포시,53,67
201705,제주특별자치도,서귀포시,54,117
201705,제주특별자치도,서귀포시,55,91
201705,제주특별자치도,서귀포시,56,89
201705,제주특별자치도,서귀포시,57,100
201705,제주특별자치도,서귀포시,58,84
201705,제주특별자치도,서귀포시,59,88
201705,제주특별자치도,서귀포시,60,82
201705,제주특별자치도,서귀포시,61,86
201705,제주특별자치도,서귀포시,62,75
201705,제주특별자치도,서귀포시,63,56
201705,제주특별자치도,서귀포시,64,52
201705,제주특별자치도,서귀포시,65,69
201705,제주특별자치도,서귀포시,66,68
201705,제주특별자치도,서귀포시,67,69
201705,제주특별자치도,서귀포시,68,76
201705,제주특별자치도,서귀포시,69,97
201705,제주특별자치도,서귀포시,70,80
201705,제주특별자치도,서귀포시,71,65
201705,제주특별자치도,서귀포시,72,84
201705,제주특별자치도,서귀포시,73,75
201705,제주특별자치도,서귀포시,74,85
201705,제주특별자치도,서귀포시,75,95
201705,제주특별자치도,서귀포시,76,71
201705,제주특별자치도,서귀포시,77,81
201705,제주특별자치도,서귀포시,78,75
201705,제주특별자치도,서귀포시,79,77
201705,제주특별자치도,서귀포시,80,63
201705,제주특별자치도,서귀포시,81,70
201705,제주특별자치도,서귀포시,82,67
201705,제주특별자치도,서귀포시,83,67
201705,제주특별자치도,서귀포시,84,75
201705,제주특별자치도,서귀포시,85,46
201705,제주특별자치도,서귀포시,86,46
201705,제주특별자치도,서귀포시,87,38
201705,제주특별자치도,서귀포시,88,38
201705,제주특별자치도,서귀포시,89,33
201705,제주특별자치도,서귀포시,90,22
201705,제주특별자치도,서귀포시,91,4
201705,제주특별자치도,서귀포시,92,11
201705,제주특별자치도,서귀포시,93,6
201705,제주특별자치도,서귀포시,94,20
201705,제주특별자치도,서귀포시,95,9
201705,제주특별자치도,서귀포시,96,5
201705,제주특별자치도,서귀포시,97,3
201705,제주특별자치도,서귀포시,98,2
201705,제주특별자치도,서귀포시,99,1
201705,제주특별자치도,서귀포시,100,2
201705,제주특별자치도,서귀포시,101,2
201705,제주특별자치도,서귀포시,104,1
