통계연월,통계시도명,통계시군구명,연령,수급자수
202305,서울특별시,종로구,0,1
202305,서울특별시,종로구,1,2
202305,서울특별시,종로구,2,3
202305,서울특별시,종로구,3,6
202305,서울특별시,종로구,4,8
202305,서울특별시,종로구,5,6
202305,서울특별시,종로구,6,8
202305,서울특별시,종로구,7,9
202305,서울특별시,종로구,8,18
202305,서울특별시,종로구,9,10
202305,서울특별시,종로구,10,16
202305,서울특별시,종로구,11,31
202305,서울특별시,종로구,12,33
202305,서울특별시,종로구,13,21
202305,서울특별시,종로구,14,37
202305,서울특별시,종로구,15,29
202305,서울특별시,종로구,16,40
202305,서울특별시,종로구,17,39
202305,서울특별시,종로구,18,27
202305,서울특별시,종로구,19,22
202305,서울특별시,종로구,20,37
202305,서울특별시,종로구,21,28
202305,서울특별시,종로구,22,17
202305,서울특별시,종로구,23,17
202305,서울특별시,종로구,24,13
202305,서울특별시,종로구,25,22
202305,서울특별시,종로구,26,15
202305,서울특별시,종로구,27,16
202305,서울특별시,종로구,28,12
202305,서울특별시,종로구,29,11
202305,서울특별시,종로구,30,15
202305,서울특별시,종로구,31,20
202305,서울특별시,종로구,32,16
202305,서울특별시,종로구,33,20
202305,서울특별시,종로구,34,21
202305,서울특별시,종로구,35,22
202305,서울특별시,종로구,36,20
202305,서울특별시,종로구,37,20
202305,서울특별시,종로구,38,22
202305,서울특별시,종로구,39,20
202305,서울특별시,종로구,40,19
202305,서울특별시,종로구,41,29
202305,서울특별시,종로구,42,22
202305,서울특별시,종로구,43,36
202305,서울특별시,종로구,44,37
202305,서울특별시,종로구,45,40
202305,서울특별시,종로구,46,29
202305,서울특별시,종로구,47,38
202305,서울특별시,종로구,48,47
202305,서울특별시,종로구,49,67
202305,서울특별시,종로구,50,69
202305,서울특별시,종로구,51,59
202305,서울특별시,종로구,52,87
202305,서울특별시,종로구,53,72
202305,서울특별시,종로구,54,105
202305,서울특별시,종로구,55,99
202305,서울특별시,종로구,56,102
202305,서울특별시,종로구,57,133
202305,서울특별시,종로구,58,126
202305,서울특별시,종로구,59,113
202305,서울특별시,종로구,60,118
202305,서울특별시,종로구,61,133
202305,서울특별시,종로구,62,172
202305,서울특별시,종로구,63,126
202305,서울특별시,종로구,64,136
202305,서울특별시,종로구,65,149
202305,서울특별시,종로구,66,160
202305,서울특별시,종로구,67,156
202305,서울특별시,종로구,68,168
202305,서울특별시,종로구,69,113
202305,서울특별시,종로구,70,113
202305,서울특별시,종로구,71,126
202305,서울특별시,종로구,72,98
202305,서울특별시,종로구,73,96
202305,서울특별시,종로구,74,104
202305,서울특별시,종로구,75,113
202305,서울특별시,종로구,76,106
202305,서울특별시,종로구,77,84
202305,서울특별시,종로구,78,86
202305,서울특별시,종로구,79,84
202305,서울특별시,종로구,80,100
202305,서울특별시,종로구,81,109
202305,서울특별시,종로구,82,67
202305,서울특별시,종로구,83,83
202305,서울특별시,종로구,84,71
202305,서울특별시,종로구,85,59
202305,서울특별시,종로구,86,47
202305,서울특별시,종로구,87,40
202305,서울특별시,종로구,88,30
202305,서울특별시,종로구,89,31
202305,서울특별시,종로구,90,18
202305,서울특별시,종로구,91,21
202305,서울특별시,종로구,92,15
202305,서울특별시,종로구,93,14
202305,서울특별시,종로구,94,8
202305,서울특별시,종로구,95,6
202305,서울특별시,종로구,96,5
202305,서울특별시,종로구,97,4
202305,서울특별시,종로구,99,3
202305,서울특별시,종로구,100,1
202305,서울특별시,종로구,101,1
202305,서울특별시,종로구,108,1
202305,서울특별시,중구,0,3
202305,서울특별시,중구,1,3
202305,서울특별시,중구,2,8
202305,서울특별시,중구,3,6
202305,서울특별시,중구,4,10
202305,서울특별시,중구,5,8
202305,서울특별시,중구,6,12
202305,서울특별시,중구,7,18
202305,서울특별시,중구,8,22
202305,서울특별시,중구,9,18
202305,서울특별시,중구,10,27
202305,서울특별시,중구,11,30
202305,서울특별시,중구,12,31
202305,서울특별시,중구,13,33
202305,서울특별시,중구,14,37
202305,서울특별시,중구,15,51
202305,서울특별시,중구,16,40
202305,서울특별시,중구,17,46
202305,서울특별시,중구,18,33
202305,서울특별시,중구,19,36
202305,서울특별시,중구,20,26
202305,서울특별시,중구,21,30
202305,서울특별시,중구,22,32
202305,서울특별시,중구,23,18
202305,서울특별시,중구,24,28
202305,서울특별시,중구,25,23
202305,서울특별시,중구,26,15
202305,서울특별시,중구,27,16
202305,서울특별시,중구,28,16
202305,서울특별시,중구,29,10
202305,서울특별시,중구,30,24
202305,서울특별시,중구,31,13
202305,서울특별시,중구,32,20
202305,서울특별시,중구,33,24
202305,서울특별시,중구,34,23
202305,서울특별시,중구,35,22
202305,서울특별시,중구,36,13
202305,서울특별시,중구,37,16
202305,서울특별시,중구,38,23
202305,서울특별시,중구,39,27
202305,서울특별시,중구,40,30
202305,서울특별시,중구,41,28
202305,서울특별시,중구,42,30
202305,서울특별시,중구,43,41
202305,서울특별시,중구,44,33
202305,서울특별시,중구,45,35
202305,서울특별시,중구,46,38
202305,서울특별시,중구,47,49
202305,서울특별시,중구,48,54
202305,서울특별시,중구,49,59
202305,서울특별시,중구,50,84
202305,서울특별시,중구,51,78
202305,서울특별시,중구,52,81
202305,서울특별시,중구,53,106
202305,서울특별시,중구,54,84
202305,서울특별시,중구,55,100
202305,서울특별시,중구,56,99
202305,서울특별시,중구,57,95
202305,서울특별시,중구,58,117
202305,서울특별시,중구,59,112
202305,서울특별시,중구,60,164
202305,서울특별시,중구,61,142
202305,서울특별시,중구,62,159
202305,서울특별시,중구,63,150
202305,서울특별시,중구,64,155
202305,서울특별시,중구,65,141
202305,서울특별시,중구,66,170
202305,서울특별시,중구,67,193
202305,서울특별시,중구,68,177
202305,서울특별시,중구,69,166
202305,서울특별시,중구,70,172
202305,서울특별시,중구,71,158
202305,서울특별시,중구,72,137
202305,서울특별시,중구,73,137
202305,서울특별시,중구,74,128
202305,서울특별시,중구,75,140
202305,서울특별시,중구,76,122
202305,서울특별시,중구,77,102
202305,서울특별시,중구,78,104
202305,서울특별시,중구,79,113
202305,서울특별시,중구,80,123
202305,서울특별시,중구,81,121
202305,서울특별시,중구,82,98
202305,서울특별시,중구,83,84
202305,서울특별시,중구,84,95
202305,서울특별시,중구,85,64
202305,서울특별시,중구,86,76
202305,서울특별시,중구,87,59
202305,서울특별시,중구,88,50
202305,서울특별시,중구,89,34
202305,서울특별시,중구,90,28
202305,서울특별시,중구,91,27
202305,서울특별시,중구,92,15
202305,서울특별시,중구,93,18
202305,서울특별시,중구,94,19
202305,서울특별시,중구,95,11
202305,서울특별시,중구,96,6
202305,서울특별시,중구,97,3
202305,서울특별시,중구,100,2
202305,서울특별시,중구,101,2
202305,서울특별시,중구,105,1
202305,서울특별시,용산구,0,4
202305,서울특별시,용산구,1,14
202305,서울특별시,용산구,2,6
202305,서울특별시,용산구,3,15
202305,서울특별시,용산구,4,13
202305,서울특별시,용산구,5,14
202305,서울특별시,용산구,6,22
202305,서울특별시,용산구,7,30
202305,서울특별시,용산구,8,35
202305,서울특별시,용산구,9,40
202305,서울특별시,용산구,10,43
202305,서울특별시,용산구,11,37
202305,서울특별시,용산구,12,58
202305,서울특별시,용산구,13,38
202305,서울특별시,용산구,14,62
202305,서울특별시,용산구,15,69
202305,서울특별시,용산구,16,70
202305,서울특별시,용산구,17,84
202305,서울특별시,용산구,18,75
202305,서울특별시,용산구,19,65
202305,서울특별시,용산구,20,63
202305,서울특별시,용산구,21,45
202305,서울특별시,용산구,22,62
202305,서울특별시,용산구,23,61
202305,서울특별시,용산구,24,40
202305,서울특별시,용산구,25,35
202305,서울특별시,용산구,26,35
202305,서울특별시,용산구,27,26
202305,서울특별시,용산구,28,28
202305,서울특별시,용산구,29,25
202305,서울특별시,용산구,30,24
202305,서울특별시,용산구,31,41
202305,서울특별시,용산구,32,46
202305,서울특별시,용산구,33,28
202305,서울특별시,용산구,34,38
202305,서울특별시,용산구,35,34
202305,서울특별시,용산구,36,35
202305,서울특별시,용산구,37,52
202305,서울특별시,용산구,38,28
202305,서울특별시,용산구,39,51
202305,서울특별시,용산구,40,56
202305,서울특별시,용산구,41,71
202305,서울특별시,용산구,42,58
202305,서울특별시,용산구,43,90
202305,서울특별시,용산구,44,69
202305,서울특별시,용산구,45,78
202305,서울특별시,용산구,46,72
202305,서울특별시,용산구,47,95
202305,서울특별시,용산구,48,104
202305,서울특별시,용산구,49,105
202305,서울특별시,용산구,50,161
202305,서울특별시,용산구,51,138
202305,서울특별시,용산구,52,148
202305,서울특별시,용산구,53,187
202305,서울특별시,용산구,54,190
202305,서울특별시,용산구,55,165
202305,서울특별시,용산구,56,179
202305,서울특별시,용산구,57,187
202305,서울특별시,용산구,58,155
202305,서울특별시,용산구,59,183
202305,서울특별시,용산구,60,227
202305,서울특별시,용산구,61,219
202305,서울특별시,용산구,62,242
202305,서울특별시,용산구,63,221
202305,서울특별시,용산구,64,217
202305,서울특별시,용산구,65,202
202305,서울특별시,용산구,66,241
202305,서울특별시,용산구,67,206
202305,서울특별시,용산구,68,222
202305,서울특별시,용산구,69,177
202305,서울특별시,용산구,70,212
202305,서울특별시,용산구,71,157
202305,서울특별시,용산구,72,140
202305,서울특별시,용산구,73,175
202305,서울특별시,용산구,74,155
202305,서울특별시,용산구,75,181
202305,서울특별시,용산구,76,139
202305,서울특별시,용산구,77,128
202305,서울특별시,용산구,78,156
202305,서울특별시,용산구,79,120
202305,서울특별시,용산구,80,169
202305,서울특별시,용산구,81,153
202305,서울특별시,용산구,82,120
202305,서울특별시,용산구,83,110
202305,서울특별시,용산구,84,109
202305,서울특별시,용산구,85,101
202305,서울특별시,용산구,86,113
202305,서울특별시,용산구,87,73
202305,서울특별시,용산구,88,60
202305,서울특별시,용산구,89,53
202305,서울특별시,용산구,90,27
202305,서울특별시,용산구,91,27
202305,서울특별시,용산구,92,29
202305,서울특별시,용산구,93,24
202305,서울특별시,용산구,94,18
202305,서울특별시,용산구,95,13
202305,서울특별시,용산구,96,6
202305,서울특별시,용산구,97,4
202305,서울특별시,용산구,98,5
202305,서울특별시,용산구,99,1
202305,서울특별시,용산구,101,3
202305,서울특별시,용산구,104,1
202305,서울특별시,용산구,110,2
202305,서울특별시,성동구,0,4
202305,서울특별시,성동구,1,5
202305,서울특별시,성동구,2,6
202305,서울특별시,성동구,3,5
202305,서울특별시,성동구,4,12
202305,서울특별시,성동구,5,18
202305,서울특별시,성동구,6,29
202305,서울특별시,성동구,7,32
202305,서울특별시,성동구,8,38
202305,서울특별시,성동구,9,44
202305,서울특별시,성동구,10,42
202305,서울특별시,성동구,11,62
202305,서울특별시,성동구,12,58
202305,서울특별시,성동구,13,55
202305,서울특별시,성동구,14,74
202305,서울특별시,성동구,15,93
202305,서울특별시,성동구,16,92
202305,서울특별시,성동구,17,101
202305,서울특별시,성동구,18,88
202305,서울특별시,성동구,19,63
202305,서울특별시,성동구,20,67
202305,서울특별시,성동구,21,82
202305,서울특별시,성동구,22,85
202305,서울특별시,성동구,23,75
202305,서울특별시,성동구,24,61
202305,서울특별시,성동구,25,59
202305,서울특별시,성동구,26,36
202305,서울특별시,성동구,27,42
202305,서울특별시,성동구,28,32
202305,서울특별시,성동구,29,24
202305,서울특별시,성동구,30,39
202305,서울특별시,성동구,31,41
202305,서울특별시,성동구,32,37
202305,서울특별시,성동구,33,46
202305,서울특별시,성동구,34,42
202305,서울특별시,성동구,35,33
202305,서울특별시,성동구,36,26
202305,서울특별시,성동구,37,35
202305,서울특별시,성동구,38,39
202305,서울특별시,성동구,39,39
202305,서울특별시,성동구,40,40
202305,서울특별시,성동구,41,62
202305,서울특별시,성동구,42,60
202305,서울특별시,성동구,43,58
202305,서울특별시,성동구,44,65
202305,서울특별시,성동구,45,68
202305,서울특별시,성동구,46,85
202305,서울특별시,성동구,47,85
202305,서울특별시,성동구,48,96
202305,서울특별시,성동구,49,103
202305,서울특별시,성동구,50,131
202305,서울특별시,성동구,51,136
202305,서울특별시,성동구,52,154
202305,서울특별시,성동구,53,196
202305,서울특별시,성동구,54,173
202305,서울특별시,성동구,55,203
202305,서울특별시,성동구,56,166
202305,서울특별시,성동구,57,177
202305,서울특별시,성동구,58,184
202305,서울특별시,성동구,59,190
202305,서울특별시,성동구,60,238
202305,서울특별시,성동구,61,224
202305,서울특별시,성동구,62,302
202305,서울특별시,성동구,63,268
202305,서울특별시,성동구,64,221
202305,서울특별시,성동구,65,262
202305,서울특별시,성동구,66,265
202305,서울특별시,성동구,67,245
202305,서울특별시,성동구,68,231
202305,서울특별시,성동구,69,216
202305,서울특별시,성동구,70,186
202305,서울특별시,성동구,71,208
202305,서울특별시,성동구,72,180
202305,서울특별시,성동구,73,200
202305,서울특별시,성동구,74,181
202305,서울특별시,성동구,75,190
202305,서울특별시,성동구,76,235
202305,서울특별시,성동구,77,159
202305,서울특별시,성동구,78,184
202305,서울특별시,성동구,79,157
202305,서울특별시,성동구,80,219
202305,서울특별시,성동구,81,207
202305,서울특별시,성동구,82,155
202305,서울특별시,성동구,83,163
202305,서울특별시,성동구,84,133
202305,서울특별시,성동구,85,136
202305,서울특별시,성동구,86,112
202305,서울특별시,성동구,87,91
202305,서울특별시,성동구,88,77
202305,서울특별시,성동구,89,58
202305,서울특별시,성동구,90,54
202305,서울특별시,성동구,91,33
202305,서울특별시,성동구,92,28
202305,서울특별시,성동구,93,24
202305,서울특별시,성동구,94,14
202305,서울특별시,성동구,95,8
202305,서울특별시,성동구,96,10
202305,서울특별시,성동구,97,5
202305,서울특별시,성동구,98,1
202305,서울특별시,성동구,99,3
202305,서울특별시,성동구,100,2
202305,서울특별시,성동구,101,3
202305,서울특별시,광진구,0,8
202305,서울특별시,광진구,1,16
202305,서울특별시,광진구,2,20
202305,서울특별시,광진구,3,34
202305,서울특별시,광진구,4,32
202305,서울특별시,광진구,5,29
202305,서울특별시,광진구,6,47
202305,서울특별시,광진구,7,66
202305,서울특별시,광진구,8,65
202305,서울특별시,광진구,9,90
202305,서울특별시,광진구,10,118
202305,서울특별시,광진구,11,109
202305,서울특별시,광진구,12,104
202305,서울특별시,광진구,13,125
202305,서울특별시,광진구,14,125
202305,서울특별시,광진구,15,167
202305,서울특별시,광진구,16,166
202305,서울특별시,광진구,17,134
202305,서울특별시,광진구,18,154
202305,서울특별시,광진구,19,125
202305,서울특별시,광진구,20,106
202305,서울특별시,광진구,21,104
202305,서울특별시,광진구,22,114
202305,서울특별시,광진구,23,126
202305,서울특별시,광진구,24,99
202305,서울특별시,광진구,25,100
202305,서울특별시,광진구,26,76
202305,서울특별시,광진구,27,79
202305,서울특별시,광진구,28,49
202305,서울특별시,광진구,29,60
202305,서울특별시,광진구,30,77
202305,서울특별시,광진구,31,86
202305,서울특별시,광진구,32,73
202305,서울특별시,광진구,33,66
202305,서울특별시,광진구,34,72
202305,서울특별시,광진구,35,63
202305,서울특별시,광진구,36,68
202305,서울특별시,광진구,37,70
202305,서울특별시,광진구,38,75
202305,서울특별시,광진구,39,87
202305,서울특별시,광진구,40,85
202305,서울특별시,광진구,41,116
202305,서울특별시,광진구,42,117
202305,서울특별시,광진구,43,124
202305,서울특별시,광진구,44,119
202305,서울특별시,광진구,45,112
202305,서울특별시,광진구,46,143
202305,서울특별시,광진구,47,162
202305,서울특별시,광진구,48,163
202305,서울특별시,광진구,49,209
202305,서울특별시,광진구,50,185
202305,서울특별시,광진구,51,218
202305,서울특별시,광진구,52,236
202305,서울특별시,광진구,53,249
202305,서울특별시,광진구,54,299
202305,서울특별시,광진구,55,286
202305,서울특별시,광진구,56,266
202305,서울특별시,광진구,57,273
202305,서울특별시,광진구,58,277
202305,서울특별시,광진구,59,270
202305,서울특별시,광진구,60,319
202305,서울특별시,광진구,61,303
202305,서울특별시,광진구,62,370
202305,서울특별시,광진구,63,319
202305,서울특별시,광진구,64,312
202305,서울특별시,광진구,65,328
202305,서울특별시,광진구,66,312
202305,서울특별시,광진구,67,299
202305,서울특별시,광진구,68,319
202305,서울특별시,광진구,69,251
202305,서울특별시,광진구,70,247
202305,서울특별시,광진구,71,202
202305,서울특별시,광진구,72,190
202305,서울특별시,광진구,73,204
202305,서울특별시,광진구,74,201
202305,서울특별시,광진구,75,200
202305,서울특별시,광진구,76,185
202305,서울특별시,광진구,77,131
202305,서울특별시,광진구,78,174
202305,서울특별시,광진구,79,166
202305,서울특별시,광진구,80,183
202305,서울특별시,광진구,81,170
202305,서울특별시,광진구,82,132
202305,서울특별시,광진구,83,137
202305,서울특별시,광진구,84,130
202305,서울특별시,광진구,85,106
202305,서울특별시,광진구,86,93
202305,서울특별시,광진구,87,82
202305,서울특별시,광진구,88,87
202305,서울특별시,광진구,89,66
202305,서울특별시,광진구,90,50
202305,서울특별시,광진구,91,44
202305,서울특별시,광진구,92,27
202305,서울특별시,광진구,93,26
202305,서울특별시,광진구,94,20
202305,서울특별시,광진구,95,13
202305,서울특별시,광진구,96,10
202305,서울특별시,광진구,97,4
202305,서울특별시,광진구,98,5
202305,서울특별시,광진구,99,3
202305,서울특별시,광진구,105,1
202305,서울특별시,광진구,112,1
202305,서울특별시,동대문구,0,11
202305,서울특별시,동대문구,1,14
202305,서울특별시,동대문구,2,19
202305,서울특별시,동대문구,3,21
202305,서울특별시,동대문구,4,42
202305,서울특별시,동대문구,5,30
202305,서울특별시,동대문구,6,49
202305,서울특별시,동대문구,7,69
202305,서울특별시,동대문구,8,73
202305,서울특별시,동대문구,9,73
202305,서울특별시,동대문구,10,84
202305,서울특별시,동대문구,11,97
202305,서울특별시,동대문구,12,128
202305,서울특별시,동대문구,13,121
202305,서울특별시,동대문구,14,122
202305,서울특별시,동대문구,15,167
202305,서울특별시,동대문구,16,161
202305,서울특별시,동대문구,17,148
202305,서울특별시,동대문구,18,125
202305,서울특별시,동대문구,19,98
202305,서울특별시,동대문구,20,106
202305,서울특별시,동대문구,21,91
202305,서울특별시,동대문구,22,109
202305,서울특별시,동대문구,23,93
202305,서울특별시,동대문구,24,77
202305,서울특별시,동대문구,25,66
202305,서울특별시,동대문구,26,75
202305,서울특별시,동대문구,27,47
202305,서울특별시,동대문구,28,47
202305,서울특별시,동대문구,29,39
202305,서울특별시,동대문구,30,48
202305,서울특별시,동대문구,31,55
202305,서울특별시,동대문구,32,48
202305,서울특별시,동대문구,33,57
202305,서울특별시,동대문구,34,58
202305,서울특별시,동대문구,35,62
202305,서울특별시,동대문구,36,55
202305,서울특별시,동대문구,37,69
202305,서울특별시,동대문구,38,70
202305,서울특별시,동대문구,39,69
202305,서울특별시,동대문구,40,101
202305,서울특별시,동대문구,41,75
202305,서울특별시,동대문구,42,116
202305,서울특별시,동대문구,43,115
202305,서울특별시,동대문구,44,98
202305,서울특별시,동대문구,45,114
202305,서울특별시,동대문구,46,118
202305,서울특별시,동대문구,47,141
202305,서울특별시,동대문구,48,173
202305,서울특별시,동대문구,49,209
202305,서울특별시,동대문구,50,210
202305,서울특별시,동대문구,51,236
202305,서울특별시,동대문구,52,240
202305,서울특별시,동대문구,53,264
202305,서울특별시,동대문구,54,292
202305,서울특별시,동대문구,55,259
202305,서울특별시,동대문구,56,272
202305,서울특별시,동대문구,57,280
202305,서울특별시,동대문구,58,306
202305,서울특별시,동대문구,59,296
202305,서울특별시,동대문구,60,356
202305,서울특별시,동대문구,61,358
202305,서울특별시,동대문구,62,399
202305,서울특별시,동대문구,63,427
202305,서울특별시,동대문구,64,385
202305,서울특별시,동대문구,65,427
202305,서울특별시,동대문구,66,431
202305,서울특별시,동대문구,67,429
202305,서울특별시,동대문구,68,436
202305,서울특별시,동대문구,69,387
202305,서울특별시,동대문구,70,361
202305,서울특별시,동대문구,71,316
202305,서울특별시,동대문구,72,328
202305,서울특별시,동대문구,73,314
202305,서울특별시,동대문구,74,326
202305,서울특별시,동대문구,75,312
202305,서울특별시,동대문구,76,317
202305,서울특별시,동대문구,77,246
202305,서울특별시,동대문구,78,255
202305,서울특별시,동대문구,79,286
202305,서울특별시,동대문구,80,329
202305,서울특별시,동대문구,81,310
202305,서울특별시,동대문구,82,242
202305,서울특별시,동대문구,83,199
202305,서울특별시,동대문구,84,204
202305,서울특별시,동대문구,85,174
202305,서울특별시,동대문구,86,153
202305,서울특별시,동대문구,87,132
202305,서울특별시,동대문구,88,112
202305,서울특별시,동대문구,89,82
202305,서울특별시,동대문구,90,66
202305,서울특별시,동대문구,91,52
202305,서울특별시,동대문구,92,47
202305,서울특별시,동대문구,93,36
202305,서울특별시,동대문구,94,24
202305,서울특별시,동대문구,95,16
202305,서울특별시,동대문구,96,16
202305,서울특별시,동대문구,97,5
202305,서울특별시,동대문구,98,10
202305,서울특별시,동대문구,99,9
202305,서울특별시,동대문구,100,4
202305,서울특별시,동대문구,101,2
202305,서울특별시,동대문구,102,1
202305,서울특별시,동대문구,103,2
202305,서울특별시,중랑구,0,22
202305,서울특별시,중랑구,1,35
202305,서울특별시,중랑구,2,43
202305,서울특별시,중랑구,3,67
202305,서울특별시,중랑구,4,75
202305,서울특별시,중랑구,5,83
202305,서울특별시,중랑구,6,114
202305,서울특별시,중랑구,7,127
202305,서울특별시,중랑구,8,169
202305,서울특별시,중랑구,9,210
202305,서울특별시,중랑구,10,204
202305,서울특별시,중랑구,11,219
202305,서울특별시,중랑구,12,258
202305,서울특별시,중랑구,13,214
202305,서울특별시,중랑구,14,272
202305,서울특별시,중랑구,15,296
202305,서울특별시,중랑구,16,322
202305,서울특별시,중랑구,17,290
202305,서울특별시,중랑구,18,276
202305,서울특별시,중랑구,19,277
202305,서울특별시,중랑구,20,205
202305,서울특별시,중랑구,21,184
202305,서울특별시,중랑구,22,226
202305,서울특별시,중랑구,23,177
202305,서울특별시,중랑구,24,171
202305,서울특별시,중랑구,25,149
202305,서울특별시,중랑구,26,123
202305,서울특별시,중랑구,27,125
202305,서울특별시,중랑구,28,97
202305,서울특별시,중랑구,29,110
202305,서울특별시,중랑구,30,110
202305,서울특별시,중랑구,31,106
202305,서울특별시,중랑구,32,98
202305,서울특별시,중랑구,33,101
202305,서울특별시,중랑구,34,99
202305,서울특별시,중랑구,35,105
202305,서울특별시,중랑구,36,110
202305,서울특별시,중랑구,37,129
202305,서울특별시,중랑구,38,131
202305,서울특별시,중랑구,39,155
202305,서울특별시,중랑구,40,182
202305,서울특별시,중랑구,41,200
202305,서울특별시,중랑구,42,216
202305,서울특별시,중랑구,43,253
202305,서울특별시,중랑구,44,258
202305,서울특별시,중랑구,45,236
202305,서울특별시,중랑구,46,255
202305,서울특별시,중랑구,47,292
202305,서울특별시,중랑구,48,324
202305,서울특별시,중랑구,49,390
202305,서울특별시,중랑구,50,392
202305,서울특별시,중랑구,51,469
202305,서울특별시,중랑구,52,496
202305,서울특별시,중랑구,53,513
202305,서울특별시,중랑구,54,540
202305,서울특별시,중랑구,55,487
202305,서울특별시,중랑구,56,521
202305,서울특별시,중랑구,57,511
202305,서울특별시,중랑구,58,593
202305,서울특별시,중랑구,59,521
202305,서울특별시,중랑구,60,606
202305,서울특별시,중랑구,61,636
202305,서울특별시,중랑구,62,669
202305,서울특별시,중랑구,63,694
202305,서울특별시,중랑구,64,659
202305,서울특별시,중랑구,65,674
202305,서울특별시,중랑구,66,634
202305,서울특별시,중랑구,67,628
202305,서울특별시,중랑구,68,716
202305,서울특별시,중랑구,69,521
202305,서울특별시,중랑구,70,515
202305,서울특별시,중랑구,71,544
202305,서울특별시,중랑구,72,424
202305,서울특별시,중랑구,73,489
202305,서울특별시,중랑구,74,445
202305,서울특별시,중랑구,75,443
202305,서울특별시,중랑구,76,418
202305,서울특별시,중랑구,77,333
202305,서울특별시,중랑구,78,401
202305,서울특별시,중랑구,79,360
202305,서울특별시,중랑구,80,411
202305,서울특별시,중랑구,81,413
202305,서울특별시,중랑구,82,340
202305,서울특별시,중랑구,83,350
202305,서울특별시,중랑구,84,286
202305,서울특별시,중랑구,85,257
202305,서울특별시,중랑구,86,207
202305,서울특별시,중랑구,87,212
202305,서울특별시,중랑구,88,185
202305,서울특별시,중랑구,89,165
202305,서울특별시,중랑구,90,119
202305,서울특별시,중랑구,91,84
202305,서울특별시,중랑구,92,75
202305,서울특별시,중랑구,93,50
202305,서울특별시,중랑구,94,43
202305,서울특별시,중랑구,95,38
202305,서울특별시,중랑구,96,25
202305,서울특별시,중랑구,97,14
202305,서울특별시,중랑구,98,14
202305,서울특별시,중랑구,99,6
202305,서울특별시,중랑구,100,5
202305,서울특별시,중랑구,101,4
202305,서울특별시,중랑구,102,1
202305,서울특별시,중랑구,103,1
202305,서울특별시,중랑구,109,1
202305,서울특별시,성북구,0,18
202305,서울특별시,성북구,1,28
202305,서울특별시,성북구,2,29
202305,서울특별시,성북구,3,31
202305,서울특별시,성북구,4,43
202305,서울특별시,성북구,5,44
202305,서울특별시,성북구,6,65
202305,서울특별시,성북구,7,93
202305,서울특별시,성북구,8,101
202305,서울특별시,성북구,9,105
202305,서울특별시,성북구,10,123
202305,서울특별시,성북구,11,133
202305,서울특별시,성북구,12,173
202305,서울특별시,성북구,13,144
202305,서울특별시,성북구,14,173
202305,서울특별시,성북구,15,205
202305,서울특별시,성북구,16,219
202305,서울특별시,성북구,17,223
202305,서울특별시,성북구,18,205
202305,서울특별시,성북구,19,164
202305,서울특별시,성북구,20,137
202305,서울특별시,성북구,21,124
202305,서울특별시,성북구,22,143
202305,서울특별시,성북구,23,115
202305,서울특별시,성북구,24,109
202305,서울특별시,성북구,25,98
202305,서울특별시,성북구,26,71
202305,서울특별시,성북구,27,73
202305,서울특별시,성북구,28,57
202305,서울특별시,성북구,29,44
202305,서울특별시,성북구,30,65
202305,서울특별시,성북구,31,64
202305,서울특별시,성북구,32,46
202305,서울특별시,성북구,33,61
202305,서울특별시,성북구,34,65
202305,서울특별시,성북구,35,57
202305,서울특별시,성북구,36,71
202305,서울특별시,성북구,37,75
202305,서울특별시,성북구,38,72
202305,서울특별시,성북구,39,97
202305,서울특별시,성북구,40,108
202305,서울특별시,성북구,41,117
202305,서울특별시,성북구,42,133
202305,서울특별시,성북구,43,121
202305,서울특별시,성북구,44,122
202305,서울특별시,성북구,45,158
202305,서울특별시,성북구,46,164
202305,서울특별시,성북구,47,158
202305,서울특별시,성북구,48,199
202305,서울특별시,성북구,49,241
202305,서울특별시,성북구,50,247
202305,서울특별시,성북구,51,246
202305,서울특별시,성북구,52,285
202305,서울특별시,성북구,53,290
202305,서울특별시,성북구,54,327
202305,서울특별시,성북구,55,249
202305,서울특별시,성북구,56,267
202305,서울특별시,성북구,57,280
202305,서울특별시,성북구,58,309
202305,서울특별시,성북구,59,294
202305,서울특별시,성북구,60,315
202305,서울특별시,성북구,61,328
202305,서울특별시,성북구,62,380
202305,서울특별시,성북구,63,354
202305,서울특별시,성북구,64,317
202305,서울특별시,성북구,65,402
202305,서울특별시,성북구,66,376
202305,서울특별시,성북구,67,377
202305,서울특별시,성북구,68,402
202305,서울특별시,성북구,69,314
202305,서울특별시,성북구,70,334
202305,서울특별시,성북구,71,327
202305,서울특별시,성북구,72,262
202305,서울특별시,성북구,73,276
202305,서울특별시,성북구,74,297
202305,서울특별시,성북구,75,303
202305,서울특별시,성북구,76,330
202305,서울특별시,성북구,77,215
202305,서울특별시,성북구,78,261
202305,서울특별시,성북구,79,267
202305,서울특별시,성북구,80,319
202305,서울특별시,성북구,81,319
202305,서울특별시,성북구,82,258
202305,서울특별시,성북구,83,235
202305,서울특별시,성북구,84,202
202305,서울특별시,성북구,85,201
202305,서울특별시,성북구,86,169
202305,서울특별시,성북구,87,169
202305,서울특별시,성북구,88,131
202305,서울특별시,성북구,89,74
202305,서울특별시,성북구,90,75
202305,서울특별시,성북구,91,70
202305,서울특별시,성북구,92,46
202305,서울특별시,성북구,93,49
202305,서울특별시,성북구,94,26
202305,서울특별시,성북구,95,26
202305,서울특별시,성북구,96,27
202305,서울특별시,성북구,97,10
202305,서울특별시,성북구,98,9
202305,서울특별시,성북구,99,3
202305,서울특별시,성북구,100,2
202305,서울특별시,성북구,101,1
202305,서울특별시,성북구,104,1
202305,서울특별시,성북구,107,1
202305,서울특별시,강북구,0,16
202305,서울특별시,강북구,1,26
202305,서울특별시,강북구,2,39
202305,서울특별시,강북구,3,35
202305,서울특별시,강북구,4,48
202305,서울특별시,강북구,5,51
202305,서울특별시,강북구,6,74
202305,서울특별시,강북구,7,95
202305,서울특별시,강북구,8,110
202305,서울특별시,강북구,9,136
202305,서울특별시,강북구,10,165
202305,서울특별시,강북구,11,172
202305,서울특별시,강북구,12,205
202305,서울특별시,강북구,13,172
202305,서울특별시,강북구,14,207
202305,서울특별시,강북구,15,238
202305,서울특별시,강북구,16,214
202305,서울특별시,강북구,17,249
202305,서울특별시,강북구,18,229
202305,서울특별시,강북구,19,178
202305,서울특별시,강북구,20,167
202305,서울특별시,강북구,21,158
202305,서울특별시,강북구,22,174
202305,서울특별시,강북구,23,158
202305,서울특별시,강북구,24,140
202305,서울특별시,강북구,25,124
202305,서울특별시,강북구,26,109
202305,서울특별시,강북구,27,79
202305,서울특별시,강북구,28,75
202305,서울특별시,강북구,29,76
202305,서울특별시,강북구,30,103
202305,서울특별시,강북구,31,97
202305,서울특별시,강북구,32,78
202305,서울특별시,강북구,33,77
202305,서울특별시,강북구,34,97
202305,서울특별시,강북구,35,81
202305,서울특별시,강북구,36,86
202305,서울특별시,강북구,37,85
202305,서울특별시,강북구,38,110
202305,서울특별시,강북구,39,127
202305,서울특별시,강북구,40,149
202305,서울특별시,강북구,41,159
202305,서울특별시,강북구,42,145
202305,서울특별시,강북구,43,179
202305,서울특별시,강북구,44,180
202305,서울특별시,강북구,45,186
202305,서울특별시,강북구,46,217
202305,서울특별시,강북구,47,237
202305,서울특별시,강북구,48,253
202305,서울특별시,강북구,49,274
202305,서울특별시,강북구,50,349
202305,서울특별시,강북구,51,364
202305,서울특별시,강북구,52,373
202305,서울특별시,강북구,53,371
202305,서울특별시,강북구,54,419
202305,서울특별시,강북구,55,411
202305,서울특별시,강북구,56,391
202305,서울특별시,강북구,57,390
202305,서울특별시,강북구,58,470
202305,서울특별시,강북구,59,401
202305,서울특별시,강북구,60,466
202305,서울특별시,강북구,61,424
202305,서울특별시,강북구,62,539
202305,서울특별시,강북구,63,523
202305,서울특별시,강북구,64,453
202305,서울특별시,강북구,65,487
202305,서울특별시,강북구,66,461
202305,서울특별시,강북구,67,491
202305,서울특별시,강북구,68,570
202305,서울특별시,강북구,69,452
202305,서울특별시,강북구,70,437
202305,서울특별시,강북구,71,461
202305,서울특별시,강북구,72,382
202305,서울특별시,강북구,73,464
202305,서울특별시,강북구,74,416
202305,서울특별시,강북구,75,459
202305,서울특별시,강북구,76,456
202305,서울특별시,강북구,77,354
202305,서울특별시,강북구,78,386
202305,서울특별시,강북구,79,406
202305,서울특별시,강북구,80,493
202305,서울특별시,강북구,81,450
202305,서울특별시,강북구,82,335
202305,서울특별시,강북구,83,307
202305,서울특별시,강북구,84,297
202305,서울특별시,강북구,85,226
202305,서울특별시,강북구,86,223
202305,서울특별시,강북구,87,204
202305,서울특별시,강북구,88,149
202305,서울특별시,강북구,89,105
202305,서울특별시,강북구,90,85
202305,서울특별시,강북구,91,87
202305,서울특별시,강북구,92,52
202305,서울특별시,강북구,93,38
202305,서울특별시,강북구,94,40
202305,서울특별시,강북구,95,23
202305,서울특별시,강북구,96,15
202305,서울특별시,강북구,97,8
202305,서울특별시,강북구,98,11
202305,서울특별시,강북구,99,6
202305,서울특별시,강북구,100,5
202305,서울특별시,강북구,101,2
202305,서울특별시,강북구,103,2
202305,서울특별시,도봉구,0,11
202305,서울특별시,도봉구,1,28
202305,서울특별시,도봉구,2,24
202305,서울특별시,도봉구,3,35
202305,서울특별시,도봉구,4,49
202305,서울특별시,도봉구,5,43
202305,서울특별시,도봉구,6,63
202305,서울특별시,도봉구,7,83
202305,서울특별시,도봉구,8,101
202305,서울특별시,도봉구,9,120
202305,서울특별시,도봉구,10,127
202305,서울특별시,도봉구,11,166
202305,서울특별시,도봉구,12,187
202305,서울특별시,도봉구,13,150
202305,서울특별시,도봉구,14,184
202305,서울특별시,도봉구,15,190
202305,서울특별시,도봉구,16,220
202305,서울특별시,도봉구,17,199
202305,서울특별시,도봉구,18,185
202305,서울특별시,도봉구,19,167
202305,서울특별시,도봉구,20,153
202305,서울특별시,도봉구,21,126
202305,서울특별시,도봉구,22,138
202305,서울특별시,도봉구,23,114
202305,서울특별시,도봉구,24,113
202305,서울특별시,도봉구,25,105
202305,서울특별시,도봉구,26,85
202305,서울특별시,도봉구,27,62
202305,서울특별시,도봉구,28,70
202305,서울특별시,도봉구,29,57
202305,서울특별시,도봉구,30,67
202305,서울특별시,도봉구,31,65
202305,서울특별시,도봉구,32,61
202305,서울특별시,도봉구,33,83
202305,서울특별시,도봉구,34,61
202305,서울특별시,도봉구,35,54
202305,서울특별시,도봉구,36,58
202305,서울특별시,도봉구,37,85
202305,서울특별시,도봉구,38,86
202305,서울특별시,도봉구,39,91
202305,서울특별시,도봉구,40,116
202305,서울특별시,도봉구,41,125
202305,서울특별시,도봉구,42,152
202305,서울특별시,도봉구,43,141
202305,서울특별시,도봉구,44,149
202305,서울특별시,도봉구,45,170
202305,서울특별시,도봉구,46,162
202305,서울특별시,도봉구,47,191
202305,서울특별시,도봉구,48,213
202305,서울특별시,도봉구,49,228
202305,서울특별시,도봉구,50,261
202305,서울특별시,도봉구,51,255
202305,서울특별시,도봉구,52,298
202305,서울특별시,도봉구,53,283
202305,서울특별시,도봉구,54,305
202305,서울특별시,도봉구,55,296
202305,서울특별시,도봉구,56,255
202305,서울특별시,도봉구,57,276
202305,서울특별시,도봉구,58,255
202305,서울특별시,도봉구,59,258
202305,서울특별시,도봉구,60,286
202305,서울특별시,도봉구,61,282
202305,서울특별시,도봉구,62,314
202305,서울특별시,도봉구,63,313
202305,서울특별시,도봉구,64,320
202305,서울특별시,도봉구,65,338
202305,서울특별시,도봉구,66,355
202305,서울특별시,도봉구,67,358
202305,서울특별시,도봉구,68,337
202305,서울특별시,도봉구,69,279
202305,서울특별시,도봉구,70,296
202305,서울특별시,도봉구,71,244
202305,서울특별시,도봉구,72,222
202305,서울특별시,도봉구,73,258
202305,서울특별시,도봉구,74,240
202305,서울특별시,도봉구,75,261
202305,서울특별시,도봉구,76,270
202305,서울특별시,도봉구,77,200
202305,서울특별시,도봉구,78,231
202305,서울특별시,도봉구,79,242
202305,서울특별시,도봉구,80,277
202305,서울특별시,도봉구,81,281
202305,서울특별시,도봉구,82,244
202305,서울특별시,도봉구,83,212
202305,서울특별시,도봉구,84,220
202305,서울특별시,도봉구,85,169
202305,서울특별시,도봉구,86,170
202305,서울특별시,도봉구,87,153
202305,서울특별시,도봉구,88,88
202305,서울특별시,도봉구,89,96
202305,서울특별시,도봉구,90,69
202305,서울특별시,도봉구,91,67
202305,서울특별시,도봉구,92,33
202305,서울특별시,도봉구,93,41
202305,서울특별시,도봉구,94,35
202305,서울특별시,도봉구,95,24
202305,서울특별시,도봉구,96,18
202305,서울특별시,도봉구,97,13
202305,서울특별시,도봉구,98,8
202305,서울특별시,도봉구,99,7
202305,서울특별시,도봉구,100,3
202305,서울특별시,도봉구,101,3
202305,서울특별시,도봉구,102,2
202305,서울특별시,도봉구,103,2
202305,서울특별시,도봉구,104,1
202305,서울특별시,도봉구,106,1
202305,서울특별시,도봉구,110,1
202305,서울특별시,노원구,0,12
202305,서울특별시,노원구,1,30
202305,서울특별시,노원구,2,35
202305,서울특별시,노원구,3,34
202305,서울특별시,노원구,4,53
202305,서울특별시,노원구,5,80
202305,서울특별시,노원구,6,82
202305,서울특별시,노원구,7,140
202305,서울특별시,노원구,8,141
202305,서울특별시,노원구,9,149
202305,서울특별시,노원구,10,207
202305,서울특별시,노원구,11,192
202305,서울특별시,노원구,12,240
202305,서울특별시,노원구,13,208
202305,서울특별시,노원구,14,269
202305,서울특별시,노원구,15,306
202305,서울특별시,노원구,16,314
202305,서울특별시,노원구,17,288
202305,서울특별시,노원구,18,284
202305,서울특별시,노원구,19,290
202305,서울특별시,노원구,20,247
202305,서울특별시,노원구,21,231
202305,서울특별시,노원구,22,270
202305,서울특별시,노원구,23,239
202305,서울특별시,노원구,24,215
202305,서울특별시,노원구,25,186
202305,서울특별시,노원구,26,166
202305,서울특별시,노원구,27,131
202305,서울특별시,노원구,28,99
202305,서울특별시,노원구,29,112
202305,서울특별시,노원구,30,116
202305,서울특별시,노원구,31,127
202305,서울특별시,노원구,32,108
202305,서울특별시,노원구,33,120
202305,서울특별시,노원구,34,123
202305,서울특별시,노원구,35,109
202305,서울특별시,노원구,36,126
202305,서울특별시,노원구,37,123
202305,서울특별시,노원구,38,143
202305,서울특별시,노원구,39,170
202305,서울특별시,노원구,40,170
202305,서울특별시,노원구,41,222
202305,서울특별시,노원구,42,221
202305,서울특별시,노원구,43,268
202305,서울특별시,노원구,44,244
202305,서울특별시,노원구,45,262
202305,서울특별시,노원구,46,295
202305,서울특별시,노원구,47,288
202305,서울특별시,노원구,48,371
202305,서울특별시,노원구,49,396
202305,서울특별시,노원구,50,420
202305,서울특별시,노원구,51,432
202305,서울특별시,노원구,52,505
202305,서울특별시,노원구,53,509
202305,서울특별시,노원구,54,568
202305,서울특별시,노원구,55,508
202305,서울특별시,노원구,56,496
202305,서울특별시,노원구,57,538
202305,서울특별시,노원구,58,553
202305,서울특별시,노원구,59,531
202305,서울특별시,노원구,60,617
202305,서울특별시,노원구,61,596
202305,서울특별시,노원구,62,725
202305,서울특별시,노원구,63,685
202305,서울특별시,노원구,64,697
202305,서울특별시,노원구,65,694
202305,서울특별시,노원구,66,685
202305,서울특별시,노원구,67,699
202305,서울특별시,노원구,68,701
202305,서울특별시,노원구,69,647
202305,서울특별시,노원구,70,670
202305,서울특별시,노원구,71,616
202305,서울특별시,노원구,72,495
202305,서울특별시,노원구,73,670
202305,서울특별시,노원구,74,652
202305,서울특별시,노원구,75,648
202305,서울특별시,노원구,76,666
202305,서울특별시,노원구,77,480
202305,서울특별시,노원구,78,540
202305,서울특별시,노원구,79,554
202305,서울특별시,노원구,80,614
202305,서울특별시,노원구,81,701
202305,서울특별시,노원구,82,523
202305,서울특별시,노원구,83,468
202305,서울특별시,노원구,84,432
202305,서울특별시,노원구,85,396
202305,서울특별시,노원구,86,322
202305,서울특별시,노원구,87,265
202305,서울특별시,노원구,88,236
202305,서울특별시,노원구,89,198
202305,서울특별시,노원구,90,166
202305,서울특별시,노원구,91,134
202305,서울특별시,노원구,92,85
202305,서울특별시,노원구,93,78
202305,서울특별시,노원구,94,47
202305,서울특별시,노원구,95,40
202305,서울특별시,노원구,96,33
202305,서울특별시,노원구,97,20
202305,서울특별시,노원구,98,17
202305,서울특별시,노원구,99,5
202305,서울특별시,노원구,100,7
202305,서울특별시,노원구,101,3
202305,서울특별시,노원구,102,5
202305,서울특별시,노원구,104,2
202305,서울특별시,노원구,105,2
202305,서울특별시,노원구,107,1
202305,서울특별시,노원구,108,1
202305,서울특별시,은평구,0,24
202305,서울특별시,은평구,1,38
202305,서울특별시,은평구,2,57
202305,서울특별시,은평구,3,46
202305,서울특별시,은평구,4,45
202305,서울특별시,은평구,5,74
202305,서울특별시,은평구,6,84
202305,서울특별시,은평구,7,123
202305,서울특별시,은평구,8,152
202305,서울특별시,은평구,9,147
202305,서울특별시,은평구,10,152
202305,서울특별시,은평구,11,187
202305,서울특별시,은평구,12,210
202305,서울특별시,은평구,13,216
202305,서울특별시,은평구,14,261
202305,서울특별시,은평구,15,272
202305,서울특별시,은평구,16,273
202305,서울특별시,은평구,17,296
202305,서울특별시,은평구,18,254
202305,서울특별시,은평구,19,264
202305,서울특별시,은평구,20,237
202305,서울특별시,은평구,21,239
202305,서울특별시,은평구,22,232
202305,서울특별시,은평구,23,209
202305,서울특별시,은평구,24,182
202305,서울특별시,은평구,25,167
202305,서울특별시,은평구,26,123
202305,서울특별시,은평구,27,122
202305,서울특별시,은평구,28,98
202305,서울특별시,은평구,29,76
202305,서울특별시,은평구,30,102
202305,서울특별시,은평구,31,126
202305,서울특별시,은평구,32,96
202305,서울특별시,은평구,33,104
202305,서울특별시,은평구,34,81
202305,서울특별시,은평구,35,110
202305,서울특별시,은평구,36,98
202305,서울특별시,은평구,37,123
202305,서울특별시,은평구,38,116
202305,서울특별시,은평구,39,121
202305,서울특별시,은평구,40,141
202305,서울특별시,은평구,41,181
202305,서울특별시,은평구,42,187
202305,서울특별시,은평구,43,234
202305,서울특별시,은평구,44,194
202305,서울특별시,은평구,45,186
202305,서울특별시,은평구,46,237
202305,서울특별시,은평구,47,249
202305,서울특별시,은평구,48,277
202305,서울특별시,은평구,49,339
202305,서울특별시,은평구,50,375
202305,서울특별시,은평구,51,349
202305,서울특별시,은평구,52,381
202305,서울특별시,은평구,53,421
202305,서울특별시,은평구,54,419
202305,서울특별시,은평구,55,387
202305,서울특별시,은평구,56,369
202305,서울특별시,은평구,57,413
202305,서울특별시,은평구,58,391
202305,서울특별시,은평구,59,429
202305,서울특별시,은평구,60,462
202305,서울특별시,은평구,61,456
202305,서울특별시,은평구,62,515
202305,서울특별시,은평구,63,440
202305,서울특별시,은평구,64,469
202305,서울특별시,은평구,65,567
202305,서울특별시,은평구,66,492
202305,서울특별시,은평구,67,491
202305,서울특별시,은평구,68,571
202305,서울특별시,은평구,69,465
202305,서울특별시,은평구,70,498
202305,서울특별시,은평구,71,426
202305,서울특별시,은평구,72,391
202305,서울특별시,은평구,73,474
202305,서울특별시,은평구,74,429
202305,서울특별시,은평구,75,436
202305,서울특별시,은평구,76,469
202305,서울특별시,은평구,77,369
202305,서울특별시,은평구,78,393
202305,서울특별시,은평구,79,384
202305,서울특별시,은평구,80,451
202305,서울특별시,은평구,81,437
202305,서울특별시,은평구,82,357
202305,서울특별시,은평구,83,315
202305,서울특별시,은평구,84,340
202305,서울특별시,은평구,85,260
202305,서울특별시,은평구,86,257
202305,서울특별시,은평구,87,220
202305,서울특별시,은평구,88,186
202305,서울특별시,은평구,89,133
202305,서울특별시,은평구,90,97
202305,서울특별시,은평구,91,99
202305,서울특별시,은평구,92,57
202305,서울특별시,은평구,93,51
202305,서울특별시,은평구,94,46
202305,서울특별시,은평구,95,25
202305,서울특별시,은평구,96,17
202305,서울특별시,은평구,97,15
202305,서울특별시,은평구,98,12
202305,서울특별시,은평구,99,9
202305,서울특별시,은평구,100,5
202305,서울특별시,은평구,101,2
202305,서울특별시,은평구,102,4
202305,서울특별시,서대문구,0,32
202305,서울특별시,서대문구,1,33
202305,서울특별시,서대문구,2,20
202305,서울특별시,서대문구,3,21
202305,서울특별시,서대문구,4,23
202305,서울특별시,서대문구,5,37
202305,서울특별시,서대문구,6,28
202305,서울특별시,서대문구,7,54
202305,서울특별시,서대문구,8,60
202305,서울특별시,서대문구,9,52
202305,서울특별시,서대문구,10,66
202305,서울특별시,서대문구,11,76
202305,서울특별시,서대문구,12,85
202305,서울특별시,서대문구,13,86
202305,서울특별시,서대문구,14,93
202305,서울특별시,서대문구,15,123
202305,서울특별시,서대문구,16,126
202305,서울특별시,서대문구,17,119
202305,서울특별시,서대문구,18,96
202305,서울특별시,서대문구,19,112
202305,서울특별시,서대문구,20,102
202305,서울특별시,서대문구,21,104
202305,서울특별시,서대문구,22,113
202305,서울특별시,서대문구,23,82
202305,서울특별시,서대문구,24,86
202305,서울특별시,서대문구,25,65
202305,서울특별시,서대문구,26,48
202305,서울특별시,서대문구,27,57
202305,서울특별시,서대문구,28,34
202305,서울특별시,서대문구,29,40
202305,서울특별시,서대문구,30,47
202305,서울특별시,서대문구,31,54
202305,서울특별시,서대문구,32,60
202305,서울특별시,서대문구,33,39
202305,서울특별시,서대문구,34,43
202305,서울특별시,서대문구,35,42
202305,서울특별시,서대문구,36,56
202305,서울특별시,서대문구,37,64
202305,서울특별시,서대문구,38,46
202305,서울특별시,서대문구,39,55
202305,서울특별시,서대문구,40,83
202305,서울특별시,서대문구,41,67
202305,서울특별시,서대문구,42,88
202305,서울특별시,서대문구,43,82
202305,서울특별시,서대문구,44,77
202305,서울특별시,서대문구,45,88
202305,서울특별시,서대문구,46,94
202305,서울특별시,서대문구,47,103
202305,서울특별시,서대문구,48,137
202305,서울특별시,서대문구,49,141
202305,서울특별시,서대문구,50,165
202305,서울특별시,서대문구,51,166
202305,서울특별시,서대문구,52,181
202305,서울특별시,서대문구,53,172
202305,서울특별시,서대문구,54,203
202305,서울특별시,서대문구,55,210
202305,서울특별시,서대문구,56,171
202305,서울특별시,서대문구,57,198
202305,서울특별시,서대문구,58,210
202305,서울특별시,서대문구,59,191
202305,서울특별시,서대문구,60,215
202305,서울특별시,서대문구,61,227
202305,서울특별시,서대문구,62,271
202305,서울특별시,서대문구,63,219
202305,서울특별시,서대문구,64,237
202305,서울특별시,서대문구,65,230
202305,서울특별시,서대문구,66,277
202305,서울특별시,서대문구,67,252
202305,서울특별시,서대문구,68,310
202305,서울특별시,서대문구,69,222
202305,서울특별시,서대문구,70,247
202305,서울특별시,서대문구,71,187
202305,서울특별시,서대문구,72,173
202305,서울특별시,서대문구,73,236
202305,서울특별시,서대문구,74,208
202305,서울특별시,서대문구,75,224
202305,서울특별시,서대문구,76,238
202305,서울특별시,서대문구,77,160
202305,서울특별시,서대문구,78,182
202305,서울특별시,서대문구,79,207
202305,서울특별시,서대문구,80,228
202305,서울특별시,서대문구,81,245
202305,서울특별시,서대문구,82,201
202305,서울특별시,서대문구,83,200
202305,서울특별시,서대문구,84,180
202305,서울특별시,서대문구,85,163
202305,서울특별시,서대문구,86,137
202305,서울특별시,서대문구,87,134
202305,서울특별시,서대문구,88,111
202305,서울특별시,서대문구,89,84
202305,서울특별시,서대문구,90,55
202305,서울특별시,서대문구,91,47
202305,서울특별시,서대문구,92,28
202305,서울특별시,서대문구,93,42
202305,서울특별시,서대문구,94,24
202305,서울특별시,서대문구,95,23
202305,서울특별시,서대문구,96,13
202305,서울특별시,서대문구,97,3
202305,서울특별시,서대문구,98,7
202305,서울특별시,서대문구,99,4
202305,서울특별시,서대문구,100,3
202305,서울특별시,서대문구,101,1
202305,서울특별시,서대문구,102,1
202305,서울특별시,서대문구,103,1
202305,서울특별시,서대문구,105,1
202305,서울특별시,서대문구,106,1
202305,서울특별시,마포구,0,23
202305,서울특별시,마포구,1,13
202305,서울특별시,마포구,2,27
202305,서울특별시,마포구,3,17
202305,서울특별시,마포구,4,25
202305,서울특별시,마포구,5,16
202305,서울특별시,마포구,6,28
202305,서울특별시,마포구,7,26
202305,서울특별시,마포구,8,41
202305,서울특별시,마포구,9,40
202305,서울특별시,마포구,10,46
202305,서울특별시,마포구,11,72
202305,서울특별시,마포구,12,78
202305,서울특별시,마포구,13,76
202305,서울특별시,마포구,14,77
202305,서울특별시,마포구,15,87
202305,서울특별시,마포구,16,101
202305,서울특별시,마포구,17,94
202305,서울특별시,마포구,18,104
202305,서울특별시,마포구,19,100
202305,서울특별시,마포구,20,92
202305,서울특별시,마포구,21,87
202305,서울특별시,마포구,22,93
202305,서울특별시,마포구,23,105
202305,서울특별시,마포구,24,78
202305,서울특별시,마포구,25,81
202305,서울특별시,마포구,26,77
202305,서울특별시,마포구,27,49
202305,서울특별시,마포구,28,32
202305,서울특별시,마포구,29,33
202305,서울특별시,마포구,30,39
202305,서울특별시,마포구,31,46
202305,서울특별시,마포구,32,37
202305,서울특별시,마포구,33,49
202305,서울특별시,마포구,34,50
202305,서울특별시,마포구,35,52
202305,서울특별시,마포구,36,48
202305,서울특별시,마포구,37,54
202305,서울특별시,마포구,38,54
202305,서울특별시,마포구,39,64
202305,서울특별시,마포구,40,70
202305,서울특별시,마포구,41,78
202305,서울특별시,마포구,42,86
202305,서울특별시,마포구,43,71
202305,서울특별시,마포구,44,81
202305,서울특별시,마포구,45,95
202305,서울특별시,마포구,46,94
202305,서울특별시,마포구,47,128
202305,서울특별시,마포구,48,132
202305,서울특별시,마포구,49,166
202305,서울특별시,마포구,50,147
202305,서울특별시,마포구,51,146
202305,서울특별시,마포구,52,175
202305,서울특별시,마포구,53,195
202305,서울특별시,마포구,54,178
202305,서울특별시,마포구,55,168
202305,서울특별시,마포구,56,181
202305,서울특별시,마포구,57,189
202305,서울특별시,마포구,58,170
202305,서울특별시,마포구,59,196
202305,서울특별시,마포구,60,227
202305,서울특별시,마포구,61,206
202305,서울특별시,마포구,62,212
202305,서울특별시,마포구,63,243
202305,서울특별시,마포구,64,231
202305,서울특별시,마포구,65,242
202305,서울특별시,마포구,66,213
202305,서울특별시,마포구,67,233
202305,서울특별시,마포구,68,283
202305,서울특별시,마포구,69,216
202305,서울특별시,마포구,70,215
202305,서울특별시,마포구,71,228
202305,서울특별시,마포구,72,206
202305,서울특별시,마포구,73,203
202305,서울특별시,마포구,74,225
202305,서울특별시,마포구,75,249
202305,서울특별시,마포구,76,228
202305,서울특별시,마포구,77,180
202305,서울특별시,마포구,78,226
202305,서울특별시,마포구,79,192
202305,서울특별시,마포구,80,236
202305,서울특별시,마포구,81,222
202305,서울특별시,마포구,82,178
202305,서울특별시,마포구,83,156
202305,서울특별시,마포구,84,155
202305,서울특별시,마포구,85,124
202305,서울특별시,마포구,86,134
202305,서울특별시,마포구,87,102
202305,서울특별시,마포구,88,84
202305,서울특별시,마포구,89,77
202305,서울특별시,마포구,90,52
202305,서울특별시,마포구,91,61
202305,서울특별시,마포구,92,39
202305,서울특별시,마포구,93,21
202305,서울특별시,마포구,94,21
202305,서울특별시,마포구,95,17
202305,서울특별시,마포구,96,7
202305,서울특별시,마포구,97,4
202305,서울특별시,마포구,98,1
202305,서울특별시,마포구,99,3
202305,서울특별시,마포구,100,4
202305,서울특별시,마포구,101,2
202305,서울특별시,마포구,102,2
202305,서울특별시,마포구,103,1
202305,서울특별시,양천구,0,12
202305,서울특별시,양천구,1,30
202305,서울특별시,양천구,2,31
202305,서울특별시,양천구,3,30
202305,서울특별시,양천구,4,39
202305,서울특별시,양천구,5,50
202305,서울특별시,양천구,6,76
202305,서울특별시,양천구,7,84
202305,서울특별시,양천구,8,91
202305,서울특별시,양천구,9,107
202305,서울특별시,양천구,10,112
202305,서울특별시,양천구,11,143
202305,서울특별시,양천구,12,178
202305,서울특별시,양천구,13,162
202305,서울특별시,양천구,14,204
202305,서울특별시,양천구,15,245
202305,서울특별시,양천구,16,193
202305,서울특별시,양천구,17,232
202305,서울특별시,양천구,18,208
202305,서울특별시,양천구,19,178
202305,서울특별시,양천구,20,133
202305,서울특별시,양천구,21,119
202305,서울특별시,양천구,22,143
202305,서울특별시,양천구,23,152
202305,서울특별시,양천구,24,106
202305,서울특별시,양천구,25,106
202305,서울특별시,양천구,26,95
202305,서울특별시,양천구,27,76
202305,서울특별시,양천구,28,63
202305,서울특별시,양천구,29,56
202305,서울특별시,양천구,30,64
202305,서울특별시,양천구,31,67
202305,서울특별시,양천구,32,67
202305,서울특별시,양천구,33,64
202305,서울특별시,양천구,34,72
202305,서울특별시,양천구,35,81
202305,서울특별시,양천구,36,72
202305,서울특별시,양천구,37,83
202305,서울특별시,양천구,38,93
202305,서울특별시,양천구,39,95
202305,서울특별시,양천구,40,112
202305,서울특별시,양천구,41,120
202305,서울특별시,양천구,42,134
202305,서울특별시,양천구,43,136
202305,서울특별시,양천구,44,151
202305,서울특별시,양천구,45,162
202305,서울특별시,양천구,46,161
202305,서울특별시,양천구,47,197
202305,서울특별시,양천구,48,219
202305,서울특별시,양천구,49,256
202305,서울특별시,양천구,50,236
202305,서울특별시,양천구,51,244
202305,서울특별시,양천구,52,272
202305,서울특별시,양천구,53,262
202305,서울특별시,양천구,54,297
202305,서울특별시,양천구,55,269
202305,서울특별시,양천구,56,277
202305,서울특별시,양천구,57,279
202305,서울특별시,양천구,58,279
202305,서울특별시,양천구,59,300
202305,서울특별시,양천구,60,333
202305,서울특별시,양천구,61,355
202305,서울특별시,양천구,62,376
202305,서울특별시,양천구,63,416
202305,서울특별시,양천구,64,362
202305,서울특별시,양천구,65,386
202305,서울특별시,양천구,66,385
202305,서울특별시,양천구,67,389
202305,서울특별시,양천구,68,452
202305,서울특별시,양천구,69,346
202305,서울특별시,양천구,70,340
202305,서울특별시,양천구,71,358
202305,서울특별시,양천구,72,301
202305,서울특별시,양천구,73,331
202305,서울특별시,양천구,74,331
202305,서울특별시,양천구,75,324
202305,서울특별시,양천구,76,338
202305,서울특별시,양천구,77,229
202305,서울특별시,양천구,78,277
202305,서울특별시,양천구,79,286
202305,서울특별시,양천구,80,322
202305,서울특별시,양천구,81,306
202305,서울특별시,양천구,82,241
202305,서울특별시,양천구,83,249
202305,서울특별시,양천구,84,228
202305,서울특별시,양천구,85,179
202305,서울특별시,양천구,86,173
202305,서울특별시,양천구,87,150
202305,서울특별시,양천구,88,116
202305,서울특별시,양천구,89,92
202305,서울특별시,양천구,90,91
202305,서울특별시,양천구,91,65
202305,서울특별시,양천구,92,51
202305,서울특별시,양천구,93,43
202305,서울특별시,양천구,94,42
202305,서울특별시,양천구,95,23
202305,서울특별시,양천구,96,14
202305,서울특별시,양천구,97,12
202305,서울특별시,양천구,98,10
202305,서울특별시,양천구,99,5
202305,서울특별시,양천구,100,1
202305,서울특별시,양천구,101,2
202305,서울특별시,양천구,102,3
202305,서울특별시,양천구,104,1
202305,서울특별시,양천구,106,1
202305,서울특별시,강서구,0,14
202305,서울특별시,강서구,1,35
202305,서울특별시,강서구,2,48
202305,서울특별시,강서구,3,50
202305,서울특별시,강서구,4,71
202305,서울특별시,강서구,5,96
202305,서울특별시,강서구,6,100
202305,서울특별시,강서구,7,119
202305,서울특별시,강서구,8,146
202305,서울특별시,강서구,9,185
202305,서울특별시,강서구,10,196
202305,서울특별시,강서구,11,221
202305,서울특별시,강서구,12,209
202305,서울특별시,강서구,13,204
202305,서울특별시,강서구,14,242
202305,서울특별시,강서구,15,299
202305,서울특별시,강서구,16,286
202305,서울특별시,강서구,17,314
202305,서울특별시,강서구,18,284
202305,서울특별시,강서구,19,250
202305,서울특별시,강서구,20,175
202305,서울특별시,강서구,21,212
202305,서울특별시,강서구,22,239
202305,서울특별시,강서구,23,236
202305,서울특별시,강서구,24,211
202305,서울특별시,강서구,25,156
202305,서울특별시,강서구,26,146
202305,서울특별시,강서구,27,140
202305,서울특별시,강서구,28,125
202305,서울특별시,강서구,29,121
202305,서울특별시,강서구,30,116
202305,서울특별시,강서구,31,131
202305,서울특별시,강서구,32,126
202305,서울특별시,강서구,33,135
202305,서울특별시,강서구,34,136
202305,서울특별시,강서구,35,125
202305,서울특별시,강서구,36,136
202305,서울특별시,강서구,37,153
202305,서울특별시,강서구,38,127
202305,서울특별시,강서구,39,183
202305,서울특별시,강서구,40,212
202305,서울특별시,강서구,41,230
202305,서울특별시,강서구,42,253
202305,서울특별시,강서구,43,227
202305,서울특별시,강서구,44,243
202305,서울특별시,강서구,45,235
202305,서울특별시,강서구,46,235
202305,서울특별시,강서구,47,288
202305,서울특별시,강서구,48,324
202305,서울특별시,강서구,49,282
202305,서울특별시,강서구,50,369
202305,서울특별시,강서구,51,430
202305,서울특별시,강서구,52,466
202305,서울특별시,강서구,53,455
202305,서울특별시,강서구,54,481
202305,서울특별시,강서구,55,501
202305,서울특별시,강서구,56,476
202305,서울특별시,강서구,57,470
202305,서울특별시,강서구,58,536
202305,서울특별시,강서구,59,539
202305,서울특별시,강서구,60,671
202305,서울특별시,강서구,61,653
202305,서울특별시,강서구,62,738
202305,서울특별시,강서구,63,783
202305,서울특별시,강서구,64,749
202305,서울특별시,강서구,65,783
202305,서울특별시,강서구,66,760
202305,서울특별시,강서구,67,815
202305,서울특별시,강서구,68,847
202305,서울특별시,강서구,69,687
202305,서울특별시,강서구,70,718
202305,서울특별시,강서구,71,649
202305,서울특별시,강서구,72,520
202305,서울특별시,강서구,73,641
202305,서울특별시,강서구,74,576
202305,서울특별시,강서구,75,639
202305,서울특별시,강서구,76,639
202305,서울특별시,강서구,77,484
202305,서울특별시,강서구,78,507
202305,서울특별시,강서구,79,476
202305,서울특별시,강서구,80,599
202305,서울특별시,강서구,81,587
202305,서울특별시,강서구,82,490
202305,서울특별시,강서구,83,434
202305,서울특별시,강서구,84,378
202305,서울특별시,강서구,85,340
202305,서울특별시,강서구,86,289
202305,서울특별시,강서구,87,303
202305,서울특별시,강서구,88,231
202305,서울특별시,강서구,89,186
202305,서울특별시,강서구,90,142
202305,서울특별시,강서구,91,155
202305,서울특별시,강서구,92,88
202305,서울특별시,강서구,93,87
202305,서울특별시,강서구,94,63
202305,서울특별시,강서구,95,44
202305,서울특별시,강서구,96,32
202305,서울특별시,강서구,97,28
202305,서울특별시,강서구,98,21
202305,서울특별시,강서구,99,9
202305,서울특별시,강서구,100,10
202305,서울특별시,강서구,101,5
202305,서울특별시,강서구,102,5
202305,서울특별시,강서구,103,4
202305,서울특별시,강서구,104,1
202305,서울특별시,강서구,107,1
202305,서울특별시,구로구,0,13
202305,서울특별시,구로구,1,14
202305,서울특별시,구로구,2,31
202305,서울특별시,구로구,3,36
202305,서울특별시,구로구,4,52
202305,서울특별시,구로구,5,47
202305,서울특별시,구로구,6,69
202305,서울특별시,구로구,7,78
202305,서울특별시,구로구,8,83
202305,서울특별시,구로구,9,122
202305,서울특별시,구로구,10,109
202305,서울특별시,구로구,11,131
202305,서울특별시,구로구,12,140
202305,서울특별시,구로구,13,132
202305,서울특별시,구로구,14,144
202305,서울특별시,구로구,15,170
202305,서울특별시,구로구,16,180
202305,서울특별시,구로구,17,176
202305,서울특별시,구로구,18,147
202305,서울특별시,구로구,19,162
202305,서울특별시,구로구,20,116
202305,서울특별시,구로구,21,100
202305,서울특별시,구로구,22,115
202305,서울특별시,구로구,23,114
202305,서울특별시,구로구,24,86
202305,서울특별시,구로구,25,68
202305,서울특별시,구로구,26,59
202305,서울특별시,구로구,27,51
202305,서울특별시,구로구,28,44
202305,서울특별시,구로구,29,49
202305,서울특별시,구로구,30,47
202305,서울특별시,구로구,31,77
202305,서울특별시,구로구,32,68
202305,서울특별시,구로구,33,69
202305,서울특별시,구로구,34,65
202305,서울특별시,구로구,35,67
202305,서울특별시,구로구,36,80
202305,서울특별시,구로구,37,80
202305,서울특별시,구로구,38,88
202305,서울특별시,구로구,39,97
202305,서울특별시,구로구,40,111
202305,서울특별시,구로구,41,114
202305,서울특별시,구로구,42,133
202305,서울특별시,구로구,43,125
202305,서울특별시,구로구,44,105
202305,서울특별시,구로구,45,134
202305,서울특별시,구로구,46,124
202305,서울특별시,구로구,47,141
202305,서울특별시,구로구,48,158
202305,서울특별시,구로구,49,187
202305,서울특별시,구로구,50,213
202305,서울특별시,구로구,51,185
202305,서울특별시,구로구,52,239
202305,서울특별시,구로구,53,215
202305,서울특별시,구로구,54,232
202305,서울특별시,구로구,55,197
202305,서울특별시,구로구,56,207
202305,서울특별시,구로구,57,229
202305,서울특별시,구로구,58,239
202305,서울특별시,구로구,59,213
202305,서울특별시,구로구,60,260
202305,서울특별시,구로구,61,242
202305,서울특별시,구로구,62,295
202305,서울특별시,구로구,63,265
202305,서울특별시,구로구,64,280
202305,서울특별시,구로구,65,309
202305,서울특별시,구로구,66,327
202305,서울특별시,구로구,67,291
202305,서울특별시,구로구,68,305
202305,서울특별시,구로구,69,315
202305,서울특별시,구로구,70,278
202305,서울특별시,구로구,71,247
202305,서울특별시,구로구,72,231
202305,서울특별시,구로구,73,336
202305,서울특별시,구로구,74,294
202305,서울특별시,구로구,75,255
202305,서울특별시,구로구,76,259
202305,서울특별시,구로구,77,224
202305,서울특별시,구로구,78,267
202305,서울특별시,구로구,79,230
202305,서울특별시,구로구,80,268
202305,서울특별시,구로구,81,251
202305,서울특별시,구로구,82,193
202305,서울특별시,구로구,83,210
202305,서울특별시,구로구,84,208
202305,서울특별시,구로구,85,166
202305,서울특별시,구로구,86,168
202305,서울특별시,구로구,87,135
202305,서울특별시,구로구,88,106
202305,서울특별시,구로구,89,80
202305,서울특별시,구로구,90,62
202305,서울특별시,구로구,91,61
202305,서울특별시,구로구,92,30
202305,서울특별시,구로구,93,30
202305,서울특별시,구로구,94,31
202305,서울특별시,구로구,95,21
202305,서울특별시,구로구,96,15
202305,서울특별시,구로구,97,11
202305,서울특별시,구로구,98,2
202305,서울특별시,구로구,99,3
202305,서울특별시,구로구,100,2
202305,서울특별시,구로구,101,2
202305,서울특별시,구로구,102,1
202305,서울특별시,구로구,103,1
202305,서울특별시,금천구,0,14
202305,서울특별시,금천구,1,24
202305,서울특별시,금천구,2,19
202305,서울특별시,금천구,3,31
202305,서울특별시,금천구,4,38
202305,서울특별시,금천구,5,46
202305,서울특별시,금천구,6,33
202305,서울특별시,금천구,7,62
202305,서울특별시,금천구,8,67
202305,서울특별시,금천구,9,74
202305,서울특별시,금천구,10,68
202305,서울특별시,금천구,11,93
202305,서울특별시,금천구,12,122
202305,서울특별시,금천구,13,97
202305,서울특별시,금천구,14,102
202305,서울특별시,금천구,15,122
202305,서울특별시,금천구,16,146
202305,서울특별시,금천구,17,136
202305,서울특별시,금천구,18,139
202305,서울특별시,금천구,19,96
202305,서울특별시,금천구,20,88
202305,서울특별시,금천구,21,67
202305,서울특별시,금천구,22,118
202305,서울특별시,금천구,23,105
202305,서울특별시,금천구,24,75
202305,서울특별시,금천구,25,79
202305,서울특별시,금천구,26,59
202305,서울특별시,금천구,27,59
202305,서울특별시,금천구,28,42
202305,서울특별시,금천구,29,50
202305,서울특별시,금천구,30,47
202305,서울특별시,금천구,31,54
202305,서울특별시,금천구,32,51
202305,서울특별시,금천구,33,44
202305,서울특별시,금천구,34,44
202305,서울특별시,금천구,35,50
202305,서울특별시,금천구,36,64
202305,서울특별시,금천구,37,41
202305,서울특별시,금천구,38,55
202305,서울특별시,금천구,39,65
202305,서울특별시,금천구,40,68
202305,서울특별시,금천구,41,82
202305,서울특별시,금천구,42,104
202305,서울특별시,금천구,43,90
202305,서울특별시,금천구,44,92
202305,서울특별시,금천구,45,95
202305,서울특별시,금천구,46,110
202305,서울특별시,금천구,47,118
202305,서울특별시,금천구,48,129
202305,서울특별시,금천구,49,159
202305,서울특별시,금천구,50,173
202305,서울특별시,금천구,51,203
202305,서울특별시,금천구,52,213
202305,서울특별시,금천구,53,213
202305,서울특별시,금천구,54,255
202305,서울특별시,금천구,55,250
202305,서울특별시,금천구,56,251
202305,서울특별시,금천구,57,250
202305,서울특별시,금천구,58,298
202305,서울특별시,금천구,59,259
202305,서울특별시,금천구,60,317
202305,서울특별시,금천구,61,316
202305,서울특별시,금천구,62,362
202305,서울특별시,금천구,63,313
202305,서울특별시,금천구,64,300
202305,서울특별시,금천구,65,296
202305,서울특별시,금천구,66,292
202305,서울특별시,금천구,67,319
202305,서울특별시,금천구,68,327
202305,서울특별시,금천구,69,265
202305,서울특별시,금천구,70,249
202305,서울특별시,금천구,71,217
202305,서울특별시,금천구,72,197
202305,서울특별시,금천구,73,265
202305,서울특별시,금천구,74,226
202305,서울특별시,금천구,75,245
202305,서울특별시,금천구,76,235
202305,서울특별시,금천구,77,193
202305,서울특별시,금천구,78,209
202305,서울특별시,금천구,79,204
202305,서울특별시,금천구,80,249
202305,서울특별시,금천구,81,218
202305,서울특별시,금천구,82,188
202305,서울특별시,금천구,83,194
202305,서울특별시,금천구,84,171
202305,서울특별시,금천구,85,147
202305,서울특별시,금천구,86,101
202305,서울특별시,금천구,87,116
202305,서울특별시,금천구,88,91
202305,서울특별시,금천구,89,64
202305,서울특별시,금천구,90,70
202305,서울특별시,금천구,91,28
202305,서울특별시,금천구,92,38
202305,서울특별시,금천구,93,26
202305,서울특별시,금천구,94,8
202305,서울특별시,금천구,95,13
202305,서울특별시,금천구,96,7
202305,서울특별시,금천구,97,6
202305,서울특별시,금천구,98,8
202305,서울특별시,금천구,99,1
202305,서울특별시,금천구,100,1
202305,서울특별시,금천구,101,2
202305,서울특별시,금천구,102,2
202305,서울특별시,금천구,109,1
202305,서울특별시,영등포구,0,6
202305,서울특별시,영등포구,1,6
202305,서울특별시,영등포구,2,11
202305,서울특별시,영등포구,3,7
202305,서울특별시,영등포구,4,16
202305,서울특별시,영등포구,5,31
202305,서울특별시,영등포구,6,33
202305,서울특별시,영등포구,7,45
202305,서울특별시,영등포구,8,49
202305,서울특별시,영등포구,9,46
202305,서울특별시,영등포구,10,55
202305,서울특별시,영등포구,11,53
202305,서울특별시,영등포구,12,58
202305,서울특별시,영등포구,13,71
202305,서울특별시,영등포구,14,77
202305,서울특별시,영등포구,15,85
202305,서울특별시,영등포구,16,88
202305,서울특별시,영등포구,17,95
202305,서울특별시,영등포구,18,85
202305,서울특별시,영등포구,19,73
202305,서울특별시,영등포구,20,51
202305,서울특별시,영등포구,21,69
202305,서울특별시,영등포구,22,70
202305,서울특별시,영등포구,23,55
202305,서울특별시,영등포구,24,58
202305,서울특별시,영등포구,25,54
202305,서울특별시,영등포구,26,38
202305,서울특별시,영등포구,27,36
202305,서울특별시,영등포구,28,34
202305,서울특별시,영등포구,29,27
202305,서울특별시,영등포구,30,41
202305,서울특별시,영등포구,31,50
202305,서울특별시,영등포구,32,25
202305,서울특별시,영등포구,33,35
202305,서울특별시,영등포구,34,51
202305,서울특별시,영등포구,35,51
202305,서울특별시,영등포구,36,46
202305,서울특별시,영등포구,37,45
202305,서울특별시,영등포구,38,56
202305,서울특별시,영등포구,39,50
202305,서울특별시,영등포구,40,64
202305,서울특별시,영등포구,41,87
202305,서울특별시,영등포구,42,84
202305,서울특별시,영등포구,43,99
202305,서울특별시,영등포구,44,64
202305,서울특별시,영등포구,45,96
202305,서울특별시,영등포구,46,96
202305,서울특별시,영등포구,47,105
202305,서울특별시,영등포구,48,93
202305,서울특별시,영등포구,49,131
202305,서울특별시,영등포구,50,167
202305,서울특별시,영등포구,51,165
202305,서울특별시,영등포구,52,187
202305,서울특별시,영등포구,53,192
202305,서울특별시,영등포구,54,216
202305,서울특별시,영등포구,55,217
202305,서울특별시,영등포구,56,217
202305,서울특별시,영등포구,57,218
202305,서울특별시,영등포구,58,234
202305,서울특별시,영등포구,59,263
202305,서울특별시,영등포구,60,248
202305,서울특별시,영등포구,61,300
202305,서울특별시,영등포구,62,290
202305,서울특별시,영등포구,63,282
202305,서울특별시,영등포구,64,294
202305,서울특별시,영등포구,65,294
202305,서울특별시,영등포구,66,346
202305,서울특별시,영등포구,67,305
202305,서울특별시,영등포구,68,341
202305,서울특별시,영등포구,69,275
202305,서울특별시,영등포구,70,264
202305,서울특별시,영등포구,71,272
202305,서울특별시,영등포구,72,252
202305,서울특별시,영등포구,73,260
202305,서울특별시,영등포구,74,280
202305,서울특별시,영등포구,75,259
202305,서울특별시,영등포구,76,250
202305,서울특별시,영등포구,77,185
202305,서울특별시,영등포구,78,175
202305,서울특별시,영등포구,79,199
202305,서울특별시,영등포구,80,209
202305,서울특별시,영등포구,81,232
202305,서울특별시,영등포구,82,161
202305,서울특별시,영등포구,83,165
202305,서울특별시,영등포구,84,166
202305,서울특별시,영등포구,85,107
202305,서울특별시,영등포구,86,127
202305,서울특별시,영등포구,87,86
202305,서울특별시,영등포구,88,76
202305,서울특별시,영등포구,89,71
202305,서울특별시,영등포구,90,55
202305,서울특별시,영등포구,91,26
202305,서울특별시,영등포구,92,34
202305,서울특별시,영등포구,93,26
202305,서울특별시,영등포구,94,18
202305,서울특별시,영등포구,95,13
202305,서울특별시,영등포구,96,13
202305,서울특별시,영등포구,97,12
202305,서울특별시,영등포구,98,4
202305,서울특별시,영등포구,99,3
202305,서울특별시,영등포구,100,2
202305,서울특별시,영등포구,101,1
202305,서울특별시,영등포구,102,1
202305,서울특별시,영등포구,103,1
202305,서울특별시,영등포구,113,1
202305,서울특별시,동작구,0,4
202305,서울특별시,동작구,1,13
202305,서울특별시,동작구,2,15
202305,서울특별시,동작구,3,20
202305,서울특별시,동작구,4,16
202305,서울특별시,동작구,5,27
202305,서울특별시,동작구,6,34
202305,서울특별시,동작구,7,42
202305,서울특별시,동작구,8,63
202305,서울특별시,동작구,9,52
202305,서울특별시,동작구,10,78
202305,서울특별시,동작구,11,82
202305,서울특별시,동작구,12,83
202305,서울특별시,동작구,13,79
202305,서울특별시,동작구,14,86
202305,서울특별시,동작구,15,106
202305,서울특별시,동작구,16,126
202305,서울특별시,동작구,17,114
202305,서울특별시,동작구,18,95
202305,서울특별시,동작구,19,110
202305,서울특별시,동작구,20,92
202305,서울특별시,동작구,21,94
202305,서울특별시,동작구,22,105
202305,서울특별시,동작구,23,84
202305,서울특별시,동작구,24,91
202305,서울특별시,동작구,25,90
202305,서울특별시,동작구,26,67
202305,서울특별시,동작구,27,51
202305,서울특별시,동작구,28,46
202305,서울특별시,동작구,29,56
202305,서울특별시,동작구,30,55
202305,서울특별시,동작구,31,68
202305,서울특별시,동작구,32,78
202305,서울특별시,동작구,33,61
202305,서울특별시,동작구,34,84
202305,서울특별시,동작구,35,66
202305,서울특별시,동작구,36,77
202305,서울특별시,동작구,37,72
202305,서울특별시,동작구,38,79
202305,서울특별시,동작구,39,83
202305,서울특별시,동작구,40,99
202305,서울특별시,동작구,41,102
202305,서울특별시,동작구,42,104
202305,서울특별시,동작구,43,110
202305,서울특별시,동작구,44,125
202305,서울특별시,동작구,45,103
202305,서울특별시,동작구,46,127
202305,서울특별시,동작구,47,132
202305,서울특별시,동작구,48,152
202305,서울특별시,동작구,49,155
202305,서울특별시,동작구,50,160
202305,서울특별시,동작구,51,197
202305,서울특별시,동작구,52,192
202305,서울특별시,동작구,53,234
202305,서울특별시,동작구,54,220
202305,서울특별시,동작구,55,193
202305,서울특별시,동작구,56,207
202305,서울특별시,동작구,57,191
202305,서울특별시,동작구,58,227
202305,서울특별시,동작구,59,198
202305,서울특별시,동작구,60,250
202305,서울특별시,동작구,61,245
202305,서울특별시,동작구,62,279
202305,서울특별시,동작구,63,306
202305,서울특별시,동작구,64,269
202305,서울특별시,동작구,65,294
202305,서울특별시,동작구,66,318
202305,서울특별시,동작구,67,302
202305,서울특별시,동작구,68,314
202305,서울특별시,동작구,69,253
202305,서울특별시,동작구,70,259
202305,서울특별시,동작구,71,263
202305,서울특별시,동작구,72,212
202305,서울특별시,동작구,73,272
202305,서울특별시,동작구,74,237
202305,서울특별시,동작구,75,261
202305,서울특별시,동작구,76,300
202305,서울특별시,동작구,77,198
202305,서울특별시,동작구,78,215
202305,서울특별시,동작구,79,212
202305,서울특별시,동작구,80,231
202305,서울특별시,동작구,81,246
202305,서울특별시,동작구,82,164
202305,서울특별시,동작구,83,190
202305,서울특별시,동작구,84,183
202305,서울특별시,동작구,85,151
202305,서울특별시,동작구,86,138
202305,서울특별시,동작구,87,116
202305,서울특별시,동작구,88,79
202305,서울특별시,동작구,89,81
202305,서울특별시,동작구,90,75
202305,서울특별시,동작구,91,48
202305,서울특별시,동작구,92,49
202305,서울특별시,동작구,93,40
202305,서울특별시,동작구,94,27
202305,서울특별시,동작구,95,21
202305,서울특별시,동작구,96,16
202305,서울특별시,동작구,97,7
202305,서울특별시,동작구,98,7
202305,서울특별시,동작구,99,6
202305,서울특별시,동작구,100,2
202305,서울특별시,동작구,102,3
202305,서울특별시,동작구,103,3
202305,서울특별시,동작구,106,1
202305,서울특별시,관악구,0,14
202305,서울특별시,관악구,1,22
202305,서울특별시,관악구,2,24
202305,서울특별시,관악구,3,33
202305,서울특별시,관악구,4,41
202305,서울특별시,관악구,5,45
202305,서울특별시,관악구,6,61
202305,서울특별시,관악구,7,97
202305,서울특별시,관악구,8,113
202305,서울특별시,관악구,9,101
202305,서울특별시,관악구,10,134
202305,서울특별시,관악구,11,135
202305,서울특별시,관악구,12,151
202305,서울특별시,관악구,13,163
202305,서울특별시,관악구,14,158
202305,서울특별시,관악구,15,192
202305,서울특별시,관악구,16,196
202305,서울특별시,관악구,17,184
202305,서울특별시,관악구,18,202
202305,서울특별시,관악구,19,169
202305,서울특별시,관악구,20,152
202305,서울특별시,관악구,21,157
202305,서울특별시,관악구,22,172
202305,서울특별시,관악구,23,159
202305,서울특별시,관악구,24,157
202305,서울특별시,관악구,25,144
202305,서울특별시,관악구,26,126
202305,서울특별시,관악구,27,117
202305,서울특별시,관악구,28,79
202305,서울특별시,관악구,29,89
202305,서울특별시,관악구,30,124
202305,서울특별시,관악구,31,164
202305,서울특별시,관악구,32,167
202305,서울특별시,관악구,33,166
202305,서울특별시,관악구,34,153
202305,서울특별시,관악구,35,135
202305,서울특별시,관악구,36,146
202305,서울특별시,관악구,37,146
202305,서울특별시,관악구,38,148
202305,서울특별시,관악구,39,159
202305,서울특별시,관악구,40,182
202305,서울특별시,관악구,41,188
202305,서울특별시,관악구,42,208
202305,서울특별시,관악구,43,247
202305,서울특별시,관악구,44,208
202305,서울특별시,관악구,45,203
202305,서울특별시,관악구,46,231
202305,서울특별시,관악구,47,227
202305,서울특별시,관악구,48,288
202305,서울특별시,관악구,49,317
202305,서울특별시,관악구,50,335
202305,서울특별시,관악구,51,370
202305,서울특별시,관악구,52,360
202305,서울특별시,관악구,53,403
202305,서울특별시,관악구,54,443
202305,서울특별시,관악구,55,395
202305,서울특별시,관악구,56,412
202305,서울특별시,관악구,57,393
202305,서울특별시,관악구,58,418
202305,서울특별시,관악구,59,425
202305,서울특별시,관악구,60,557
202305,서울특별시,관악구,61,451
202305,서울특별시,관악구,62,548
202305,서울특별시,관악구,63,533
202305,서울특별시,관악구,64,463
202305,서울특별시,관악구,65,552
202305,서울특별시,관악구,66,514
202305,서울특별시,관악구,67,541
202305,서울특별시,관악구,68,596
202305,서울특별시,관악구,69,435
202305,서울특별시,관악구,70,412
202305,서울특별시,관악구,71,377
202305,서울특별시,관악구,72,363
202305,서울특별시,관악구,73,417
202305,서울특별시,관악구,74,354
202305,서울특별시,관악구,75,431
202305,서울특별시,관악구,76,414
202305,서울특별시,관악구,77,295
202305,서울특별시,관악구,78,341
202305,서울특별시,관악구,79,353
202305,서울특별시,관악구,80,388
202305,서울특별시,관악구,81,388
202305,서울특별시,관악구,82,346
202305,서울특별시,관악구,83,300
202305,서울특별시,관악구,84,273
202305,서울특별시,관악구,85,217
202305,서울특별시,관악구,86,212
202305,서울특별시,관악구,87,160
202305,서울특별시,관악구,88,148
202305,서울특별시,관악구,89,122
202305,서울특별시,관악구,90,105
202305,서울특별시,관악구,91,74
202305,서울특별시,관악구,92,66
202305,서울특별시,관악구,93,56
202305,서울특별시,관악구,94,43
202305,서울특별시,관악구,95,31
202305,서울특별시,관악구,96,27
202305,서울특별시,관악구,97,7
202305,서울특별시,관악구,98,10
202305,서울특별시,관악구,99,6
202305,서울특별시,관악구,100,9
202305,서울특별시,관악구,101,2
202305,서울특별시,관악구,102,1
202305,서울특별시,관악구,103,1
202305,서울특별시,관악구,112,1
202305,서울특별시,서초구,0,7
202305,서울특별시,서초구,1,10
202305,서울특별시,서초구,2,9
202305,서울특별시,서초구,3,17
202305,서울특별시,서초구,4,18
202305,서울특별시,서초구,5,19
202305,서울특별시,서초구,6,20
202305,서울특별시,서초구,7,39
202305,서울특별시,서초구,8,45
202305,서울특별시,서초구,9,55
202305,서울특별시,서초구,10,70
202305,서울특별시,서초구,11,68
202305,서울특별시,서초구,12,82
202305,서울특별시,서초구,13,78
202305,서울특별시,서초구,14,74
202305,서울특별시,서초구,15,69
202305,서울특별시,서초구,16,83
202305,서울특별시,서초구,17,68
202305,서울특별시,서초구,18,72
202305,서울특별시,서초구,19,76
202305,서울특별시,서초구,20,65
202305,서울특별시,서초구,21,71
202305,서울특별시,서초구,22,56
202305,서울특별시,서초구,23,65
202305,서울특별시,서초구,24,70
202305,서울특별시,서초구,25,46
202305,서울특별시,서초구,26,48
202305,서울특별시,서초구,27,33
202305,서울특별시,서초구,28,35
202305,서울특별시,서초구,29,37
202305,서울특별시,서초구,30,34
202305,서울특별시,서초구,31,37
202305,서울특별시,서초구,32,40
202305,서울특별시,서초구,33,28
202305,서울특별시,서초구,34,31
202305,서울특별시,서초구,35,28
202305,서울특별시,서초구,36,33
202305,서울특별시,서초구,37,42
202305,서울특별시,서초구,38,40
202305,서울특별시,서초구,39,45
202305,서울특별시,서초구,40,55
202305,서울특별시,서초구,41,56
202305,서울특별시,서초구,42,68
202305,서울특별시,서초구,43,65
202305,서울특별시,서초구,44,63
202305,서울특별시,서초구,45,64
202305,서울특별시,서초구,46,86
202305,서울특별시,서초구,47,75
202305,서울특별시,서초구,48,80
202305,서울특별시,서초구,49,102
202305,서울특별시,서초구,50,90
202305,서울특별시,서초구,51,108
202305,서울특별시,서초구,52,160
202305,서울특별시,서초구,53,135
202305,서울특별시,서초구,54,128
202305,서울특별시,서초구,55,116
202305,서울특별시,서초구,56,120
202305,서울특별시,서초구,57,120
202305,서울특별시,서초구,58,143
202305,서울특별시,서초구,59,128
202305,서울특별시,서초구,60,129
202305,서울특별시,서초구,61,150
202305,서울특별시,서초구,62,158
202305,서울특별시,서초구,63,171
202305,서울특별시,서초구,64,202
202305,서울특별시,서초구,65,183
202305,서울특별시,서초구,66,188
202305,서울특별시,서초구,67,176
202305,서울특별시,서초구,68,191
202305,서울특별시,서초구,69,166
202305,서울특별시,서초구,70,152
202305,서울특별시,서초구,71,145
202305,서울특별시,서초구,72,120
202305,서울특별시,서초구,73,125
202305,서울특별시,서초구,74,131
202305,서울특별시,서초구,75,124
202305,서울특별시,서초구,76,132
202305,서울특별시,서초구,77,115
202305,서울특별시,서초구,78,103
202305,서울특별시,서초구,79,103
202305,서울특별시,서초구,80,115
202305,서울특별시,서초구,81,124
202305,서울특별시,서초구,82,65
202305,서울특별시,서초구,83,71
202305,서울특별시,서초구,84,72
202305,서울특별시,서초구,85,62
202305,서울특별시,서초구,86,58
202305,서울특별시,서초구,87,52
202305,서울특별시,서초구,88,54
202305,서울특별시,서초구,89,30
202305,서울특별시,서초구,90,31
202305,서울특별시,서초구,91,29
202305,서울특별시,서초구,92,29
202305,서울특별시,서초구,93,15
202305,서울특별시,서초구,94,21
202305,서울특별시,서초구,95,15
202305,서울특별시,서초구,96,8
202305,서울특별시,서초구,97,4
202305,서울특별시,서초구,98,2
202305,서울특별시,서초구,99,3
202305,서울특별시,서초구,100,3
202305,서울특별시,서초구,101,1
202305,서울특별시,강남구,0,22
202305,서울특별시,강남구,1,17
202305,서울특별시,강남구,2,17
202305,서울특별시,강남구,3,13
202305,서울특별시,강남구,4,28
202305,서울특별시,강남구,5,33
202305,서울특별시,강남구,6,31
202305,서울특별시,강남구,7,57
202305,서울특별시,강남구,8,46
202305,서울특별시,강남구,9,68
202305,서울특별시,강남구,10,81
202305,서울특별시,강남구,11,92
202305,서울특별시,강남구,12,82
202305,서울특별시,강남구,13,104
202305,서울특별시,강남구,14,112
202305,서울특별시,강남구,15,124
202305,서울특별시,강남구,16,130
202305,서울특별시,강남구,17,138
202305,서울특별시,강남구,18,129
202305,서울특별시,강남구,19,147
202305,서울특별시,강남구,20,135
202305,서울특별시,강남구,21,114
202305,서울특별시,강남구,22,134
202305,서울특별시,강남구,23,123
202305,서울특별시,강남구,24,117
202305,서울특별시,강남구,25,102
202305,서울특별시,강남구,26,74
202305,서울특별시,강남구,27,72
202305,서울특별시,강남구,28,70
202305,서울특별시,강남구,29,62
202305,서울특별시,강남구,30,76
202305,서울특별시,강남구,31,74
202305,서울특별시,강남구,32,71
202305,서울특별시,강남구,33,79
202305,서울특별시,강남구,34,85
202305,서울특별시,강남구,35,78
202305,서울특별시,강남구,36,85
202305,서울특별시,강남구,37,91
202305,서울특별시,강남구,38,94
202305,서울특별시,강남구,39,117
202305,서울특별시,강남구,40,133
202305,서울특별시,강남구,41,139
202305,서울특별시,강남구,42,133
202305,서울특별시,강남구,43,156
202305,서울특별시,강남구,44,166
202305,서울특별시,강남구,45,125
202305,서울특별시,강남구,46,136
202305,서울특별시,강남구,47,145
202305,서울특별시,강남구,48,171
202305,서울특별시,강남구,49,198
202305,서울특별시,강남구,50,194
202305,서울특별시,강남구,51,210
202305,서울특별시,강남구,52,233
202305,서울특별시,강남구,53,240
202305,서울특별시,강남구,54,270
202305,서울특별시,강남구,55,246
202305,서울특별시,강남구,56,212
202305,서울특별시,강남구,57,256
202305,서울특별시,강남구,58,278
202305,서울특별시,강남구,59,273
202305,서울특별시,강남구,60,326
202305,서울특별시,강남구,61,304
202305,서울특별시,강남구,62,355
202305,서울특별시,강남구,63,350
202305,서울특별시,강남구,64,347
202305,서울특별시,강남구,65,433
202305,서울특별시,강남구,66,389
202305,서울특별시,강남구,67,402
202305,서울특별시,강남구,68,424
202305,서울특별시,강남구,69,322
202305,서울특별시,강남구,70,347
202305,서울특별시,강남구,71,344
202305,서울특별시,강남구,72,263
202305,서울특별시,강남구,73,354
202305,서울특별시,강남구,74,299
202305,서울특별시,강남구,75,344
202305,서울특별시,강남구,76,348
202305,서울특별시,강남구,77,223
202305,서울특별시,강남구,78,242
202305,서울특별시,강남구,79,280
202305,서울특별시,강남구,80,270
202305,서울특별시,강남구,81,262
202305,서울특별시,강남구,82,187
202305,서울특별시,강남구,83,177
202305,서울특별시,강남구,84,155
202305,서울특별시,강남구,85,146
202305,서울특별시,강남구,86,117
202305,서울특별시,강남구,87,99
202305,서울특별시,강남구,88,79
202305,서울특별시,강남구,89,69
202305,서울특별시,강남구,90,70
202305,서울특별시,강남구,91,47
202305,서울특별시,강남구,92,28
202305,서울특별시,강남구,93,27
202305,서울특별시,강남구,94,30
202305,서울특별시,강남구,95,21
202305,서울특별시,강남구,96,17
202305,서울특별시,강남구,97,8
202305,서울특별시,강남구,98,7
202305,서울특별시,강남구,99,6
202305,서울특별시,강남구,100,7
202305,서울특별시,강남구,101,4
202305,서울특별시,강남구,102,2
202305,서울특별시,강남구,104,1
202305,서울특별시,강남구,108,1
202305,서울특별시,송파구,0,14
202305,서울특별시,송파구,1,24
202305,서울특별시,송파구,2,39
202305,서울특별시,송파구,3,40
202305,서울특별시,송파구,4,55
202305,서울특별시,송파구,5,63
202305,서울특별시,송파구,6,74
202305,서울특별시,송파구,7,86
202305,서울특별시,송파구,8,112
202305,서울특별시,송파구,9,114
202305,서울특별시,송파구,10,146
202305,서울특별시,송파구,11,159
202305,서울특별시,송파구,12,181
202305,서울특별시,송파구,13,173
202305,서울특별시,송파구,14,179
202305,서울특별시,송파구,15,214
202305,서울특별시,송파구,16,199
202305,서울특별시,송파구,17,191
202305,서울특별시,송파구,18,220
202305,서울특별시,송파구,19,193
202305,서울특별시,송파구,20,147
202305,서울특별시,송파구,21,139
202305,서울특별시,송파구,22,179
202305,서울특별시,송파구,23,168
202305,서울특별시,송파구,24,116
202305,서울특별시,송파구,25,118
202305,서울특별시,송파구,26,92
202305,서울특별시,송파구,27,90
202305,서울특별시,송파구,28,59
202305,서울특별시,송파구,29,76
202305,서울특별시,송파구,30,77
202305,서울특별시,송파구,31,84
202305,서울특별시,송파구,32,83
202305,서울특별시,송파구,33,102
202305,서울특별시,송파구,34,98
202305,서울특별시,송파구,35,83
202305,서울특별시,송파구,36,102
202305,서울특별시,송파구,37,111
202305,서울특별시,송파구,38,116
202305,서울특별시,송파구,39,120
202305,서울특별시,송파구,40,130
202305,서울특별시,송파구,41,153
202305,서울특별시,송파구,42,149
202305,서울특별시,송파구,43,170
202305,서울특별시,송파구,44,160
202305,서울특별시,송파구,45,165
202305,서울특별시,송파구,46,197
202305,서울특별시,송파구,47,200
202305,서울특별시,송파구,48,216
202305,서울특별시,송파구,49,247
202305,서울특별시,송파구,50,276
202305,서울특별시,송파구,51,260
202305,서울특별시,송파구,52,326
202305,서울특별시,송파구,53,327
202305,서울특별시,송파구,54,323
202305,서울특별시,송파구,55,310
202305,서울특별시,송파구,56,296
202305,서울특별시,송파구,57,305
202305,서울특별시,송파구,58,341
202305,서울특별시,송파구,59,303
202305,서울특별시,송파구,60,353
202305,서울특별시,송파구,61,358
202305,서울특별시,송파구,62,408
202305,서울특별시,송파구,63,388
202305,서울특별시,송파구,64,362
202305,서울특별시,송파구,65,421
202305,서울특별시,송파구,66,385
202305,서울특별시,송파구,67,427
202305,서울특별시,송파구,68,454
202305,서울특별시,송파구,69,343
202305,서울특별시,송파구,70,331
202305,서울특별시,송파구,71,309
202305,서울특별시,송파구,72,285
202305,서울특별시,송파구,73,313
202305,서울특별시,송파구,74,304
202305,서울특별시,송파구,75,275
202305,서울특별시,송파구,76,327
202305,서울특별시,송파구,77,229
202305,서울특별시,송파구,78,254
202305,서울특별시,송파구,79,251
202305,서울특별시,송파구,80,254
202305,서울특별시,송파구,81,221
202305,서울특별시,송파구,82,209
202305,서울특별시,송파구,83,176
202305,서울특별시,송파구,84,168
202305,서울특별시,송파구,85,168
202305,서울특별시,송파구,86,128
202305,서울특별시,송파구,87,116
202305,서울특별시,송파구,88,95
202305,서울특별시,송파구,89,78
202305,서울특별시,송파구,90,75
202305,서울특별시,송파구,91,52
202305,서울특별시,송파구,92,50
202305,서울특별시,송파구,93,36
202305,서울특별시,송파구,94,43
202305,서울특별시,송파구,95,24
202305,서울특별시,송파구,96,16
202305,서울특별시,송파구,97,14
202305,서울특별시,송파구,98,10
202305,서울특별시,송파구,99,4
202305,서울특별시,송파구,100,8
202305,서울특별시,송파구,101,3
202305,서울특별시,송파구,102,3
202305,서울특별시,송파구,104,1
202305,서울특별시,송파구,105,1
202305,서울특별시,송파구,111,1
202305,서울특별시,송파구,115,1
202305,서울특별시,강동구,0,11
202305,서울특별시,강동구,1,25
202305,서울특별시,강동구,2,22
202305,서울특별시,강동구,3,29
202305,서울특별시,강동구,4,37
202305,서울특별시,강동구,5,55
202305,서울특별시,강동구,6,53
202305,서울특별시,강동구,7,82
202305,서울특별시,강동구,8,100
202305,서울특별시,강동구,9,94
202305,서울특별시,강동구,10,105
202305,서울특별시,강동구,11,133
202305,서울특별시,강동구,12,152
202305,서울특별시,강동구,13,151
202305,서울특별시,강동구,14,169
202305,서울특별시,강동구,15,173
202305,서울특별시,강동구,16,177
202305,서울특별시,강동구,17,184
202305,서울특별시,강동구,18,157
202305,서울특별시,강동구,19,178
202305,서울특별시,강동구,20,123
202305,서울특별시,강동구,21,118
202305,서울특별시,강동구,22,128
202305,서울특별시,강동구,23,119
202305,서울특별시,강동구,24,106
202305,서울특별시,강동구,25,98
202305,서울특별시,강동구,26,70
202305,서울특별시,강동구,27,70
202305,서울특별시,강동구,28,56
202305,서울특별시,강동구,29,42
202305,서울특별시,강동구,30,77
202305,서울특별시,강동구,31,106
202305,서울특별시,강동구,32,67
202305,서울특별시,강동구,33,76
202305,서울특별시,강동구,34,77
202305,서울특별시,강동구,35,82
202305,서울특별시,강동구,36,83
202305,서울특별시,강동구,37,93
202305,서울특별시,강동구,38,95
202305,서울특별시,강동구,39,107
202305,서울특별시,강동구,40,97
202305,서울특별시,강동구,41,144
202305,서울특별시,강동구,42,156
202305,서울특별시,강동구,43,144
202305,서울특별시,강동구,44,152
202305,서울특별시,강동구,45,156
202305,서울특별시,강동구,46,178
202305,서울특별시,강동구,47,184
202305,서울특별시,강동구,48,188
202305,서울특별시,강동구,49,239
202305,서울특별시,강동구,50,256
202305,서울특별시,강동구,51,257
202305,서울특별시,강동구,52,289
202305,서울특별시,강동구,53,278
202305,서울특별시,강동구,54,297
202305,서울특별시,강동구,55,316
202305,서울특별시,강동구,56,318
202305,서울특별시,강동구,57,290
202305,서울특별시,강동구,58,375
202305,서울특별시,강동구,59,347
202305,서울특별시,강동구,60,381
202305,서울특별시,강동구,61,375
202305,서울특별시,강동구,62,410
202305,서울특별시,강동구,63,430
202305,서울특별시,강동구,64,385
202305,서울특별시,강동구,65,422
202305,서울특별시,강동구,66,417
202305,서울특별시,강동구,67,428
202305,서울특별시,강동구,68,511
202305,서울특별시,강동구,69,368
202305,서울특별시,강동구,70,364
202305,서울특별시,강동구,71,293
202305,서울특별시,강동구,72,286
202305,서울특별시,강동구,73,310
202305,서울특별시,강동구,74,284
202305,서울특별시,강동구,75,310
202305,서울특별시,강동구,76,269
202305,서울특별시,강동구,77,209
202305,서울특별시,강동구,78,219
202305,서울특별시,강동구,79,222
202305,서울특별시,강동구,80,288
202305,서울특별시,강동구,81,286
202305,서울특별시,강동구,82,194
202305,서울특별시,강동구,83,201
202305,서울특별시,강동구,84,191
202305,서울특별시,강동구,85,147
202305,서울특별시,강동구,86,140
202305,서울특별시,강동구,87,129
202305,서울특별시,강동구,88,110
202305,서울특별시,강동구,89,98
202305,서울특별시,강동구,90,77
202305,서울특별시,강동구,91,60
202305,서울특별시,강동구,92,52
202305,서울특별시,강동구,93,45
202305,서울특별시,강동구,94,32
202305,서울특별시,강동구,95,19
202305,서울특별시,강동구,96,23
202305,서울특별시,강동구,97,8
202305,서울특별시,강동구,98,7
202305,서울특별시,강동구,99,5
202305,서울특별시,강동구,100,3
202305,서울특별시,강동구,101,2
202305,서울특별시,강동구,102,2
202305,서울특별시,강동구,103,3
202305,서울특별시,강동구,104,3
202305,서울특별시,강동구,106,2
202305,부산광역시,중구,0,1
202305,부산광역시,중구,1,3
202305,부산광역시,중구,2,1
202305,부산광역시,중구,3,4
202305,부산광역시,중구,4,4
202305,부산광역시,중구,5,6
202305,부산광역시,중구,6,12
202305,부산광역시,중구,7,12
202305,부산광역시,중구,8,11
202305,부산광역시,중구,9,23
202305,부산광역시,중구,10,16
202305,부산광역시,중구,11,24
202305,부산광역시,중구,12,27
202305,부산광역시,중구,13,18
202305,부산광역시,중구,14,27
202305,부산광역시,중구,15,37
202305,부산광역시,중구,16,31
202305,부산광역시,중구,17,31
202305,부산광역시,중구,18,31
202305,부산광역시,중구,19,30
202305,부산광역시,중구,20,16
202305,부산광역시,중구,21,16
202305,부산광역시,중구,22,30
202305,부산광역시,중구,23,32
202305,부산광역시,중구,24,17
202305,부산광역시,중구,25,18
202305,부산광역시,중구,26,10
202305,부산광역시,중구,27,12
202305,부산광역시,중구,28,4
202305,부산광역시,중구,29,7
202305,부산광역시,중구,30,10
202305,부산광역시,중구,31,6
202305,부산광역시,중구,32,10
202305,부산광역시,중구,33,10
202305,부산광역시,중구,34,11
202305,부산광역시,중구,35,11
202305,부산광역시,중구,36,19
202305,부산광역시,중구,37,14
202305,부산광역시,중구,38,12
202305,부산광역시,중구,39,10
202305,부산광역시,중구,40,19
202305,부산광역시,중구,41,28
202305,부산광역시,중구,42,23
202305,부산광역시,중구,43,20
202305,부산광역시,중구,44,32
202305,부산광역시,중구,45,44
202305,부산광역시,중구,46,31
202305,부산광역시,중구,47,34
202305,부산광역시,중구,48,46
202305,부산광역시,중구,49,40
202305,부산광역시,중구,50,62
202305,부산광역시,중구,51,54
202305,부산광역시,중구,52,55
202305,부산광역시,중구,53,60
202305,부산광역시,중구,54,58
202305,부산광역시,중구,55,81
202305,부산광역시,중구,56,80
202305,부산광역시,중구,57,69
202305,부산광역시,중구,58,86
202305,부산광역시,중구,59,82
202305,부산광역시,중구,60,81
202305,부산광역시,중구,61,107
202305,부산광역시,중구,62,102
202305,부산광역시,중구,63,95
202305,부산광역시,중구,64,118
202305,부산광역시,중구,65,127
202305,부산광역시,중구,66,142
202305,부산광역시,중구,67,118
202305,부산광역시,중구,68,154
202305,부산광역시,중구,69,123
202305,부산광역시,중구,70,125
202305,부산광역시,중구,71,121
202305,부산광역시,중구,72,95
202305,부산광역시,중구,73,101
202305,부산광역시,중구,74,99
202305,부산광역시,중구,75,113
202305,부산광역시,중구,76,100
202305,부산광역시,중구,77,59
202305,부산광역시,중구,78,82
202305,부산광역시,중구,79,81
202305,부산광역시,중구,80,91
202305,부산광역시,중구,81,83
202305,부산광역시,중구,82,57
202305,부산광역시,중구,83,70
202305,부산광역시,중구,84,74
202305,부산광역시,중구,85,55
202305,부산광역시,중구,86,46
202305,부산광역시,중구,87,44
202305,부산광역시,중구,88,38
202305,부산광역시,중구,89,34
202305,부산광역시,중구,90,21
202305,부산광역시,중구,91,23
202305,부산광역시,중구,92,13
202305,부산광역시,중구,93,11
202305,부산광역시,중구,94,11
202305,부산광역시,중구,95,7
202305,부산광역시,중구,96,4
202305,부산광역시,중구,97,3
202305,부산광역시,중구,98,1
202305,부산광역시,중구,99,2
202305,부산광역시,중구,100,2
202305,부산광역시,중구,101,2
202305,부산광역시,서구,0,7
202305,부산광역시,서구,1,3
202305,부산광역시,서구,2,10
202305,부산광역시,서구,3,5
202305,부산광역시,서구,4,12
202305,부산광역시,서구,5,26
202305,부산광역시,서구,6,38
202305,부산광역시,서구,7,45
202305,부산광역시,서구,8,51
202305,부산광역시,서구,9,59
202305,부산광역시,서구,10,57
202305,부산광역시,서구,11,75
202305,부산광역시,서구,12,70
202305,부산광역시,서구,13,78
202305,부산광역시,서구,14,64
202305,부산광역시,서구,15,85
202305,부산광역시,서구,16,83
202305,부산광역시,서구,17,77
202305,부산광역시,서구,18,78
202305,부산광역시,서구,19,77
202305,부산광역시,서구,20,58
202305,부산광역시,서구,21,70
202305,부산광역시,서구,22,66
202305,부산광역시,서구,23,68
202305,부산광역시,서구,24,46
202305,부산광역시,서구,25,40
202305,부산광역시,서구,26,30
202305,부산광역시,서구,27,28
202305,부산광역시,서구,28,25
202305,부산광역시,서구,29,15
202305,부산광역시,서구,30,19
202305,부산광역시,서구,31,20
202305,부산광역시,서구,32,22
202305,부산광역시,서구,33,27
202305,부산광역시,서구,34,25
202305,부산광역시,서구,35,17
202305,부산광역시,서구,36,22
202305,부산광역시,서구,37,24
202305,부산광역시,서구,38,44
202305,부산광역시,서구,39,41
202305,부산광역시,서구,40,40
202305,부산광역시,서구,41,49
202305,부산광역시,서구,42,73
202305,부산광역시,서구,43,68
202305,부산광역시,서구,44,70
202305,부산광역시,서구,45,85
202305,부산광역시,서구,46,74
202305,부산광역시,서구,47,90
202305,부산광역시,서구,48,90
202305,부산광역시,서구,49,103
202305,부산광역시,서구,50,125
202305,부산광역시,서구,51,113
202305,부산광역시,서구,52,127
202305,부산광역시,서구,53,128
202305,부산광역시,서구,54,152
202305,부산광역시,서구,55,126
202305,부산광역시,서구,56,146
202305,부산광역시,서구,57,160
202305,부산광역시,서구,58,139
202305,부산광역시,서구,59,149
202305,부산광역시,서구,60,188
202305,부산광역시,서구,61,182
202305,부산광역시,서구,62,228
202305,부산광역시,서구,63,192
202305,부산광역시,서구,64,235
202305,부산광역시,서구,65,247
202305,부산광역시,서구,66,247
202305,부산광역시,서구,67,248
202305,부산광역시,서구,68,287
202305,부산광역시,서구,69,236
202305,부산광역시,서구,70,241
202305,부산광역시,서구,71,237
202305,부산광역시,서구,72,210
202305,부산광역시,서구,73,223
202305,부산광역시,서구,74,197
202305,부산광역시,서구,75,229
202305,부산광역시,서구,76,209
202305,부산광역시,서구,77,169
202305,부산광역시,서구,78,205
202305,부산광역시,서구,79,210
202305,부산광역시,서구,80,239
202305,부산광역시,서구,81,211
202305,부산광역시,서구,82,187
202305,부산광역시,서구,83,178
202305,부산광역시,서구,84,179
202305,부산광역시,서구,85,129
202305,부산광역시,서구,86,143
202305,부산광역시,서구,87,130
202305,부산광역시,서구,88,97
202305,부산광역시,서구,89,75
202305,부산광역시,서구,90,65
202305,부산광역시,서구,91,41
202305,부산광역시,서구,92,31
202305,부산광역시,서구,93,24
202305,부산광역시,서구,94,20
202305,부산광역시,서구,95,24
202305,부산광역시,서구,96,8
202305,부산광역시,서구,97,8
202305,부산광역시,서구,98,3
202305,부산광역시,서구,99,3
202305,부산광역시,서구,100,3
202305,부산광역시,서구,103,3
202305,부산광역시,동구,0,6
202305,부산광역시,동구,1,13
202305,부산광역시,동구,2,10
202305,부산광역시,동구,3,11
202305,부산광역시,동구,4,18
202305,부산광역시,동구,5,12
202305,부산광역시,동구,6,36
202305,부산광역시,동구,7,39
202305,부산광역시,동구,8,50
202305,부산광역시,동구,9,45
202305,부산광역시,동구,10,57
202305,부산광역시,동구,11,91
202305,부산광역시,동구,12,81
202305,부산광역시,동구,13,73
202305,부산광역시,동구,14,88
202305,부산광역시,동구,15,94
202305,부산광역시,동구,16,93
202305,부산광역시,동구,17,90
202305,부산광역시,동구,18,80
202305,부산광역시,동구,19,68
202305,부산광역시,동구,20,54
202305,부산광역시,동구,21,71
202305,부산광역시,동구,22,82
202305,부산광역시,동구,23,60
202305,부산광역시,동구,24,61
202305,부산광역시,동구,25,51
202305,부산광역시,동구,26,45
202305,부산광역시,동구,27,32
202305,부산광역시,동구,28,30
202305,부산광역시,동구,29,25
202305,부산광역시,동구,30,18
202305,부산광역시,동구,31,21
202305,부산광역시,동구,32,27
202305,부산광역시,동구,33,26
202305,부산광역시,동구,34,26
202305,부산광역시,동구,35,31
202305,부산광역시,동구,36,33
202305,부산광역시,동구,37,40
202305,부산광역시,동구,38,42
202305,부산광역시,동구,39,42
202305,부산광역시,동구,40,45
202305,부산광역시,동구,41,53
202305,부산광역시,동구,42,74
202305,부산광역시,동구,43,72
202305,부산광역시,동구,44,82
202305,부산광역시,동구,45,81
202305,부산광역시,동구,46,90
202305,부산광역시,동구,47,91
202305,부산광역시,동구,48,90
202305,부산광역시,동구,49,146
202305,부산광역시,동구,50,131
202305,부산광역시,동구,51,145
202305,부산광역시,동구,52,156
202305,부산광역시,동구,53,157
202305,부산광역시,동구,54,179
202305,부산광역시,동구,55,153
202305,부산광역시,동구,56,139
202305,부산광역시,동구,57,155
202305,부산광역시,동구,58,181
202305,부산광역시,동구,59,163
202305,부산광역시,동구,60,211
202305,부산광역시,동구,61,192
202305,부산광역시,동구,62,256
202305,부산광역시,동구,63,238
202305,부산광역시,동구,64,209
202305,부산광역시,동구,65,290
202305,부산광역시,동구,66,282
202305,부산광역시,동구,67,250
202305,부산광역시,동구,68,261
202305,부산광역시,동구,69,220
202305,부산광역시,동구,70,246
202305,부산광역시,동구,71,213
202305,부산광역시,동구,72,182
202305,부산광역시,동구,73,212
202305,부산광역시,동구,74,208
202305,부산광역시,동구,75,209
202305,부산광역시,동구,76,207
202305,부산광역시,동구,77,134
202305,부산광역시,동구,78,222
202305,부산광역시,동구,79,203
202305,부산광역시,동구,80,243
202305,부산광역시,동구,81,221
202305,부산광역시,동구,82,195
202305,부산광역시,동구,83,182
202305,부산광역시,동구,84,190
202305,부산광역시,동구,85,152
202305,부산광역시,동구,86,133
202305,부산광역시,동구,87,146
202305,부산광역시,동구,88,87
202305,부산광역시,동구,89,64
202305,부산광역시,동구,90,56
202305,부산광역시,동구,91,67
202305,부산광역시,동구,92,38
202305,부산광역시,동구,93,20
202305,부산광역시,동구,94,28
202305,부산광역시,동구,95,21
202305,부산광역시,동구,96,9
202305,부산광역시,동구,97,4
202305,부산광역시,동구,98,2
202305,부산광역시,동구,99,1
202305,부산광역시,동구,100,1
202305,부산광역시,동구,101,2
202305,부산광역시,영도구,0,4
202305,부산광역시,영도구,1,6
202305,부산광역시,영도구,2,15
202305,부산광역시,영도구,3,19
202305,부산광역시,영도구,4,26
202305,부산광역시,영도구,5,36
202305,부산광역시,영도구,6,41
202305,부산광역시,영도구,7,68
202305,부산광역시,영도구,8,67
202305,부산광역시,영도구,9,71
202305,부산광역시,영도구,10,91
202305,부산광역시,영도구,11,81
202305,부산광역시,영도구,12,88
202305,부산광역시,영도구,13,84
202305,부산광역시,영도구,14,92
202305,부산광역시,영도구,15,101
202305,부산광역시,영도구,16,131
202305,부산광역시,영도구,17,116
202305,부산광역시,영도구,18,114
202305,부산광역시,영도구,19,89
202305,부산광역시,영도구,20,74
202305,부산광역시,영도구,21,75
202305,부산광역시,영도구,22,100
202305,부산광역시,영도구,23,77
202305,부산광역시,영도구,24,74
202305,부산광역시,영도구,25,55
202305,부산광역시,영도구,26,42
202305,부산광역시,영도구,27,32
202305,부산광역시,영도구,28,36
202305,부산광역시,영도구,29,34
202305,부산광역시,영도구,30,33
202305,부산광역시,영도구,31,35
202305,부산광역시,영도구,32,20
202305,부산광역시,영도구,33,27
202305,부산광역시,영도구,34,30
202305,부산광역시,영도구,35,27
202305,부산광역시,영도구,36,28
202305,부산광역시,영도구,37,35
202305,부산광역시,영도구,38,43
202305,부산광역시,영도구,39,52
202305,부산광역시,영도구,40,57
202305,부산광역시,영도구,41,67
202305,부산광역시,영도구,42,95
202305,부산광역시,영도구,43,102
202305,부산광역시,영도구,44,97
202305,부산광역시,영도구,45,85
202305,부산광역시,영도구,46,114
202305,부산광역시,영도구,47,131
202305,부산광역시,영도구,48,118
202305,부산광역시,영도구,49,168
202305,부산광역시,영도구,50,162
202305,부산광역시,영도구,51,183
202305,부산광역시,영도구,52,194
202305,부산광역시,영도구,53,159
202305,부산광역시,영도구,54,220
202305,부산광역시,영도구,55,195
202305,부산광역시,영도구,56,239
202305,부산광역시,영도구,57,232
202305,부산광역시,영도구,58,175
202305,부산광역시,영도구,59,210
202305,부산광역시,영도구,60,275
202305,부산광역시,영도구,61,273
202305,부산광역시,영도구,62,297
202305,부산광역시,영도구,63,309
202305,부산광역시,영도구,64,263
202305,부산광역시,영도구,65,312
202305,부산광역시,영도구,66,302
202305,부산광역시,영도구,67,345
202305,부산광역시,영도구,68,379
202305,부산광역시,영도구,69,259
202305,부산광역시,영도구,70,246
202305,부산광역시,영도구,71,265
202305,부산광역시,영도구,72,246
202305,부산광역시,영도구,73,276
202305,부산광역시,영도구,74,274
202305,부산광역시,영도구,75,286
202305,부산광역시,영도구,76,268
202305,부산광역시,영도구,77,168
202305,부산광역시,영도구,78,252
202305,부산광역시,영도구,79,268
202305,부산광역시,영도구,80,312
202305,부산광역시,영도구,81,291
202305,부산광역시,영도구,82,250
202305,부산광역시,영도구,83,243
202305,부산광역시,영도구,84,195
202305,부산광역시,영도구,85,169
202305,부산광역시,영도구,86,169
202305,부산광역시,영도구,87,154
202305,부산광역시,영도구,88,113
202305,부산광역시,영도구,89,80
202305,부산광역시,영도구,90,73
202305,부산광역시,영도구,91,39
202305,부산광역시,영도구,92,29
202305,부산광역시,영도구,93,27
202305,부산광역시,영도구,94,25
202305,부산광역시,영도구,95,16
202305,부산광역시,영도구,96,16
202305,부산광역시,영도구,97,10
202305,부산광역시,영도구,98,4
202305,부산광역시,영도구,99,1
202305,부산광역시,영도구,100,2
202305,부산광역시,영도구,101,2
202305,부산광역시,영도구,102,1
202305,부산광역시,영도구,103,1
202305,부산광역시,영도구,106,2
202305,부산광역시,부산진구,0,18
202305,부산광역시,부산진구,1,26
202305,부산광역시,부산진구,2,33
202305,부산광역시,부산진구,3,40
202305,부산광역시,부산진구,4,56
202305,부산광역시,부산진구,5,64
202305,부산광역시,부산진구,6,89
202305,부산광역시,부산진구,7,132
202305,부산광역시,부산진구,8,142
202305,부산광역시,부산진구,9,153
202305,부산광역시,부산진구,10,177
202305,부산광역시,부산진구,11,159
202305,부산광역시,부산진구,12,187
202305,부산광역시,부산진구,13,187
202305,부산광역시,부산진구,14,187
202305,부산광역시,부산진구,15,247
202305,부산광역시,부산진구,16,202
202305,부산광역시,부산진구,17,232
202305,부산광역시,부산진구,18,201
202305,부산광역시,부산진구,19,175
202305,부산광역시,부산진구,20,164
202305,부산광역시,부산진구,21,186
202305,부산광역시,부산진구,22,225
202305,부산광역시,부산진구,23,164
202305,부산광역시,부산진구,24,161
202305,부산광역시,부산진구,25,132
202305,부산광역시,부산진구,26,100
202305,부산광역시,부산진구,27,94
202305,부산광역시,부산진구,28,80
202305,부산광역시,부산진구,29,61
202305,부산광역시,부산진구,30,70
202305,부산광역시,부산진구,31,89
202305,부산광역시,부산진구,32,82
202305,부산광역시,부산진구,33,93
202305,부산광역시,부산진구,34,95
202305,부산광역시,부산진구,35,112
202305,부산광역시,부산진구,36,97
202305,부산광역시,부산진구,37,114
202305,부산광역시,부산진구,38,125
202305,부산광역시,부산진구,39,142
202305,부산광역시,부산진구,40,147
202305,부산광역시,부산진구,41,178
202305,부산광역시,부산진구,42,186
202305,부산광역시,부산진구,43,210
202305,부산광역시,부산진구,44,180
202305,부산광역시,부산진구,45,180
202305,부산광역시,부산진구,46,212
202305,부산광역시,부산진구,47,205
202305,부산광역시,부산진구,48,282
202305,부산광역시,부산진구,49,336
202305,부산광역시,부산진구,50,286
202305,부산광역시,부산진구,51,339
202305,부산광역시,부산진구,52,365
202305,부산광역시,부산진구,53,363
202305,부산광역시,부산진구,54,378
202305,부산광역시,부산진구,55,371
202305,부산광역시,부산진구,56,376
202305,부산광역시,부산진구,57,367
202305,부산광역시,부산진구,58,366
202305,부산광역시,부산진구,59,375
202305,부산광역시,부산진구,60,468
202305,부산광역시,부산진구,61,443
202305,부산광역시,부산진구,62,481
202305,부산광역시,부산진구,63,484
202305,부산광역시,부산진구,64,488
202305,부산광역시,부산진구,65,547
202305,부산광역시,부산진구,66,583
202305,부산광역시,부산진구,67,533
202305,부산광역시,부산진구,68,562
202305,부산광역시,부산진구,69,471
202305,부산광역시,부산진구,70,496
202305,부산광역시,부산진구,71,467
202305,부산광역시,부산진구,72,381
202305,부산광역시,부산진구,73,489
202305,부산광역시,부산진구,74,427
202305,부산광역시,부산진구,75,441
202305,부산광역시,부산진구,76,422
202305,부산광역시,부산진구,77,287
202305,부산광역시,부산진구,78,350
202305,부산광역시,부산진구,79,357
202305,부산광역시,부산진구,80,431
202305,부산광역시,부산진구,81,421
202305,부산광역시,부산진구,82,372
202305,부산광역시,부산진구,83,356
202305,부산광역시,부산진구,84,327
202305,부산광역시,부산진구,85,248
202305,부산광역시,부산진구,86,242
202305,부산광역시,부산진구,87,223
202305,부산광역시,부산진구,88,201
202305,부산광역시,부산진구,89,152
202305,부산광역시,부산진구,90,107
202305,부산광역시,부산진구,91,111
202305,부산광역시,부산진구,92,63
202305,부산광역시,부산진구,93,49
202305,부산광역시,부산진구,94,37
202305,부산광역시,부산진구,95,34
202305,부산광역시,부산진구,96,24
202305,부산광역시,부산진구,97,11
202305,부산광역시,부산진구,98,10
202305,부산광역시,부산진구,99,6
202305,부산광역시,부산진구,101,2
202305,부산광역시,부산진구,102,2
202305,부산광역시,부산진구,104,1
202305,부산광역시,부산진구,105,1
202305,부산광역시,부산진구,106,1
202305,부산광역시,동래구,0,5
202305,부산광역시,동래구,1,14
202305,부산광역시,동래구,2,23
202305,부산광역시,동래구,3,27
202305,부산광역시,동래구,4,40
202305,부산광역시,동래구,5,34
202305,부산광역시,동래구,6,59
202305,부산광역시,동래구,7,68
202305,부산광역시,동래구,8,115
202305,부산광역시,동래구,9,91
202305,부산광역시,동래구,10,111
202305,부산광역시,동래구,11,100
202305,부산광역시,동래구,12,131
202305,부산광역시,동래구,13,110
202305,부산광역시,동래구,14,119
202305,부산광역시,동래구,15,161
202305,부산광역시,동래구,16,134
202305,부산광역시,동래구,17,141
202305,부산광역시,동래구,18,121
202305,부산광역시,동래구,19,122
202305,부산광역시,동래구,20,99
202305,부산광역시,동래구,21,89
202305,부산광역시,동래구,22,127
202305,부산광역시,동래구,23,112
202305,부산광역시,동래구,24,84
202305,부산광역시,동래구,25,79
202305,부산광역시,동래구,26,66
202305,부산광역시,동래구,27,58
202305,부산광역시,동래구,28,41
202305,부산광역시,동래구,29,43
202305,부산광역시,동래구,30,38
202305,부산광역시,동래구,31,59
202305,부산광역시,동래구,32,45
202305,부산광역시,동래구,33,47
202305,부산광역시,동래구,34,68
202305,부산광역시,동래구,35,47
202305,부산광역시,동래구,36,63
202305,부산광역시,동래구,37,59
202305,부산광역시,동래구,38,53
202305,부산광역시,동래구,39,93
202305,부산광역시,동래구,40,84
202305,부산광역시,동래구,41,103
202305,부산광역시,동래구,42,114
202305,부산광역시,동래구,43,119
202305,부산광역시,동래구,44,116
202305,부산광역시,동래구,45,129
202305,부산광역시,동래구,46,113
202305,부산광역시,동래구,47,151
202305,부산광역시,동래구,48,160
202305,부산광역시,동래구,49,143
202305,부산광역시,동래구,50,209
202305,부산광역시,동래구,51,201
202305,부산광역시,동래구,52,220
202305,부산광역시,동래구,53,181
202305,부산광역시,동래구,54,195
202305,부산광역시,동래구,55,201
202305,부산광역시,동래구,56,201
202305,부산광역시,동래구,57,210
202305,부산광역시,동래구,58,205
202305,부산광역시,동래구,59,185
202305,부산광역시,동래구,60,228
202305,부산광역시,동래구,61,248
202305,부산광역시,동래구,62,274
202305,부산광역시,동래구,63,271
202305,부산광역시,동래구,64,255
202305,부산광역시,동래구,65,263
202305,부산광역시,동래구,66,315
202305,부산광역시,동래구,67,295
202305,부산광역시,동래구,68,318
202305,부산광역시,동래구,69,294
202305,부산광역시,동래구,70,260
202305,부산광역시,동래구,71,245
202305,부산광역시,동래구,72,214
202305,부산광역시,동래구,73,246
202305,부산광역시,동래구,74,209
202305,부산광역시,동래구,75,214
202305,부산광역시,동래구,76,191
202305,부산광역시,동래구,77,160
202305,부산광역시,동래구,78,193
202305,부산광역시,동래구,79,216
202305,부산광역시,동래구,80,213
202305,부산광역시,동래구,81,211
202305,부산광역시,동래구,82,190
202305,부산광역시,동래구,83,185
202305,부산광역시,동래구,84,177
202305,부산광역시,동래구,85,122
202305,부산광역시,동래구,86,136
202305,부산광역시,동래구,87,117
202305,부산광역시,동래구,88,125
202305,부산광역시,동래구,89,73
202305,부산광역시,동래구,90,66
202305,부산광역시,동래구,91,43
202305,부산광역시,동래구,92,38
202305,부산광역시,동래구,93,26
202305,부산광역시,동래구,94,23
202305,부산광역시,동래구,95,23
202305,부산광역시,동래구,96,11
202305,부산광역시,동래구,97,11
202305,부산광역시,동래구,98,7
202305,부산광역시,동래구,99,4
202305,부산광역시,동래구,100,2
202305,부산광역시,동래구,104,1
202305,부산광역시,동래구,106,1
202305,부산광역시,남구,0,8
202305,부산광역시,남구,1,12
202305,부산광역시,남구,2,16
202305,부산광역시,남구,3,23
202305,부산광역시,남구,4,24
202305,부산광역시,남구,5,41
202305,부산광역시,남구,6,40
202305,부산광역시,남구,7,69
202305,부산광역시,남구,8,75
202305,부산광역시,남구,9,97
202305,부산광역시,남구,10,94
202305,부산광역시,남구,11,115
202305,부산광역시,남구,12,121
202305,부산광역시,남구,13,109
202305,부산광역시,남구,14,120
202305,부산광역시,남구,15,133
202305,부산광역시,남구,16,137
202305,부산광역시,남구,17,141
202305,부산광역시,남구,18,119
202305,부산광역시,남구,19,112
202305,부산광역시,남구,20,101
202305,부산광역시,남구,21,77
202305,부산광역시,남구,22,90
202305,부산광역시,남구,23,92
202305,부산광역시,남구,24,74
202305,부산광역시,남구,25,63
202305,부산광역시,남구,26,55
202305,부산광역시,남구,27,30
202305,부산광역시,남구,28,33
202305,부산광역시,남구,29,38
202305,부산광역시,남구,30,39
202305,부산광역시,남구,31,46
202305,부산광역시,남구,32,56
202305,부산광역시,남구,33,46
202305,부산광역시,남구,34,42
202305,부산광역시,남구,35,43
202305,부산광역시,남구,36,41
202305,부산광역시,남구,37,57
202305,부산광역시,남구,38,33
202305,부산광역시,남구,39,58
202305,부산광역시,남구,40,82
202305,부산광역시,남구,41,99
202305,부산광역시,남구,42,92
202305,부산광역시,남구,43,102
202305,부산광역시,남구,44,121
202305,부산광역시,남구,45,107
202305,부산광역시,남구,46,116
202305,부산광역시,남구,47,110
202305,부산광역시,남구,48,144
202305,부산광역시,남구,49,161
202305,부산광역시,남구,50,182
202305,부산광역시,남구,51,213
202305,부산광역시,남구,52,177
202305,부산광역시,남구,53,197
202305,부산광역시,남구,54,216
202305,부산광역시,남구,55,216
202305,부산광역시,남구,56,187
202305,부산광역시,남구,57,183
202305,부산광역시,남구,58,180
202305,부산광역시,남구,59,165
202305,부산광역시,남구,60,206
202305,부산광역시,남구,61,217
202305,부산광역시,남구,62,253
202305,부산광역시,남구,63,224
202305,부산광역시,남구,64,233
202305,부산광역시,남구,65,294
202305,부산광역시,남구,66,259
202305,부산광역시,남구,67,278
202305,부산광역시,남구,68,299
202305,부산광역시,남구,69,254
202305,부산광역시,남구,70,255
202305,부산광역시,남구,71,237
202305,부산광역시,남구,72,202
202305,부산광역시,남구,73,243
202305,부산광역시,남구,74,229
202305,부산광역시,남구,75,220
202305,부산광역시,남구,76,270
202305,부산광역시,남구,77,184
202305,부산광역시,남구,78,229
202305,부산광역시,남구,79,225
202305,부산광역시,남구,80,285
202305,부산광역시,남구,81,241
202305,부산광역시,남구,82,222
202305,부산광역시,남구,83,221
202305,부산광역시,남구,84,182
202305,부산광역시,남구,85,189
202305,부산광역시,남구,86,149
202305,부산광역시,남구,87,138
202305,부산광역시,남구,88,145
202305,부산광역시,남구,89,109
202305,부산광역시,남구,90,62
202305,부산광역시,남구,91,49
202305,부산광역시,남구,92,42
202305,부산광역시,남구,93,37
202305,부산광역시,남구,94,33
202305,부산광역시,남구,95,21
202305,부산광역시,남구,96,10
202305,부산광역시,남구,97,7
202305,부산광역시,남구,98,2
202305,부산광역시,남구,100,1
202305,부산광역시,남구,101,1
202305,부산광역시,남구,102,2
202305,부산광역시,남구,103,2
202305,부산광역시,남구,106,1
202305,부산광역시,남구,108,1
202305,부산광역시,남구,111,1
202305,부산광역시,북구,0,20
202305,부산광역시,북구,1,27
202305,부산광역시,북구,2,30
202305,부산광역시,북구,3,48
202305,부산광역시,북구,4,32
202305,부산광역시,북구,5,61
202305,부산광역시,북구,6,96
202305,부산광역시,북구,7,135
202305,부산광역시,북구,8,128
202305,부산광역시,북구,9,148
202305,부산광역시,북구,10,176
202305,부산광역시,북구,11,184
202305,부산광역시,북구,12,196
202305,부산광역시,북구,13,201
202305,부산광역시,북구,14,199
202305,부산광역시,북구,15,218
202305,부산광역시,북구,16,213
202305,부산광역시,북구,17,213
202305,부산광역시,북구,18,182
202305,부산광역시,북구,19,192
202305,부산광역시,북구,20,140
202305,부산광역시,북구,21,175
202305,부산광역시,북구,22,198
202305,부산광역시,북구,23,182
202305,부산광역시,북구,24,159
202305,부산광역시,북구,25,138
202305,부산광역시,북구,26,102
202305,부산광역시,북구,27,97
202305,부산광역시,북구,28,77
202305,부산광역시,북구,29,77
202305,부산광역시,북구,30,90
202305,부산광역시,북구,31,83
202305,부산광역시,북구,32,74
202305,부산광역시,북구,33,96
202305,부산광역시,북구,34,86
202305,부산광역시,북구,35,91
202305,부산광역시,북구,36,91
202305,부산광역시,북구,37,83
202305,부산광역시,북구,38,93
202305,부산광역시,북구,39,129
202305,부산광역시,북구,40,150
202305,부산광역시,북구,41,184
202305,부산광역시,북구,42,171
202305,부산광역시,북구,43,194
202305,부산광역시,북구,44,177
202305,부산광역시,북구,45,166
202305,부산광역시,북구,46,217
202305,부산광역시,북구,47,212
202305,부산광역시,북구,48,260
202305,부산광역시,북구,49,256
202305,부산광역시,북구,50,321
202305,부산광역시,북구,51,309
202305,부산광역시,북구,52,339
202305,부산광역시,북구,53,348
202305,부산광역시,북구,54,410
202305,부산광역시,북구,55,355
202305,부산광역시,북구,56,398
202305,부산광역시,북구,57,418
202305,부산광역시,북구,58,383
202305,부산광역시,북구,59,399
202305,부산광역시,북구,60,480
202305,부산광역시,북구,61,494
202305,부산광역시,북구,62,585
202305,부산광역시,북구,63,522
202305,부산광역시,북구,64,533
202305,부산광역시,북구,65,536
202305,부산광역시,북구,66,572
202305,부산광역시,북구,67,533
202305,부산광역시,북구,68,576
202305,부산광역시,북구,69,464
202305,부산광역시,북구,70,457
202305,부산광역시,북구,71,432
202305,부산광역시,북구,72,390
202305,부산광역시,북구,73,405
202305,부산광역시,북구,74,410
202305,부산광역시,북구,75,436
202305,부산광역시,북구,76,421
202305,부산광역시,북구,77,284
202305,부산광역시,북구,78,343
202305,부산광역시,북구,79,351
202305,부산광역시,북구,80,464
202305,부산광역시,북구,81,427
202305,부산광역시,북구,82,358
202305,부산광역시,북구,83,353
202305,부산광역시,북구,84,294
202305,부산광역시,북구,85,227
202305,부산광역시,북구,86,273
202305,부산광역시,북구,87,199
202305,부산광역시,북구,88,217
202305,부산광역시,북구,89,156
202305,부산광역시,북구,90,101
202305,부산광역시,북구,91,110
202305,부산광역시,북구,92,68
202305,부산광역시,북구,93,33
202305,부산광역시,북구,94,39
202305,부산광역시,북구,95,31
202305,부산광역시,북구,96,13
202305,부산광역시,북구,97,10
202305,부산광역시,북구,98,12
202305,부산광역시,북구,99,6
202305,부산광역시,북구,100,4
202305,부산광역시,북구,101,5
202305,부산광역시,북구,102,1
202305,부산광역시,북구,104,1
202305,부산광역시,해운대구,0,10
202305,부산광역시,해운대구,1,30
202305,부산광역시,해운대구,2,31
202305,부산광역시,해운대구,3,43
202305,부산광역시,해운대구,4,44
202305,부산광역시,해운대구,5,68
202305,부산광역시,해운대구,6,73
202305,부산광역시,해운대구,7,117
202305,부산광역시,해운대구,8,177
202305,부산광역시,해운대구,9,149
202305,부산광역시,해운대구,10,201
202305,부산광역시,해운대구,11,192
202305,부산광역시,해운대구,12,229
202305,부산광역시,해운대구,13,194
202305,부산광역시,해운대구,14,236
202305,부산광역시,해운대구,15,239
202305,부산광역시,해운대구,16,252
202305,부산광역시,해운대구,17,242
202305,부산광역시,해운대구,18,188
202305,부산광역시,해운대구,19,190
202305,부산광역시,해운대구,20,165
202305,부산광역시,해운대구,21,171
202305,부산광역시,해운대구,22,195
202305,부산광역시,해운대구,23,170
202305,부산광역시,해운대구,24,131
202305,부산광역시,해운대구,25,109
202305,부산광역시,해운대구,26,115
202305,부산광역시,해운대구,27,93
202305,부산광역시,해운대구,28,87
202305,부산광역시,해운대구,29,60
202305,부산광역시,해운대구,30,82
202305,부산광역시,해운대구,31,75
202305,부산광역시,해운대구,32,68
202305,부산광역시,해운대구,33,84
202305,부산광역시,해운대구,34,65
202305,부산광역시,해운대구,35,69
202305,부산광역시,해운대구,36,91
202305,부산광역시,해운대구,37,100
202305,부산광역시,해운대구,38,117
202305,부산광역시,해운대구,39,107
202305,부산광역시,해운대구,40,162
202305,부산광역시,해운대구,41,190
202305,부산광역시,해운대구,42,219
202305,부산광역시,해운대구,43,204
202305,부산광역시,해운대구,44,193
202305,부산광역시,해운대구,45,213
202305,부산광역시,해운대구,46,220
202305,부산광역시,해운대구,47,235
202305,부산광역시,해운대구,48,271
202305,부산광역시,해운대구,49,295
202305,부산광역시,해운대구,50,314
202305,부산광역시,해운대구,51,353
202305,부산광역시,해운대구,52,368
202305,부산광역시,해운대구,53,374
202305,부산광역시,해운대구,54,347
202305,부산광역시,해운대구,55,327
202305,부산광역시,해운대구,56,337
202305,부산광역시,해운대구,57,349
202305,부산광역시,해운대구,58,349
202305,부산광역시,해운대구,59,303
202305,부산광역시,해운대구,60,413
202305,부산광역시,해운대구,61,379
202305,부산광역시,해운대구,62,469
202305,부산광역시,해운대구,63,427
202305,부산광역시,해운대구,64,457
202305,부산광역시,해운대구,65,451
202305,부산광역시,해운대구,66,504
202305,부산광역시,해운대구,67,543
202305,부산광역시,해운대구,68,567
202305,부산광역시,해운대구,69,437
202305,부산광역시,해운대구,70,511
202305,부산광역시,해운대구,71,447
202305,부산광역시,해운대구,72,384
202305,부산광역시,해운대구,73,432
202305,부산광역시,해운대구,74,444
202305,부산광역시,해운대구,75,422
202305,부산광역시,해운대구,76,413
202305,부산광역시,해운대구,77,282
202305,부산광역시,해운대구,78,426
202305,부산광역시,해운대구,79,406
202305,부산광역시,해운대구,80,490
202305,부산광역시,해운대구,81,416
202305,부산광역시,해운대구,82,385
202305,부산광역시,해운대구,83,367
202305,부산광역시,해운대구,84,326
202305,부산광역시,해운대구,85,309
202305,부산광역시,해운대구,86,273
202305,부산광역시,해운대구,87,229
202305,부산광역시,해운대구,88,164
202305,부산광역시,해운대구,89,153
202305,부산광역시,해운대구,90,118
202305,부산광역시,해운대구,91,101
202305,부산광역시,해운대구,92,52
202305,부산광역시,해운대구,93,48
202305,부산광역시,해운대구,94,48
202305,부산광역시,해운대구,95,34
202305,부산광역시,해운대구,96,25
202305,부산광역시,해운대구,97,11
202305,부산광역시,해운대구,98,12
202305,부산광역시,해운대구,99,4
202305,부산광역시,해운대구,100,10
202305,부산광역시,해운대구,101,2
202305,부산광역시,해운대구,102,1
202305,부산광역시,해운대구,103,1
202305,부산광역시,해운대구,113,1
202305,부산광역시,사하구,0,14
202305,부산광역시,사하구,1,34
202305,부산광역시,사하구,2,44
202305,부산광역시,사하구,3,53
202305,부산광역시,사하구,4,66
202305,부산광역시,사하구,5,74
202305,부산광역시,사하구,6,101
202305,부산광역시,사하구,7,168
202305,부산광역시,사하구,8,172
202305,부산광역시,사하구,9,184
202305,부산광역시,사하구,10,218
202305,부산광역시,사하구,11,225
202305,부산광역시,사하구,12,230
202305,부산광역시,사하구,13,202
202305,부산광역시,사하구,14,220
202305,부산광역시,사하구,15,286
202305,부산광역시,사하구,16,280
202305,부산광역시,사하구,17,256
202305,부산광역시,사하구,18,246
202305,부산광역시,사하구,19,196
202305,부산광역시,사하구,20,210
202305,부산광역시,사하구,21,158
202305,부산광역시,사하구,22,190
202305,부산광역시,사하구,23,188
202305,부산광역시,사하구,24,149
202305,부산광역시,사하구,25,135
202305,부산광역시,사하구,26,112
202305,부산광역시,사하구,27,89
202305,부산광역시,사하구,28,96
202305,부산광역시,사하구,29,80
202305,부산광역시,사하구,30,79
202305,부산광역시,사하구,31,67
202305,부산광역시,사하구,32,78
202305,부산광역시,사하구,33,66
202305,부산광역시,사하구,34,61
202305,부산광역시,사하구,35,81
202305,부산광역시,사하구,36,92
202305,부산광역시,사하구,37,106
202305,부산광역시,사하구,38,126
202305,부산광역시,사하구,39,147
202305,부산광역시,사하구,40,157
202305,부산광역시,사하구,41,207
202305,부산광역시,사하구,42,213
202305,부산광역시,사하구,43,236
202305,부산광역시,사하구,44,204
202305,부산광역시,사하구,45,205
202305,부산광역시,사하구,46,210
202305,부산광역시,사하구,47,257
202305,부산광역시,사하구,48,286
202305,부산광역시,사하구,49,323
202305,부산광역시,사하구,50,345
202305,부산광역시,사하구,51,343
202305,부산광역시,사하구,52,384
202305,부산광역시,사하구,53,377
202305,부산광역시,사하구,54,418
202305,부산광역시,사하구,55,410
202305,부산광역시,사하구,56,409
202305,부산광역시,사하구,57,387
202305,부산광역시,사하구,58,392
202305,부산광역시,사하구,59,437
202305,부산광역시,사하구,60,458
202305,부산광역시,사하구,61,481
202305,부산광역시,사하구,62,553
202305,부산광역시,사하구,63,510
202305,부산광역시,사하구,64,533
202305,부산광역시,사하구,65,562
202305,부산광역시,사하구,66,577
202305,부산광역시,사하구,67,543
202305,부산광역시,사하구,68,596
202305,부산광역시,사하구,69,496
202305,부산광역시,사하구,70,478
202305,부산광역시,사하구,71,518
202305,부산광역시,사하구,72,423
202305,부산광역시,사하구,73,450
202305,부산광역시,사하구,74,448
202305,부산광역시,사하구,75,471
202305,부산광역시,사하구,76,479
202305,부산광역시,사하구,77,320
202305,부산광역시,사하구,78,422
202305,부산광역시,사하구,79,399
202305,부산광역시,사하구,80,470
202305,부산광역시,사하구,81,460
202305,부산광역시,사하구,82,341
202305,부산광역시,사하구,83,373
202305,부산광역시,사하구,84,334
202305,부산광역시,사하구,85,272
202305,부산광역시,사하구,86,235
202305,부산광역시,사하구,87,190
202305,부산광역시,사하구,88,181
202305,부산광역시,사하구,89,142
202305,부산광역시,사하구,90,100
202305,부산광역시,사하구,91,74
202305,부산광역시,사하구,92,55
202305,부산광역시,사하구,93,61
202305,부산광역시,사하구,94,43
202305,부산광역시,사하구,95,36
202305,부산광역시,사하구,96,23
202305,부산광역시,사하구,97,18
202305,부산광역시,사하구,98,11
202305,부산광역시,사하구,99,8
202305,부산광역시,사하구,100,6
202305,부산광역시,사하구,102,1
202305,부산광역시,사하구,103,1
202305,부산광역시,사하구,111,1
202305,부산광역시,금정구,0,8
202305,부산광역시,금정구,1,13
202305,부산광역시,금정구,2,16
202305,부산광역시,금정구,3,27
202305,부산광역시,금정구,4,28
202305,부산광역시,금정구,5,38
202305,부산광역시,금정구,6,45
202305,부산광역시,금정구,7,62
202305,부산광역시,금정구,8,81
202305,부산광역시,금정구,9,87
202305,부산광역시,금정구,10,79
202305,부산광역시,금정구,11,107
202305,부산광역시,금정구,12,95
202305,부산광역시,금정구,13,101
202305,부산광역시,금정구,14,112
202305,부산광역시,금정구,15,132
202305,부산광역시,금정구,16,133
202305,부산광역시,금정구,17,149
202305,부산광역시,금정구,18,114
202305,부산광역시,금정구,19,121
202305,부산광역시,금정구,20,113
202305,부산광역시,금정구,21,133
202305,부산광역시,금정구,22,135
202305,부산광역시,금정구,23,126
202305,부산광역시,금정구,24,96
202305,부산광역시,금정구,25,99
202305,부산광역시,금정구,26,75
202305,부산광역시,금정구,27,56
202305,부산광역시,금정구,28,54
202305,부산광역시,금정구,29,38
202305,부산광역시,금정구,30,35
202305,부산광역시,금정구,31,56
202305,부산광역시,금정구,32,43
202305,부산광역시,금정구,33,46
202305,부산광역시,금정구,34,53
202305,부산광역시,금정구,35,42
202305,부산광역시,금정구,36,48
202305,부산광역시,금정구,37,54
202305,부산광역시,금정구,38,56
202305,부산광역시,금정구,39,59
202305,부산광역시,금정구,40,80
202305,부산광역시,금정구,41,91
202305,부산광역시,금정구,42,112
202305,부산광역시,금정구,43,120
202305,부산광역시,금정구,44,90
202305,부산광역시,금정구,45,101
202305,부산광역시,금정구,46,127
202305,부산광역시,금정구,47,135
202305,부산광역시,금정구,48,133
202305,부산광역시,금정구,49,172
202305,부산광역시,금정구,50,214
202305,부산광역시,금정구,51,216
202305,부산광역시,금정구,52,202
202305,부산광역시,금정구,53,217
202305,부산광역시,금정구,54,227
202305,부산광역시,금정구,55,218
202305,부산광역시,금정구,56,242
202305,부산광역시,금정구,57,243
202305,부산광역시,금정구,58,235
202305,부산광역시,금정구,59,242
202305,부산광역시,금정구,60,284
202305,부산광역시,금정구,61,276
202305,부산광역시,금정구,62,308
202305,부산광역시,금정구,63,313
202305,부산광역시,금정구,64,325
202305,부산광역시,금정구,65,332
202305,부산광역시,금정구,66,320
202305,부산광역시,금정구,67,361
202305,부산광역시,금정구,68,360
202305,부산광역시,금정구,69,315
202305,부산광역시,금정구,70,288
202305,부산광역시,금정구,71,289
202305,부산광역시,금정구,72,230
202305,부산광역시,금정구,73,262
202305,부산광역시,금정구,74,291
202305,부산광역시,금정구,75,248
202305,부산광역시,금정구,76,288
202305,부산광역시,금정구,77,184
202305,부산광역시,금정구,78,250
202305,부산광역시,금정구,79,230
202305,부산광역시,금정구,80,287
202305,부산광역시,금정구,81,280
202305,부산광역시,금정구,82,238
202305,부산광역시,금정구,83,257
202305,부산광역시,금정구,84,197
202305,부산광역시,금정구,85,169
202305,부산광역시,금정구,86,154
202305,부산광역시,금정구,87,151
202305,부산광역시,금정구,88,120
202305,부산광역시,금정구,89,87
202305,부산광역시,금정구,90,70
202305,부산광역시,금정구,91,67
202305,부산광역시,금정구,92,49
202305,부산광역시,금정구,93,34
202305,부산광역시,금정구,94,35
202305,부산광역시,금정구,95,14
202305,부산광역시,금정구,96,12
202305,부산광역시,금정구,97,8
202305,부산광역시,금정구,98,9
202305,부산광역시,금정구,99,1
202305,부산광역시,금정구,100,2
202305,부산광역시,금정구,101,3
202305,부산광역시,강서구,0,10
202305,부산광역시,강서구,1,18
202305,부산광역시,강서구,2,15
202305,부산광역시,강서구,3,16
202305,부산광역시,강서구,4,26
202305,부산광역시,강서구,5,38
202305,부산광역시,강서구,6,33
202305,부산광역시,강서구,7,58
202305,부산광역시,강서구,8,68
202305,부산광역시,강서구,9,86
202305,부산광역시,강서구,10,77
202305,부산광역시,강서구,11,79
202305,부산광역시,강서구,12,74
202305,부산광역시,강서구,13,81
202305,부산광역시,강서구,14,74
202305,부산광역시,강서구,15,75
202305,부산광역시,강서구,16,52
202305,부산광역시,강서구,17,56
202305,부산광역시,강서구,18,53
202305,부산광역시,강서구,19,38
202305,부산광역시,강서구,20,29
202305,부산광역시,강서구,21,23
202305,부산광역시,강서구,22,25
202305,부산광역시,강서구,23,23
202305,부산광역시,강서구,24,23
202305,부산광역시,강서구,25,15
202305,부산광역시,강서구,26,5
202305,부산광역시,강서구,27,10
202305,부산광역시,강서구,28,12
202305,부산광역시,강서구,29,10
202305,부산광역시,강서구,30,11
202305,부산광역시,강서구,31,15
202305,부산광역시,강서구,32,17
202305,부산광역시,강서구,33,21
202305,부산광역시,강서구,34,19
202305,부산광역시,강서구,35,24
202305,부산광역시,강서구,36,24
202305,부산광역시,강서구,37,29
202305,부산광역시,강서구,38,42
202305,부산광역시,강서구,39,44
202305,부산광역시,강서구,40,47
202305,부산광역시,강서구,41,56
202305,부산광역시,강서구,42,50
202305,부산광역시,강서구,43,61
202305,부산광역시,강서구,44,54
202305,부산광역시,강서구,45,52
202305,부산광역시,강서구,46,39
202305,부산광역시,강서구,47,37
202305,부산광역시,강서구,48,51
202305,부산광역시,강서구,49,56
202305,부산광역시,강서구,50,54
202305,부산광역시,강서구,51,55
202305,부산광역시,강서구,52,48
202305,부산광역시,강서구,53,50
202305,부산광역시,강서구,54,61
202305,부산광역시,강서구,55,42
202305,부산광역시,강서구,56,48
202305,부산광역시,강서구,57,52
202305,부산광역시,강서구,58,60
202305,부산광역시,강서구,59,56
202305,부산광역시,강서구,60,56
202305,부산광역시,강서구,61,81
202305,부산광역시,강서구,62,84
202305,부산광역시,강서구,63,80
202305,부산광역시,강서구,64,76
202305,부산광역시,강서구,65,92
202305,부산광역시,강서구,66,94
202305,부산광역시,강서구,67,100
202305,부산광역시,강서구,68,111
202305,부산광역시,강서구,69,81
202305,부산광역시,강서구,70,106
202305,부산광역시,강서구,71,95
202305,부산광역시,강서구,72,69
202305,부산광역시,강서구,73,75
202305,부산광역시,강서구,74,91
202305,부산광역시,강서구,75,69
202305,부산광역시,강서구,76,68
202305,부산광역시,강서구,77,53
202305,부산광역시,강서구,78,71
202305,부산광역시,강서구,79,69
202305,부산광역시,강서구,80,78
202305,부산광역시,강서구,81,60
202305,부산광역시,강서구,82,52
202305,부산광역시,강서구,83,60
202305,부산광역시,강서구,84,66
202305,부산광역시,강서구,85,48
202305,부산광역시,강서구,86,41
202305,부산광역시,강서구,87,25
202305,부산광역시,강서구,88,36
202305,부산광역시,강서구,89,22
202305,부산광역시,강서구,90,15
202305,부산광역시,강서구,91,24
202305,부산광역시,강서구,92,15
202305,부산광역시,강서구,93,11
202305,부산광역시,강서구,94,8
202305,부산광역시,강서구,95,8
202305,부산광역시,강서구,97,5
202305,부산광역시,강서구,99,1
202305,부산광역시,강서구,100,2
202305,부산광역시,강서구,101,1
202305,부산광역시,강서구,107,1
202305,부산광역시,연제구,0,11
202305,부산광역시,연제구,1,15
202305,부산광역시,연제구,2,19
202305,부산광역시,연제구,3,15
202305,부산광역시,연제구,4,35
202305,부산광역시,연제구,5,25
202305,부산광역시,연제구,6,47
202305,부산광역시,연제구,7,66
202305,부산광역시,연제구,8,74
202305,부산광역시,연제구,9,76
202305,부산광역시,연제구,10,93
202305,부산광역시,연제구,11,111
202305,부산광역시,연제구,12,100
202305,부산광역시,연제구,13,110
202305,부산광역시,연제구,14,108
202305,부산광역시,연제구,15,127
202305,부산광역시,연제구,16,125
202305,부산광역시,연제구,17,125
202305,부산광역시,연제구,18,124
202305,부산광역시,연제구,19,97
202305,부산광역시,연제구,20,93
202305,부산광역시,연제구,21,100
202305,부산광역시,연제구,22,100
202305,부산광역시,연제구,23,120
202305,부산광역시,연제구,24,90
202305,부산광역시,연제구,25,80
202305,부산광역시,연제구,26,62
202305,부산광역시,연제구,27,49
202305,부산광역시,연제구,28,41
202305,부산광역시,연제구,29,30
202305,부산광역시,연제구,30,44
202305,부산광역시,연제구,31,40
202305,부산광역시,연제구,32,36
202305,부산광역시,연제구,33,48
202305,부산광역시,연제구,34,32
202305,부산광역시,연제구,35,46
202305,부산광역시,연제구,36,48
202305,부산광역시,연제구,37,65
202305,부산광역시,연제구,38,44
202305,부산광역시,연제구,39,75
202305,부산광역시,연제구,40,78
202305,부산광역시,연제구,41,84
202305,부산광역시,연제구,42,98
202305,부산광역시,연제구,43,100
202305,부산광역시,연제구,44,92
202305,부산광역시,연제구,45,103
202305,부산광역시,연제구,46,92
202305,부산광역시,연제구,47,89
202305,부산광역시,연제구,48,130
202305,부산광역시,연제구,49,131
202305,부산광역시,연제구,50,146
202305,부산광역시,연제구,51,140
202305,부산광역시,연제구,52,197
202305,부산광역시,연제구,53,192
202305,부산광역시,연제구,54,209
202305,부산광역시,연제구,55,192
202305,부산광역시,연제구,56,191
202305,부산광역시,연제구,57,203
202305,부산광역시,연제구,58,211
202305,부산광역시,연제구,59,194
202305,부산광역시,연제구,60,261
202305,부산광역시,연제구,61,267
202305,부산광역시,연제구,62,279
202305,부산광역시,연제구,63,274
202305,부산광역시,연제구,64,237
202305,부산광역시,연제구,65,289
202305,부산광역시,연제구,66,309
202305,부산광역시,연제구,67,309
202305,부산광역시,연제구,68,335
202305,부산광역시,연제구,69,252
202305,부산광역시,연제구,70,242
202305,부산광역시,연제구,71,205
202305,부산광역시,연제구,72,200
202305,부산광역시,연제구,73,223
202305,부산광역시,연제구,74,208
202305,부산광역시,연제구,75,204
202305,부산광역시,연제구,76,214
202305,부산광역시,연제구,77,143
202305,부산광역시,연제구,78,159
202305,부산광역시,연제구,79,179
202305,부산광역시,연제구,80,185
202305,부산광역시,연제구,81,192
202305,부산광역시,연제구,82,175
202305,부산광역시,연제구,83,167
202305,부산광역시,연제구,84,150
202305,부산광역시,연제구,85,114
202305,부산광역시,연제구,86,126
202305,부산광역시,연제구,87,112
202305,부산광역시,연제구,88,83
202305,부산광역시,연제구,89,55
202305,부산광역시,연제구,90,38
202305,부산광역시,연제구,91,46
202305,부산광역시,연제구,92,35
202305,부산광역시,연제구,93,16
202305,부산광역시,연제구,94,23
202305,부산광역시,연제구,95,15
202305,부산광역시,연제구,96,11
202305,부산광역시,연제구,97,6
202305,부산광역시,연제구,98,1
202305,부산광역시,연제구,100,4
202305,부산광역시,연제구,101,1
202305,부산광역시,연제구,103,2
202305,부산광역시,연제구,110,1
202305,부산광역시,수영구,0,11
202305,부산광역시,수영구,1,8
202305,부산광역시,수영구,2,19
202305,부산광역시,수영구,3,22
202305,부산광역시,수영구,4,22
202305,부산광역시,수영구,5,28
202305,부산광역시,수영구,6,33
202305,부산광역시,수영구,7,35
202305,부산광역시,수영구,8,54
202305,부산광역시,수영구,9,61
202305,부산광역시,수영구,10,83
202305,부산광역시,수영구,11,75
202305,부산광역시,수영구,12,95
202305,부산광역시,수영구,13,76
202305,부산광역시,수영구,14,78
202305,부산광역시,수영구,15,106
202305,부산광역시,수영구,16,100
202305,부산광역시,수영구,17,80
202305,부산광역시,수영구,18,94
202305,부산광역시,수영구,19,101
202305,부산광역시,수영구,20,79
202305,부산광역시,수영구,21,83
202305,부산광역시,수영구,22,101
202305,부산광역시,수영구,23,89
202305,부산광역시,수영구,24,75
202305,부산광역시,수영구,25,69
202305,부산광역시,수영구,26,53
202305,부산광역시,수영구,27,42
202305,부산광역시,수영구,28,41
202305,부산광역시,수영구,29,35
202305,부산광역시,수영구,30,37
202305,부산광역시,수영구,31,44
202305,부산광역시,수영구,32,39
202305,부산광역시,수영구,33,45
202305,부산광역시,수영구,34,36
202305,부산광역시,수영구,35,33
202305,부산광역시,수영구,36,41
202305,부산광역시,수영구,37,34
202305,부산광역시,수영구,38,55
202305,부산광역시,수영구,39,59
202305,부산광역시,수영구,40,67
202305,부산광역시,수영구,41,70
202305,부산광역시,수영구,42,78
202305,부산광역시,수영구,43,81
202305,부산광역시,수영구,44,77
202305,부산광역시,수영구,45,94
202305,부산광역시,수영구,46,112
202305,부산광역시,수영구,47,109
202305,부산광역시,수영구,48,109
202305,부산광역시,수영구,49,140
202305,부산광역시,수영구,50,144
202305,부산광역시,수영구,51,156
202305,부산광역시,수영구,52,168
202305,부산광역시,수영구,53,167
202305,부산광역시,수영구,54,152
202305,부산광역시,수영구,55,146
202305,부산광역시,수영구,56,173
202305,부산광역시,수영구,57,170
202305,부산광역시,수영구,58,162
202305,부산광역시,수영구,59,154
202305,부산광역시,수영구,60,158
202305,부산광역시,수영구,61,185
202305,부산광역시,수영구,62,214
202305,부산광역시,수영구,63,193
202305,부산광역시,수영구,64,202
202305,부산광역시,수영구,65,212
202305,부산광역시,수영구,66,254
202305,부산광역시,수영구,67,247
202305,부산광역시,수영구,68,258
202305,부산광역시,수영구,69,176
202305,부산광역시,수영구,70,188
202305,부산광역시,수영구,71,189
202305,부산광역시,수영구,72,155
202305,부산광역시,수영구,73,185
202305,부산광역시,수영구,74,184
202305,부산광역시,수영구,75,197
202305,부산광역시,수영구,76,178
202305,부산광역시,수영구,77,114
202305,부산광역시,수영구,78,140
202305,부산광역시,수영구,79,166
202305,부산광역시,수영구,80,170
202305,부산광역시,수영구,81,157
202305,부산광역시,수영구,82,150
202305,부산광역시,수영구,83,136
202305,부산광역시,수영구,84,111
202305,부산광역시,수영구,85,120
202305,부산광역시,수영구,86,108
202305,부산광역시,수영구,87,83
202305,부산광역시,수영구,88,85
202305,부산광역시,수영구,89,56
202305,부산광역시,수영구,90,42
202305,부산광역시,수영구,91,40
202305,부산광역시,수영구,92,34
202305,부산광역시,수영구,93,19
202305,부산광역시,수영구,94,21
202305,부산광역시,수영구,95,16
202305,부산광역시,수영구,96,8
202305,부산광역시,수영구,97,9
202305,부산광역시,수영구,98,1
202305,부산광역시,수영구,99,4
202305,부산광역시,수영구,100,1
202305,부산광역시,수영구,101,1
202305,부산광역시,수영구,102,1
202305,부산광역시,사상구,0,9
202305,부산광역시,사상구,1,14
202305,부산광역시,사상구,2,23
202305,부산광역시,사상구,3,27
202305,부산광역시,사상구,4,26
202305,부산광역시,사상구,5,49
202305,부산광역시,사상구,6,66
202305,부산광역시,사상구,7,86
202305,부산광역시,사상구,8,86
202305,부산광역시,사상구,9,73
202305,부산광역시,사상구,10,116
202305,부산광역시,사상구,11,119
202305,부산광역시,사상구,12,122
202305,부산광역시,사상구,13,102
202305,부산광역시,사상구,14,137
202305,부산광역시,사상구,15,132
202305,부산광역시,사상구,16,153
202305,부산광역시,사상구,17,155
202305,부산광역시,사상구,18,139
202305,부산광역시,사상구,19,135
202305,부산광역시,사상구,20,108
202305,부산광역시,사상구,21,101
202305,부산광역시,사상구,22,121
202305,부산광역시,사상구,23,89
202305,부산광역시,사상구,24,81
202305,부산광역시,사상구,25,66
202305,부산광역시,사상구,26,51
202305,부산광역시,사상구,27,48
202305,부산광역시,사상구,28,49
202305,부산광역시,사상구,29,43
202305,부산광역시,사상구,30,40
202305,부산광역시,사상구,31,46
202305,부산광역시,사상구,32,44
202305,부산광역시,사상구,33,58
202305,부산광역시,사상구,34,48
202305,부산광역시,사상구,35,52
202305,부산광역시,사상구,36,50
202305,부산광역시,사상구,37,80
202305,부산광역시,사상구,38,62
202305,부산광역시,사상구,39,86
202305,부산광역시,사상구,40,89
202305,부산광역시,사상구,41,116
202305,부산광역시,사상구,42,125
202305,부산광역시,사상구,43,140
202305,부산광역시,사상구,44,124
202305,부산광역시,사상구,45,128
202305,부산광역시,사상구,46,132
202305,부산광역시,사상구,47,158
202305,부산광역시,사상구,48,170
202305,부산광역시,사상구,49,186
202305,부산광역시,사상구,50,219
202305,부산광역시,사상구,51,214
202305,부산광역시,사상구,52,250
202305,부산광역시,사상구,53,254
202305,부산광역시,사상구,54,312
202305,부산광역시,사상구,55,279
202305,부산광역시,사상구,56,305
202305,부산광역시,사상구,57,303
202305,부산광역시,사상구,58,273
202305,부산광역시,사상구,59,307
202305,부산광역시,사상구,60,359
202305,부산광역시,사상구,61,348
202305,부산광역시,사상구,62,451
202305,부산광역시,사상구,63,408
202305,부산광역시,사상구,64,413
202305,부산광역시,사상구,65,394
202305,부산광역시,사상구,66,370
202305,부산광역시,사상구,67,362
202305,부산광역시,사상구,68,409
202305,부산광역시,사상구,69,317
202305,부산광역시,사상구,70,316
202305,부산광역시,사상구,71,333
202305,부산광역시,사상구,72,287
202305,부산광역시,사상구,73,295
202305,부산광역시,사상구,74,307
202305,부산광역시,사상구,75,310
202305,부산광역시,사상구,76,285
202305,부산광역시,사상구,77,178
202305,부산광역시,사상구,78,221
202305,부산광역시,사상구,79,231
202305,부산광역시,사상구,80,276
202305,부산광역시,사상구,81,251
202305,부산광역시,사상구,82,220
202305,부산광역시,사상구,83,208
202305,부산광역시,사상구,84,183
202305,부산광역시,사상구,85,162
202305,부산광역시,사상구,86,138
202305,부산광역시,사상구,87,126
202305,부산광역시,사상구,88,99
202305,부산광역시,사상구,89,77
202305,부산광역시,사상구,90,55
202305,부산광역시,사상구,91,47
202305,부산광역시,사상구,92,22
202305,부산광역시,사상구,93,24
202305,부산광역시,사상구,94,18
202305,부산광역시,사상구,95,17
202305,부산광역시,사상구,96,10
202305,부산광역시,사상구,97,8
202305,부산광역시,사상구,98,5
202305,부산광역시,사상구,99,2
202305,부산광역시,사상구,100,4
202305,부산광역시,사상구,102,2
202305,부산광역시,기장군,0,14
202305,부산광역시,기장군,1,34
202305,부산광역시,기장군,2,29
202305,부산광역시,기장군,3,38
202305,부산광역시,기장군,4,42
202305,부산광역시,기장군,5,52
202305,부산광역시,기장군,6,74
202305,부산광역시,기장군,7,115
202305,부산광역시,기장군,8,122
202305,부산광역시,기장군,9,146
202305,부산광역시,기장군,10,146
202305,부산광역시,기장군,11,155
202305,부산광역시,기장군,12,193
202305,부산광역시,기장군,13,140
202305,부산광역시,기장군,14,156
202305,부산광역시,기장군,15,163
202305,부산광역시,기장군,16,172
202305,부산광역시,기장군,17,136
202305,부산광역시,기장군,18,112
202305,부산광역시,기장군,19,108
202305,부산광역시,기장군,20,106
202305,부산광역시,기장군,21,92
202305,부산광역시,기장군,22,89
202305,부산광역시,기장군,23,60
202305,부산광역시,기장군,24,69
202305,부산광역시,기장군,25,55
202305,부산광역시,기장군,26,46
202305,부산광역시,기장군,27,37
202305,부산광역시,기장군,28,43
202305,부산광역시,기장군,29,30
202305,부산광역시,기장군,30,30
202305,부산광역시,기장군,31,32
202305,부산광역시,기장군,32,45
202305,부산광역시,기장군,33,37
202305,부산광역시,기장군,34,43
202305,부산광역시,기장군,35,42
202305,부산광역시,기장군,36,52
202305,부산광역시,기장군,37,63
202305,부산광역시,기장군,38,73
202305,부산광역시,기장군,39,71
202305,부산광역시,기장군,40,100
202305,부산광역시,기장군,41,104
202305,부산광역시,기장군,42,115
202305,부산광역시,기장군,43,146
202305,부산광역시,기장군,44,127
202305,부산광역시,기장군,45,131
202305,부산광역시,기장군,46,128
202305,부산광역시,기장군,47,138
202305,부산광역시,기장군,48,142
202305,부산광역시,기장군,49,156
202305,부산광역시,기장군,50,150
202305,부산광역시,기장군,51,166
202305,부산광역시,기장군,52,180
202305,부산광역시,기장군,53,143
202305,부산광역시,기장군,54,156
202305,부산광역시,기장군,55,147
202305,부산광역시,기장군,56,130
202305,부산광역시,기장군,57,127
202305,부산광역시,기장군,58,137
202305,부산광역시,기장군,59,148
202305,부산광역시,기장군,60,173
202305,부산광역시,기장군,61,169
202305,부산광역시,기장군,62,181
202305,부산광역시,기장군,63,180
202305,부산광역시,기장군,64,171
202305,부산광역시,기장군,65,216
202305,부산광역시,기장군,66,239
202305,부산광역시,기장군,67,243
202305,부산광역시,기장군,68,249
202305,부산광역시,기장군,69,239
202305,부산광역시,기장군,70,235
202305,부산광역시,기장군,71,232
202305,부산광역시,기장군,72,228
202305,부산광역시,기장군,73,250
202305,부산광역시,기장군,74,223
202305,부산광역시,기장군,75,260
202305,부산광역시,기장군,76,246
202305,부산광역시,기장군,77,163
202305,부산광역시,기장군,78,244
202305,부산광역시,기장군,79,194
202305,부산광역시,기장군,80,252
202305,부산광역시,기장군,81,174
202305,부산광역시,기장군,82,198
202305,부산광역시,기장군,83,176
202305,부산광역시,기장군,84,157
202305,부산광역시,기장군,85,123
202305,부산광역시,기장군,86,115
202305,부산광역시,기장군,87,95
202305,부산광역시,기장군,88,81
202305,부산광역시,기장군,89,65
202305,부산광역시,기장군,90,55
202305,부산광역시,기장군,91,50
202305,부산광역시,기장군,92,28
202305,부산광역시,기장군,93,23
202305,부산광역시,기장군,94,20
202305,부산광역시,기장군,95,14
202305,부산광역시,기장군,96,10
202305,부산광역시,기장군,97,8
202305,부산광역시,기장군,98,4
202305,부산광역시,기장군,99,5
202305,부산광역시,기장군,100,1
202305,부산광역시,기장군,103,1
202305,대구광역시,중구,0,1
202305,대구광역시,중구,1,7
202305,대구광역시,중구,2,3
202305,대구광역시,중구,3,4
202305,대구광역시,중구,4,11
202305,대구광역시,중구,5,9
202305,대구광역시,중구,6,13
202305,대구광역시,중구,7,18
202305,대구광역시,중구,8,26
202305,대구광역시,중구,9,24
202305,대구광역시,중구,10,31
202305,대구광역시,중구,11,24
202305,대구광역시,중구,12,26
202305,대구광역시,중구,13,37
202305,대구광역시,중구,14,34
202305,대구광역시,중구,15,35
202305,대구광역시,중구,16,39
202305,대구광역시,중구,17,38
202305,대구광역시,중구,18,32
202305,대구광역시,중구,19,44
202305,대구광역시,중구,20,39
202305,대구광역시,중구,21,45
202305,대구광역시,중구,22,38
202305,대구광역시,중구,23,43
202305,대구광역시,중구,24,40
202305,대구광역시,중구,25,17
202305,대구광역시,중구,26,22
202305,대구광역시,중구,27,18
202305,대구광역시,중구,28,13
202305,대구광역시,중구,29,17
202305,대구광역시,중구,30,22
202305,대구광역시,중구,31,20
202305,대구광역시,중구,32,23
202305,대구광역시,중구,33,21
202305,대구광역시,중구,34,13
202305,대구광역시,중구,35,10
202305,대구광역시,중구,36,13
202305,대구광역시,중구,37,18
202305,대구광역시,중구,38,26
202305,대구광역시,중구,39,16
202305,대구광역시,중구,40,25
202305,대구광역시,중구,41,27
202305,대구광역시,중구,42,28
202305,대구광역시,중구,43,42
202305,대구광역시,중구,44,31
202305,대구광역시,중구,45,28
202305,대구광역시,중구,46,49
202305,대구광역시,중구,47,48
202305,대구광역시,중구,48,43
202305,대구광역시,중구,49,69
202305,대구광역시,중구,50,55
202305,대구광역시,중구,51,68
202305,대구광역시,중구,52,71
202305,대구광역시,중구,53,68
202305,대구광역시,중구,54,67
202305,대구광역시,중구,55,68
202305,대구광역시,중구,56,67
202305,대구광역시,중구,57,70
202305,대구광역시,중구,58,65
202305,대구광역시,중구,59,82
202305,대구광역시,중구,60,81
202305,대구광역시,중구,61,84
202305,대구광역시,중구,62,79
202305,대구광역시,중구,63,92
202305,대구광역시,중구,64,107
202305,대구광역시,중구,65,91
202305,대구광역시,중구,66,110
202305,대구광역시,중구,67,105
202305,대구광역시,중구,68,105
202305,대구광역시,중구,69,71
202305,대구광역시,중구,70,108
202305,대구광역시,중구,71,86
202305,대구광역시,중구,72,63
202305,대구광역시,중구,73,86
202305,대구광역시,중구,74,97
202305,대구광역시,중구,75,82
202305,대구광역시,중구,76,85
202305,대구광역시,중구,77,66
202305,대구광역시,중구,78,71
202305,대구광역시,중구,79,94
202305,대구광역시,중구,80,99
202305,대구광역시,중구,81,67
202305,대구광역시,중구,82,69
202305,대구광역시,중구,83,85
202305,대구광역시,중구,84,74
202305,대구광역시,중구,85,60
202305,대구광역시,중구,86,58
202305,대구광역시,중구,87,54
202305,대구광역시,중구,88,45
202305,대구광역시,중구,89,33
202305,대구광역시,중구,90,26
202305,대구광역시,중구,91,22
202305,대구광역시,중구,92,22
202305,대구광역시,중구,93,14
202305,대구광역시,중구,94,7
202305,대구광역시,중구,95,11
202305,대구광역시,중구,96,4
202305,대구광역시,중구,97,2
202305,대구광역시,중구,98,3
202305,대구광역시,중구,99,3
202305,대구광역시,중구,102,1
202305,대구광역시,동구,0,11
202305,대구광역시,동구,1,32
202305,대구광역시,동구,2,32
202305,대구광역시,동구,3,42
202305,대구광역시,동구,4,67
202305,대구광역시,동구,5,58
202305,대구광역시,동구,6,92
202305,대구광역시,동구,7,113
202305,대구광역시,동구,8,132
202305,대구광역시,동구,9,155
202305,대구광역시,동구,10,155
202305,대구광역시,동구,11,180
202305,대구광역시,동구,12,186
202305,대구광역시,동구,13,208
202305,대구광역시,동구,14,180
202305,대구광역시,동구,15,237
202305,대구광역시,동구,16,225
202305,대구광역시,동구,17,202
202305,대구광역시,동구,18,218
202305,대구광역시,동구,19,176
202305,대구광역시,동구,20,149
202305,대구광역시,동구,21,157
202305,대구광역시,동구,22,155
202305,대구광역시,동구,23,155
202305,대구광역시,동구,24,124
202305,대구광역시,동구,25,113
202305,대구광역시,동구,26,83
202305,대구광역시,동구,27,90
202305,대구광역시,동구,28,65
202305,대구광역시,동구,29,57
202305,대구광역시,동구,30,69
202305,대구광역시,동구,31,70
202305,대구광역시,동구,32,88
202305,대구광역시,동구,33,81
202305,대구광역시,동구,34,79
202305,대구광역시,동구,35,73
202305,대구광역시,동구,36,70
202305,대구광역시,동구,37,90
202305,대구광역시,동구,38,104
202305,대구광역시,동구,39,99
202305,대구광역시,동구,40,147
202305,대구광역시,동구,41,147
202305,대구광역시,동구,42,178
202305,대구광역시,동구,43,161
202305,대구광역시,동구,44,200
202305,대구광역시,동구,45,167
202305,대구광역시,동구,46,193
202305,대구광역시,동구,47,211
202305,대구광역시,동구,48,270
202305,대구광역시,동구,49,256
202305,대구광역시,동구,50,305
202305,대구광역시,동구,51,319
202305,대구광역시,동구,52,320
202305,대구광역시,동구,53,335
202305,대구광역시,동구,54,392
202305,대구광역시,동구,55,373
202305,대구광역시,동구,56,347
202305,대구광역시,동구,57,382
202305,대구광역시,동구,58,389
202305,대구광역시,동구,59,362
202305,대구광역시,동구,60,441
202305,대구광역시,동구,61,414
202305,대구광역시,동구,62,510
202305,대구광역시,동구,63,491
202305,대구광역시,동구,64,470
202305,대구광역시,동구,65,456
202305,대구광역시,동구,66,477
202305,대구광역시,동구,67,517
202305,대구광역시,동구,68,526
202305,대구광역시,동구,69,405
202305,대구광역시,동구,70,453
202305,대구광역시,동구,71,474
202305,대구광역시,동구,72,342
202305,대구광역시,동구,73,371
202305,대구광역시,동구,74,392
202305,대구광역시,동구,75,374
202305,대구광역시,동구,76,375
202305,대구광역시,동구,77,243
202305,대구광역시,동구,78,308
202305,대구광역시,동구,79,365
202305,대구광역시,동구,80,364
202305,대구광역시,동구,81,394
202305,대구광역시,동구,82,353
202305,대구광역시,동구,83,342
202305,대구광역시,동구,84,284
202305,대구광역시,동구,85,302
202305,대구광역시,동구,86,278
202305,대구광역시,동구,87,209
202305,대구광역시,동구,88,205
202305,대구광역시,동구,89,128
202305,대구광역시,동구,90,135
202305,대구광역시,동구,91,98
202305,대구광역시,동구,92,54
202305,대구광역시,동구,93,45
202305,대구광역시,동구,94,23
202305,대구광역시,동구,95,34
202305,대구광역시,동구,96,16
202305,대구광역시,동구,97,10
202305,대구광역시,동구,98,8
202305,대구광역시,동구,99,12
202305,대구광역시,동구,100,3
202305,대구광역시,동구,101,3
202305,대구광역시,동구,102,1
202305,대구광역시,동구,103,3
202305,대구광역시,동구,105,1
202305,대구광역시,서구,0,19
202305,대구광역시,서구,1,22
202305,대구광역시,서구,2,29
202305,대구광역시,서구,3,36
202305,대구광역시,서구,4,47
202305,대구광역시,서구,5,42
202305,대구광역시,서구,6,64
202305,대구광역시,서구,7,92
202305,대구광역시,서구,8,96
202305,대구광역시,서구,9,113
202305,대구광역시,서구,10,141
202305,대구광역시,서구,11,131
202305,대구광역시,서구,12,143
202305,대구광역시,서구,13,138
202305,대구광역시,서구,14,152
202305,대구광역시,서구,15,156
202305,대구광역시,서구,16,150
202305,대구광역시,서구,17,169
202305,대구광역시,서구,18,127
202305,대구광역시,서구,19,131
202305,대구광역시,서구,20,119
202305,대구광역시,서구,21,118
202305,대구광역시,서구,22,124
202305,대구광역시,서구,23,110
202305,대구광역시,서구,24,68
202305,대구광역시,서구,25,83
202305,대구광역시,서구,26,78
202305,대구광역시,서구,27,49
202305,대구광역시,서구,28,62
202305,대구광역시,서구,29,51
202305,대구광역시,서구,30,70
202305,대구광역시,서구,31,51
202305,대구광역시,서구,32,49
202305,대구광역시,서구,33,48
202305,대구광역시,서구,34,55
202305,대구광역시,서구,35,50
202305,대구광역시,서구,36,83
202305,대구광역시,서구,37,71
202305,대구광역시,서구,38,71
202305,대구광역시,서구,39,101
202305,대구광역시,서구,40,119
202305,대구광역시,서구,41,109
202305,대구광역시,서구,42,124
202305,대구광역시,서구,43,131
202305,대구광역시,서구,44,133
202305,대구광역시,서구,45,152
202305,대구광역시,서구,46,161
202305,대구광역시,서구,47,178
202305,대구광역시,서구,48,210
202305,대구광역시,서구,49,231
202305,대구광역시,서구,50,211
202305,대구광역시,서구,51,232
202305,대구광역시,서구,52,258
202305,대구광역시,서구,53,275
202305,대구광역시,서구,54,305
202305,대구광역시,서구,55,332
202305,대구광역시,서구,56,307
202305,대구광역시,서구,57,358
202305,대구광역시,서구,58,350
202305,대구광역시,서구,59,323
202305,대구광역시,서구,60,383
202305,대구광역시,서구,61,386
202305,대구광역시,서구,62,401
202305,대구광역시,서구,63,388
202305,대구광역시,서구,64,383
202305,대구광역시,서구,65,362
202305,대구광역시,서구,66,350
202305,대구광역시,서구,67,354
202305,대구광역시,서구,68,368
202305,대구광역시,서구,69,275
202305,대구광역시,서구,70,324
202305,대구광역시,서구,71,277
202305,대구광역시,서구,72,223
202305,대구광역시,서구,73,261
202305,대구광역시,서구,74,239
202305,대구광역시,서구,75,244
202305,대구광역시,서구,76,229
202305,대구광역시,서구,77,160
202305,대구광역시,서구,78,219
202305,대구광역시,서구,79,257
202305,대구광역시,서구,80,262
202305,대구광역시,서구,81,268
202305,대구광역시,서구,82,229
202305,대구광역시,서구,83,216
202305,대구광역시,서구,84,236
202305,대구광역시,서구,85,196
202305,대구광역시,서구,86,155
202305,대구광역시,서구,87,157
202305,대구광역시,서구,88,112
202305,대구광역시,서구,89,85
202305,대구광역시,서구,90,68
202305,대구광역시,서구,91,67
202305,대구광역시,서구,92,38
202305,대구광역시,서구,93,27
202305,대구광역시,서구,94,23
202305,대구광역시,서구,95,11
202305,대구광역시,서구,96,16
202305,대구광역시,서구,97,4
202305,대구광역시,서구,98,4
202305,대구광역시,서구,99,3
202305,대구광역시,서구,100,2
202305,대구광역시,서구,105,1
202305,대구광역시,서구,106,1
202305,대구광역시,서구,109,1
202305,대구광역시,남구,0,9
202305,대구광역시,남구,1,27
202305,대구광역시,남구,2,25
202305,대구광역시,남구,3,23
202305,대구광역시,남구,4,52
202305,대구광역시,남구,5,49
202305,대구광역시,남구,6,78
202305,대구광역시,남구,7,95
202305,대구광역시,남구,8,71
202305,대구광역시,남구,9,109
202305,대구광역시,남구,10,120
202305,대구광역시,남구,11,136
202305,대구광역시,남구,12,136
202305,대구광역시,남구,13,125
202305,대구광역시,남구,14,153
202305,대구광역시,남구,15,167
202305,대구광역시,남구,16,179
202305,대구광역시,남구,17,159
202305,대구광역시,남구,18,150
202305,대구광역시,남구,19,159
202305,대구광역시,남구,20,106
202305,대구광역시,남구,21,119
202305,대구광역시,남구,22,124
202305,대구광역시,남구,23,123
202305,대구광역시,남구,24,105
202305,대구광역시,남구,25,104
202305,대구광역시,남구,26,85
202305,대구광역시,남구,27,88
202305,대구광역시,남구,28,72
202305,대구광역시,남구,29,57
202305,대구광역시,남구,30,78
202305,대구광역시,남구,31,65
202305,대구광역시,남구,32,53
202305,대구광역시,남구,33,62
202305,대구광역시,남구,34,66
202305,대구광역시,남구,35,53
202305,대구광역시,남구,36,62
202305,대구광역시,남구,37,92
202305,대구광역시,남구,38,89
202305,대구광역시,남구,39,107
202305,대구광역시,남구,40,104
202305,대구광역시,남구,41,125
202305,대구광역시,남구,42,150
202305,대구광역시,남구,43,161
202305,대구광역시,남구,44,147
202305,대구광역시,남구,45,136
202305,대구광역시,남구,46,153
202305,대구광역시,남구,47,176
202305,대구광역시,남구,48,192
202305,대구광역시,남구,49,220
202305,대구광역시,남구,50,239
202305,대구광역시,남구,51,267
202305,대구광역시,남구,52,251
202305,대구광역시,남구,53,267
202305,대구광역시,남구,54,280
202305,대구광역시,남구,55,263
202305,대구광역시,남구,56,237
202305,대구광역시,남구,57,292
202305,대구광역시,남구,58,231
202305,대구광역시,남구,59,263
202305,대구광역시,남구,60,349
202305,대구광역시,남구,61,314
202305,대구광역시,남구,62,369
202305,대구광역시,남구,63,325
202305,대구광역시,남구,64,318
202305,대구광역시,남구,65,339
202305,대구광역시,남구,66,355
202305,대구광역시,남구,67,344
202305,대구광역시,남구,68,359
202305,대구광역시,남구,69,293
202305,대구광역시,남구,70,303
202305,대구광역시,남구,71,292
202305,대구광역시,남구,72,200
202305,대구광역시,남구,73,261
202305,대구광역시,남구,74,260
202305,대구광역시,남구,75,260
202305,대구광역시,남구,76,267
202305,대구광역시,남구,77,151
202305,대구광역시,남구,78,179
202305,대구광역시,남구,79,202
202305,대구광역시,남구,80,243
202305,대구광역시,남구,81,244
202305,대구광역시,남구,82,192
202305,대구광역시,남구,83,184
202305,대구광역시,남구,84,188
202305,대구광역시,남구,85,150
202305,대구광역시,남구,86,132
202305,대구광역시,남구,87,119
202305,대구광역시,남구,88,110
202305,대구광역시,남구,89,81
202305,대구광역시,남구,90,78
202305,대구광역시,남구,91,49
202305,대구광역시,남구,92,45
202305,대구광역시,남구,93,27
202305,대구광역시,남구,94,24
202305,대구광역시,남구,95,15
202305,대구광역시,남구,96,12
202305,대구광역시,남구,97,6
202305,대구광역시,남구,98,3
202305,대구광역시,남구,99,1
202305,대구광역시,남구,100,3
202305,대구광역시,남구,101,2
202305,대구광역시,북구,0,24
202305,대구광역시,북구,1,25
202305,대구광역시,북구,2,30
202305,대구광역시,북구,3,69
202305,대구광역시,북구,4,80
202305,대구광역시,북구,5,80
202305,대구광역시,북구,6,94
202305,대구광역시,북구,7,126
202305,대구광역시,북구,8,144
202305,대구광역시,북구,9,173
202305,대구광역시,북구,10,204
202305,대구광역시,북구,11,237
202305,대구광역시,북구,12,223
202305,대구광역시,북구,13,239
202305,대구광역시,북구,14,246
202305,대구광역시,북구,15,316
202305,대구광역시,북구,16,302
202305,대구광역시,북구,17,314
202305,대구광역시,북구,18,260
202305,대구광역시,북구,19,252
202305,대구광역시,북구,20,181
202305,대구광역시,북구,21,248
202305,대구광역시,북구,22,222
202305,대구광역시,북구,23,145
202305,대구광역시,북구,24,159
202305,대구광역시,북구,25,89
202305,대구광역시,북구,26,86
202305,대구광역시,북구,27,73
202305,대구광역시,북구,28,62
202305,대구광역시,북구,29,57
202305,대구광역시,북구,30,68
202305,대구광역시,북구,31,88
202305,대구광역시,북구,32,80
202305,대구광역시,북구,33,78
202305,대구광역시,북구,34,80
202305,대구광역시,북구,35,86
202305,대구광역시,북구,36,104
202305,대구광역시,북구,37,96
202305,대구광역시,북구,38,104
202305,대구광역시,북구,39,120
202305,대구광역시,북구,40,155
202305,대구광역시,북구,41,202
202305,대구광역시,북구,42,206
202305,대구광역시,북구,43,213
202305,대구광역시,북구,44,224
202305,대구광역시,북구,45,231
202305,대구광역시,북구,46,221
202305,대구광역시,북구,47,291
202305,대구광역시,북구,48,281
202305,대구광역시,북구,49,315
202305,대구광역시,북구,50,319
202305,대구광역시,북구,51,317
202305,대구광역시,북구,52,365
202305,대구광역시,북구,53,361
202305,대구광역시,북구,54,367
202305,대구광역시,북구,55,381
202305,대구광역시,북구,56,383
202305,대구광역시,북구,57,338
202305,대구광역시,북구,58,366
202305,대구광역시,북구,59,358
202305,대구광역시,북구,60,416
202305,대구광역시,북구,61,434
202305,대구광역시,북구,62,417
202305,대구광역시,북구,63,412
202305,대구광역시,북구,64,406
202305,대구광역시,북구,65,391
202305,대구광역시,북구,66,417
202305,대구광역시,북구,67,378
202305,대구광역시,북구,68,380
202305,대구광역시,북구,69,329
202305,대구광역시,북구,70,330
202305,대구광역시,북구,71,328
202305,대구광역시,북구,72,322
202305,대구광역시,북구,73,302
202305,대구광역시,북구,74,371
202305,대구광역시,북구,75,353
202305,대구광역시,북구,76,323
202305,대구광역시,북구,77,195
202305,대구광역시,북구,78,291
202305,대구광역시,북구,79,303
202305,대구광역시,북구,80,408
202305,대구광역시,북구,81,354
202305,대구광역시,북구,82,307
202305,대구광역시,북구,83,317
202305,대구광역시,북구,84,258
202305,대구광역시,북구,85,244
202305,대구광역시,북구,86,217
202305,대구광역시,북구,87,161
202305,대구광역시,북구,88,177
202305,대구광역시,북구,89,123
202305,대구광역시,북구,90,103
202305,대구광역시,북구,91,90
202305,대구광역시,북구,92,56
202305,대구광역시,북구,93,49
202305,대구광역시,북구,94,33
202305,대구광역시,북구,95,29
202305,대구광역시,북구,96,15
202305,대구광역시,북구,97,7
202305,대구광역시,북구,98,9
202305,대구광역시,북구,99,3
202305,대구광역시,북구,100,6
202305,대구광역시,북구,101,2
202305,대구광역시,북구,102,2
202305,대구광역시,북구,105,1
202305,대구광역시,수성구,0,18
202305,대구광역시,수성구,1,18
202305,대구광역시,수성구,2,20
202305,대구광역시,수성구,3,31
202305,대구광역시,수성구,4,44
202305,대구광역시,수성구,5,57
202305,대구광역시,수성구,6,80
202305,대구광역시,수성구,7,105
202305,대구광역시,수성구,8,116
202305,대구광역시,수성구,9,157
202305,대구광역시,수성구,10,173
202305,대구광역시,수성구,11,157
202305,대구광역시,수성구,12,212
202305,대구광역시,수성구,13,194
202305,대구광역시,수성구,14,187
202305,대구광역시,수성구,15,248
202305,대구광역시,수성구,16,235
202305,대구광역시,수성구,17,228
202305,대구광역시,수성구,18,211
202305,대구광역시,수성구,19,213
202305,대구광역시,수성구,20,182
202305,대구광역시,수성구,21,231
202305,대구광역시,수성구,22,237
202305,대구광역시,수성구,23,236
202305,대구광역시,수성구,24,203
202305,대구광역시,수성구,25,141
202305,대구광역시,수성구,26,141
202305,대구광역시,수성구,27,97
202305,대구광역시,수성구,28,76
202305,대구광역시,수성구,29,89
202305,대구광역시,수성구,30,86
202305,대구광역시,수성구,31,74
202305,대구광역시,수성구,32,82
202305,대구광역시,수성구,33,68
202305,대구광역시,수성구,34,81
202305,대구광역시,수성구,35,77
202305,대구광역시,수성구,36,82
202305,대구광역시,수성구,37,101
202305,대구광역시,수성구,38,113
202305,대구광역시,수성구,39,126
202305,대구광역시,수성구,40,148
202305,대구광역시,수성구,41,136
202305,대구광역시,수성구,42,157
202305,대구광역시,수성구,43,162
202305,대구광역시,수성구,44,175
202305,대구광역시,수성구,45,182
202305,대구광역시,수성구,46,168
202305,대구광역시,수성구,47,238
202305,대구광역시,수성구,48,269
202305,대구광역시,수성구,49,278
202305,대구광역시,수성구,50,312
202305,대구광역시,수성구,51,340
202305,대구광역시,수성구,52,382
202305,대구광역시,수성구,53,398
202305,대구광역시,수성구,54,426
202305,대구광역시,수성구,55,370
202305,대구광역시,수성구,56,346
202305,대구광역시,수성구,57,360
202305,대구광역시,수성구,58,397
202305,대구광역시,수성구,59,345
202305,대구광역시,수성구,60,428
202305,대구광역시,수성구,61,413
202305,대구광역시,수성구,62,462
202305,대구광역시,수성구,63,423
202305,대구광역시,수성구,64,378
202305,대구광역시,수성구,65,453
202305,대구광역시,수성구,66,426
202305,대구광역시,수성구,67,428
202305,대구광역시,수성구,68,450
202305,대구광역시,수성구,69,346
202305,대구광역시,수성구,70,417
202305,대구광역시,수성구,71,363
202305,대구광역시,수성구,72,312
202305,대구광역시,수성구,73,318
202305,대구광역시,수성구,74,306
202305,대구광역시,수성구,75,329
202305,대구광역시,수성구,76,291
202305,대구광역시,수성구,77,171
202305,대구광역시,수성구,78,246
202305,대구광역시,수성구,79,296
202305,대구광역시,수성구,80,346
202305,대구광역시,수성구,81,325
202305,대구광역시,수성구,82,279
202305,대구광역시,수성구,83,255
202305,대구광역시,수성구,84,237
202305,대구광역시,수성구,85,210
202305,대구광역시,수성구,86,201
202305,대구광역시,수성구,87,155
202305,대구광역시,수성구,88,178
202305,대구광역시,수성구,89,129
202305,대구광역시,수성구,90,80
202305,대구광역시,수성구,91,89
202305,대구광역시,수성구,92,56
202305,대구광역시,수성구,93,41
202305,대구광역시,수성구,94,41
202305,대구광역시,수성구,95,22
202305,대구광역시,수성구,96,17
202305,대구광역시,수성구,97,11
202305,대구광역시,수성구,98,4
202305,대구광역시,수성구,99,2
202305,대구광역시,수성구,100,3
202305,대구광역시,수성구,101,3
202305,대구광역시,수성구,102,2
202305,대구광역시,수성구,104,2
202305,대구광역시,수성구,108,1
202305,대구광역시,달서구,0,33
202305,대구광역시,달서구,1,50
202305,대구광역시,달서구,2,60
202305,대구광역시,달서구,3,69
202305,대구광역시,달서구,4,66
202305,대구광역시,달서구,5,124
202305,대구광역시,달서구,6,162
202305,대구광역시,달서구,7,197
202305,대구광역시,달서구,8,232
202305,대구광역시,달서구,9,227
202305,대구광역시,달서구,10,269
202305,대구광역시,달서구,11,313
202305,대구광역시,달서구,12,306
202305,대구광역시,달서구,13,316
202305,대구광역시,달서구,14,313
202305,대구광역시,달서구,15,367
202305,대구광역시,달서구,16,361
202305,대구광역시,달서구,17,381
202305,대구광역시,달서구,18,331
202305,대구광역시,달서구,19,315
202305,대구광역시,달서구,20,273
202305,대구광역시,달서구,21,269
202305,대구광역시,달서구,22,318
202305,대구광역시,달서구,23,315
202305,대구광역시,달서구,24,243
202305,대구광역시,달서구,25,200
202305,대구광역시,달서구,26,163
202305,대구광역시,달서구,27,140
202305,대구광역시,달서구,28,124
202305,대구광역시,달서구,29,104
202305,대구광역시,달서구,30,117
202305,대구광역시,달서구,31,143
202305,대구광역시,달서구,32,110
202305,대구광역시,달서구,33,140
202305,대구광역시,달서구,34,151
202305,대구광역시,달서구,35,146
202305,대구광역시,달서구,36,158
202305,대구광역시,달서구,37,169
202305,대구광역시,달서구,38,179
202305,대구광역시,달서구,39,205
202305,대구광역시,달서구,40,266
202305,대구광역시,달서구,41,308
202305,대구광역시,달서구,42,308
202305,대구광역시,달서구,43,320
202305,대구광역시,달서구,44,308
202305,대구광역시,달서구,45,354
202305,대구광역시,달서구,46,332
202305,대구광역시,달서구,47,374
202305,대구광역시,달서구,48,409
202305,대구광역시,달서구,49,546
202305,대구광역시,달서구,50,507
202305,대구광역시,달서구,51,518
202305,대구광역시,달서구,52,605
202305,대구광역시,달서구,53,584
202305,대구광역시,달서구,54,681
202305,대구광역시,달서구,55,645
202305,대구광역시,달서구,56,617
202305,대구광역시,달서구,57,601
202305,대구광역시,달서구,58,618
202305,대구광역시,달서구,59,570
202305,대구광역시,달서구,60,738
202305,대구광역시,달서구,61,724
202305,대구광역시,달서구,62,745
202305,대구광역시,달서구,63,763
202305,대구광역시,달서구,64,677
202305,대구광역시,달서구,65,671
202305,대구광역시,달서구,66,660
202305,대구광역시,달서구,67,665
202305,대구광역시,달서구,68,710
202305,대구광역시,달서구,69,535
202305,대구광역시,달서구,70,621
202305,대구광역시,달서구,71,607
202305,대구광역시,달서구,72,452
202305,대구광역시,달서구,73,474
202305,대구광역시,달서구,74,482
202305,대구광역시,달서구,75,515
202305,대구광역시,달서구,76,463
202305,대구광역시,달서구,77,316
202305,대구광역시,달서구,78,407
202305,대구광역시,달서구,79,426
202305,대구광역시,달서구,80,556
202305,대구광역시,달서구,81,493
202305,대구광역시,달서구,82,445
202305,대구광역시,달서구,83,381
202305,대구광역시,달서구,84,393
202305,대구광역시,달서구,85,327
202305,대구광역시,달서구,86,282
202305,대구광역시,달서구,87,267
202305,대구광역시,달서구,88,208
202305,대구광역시,달서구,89,173
202305,대구광역시,달서구,90,124
202305,대구광역시,달서구,91,103
202305,대구광역시,달서구,92,83
202305,대구광역시,달서구,93,65
202305,대구광역시,달서구,94,37
202305,대구광역시,달서구,95,35
202305,대구광역시,달서구,96,18
202305,대구광역시,달서구,97,9
202305,대구광역시,달서구,98,7
202305,대구광역시,달서구,99,9
202305,대구광역시,달서구,100,1
202305,대구광역시,달서구,101,2
202305,대구광역시,달서구,103,2
202305,대구광역시,달서구,104,1
202305,대구광역시,달서구,105,1
202305,대구광역시,달서구,107,1
202305,대구광역시,달성군,0,16
202305,대구광역시,달성군,1,42
202305,대구광역시,달성군,2,51
202305,대구광역시,달성군,3,69
202305,대구광역시,달성군,4,70
202305,대구광역시,달성군,5,91
202305,대구광역시,달성군,6,122
202305,대구광역시,달성군,7,148
202305,대구광역시,달성군,8,152
202305,대구광역시,달성군,9,176
202305,대구광역시,달성군,10,176
202305,대구광역시,달성군,11,204
202305,대구광역시,달성군,12,170
202305,대구광역시,달성군,13,165
202305,대구광역시,달성군,14,180
202305,대구광역시,달성군,15,196
202305,대구광역시,달성군,16,175
202305,대구광역시,달성군,17,182
202305,대구광역시,달성군,18,152
202305,대구광역시,달성군,19,117
202305,대구광역시,달성군,20,104
202305,대구광역시,달성군,21,108
202305,대구광역시,달성군,22,106
202305,대구광역시,달성군,23,96
202305,대구광역시,달성군,24,87
202305,대구광역시,달성군,25,64
202305,대구광역시,달성군,26,64
202305,대구광역시,달성군,27,37
202305,대구광역시,달성군,28,38
202305,대구광역시,달성군,29,41
202305,대구광역시,달성군,30,51
202305,대구광역시,달성군,31,72
202305,대구광역시,달성군,32,44
202305,대구광역시,달성군,33,64
202305,대구광역시,달성군,34,62
202305,대구광역시,달성군,35,61
202305,대구광역시,달성군,36,59
202305,대구광역시,달성군,37,70
202305,대구광역시,달성군,38,94
202305,대구광역시,달성군,39,108
202305,대구광역시,달성군,40,122
202305,대구광역시,달성군,41,158
202305,대구광역시,달성군,42,150
202305,대구광역시,달성군,43,150
202305,대구광역시,달성군,44,133
202305,대구광역시,달성군,45,130
202305,대구광역시,달성군,46,114
202305,대구광역시,달성군,47,135
202305,대구광역시,달성군,48,143
202305,대구광역시,달성군,49,164
202305,대구광역시,달성군,50,191
202305,대구광역시,달성군,51,199
202305,대구광역시,달성군,52,181
202305,대구광역시,달성군,53,160
202305,대구광역시,달성군,54,201
202305,대구광역시,달성군,55,170
202305,대구광역시,달성군,56,186
202305,대구광역시,달성군,57,199
202305,대구광역시,달성군,58,168
202305,대구광역시,달성군,59,171
202305,대구광역시,달성군,60,193
202305,대구광역시,달성군,61,190
202305,대구광역시,달성군,62,227
202305,대구광역시,달성군,63,214
202305,대구광역시,달성군,64,202
202305,대구광역시,달성군,65,196
202305,대구광역시,달성군,66,226
202305,대구광역시,달성군,67,200
202305,대구광역시,달성군,68,225
202305,대구광역시,달성군,69,170
202305,대구광역시,달성군,70,205
202305,대구광역시,달성군,71,193
202305,대구광역시,달성군,72,156
202305,대구광역시,달성군,73,186
202305,대구광역시,달성군,74,175
202305,대구광역시,달성군,75,176
202305,대구광역시,달성군,76,196
202305,대구광역시,달성군,77,122
202305,대구광역시,달성군,78,134
202305,대구광역시,달성군,79,161
202305,대구광역시,달성군,80,188
202305,대구광역시,달성군,81,174
202305,대구광역시,달성군,82,170
202305,대구광역시,달성군,83,122
202305,대구광역시,달성군,84,134
202305,대구광역시,달성군,85,121
202305,대구광역시,달성군,86,115
202305,대구광역시,달성군,87,78
202305,대구광역시,달성군,88,83
202305,대구광역시,달성군,89,56
202305,대구광역시,달성군,90,45
202305,대구광역시,달성군,91,32
202305,대구광역시,달성군,92,31
202305,대구광역시,달성군,93,17
202305,대구광역시,달성군,94,11
202305,대구광역시,달성군,95,19
202305,대구광역시,달성군,96,5
202305,대구광역시,달성군,97,2
202305,대구광역시,달성군,98,5
202305,대구광역시,달성군,99,1
202305,대구광역시,달성군,103,2
202305,대구광역시,달성군,106,1
202305,인천광역시,중구,0,14
202305,인천광역시,중구,1,17
202305,인천광역시,중구,2,30
202305,인천광역시,중구,3,33
202305,인천광역시,중구,4,38
202305,인천광역시,중구,5,45
202305,인천광역시,중구,6,40
202305,인천광역시,중구,7,57
202305,인천광역시,중구,8,67
202305,인천광역시,중구,9,81
202305,인천광역시,중구,10,85
202305,인천광역시,중구,11,102
202305,인천광역시,중구,12,89
202305,인천광역시,중구,13,92
202305,인천광역시,중구,14,102
202305,인천광역시,중구,15,120
202305,인천광역시,중구,16,94
202305,인천광역시,중구,17,90
202305,인천광역시,중구,18,84
202305,인천광역시,중구,19,74
202305,인천광역시,중구,20,66
202305,인천광역시,중구,21,41
202305,인천광역시,중구,22,41
202305,인천광역시,중구,23,46
202305,인천광역시,중구,24,42
202305,인천광역시,중구,25,35
202305,인천광역시,중구,26,23
202305,인천광역시,중구,27,24
202305,인천광역시,중구,28,20
202305,인천광역시,중구,29,25
202305,인천광역시,중구,30,31
202305,인천광역시,중구,31,32
202305,인천광역시,중구,32,33
202305,인천광역시,중구,33,39
202305,인천광역시,중구,34,35
202305,인천광역시,중구,35,24
202305,인천광역시,중구,36,36
202305,인천광역시,중구,37,37
202305,인천광역시,중구,38,42
202305,인천광역시,중구,39,40
202305,인천광역시,중구,40,66
202305,인천광역시,중구,41,65
202305,인천광역시,중구,42,75
202305,인천광역시,중구,43,80
202305,인천광역시,중구,44,72
202305,인천광역시,중구,45,67
202305,인천광역시,중구,46,85
202305,인천광역시,중구,47,90
202305,인천광역시,중구,48,64
202305,인천광역시,중구,49,92
202305,인천광역시,중구,50,95
202305,인천광역시,중구,51,102
202305,인천광역시,중구,52,103
202305,인천광역시,중구,53,100
202305,인천광역시,중구,54,92
202305,인천광역시,중구,55,110
202305,인천광역시,중구,56,101
202305,인천광역시,중구,57,105
202305,인천광역시,중구,58,121
202305,인천광역시,중구,59,130
202305,인천광역시,중구,60,114
202305,인천광역시,중구,61,114
202305,인천광역시,중구,62,137
202305,인천광역시,중구,63,157
202305,인천광역시,중구,64,143
202305,인천광역시,중구,65,160
202305,인천광역시,중구,66,155
202305,인천광역시,중구,67,176
202305,인천광역시,중구,68,195
202305,인천광역시,중구,69,165
202305,인천광역시,중구,70,144
202305,인천광역시,중구,71,141
202305,인천광역시,중구,72,117
202305,인천광역시,중구,73,147
202305,인천광역시,중구,74,144
202305,인천광역시,중구,75,169
202305,인천광역시,중구,76,166
202305,인천광역시,중구,77,114
202305,인천광역시,중구,78,143
202305,인천광역시,중구,79,119
202305,인천광역시,중구,80,161
202305,인천광역시,중구,81,136
202305,인천광역시,중구,82,105
202305,인천광역시,중구,83,95
202305,인천광역시,중구,84,97
202305,인천광역시,중구,85,60
202305,인천광역시,중구,86,72
202305,인천광역시,중구,87,62
202305,인천광역시,중구,88,48
202305,인천광역시,중구,89,45
202305,인천광역시,중구,90,34
202305,인천광역시,중구,91,29
202305,인천광역시,중구,92,19
202305,인천광역시,중구,93,16
202305,인천광역시,중구,94,21
202305,인천광역시,중구,95,11
202305,인천광역시,중구,96,7
202305,인천광역시,중구,97,3
202305,인천광역시,중구,98,4
202305,인천광역시,중구,99,2
202305,인천광역시,중구,100,1
202305,인천광역시,중구,107,1
202305,인천광역시,동구,0,3
202305,인천광역시,동구,1,4
202305,인천광역시,동구,2,5
202305,인천광역시,동구,3,10
202305,인천광역시,동구,4,11
202305,인천광역시,동구,5,13
202305,인천광역시,동구,6,18
202305,인천광역시,동구,7,16
202305,인천광역시,동구,8,31
202305,인천광역시,동구,9,27
202305,인천광역시,동구,10,32
202305,인천광역시,동구,11,41
202305,인천광역시,동구,12,40
202305,인천광역시,동구,13,39
202305,인천광역시,동구,14,26
202305,인천광역시,동구,15,46
202305,인천광역시,동구,16,38
202305,인천광역시,동구,17,39
202305,인천광역시,동구,18,29
202305,인천광역시,동구,19,24
202305,인천광역시,동구,20,17
202305,인천광역시,동구,21,13
202305,인천광역시,동구,22,27
202305,인천광역시,동구,23,20
202305,인천광역시,동구,24,10
202305,인천광역시,동구,25,12
202305,인천광역시,동구,26,14
202305,인천광역시,동구,27,12
202305,인천광역시,동구,28,9
202305,인천광역시,동구,29,6
202305,인천광역시,동구,30,12
202305,인천광역시,동구,31,12
202305,인천광역시,동구,32,9
202305,인천광역시,동구,33,10
202305,인천광역시,동구,34,11
202305,인천광역시,동구,35,8
202305,인천광역시,동구,36,13
202305,인천광역시,동구,37,16
202305,인천광역시,동구,38,8
202305,인천광역시,동구,39,17
202305,인천광역시,동구,40,24
202305,인천광역시,동구,41,33
202305,인천광역시,동구,42,31
202305,인천광역시,동구,43,32
202305,인천광역시,동구,44,25
202305,인천광역시,동구,45,29
202305,인천광역시,동구,46,31
202305,인천광역시,동구,47,30
202305,인천광역시,동구,48,46
202305,인천광역시,동구,49,42
202305,인천광역시,동구,50,49
202305,인천광역시,동구,51,56
202305,인천광역시,동구,52,51
202305,인천광역시,동구,53,40
202305,인천광역시,동구,54,43
202305,인천광역시,동구,55,48
202305,인천광역시,동구,56,47
202305,인천광역시,동구,57,53
202305,인천광역시,동구,58,64
202305,인천광역시,동구,59,63
202305,인천광역시,동구,60,69
202305,인천광역시,동구,61,64
202305,인천광역시,동구,62,75
202305,인천광역시,동구,63,72
202305,인천광역시,동구,64,78
202305,인천광역시,동구,65,92
202305,인천광역시,동구,66,83
202305,인천광역시,동구,67,92
202305,인천광역시,동구,68,77
202305,인천광역시,동구,69,76
202305,인천광역시,동구,70,81
202305,인천광역시,동구,71,72
202305,인천광역시,동구,72,54
202305,인천광역시,동구,73,64
202305,인천광역시,동구,74,71
202305,인천광역시,동구,75,78
202305,인천광역시,동구,76,89
202305,인천광역시,동구,77,62
202305,인천광역시,동구,78,69
202305,인천광역시,동구,79,67
202305,인천광역시,동구,80,81
202305,인천광역시,동구,81,82
202305,인천광역시,동구,82,78
202305,인천광역시,동구,83,51
202305,인천광역시,동구,84,62
202305,인천광역시,동구,85,40
202305,인천광역시,동구,86,45
202305,인천광역시,동구,87,43
202305,인천광역시,동구,88,43
202305,인천광역시,동구,89,25
202305,인천광역시,동구,90,24
202305,인천광역시,동구,91,29
202305,인천광역시,동구,92,14
202305,인천광역시,동구,93,17
202305,인천광역시,동구,94,5
202305,인천광역시,동구,95,9
202305,인천광역시,동구,96,5
202305,인천광역시,동구,97,4
202305,인천광역시,동구,98,3
202305,인천광역시,동구,99,3
202305,인천광역시,동구,101,1
202305,인천광역시,미추홀구,0,42
202305,인천광역시,미추홀구,1,72
202305,인천광역시,미추홀구,2,91
202305,인천광역시,미추홀구,3,109
202305,인천광역시,미추홀구,4,133
202305,인천광역시,미추홀구,5,134
202305,인천광역시,미추홀구,6,188
202305,인천광역시,미추홀구,7,224
202305,인천광역시,미추홀구,8,269
202305,인천광역시,미추홀구,9,283
202305,인천광역시,미추홀구,10,324
202305,인천광역시,미추홀구,11,329
202305,인천광역시,미추홀구,12,329
202305,인천광역시,미추홀구,13,297
202305,인천광역시,미추홀구,14,329
202305,인천광역시,미추홀구,15,356
202305,인천광역시,미추홀구,16,324
202305,인천광역시,미추홀구,17,337
202305,인천광역시,미추홀구,18,316
202305,인천광역시,미추홀구,19,269
202305,인천광역시,미추홀구,20,188
202305,인천광역시,미추홀구,21,217
202305,인천광역시,미추홀구,22,207
202305,인천광역시,미추홀구,23,201
202305,인천광역시,미추홀구,24,156
202305,인천광역시,미추홀구,25,150
202305,인천광역시,미추홀구,26,128
202305,인천광역시,미추홀구,27,128
202305,인천광역시,미추홀구,28,105
202305,인천광역시,미추홀구,29,102
202305,인천광역시,미추홀구,30,110
202305,인천광역시,미추홀구,31,134
202305,인천광역시,미추홀구,32,130
202305,인천광역시,미추홀구,33,121
202305,인천광역시,미추홀구,34,117
202305,인천광역시,미추홀구,35,139
202305,인천광역시,미추홀구,36,140
202305,인천광역시,미추홀구,37,182
202305,인천광역시,미추홀구,38,162
202305,인천광역시,미추홀구,39,209
202305,인천광역시,미추홀구,40,226
202305,인천광역시,미추홀구,41,266
202305,인천광역시,미추홀구,42,267
202305,인천광역시,미추홀구,43,292
202305,인천광역시,미추홀구,44,281
202305,인천광역시,미추홀구,45,256
202305,인천광역시,미추홀구,46,288
202305,인천광역시,미추홀구,47,332
202305,인천광역시,미추홀구,48,325
202305,인천광역시,미추홀구,49,369
202305,인천광역시,미추홀구,50,400
202305,인천광역시,미추홀구,51,400
202305,인천광역시,미추홀구,52,415
202305,인천광역시,미추홀구,53,414
202305,인천광역시,미추홀구,54,418
202305,인천광역시,미추홀구,55,352
202305,인천광역시,미추홀구,56,349
202305,인천광역시,미추홀구,57,404
202305,인천광역시,미추홀구,58,410
202305,인천광역시,미추홀구,59,423
202305,인천광역시,미추홀구,60,506
202305,인천광역시,미추홀구,61,486
202305,인천광역시,미추홀구,62,565
202305,인천광역시,미추홀구,63,505
202305,인천광역시,미추홀구,64,529
202305,인천광역시,미추홀구,65,563
202305,인천광역시,미추홀구,66,498
202305,인천광역시,미추홀구,67,567
202305,인천광역시,미추홀구,68,572
202305,인천광역시,미추홀구,69,424
202305,인천광역시,미추홀구,70,422
202305,인천광역시,미추홀구,71,441
202305,인천광역시,미추홀구,72,334
202305,인천광역시,미추홀구,73,405
202305,인천광역시,미추홀구,74,366
202305,인천광역시,미추홀구,75,392
202305,인천광역시,미추홀구,76,429
202305,인천광역시,미추홀구,77,331
202305,인천광역시,미추홀구,78,350
202305,인천광역시,미추홀구,79,340
202305,인천광역시,미추홀구,80,414
202305,인천광역시,미추홀구,81,404
202305,인천광역시,미추홀구,82,321
202305,인천광역시,미추홀구,83,303
202305,인천광역시,미추홀구,84,288
202305,인천광역시,미추홀구,85,275
202305,인천광역시,미추홀구,86,239
202305,인천광역시,미추홀구,87,221
202305,인천광역시,미추홀구,88,189
202305,인천광역시,미추홀구,89,146
202305,인천광역시,미추홀구,90,124
202305,인천광역시,미추홀구,91,82
202305,인천광역시,미추홀구,92,82
202305,인천광역시,미추홀구,93,48
202305,인천광역시,미추홀구,94,42
202305,인천광역시,미추홀구,95,29
202305,인천광역시,미추홀구,96,25
202305,인천광역시,미추홀구,97,8
202305,인천광역시,미추홀구,98,6
202305,인천광역시,미추홀구,99,6
202305,인천광역시,미추홀구,100,3
202305,인천광역시,미추홀구,101,1
202305,인천광역시,미추홀구,102,1
202305,인천광역시,미추홀구,103,1
202305,인천광역시,미추홀구,104,1
202305,인천광역시,미추홀구,107,1
202305,인천광역시,미추홀구,121,1
202305,인천광역시,연수구,0,13
202305,인천광역시,연수구,1,17
202305,인천광역시,연수구,2,21
202305,인천광역시,연수구,3,41
202305,인천광역시,연수구,4,44
202305,인천광역시,연수구,5,63
202305,인천광역시,연수구,6,76
202305,인천광역시,연수구,7,88
202305,인천광역시,연수구,8,124
202305,인천광역시,연수구,9,114
202305,인천광역시,연수구,10,133
202305,인천광역시,연수구,11,134
202305,인천광역시,연수구,12,151
202305,인천광역시,연수구,13,128
202305,인천광역시,연수구,14,149
202305,인천광역시,연수구,15,168
202305,인천광역시,연수구,16,141
202305,인천광역시,연수구,17,128
202305,인천광역시,연수구,18,148
202305,인천광역시,연수구,19,116
202305,인천광역시,연수구,20,94
202305,인천광역시,연수구,21,91
202305,인천광역시,연수구,22,85
202305,인천광역시,연수구,23,89
202305,인천광역시,연수구,24,82
202305,인천광역시,연수구,25,65
202305,인천광역시,연수구,26,51
202305,인천광역시,연수구,27,36
202305,인천광역시,연수구,28,32
202305,인천광역시,연수구,29,44
202305,인천광역시,연수구,30,53
202305,인천광역시,연수구,31,51
202305,인천광역시,연수구,32,54
202305,인천광역시,연수구,33,71
202305,인천광역시,연수구,34,53
202305,인천광역시,연수구,35,68
202305,인천광역시,연수구,36,69
202305,인천광역시,연수구,37,58
202305,인천광역시,연수구,38,78
202305,인천광역시,연수구,39,83
202305,인천광역시,연수구,40,103
202305,인천광역시,연수구,41,128
202305,인천광역시,연수구,42,126
202305,인천광역시,연수구,43,138
202305,인천광역시,연수구,44,124
202305,인천광역시,연수구,45,120
202305,인천광역시,연수구,46,96
202305,인천광역시,연수구,47,118
202305,인천광역시,연수구,48,140
202305,인천광역시,연수구,49,151
202305,인천광역시,연수구,50,176
202305,인천광역시,연수구,51,196
202305,인천광역시,연수구,52,194
202305,인천광역시,연수구,53,190
202305,인천광역시,연수구,54,193
202305,인천광역시,연수구,55,191
202305,인천광역시,연수구,56,175
202305,인천광역시,연수구,57,198
202305,인천광역시,연수구,58,168
202305,인천광역시,연수구,59,192
202305,인천광역시,연수구,60,238
202305,인천광역시,연수구,61,237
202305,인천광역시,연수구,62,264
202305,인천광역시,연수구,63,234
202305,인천광역시,연수구,64,235
202305,인천광역시,연수구,65,240
202305,인천광역시,연수구,66,236
202305,인천광역시,연수구,67,254
202305,인천광역시,연수구,68,271
202305,인천광역시,연수구,69,211
202305,인천광역시,연수구,70,188
202305,인천광역시,연수구,71,165
202305,인천광역시,연수구,72,130
202305,인천광역시,연수구,73,172
202305,인천광역시,연수구,74,181
202305,인천광역시,연수구,75,185
202305,인천광역시,연수구,76,180
202305,인천광역시,연수구,77,133
202305,인천광역시,연수구,78,152
202305,인천광역시,연수구,79,165
202305,인천광역시,연수구,80,192
202305,인천광역시,연수구,81,185
202305,인천광역시,연수구,82,158
202305,인천광역시,연수구,83,170
202305,인천광역시,연수구,84,161
202305,인천광역시,연수구,85,139
202305,인천광역시,연수구,86,136
202305,인천광역시,연수구,87,102
202305,인천광역시,연수구,88,109
202305,인천광역시,연수구,89,94
202305,인천광역시,연수구,90,79
202305,인천광역시,연수구,91,55
202305,인천광역시,연수구,92,54
202305,인천광역시,연수구,93,32
202305,인천광역시,연수구,94,26
202305,인천광역시,연수구,95,19
202305,인천광역시,연수구,96,18
202305,인천광역시,연수구,97,14
202305,인천광역시,연수구,98,13
202305,인천광역시,연수구,99,3
202305,인천광역시,연수구,100,8
202305,인천광역시,연수구,101,4
202305,인천광역시,연수구,102,1
202305,인천광역시,연수구,103,2
202305,인천광역시,연수구,104,1
202305,인천광역시,남동구,0,53
202305,인천광역시,남동구,1,91
202305,인천광역시,남동구,2,105
202305,인천광역시,남동구,3,148
202305,인천광역시,남동구,4,165
202305,인천광역시,남동구,5,149
202305,인천광역시,남동구,6,220
202305,인천광역시,남동구,7,295
202305,인천광역시,남동구,8,293
202305,인천광역시,남동구,9,350
202305,인천광역시,남동구,10,397
202305,인천광역시,남동구,11,379
202305,인천광역시,남동구,12,424
202305,인천광역시,남동구,13,350
202305,인천광역시,남동구,14,409
202305,인천광역시,남동구,15,466
202305,인천광역시,남동구,16,442
202305,인천광역시,남동구,17,422
202305,인천광역시,남동구,18,352
202305,인천광역시,남동구,19,313
202305,인천광역시,남동구,20,278
202305,인천광역시,남동구,21,230
202305,인천광역시,남동구,22,249
202305,인천광역시,남동구,23,237
202305,인천광역시,남동구,24,185
202305,인천광역시,남동구,25,194
202305,인천광역시,남동구,26,176
202305,인천광역시,남동구,27,158
202305,인천광역시,남동구,28,136
202305,인천광역시,남동구,29,129
202305,인천광역시,남동구,30,153
202305,인천광역시,남동구,31,151
202305,인천광역시,남동구,32,175
202305,인천광역시,남동구,33,176
202305,인천광역시,남동구,34,179
202305,인천광역시,남동구,35,163
202305,인천광역시,남동구,36,189
202305,인천광역시,남동구,37,179
202305,인천광역시,남동구,38,200
202305,인천광역시,남동구,39,248
202305,인천광역시,남동구,40,300
202305,인천광역시,남동구,41,322
202305,인천광역시,남동구,42,334
202305,인천광역시,남동구,43,336
202305,인천광역시,남동구,44,340
202305,인천광역시,남동구,45,351
202305,인천광역시,남동구,46,323
202305,인천광역시,남동구,47,375
202305,인천광역시,남동구,48,381
202305,인천광역시,남동구,49,439
202305,인천광역시,남동구,50,466
202305,인천광역시,남동구,51,419
202305,인천광역시,남동구,52,478
202305,인천광역시,남동구,53,493
202305,인천광역시,남동구,54,507
202305,인천광역시,남동구,55,498
202305,인천광역시,남동구,56,486
202305,인천광역시,남동구,57,441
202305,인천광역시,남동구,58,539
202305,인천광역시,남동구,59,490
202305,인천광역시,남동구,60,579
202305,인천광역시,남동구,61,567
202305,인천광역시,남동구,62,689
202305,인천광역시,남동구,63,619
202305,인천광역시,남동구,64,606
202305,인천광역시,남동구,65,691
202305,인천광역시,남동구,66,645
202305,인천광역시,남동구,67,588
202305,인천광역시,남동구,68,717
202305,인천광역시,남동구,69,568
202305,인천광역시,남동구,70,538
202305,인천광역시,남동구,71,517
202305,인천광역시,남동구,72,465
202305,인천광역시,남동구,73,521
202305,인천광역시,남동구,74,477
202305,인천광역시,남동구,75,534
202305,인천광역시,남동구,76,576
202305,인천광역시,남동구,77,403
202305,인천광역시,남동구,78,480
202305,인천광역시,남동구,79,490
202305,인천광역시,남동구,80,557
202305,인천광역시,남동구,81,570
202305,인천광역시,남동구,82,505
202305,인천광역시,남동구,83,412
202305,인천광역시,남동구,84,414
202305,인천광역시,남동구,85,389
202305,인천광역시,남동구,86,309
202305,인천광역시,남동구,87,299
202305,인천광역시,남동구,88,253
202305,인천광역시,남동구,89,173
202305,인천광역시,남동구,90,147
202305,인천광역시,남동구,91,146
202305,인천광역시,남동구,92,75
202305,인천광역시,남동구,93,61
202305,인천광역시,남동구,94,52
202305,인천광역시,남동구,95,45
202305,인천광역시,남동구,96,32
202305,인천광역시,남동구,97,19
202305,인천광역시,남동구,98,11
202305,인천광역시,남동구,99,9
202305,인천광역시,남동구,100,8
202305,인천광역시,남동구,101,2
202305,인천광역시,남동구,102,2
202305,인천광역시,남동구,103,5
202305,인천광역시,남동구,104,1
202305,인천광역시,남동구,105,1
202305,인천광역시,남동구,110,1
202305,인천광역시,부평구,0,32
202305,인천광역시,부평구,1,51
202305,인천광역시,부평구,2,67
202305,인천광역시,부평구,3,99
202305,인천광역시,부평구,4,97
202305,인천광역시,부평구,5,109
202305,인천광역시,부평구,6,166
202305,인천광역시,부평구,7,196
202305,인천광역시,부평구,8,248
202305,인천광역시,부평구,9,273
202305,인천광역시,부평구,10,295
202305,인천광역시,부평구,11,358
202305,인천광역시,부평구,12,343
202305,인천광역시,부평구,13,349
202305,인천광역시,부평구,14,368
202305,인천광역시,부평구,15,418
202305,인천광역시,부평구,16,432
202305,인천광역시,부평구,17,426
202305,인천광역시,부평구,18,371
202305,인천광역시,부평구,19,348
202305,인천광역시,부평구,20,278
202305,인천광역시,부평구,21,282
202305,인천광역시,부평구,22,259
202305,인천광역시,부평구,23,226
202305,인천광역시,부평구,24,244
202305,인천광역시,부평구,25,203
202305,인천광역시,부평구,26,168
202305,인천광역시,부평구,27,149
202305,인천광역시,부평구,28,113
202305,인천광역시,부평구,29,131
202305,인천광역시,부평구,30,113
202305,인천광역시,부평구,31,136
202305,인천광역시,부평구,32,121
202305,인천광역시,부평구,33,133
202305,인천광역시,부평구,34,125
202305,인천광역시,부평구,35,142
202305,인천광역시,부평구,36,146
202305,인천광역시,부평구,37,140
202305,인천광역시,부평구,38,186
202305,인천광역시,부평구,39,204
202305,인천광역시,부평구,40,211
202305,인천광역시,부평구,41,273
202305,인천광역시,부평구,42,288
202305,인천광역시,부평구,43,309
202305,인천광역시,부평구,44,306
202305,인천광역시,부평구,45,342
202305,인천광역시,부평구,46,327
202305,인천광역시,부평구,47,336
202305,인천광역시,부평구,48,417
202305,인천광역시,부평구,49,411
202305,인천광역시,부평구,50,444
202305,인천광역시,부평구,51,494
202305,인천광역시,부평구,52,505
202305,인천광역시,부평구,53,530
202305,인천광역시,부평구,54,511
202305,인천광역시,부평구,55,495
202305,인천광역시,부평구,56,501
202305,인천광역시,부평구,57,512
202305,인천광역시,부평구,58,517
202305,인천광역시,부평구,59,487
202305,인천광역시,부평구,60,590
202305,인천광역시,부평구,61,590
202305,인천광역시,부평구,62,666
202305,인천광역시,부평구,63,616
202305,인천광역시,부평구,64,640
202305,인천광역시,부평구,65,696
202305,인천광역시,부평구,66,687
202305,인천광역시,부평구,67,643
202305,인천광역시,부평구,68,657
202305,인천광역시,부평구,69,529
202305,인천광역시,부평구,70,535
202305,인천광역시,부평구,71,534
202305,인천광역시,부평구,72,449
202305,인천광역시,부평구,73,488
202305,인천광역시,부평구,74,527
202305,인천광역시,부평구,75,484
202305,인천광역시,부평구,76,504
202305,인천광역시,부평구,77,393
202305,인천광역시,부평구,78,393
202305,인천광역시,부평구,79,435
202305,인천광역시,부평구,80,491
202305,인천광역시,부평구,81,453
202305,인천광역시,부평구,82,391
202305,인천광역시,부평구,83,371
202305,인천광역시,부평구,84,371
202305,인천광역시,부평구,85,337
202305,인천광역시,부평구,86,299
202305,인천광역시,부평구,87,266
202305,인천광역시,부평구,88,224
202305,인천광역시,부평구,89,175
202305,인천광역시,부평구,90,152
202305,인천광역시,부평구,91,112
202305,인천광역시,부평구,92,101
202305,인천광역시,부평구,93,60
202305,인천광역시,부평구,94,57
202305,인천광역시,부평구,95,41
202305,인천광역시,부평구,96,30
202305,인천광역시,부평구,97,12
202305,인천광역시,부평구,98,12
202305,인천광역시,부평구,99,2
202305,인천광역시,부평구,100,5
202305,인천광역시,부평구,101,7
202305,인천광역시,부평구,102,5
202305,인천광역시,부평구,107,1
202305,인천광역시,부평구,108,1
202305,인천광역시,계양구,0,24
202305,인천광역시,계양구,1,34
202305,인천광역시,계양구,2,46
202305,인천광역시,계양구,3,57
202305,인천광역시,계양구,4,67
202305,인천광역시,계양구,5,64
202305,인천광역시,계양구,6,99
202305,인천광역시,계양구,7,126
202305,인천광역시,계양구,8,152
202305,인천광역시,계양구,9,154
202305,인천광역시,계양구,10,184
202305,인천광역시,계양구,11,217
202305,인천광역시,계양구,12,212
202305,인천광역시,계양구,13,213
202305,인천광역시,계양구,14,214
202305,인천광역시,계양구,15,264
202305,인천광역시,계양구,16,267
202305,인천광역시,계양구,17,246
202305,인천광역시,계양구,18,194
202305,인천광역시,계양구,19,211
202305,인천광역시,계양구,20,169
202305,인천광역시,계양구,21,154
202305,인천광역시,계양구,22,150
202305,인천광역시,계양구,23,148
202305,인천광역시,계양구,24,106
202305,인천광역시,계양구,25,92
202305,인천광역시,계양구,26,96
202305,인천광역시,계양구,27,72
202305,인천광역시,계양구,28,50
202305,인천광역시,계양구,29,68
202305,인천광역시,계양구,30,76
202305,인천광역시,계양구,31,85
202305,인천광역시,계양구,32,74
202305,인천광역시,계양구,33,88
202305,인천광역시,계양구,34,94
202305,인천광역시,계양구,35,72
202305,인천광역시,계양구,36,87
202305,인천광역시,계양구,37,91
202305,인천광역시,계양구,38,112
202305,인천광역시,계양구,39,120
202305,인천광역시,계양구,40,145
202305,인천광역시,계양구,41,144
202305,인천광역시,계양구,42,180
202305,인천광역시,계양구,43,187
202305,인천광역시,계양구,44,165
202305,인천광역시,계양구,45,199
202305,인천광역시,계양구,46,161
202305,인천광역시,계양구,47,198
202305,인천광역시,계양구,48,240
202305,인천광역시,계양구,49,240
202305,인천광역시,계양구,50,258
202305,인천광역시,계양구,51,274
202305,인천광역시,계양구,52,262
202305,인천광역시,계양구,53,306
202305,인천광역시,계양구,54,273
202305,인천광역시,계양구,55,245
202305,인천광역시,계양구,56,275
202305,인천광역시,계양구,57,275
202305,인천광역시,계양구,58,282
202305,인천광역시,계양구,59,257
202305,인천광역시,계양구,60,329
202305,인천광역시,계양구,61,307
202305,인천광역시,계양구,62,333
202305,인천광역시,계양구,63,306
202305,인천광역시,계양구,64,281
202305,인천광역시,계양구,65,325
202305,인천광역시,계양구,66,323
202305,인천광역시,계양구,67,312
202305,인천광역시,계양구,68,341
202305,인천광역시,계양구,69,251
202305,인천광역시,계양구,70,237
202305,인천광역시,계양구,71,241
202305,인천광역시,계양구,72,186
202305,인천광역시,계양구,73,217
202305,인천광역시,계양구,74,229
202305,인천광역시,계양구,75,255
202305,인천광역시,계양구,76,256
202305,인천광역시,계양구,77,164
202305,인천광역시,계양구,78,198
202305,인천광역시,계양구,79,209
202305,인천광역시,계양구,80,262
202305,인천광역시,계양구,81,283
202305,인천광역시,계양구,82,201
202305,인천광역시,계양구,83,207
202305,인천광역시,계양구,84,230
202305,인천광역시,계양구,85,184
202305,인천광역시,계양구,86,170
202305,인천광역시,계양구,87,169
202305,인천광역시,계양구,88,148
202305,인천광역시,계양구,89,114
202305,인천광역시,계양구,90,85
202305,인천광역시,계양구,91,67
202305,인천광역시,계양구,92,70
202305,인천광역시,계양구,93,46
202305,인천광역시,계양구,94,28
202305,인천광역시,계양구,95,29
202305,인천광역시,계양구,96,20
202305,인천광역시,계양구,97,5
202305,인천광역시,계양구,98,9
202305,인천광역시,계양구,99,7
202305,인천광역시,계양구,100,6
202305,인천광역시,계양구,101,2
202305,인천광역시,계양구,102,3
202305,인천광역시,계양구,103,1
202305,인천광역시,서구,0,37
202305,인천광역시,서구,1,54
202305,인천광역시,서구,2,92
202305,인천광역시,서구,3,85
202305,인천광역시,서구,4,134
202305,인천광역시,서구,5,139
202305,인천광역시,서구,6,205
202305,인천광역시,서구,7,262
202305,인천광역시,서구,8,296
202305,인천광역시,서구,9,307
202305,인천광역시,서구,10,370
202305,인천광역시,서구,11,388
202305,인천광역시,서구,12,441
202305,인천광역시,서구,13,396
202305,인천광역시,서구,14,406
202305,인천광역시,서구,15,436
202305,인천광역시,서구,16,441
202305,인천광역시,서구,17,416
202305,인천광역시,서구,18,379
202305,인천광역시,서구,19,277
202305,인천광역시,서구,20,230
202305,인천광역시,서구,21,219
202305,인천광역시,서구,22,198
202305,인천광역시,서구,23,178
202305,인천광역시,서구,24,168
202305,인천광역시,서구,25,122
202305,인천광역시,서구,26,112
202305,인천광역시,서구,27,112
202305,인천광역시,서구,28,91
202305,인천광역시,서구,29,93
202305,인천광역시,서구,30,106
202305,인천광역시,서구,31,140
202305,인천광역시,서구,32,116
202305,인천광역시,서구,33,107
202305,인천광역시,서구,34,116
202305,인천광역시,서구,35,139
202305,인천광역시,서구,36,149
202305,인천광역시,서구,37,168
202305,인천광역시,서구,38,189
202305,인천광역시,서구,39,204
202305,인천광역시,서구,40,253
202305,인천광역시,서구,41,272
202305,인천광역시,서구,42,281
202305,인천광역시,서구,43,261
202305,인천광역시,서구,44,282
202305,인천광역시,서구,45,320
202305,인천광역시,서구,46,281
202305,인천광역시,서구,47,321
202305,인천광역시,서구,48,352
202305,인천광역시,서구,49,327
202305,인천광역시,서구,50,349
202305,인천광역시,서구,51,334
202305,인천광역시,서구,52,379
202305,인천광역시,서구,53,345
202305,인천광역시,서구,54,405
202305,인천광역시,서구,55,360
202305,인천광역시,서구,56,330
202305,인천광역시,서구,57,361
202305,인천광역시,서구,58,378
202305,인천광역시,서구,59,327
202305,인천광역시,서구,60,386
202305,인천광역시,서구,61,413
202305,인천광역시,서구,62,479
202305,인천광역시,서구,63,412
202305,인천광역시,서구,64,429
202305,인천광역시,서구,65,429
202305,인천광역시,서구,66,435
202305,인천광역시,서구,67,447
202305,인천광역시,서구,68,471
202305,인천광역시,서구,69,382
202305,인천광역시,서구,70,363
202305,인천광역시,서구,71,353
202305,인천광역시,서구,72,302
202305,인천광역시,서구,73,317
202305,인천광역시,서구,74,338
202305,인천광역시,서구,75,352
202305,인천광역시,서구,76,383
202305,인천광역시,서구,77,221
202305,인천광역시,서구,78,299
202305,인천광역시,서구,79,291
202305,인천광역시,서구,80,343
202305,인천광역시,서구,81,339
202305,인천광역시,서구,82,274
202305,인천광역시,서구,83,286
202305,인천광역시,서구,84,258
202305,인천광역시,서구,85,254
202305,인천광역시,서구,86,206
202305,인천광역시,서구,87,216
202305,인천광역시,서구,88,150
202305,인천광역시,서구,89,132
202305,인천광역시,서구,90,105
202305,인천광역시,서구,91,79
202305,인천광역시,서구,92,76
202305,인천광역시,서구,93,53
202305,인천광역시,서구,94,38
202305,인천광역시,서구,95,31
202305,인천광역시,서구,96,26
202305,인천광역시,서구,97,12
202305,인천광역시,서구,98,8
202305,인천광역시,서구,99,5
202305,인천광역시,서구,100,5
202305,인천광역시,서구,101,2
202305,인천광역시,서구,102,2
202305,인천광역시,서구,103,2
202305,인천광역시,강화군,0,2
202305,인천광역시,강화군,1,4
202305,인천광역시,강화군,2,9
202305,인천광역시,강화군,3,10
202305,인천광역시,강화군,4,7
202305,인천광역시,강화군,5,7
202305,인천광역시,강화군,6,17
202305,인천광역시,강화군,7,22
202305,인천광역시,강화군,8,42
202305,인천광역시,강화군,9,28
202305,인천광역시,강화군,10,39
202305,인천광역시,강화군,11,35
202305,인천광역시,강화군,12,47
202305,인천광역시,강화군,13,44
202305,인천광역시,강화군,14,54
202305,인천광역시,강화군,15,36
202305,인천광역시,강화군,16,47
202305,인천광역시,강화군,17,45
202305,인천광역시,강화군,18,23
202305,인천광역시,강화군,19,23
202305,인천광역시,강화군,20,19
202305,인천광역시,강화군,21,17
202305,인천광역시,강화군,22,22
202305,인천광역시,강화군,23,19
202305,인천광역시,강화군,24,23
202305,인천광역시,강화군,25,10
202305,인천광역시,강화군,26,10
202305,인천광역시,강화군,27,6
202305,인천광역시,강화군,28,12
202305,인천광역시,강화군,29,13
202305,인천광역시,강화군,30,5
202305,인천광역시,강화군,31,10
202305,인천광역시,강화군,32,8
202305,인천광역시,강화군,33,12
202305,인천광역시,강화군,34,11
202305,인천광역시,강화군,35,9
202305,인천광역시,강화군,36,15
202305,인천광역시,강화군,37,12
202305,인천광역시,강화군,38,18
202305,인천광역시,강화군,39,21
202305,인천광역시,강화군,40,26
202305,인천광역시,강화군,41,24
202305,인천광역시,강화군,42,19
202305,인천광역시,강화군,43,32
202305,인천광역시,강화군,44,21
202305,인천광역시,강화군,45,28
202305,인천광역시,강화군,46,36
202305,인천광역시,강화군,47,36
202305,인천광역시,강화군,48,36
202305,인천광역시,강화군,49,30
202305,인천광역시,강화군,50,44
202305,인천광역시,강화군,51,38
202305,인천광역시,강화군,52,44
202305,인천광역시,강화군,53,54
202305,인천광역시,강화군,54,47
202305,인천광역시,강화군,55,64
202305,인천광역시,강화군,56,58
202305,인천광역시,강화군,57,68
202305,인천광역시,강화군,58,54
202305,인천광역시,강화군,59,53
202305,인천광역시,강화군,60,53
202305,인천광역시,강화군,61,77
202305,인천광역시,강화군,62,86
202305,인천광역시,강화군,63,61
202305,인천광역시,강화군,64,71
202305,인천광역시,강화군,65,78
202305,인천광역시,강화군,66,82
202305,인천광역시,강화군,67,78
202305,인천광역시,강화군,68,90
202305,인천광역시,강화군,69,56
202305,인천광역시,강화군,70,66
202305,인천광역시,강화군,71,78
202305,인천광역시,강화군,72,54
202305,인천광역시,강화군,73,65
202305,인천광역시,강화군,74,69
202305,인천광역시,강화군,75,78
202305,인천광역시,강화군,76,84
202305,인천광역시,강화군,77,79
202305,인천광역시,강화군,78,67
202305,인천광역시,강화군,79,78
202305,인천광역시,강화군,80,97
202305,인천광역시,강화군,81,95
202305,인천광역시,강화군,82,63
202305,인천광역시,강화군,83,77
202305,인천광역시,강화군,84,84
202305,인천광역시,강화군,85,65
202305,인천광역시,강화군,86,74
202305,인천광역시,강화군,87,63
202305,인천광역시,강화군,88,53
202305,인천광역시,강화군,89,64
202305,인천광역시,강화군,90,57
202305,인천광역시,강화군,91,40
202305,인천광역시,강화군,92,25
202305,인천광역시,강화군,93,19
202305,인천광역시,강화군,94,20
202305,인천광역시,강화군,95,17
202305,인천광역시,강화군,96,12
202305,인천광역시,강화군,97,7
202305,인천광역시,강화군,98,5
202305,인천광역시,강화군,99,1
202305,인천광역시,강화군,100,3
202305,인천광역시,강화군,101,1
202305,인천광역시,강화군,105,1
202305,인천광역시,옹진군,2,1
202305,인천광역시,옹진군,3,1
202305,인천광역시,옹진군,4,3
202305,인천광역시,옹진군,5,1
202305,인천광역시,옹진군,6,5
202305,인천광역시,옹진군,7,1
202305,인천광역시,옹진군,8,3
202305,인천광역시,옹진군,9,3
202305,인천광역시,옹진군,10,3
202305,인천광역시,옹진군,11,6
202305,인천광역시,옹진군,12,7
202305,인천광역시,옹진군,13,6
202305,인천광역시,옹진군,14,6
202305,인천광역시,옹진군,15,4
202305,인천광역시,옹진군,16,6
202305,인천광역시,옹진군,17,9
202305,인천광역시,옹진군,18,5
202305,인천광역시,옹진군,19,2
202305,인천광역시,옹진군,20,8
202305,인천광역시,옹진군,21,4
202305,인천광역시,옹진군,22,6
202305,인천광역시,옹진군,23,6
202305,인천광역시,옹진군,24,4
202305,인천광역시,옹진군,25,2
202305,인천광역시,옹진군,26,2
202305,인천광역시,옹진군,27,1
202305,인천광역시,옹진군,28,2
202305,인천광역시,옹진군,30,4
202305,인천광역시,옹진군,31,2
202305,인천광역시,옹진군,33,2
202305,인천광역시,옹진군,35,2
202305,인천광역시,옹진군,36,4
202305,인천광역시,옹진군,38,2
202305,인천광역시,옹진군,39,1
202305,인천광역시,옹진군,40,1
202305,인천광역시,옹진군,41,1
202305,인천광역시,옹진군,42,2
202305,인천광역시,옹진군,43,4
202305,인천광역시,옹진군,44,3
202305,인천광역시,옹진군,45,8
202305,인천광역시,옹진군,46,6
202305,인천광역시,옹진군,47,5
202305,인천광역시,옹진군,48,4
202305,인천광역시,옹진군,49,3
202305,인천광역시,옹진군,50,9
202305,인천광역시,옹진군,51,4
202305,인천광역시,옹진군,52,5
202305,인천광역시,옹진군,53,8
202305,인천광역시,옹진군,54,7
202305,인천광역시,옹진군,55,5
202305,인천광역시,옹진군,56,6
202305,인천광역시,옹진군,57,7
202305,인천광역시,옹진군,58,9
202305,인천광역시,옹진군,59,10
202305,인천광역시,옹진군,60,13
202305,인천광역시,옹진군,61,10
202305,인천광역시,옹진군,62,17
202305,인천광역시,옹진군,63,10
202305,인천광역시,옹진군,64,19
202305,인천광역시,옹진군,65,20
202305,인천광역시,옹진군,66,9
202305,인천광역시,옹진군,67,18
202305,인천광역시,옹진군,68,17
202305,인천광역시,옹진군,69,19
202305,인천광역시,옹진군,70,8
202305,인천광역시,옹진군,71,19
202305,인천광역시,옹진군,72,6
202305,인천광역시,옹진군,73,10
202305,인천광역시,옹진군,74,11
202305,인천광역시,옹진군,75,10
202305,인천광역시,옹진군,76,6
202305,인천광역시,옹진군,77,6
202305,인천광역시,옹진군,78,11
202305,인천광역시,옹진군,79,12
202305,인천광역시,옹진군,80,9
202305,인천광역시,옹진군,81,8
202305,인천광역시,옹진군,82,10
202305,인천광역시,옹진군,83,7
202305,인천광역시,옹진군,84,8
202305,인천광역시,옹진군,85,8
202305,인천광역시,옹진군,86,8
202305,인천광역시,옹진군,87,6
202305,인천광역시,옹진군,88,5
202305,인천광역시,옹진군,89,4
202305,인천광역시,옹진군,90,3
202305,인천광역시,옹진군,91,10
202305,인천광역시,옹진군,92,3
202305,인천광역시,옹진군,94,1
202305,인천광역시,옹진군,95,4
202305,인천광역시,옹진군,96,3
202305,인천광역시,옹진군,97,2
202305,인천광역시,옹진군,100,2
202305,광주광역시,동구,0,7
202305,광주광역시,동구,1,12
202305,광주광역시,동구,2,6
202305,광주광역시,동구,3,17
202305,광주광역시,동구,4,16
202305,광주광역시,동구,5,29
202305,광주광역시,동구,6,24
202305,광주광역시,동구,7,41
202305,광주광역시,동구,8,53
202305,광주광역시,동구,9,57
202305,광주광역시,동구,10,60
202305,광주광역시,동구,11,48
202305,광주광역시,동구,12,73
202305,광주광역시,동구,13,64
202305,광주광역시,동구,14,54
202305,광주광역시,동구,15,67
202305,광주광역시,동구,16,59
202305,광주광역시,동구,17,74
202305,광주광역시,동구,18,74
202305,광주광역시,동구,19,64
202305,광주광역시,동구,20,68
202305,광주광역시,동구,21,46
202305,광주광역시,동구,22,53
202305,광주광역시,동구,23,65
202305,광주광역시,동구,24,65
202305,광주광역시,동구,25,45
202305,광주광역시,동구,26,31
202305,광주광역시,동구,27,34
202305,광주광역시,동구,28,25
202305,광주광역시,동구,29,22
202305,광주광역시,동구,30,21
202305,광주광역시,동구,31,33
202305,광주광역시,동구,32,16
202305,광주광역시,동구,33,25
202305,광주광역시,동구,34,24
202305,광주광역시,동구,35,23
202305,광주광역시,동구,36,27
202305,광주광역시,동구,37,31
202305,광주광역시,동구,38,29
202305,광주광역시,동구,39,36
202305,광주광역시,동구,40,52
202305,광주광역시,동구,41,48
202305,광주광역시,동구,42,47
202305,광주광역시,동구,43,52
202305,광주광역시,동구,44,62
202305,광주광역시,동구,45,67
202305,광주광역시,동구,46,82
202305,광주광역시,동구,47,60
202305,광주광역시,동구,48,75
202305,광주광역시,동구,49,75
202305,광주광역시,동구,50,89
202305,광주광역시,동구,51,81
202305,광주광역시,동구,52,102
202305,광주광역시,동구,53,114
202305,광주광역시,동구,54,91
202305,광주광역시,동구,55,117
202305,광주광역시,동구,56,113
202305,광주광역시,동구,57,125
202305,광주광역시,동구,58,100
202305,광주광역시,동구,59,116
202305,광주광역시,동구,60,117
202305,광주광역시,동구,61,129
202305,광주광역시,동구,62,158
202305,광주광역시,동구,63,139
202305,광주광역시,동구,64,109
202305,광주광역시,동구,65,150
202305,광주광역시,동구,66,127
202305,광주광역시,동구,67,151
202305,광주광역시,동구,68,133
202305,광주광역시,동구,69,121
202305,광주광역시,동구,70,118
202305,광주광역시,동구,71,109
202305,광주광역시,동구,72,94
202305,광주광역시,동구,73,98
202305,광주광역시,동구,74,91
202305,광주광역시,동구,75,93
202305,광주광역시,동구,76,111
202305,광주광역시,동구,77,86
202305,광주광역시,동구,78,83
202305,광주광역시,동구,79,73
202305,광주광역시,동구,80,79
202305,광주광역시,동구,81,98
202305,광주광역시,동구,82,89
202305,광주광역시,동구,83,88
202305,광주광역시,동구,84,72
202305,광주광역시,동구,85,57
202305,광주광역시,동구,86,50
202305,광주광역시,동구,87,56
202305,광주광역시,동구,88,43
202305,광주광역시,동구,89,41
202305,광주광역시,동구,90,26
202305,광주광역시,동구,91,20
202305,광주광역시,동구,92,16
202305,광주광역시,동구,93,14
202305,광주광역시,동구,94,12
202305,광주광역시,동구,95,7
202305,광주광역시,동구,96,6
202305,광주광역시,동구,97,4
202305,광주광역시,동구,98,3
202305,광주광역시,동구,99,2
202305,광주광역시,동구,100,2
202305,광주광역시,동구,101,2
202305,광주광역시,동구,102,2
202305,광주광역시,동구,107,1
202305,광주광역시,서구,0,25
202305,광주광역시,서구,1,43
202305,광주광역시,서구,2,38
202305,광주광역시,서구,3,46
202305,광주광역시,서구,4,75
202305,광주광역시,서구,5,75
202305,광주광역시,서구,6,98
202305,광주광역시,서구,7,158
202305,광주광역시,서구,8,176
202305,광주광역시,서구,9,200
202305,광주광역시,서구,10,218
202305,광주광역시,서구,11,200
202305,광주광역시,서구,12,250
202305,광주광역시,서구,13,223
202305,광주광역시,서구,14,209
202305,광주광역시,서구,15,256
202305,광주광역시,서구,16,264
202305,광주광역시,서구,17,270
202305,광주광역시,서구,18,258
202305,광주광역시,서구,19,232
202305,광주광역시,서구,20,216
202305,광주광역시,서구,21,195
202305,광주광역시,서구,22,246
202305,광주광역시,서구,23,194
202305,광주광역시,서구,24,192
202305,광주광역시,서구,25,174
202305,광주광역시,서구,26,119
202305,광주광역시,서구,27,107
202305,광주광역시,서구,28,88
202305,광주광역시,서구,29,88
202305,광주광역시,서구,30,79
202305,광주광역시,서구,31,106
202305,광주광역시,서구,32,88
202305,광주광역시,서구,33,86
202305,광주광역시,서구,34,109
202305,광주광역시,서구,35,80
202305,광주광역시,서구,36,96
202305,광주광역시,서구,37,109
202305,광주광역시,서구,38,130
202305,광주광역시,서구,39,141
202305,광주광역시,서구,40,158
202305,광주광역시,서구,41,204
202305,광주광역시,서구,42,183
202305,광주광역시,서구,43,204
202305,광주광역시,서구,44,193
202305,광주광역시,서구,45,219
202305,광주광역시,서구,46,235
202305,광주광역시,서구,47,212
202305,광주광역시,서구,48,270
202305,광주광역시,서구,49,280
202305,광주광역시,서구,50,274
202305,광주광역시,서구,51,306
202305,광주광역시,서구,52,333
202305,광주광역시,서구,53,315
202305,광주광역시,서구,54,305
202305,광주광역시,서구,55,317
202305,광주광역시,서구,56,303
202305,광주광역시,서구,57,320
202305,광주광역시,서구,58,306
202305,광주광역시,서구,59,298
202305,광주광역시,서구,60,331
202305,광주광역시,서구,61,308
202305,광주광역시,서구,62,343
202305,광주광역시,서구,63,347
202305,광주광역시,서구,64,304
202305,광주광역시,서구,65,342
202305,광주광역시,서구,66,305
202305,광주광역시,서구,67,285
202305,광주광역시,서구,68,320
202305,광주광역시,서구,69,267
202305,광주광역시,서구,70,240
202305,광주광역시,서구,71,247
202305,광주광역시,서구,72,241
202305,광주광역시,서구,73,223
202305,광주광역시,서구,74,231
202305,광주광역시,서구,75,264
202305,광주광역시,서구,76,238
202305,광주광역시,서구,77,177
202305,광주광역시,서구,78,172
202305,광주광역시,서구,79,199
202305,광주광역시,서구,80,247
202305,광주광역시,서구,81,218
202305,광주광역시,서구,82,176
202305,광주광역시,서구,83,174
202305,광주광역시,서구,84,161
202305,광주광역시,서구,85,144
202305,광주광역시,서구,86,127
202305,광주광역시,서구,87,125
202305,광주광역시,서구,88,92
202305,광주광역시,서구,89,69
202305,광주광역시,서구,90,75
202305,광주광역시,서구,91,50
202305,광주광역시,서구,92,42
202305,광주광역시,서구,93,32
202305,광주광역시,서구,94,22
202305,광주광역시,서구,95,20
202305,광주광역시,서구,96,15
202305,광주광역시,서구,97,11
202305,광주광역시,서구,98,4
202305,광주광역시,서구,99,3
202305,광주광역시,서구,100,1
202305,광주광역시,서구,101,2
202305,광주광역시,서구,102,2
202305,광주광역시,서구,106,1
202305,광주광역시,서구,109,1
202305,광주광역시,남구,0,15
202305,광주광역시,남구,1,36
202305,광주광역시,남구,2,43
202305,광주광역시,남구,3,40
202305,광주광역시,남구,4,54
202305,광주광역시,남구,5,68
202305,광주광역시,남구,6,74
202305,광주광역시,남구,7,114
202305,광주광역시,남구,8,141
202305,광주광역시,남구,9,148
202305,광주광역시,남구,10,162
202305,광주광역시,남구,11,192
202305,광주광역시,남구,12,201
202305,광주광역시,남구,13,187
202305,광주광역시,남구,14,208
202305,광주광역시,남구,15,202
202305,광주광역시,남구,16,230
202305,광주광역시,남구,17,213
202305,광주광역시,남구,18,209
202305,광주광역시,남구,19,158
202305,광주광역시,남구,20,148
202305,광주광역시,남구,21,154
202305,광주광역시,남구,22,160
202305,광주광역시,남구,23,154
202305,광주광역시,남구,24,135
202305,광주광역시,남구,25,100
202305,광주광역시,남구,26,85
202305,광주광역시,남구,27,82
202305,광주광역시,남구,28,66
202305,광주광역시,남구,29,57
202305,광주광역시,남구,30,46
202305,광주광역시,남구,31,66
202305,광주광역시,남구,32,50
202305,광주광역시,남구,33,56
202305,광주광역시,남구,34,62
202305,광주광역시,남구,35,53
202305,광주광역시,남구,36,62
202305,광주광역시,남구,37,78
202305,광주광역시,남구,38,90
202305,광주광역시,남구,39,99
202305,광주광역시,남구,40,131
202305,광주광역시,남구,41,141
202305,광주광역시,남구,42,148
202305,광주광역시,남구,43,134
202305,광주광역시,남구,44,134
202305,광주광역시,남구,45,153
202305,광주광역시,남구,46,162
202305,광주광역시,남구,47,154
202305,광주광역시,남구,48,164
202305,광주광역시,남구,49,208
202305,광주광역시,남구,50,211
202305,광주광역시,남구,51,191
202305,광주광역시,남구,52,227
202305,광주광역시,남구,53,231
202305,광주광역시,남구,54,253
202305,광주광역시,남구,55,218
202305,광주광역시,남구,56,224
202305,광주광역시,남구,57,226
202305,광주광역시,남구,58,222
202305,광주광역시,남구,59,212
202305,광주광역시,남구,60,241
202305,광주광역시,남구,61,232
202305,광주광역시,남구,62,237
202305,광주광역시,남구,63,240
202305,광주광역시,남구,64,219
202305,광주광역시,남구,65,251
202305,광주광역시,남구,66,248
202305,광주광역시,남구,67,209
202305,광주광역시,남구,68,235
202305,광주광역시,남구,69,180
202305,광주광역시,남구,70,182
202305,광주광역시,남구,71,201
202305,광주광역시,남구,72,178
202305,광주광역시,남구,73,205
202305,광주광역시,남구,74,173
202305,광주광역시,남구,75,176
202305,광주광역시,남구,76,192
202305,광주광역시,남구,77,142
202305,광주광역시,남구,78,159
202305,광주광역시,남구,79,161
202305,광주광역시,남구,80,184
202305,광주광역시,남구,81,193
202305,광주광역시,남구,82,176
202305,광주광역시,남구,83,164
202305,광주광역시,남구,84,159
202305,광주광역시,남구,85,128
202305,광주광역시,남구,86,128
202305,광주광역시,남구,87,108
202305,광주광역시,남구,88,103
202305,광주광역시,남구,89,94
202305,광주광역시,남구,90,64
202305,광주광역시,남구,91,38
202305,광주광역시,남구,92,53
202305,광주광역시,남구,93,45
202305,광주광역시,남구,94,21
202305,광주광역시,남구,95,23
202305,광주광역시,남구,96,14
202305,광주광역시,남구,97,8
202305,광주광역시,남구,98,7
202305,광주광역시,남구,99,2
202305,광주광역시,남구,100,5
202305,광주광역시,남구,101,2
202305,광주광역시,남구,103,1
202305,광주광역시,남구,104,1
202305,광주광역시,남구,111,1
202305,광주광역시,북구,0,51
202305,광주광역시,북구,1,61
202305,광주광역시,북구,2,76
202305,광주광역시,북구,3,133
202305,광주광역시,북구,4,140
202305,광주광역시,북구,5,141
202305,광주광역시,북구,6,197
202305,광주광역시,북구,7,261
202305,광주광역시,북구,8,317
202305,광주광역시,북구,9,362
202305,광주광역시,북구,10,387
202305,광주광역시,북구,11,373
202305,광주광역시,북구,12,409
202305,광주광역시,북구,13,418
202305,광주광역시,북구,14,410
202305,광주광역시,북구,15,408
202305,광주광역시,북구,16,409
202305,광주광역시,북구,17,446
202305,광주광역시,북구,18,382
202305,광주광역시,북구,19,346
202305,광주광역시,북구,20,318
202305,광주광역시,북구,21,322
202305,광주광역시,북구,22,338
202305,광주광역시,북구,23,388
202305,광주광역시,북구,24,261
202305,광주광역시,북구,25,254
202305,광주광역시,북구,26,189
202305,광주광역시,북구,27,175
202305,광주광역시,북구,28,168
202305,광주광역시,북구,29,145
202305,광주광역시,북구,30,157
202305,광주광역시,북구,31,159
202305,광주광역시,북구,32,163
202305,광주광역시,북구,33,149
202305,광주광역시,북구,34,156
202305,광주광역시,북구,35,171
202305,광주광역시,북구,36,201
202305,광주광역시,북구,37,184
202305,광주광역시,북구,38,207
202305,광주광역시,북구,39,247
202305,광주광역시,북구,40,285
202305,광주광역시,북구,41,315
202305,광주광역시,북구,42,342
202305,광주광역시,북구,43,342
202305,광주광역시,북구,44,357
202305,광주광역시,북구,45,351
202305,광주광역시,북구,46,342
202305,광주광역시,북구,47,378
202305,광주광역시,북구,48,412
202305,광주광역시,북구,49,439
202305,광주광역시,북구,50,475
202305,광주광역시,북구,51,530
202305,광주광역시,북구,52,507
202305,광주광역시,북구,53,557
202305,광주광역시,북구,54,604
202305,광주광역시,북구,55,538
202305,광주광역시,북구,56,545
202305,광주광역시,북구,57,558
202305,광주광역시,북구,58,497
202305,광주광역시,북구,59,518
202305,광주광역시,북구,60,623
202305,광주광역시,북구,61,578
202305,광주광역시,북구,62,715
202305,광주광역시,북구,63,703
202305,광주광역시,북구,64,561
202305,광주광역시,북구,65,588
202305,광주광역시,북구,66,565
202305,광주광역시,북구,67,543
202305,광주광역시,북구,68,593
202305,광주광역시,북구,69,440
202305,광주광역시,북구,70,434
202305,광주광역시,북구,71,468
202305,광주광역시,북구,72,374
202305,광주광역시,북구,73,424
202305,광주광역시,북구,74,413
202305,광주광역시,북구,75,418
202305,광주광역시,북구,76,451
202305,광주광역시,북구,77,288
202305,광주광역시,북구,78,351
202305,광주광역시,북구,79,322
202305,광주광역시,북구,80,440
202305,광주광역시,북구,81,428
202305,광주광역시,북구,82,358
202305,광주광역시,북구,83,347
202305,광주광역시,북구,84,285
202305,광주광역시,북구,85,295
202305,광주광역시,북구,86,235
202305,광주광역시,북구,87,216
202305,광주광역시,북구,88,192
202305,광주광역시,북구,89,178
202305,광주광역시,북구,90,130
202305,광주광역시,북구,91,105
202305,광주광역시,북구,92,85
202305,광주광역시,북구,93,86
202305,광주광역시,북구,94,48
202305,광주광역시,북구,95,36
202305,광주광역시,북구,96,28
202305,광주광역시,북구,97,12
202305,광주광역시,북구,98,9
202305,광주광역시,북구,99,6
202305,광주광역시,북구,100,9
202305,광주광역시,북구,101,2
202305,광주광역시,북구,102,3
202305,광주광역시,북구,103,1
202305,광주광역시,북구,104,1
202305,광주광역시,광산구,0,57
202305,광주광역시,광산구,1,74
202305,광주광역시,광산구,2,110
202305,광주광역시,광산구,3,117
202305,광주광역시,광산구,4,126
202305,광주광역시,광산구,5,130
202305,광주광역시,광산구,6,191
202305,광주광역시,광산구,7,268
202305,광주광역시,광산구,8,294
202305,광주광역시,광산구,9,310
202305,광주광역시,광산구,10,347
202305,광주광역시,광산구,11,339
202305,광주광역시,광산구,12,397
202305,광주광역시,광산구,13,410
202305,광주광역시,광산구,14,380
202305,광주광역시,광산구,15,406
202305,광주광역시,광산구,16,400
202305,광주광역시,광산구,17,365
202305,광주광역시,광산구,18,347
202305,광주광역시,광산구,19,313
202305,광주광역시,광산구,20,270
202305,광주광역시,광산구,21,245
202305,광주광역시,광산구,22,293
202305,광주광역시,광산구,23,255
202305,광주광역시,광산구,24,206
202305,광주광역시,광산구,25,211
202305,광주광역시,광산구,26,171
202305,광주광역시,광산구,27,138
202305,광주광역시,광산구,28,99
202305,광주광역시,광산구,29,111
202305,광주광역시,광산구,30,116
202305,광주광역시,광산구,31,110
202305,광주광역시,광산구,32,116
202305,광주광역시,광산구,33,127
202305,광주광역시,광산구,34,133
202305,광주광역시,광산구,35,137
202305,광주광역시,광산구,36,151
202305,광주광역시,광산구,37,186
202305,광주광역시,광산구,38,193
202305,광주광역시,광산구,39,184
202305,광주광역시,광산구,40,236
202305,광주광역시,광산구,41,250
202305,광주광역시,광산구,42,266
202305,광주광역시,광산구,43,306
202305,광주광역시,광산구,44,298
202305,광주광역시,광산구,45,281
202305,광주광역시,광산구,46,284
202305,광주광역시,광산구,47,271
202305,광주광역시,광산구,48,347
202305,광주광역시,광산구,49,385
202305,광주광역시,광산구,50,379
202305,광주광역시,광산구,51,362
202305,광주광역시,광산구,52,391
202305,광주광역시,광산구,53,335
202305,광주광역시,광산구,54,370
202305,광주광역시,광산구,55,348
202305,광주광역시,광산구,56,334
202305,광주광역시,광산구,57,325
202305,광주광역시,광산구,58,287
202305,광주광역시,광산구,59,312
202305,광주광역시,광산구,60,317
202305,광주광역시,광산구,61,320
202305,광주광역시,광산구,62,366
202305,광주광역시,광산구,63,332
202305,광주광역시,광산구,64,315
202305,광주광역시,광산구,65,304
202305,광주광역시,광산구,66,282
202305,광주광역시,광산구,67,288
202305,광주광역시,광산구,68,300
202305,광주광역시,광산구,69,242
202305,광주광역시,광산구,70,192
202305,광주광역시,광산구,71,238
202305,광주광역시,광산구,72,201
202305,광주광역시,광산구,73,245
202305,광주광역시,광산구,74,223
202305,광주광역시,광산구,75,247
202305,광주광역시,광산구,76,239
202305,광주광역시,광산구,77,186
202305,광주광역시,광산구,78,180
202305,광주광역시,광산구,79,186
202305,광주광역시,광산구,80,240
202305,광주광역시,광산구,81,268
202305,광주광역시,광산구,82,211
202305,광주광역시,광산구,83,195
202305,광주광역시,광산구,84,179
202305,광주광역시,광산구,85,148
202305,광주광역시,광산구,86,147
202305,광주광역시,광산구,87,133
202305,광주광역시,광산구,88,135
202305,광주광역시,광산구,89,63
202305,광주광역시,광산구,90,67
202305,광주광역시,광산구,91,49
202305,광주광역시,광산구,92,46
202305,광주광역시,광산구,93,41
202305,광주광역시,광산구,94,32
202305,광주광역시,광산구,95,12
202305,광주광역시,광산구,96,11
202305,광주광역시,광산구,97,9
202305,광주광역시,광산구,98,4
202305,광주광역시,광산구,99,2
202305,광주광역시,광산구,100,4
202305,광주광역시,광산구,101,1
202305,광주광역시,광산구,102,1
202305,대전광역시,동구,0,17
202305,대전광역시,동구,1,30
202305,대전광역시,동구,2,32
202305,대전광역시,동구,3,49
202305,대전광역시,동구,4,76
202305,대전광역시,동구,5,58
202305,대전광역시,동구,6,92
202305,대전광역시,동구,7,118
202305,대전광역시,동구,8,120
202305,대전광역시,동구,9,142
202305,대전광역시,동구,10,159
202305,대전광역시,동구,11,151
202305,대전광역시,동구,12,203
202305,대전광역시,동구,13,188
202305,대전광역시,동구,14,189
202305,대전광역시,동구,15,238
202305,대전광역시,동구,16,242
202305,대전광역시,동구,17,232
202305,대전광역시,동구,18,203
202305,대전광역시,동구,19,194
202305,대전광역시,동구,20,162
202305,대전광역시,동구,21,127
202305,대전광역시,동구,22,147
202305,대전광역시,동구,23,128
202305,대전광역시,동구,24,98
202305,대전광역시,동구,25,86
202305,대전광역시,동구,26,91
202305,대전광역시,동구,27,55
202305,대전광역시,동구,28,53
202305,대전광역시,동구,29,56
202305,대전광역시,동구,30,58
202305,대전광역시,동구,31,72
202305,대전광역시,동구,32,54
202305,대전광역시,동구,33,66
202305,대전광역시,동구,34,69
202305,대전광역시,동구,35,67
202305,대전광역시,동구,36,76
202305,대전광역시,동구,37,91
202305,대전광역시,동구,38,88
202305,대전광역시,동구,39,101
202305,대전광역시,동구,40,95
202305,대전광역시,동구,41,131
202305,대전광역시,동구,42,146
202305,대전광역시,동구,43,152
202305,대전광역시,동구,44,179
202305,대전광역시,동구,45,137
202305,대전광역시,동구,46,150
202305,대전광역시,동구,47,185
202305,대전광역시,동구,48,188
202305,대전광역시,동구,49,226
202305,대전광역시,동구,50,230
202305,대전광역시,동구,51,260
202305,대전광역시,동구,52,235
202305,대전광역시,동구,53,269
202305,대전광역시,동구,54,280
202305,대전광역시,동구,55,279
202305,대전광역시,동구,56,256
202305,대전광역시,동구,57,267
202305,대전광역시,동구,58,332
202305,대전광역시,동구,59,252
202305,대전광역시,동구,60,335
202305,대전광역시,동구,61,337
202305,대전광역시,동구,62,387
202305,대전광역시,동구,63,354
202305,대전광역시,동구,64,324
202305,대전광역시,동구,65,387
202305,대전광역시,동구,66,411
202305,대전광역시,동구,67,384
202305,대전광역시,동구,68,402
202305,대전광역시,동구,69,300
202305,대전광역시,동구,70,318
202305,대전광역시,동구,71,337
202305,대전광역시,동구,72,267
202305,대전광역시,동구,73,284
202305,대전광역시,동구,74,300
202305,대전광역시,동구,75,246
202305,대전광역시,동구,76,310
202305,대전광역시,동구,77,210
202305,대전광역시,동구,78,239
202305,대전광역시,동구,79,257
202305,대전광역시,동구,80,306
202305,대전광역시,동구,81,305
202305,대전광역시,동구,82,252
202305,대전광역시,동구,83,205
202305,대전광역시,동구,84,238
202305,대전광역시,동구,85,207
202305,대전광역시,동구,86,162
202305,대전광역시,동구,87,140
202305,대전광역시,동구,88,127
202305,대전광역시,동구,89,100
202305,대전광역시,동구,90,77
202305,대전광역시,동구,91,53
202305,대전광역시,동구,92,42
202305,대전광역시,동구,93,41
202305,대전광역시,동구,94,30
202305,대전광역시,동구,95,20
202305,대전광역시,동구,96,11
202305,대전광역시,동구,97,8
202305,대전광역시,동구,98,3
202305,대전광역시,동구,99,4
202305,대전광역시,동구,100,5
202305,대전광역시,동구,101,2
202305,대전광역시,동구,106,1
202305,대전광역시,동구,113,1
202305,대전광역시,중구,0,21
202305,대전광역시,중구,1,27
202305,대전광역시,중구,2,34
202305,대전광역시,중구,3,38
202305,대전광역시,중구,4,40
202305,대전광역시,중구,5,51
202305,대전광역시,중구,6,67
202305,대전광역시,중구,7,86
202305,대전광역시,중구,8,92
202305,대전광역시,중구,9,111
202305,대전광역시,중구,10,142
202305,대전광역시,중구,11,142
202305,대전광역시,중구,12,166
202305,대전광역시,중구,13,151
202305,대전광역시,중구,14,142
202305,대전광역시,중구,15,191
202305,대전광역시,중구,16,176
202305,대전광역시,중구,17,182
202305,대전광역시,중구,18,149
202305,대전광역시,중구,19,126
202305,대전광역시,중구,20,120
202305,대전광역시,중구,21,114
202305,대전광역시,중구,22,117
202305,대전광역시,중구,23,103
202305,대전광역시,중구,24,95
202305,대전광역시,중구,25,96
202305,대전광역시,중구,26,58
202305,대전광역시,중구,27,58
202305,대전광역시,중구,28,56
202305,대전광역시,중구,29,51
202305,대전광역시,중구,30,58
202305,대전광역시,중구,31,48
202305,대전광역시,중구,32,41
202305,대전광역시,중구,33,47
202305,대전광역시,중구,34,48
202305,대전광역시,중구,35,55
202305,대전광역시,중구,36,59
202305,대전광역시,중구,37,55
202305,대전광역시,중구,38,73
202305,대전광역시,중구,39,73
202305,대전광역시,중구,40,114
202305,대전광역시,중구,41,110
202305,대전광역시,중구,42,119
202305,대전광역시,중구,43,127
202305,대전광역시,중구,44,111
202305,대전광역시,중구,45,142
202305,대전광역시,중구,46,143
202305,대전광역시,중구,47,151
202305,대전광역시,중구,48,135
202305,대전광역시,중구,49,194
202305,대전광역시,중구,50,169
202305,대전광역시,중구,51,188
202305,대전광역시,중구,52,224
202305,대전광역시,중구,53,231
202305,대전광역시,중구,54,255
202305,대전광역시,중구,55,244
202305,대전광역시,중구,56,237
202305,대전광역시,중구,57,225
202305,대전광역시,중구,58,244
202305,대전광역시,중구,59,210
202305,대전광역시,중구,60,269
202305,대전광역시,중구,61,276
202305,대전광역시,중구,62,322
202305,대전광역시,중구,63,332
202305,대전광역시,중구,64,318
202305,대전광역시,중구,65,290
202305,대전광역시,중구,66,296
202305,대전광역시,중구,67,316
202305,대전광역시,중구,68,318
202305,대전광역시,중구,69,273
202305,대전광역시,중구,70,264
202305,대전광역시,중구,71,241
202305,대전광역시,중구,72,218
202305,대전광역시,중구,73,245
202305,대전광역시,중구,74,242
202305,대전광역시,중구,75,189
202305,대전광역시,중구,76,219
202305,대전광역시,중구,77,172
202305,대전광역시,중구,78,186
202305,대전광역시,중구,79,155
202305,대전광역시,중구,80,213
202305,대전광역시,중구,81,227
202305,대전광역시,중구,82,150
202305,대전광역시,중구,83,170
202305,대전광역시,중구,84,167
202305,대전광역시,중구,85,164
202305,대전광역시,중구,86,110
202305,대전광역시,중구,87,95
202305,대전광역시,중구,88,99
202305,대전광역시,중구,89,83
202305,대전광역시,중구,90,53
202305,대전광역시,중구,91,48
202305,대전광역시,중구,92,25
202305,대전광역시,중구,93,38
202305,대전광역시,중구,94,16
202305,대전광역시,중구,95,20
202305,대전광역시,중구,96,7
202305,대전광역시,중구,97,8
202305,대전광역시,중구,98,3
202305,대전광역시,중구,99,4
202305,대전광역시,중구,101,2
202305,대전광역시,중구,102,2
202305,대전광역시,중구,103,2
202305,대전광역시,중구,104,1
202305,대전광역시,중구,105,1
202305,대전광역시,서구,0,39
202305,대전광역시,서구,1,64
202305,대전광역시,서구,2,79
202305,대전광역시,서구,3,79
202305,대전광역시,서구,4,103
202305,대전광역시,서구,5,119
202305,대전광역시,서구,6,149
202305,대전광역시,서구,7,177
202305,대전광역시,서구,8,201
202305,대전광역시,서구,9,219
202305,대전광역시,서구,10,196
202305,대전광역시,서구,11,246
202305,대전광역시,서구,12,242
202305,대전광역시,서구,13,251
202305,대전광역시,서구,14,226
202305,대전광역시,서구,15,299
202305,대전광역시,서구,16,290
202305,대전광역시,서구,17,296
202305,대전광역시,서구,18,257
202305,대전광역시,서구,19,236
202305,대전광역시,서구,20,192
202305,대전광역시,서구,21,206
202305,대전광역시,서구,22,224
202305,대전광역시,서구,23,192
202305,대전광역시,서구,24,173
202305,대전광역시,서구,25,146
202305,대전광역시,서구,26,120
202305,대전광역시,서구,27,106
202305,대전광역시,서구,28,103
202305,대전광역시,서구,29,109
202305,대전광역시,서구,30,103
202305,대전광역시,서구,31,106
202305,대전광역시,서구,32,108
202305,대전광역시,서구,33,108
202305,대전광역시,서구,34,132
202305,대전광역시,서구,35,117
202305,대전광역시,서구,36,127
202305,대전광역시,서구,37,134
202305,대전광역시,서구,38,120
202305,대전광역시,서구,39,133
202305,대전광역시,서구,40,182
202305,대전광역시,서구,41,192
202305,대전광역시,서구,42,194
202305,대전광역시,서구,43,187
202305,대전광역시,서구,44,194
202305,대전광역시,서구,45,193
202305,대전광역시,서구,46,221
202305,대전광역시,서구,47,214
202305,대전광역시,서구,48,224
202305,대전광역시,서구,49,302
202305,대전광역시,서구,50,327
202305,대전광역시,서구,51,290
202305,대전광역시,서구,52,329
202305,대전광역시,서구,53,334
202305,대전광역시,서구,54,346
202305,대전광역시,서구,55,318
202305,대전광역시,서구,56,299
202305,대전광역시,서구,57,291
202305,대전광역시,서구,58,308
202305,대전광역시,서구,59,294
202305,대전광역시,서구,60,340
202305,대전광역시,서구,61,355
202305,대전광역시,서구,62,370
202305,대전광역시,서구,63,368
202305,대전광역시,서구,64,356
202305,대전광역시,서구,65,361
202305,대전광역시,서구,66,334
202305,대전광역시,서구,67,343
202305,대전광역시,서구,68,411
202305,대전광역시,서구,69,293
202305,대전광역시,서구,70,293
202305,대전광역시,서구,71,271
202305,대전광역시,서구,72,238
202305,대전광역시,서구,73,249
202305,대전광역시,서구,74,247
202305,대전광역시,서구,75,251
202305,대전광역시,서구,76,252
202305,대전광역시,서구,77,165
202305,대전광역시,서구,78,186
202305,대전광역시,서구,79,191
202305,대전광역시,서구,80,240
202305,대전광역시,서구,81,245
202305,대전광역시,서구,82,190
202305,대전광역시,서구,83,153
202305,대전광역시,서구,84,183
202305,대전광역시,서구,85,129
202305,대전광역시,서구,86,153
202305,대전광역시,서구,87,126
202305,대전광역시,서구,88,111
202305,대전광역시,서구,89,85
202305,대전광역시,서구,90,82
202305,대전광역시,서구,91,50
202305,대전광역시,서구,92,50
202305,대전광역시,서구,93,38
202305,대전광역시,서구,94,26
202305,대전광역시,서구,95,31
202305,대전광역시,서구,96,13
202305,대전광역시,서구,97,8
202305,대전광역시,서구,98,8
202305,대전광역시,서구,99,3
202305,대전광역시,서구,100,6
202305,대전광역시,서구,101,2
202305,대전광역시,서구,103,1
202305,대전광역시,서구,104,1
202305,대전광역시,서구,105,1
202305,대전광역시,유성구,0,18
202305,대전광역시,유성구,1,37
202305,대전광역시,유성구,2,47
202305,대전광역시,유성구,3,45
202305,대전광역시,유성구,4,53
202305,대전광역시,유성구,5,61
202305,대전광역시,유성구,6,76
202305,대전광역시,유성구,7,111
202305,대전광역시,유성구,8,111
202305,대전광역시,유성구,9,110
202305,대전광역시,유성구,10,105
202305,대전광역시,유성구,11,134
202305,대전광역시,유성구,12,111
202305,대전광역시,유성구,13,115
202305,대전광역시,유성구,14,124
202305,대전광역시,유성구,15,141
202305,대전광역시,유성구,16,157
202305,대전광역시,유성구,17,142
202305,대전광역시,유성구,18,137
202305,대전광역시,유성구,19,113
202305,대전광역시,유성구,20,98
202305,대전광역시,유성구,21,87
202305,대전광역시,유성구,22,100
202305,대전광역시,유성구,23,96
202305,대전광역시,유성구,24,74
202305,대전광역시,유성구,25,79
202305,대전광역시,유성구,26,63
202305,대전광역시,유성구,27,58
202305,대전광역시,유성구,28,41
202305,대전광역시,유성구,29,42
202305,대전광역시,유성구,30,51
202305,대전광역시,유성구,31,39
202305,대전광역시,유성구,32,65
202305,대전광역시,유성구,33,68
202305,대전광역시,유성구,34,56
202305,대전광역시,유성구,35,64
202305,대전광역시,유성구,36,68
202305,대전광역시,유성구,37,76
202305,대전광역시,유성구,38,79
202305,대전광역시,유성구,39,69
202305,대전광역시,유성구,40,89
202305,대전광역시,유성구,41,108
202305,대전광역시,유성구,42,107
202305,대전광역시,유성구,43,108
202305,대전광역시,유성구,44,99
202305,대전광역시,유성구,45,116
202305,대전광역시,유성구,46,129
202305,대전광역시,유성구,47,127
202305,대전광역시,유성구,48,111
202305,대전광역시,유성구,49,154
202305,대전광역시,유성구,50,157
202305,대전광역시,유성구,51,162
202305,대전광역시,유성구,52,171
202305,대전광역시,유성구,53,170
202305,대전광역시,유성구,54,181
202305,대전광역시,유성구,55,145
202305,대전광역시,유성구,56,161
202305,대전광역시,유성구,57,147
202305,대전광역시,유성구,58,159
202305,대전광역시,유성구,59,136
202305,대전광역시,유성구,60,163
202305,대전광역시,유성구,61,183
202305,대전광역시,유성구,62,194
202305,대전광역시,유성구,63,205
202305,대전광역시,유성구,64,156
202305,대전광역시,유성구,65,184
202305,대전광역시,유성구,66,197
202305,대전광역시,유성구,67,199
202305,대전광역시,유성구,68,229
202305,대전광역시,유성구,69,135
202305,대전광역시,유성구,70,150
202305,대전광역시,유성구,71,156
202305,대전광역시,유성구,72,118
202305,대전광역시,유성구,73,144
202305,대전광역시,유성구,74,122
202305,대전광역시,유성구,75,163
202305,대전광역시,유성구,76,129
202305,대전광역시,유성구,77,92
202305,대전광역시,유성구,78,108
202305,대전광역시,유성구,79,117
202305,대전광역시,유성구,80,136
202305,대전광역시,유성구,81,116
202305,대전광역시,유성구,82,97
202305,대전광역시,유성구,83,99
202305,대전광역시,유성구,84,100
202305,대전광역시,유성구,85,97
202305,대전광역시,유성구,86,72
202305,대전광역시,유성구,87,65
202305,대전광역시,유성구,88,68
202305,대전광역시,유성구,89,47
202305,대전광역시,유성구,90,43
202305,대전광역시,유성구,91,27
202305,대전광역시,유성구,92,17
202305,대전광역시,유성구,93,20
202305,대전광역시,유성구,94,17
202305,대전광역시,유성구,95,9
202305,대전광역시,유성구,96,10
202305,대전광역시,유성구,97,6
202305,대전광역시,유성구,98,4
202305,대전광역시,유성구,99,2
202305,대전광역시,유성구,100,1
202305,대전광역시,유성구,101,1
202305,대전광역시,유성구,103,1
202305,대전광역시,유성구,104,1
202305,대전광역시,대덕구,0,22
202305,대전광역시,대덕구,1,20
202305,대전광역시,대덕구,2,34
202305,대전광역시,대덕구,3,33
202305,대전광역시,대덕구,4,58
202305,대전광역시,대덕구,5,55
202305,대전광역시,대덕구,6,78
202305,대전광역시,대덕구,7,94
202305,대전광역시,대덕구,8,94
202305,대전광역시,대덕구,9,114
202305,대전광역시,대덕구,10,117
202305,대전광역시,대덕구,11,139
202305,대전광역시,대덕구,12,156
202305,대전광역시,대덕구,13,157
202305,대전광역시,대덕구,14,177
202305,대전광역시,대덕구,15,194
202305,대전광역시,대덕구,16,179
202305,대전광역시,대덕구,17,179
202305,대전광역시,대덕구,18,157
202305,대전광역시,대덕구,19,137
202305,대전광역시,대덕구,20,99
202305,대전광역시,대덕구,21,97
202305,대전광역시,대덕구,22,118
202305,대전광역시,대덕구,23,100
202305,대전광역시,대덕구,24,87
202305,대전광역시,대덕구,25,67
202305,대전광역시,대덕구,26,62
202305,대전광역시,대덕구,27,46
202305,대전광역시,대덕구,28,43
202305,대전광역시,대덕구,29,31
202305,대전광역시,대덕구,30,45
202305,대전광역시,대덕구,31,56
202305,대전광역시,대덕구,32,46
202305,대전광역시,대덕구,33,39
202305,대전광역시,대덕구,34,45
202305,대전광역시,대덕구,35,49
202305,대전광역시,대덕구,36,43
202305,대전광역시,대덕구,37,59
202305,대전광역시,대덕구,38,71
202305,대전광역시,대덕구,39,83
202305,대전광역시,대덕구,40,74
202305,대전광역시,대덕구,41,100
202305,대전광역시,대덕구,42,95
202305,대전광역시,대덕구,43,116
202305,대전광역시,대덕구,44,111
202305,대전광역시,대덕구,45,118
202305,대전광역시,대덕구,46,99
202305,대전광역시,대덕구,47,148
202305,대전광역시,대덕구,48,140
202305,대전광역시,대덕구,49,178
202305,대전광역시,대덕구,50,175
202305,대전광역시,대덕구,51,180
202305,대전광역시,대덕구,52,187
202305,대전광역시,대덕구,53,202
202305,대전광역시,대덕구,54,207
202305,대전광역시,대덕구,55,194
202305,대전광역시,대덕구,56,173
202305,대전광역시,대덕구,57,168
202305,대전광역시,대덕구,58,185
202305,대전광역시,대덕구,59,154
202305,대전광역시,대덕구,60,206
202305,대전광역시,대덕구,61,185
202305,대전광역시,대덕구,62,264
202305,대전광역시,대덕구,63,233
202305,대전광역시,대덕구,64,231
202305,대전광역시,대덕구,65,226
202305,대전광역시,대덕구,66,216
202305,대전광역시,대덕구,67,239
202305,대전광역시,대덕구,68,221
202305,대전광역시,대덕구,69,184
202305,대전광역시,대덕구,70,178
202305,대전광역시,대덕구,71,189
202305,대전광역시,대덕구,72,167
202305,대전광역시,대덕구,73,183
202305,대전광역시,대덕구,74,177
202305,대전광역시,대덕구,75,188
202305,대전광역시,대덕구,76,162
202305,대전광역시,대덕구,77,116
202305,대전광역시,대덕구,78,143
202305,대전광역시,대덕구,79,147
202305,대전광역시,대덕구,80,203
202305,대전광역시,대덕구,81,180
202305,대전광역시,대덕구,82,149
202305,대전광역시,대덕구,83,136
202305,대전광역시,대덕구,84,127
202305,대전광역시,대덕구,85,112
202305,대전광역시,대덕구,86,106
202305,대전광역시,대덕구,87,96
202305,대전광역시,대덕구,88,87
202305,대전광역시,대덕구,89,67
202305,대전광역시,대덕구,90,42
202305,대전광역시,대덕구,91,43
202305,대전광역시,대덕구,92,31
202305,대전광역시,대덕구,93,26
202305,대전광역시,대덕구,94,22
202305,대전광역시,대덕구,95,12
202305,대전광역시,대덕구,96,6
202305,대전광역시,대덕구,97,5
202305,대전광역시,대덕구,98,4
202305,대전광역시,대덕구,99,5
202305,대전광역시,대덕구,100,4
202305,대전광역시,대덕구,101,1
202305,대전광역시,대덕구,102,1
202305,대전광역시,대덕구,108,1
202305,울산광역시,중구,0,7
202305,울산광역시,중구,1,14
202305,울산광역시,중구,2,17
202305,울산광역시,중구,3,20
202305,울산광역시,중구,4,29
202305,울산광역시,중구,5,31
202305,울산광역시,중구,6,41
202305,울산광역시,중구,7,65
202305,울산광역시,중구,8,60
202305,울산광역시,중구,9,91
202305,울산광역시,중구,10,74
202305,울산광역시,중구,11,84
202305,울산광역시,중구,12,83
202305,울산광역시,중구,13,99
202305,울산광역시,중구,14,90
202305,울산광역시,중구,15,103
202305,울산광역시,중구,16,116
202305,울산광역시,중구,17,102
202305,울산광역시,중구,18,108
202305,울산광역시,중구,19,76
202305,울산광역시,중구,20,67
202305,울산광역시,중구,21,60
202305,울산광역시,중구,22,69
202305,울산광역시,중구,23,69
202305,울산광역시,중구,24,48
202305,울산광역시,중구,25,36
202305,울산광역시,중구,26,29
202305,울산광역시,중구,27,27
202305,울산광역시,중구,28,25
202305,울산광역시,중구,29,39
202305,울산광역시,중구,30,21
202305,울산광역시,중구,31,31
202305,울산광역시,중구,32,29
202305,울산광역시,중구,33,29
202305,울산광역시,중구,34,43
202305,울산광역시,중구,35,44
202305,울산광역시,중구,36,34
202305,울산광역시,중구,37,42
202305,울산광역시,중구,38,47
202305,울산광역시,중구,39,49
202305,울산광역시,중구,40,57
202305,울산광역시,중구,41,75
202305,울산광역시,중구,42,86
202305,울산광역시,중구,43,74
202305,울산광역시,중구,44,83
202305,울산광역시,중구,45,93
202305,울산광역시,중구,46,81
202305,울산광역시,중구,47,102
202305,울산광역시,중구,48,122
202305,울산광역시,중구,49,116
202305,울산광역시,중구,50,143
202305,울산광역시,중구,51,157
202305,울산광역시,중구,52,148
202305,울산광역시,중구,53,145
202305,울산광역시,중구,54,168
202305,울산광역시,중구,55,153
202305,울산광역시,중구,56,133
202305,울산광역시,중구,57,153
202305,울산광역시,중구,58,190
202305,울산광역시,중구,59,144
202305,울산광역시,중구,60,166
202305,울산광역시,중구,61,190
202305,울산광역시,중구,62,229
202305,울산광역시,중구,63,210
202305,울산광역시,중구,64,244
202305,울산광역시,중구,65,249
202305,울산광역시,중구,66,267
202305,울산광역시,중구,67,271
202305,울산광역시,중구,68,276
202305,울산광역시,중구,69,239
202305,울산광역시,중구,70,216
202305,울산광역시,중구,71,220
202305,울산광역시,중구,72,179
202305,울산광역시,중구,73,196
202305,울산광역시,중구,74,191
202305,울산광역시,중구,75,156
202305,울산광역시,중구,76,156
202305,울산광역시,중구,77,119
202305,울산광역시,중구,78,162
202305,울산광역시,중구,79,140
202305,울산광역시,중구,80,201
202305,울산광역시,중구,81,140
202305,울산광역시,중구,82,99
202305,울산광역시,중구,83,128
202305,울산광역시,중구,84,117
202305,울산광역시,중구,85,88
202305,울산광역시,중구,86,74
202305,울산광역시,중구,87,73
202305,울산광역시,중구,88,54
202305,울산광역시,중구,89,53
202305,울산광역시,중구,90,55
202305,울산광역시,중구,91,29
202305,울산광역시,중구,92,23
202305,울산광역시,중구,93,15
202305,울산광역시,중구,94,16
202305,울산광역시,중구,95,9
202305,울산광역시,중구,96,4
202305,울산광역시,중구,97,3
202305,울산광역시,중구,98,2
202305,울산광역시,중구,99,3
202305,울산광역시,중구,100,1
202305,울산광역시,남구,0,5
202305,울산광역시,남구,1,12
202305,울산광역시,남구,2,22
202305,울산광역시,남구,3,27
202305,울산광역시,남구,4,35
202305,울산광역시,남구,5,34
202305,울산광역시,남구,6,54
202305,울산광역시,남구,7,68
202305,울산광역시,남구,8,84
202305,울산광역시,남구,9,95
202305,울산광역시,남구,10,76
202305,울산광역시,남구,11,93
202305,울산광역시,남구,12,95
202305,울산광역시,남구,13,93
202305,울산광역시,남구,14,104
202305,울산광역시,남구,15,129
202305,울산광역시,남구,16,129
202305,울산광역시,남구,17,111
202305,울산광역시,남구,18,94
202305,울산광역시,남구,19,101
202305,울산광역시,남구,20,95
202305,울산광역시,남구,21,103
202305,울산광역시,남구,22,86
202305,울산광역시,남구,23,71
202305,울산광역시,남구,24,70
202305,울산광역시,남구,25,51
202305,울산광역시,남구,26,49
202305,울산광역시,남구,27,41
202305,울산광역시,남구,28,37
202305,울산광역시,남구,29,28
202305,울산광역시,남구,30,43
202305,울산광역시,남구,31,49
202305,울산광역시,남구,32,45
202305,울산광역시,남구,33,58
202305,울산광역시,남구,34,67
202305,울산광역시,남구,35,64
202305,울산광역시,남구,36,44
202305,울산광역시,남구,37,65
202305,울산광역시,남구,38,74
202305,울산광역시,남구,39,72
202305,울산광역시,남구,40,90
202305,울산광역시,남구,41,85
202305,울산광역시,남구,42,122
202305,울산광역시,남구,43,135
202305,울산광역시,남구,44,117
202305,울산광역시,남구,45,112
202305,울산광역시,남구,46,105
202305,울산광역시,남구,47,155
202305,울산광역시,남구,48,149
202305,울산광역시,남구,49,196
202305,울산광역시,남구,50,173
202305,울산광역시,남구,51,221
202305,울산광역시,남구,52,206
202305,울산광역시,남구,53,192
202305,울산광역시,남구,54,206
202305,울산광역시,남구,55,209
202305,울산광역시,남구,56,192
202305,울산광역시,남구,57,232
202305,울산광역시,남구,58,175
202305,울산광역시,남구,59,180
202305,울산광역시,남구,60,230
202305,울산광역시,남구,61,231
202305,울산광역시,남구,62,274
202305,울산광역시,남구,63,254
202305,울산광역시,남구,64,244
202305,울산광역시,남구,65,316
202305,울산광역시,남구,66,279
202305,울산광역시,남구,67,301
202305,울산광역시,남구,68,316
202305,울산광역시,남구,69,261
202305,울산광역시,남구,70,256
202305,울산광역시,남구,71,199
202305,울산광역시,남구,72,170
202305,울산광역시,남구,73,190
202305,울산광역시,남구,74,198
202305,울산광역시,남구,75,174
202305,울산광역시,남구,76,166
202305,울산광역시,남구,77,99
202305,울산광역시,남구,78,127
202305,울산광역시,남구,79,106
202305,울산광역시,남구,80,164
202305,울산광역시,남구,81,174
202305,울산광역시,남구,82,124
202305,울산광역시,남구,83,118
202305,울산광역시,남구,84,93
202305,울산광역시,남구,85,104
202305,울산광역시,남구,86,69
202305,울산광역시,남구,87,81
202305,울산광역시,남구,88,68
202305,울산광역시,남구,89,56
202305,울산광역시,남구,90,33
202305,울산광역시,남구,91,36
202305,울산광역시,남구,92,22
202305,울산광역시,남구,93,18
202305,울산광역시,남구,94,12
202305,울산광역시,남구,95,5
202305,울산광역시,남구,96,5
202305,울산광역시,남구,97,7
202305,울산광역시,남구,98,8
202305,울산광역시,남구,99,1
202305,울산광역시,남구,100,1
202305,울산광역시,동구,0,7
202305,울산광역시,동구,1,15
202305,울산광역시,동구,2,22
202305,울산광역시,동구,3,34
202305,울산광역시,동구,4,26
202305,울산광역시,동구,5,60
202305,울산광역시,동구,6,52
202305,울산광역시,동구,7,76
202305,울산광역시,동구,8,93
202305,울산광역시,동구,9,80
202305,울산광역시,동구,10,92
202305,울산광역시,동구,11,86
202305,울산광역시,동구,12,91
202305,울산광역시,동구,13,85
202305,울산광역시,동구,14,102
202305,울산광역시,동구,15,120
202305,울산광역시,동구,16,95
202305,울산광역시,동구,17,72
202305,울산광역시,동구,18,78
202305,울산광역시,동구,19,57
202305,울산광역시,동구,20,51
202305,울산광역시,동구,21,36
202305,울산광역시,동구,22,43
202305,울산광역시,동구,23,27
202305,울산광역시,동구,24,18
202305,울산광역시,동구,25,26
202305,울산광역시,동구,26,16
202305,울산광역시,동구,27,21
202305,울산광역시,동구,28,23
202305,울산광역시,동구,29,18
202305,울산광역시,동구,30,17
202305,울산광역시,동구,31,22
202305,울산광역시,동구,32,33
202305,울산광역시,동구,33,31
202305,울산광역시,동구,34,33
202305,울산광역시,동구,35,45
202305,울산광역시,동구,36,41
202305,울산광역시,동구,37,45
202305,울산광역시,동구,38,38
202305,울산광역시,동구,39,57
202305,울산광역시,동구,40,77
202305,울산광역시,동구,41,78
202305,울산광역시,동구,42,76
202305,울산광역시,동구,43,86
202305,울산광역시,동구,44,86
202305,울산광역시,동구,45,69
202305,울산광역시,동구,46,66
202305,울산광역시,동구,47,84
202305,울산광역시,동구,48,82
202305,울산광역시,동구,49,90
202305,울산광역시,동구,50,79
202305,울산광역시,동구,51,67
202305,울산광역시,동구,52,110
202305,울산광역시,동구,53,85
202305,울산광역시,동구,54,108
202305,울산광역시,동구,55,91
202305,울산광역시,동구,56,86
202305,울산광역시,동구,57,75
202305,울산광역시,동구,58,88
202305,울산광역시,동구,59,90
202305,울산광역시,동구,60,86
202305,울산광역시,동구,61,101
202305,울산광역시,동구,62,117
202305,울산광역시,동구,63,117
202305,울산광역시,동구,64,144
202305,울산광역시,동구,65,129
202305,울산광역시,동구,66,110
202305,울산광역시,동구,67,117
202305,울산광역시,동구,68,152
202305,울산광역시,동구,69,104
202305,울산광역시,동구,70,113
202305,울산광역시,동구,71,117
202305,울산광역시,동구,72,100
202305,울산광역시,동구,73,112
202305,울산광역시,동구,74,98
202305,울산광역시,동구,75,98
202305,울산광역시,동구,76,96
202305,울산광역시,동구,77,60
202305,울산광역시,동구,78,74
202305,울산광역시,동구,79,69
202305,울산광역시,동구,80,120
202305,울산광역시,동구,81,78
202305,울산광역시,동구,82,81
202305,울산광역시,동구,83,91
202305,울산광역시,동구,84,54
202305,울산광역시,동구,85,64
202305,울산광역시,동구,86,49
202305,울산광역시,동구,87,59
202305,울산광역시,동구,88,30
202305,울산광역시,동구,89,36
202305,울산광역시,동구,90,21
202305,울산광역시,동구,91,19
202305,울산광역시,동구,92,11
202305,울산광역시,동구,93,7
202305,울산광역시,동구,94,12
202305,울산광역시,동구,95,4
202305,울산광역시,동구,96,2
202305,울산광역시,동구,97,3
202305,울산광역시,동구,98,2
202305,울산광역시,동구,99,5
202305,울산광역시,동구,104,1
202305,울산광역시,북구,0,4
202305,울산광역시,북구,1,6
202305,울산광역시,북구,2,14
202305,울산광역시,북구,3,19
202305,울산광역시,북구,4,25
202305,울산광역시,북구,5,27
202305,울산광역시,북구,6,43
202305,울산광역시,북구,7,69
202305,울산광역시,북구,8,78
202305,울산광역시,북구,9,94
202305,울산광역시,북구,10,86
202305,울산광역시,북구,11,98
202305,울산광역시,북구,12,109
202305,울산광역시,북구,13,90
202305,울산광역시,북구,14,92
202305,울산광역시,북구,15,96
202305,울산광역시,북구,16,108
202305,울산광역시,북구,17,87
202305,울산광역시,북구,18,85
202305,울산광역시,북구,19,77
202305,울산광역시,북구,20,65
202305,울산광역시,북구,21,50
202305,울산광역시,북구,22,59
202305,울산광역시,북구,23,39
202305,울산광역시,북구,24,34
202305,울산광역시,북구,25,18
202305,울산광역시,북구,26,17
202305,울산광역시,북구,27,18
202305,울산광역시,북구,28,16
202305,울산광역시,북구,29,13
202305,울산광역시,북구,30,25
202305,울산광역시,북구,31,21
202305,울산광역시,북구,32,21
202305,울산광역시,북구,33,35
202305,울산광역시,북구,34,31
202305,울산광역시,북구,35,24
202305,울산광역시,북구,36,32
202305,울산광역시,북구,37,34
202305,울산광역시,북구,38,31
202305,울산광역시,북구,39,49
202305,울산광역시,북구,40,59
202305,울산광역시,북구,41,74
202305,울산광역시,북구,42,64
202305,울산광역시,북구,43,82
202305,울산광역시,북구,44,67
202305,울산광역시,북구,45,69
202305,울산광역시,북구,46,67
202305,울산광역시,북구,47,74
202305,울산광역시,북구,48,86
202305,울산광역시,북구,49,78
202305,울산광역시,북구,50,80
202305,울산광역시,북구,51,82
202305,울산광역시,북구,52,90
202305,울산광역시,북구,53,77
202305,울산광역시,북구,54,69
202305,울산광역시,북구,55,66
202305,울산광역시,북구,56,83
202305,울산광역시,북구,57,101
202305,울산광역시,북구,58,77
202305,울산광역시,북구,59,64
202305,울산광역시,북구,60,89
202305,울산광역시,북구,61,60
202305,울산광역시,북구,62,97
202305,울산광역시,북구,63,113
202305,울산광역시,북구,64,83
202305,울산광역시,북구,65,88
202305,울산광역시,북구,66,96
202305,울산광역시,북구,67,116
202305,울산광역시,북구,68,133
202305,울산광역시,북구,69,88
202305,울산광역시,북구,70,106
202305,울산광역시,북구,71,96
202305,울산광역시,북구,72,81
202305,울산광역시,북구,73,90
202305,울산광역시,북구,74,88
202305,울산광역시,북구,75,91
202305,울산광역시,북구,76,116
202305,울산광역시,북구,77,65
202305,울산광역시,북구,78,89
202305,울산광역시,북구,79,92
202305,울산광역시,북구,80,100
202305,울산광역시,북구,81,100
202305,울산광역시,북구,82,76
202305,울산광역시,북구,83,78
202305,울산광역시,북구,84,71
202305,울산광역시,북구,85,71
202305,울산광역시,북구,86,60
202305,울산광역시,북구,87,41
202305,울산광역시,북구,88,44
202305,울산광역시,북구,89,28
202305,울산광역시,북구,90,19
202305,울산광역시,북구,91,13
202305,울산광역시,북구,92,17
202305,울산광역시,북구,93,10
202305,울산광역시,북구,94,5
202305,울산광역시,북구,95,7
202305,울산광역시,북구,96,8
202305,울산광역시,북구,99,3
202305,울산광역시,울주군,0,9
202305,울산광역시,울주군,1,7
202305,울산광역시,울주군,2,23
202305,울산광역시,울주군,3,19
202305,울산광역시,울주군,4,34
202305,울산광역시,울주군,5,26
202305,울산광역시,울주군,6,44
202305,울산광역시,울주군,7,41
202305,울산광역시,울주군,8,60
202305,울산광역시,울주군,9,61
202305,울산광역시,울주군,10,78
202305,울산광역시,울주군,11,71
202305,울산광역시,울주군,12,86
202305,울산광역시,울주군,13,82
202305,울산광역시,울주군,14,75
202305,울산광역시,울주군,15,103
202305,울산광역시,울주군,16,86
202305,울산광역시,울주군,17,82
202305,울산광역시,울주군,18,89
202305,울산광역시,울주군,19,63
202305,울산광역시,울주군,20,50
202305,울산광역시,울주군,21,55
202305,울산광역시,울주군,22,40
202305,울산광역시,울주군,23,39
202305,울산광역시,울주군,24,40
202305,울산광역시,울주군,25,16
202305,울산광역시,울주군,26,24
202305,울산광역시,울주군,27,20
202305,울산광역시,울주군,28,17
202305,울산광역시,울주군,29,12
202305,울산광역시,울주군,30,21
202305,울산광역시,울주군,31,23
202305,울산광역시,울주군,32,24
202305,울산광역시,울주군,33,25
202305,울산광역시,울주군,34,21
202305,울산광역시,울주군,35,31
202305,울산광역시,울주군,36,28
202305,울산광역시,울주군,37,39
202305,울산광역시,울주군,38,35
202305,울산광역시,울주군,39,56
202305,울산광역시,울주군,40,53
202305,울산광역시,울주군,41,63
202305,울산광역시,울주군,42,59
202305,울산광역시,울주군,43,61
202305,울산광역시,울주군,44,67
202305,울산광역시,울주군,45,81
202305,울산광역시,울주군,46,65
202305,울산광역시,울주군,47,85
202305,울산광역시,울주군,48,79
202305,울산광역시,울주군,49,102
202305,울산광역시,울주군,50,103
202305,울산광역시,울주군,51,101
202305,울산광역시,울주군,52,93
202305,울산광역시,울주군,53,98
202305,울산광역시,울주군,54,118
202305,울산광역시,울주군,55,107
202305,울산광역시,울주군,56,121
202305,울산광역시,울주군,57,111
202305,울산광역시,울주군,58,125
202305,울산광역시,울주군,59,96
202305,울산광역시,울주군,60,125
202305,울산광역시,울주군,61,140
202305,울산광역시,울주군,62,154
202305,울산광역시,울주군,63,146
202305,울산광역시,울주군,64,168
202305,울산광역시,울주군,65,183
202305,울산광역시,울주군,66,174
202305,울산광역시,울주군,67,168
202305,울산광역시,울주군,68,179
202305,울산광역시,울주군,69,177
202305,울산광역시,울주군,70,164
202305,울산광역시,울주군,71,119
202305,울산광역시,울주군,72,137
202305,울산광역시,울주군,73,143
202305,울산광역시,울주군,74,117
202305,울산광역시,울주군,75,167
202305,울산광역시,울주군,76,132
202305,울산광역시,울주군,77,110
202305,울산광역시,울주군,78,120
202305,울산광역시,울주군,79,129
202305,울산광역시,울주군,80,162
202305,울산광역시,울주군,81,127
202305,울산광역시,울주군,82,111
202305,울산광역시,울주군,83,90
202305,울산광역시,울주군,84,99
202305,울산광역시,울주군,85,80
202305,울산광역시,울주군,86,81
202305,울산광역시,울주군,87,66
202305,울산광역시,울주군,88,68
202305,울산광역시,울주군,89,48
202305,울산광역시,울주군,90,45
202305,울산광역시,울주군,91,40
202305,울산광역시,울주군,92,25
202305,울산광역시,울주군,93,16
202305,울산광역시,울주군,94,15
202305,울산광역시,울주군,95,11
202305,울산광역시,울주군,96,6
202305,울산광역시,울주군,97,6
202305,울산광역시,울주군,98,3
202305,울산광역시,울주군,99,2
202305,울산광역시,울주군,102,1
202305,세종특별자치시,세종특별자치시,0,12
202305,세종특별자치시,세종특별자치시,1,18
202305,세종특별자치시,세종특별자치시,2,25
202305,세종특별자치시,세종특별자치시,3,25
202305,세종특별자치시,세종특별자치시,4,45
202305,세종특별자치시,세종특별자치시,5,56
202305,세종특별자치시,세종특별자치시,6,59
202305,세종특별자치시,세종특별자치시,7,94
202305,세종특별자치시,세종특별자치시,8,94
202305,세종특별자치시,세종특별자치시,9,96
202305,세종특별자치시,세종특별자치시,10,111
202305,세종특별자치시,세종특별자치시,11,134
202305,세종특별자치시,세종특별자치시,12,130
202305,세종특별자치시,세종특별자치시,13,138
202305,세종특별자치시,세종특별자치시,14,163
202305,세종특별자치시,세종특별자치시,15,164
202305,세종특별자치시,세종특별자치시,16,145
202305,세종특별자치시,세종특별자치시,17,137
202305,세종특별자치시,세종특별자치시,18,119
202305,세종특별자치시,세종특별자치시,19,116
202305,세종특별자치시,세종특별자치시,20,81
202305,세종특별자치시,세종특별자치시,21,60
202305,세종특별자치시,세종특별자치시,22,59
202305,세종특별자치시,세종특별자치시,23,45
202305,세종특별자치시,세종특별자치시,24,51
202305,세종특별자치시,세종특별자치시,25,43
202305,세종특별자치시,세종특별자치시,26,22
202305,세종특별자치시,세종특별자치시,27,21
202305,세종특별자치시,세종특별자치시,28,18
202305,세종특별자치시,세종특별자치시,29,21
202305,세종특별자치시,세종특별자치시,30,25
202305,세종특별자치시,세종특별자치시,31,44
202305,세종특별자치시,세종특별자치시,32,23
202305,세종특별자치시,세종특별자치시,33,27
202305,세종특별자치시,세종특별자치시,34,47
202305,세종특별자치시,세종특별자치시,35,30
202305,세종특별자치시,세종특별자치시,36,46
202305,세종특별자치시,세종특별자치시,37,48
202305,세종특별자치시,세종특별자치시,38,54
202305,세종특별자치시,세종특별자치시,39,79
202305,세종특별자치시,세종특별자치시,40,63
202305,세종특별자치시,세종특별자치시,41,85
202305,세종특별자치시,세종특별자치시,42,104
202305,세종특별자치시,세종특별자치시,43,86
202305,세종특별자치시,세종특별자치시,44,106
202305,세종특별자치시,세종특별자치시,45,91
202305,세종특별자치시,세종특별자치시,46,90
202305,세종특별자치시,세종특별자치시,47,93
202305,세종특별자치시,세종특별자치시,48,100
202305,세종특별자치시,세종특별자치시,49,109
202305,세종특별자치시,세종특별자치시,50,96
202305,세종특별자치시,세종특별자치시,51,122
202305,세종특별자치시,세종특별자치시,52,104
202305,세종특별자치시,세종특별자치시,53,91
202305,세종특별자치시,세종특별자치시,54,113
202305,세종특별자치시,세종특별자치시,55,98
202305,세종특별자치시,세종특별자치시,56,92
202305,세종특별자치시,세종특별자치시,57,92
202305,세종특별자치시,세종특별자치시,58,104
202305,세종특별자치시,세종특별자치시,59,92
202305,세종특별자치시,세종특별자치시,60,125
202305,세종특별자치시,세종특별자치시,61,105
202305,세종특별자치시,세종특별자치시,62,137
202305,세종특별자치시,세종특별자치시,63,140
202305,세종특별자치시,세종특별자치시,64,126
202305,세종특별자치시,세종특별자치시,65,114
202305,세종특별자치시,세종특별자치시,66,113
202305,세종특별자치시,세종특별자치시,67,125
202305,세종특별자치시,세종특별자치시,68,159
202305,세종특별자치시,세종특별자치시,69,119
202305,세종특별자치시,세종특별자치시,70,119
202305,세종특별자치시,세종특별자치시,71,94
202305,세종특별자치시,세종특별자치시,72,117
202305,세종특별자치시,세종특별자치시,73,113
202305,세종특별자치시,세종특별자치시,74,98
202305,세종특별자치시,세종특별자치시,75,111
202305,세종특별자치시,세종특별자치시,76,110
202305,세종특별자치시,세종특별자치시,77,80
202305,세종특별자치시,세종특별자치시,78,92
202305,세종특별자치시,세종특별자치시,79,99
202305,세종특별자치시,세종특별자치시,80,115
202305,세종특별자치시,세종특별자치시,81,114
202305,세종특별자치시,세종특별자치시,82,85
202305,세종특별자치시,세종특별자치시,83,112
202305,세종특별자치시,세종특별자치시,84,95
202305,세종특별자치시,세종특별자치시,85,93
202305,세종특별자치시,세종특별자치시,86,69
202305,세종특별자치시,세종특별자치시,87,75
202305,세종특별자치시,세종특별자치시,88,55
202305,세종특별자치시,세종특별자치시,89,42
202305,세종특별자치시,세종특별자치시,90,41
202305,세종특별자치시,세종특별자치시,91,36
202305,세종특별자치시,세종특별자치시,92,24
202305,세종특별자치시,세종특별자치시,93,24
202305,세종특별자치시,세종특별자치시,94,16
202305,세종특별자치시,세종특별자치시,95,20
202305,세종특별자치시,세종특별자치시,96,8
202305,세종특별자치시,세종특별자치시,97,3
202305,세종특별자치시,세종특별자치시,98,4
202305,세종특별자치시,세종특별자치시,99,2
202305,세종특별자치시,세종특별자치시,100,2
202305,세종특별자치시,세종특별자치시,101,2
202305,경기도,수원시,0,18
202305,경기도,수원시,1,36
202305,경기도,수원시,2,58
202305,경기도,수원시,3,68
202305,경기도,수원시,4,103
202305,경기도,수원시,5,101
202305,경기도,수원시,6,120
202305,경기도,수원시,7,172
202305,경기도,수원시,8,205
202305,경기도,수원시,9,210
202305,경기도,수원시,10,225
202305,경기도,수원시,11,283
202305,경기도,수원시,12,315
202305,경기도,수원시,13,271
202305,경기도,수원시,14,332
202305,경기도,수원시,15,338
202305,경기도,수원시,16,356
202305,경기도,수원시,17,344
202305,경기도,수원시,18,308
202305,경기도,수원시,19,267
202305,경기도,수원시,20,225
202305,경기도,수원시,21,222
202305,경기도,수원시,22,197
202305,경기도,수원시,23,186
202305,경기도,수원시,24,146
202305,경기도,수원시,25,131
202305,경기도,수원시,26,111
202305,경기도,수원시,27,102
202305,경기도,수원시,28,71
202305,경기도,수원시,29,76
202305,경기도,수원시,30,98
202305,경기도,수원시,31,110
202305,경기도,수원시,32,112
202305,경기도,수원시,33,119
202305,경기도,수원시,34,116
202305,경기도,수원시,35,133
202305,경기도,수원시,36,139
202305,경기도,수원시,37,162
202305,경기도,수원시,38,140
202305,경기도,수원시,39,201
202305,경기도,수원시,40,216
202305,경기도,수원시,41,219
202305,경기도,수원시,42,271
202305,경기도,수원시,43,245
202305,경기도,수원시,44,229
202305,경기도,수원시,45,258
202305,경기도,수원시,46,265
202305,경기도,수원시,47,280
202305,경기도,수원시,48,324
202305,경기도,수원시,49,381
202305,경기도,수원시,50,396
202305,경기도,수원시,51,410
202305,경기도,수원시,52,443
202305,경기도,수원시,53,419
202305,경기도,수원시,54,460
202305,경기도,수원시,55,460
202305,경기도,수원시,56,440
202305,경기도,수원시,57,403
202305,경기도,수원시,58,460
202305,경기도,수원시,59,443
202305,경기도,수원시,60,508
202305,경기도,수원시,61,523
202305,경기도,수원시,62,661
202305,경기도,수원시,63,587
202305,경기도,수원시,64,545
202305,경기도,수원시,65,584
202305,경기도,수원시,66,579
202305,경기도,수원시,67,602
202305,경기도,수원시,68,621
202305,경기도,수원시,69,514
202305,경기도,수원시,70,498
202305,경기도,수원시,71,534
202305,경기도,수원시,72,424
202305,경기도,수원시,73,475
202305,경기도,수원시,74,484
202305,경기도,수원시,75,505
202305,경기도,수원시,76,486
202305,경기도,수원시,77,362
202305,경기도,수원시,78,437
202305,경기도,수원시,79,409
202305,경기도,수원시,80,493
202305,경기도,수원시,81,481
202305,경기도,수원시,82,409
202305,경기도,수원시,83,412
202305,경기도,수원시,84,368
202305,경기도,수원시,85,333
202305,경기도,수원시,86,292
202305,경기도,수원시,87,253
202305,경기도,수원시,88,227
202305,경기도,수원시,89,198
202305,경기도,수원시,90,156
202305,경기도,수원시,91,113
202305,경기도,수원시,92,76
202305,경기도,수원시,93,66
202305,경기도,수원시,94,51
202305,경기도,수원시,95,44
202305,경기도,수원시,96,29
202305,경기도,수원시,97,20
202305,경기도,수원시,98,21
202305,경기도,수원시,99,5
202305,경기도,수원시,100,6
202305,경기도,수원시,101,3
202305,경기도,수원시,102,1
202305,경기도,수원시,103,2
202305,경기도,수원시,104,3
202305,경기도,수원시,105,1
202305,경기도,수원시,107,1
202305,경기도,수원시,108,1
202305,경기도,성남시,0,30
202305,경기도,성남시,1,53
202305,경기도,성남시,2,59
202305,경기도,성남시,3,61
202305,경기도,성남시,4,79
202305,경기도,성남시,5,74
202305,경기도,성남시,6,126
202305,경기도,성남시,7,191
202305,경기도,성남시,8,244
202305,경기도,성남시,9,263
202305,경기도,성남시,10,281
202305,경기도,성남시,11,303
202305,경기도,성남시,12,352
202305,경기도,성남시,13,313
202305,경기도,성남시,14,350
202305,경기도,성남시,15,374
202305,경기도,성남시,16,409
202305,경기도,성남시,17,357
202305,경기도,성남시,18,349
202305,경기도,성남시,19,323
202305,경기도,성남시,20,263
202305,경기도,성남시,21,215
202305,경기도,성남시,22,237
202305,경기도,성남시,23,241
202305,경기도,성남시,24,213
202305,경기도,성남시,25,170
202305,경기도,성남시,26,121
202305,경기도,성남시,27,126
202305,경기도,성남시,28,94
202305,경기도,성남시,29,91
202305,경기도,성남시,30,121
202305,경기도,성남시,31,113
202305,경기도,성남시,32,99
202305,경기도,성남시,33,118
202305,경기도,성남시,34,123
202305,경기도,성남시,35,117
202305,경기도,성남시,36,131
202305,경기도,성남시,37,136
202305,경기도,성남시,38,166
202305,경기도,성남시,39,188
202305,경기도,성남시,40,223
202305,경기도,성남시,41,261
202305,경기도,성남시,42,288
202305,경기도,성남시,43,281
202305,경기도,성남시,44,300
202305,경기도,성남시,45,268
202305,경기도,성남시,46,292
202305,경기도,성남시,47,353
202305,경기도,성남시,48,327
202305,경기도,성남시,49,409
202305,경기도,성남시,50,442
202305,경기도,성남시,51,483
202305,경기도,성남시,52,522
202305,경기도,성남시,53,528
202305,경기도,성남시,54,531
202305,경기도,성남시,55,536
202305,경기도,성남시,56,530
202305,경기도,성남시,57,529
202305,경기도,성남시,58,507
202305,경기도,성남시,59,507
202305,경기도,성남시,60,605
202305,경기도,성남시,61,649
202305,경기도,성남시,62,774
202305,경기도,성남시,63,683
202305,경기도,성남시,64,706
202305,경기도,성남시,65,726
202305,경기도,성남시,66,718
202305,경기도,성남시,67,680
202305,경기도,성남시,68,736
202305,경기도,성남시,69,594
202305,경기도,성남시,70,608
202305,경기도,성남시,71,558
202305,경기도,성남시,72,477
202305,경기도,성남시,73,516
202305,경기도,성남시,74,554
202305,경기도,성남시,75,553
202305,경기도,성남시,76,532
202305,경기도,성남시,77,410
202305,경기도,성남시,78,474
202305,경기도,성남시,79,455
202305,경기도,성남시,80,531
202305,경기도,성남시,81,546
202305,경기도,성남시,82,411
202305,경기도,성남시,83,421
202305,경기도,성남시,84,402
202305,경기도,성남시,85,329
202305,경기도,성남시,86,286
202305,경기도,성남시,87,266
202305,경기도,성남시,88,241
202305,경기도,성남시,89,195
202305,경기도,성남시,90,146
202305,경기도,성남시,91,110
202305,경기도,성남시,92,85
202305,경기도,성남시,93,98
202305,경기도,성남시,94,57
202305,경기도,성남시,95,50
202305,경기도,성남시,96,24
202305,경기도,성남시,97,17
202305,경기도,성남시,98,13
202305,경기도,성남시,99,12
202305,경기도,성남시,100,4
202305,경기도,성남시,101,6
202305,경기도,성남시,102,6
202305,경기도,성남시,103,1
202305,경기도,성남시,107,1
202305,경기도,성남시,109,1
202305,경기도,의정부시,0,21
202305,경기도,의정부시,1,41
202305,경기도,의정부시,2,61
202305,경기도,의정부시,3,77
202305,경기도,의정부시,4,76
202305,경기도,의정부시,5,94
202305,경기도,의정부시,6,111
202305,경기도,의정부시,7,156
202305,경기도,의정부시,8,193
202305,경기도,의정부시,9,220
202305,경기도,의정부시,10,246
202305,경기도,의정부시,11,287
202305,경기도,의정부시,12,308
202305,경기도,의정부시,13,279
202305,경기도,의정부시,14,313
202305,경기도,의정부시,15,325
202305,경기도,의정부시,16,344
202305,경기도,의정부시,17,352
202305,경기도,의정부시,18,306
202305,경기도,의정부시,19,278
202305,경기도,의정부시,20,225
202305,경기도,의정부시,21,218
202305,경기도,의정부시,22,218
202305,경기도,의정부시,23,177
202305,경기도,의정부시,24,137
202305,경기도,의정부시,25,128
202305,경기도,의정부시,26,98
202305,경기도,의정부시,27,69
202305,경기도,의정부시,28,70
202305,경기도,의정부시,29,73
202305,경기도,의정부시,30,88
202305,경기도,의정부시,31,112
202305,경기도,의정부시,32,97
202305,경기도,의정부시,33,85
202305,경기도,의정부시,34,100
202305,경기도,의정부시,35,105
202305,경기도,의정부시,36,108
202305,경기도,의정부시,37,117
202305,경기도,의정부시,38,131
202305,경기도,의정부시,39,155
202305,경기도,의정부시,40,170
202305,경기도,의정부시,41,185
202305,경기도,의정부시,42,231
202305,경기도,의정부시,43,217
202305,경기도,의정부시,44,213
202305,경기도,의정부시,45,237
202305,경기도,의정부시,46,239
202305,경기도,의정부시,47,216
202305,경기도,의정부시,48,335
202305,경기도,의정부시,49,304
202305,경기도,의정부시,50,355
202305,경기도,의정부시,51,380
202305,경기도,의정부시,52,394
202305,경기도,의정부시,53,350
202305,경기도,의정부시,54,392
202305,경기도,의정부시,55,385
202305,경기도,의정부시,56,385
202305,경기도,의정부시,57,359
202305,경기도,의정부시,58,400
202305,경기도,의정부시,59,337
202305,경기도,의정부시,60,421
202305,경기도,의정부시,61,414
202305,경기도,의정부시,62,499
202305,경기도,의정부시,63,513
202305,경기도,의정부시,64,449
202305,경기도,의정부시,65,479
202305,경기도,의정부시,66,472
202305,경기도,의정부시,67,454
202305,경기도,의정부시,68,515
202305,경기도,의정부시,69,417
202305,경기도,의정부시,70,400
202305,경기도,의정부시,71,370
202305,경기도,의정부시,72,316
202305,경기도,의정부시,73,367
202305,경기도,의정부시,74,360
202305,경기도,의정부시,75,411
202305,경기도,의정부시,76,400
202305,경기도,의정부시,77,310
202305,경기도,의정부시,78,323
202305,경기도,의정부시,79,325
202305,경기도,의정부시,80,376
202305,경기도,의정부시,81,390
202305,경기도,의정부시,82,312
202305,경기도,의정부시,83,279
202305,경기도,의정부시,84,276
202305,경기도,의정부시,85,249
202305,경기도,의정부시,86,237
202305,경기도,의정부시,87,192
202305,경기도,의정부시,88,148
202305,경기도,의정부시,89,138
202305,경기도,의정부시,90,103
202305,경기도,의정부시,91,64
202305,경기도,의정부시,92,56
202305,경기도,의정부시,93,48
202305,경기도,의정부시,94,42
202305,경기도,의정부시,95,28
202305,경기도,의정부시,96,18
202305,경기도,의정부시,97,12
202305,경기도,의정부시,98,7
202305,경기도,의정부시,99,7
202305,경기도,의정부시,100,6
202305,경기도,의정부시,101,3
202305,경기도,의정부시,102,1
202305,경기도,의정부시,103,1
202305,경기도,의정부시,104,1
202305,경기도,안양시,0,14
202305,경기도,안양시,1,20
202305,경기도,안양시,2,24
202305,경기도,안양시,3,37
202305,경기도,안양시,4,41
202305,경기도,안양시,5,56
202305,경기도,안양시,6,55
202305,경기도,안양시,7,80
202305,경기도,안양시,8,85
202305,경기도,안양시,9,105
202305,경기도,안양시,10,100
202305,경기도,안양시,11,113
202305,경기도,안양시,12,156
202305,경기도,안양시,13,135
202305,경기도,안양시,14,131
202305,경기도,안양시,15,181
202305,경기도,안양시,16,192
202305,경기도,안양시,17,177
202305,경기도,안양시,18,154
202305,경기도,안양시,19,130
202305,경기도,안양시,20,123
202305,경기도,안양시,21,101
202305,경기도,안양시,22,125
202305,경기도,안양시,23,87
202305,경기도,안양시,24,80
202305,경기도,안양시,25,77
202305,경기도,안양시,26,64
202305,경기도,안양시,27,29
202305,경기도,안양시,28,45
202305,경기도,안양시,29,45
202305,경기도,안양시,30,56
202305,경기도,안양시,31,61
202305,경기도,안양시,32,72
202305,경기도,안양시,33,66
202305,경기도,안양시,34,62
202305,경기도,안양시,35,56
202305,경기도,안양시,36,62
202305,경기도,안양시,37,66
202305,경기도,안양시,38,71
202305,경기도,안양시,39,79
202305,경기도,안양시,40,101
202305,경기도,안양시,41,96
202305,경기도,안양시,42,123
202305,경기도,안양시,43,112
202305,경기도,안양시,44,127
202305,경기도,안양시,45,101
202305,경기도,안양시,46,114
202305,경기도,안양시,47,139
202305,경기도,안양시,48,158
202305,경기도,안양시,49,162
202305,경기도,안양시,50,197
202305,경기도,안양시,51,193
202305,경기도,안양시,52,226
202305,경기도,안양시,53,212
202305,경기도,안양시,54,250
202305,경기도,안양시,55,219
202305,경기도,안양시,56,234
202305,경기도,안양시,57,252
202305,경기도,안양시,58,251
202305,경기도,안양시,59,257
202305,경기도,안양시,60,280
202305,경기도,안양시,61,282
202305,경기도,안양시,62,329
202305,경기도,안양시,63,325
202305,경기도,안양시,64,305
202305,경기도,안양시,65,295
202305,경기도,안양시,66,369
202305,경기도,안양시,67,303
202305,경기도,안양시,68,343
202305,경기도,안양시,69,265
202305,경기도,안양시,70,291
202305,경기도,안양시,71,225
202305,경기도,안양시,72,196
202305,경기도,안양시,73,239
202305,경기도,안양시,74,230
202305,경기도,안양시,75,216
202305,경기도,안양시,76,219
202305,경기도,안양시,77,188
202305,경기도,안양시,78,184
202305,경기도,안양시,79,232
202305,경기도,안양시,80,216
202305,경기도,안양시,81,223
202305,경기도,안양시,82,170
202305,경기도,안양시,83,182
202305,경기도,안양시,84,186
202305,경기도,안양시,85,156
202305,경기도,안양시,86,177
202305,경기도,안양시,87,133
202305,경기도,안양시,88,137
202305,경기도,안양시,89,87
202305,경기도,안양시,90,85
202305,경기도,안양시,91,62
202305,경기도,안양시,92,56
202305,경기도,안양시,93,48
202305,경기도,안양시,94,35
202305,경기도,안양시,95,28
202305,경기도,안양시,96,20
202305,경기도,안양시,97,8
202305,경기도,안양시,98,3
202305,경기도,안양시,99,5
202305,경기도,안양시,100,5
202305,경기도,안양시,102,1
202305,경기도,안양시,104,1
202305,경기도,안양시,107,1
202305,경기도,안양시,109,1
202305,경기도,부천시,0,15
202305,경기도,부천시,1,43
202305,경기도,부천시,2,63
202305,경기도,부천시,3,77
202305,경기도,부천시,4,81
202305,경기도,부천시,5,109
202305,경기도,부천시,6,104
202305,경기도,부천시,7,155
202305,경기도,부천시,8,202
202305,경기도,부천시,9,215
202305,경기도,부천시,10,268
202305,경기도,부천시,11,255
202305,경기도,부천시,12,284
202305,경기도,부천시,13,275
202305,경기도,부천시,14,266
202305,경기도,부천시,15,344
202305,경기도,부천시,16,346
202305,경기도,부천시,17,356
202305,경기도,부천시,18,288
202305,경기도,부천시,19,242
202305,경기도,부천시,20,202
202305,경기도,부천시,21,190
202305,경기도,부천시,22,199
202305,경기도,부천시,23,167
202305,경기도,부천시,24,158
202305,경기도,부천시,25,123
202305,경기도,부천시,26,117
202305,경기도,부천시,27,95
202305,경기도,부천시,28,85
202305,경기도,부천시,29,91
202305,경기도,부천시,30,115
202305,경기도,부천시,31,121
202305,경기도,부천시,32,105
202305,경기도,부천시,33,129
202305,경기도,부천시,34,105
202305,경기도,부천시,35,115
202305,경기도,부천시,36,102
202305,경기도,부천시,37,138
202305,경기도,부천시,38,144
202305,경기도,부천시,39,172
202305,경기도,부천시,40,196
202305,경기도,부천시,41,203
202305,경기도,부천시,42,218
202305,경기도,부천시,43,243
202305,경기도,부천시,44,220
202305,경기도,부천시,45,253
202305,경기도,부천시,46,224
202305,경기도,부천시,47,278
202305,경기도,부천시,48,281
202305,경기도,부천시,49,352
202305,경기도,부천시,50,377
202305,경기도,부천시,51,369
202305,경기도,부천시,52,424
202305,경기도,부천시,53,456
202305,경기도,부천시,54,479
202305,경기도,부천시,55,417
202305,경기도,부천시,56,446
202305,경기도,부천시,57,472
202305,경기도,부천시,58,473
202305,경기도,부천시,59,447
202305,경기도,부천시,60,554
202305,경기도,부천시,61,558
202305,경기도,부천시,62,662
202305,경기도,부천시,63,602
202305,경기도,부천시,64,534
202305,경기도,부천시,65,634
202305,경기도,부천시,66,653
202305,경기도,부천시,67,590
202305,경기도,부천시,68,681
202305,경기도,부천시,69,502
202305,경기도,부천시,70,498
202305,경기도,부천시,71,536
202305,경기도,부천시,72,432
202305,경기도,부천시,73,501
202305,경기도,부천시,74,456
202305,경기도,부천시,75,477
202305,경기도,부천시,76,509
202305,경기도,부천시,77,345
202305,경기도,부천시,78,392
202305,경기도,부천시,79,386
202305,경기도,부천시,80,487
202305,경기도,부천시,81,476
202305,경기도,부천시,82,360
202305,경기도,부천시,83,406
202305,경기도,부천시,84,372
202305,경기도,부천시,85,311
202305,경기도,부천시,86,270
202305,경기도,부천시,87,251
202305,경기도,부천시,88,217
202305,경기도,부천시,89,197
202305,경기도,부천시,90,164
202305,경기도,부천시,91,109
202305,경기도,부천시,92,95
202305,경기도,부천시,93,72
202305,경기도,부천시,94,74
202305,경기도,부천시,95,40
202305,경기도,부천시,96,18
202305,경기도,부천시,97,19
202305,경기도,부천시,98,15
202305,경기도,부천시,99,11
202305,경기도,부천시,100,7
202305,경기도,부천시,101,5
202305,경기도,부천시,102,1
202305,경기도,부천시,103,2
202305,경기도,부천시,107,1
202305,경기도,부천시,108,1
202305,경기도,부천시,109,1
202305,경기도,광명시,0,5
202305,경기도,광명시,1,18
202305,경기도,광명시,2,27
202305,경기도,광명시,3,26
202305,경기도,광명시,4,23
202305,경기도,광명시,5,25
202305,경기도,광명시,6,39
202305,경기도,광명시,7,59
202305,경기도,광명시,8,64
202305,경기도,광명시,9,59
202305,경기도,광명시,10,90
202305,경기도,광명시,11,86
202305,경기도,광명시,12,89
202305,경기도,광명시,13,97
202305,경기도,광명시,14,118
202305,경기도,광명시,15,113
202305,경기도,광명시,16,130
202305,경기도,광명시,17,131
202305,경기도,광명시,18,96
202305,경기도,광명시,19,110
202305,경기도,광명시,20,82
202305,경기도,광명시,21,78
202305,경기도,광명시,22,63
202305,경기도,광명시,23,63
202305,경기도,광명시,24,45
202305,경기도,광명시,25,42
202305,경기도,광명시,26,33
202305,경기도,광명시,27,37
202305,경기도,광명시,28,29
202305,경기도,광명시,29,28
202305,경기도,광명시,30,29
202305,경기도,광명시,31,33
202305,경기도,광명시,32,39
202305,경기도,광명시,33,41
202305,경기도,광명시,34,36
202305,경기도,광명시,35,30
202305,경기도,광명시,36,40
202305,경기도,광명시,37,52
202305,경기도,광명시,38,39
202305,경기도,광명시,39,52
202305,경기도,광명시,40,67
202305,경기도,광명시,41,73
202305,경기도,광명시,42,85
202305,경기도,광명시,43,70
202305,경기도,광명시,44,76
202305,경기도,광명시,45,83
202305,경기도,광명시,46,74
202305,경기도,광명시,47,90
202305,경기도,광명시,48,108
202305,경기도,광명시,49,109
202305,경기도,광명시,50,117
202305,경기도,광명시,51,131
202305,경기도,광명시,52,137
202305,경기도,광명시,53,144
202305,경기도,광명시,54,154
202305,경기도,광명시,55,113
202305,경기도,광명시,56,125
202305,경기도,광명시,57,123
202305,경기도,광명시,58,127
202305,경기도,광명시,59,129
202305,경기도,광명시,60,155
202305,경기도,광명시,61,163
202305,경기도,광명시,62,154
202305,경기도,광명시,63,149
202305,경기도,광명시,64,195
202305,경기도,광명시,65,133
202305,경기도,광명시,66,198
202305,경기도,광명시,67,194
202305,경기도,광명시,68,212
202305,경기도,광명시,69,157
202305,경기도,광명시,70,156
202305,경기도,광명시,71,170
202305,경기도,광명시,72,142
202305,경기도,광명시,73,142
202305,경기도,광명시,74,178
202305,경기도,광명시,75,154
202305,경기도,광명시,76,175
202305,경기도,광명시,77,132
202305,경기도,광명시,78,108
202305,경기도,광명시,79,140
202305,경기도,광명시,80,154
202305,경기도,광명시,81,157
202305,경기도,광명시,82,153
202305,경기도,광명시,83,124
202305,경기도,광명시,84,133
202305,경기도,광명시,85,98
202305,경기도,광명시,86,88
202305,경기도,광명시,87,88
202305,경기도,광명시,88,64
202305,경기도,광명시,89,58
202305,경기도,광명시,90,42
202305,경기도,광명시,91,39
202305,경기도,광명시,92,27
202305,경기도,광명시,93,42
202305,경기도,광명시,94,20
202305,경기도,광명시,95,13
202305,경기도,광명시,96,8
202305,경기도,광명시,97,5
202305,경기도,광명시,98,3
202305,경기도,광명시,99,2
202305,경기도,광명시,100,3
202305,경기도,광명시,101,5
202305,경기도,광명시,104,1
202305,경기도,평택시,0,32
202305,경기도,평택시,1,55
202305,경기도,평택시,2,83
202305,경기도,평택시,3,70
202305,경기도,평택시,4,105
202305,경기도,평택시,5,102
202305,경기도,평택시,6,148
202305,경기도,평택시,7,197
202305,경기도,평택시,8,212
202305,경기도,평택시,9,263
202305,경기도,평택시,10,270
202305,경기도,평택시,11,293
202305,경기도,평택시,12,267
202305,경기도,평택시,13,271
202305,경기도,평택시,14,278
202305,경기도,평택시,15,294
202305,경기도,평택시,16,271
202305,경기도,평택시,17,279
202305,경기도,평택시,18,202
202305,경기도,평택시,19,185
202305,경기도,평택시,20,116
202305,경기도,평택시,21,111
202305,경기도,평택시,22,124
202305,경기도,평택시,23,95
202305,경기도,평택시,24,78
202305,경기도,평택시,25,79
202305,경기도,평택시,26,54
202305,경기도,평택시,27,57
202305,경기도,평택시,28,58
202305,경기도,평택시,29,45
202305,경기도,평택시,30,67
202305,경기도,평택시,31,83
202305,경기도,평택시,32,83
202305,경기도,평택시,33,69
202305,경기도,평택시,34,75
202305,경기도,평택시,35,92
202305,경기도,평택시,36,103
202305,경기도,평택시,37,122
202305,경기도,평택시,38,118
202305,경기도,평택시,39,136
202305,경기도,평택시,40,124
202305,경기도,평택시,41,172
202305,경기도,평택시,42,171
202305,경기도,평택시,43,208
202305,경기도,평택시,44,194
202305,경기도,평택시,45,171
202305,경기도,평택시,46,155
202305,경기도,평택시,47,172
202305,경기도,평택시,48,203
202305,경기도,평택시,49,239
202305,경기도,평택시,50,233
202305,경기도,평택시,51,237
202305,경기도,평택시,52,238
202305,경기도,평택시,53,261
202305,경기도,평택시,54,259
202305,경기도,평택시,55,231
202305,경기도,평택시,56,245
202305,경기도,평택시,57,226
202305,경기도,평택시,58,276
202305,경기도,평택시,59,225
202305,경기도,평택시,60,304
202305,경기도,평택시,61,313
202305,경기도,평택시,62,353
202305,경기도,평택시,63,305
202305,경기도,평택시,64,303
202305,경기도,평택시,65,318
202305,경기도,평택시,66,330
202305,경기도,평택시,67,333
202305,경기도,평택시,68,333
202305,경기도,평택시,69,302
202305,경기도,평택시,70,299
202305,경기도,평택시,71,298
202305,경기도,평택시,72,243
202305,경기도,평택시,73,280
202305,경기도,평택시,74,261
202305,경기도,평택시,75,293
202305,경기도,평택시,76,283
202305,경기도,평택시,77,229
202305,경기도,평택시,78,245
202305,경기도,평택시,79,252
202305,경기도,평택시,80,290
202305,경기도,평택시,81,277
202305,경기도,평택시,82,228
202305,경기도,평택시,83,227
202305,경기도,평택시,84,195
202305,경기도,평택시,85,192
202305,경기도,평택시,86,163
202305,경기도,평택시,87,152
202305,경기도,평택시,88,119
202305,경기도,평택시,89,90
202305,경기도,평택시,90,84
202305,경기도,평택시,91,59
202305,경기도,평택시,92,51
202305,경기도,평택시,93,26
202305,경기도,평택시,94,38
202305,경기도,평택시,95,22
202305,경기도,평택시,96,15
202305,경기도,평택시,97,5
202305,경기도,평택시,98,9
202305,경기도,평택시,99,2
202305,경기도,평택시,100,2
202305,경기도,평택시,101,1
202305,경기도,평택시,103,2
202305,경기도,평택시,104,1
202305,경기도,평택시,105,1
202305,경기도,평택시,106,1
202305,경기도,평택시,107,1
202305,경기도,동두천시,0,13
202305,경기도,동두천시,1,18
202305,경기도,동두천시,2,21
202305,경기도,동두천시,3,26
202305,경기도,동두천시,4,31
202305,경기도,동두천시,5,33
202305,경기도,동두천시,6,35
202305,경기도,동두천시,7,59
202305,경기도,동두천시,8,82
202305,경기도,동두천시,9,74
202305,경기도,동두천시,10,85
202305,경기도,동두천시,11,96
202305,경기도,동두천시,12,120
202305,경기도,동두천시,13,107
202305,경기도,동두천시,14,123
202305,경기도,동두천시,15,111
202305,경기도,동두천시,16,118
202305,경기도,동두천시,17,92
202305,경기도,동두천시,18,94
202305,경기도,동두천시,19,98
202305,경기도,동두천시,20,61
202305,경기도,동두천시,21,69
202305,경기도,동두천시,22,54
202305,경기도,동두천시,23,60
202305,경기도,동두천시,24,29
202305,경기도,동두천시,25,34
202305,경기도,동두천시,26,37
202305,경기도,동두천시,27,25
202305,경기도,동두천시,28,25
202305,경기도,동두천시,29,23
202305,경기도,동두천시,30,25
202305,경기도,동두천시,31,33
202305,경기도,동두천시,32,29
202305,경기도,동두천시,33,22
202305,경기도,동두천시,34,25
202305,경기도,동두천시,35,26
202305,경기도,동두천시,36,22
202305,경기도,동두천시,37,32
202305,경기도,동두천시,38,38
202305,경기도,동두천시,39,52
202305,경기도,동두천시,40,56
202305,경기도,동두천시,41,66
202305,경기도,동두천시,42,41
202305,경기도,동두천시,43,67
202305,경기도,동두천시,44,63
202305,경기도,동두천시,45,65
202305,경기도,동두천시,46,68
202305,경기도,동두천시,47,73
202305,경기도,동두천시,48,82
202305,경기도,동두천시,49,82
202305,경기도,동두천시,50,92
202305,경기도,동두천시,51,101
202305,경기도,동두천시,52,103
202305,경기도,동두천시,53,99
202305,경기도,동두천시,54,126
202305,경기도,동두천시,55,108
202305,경기도,동두천시,56,112
202305,경기도,동두천시,57,98
202305,경기도,동두천시,58,123
202305,경기도,동두천시,59,109
202305,경기도,동두천시,60,108
202305,경기도,동두천시,61,130
202305,경기도,동두천시,62,147
202305,경기도,동두천시,63,139
202305,경기도,동두천시,64,136
202305,경기도,동두천시,65,135
202305,경기도,동두천시,66,147
202305,경기도,동두천시,67,146
202305,경기도,동두천시,68,170
202305,경기도,동두천시,69,152
202305,경기도,동두천시,70,156
202305,경기도,동두천시,71,118
202305,경기도,동두천시,72,119
202305,경기도,동두천시,73,132
202305,경기도,동두천시,74,145
202305,경기도,동두천시,75,139
202305,경기도,동두천시,76,161
202305,경기도,동두천시,77,99
202305,경기도,동두천시,78,116
202305,경기도,동두천시,79,139
202305,경기도,동두천시,80,174
202305,경기도,동두천시,81,147
202305,경기도,동두천시,82,165
202305,경기도,동두천시,83,117
202305,경기도,동두천시,84,109
202305,경기도,동두천시,85,109
202305,경기도,동두천시,86,97
202305,경기도,동두천시,87,74
202305,경기도,동두천시,88,59
202305,경기도,동두천시,89,53
202305,경기도,동두천시,90,45
202305,경기도,동두천시,91,17
202305,경기도,동두천시,92,22
202305,경기도,동두천시,93,14
202305,경기도,동두천시,94,10
202305,경기도,동두천시,95,7
202305,경기도,동두천시,96,7
202305,경기도,동두천시,97,6
202305,경기도,동두천시,98,1
202305,경기도,동두천시,99,3
202305,경기도,동두천시,100,3
202305,경기도,안산시,0,45
202305,경기도,안산시,1,69
202305,경기도,안산시,2,87
202305,경기도,안산시,3,122
202305,경기도,안산시,4,148
202305,경기도,안산시,5,150
202305,경기도,안산시,6,220
202305,경기도,안산시,7,261
202305,경기도,안산시,8,292
202305,경기도,안산시,9,326
202305,경기도,안산시,10,349
202305,경기도,안산시,11,422
202305,경기도,안산시,12,470
202305,경기도,안산시,13,407
202305,경기도,안산시,14,475
202305,경기도,안산시,15,511
202305,경기도,안산시,16,554
202305,경기도,안산시,17,512
202305,경기도,안산시,18,416
202305,경기도,안산시,19,362
202305,경기도,안산시,20,289
202305,경기도,안산시,21,275
202305,경기도,안산시,22,297
202305,경기도,안산시,23,263
202305,경기도,안산시,24,173
202305,경기도,안산시,25,158
202305,경기도,안산시,26,128
202305,경기도,안산시,27,115
202305,경기도,안산시,28,118
202305,경기도,안산시,29,109
202305,경기도,안산시,30,130
202305,경기도,안산시,31,119
202305,경기도,안산시,32,146
202305,경기도,안산시,33,157
202305,경기도,안산시,34,136
202305,경기도,안산시,35,161
202305,경기도,안산시,36,165
202305,경기도,안산시,37,177
202305,경기도,안산시,38,174
202305,경기도,안산시,39,219
202305,경기도,안산시,40,228
202305,경기도,안산시,41,276
202305,경기도,안산시,42,304
202305,경기도,안산시,43,306
202305,경기도,안산시,44,290
202305,경기도,안산시,45,333
202305,경기도,안산시,46,316
202305,경기도,안산시,47,345
202305,경기도,안산시,48,375
202305,경기도,안산시,49,457
202305,경기도,안산시,50,435
202305,경기도,안산시,51,472
202305,경기도,안산시,52,502
202305,경기도,안산시,53,457
202305,경기도,안산시,54,518
202305,경기도,안산시,55,459
202305,경기도,안산시,56,509
202305,경기도,안산시,57,484
202305,경기도,안산시,58,562
202305,경기도,안산시,59,477
202305,경기도,안산시,60,543
202305,경기도,안산시,61,538
202305,경기도,안산시,62,628
202305,경기도,안산시,63,557
202305,경기도,안산시,64,530
202305,경기도,안산시,65,588
202305,경기도,안산시,66,563
202305,경기도,안산시,67,520
202305,경기도,안산시,68,540
202305,경기도,안산시,69,452
202305,경기도,안산시,70,444
202305,경기도,안산시,71,400
202305,경기도,안산시,72,372
202305,경기도,안산시,73,398
202305,경기도,안산시,74,401
202305,경기도,안산시,75,441
202305,경기도,안산시,76,430
202305,경기도,안산시,77,318
202305,경기도,안산시,78,381
202305,경기도,안산시,79,407
202305,경기도,안산시,80,422
202305,경기도,안산시,81,461
202305,경기도,안산시,82,379
202305,경기도,안산시,83,387
202305,경기도,안산시,84,371
202305,경기도,안산시,85,366
202305,경기도,안산시,86,320
202305,경기도,안산시,87,316
202305,경기도,안산시,88,228
202305,경기도,안산시,89,191
202305,경기도,안산시,90,143
202305,경기도,안산시,91,119
202305,경기도,안산시,92,96
202305,경기도,안산시,93,77
202305,경기도,안산시,94,54
202305,경기도,안산시,95,35
202305,경기도,안산시,96,28
202305,경기도,안산시,97,19
202305,경기도,안산시,98,17
202305,경기도,안산시,99,8
202305,경기도,안산시,100,4
202305,경기도,안산시,101,3
202305,경기도,안산시,102,2
202305,경기도,안산시,103,1
202305,경기도,안산시,105,1
202305,경기도,안산시,121,1
202305,경기도,고양시,0,30
202305,경기도,고양시,1,43
202305,경기도,고양시,2,80
202305,경기도,고양시,3,71
202305,경기도,고양시,4,102
202305,경기도,고양시,5,122
202305,경기도,고양시,6,166
202305,경기도,고양시,7,221
202305,경기도,고양시,8,240
202305,경기도,고양시,9,268
202305,경기도,고양시,10,303
202305,경기도,고양시,11,337
202305,경기도,고양시,12,380
202305,경기도,고양시,13,379
202305,경기도,고양시,14,388
202305,경기도,고양시,15,451
202305,경기도,고양시,16,458
202305,경기도,고양시,17,458
202305,경기도,고양시,18,411
202305,경기도,고양시,19,348
202305,경기도,고양시,20,271
202305,경기도,고양시,21,270
202305,경기도,고양시,22,302
202305,경기도,고양시,23,277
202305,경기도,고양시,24,246
202305,경기도,고양시,25,195
202305,경기도,고양시,26,151
202305,경기도,고양시,27,128
202305,경기도,고양시,28,107
202305,경기도,고양시,29,90
202305,경기도,고양시,30,133
202305,경기도,고양시,31,160
202305,경기도,고양시,32,142
202305,경기도,고양시,33,152
202305,경기도,고양시,34,154
202305,경기도,고양시,35,164
202305,경기도,고양시,36,130
202305,경기도,고양시,37,166
202305,경기도,고양시,38,154
202305,경기도,고양시,39,193
202305,경기도,고양시,40,221
202305,경기도,고양시,41,251
202305,경기도,고양시,42,247
202305,경기도,고양시,43,283
202305,경기도,고양시,44,278
202305,경기도,고양시,45,295
202305,경기도,고양시,46,335
202305,경기도,고양시,47,352
202305,경기도,고양시,48,345
202305,경기도,고양시,49,425
202305,경기도,고양시,50,460
202305,경기도,고양시,51,547
202305,경기도,고양시,52,544
202305,경기도,고양시,53,523
202305,경기도,고양시,54,581
202305,경기도,고양시,55,528
202305,경기도,고양시,56,567
202305,경기도,고양시,57,580
202305,경기도,고양시,58,551
202305,경기도,고양시,59,554
202305,경기도,고양시,60,622
202305,경기도,고양시,61,599
202305,경기도,고양시,62,683
202305,경기도,고양시,63,649
202305,경기도,고양시,64,648
202305,경기도,고양시,65,669
202305,경기도,고양시,66,676
202305,경기도,고양시,67,723
202305,경기도,고양시,68,766
202305,경기도,고양시,69,564
202305,경기도,고양시,70,627
202305,경기도,고양시,71,490
202305,경기도,고양시,72,443
202305,경기도,고양시,73,529
202305,경기도,고양시,74,529
202305,경기도,고양시,75,598
202305,경기도,고양시,76,588
202305,경기도,고양시,77,445
202305,경기도,고양시,78,557
202305,경기도,고양시,79,553
202305,경기도,고양시,80,620
202305,경기도,고양시,81,672
202305,경기도,고양시,82,498
202305,경기도,고양시,83,533
202305,경기도,고양시,84,510
202305,경기도,고양시,85,469
202305,경기도,고양시,86,437
202305,경기도,고양시,87,342
202305,경기도,고양시,88,304
202305,경기도,고양시,89,257
202305,경기도,고양시,90,180
202305,경기도,고양시,91,165
202305,경기도,고양시,92,137
202305,경기도,고양시,93,115
202305,경기도,고양시,94,68
202305,경기도,고양시,95,49
202305,경기도,고양시,96,38
202305,경기도,고양시,97,22
202305,경기도,고양시,98,16
202305,경기도,고양시,99,8
202305,경기도,고양시,100,8
202305,경기도,고양시,101,5
202305,경기도,고양시,102,2
202305,경기도,고양시,104,3
202305,경기도,고양시,105,1
202305,경기도,고양시,109,1
202305,경기도,과천시,1,1
202305,경기도,과천시,2,1
202305,경기도,과천시,3,3
202305,경기도,과천시,4,3
202305,경기도,과천시,5,2
202305,경기도,과천시,6,3
202305,경기도,과천시,7,3
202305,경기도,과천시,8,2
202305,경기도,과천시,9,7
202305,경기도,과천시,10,5
202305,경기도,과천시,11,6
202305,경기도,과천시,12,7
202305,경기도,과천시,13,7
202305,경기도,과천시,14,9
202305,경기도,과천시,15,7
202305,경기도,과천시,16,9
202305,경기도,과천시,17,19
202305,경기도,과천시,18,13
202305,경기도,과천시,19,11
202305,경기도,과천시,20,8
202305,경기도,과천시,21,10
202305,경기도,과천시,22,11
202305,경기도,과천시,23,10
202305,경기도,과천시,24,7
202305,경기도,과천시,25,5
202305,경기도,과천시,26,1
202305,경기도,과천시,27,8
202305,경기도,과천시,28,2
202305,경기도,과천시,29,5
202305,경기도,과천시,30,3
202305,경기도,과천시,31,6
202305,경기도,과천시,33,3
202305,경기도,과천시,34,9
202305,경기도,과천시,35,3
202305,경기도,과천시,36,2
202305,경기도,과천시,37,6
202305,경기도,과천시,38,3
202305,경기도,과천시,39,6
202305,경기도,과천시,40,6
202305,경기도,과천시,41,4
202305,경기도,과천시,42,6
202305,경기도,과천시,43,9
202305,경기도,과천시,44,6
202305,경기도,과천시,45,9
202305,경기도,과천시,46,8
202305,경기도,과천시,47,7
202305,경기도,과천시,48,10
202305,경기도,과천시,49,11
202305,경기도,과천시,50,9
202305,경기도,과천시,51,12
202305,경기도,과천시,52,15
202305,경기도,과천시,53,12
202305,경기도,과천시,54,14
202305,경기도,과천시,55,15
202305,경기도,과천시,56,12
202305,경기도,과천시,57,18
202305,경기도,과천시,58,18
202305,경기도,과천시,59,17
202305,경기도,과천시,60,23
202305,경기도,과천시,61,16
202305,경기도,과천시,62,14
202305,경기도,과천시,63,23
202305,경기도,과천시,64,22
202305,경기도,과천시,65,20
202305,경기도,과천시,66,26
202305,경기도,과천시,67,32
202305,경기도,과천시,68,24
202305,경기도,과천시,69,19
202305,경기도,과천시,70,20
202305,경기도,과천시,71,19
202305,경기도,과천시,72,18
202305,경기도,과천시,73,14
202305,경기도,과천시,74,14
202305,경기도,과천시,75,21
202305,경기도,과천시,76,23
202305,경기도,과천시,77,16
202305,경기도,과천시,78,27
202305,경기도,과천시,79,26
202305,경기도,과천시,80,24
202305,경기도,과천시,81,18
202305,경기도,과천시,82,20
202305,경기도,과천시,83,10
202305,경기도,과천시,84,8
202305,경기도,과천시,85,10
202305,경기도,과천시,86,14
202305,경기도,과천시,87,19
202305,경기도,과천시,88,11
202305,경기도,과천시,89,13
202305,경기도,과천시,90,8
202305,경기도,과천시,91,5
202305,경기도,과천시,92,4
202305,경기도,과천시,93,3
202305,경기도,과천시,94,2
202305,경기도,과천시,95,2
202305,경기도,과천시,96,4
202305,경기도,과천시,97,2
202305,경기도,과천시,98,1
202305,경기도,과천시,99,2
202305,경기도,구리시,0,10
202305,경기도,구리시,1,9
202305,경기도,구리시,2,12
202305,경기도,구리시,3,20
202305,경기도,구리시,4,18
202305,경기도,구리시,5,27
202305,경기도,구리시,6,25
202305,경기도,구리시,7,52
202305,경기도,구리시,8,38
202305,경기도,구리시,9,54
202305,경기도,구리시,10,68
202305,경기도,구리시,11,85
202305,경기도,구리시,12,80
202305,경기도,구리시,13,68
202305,경기도,구리시,14,77
202305,경기도,구리시,15,97
202305,경기도,구리시,16,90
202305,경기도,구리시,17,88
202305,경기도,구리시,18,92
202305,경기도,구리시,19,68
202305,경기도,구리시,20,79
202305,경기도,구리시,21,59
202305,경기도,구리시,22,76
202305,경기도,구리시,23,63
202305,경기도,구리시,24,48
202305,경기도,구리시,25,52
202305,경기도,구리시,26,27
202305,경기도,구리시,27,26
202305,경기도,구리시,28,20
202305,경기도,구리시,29,34
202305,경기도,구리시,30,35
202305,경기도,구리시,31,45
202305,경기도,구리시,32,34
202305,경기도,구리시,33,33
202305,경기도,구리시,34,27
202305,경기도,구리시,35,34
202305,경기도,구리시,36,44
202305,경기도,구리시,37,43
202305,경기도,구리시,38,36
202305,경기도,구리시,39,46
202305,경기도,구리시,40,54
202305,경기도,구리시,41,45
202305,경기도,구리시,42,63
202305,경기도,구리시,43,70
202305,경기도,구리시,44,50
202305,경기도,구리시,45,69
202305,경기도,구리시,46,70
202305,경기도,구리시,47,81
202305,경기도,구리시,48,86
202305,경기도,구리시,49,102
202305,경기도,구리시,50,101
202305,경기도,구리시,51,117
202305,경기도,구리시,52,124
202305,경기도,구리시,53,132
202305,경기도,구리시,54,136
202305,경기도,구리시,55,116
202305,경기도,구리시,56,138
202305,경기도,구리시,57,136
202305,경기도,구리시,58,133
202305,경기도,구리시,59,146
202305,경기도,구리시,60,171
202305,경기도,구리시,61,185
202305,경기도,구리시,62,199
202305,경기도,구리시,63,190
202305,경기도,구리시,64,172
202305,경기도,구리시,65,179
202305,경기도,구리시,66,175
202305,경기도,구리시,67,161
202305,경기도,구리시,68,194
202305,경기도,구리시,69,149
202305,경기도,구리시,70,137
202305,경기도,구리시,71,122
202305,경기도,구리시,72,126
202305,경기도,구리시,73,106
202305,경기도,구리시,74,102
202305,경기도,구리시,75,124
202305,경기도,구리시,76,120
202305,경기도,구리시,77,77
202305,경기도,구리시,78,85
202305,경기도,구리시,79,99
202305,경기도,구리시,80,130
202305,경기도,구리시,81,127
202305,경기도,구리시,82,104
202305,경기도,구리시,83,89
202305,경기도,구리시,84,79
202305,경기도,구리시,85,77
202305,경기도,구리시,86,53
202305,경기도,구리시,87,53
202305,경기도,구리시,88,53
202305,경기도,구리시,89,37
202305,경기도,구리시,90,30
202305,경기도,구리시,91,32
202305,경기도,구리시,92,20
202305,경기도,구리시,93,25
202305,경기도,구리시,94,14
202305,경기도,구리시,95,7
202305,경기도,구리시,96,1
202305,경기도,구리시,97,4
202305,경기도,구리시,98,8
202305,경기도,구리시,99,2
202305,경기도,구리시,100,2
202305,경기도,구리시,102,2
202305,경기도,남양주시,0,23
202305,경기도,남양주시,1,37
202305,경기도,남양주시,2,60
202305,경기도,남양주시,3,73
202305,경기도,남양주시,4,99
202305,경기도,남양주시,5,96
202305,경기도,남양주시,6,150
202305,경기도,남양주시,7,172
202305,경기도,남양주시,8,182
202305,경기도,남양주시,9,212
202305,경기도,남양주시,10,288
202305,경기도,남양주시,11,321
202305,경기도,남양주시,12,324
202305,경기도,남양주시,13,298
202305,경기도,남양주시,14,315
202305,경기도,남양주시,15,408
202305,경기도,남양주시,16,383
202305,경기도,남양주시,17,353
202305,경기도,남양주시,18,314
202305,경기도,남양주시,19,285
202305,경기도,남양주시,20,211
202305,경기도,남양주시,21,187
202305,경기도,남양주시,22,165
202305,경기도,남양주시,23,139
202305,경기도,남양주시,24,120
202305,경기도,남양주시,25,97
202305,경기도,남양주시,26,90
202305,경기도,남양주시,27,78
202305,경기도,남양주시,28,63
202305,경기도,남양주시,29,61
202305,경기도,남양주시,30,67
202305,경기도,남양주시,31,77
202305,경기도,남양주시,32,73
202305,경기도,남양주시,33,87
202305,경기도,남양주시,34,89
202305,경기도,남양주시,35,90
202305,경기도,남양주시,36,104
202305,경기도,남양주시,37,123
202305,경기도,남양주시,38,127
202305,경기도,남양주시,39,137
202305,경기도,남양주시,40,170
202305,경기도,남양주시,41,215
202305,경기도,남양주시,42,211
202305,경기도,남양주시,43,215
202305,경기도,남양주시,44,216
202305,경기도,남양주시,45,252
202305,경기도,남양주시,46,255
202305,경기도,남양주시,47,242
202305,경기도,남양주시,48,276
202305,경기도,남양주시,49,315
202305,경기도,남양주시,50,288
202305,경기도,남양주시,51,320
202305,경기도,남양주시,52,303
202305,경기도,남양주시,53,284
202305,경기도,남양주시,54,349
202305,경기도,남양주시,55,313
202305,경기도,남양주시,56,307
202305,경기도,남양주시,57,311
202305,경기도,남양주시,58,342
202305,경기도,남양주시,59,312
202305,경기도,남양주시,60,432
202305,경기도,남양주시,61,361
202305,경기도,남양주시,62,422
202305,경기도,남양주시,63,422
202305,경기도,남양주시,64,403
202305,경기도,남양주시,65,458
202305,경기도,남양주시,66,472
202305,경기도,남양주시,67,466
202305,경기도,남양주시,68,555
202305,경기도,남양주시,69,406
202305,경기도,남양주시,70,474
202305,경기도,남양주시,71,419
202305,경기도,남양주시,72,377
202305,경기도,남양주시,73,406
202305,경기도,남양주시,74,416
202305,경기도,남양주시,75,499
202305,경기도,남양주시,76,448
202305,경기도,남양주시,77,391
202305,경기도,남양주시,78,397
202305,경기도,남양주시,79,408
202305,경기도,남양주시,80,486
202305,경기도,남양주시,81,478
202305,경기도,남양주시,82,410
202305,경기도,남양주시,83,373
202305,경기도,남양주시,84,337
202305,경기도,남양주시,85,338
202305,경기도,남양주시,86,281
202305,경기도,남양주시,87,244
202305,경기도,남양주시,88,231
202305,경기도,남양주시,89,153
202305,경기도,남양주시,90,120
202305,경기도,남양주시,91,112
202305,경기도,남양주시,92,69
202305,경기도,남양주시,93,61
202305,경기도,남양주시,94,63
202305,경기도,남양주시,95,38
202305,경기도,남양주시,96,32
202305,경기도,남양주시,97,22
202305,경기도,남양주시,98,8
202305,경기도,남양주시,99,7
202305,경기도,남양주시,100,15
202305,경기도,남양주시,101,6
202305,경기도,남양주시,102,2
202305,경기도,남양주시,103,1
202305,경기도,남양주시,104,1
202305,경기도,남양주시,106,2
202305,경기도,남양주시,124,1
202305,경기도,오산시,0,18
202305,경기도,오산시,1,16
202305,경기도,오산시,2,13
202305,경기도,오산시,3,39
202305,경기도,오산시,4,28
202305,경기도,오산시,5,51
202305,경기도,오산시,6,66
202305,경기도,오산시,7,76
202305,경기도,오산시,8,70
202305,경기도,오산시,9,88
202305,경기도,오산시,10,81
202305,경기도,오산시,11,106
202305,경기도,오산시,12,117
202305,경기도,오산시,13,104
202305,경기도,오산시,14,121
202305,경기도,오산시,15,115
202305,경기도,오산시,16,116
202305,경기도,오산시,17,103
202305,경기도,오산시,18,89
202305,경기도,오산시,19,71
202305,경기도,오산시,20,41
202305,경기도,오산시,21,46
202305,경기도,오산시,22,35
202305,경기도,오산시,23,45
202305,경기도,오산시,24,30
202305,경기도,오산시,25,17
202305,경기도,오산시,26,34
202305,경기도,오산시,27,20
202305,경기도,오산시,28,26
202305,경기도,오산시,29,27
202305,경기도,오산시,30,39
202305,경기도,오산시,31,21
202305,경기도,오산시,32,31
202305,경기도,오산시,33,41
202305,경기도,오산시,34,43
202305,경기도,오산시,35,44
202305,경기도,오산시,36,59
202305,경기도,오산시,37,58
202305,경기도,오산시,38,61
202305,경기도,오산시,39,78
202305,경기도,오산시,40,63
202305,경기도,오산시,41,81
202305,경기도,오산시,42,74
202305,경기도,오산시,43,87
202305,경기도,오산시,44,65
202305,경기도,오산시,45,57
202305,경기도,오산시,46,59
202305,경기도,오산시,47,76
202305,경기도,오산시,48,87
202305,경기도,오산시,49,91
202305,경기도,오산시,50,83
202305,경기도,오산시,51,75
202305,경기도,오산시,52,91
202305,경기도,오산시,53,92
202305,경기도,오산시,54,92
202305,경기도,오산시,55,102
202305,경기도,오산시,56,101
202305,경기도,오산시,57,92
202305,경기도,오산시,58,100
202305,경기도,오산시,59,99
202305,경기도,오산시,60,104
202305,경기도,오산시,61,106
202305,경기도,오산시,62,133
202305,경기도,오산시,63,116
202305,경기도,오산시,64,113
202305,경기도,오산시,65,115
202305,경기도,오산시,66,128
202305,경기도,오산시,67,113
202305,경기도,오산시,68,106
202305,경기도,오산시,69,94
202305,경기도,오산시,70,106
202305,경기도,오산시,71,87
202305,경기도,오산시,72,89
202305,경기도,오산시,73,86
202305,경기도,오산시,74,103
202305,경기도,오산시,75,98
202305,경기도,오산시,76,106
202305,경기도,오산시,77,79
202305,경기도,오산시,78,117
202305,경기도,오산시,79,97
202305,경기도,오산시,80,124
202305,경기도,오산시,81,109
202305,경기도,오산시,82,86
202305,경기도,오산시,83,71
202305,경기도,오산시,84,86
202305,경기도,오산시,85,60
202305,경기도,오산시,86,53
202305,경기도,오산시,87,73
202305,경기도,오산시,88,44
202305,경기도,오산시,89,37
202305,경기도,오산시,90,19
202305,경기도,오산시,91,22
202305,경기도,오산시,92,10
202305,경기도,오산시,93,14
202305,경기도,오산시,94,10
202305,경기도,오산시,95,9
202305,경기도,오산시,96,8
202305,경기도,오산시,97,4
202305,경기도,오산시,98,5
202305,경기도,오산시,100,1
202305,경기도,시흥시,0,13
202305,경기도,시흥시,1,36
202305,경기도,시흥시,2,53
202305,경기도,시흥시,3,67
202305,경기도,시흥시,4,67
202305,경기도,시흥시,5,85
202305,경기도,시흥시,6,106
202305,경기도,시흥시,7,154
202305,경기도,시흥시,8,156
202305,경기도,시흥시,9,177
202305,경기도,시흥시,10,224
202305,경기도,시흥시,11,235
202305,경기도,시흥시,12,268
202305,경기도,시흥시,13,234
202305,경기도,시흥시,14,297
202305,경기도,시흥시,15,290
202305,경기도,시흥시,16,287
202305,경기도,시흥시,17,276
202305,경기도,시흥시,18,255
202305,경기도,시흥시,19,184
202305,경기도,시흥시,20,162
202305,경기도,시흥시,21,126
202305,경기도,시흥시,22,122
202305,경기도,시흥시,23,120
202305,경기도,시흥시,24,85
202305,경기도,시흥시,25,78
202305,경기도,시흥시,26,57
202305,경기도,시흥시,27,56
202305,경기도,시흥시,28,52
202305,경기도,시흥시,29,55
202305,경기도,시흥시,30,64
202305,경기도,시흥시,31,70
202305,경기도,시흥시,32,70
202305,경기도,시흥시,33,91
202305,경기도,시흥시,34,80
202305,경기도,시흥시,35,95
202305,경기도,시흥시,36,79
202305,경기도,시흥시,37,95
202305,경기도,시흥시,38,109
202305,경기도,시흥시,39,131
202305,경기도,시흥시,40,160
202305,경기도,시흥시,41,183
202305,경기도,시흥시,42,174
202305,경기도,시흥시,43,180
202305,경기도,시흥시,44,175
202305,경기도,시흥시,45,185
202305,경기도,시흥시,46,217
202305,경기도,시흥시,47,231
202305,경기도,시흥시,48,251
202305,경기도,시흥시,49,262
202305,경기도,시흥시,50,242
202305,경기도,시흥시,51,263
202305,경기도,시흥시,52,320
202305,경기도,시흥시,53,311
202305,경기도,시흥시,54,309
202305,경기도,시흥시,55,282
202305,경기도,시흥시,56,299
202305,경기도,시흥시,57,256
202305,경기도,시흥시,58,282
202305,경기도,시흥시,59,287
202305,경기도,시흥시,60,321
202305,경기도,시흥시,61,298
202305,경기도,시흥시,62,357
202305,경기도,시흥시,63,312
202305,경기도,시흥시,64,316
202305,경기도,시흥시,65,334
202305,경기도,시흥시,66,324
202305,경기도,시흥시,67,302
202305,경기도,시흥시,68,359
202305,경기도,시흥시,69,286
202305,경기도,시흥시,70,240
202305,경기도,시흥시,71,242
202305,경기도,시흥시,72,212
202305,경기도,시흥시,73,244
202305,경기도,시흥시,74,240
202305,경기도,시흥시,75,250
202305,경기도,시흥시,76,226
202305,경기도,시흥시,77,174
202305,경기도,시흥시,78,196
202305,경기도,시흥시,79,213
202305,경기도,시흥시,80,229
202305,경기도,시흥시,81,230
202305,경기도,시흥시,82,170
202305,경기도,시흥시,83,192
202305,경기도,시흥시,84,182
202305,경기도,시흥시,85,171
202305,경기도,시흥시,86,154
202305,경기도,시흥시,87,133
202305,경기도,시흥시,88,116
202305,경기도,시흥시,89,93
202305,경기도,시흥시,90,82
202305,경기도,시흥시,91,58
202305,경기도,시흥시,92,47
202305,경기도,시흥시,93,41
202305,경기도,시흥시,94,37
202305,경기도,시흥시,95,23
202305,경기도,시흥시,96,15
202305,경기도,시흥시,97,7
202305,경기도,시흥시,98,1
202305,경기도,시흥시,99,1
202305,경기도,시흥시,100,4
202305,경기도,시흥시,101,4
202305,경기도,시흥시,102,2
202305,경기도,시흥시,103,2
202305,경기도,군포시,0,13
202305,경기도,군포시,1,33
202305,경기도,군포시,2,38
202305,경기도,군포시,3,40
202305,경기도,군포시,4,38
202305,경기도,군포시,5,39
202305,경기도,군포시,6,61
202305,경기도,군포시,7,68
202305,경기도,군포시,8,73
202305,경기도,군포시,9,118
202305,경기도,군포시,10,87
202305,경기도,군포시,11,118
202305,경기도,군포시,12,122
202305,경기도,군포시,13,116
202305,경기도,군포시,14,109
202305,경기도,군포시,15,131
202305,경기도,군포시,16,123
202305,경기도,군포시,17,136
202305,경기도,군포시,18,102
202305,경기도,군포시,19,101
202305,경기도,군포시,20,97
202305,경기도,군포시,21,65
202305,경기도,군포시,22,83
202305,경기도,군포시,23,78
202305,경기도,군포시,24,68
202305,경기도,군포시,25,48
202305,경기도,군포시,26,41
202305,경기도,군포시,27,37
202305,경기도,군포시,28,40
202305,경기도,군포시,29,30
202305,경기도,군포시,30,42
202305,경기도,군포시,31,48
202305,경기도,군포시,32,49
202305,경기도,군포시,33,45
202305,경기도,군포시,34,41
202305,경기도,군포시,35,54
202305,경기도,군포시,36,56
202305,경기도,군포시,37,57
202305,경기도,군포시,38,53
202305,경기도,군포시,39,71
202305,경기도,군포시,40,74
202305,경기도,군포시,41,73
202305,경기도,군포시,42,95
202305,경기도,군포시,43,94
202305,경기도,군포시,44,82
202305,경기도,군포시,45,98
202305,경기도,군포시,46,83
202305,경기도,군포시,47,110
202305,경기도,군포시,48,111
202305,경기도,군포시,49,122
202305,경기도,군포시,50,136
202305,경기도,군포시,51,148
202305,경기도,군포시,52,130
202305,경기도,군포시,53,142
202305,경기도,군포시,54,171
202305,경기도,군포시,55,151
202305,경기도,군포시,56,149
202305,경기도,군포시,57,193
202305,경기도,군포시,58,157
202305,경기도,군포시,59,151
202305,경기도,군포시,60,190
202305,경기도,군포시,61,203
202305,경기도,군포시,62,235
202305,경기도,군포시,63,202
202305,경기도,군포시,64,232
202305,경기도,군포시,65,222
202305,경기도,군포시,66,216
202305,경기도,군포시,67,232
202305,경기도,군포시,68,249
202305,경기도,군포시,69,184
202305,경기도,군포시,70,166
202305,경기도,군포시,71,160
202305,경기도,군포시,72,139
202305,경기도,군포시,73,178
202305,경기도,군포시,74,160
202305,경기도,군포시,75,154
202305,경기도,군포시,76,161
202305,경기도,군포시,77,106
202305,경기도,군포시,78,118
202305,경기도,군포시,79,137
202305,경기도,군포시,80,153
202305,경기도,군포시,81,147
202305,경기도,군포시,82,155
202305,경기도,군포시,83,142
202305,경기도,군포시,84,127
202305,경기도,군포시,85,113
202305,경기도,군포시,86,106
202305,경기도,군포시,87,96
202305,경기도,군포시,88,85
202305,경기도,군포시,89,74
202305,경기도,군포시,90,53
202305,경기도,군포시,91,40
202305,경기도,군포시,92,33
202305,경기도,군포시,93,34
202305,경기도,군포시,94,30
202305,경기도,군포시,95,20
202305,경기도,군포시,96,10
202305,경기도,군포시,97,12
202305,경기도,군포시,98,6
202305,경기도,군포시,99,1
202305,경기도,군포시,100,1
202305,경기도,군포시,101,3
202305,경기도,의왕시,0,5
202305,경기도,의왕시,1,7
202305,경기도,의왕시,2,9
202305,경기도,의왕시,3,8
202305,경기도,의왕시,4,8
202305,경기도,의왕시,5,15
202305,경기도,의왕시,6,17
202305,경기도,의왕시,7,28
202305,경기도,의왕시,8,29
202305,경기도,의왕시,9,31
202305,경기도,의왕시,10,37
202305,경기도,의왕시,11,43
202305,경기도,의왕시,12,43
202305,경기도,의왕시,13,34
202305,경기도,의왕시,14,41
202305,경기도,의왕시,15,43
202305,경기도,의왕시,16,35
202305,경기도,의왕시,17,39
202305,경기도,의왕시,18,32
202305,경기도,의왕시,19,37
202305,경기도,의왕시,20,25
202305,경기도,의왕시,21,34
202305,경기도,의왕시,22,36
202305,경기도,의왕시,23,31
202305,경기도,의왕시,24,19
202305,경기도,의왕시,25,29
202305,경기도,의왕시,26,17
202305,경기도,의왕시,27,11
202305,경기도,의왕시,28,14
202305,경기도,의왕시,29,11
202305,경기도,의왕시,30,13
202305,경기도,의왕시,31,21
202305,경기도,의왕시,32,11
202305,경기도,의왕시,33,17
202305,경기도,의왕시,34,13
202305,경기도,의왕시,35,26
202305,경기도,의왕시,36,19
202305,경기도,의왕시,37,17
202305,경기도,의왕시,38,17
202305,경기도,의왕시,39,23
202305,경기도,의왕시,40,18
202305,경기도,의왕시,41,35
202305,경기도,의왕시,42,22
202305,경기도,의왕시,43,32
202305,경기도,의왕시,44,15
202305,경기도,의왕시,45,22
202305,경기도,의왕시,46,34
202305,경기도,의왕시,47,33
202305,경기도,의왕시,48,33
202305,경기도,의왕시,49,39
202305,경기도,의왕시,50,35
202305,경기도,의왕시,51,50
202305,경기도,의왕시,52,56
202305,경기도,의왕시,53,47
202305,경기도,의왕시,54,52
202305,경기도,의왕시,55,53
202305,경기도,의왕시,56,43
202305,경기도,의왕시,57,44
202305,경기도,의왕시,58,48
202305,경기도,의왕시,59,48
202305,경기도,의왕시,60,59
202305,경기도,의왕시,61,65
202305,경기도,의왕시,62,58
202305,경기도,의왕시,63,79
202305,경기도,의왕시,64,53
202305,경기도,의왕시,65,73
202305,경기도,의왕시,66,72
202305,경기도,의왕시,67,65
202305,경기도,의왕시,68,78
202305,경기도,의왕시,69,69
202305,경기도,의왕시,70,78
202305,경기도,의왕시,71,63
202305,경기도,의왕시,72,67
202305,경기도,의왕시,73,65
202305,경기도,의왕시,74,67
202305,경기도,의왕시,75,72
202305,경기도,의왕시,76,57
202305,경기도,의왕시,77,67
202305,경기도,의왕시,78,54
202305,경기도,의왕시,79,59
202305,경기도,의왕시,80,89
202305,경기도,의왕시,81,84
202305,경기도,의왕시,82,78
202305,경기도,의왕시,83,69
202305,경기도,의왕시,84,76
202305,경기도,의왕시,85,58
202305,경기도,의왕시,86,48
202305,경기도,의왕시,87,49
202305,경기도,의왕시,88,46
202305,경기도,의왕시,89,35
202305,경기도,의왕시,90,28
202305,경기도,의왕시,91,19
202305,경기도,의왕시,92,24
202305,경기도,의왕시,93,15
202305,경기도,의왕시,94,11
202305,경기도,의왕시,95,10
202305,경기도,의왕시,96,6
202305,경기도,의왕시,97,3
202305,경기도,의왕시,98,2
202305,경기도,의왕시,99,1
202305,경기도,의왕시,100,1
202305,경기도,의왕시,101,3
202305,경기도,하남시,0,9
202305,경기도,하남시,1,16
202305,경기도,하남시,2,10
202305,경기도,하남시,3,15
202305,경기도,하남시,4,32
202305,경기도,하남시,5,31
202305,경기도,하남시,6,39
202305,경기도,하남시,7,44
202305,경기도,하남시,8,63
202305,경기도,하남시,9,65
202305,경기도,하남시,10,54
202305,경기도,하남시,11,59
202305,경기도,하남시,12,70
202305,경기도,하남시,13,67
202305,경기도,하남시,14,71
202305,경기도,하남시,15,86
202305,경기도,하남시,16,80
202305,경기도,하남시,17,82
202305,경기도,하남시,18,73
202305,경기도,하남시,19,61
202305,경기도,하남시,20,46
202305,경기도,하남시,21,47
202305,경기도,하남시,22,38
202305,경기도,하남시,23,48
202305,경기도,하남시,24,30
202305,경기도,하남시,25,29
202305,경기도,하남시,26,24
202305,경기도,하남시,27,19
202305,경기도,하남시,28,23
202305,경기도,하남시,29,20
202305,경기도,하남시,30,33
202305,경기도,하남시,31,36
202305,경기도,하남시,32,29
202305,경기도,하남시,33,33
202305,경기도,하남시,34,36
202305,경기도,하남시,35,39
202305,경기도,하남시,36,32
202305,경기도,하남시,37,34
202305,경기도,하남시,38,42
202305,경기도,하남시,39,51
202305,경기도,하남시,40,41
202305,경기도,하남시,41,78
202305,경기도,하남시,42,62
202305,경기도,하남시,43,86
202305,경기도,하남시,44,64
202305,경기도,하남시,45,79
202305,경기도,하남시,46,57
202305,경기도,하남시,47,71
202305,경기도,하남시,48,64
202305,경기도,하남시,49,79
202305,경기도,하남시,50,81
202305,경기도,하남시,51,99
202305,경기도,하남시,52,75
202305,경기도,하남시,53,93
202305,경기도,하남시,54,105
202305,경기도,하남시,55,111
202305,경기도,하남시,56,85
202305,경기도,하남시,57,111
202305,경기도,하남시,58,93
202305,경기도,하남시,59,94
202305,경기도,하남시,60,118
202305,경기도,하남시,61,127
202305,경기도,하남시,62,148
202305,경기도,하남시,63,159
202305,경기도,하남시,64,173
202305,경기도,하남시,65,161
202305,경기도,하남시,66,168
202305,경기도,하남시,67,190
202305,경기도,하남시,68,177
202305,경기도,하남시,69,160
202305,경기도,하남시,70,185
202305,경기도,하남시,71,161
202305,경기도,하남시,72,157
202305,경기도,하남시,73,130
202305,경기도,하남시,74,145
202305,경기도,하남시,75,163
202305,경기도,하남시,76,173
202305,경기도,하남시,77,106
202305,경기도,하남시,78,133
202305,경기도,하남시,79,120
202305,경기도,하남시,80,128
202305,경기도,하남시,81,140
202305,경기도,하남시,82,92
202305,경기도,하남시,83,107
202305,경기도,하남시,84,100
202305,경기도,하남시,85,91
202305,경기도,하남시,86,77
202305,경기도,하남시,87,74
202305,경기도,하남시,88,55
202305,경기도,하남시,89,44
202305,경기도,하남시,90,47
202305,경기도,하남시,91,34
202305,경기도,하남시,92,29
202305,경기도,하남시,93,33
202305,경기도,하남시,94,15
202305,경기도,하남시,95,7
202305,경기도,하남시,96,12
202305,경기도,하남시,97,9
202305,경기도,하남시,98,5
202305,경기도,하남시,99,5
202305,경기도,하남시,100,1
202305,경기도,하남시,103,1
202305,경기도,용인시,0,19
202305,경기도,용인시,1,46
202305,경기도,용인시,2,43
202305,경기도,용인시,3,60
202305,경기도,용인시,4,87
202305,경기도,용인시,5,79
202305,경기도,용인시,6,120
202305,경기도,용인시,7,152
202305,경기도,용인시,8,147
202305,경기도,용인시,9,174
202305,경기도,용인시,10,189
202305,경기도,용인시,11,211
202305,경기도,용인시,12,258
202305,경기도,용인시,13,233
202305,경기도,용인시,14,221
202305,경기도,용인시,15,288
202305,경기도,용인시,16,267
202305,경기도,용인시,17,243
202305,경기도,용인시,18,242
202305,경기도,용인시,19,187
202305,경기도,용인시,20,137
202305,경기도,용인시,21,132
202305,경기도,용인시,22,153
202305,경기도,용인시,23,125
202305,경기도,용인시,24,114
202305,경기도,용인시,25,98
202305,경기도,용인시,26,59
202305,경기도,용인시,27,61
202305,경기도,용인시,28,53
202305,경기도,용인시,29,56
202305,경기도,용인시,30,72
202305,경기도,용인시,31,76
202305,경기도,용인시,32,72
202305,경기도,용인시,33,71
202305,경기도,용인시,34,86
202305,경기도,용인시,35,69
202305,경기도,용인시,36,82
202305,경기도,용인시,37,103
202305,경기도,용인시,38,103
202305,경기도,용인시,39,122
202305,경기도,용인시,40,145
202305,경기도,용인시,41,172
202305,경기도,용인시,42,145
202305,경기도,용인시,43,201
202305,경기도,용인시,44,152
202305,경기도,용인시,45,150
202305,경기도,용인시,46,151
202305,경기도,용인시,47,175
202305,경기도,용인시,48,219
202305,경기도,용인시,49,226
202305,경기도,용인시,50,245
202305,경기도,용인시,51,283
202305,경기도,용인시,52,270
202305,경기도,용인시,53,261
202305,경기도,용인시,54,246
202305,경기도,용인시,55,254
202305,경기도,용인시,56,237
202305,경기도,용인시,57,242
202305,경기도,용인시,58,245
202305,경기도,용인시,59,242
202305,경기도,용인시,60,242
202305,경기도,용인시,61,269
202305,경기도,용인시,62,278
202305,경기도,용인시,63,272
202305,경기도,용인시,64,268
202305,경기도,용인시,65,297
202305,경기도,용인시,66,333
202305,경기도,용인시,67,328
202305,경기도,용인시,68,358
202305,경기도,용인시,69,292
202305,경기도,용인시,70,289
202305,경기도,용인시,71,296
202305,경기도,용인시,72,273
202305,경기도,용인시,73,301
202305,경기도,용인시,74,296
202305,경기도,용인시,75,364
202305,경기도,용인시,76,368
202305,경기도,용인시,77,261
202305,경기도,용인시,78,348
202305,경기도,용인시,79,339
202305,경기도,용인시,80,416
202305,경기도,용인시,81,413
202305,경기도,용인시,82,357
202305,경기도,용인시,83,309
202305,경기도,용인시,84,290
202305,경기도,용인시,85,284
202305,경기도,용인시,86,226
202305,경기도,용인시,87,202
202305,경기도,용인시,88,180
202305,경기도,용인시,89,164
202305,경기도,용인시,90,116
202305,경기도,용인시,91,116
202305,경기도,용인시,92,73
202305,경기도,용인시,93,72
202305,경기도,용인시,94,65
202305,경기도,용인시,95,42
202305,경기도,용인시,96,28
202305,경기도,용인시,97,21
202305,경기도,용인시,98,15
202305,경기도,용인시,99,12
202305,경기도,용인시,100,4
202305,경기도,용인시,101,8
202305,경기도,용인시,102,1
202305,경기도,용인시,103,2
202305,경기도,용인시,104,1
202305,경기도,용인시,105,1
202305,경기도,용인시,106,1
202305,경기도,용인시,111,1
202305,경기도,파주시,0,27
202305,경기도,파주시,1,35
202305,경기도,파주시,2,64
202305,경기도,파주시,3,66
202305,경기도,파주시,4,98
202305,경기도,파주시,5,94
202305,경기도,파주시,6,123
202305,경기도,파주시,7,168
202305,경기도,파주시,8,223
202305,경기도,파주시,9,250
202305,경기도,파주시,10,258
202305,경기도,파주시,11,290
202305,경기도,파주시,12,289
202305,경기도,파주시,13,320
202305,경기도,파주시,14,322
202305,경기도,파주시,15,339
202305,경기도,파주시,16,341
202305,경기도,파주시,17,318
202305,경기도,파주시,18,288
202305,경기도,파주시,19,229
202305,경기도,파주시,20,212
202305,경기도,파주시,21,183
202305,경기도,파주시,22,174
202305,경기도,파주시,23,140
202305,경기도,파주시,24,115
202305,경기도,파주시,25,111
202305,경기도,파주시,26,68
202305,경기도,파주시,27,77
202305,경기도,파주시,28,58
202305,경기도,파주시,29,52
202305,경기도,파주시,30,65
202305,경기도,파주시,31,66
202305,경기도,파주시,32,74
202305,경기도,파주시,33,69
202305,경기도,파주시,34,76
202305,경기도,파주시,35,91
202305,경기도,파주시,36,101
202305,경기도,파주시,37,95
202305,경기도,파주시,38,120
202305,경기도,파주시,39,129
202305,경기도,파주시,40,148
202305,경기도,파주시,41,176
202305,경기도,파주시,42,201
202305,경기도,파주시,43,215
202305,경기도,파주시,44,189
202305,경기도,파주시,45,210
202305,경기도,파주시,46,189
202305,경기도,파주시,47,210
202305,경기도,파주시,48,247
202305,경기도,파주시,49,270
202305,경기도,파주시,50,267
202305,경기도,파주시,51,318
202305,경기도,파주시,52,290
202305,경기도,파주시,53,321
202305,경기도,파주시,54,321
202305,경기도,파주시,55,293
202305,경기도,파주시,56,311
202305,경기도,파주시,57,264
202305,경기도,파주시,58,290
202305,경기도,파주시,59,266
202305,경기도,파주시,60,348
202305,경기도,파주시,61,332
202305,경기도,파주시,62,366
202305,경기도,파주시,63,342
202305,경기도,파주시,64,361
202305,경기도,파주시,65,369
202305,경기도,파주시,66,374
202305,경기도,파주시,67,396
202305,경기도,파주시,68,431
202305,경기도,파주시,69,362
202305,경기도,파주시,70,357
202305,경기도,파주시,71,323
202305,경기도,파주시,72,279
202305,경기도,파주시,73,382
202305,경기도,파주시,74,376
202305,경기도,파주시,75,336
202305,경기도,파주시,76,389
202305,경기도,파주시,77,314
202305,경기도,파주시,78,396
202305,경기도,파주시,79,364
202305,경기도,파주시,80,409
202305,경기도,파주시,81,425
202305,경기도,파주시,82,367
202305,경기도,파주시,83,333
202305,경기도,파주시,84,284
202305,경기도,파주시,85,276
202305,경기도,파주시,86,255
202305,경기도,파주시,87,213
202305,경기도,파주시,88,177
202305,경기도,파주시,89,126
202305,경기도,파주시,90,97
202305,경기도,파주시,91,87
202305,경기도,파주시,92,64
202305,경기도,파주시,93,52
202305,경기도,파주시,94,49
202305,경기도,파주시,95,34
202305,경기도,파주시,96,17
202305,경기도,파주시,97,14
202305,경기도,파주시,98,8
202305,경기도,파주시,99,3
202305,경기도,파주시,100,2
202305,경기도,파주시,101,4
202305,경기도,파주시,102,2
202305,경기도,파주시,103,1
202305,경기도,파주시,104,1
202305,경기도,파주시,106,1
202305,경기도,파주시,107,1
202305,경기도,이천시,0,6
202305,경기도,이천시,1,13
202305,경기도,이천시,2,21
202305,경기도,이천시,3,20
202305,경기도,이천시,4,23
202305,경기도,이천시,5,24
202305,경기도,이천시,6,48
202305,경기도,이천시,7,69
202305,경기도,이천시,8,88
202305,경기도,이천시,9,83
202305,경기도,이천시,10,107
202305,경기도,이천시,11,98
202305,경기도,이천시,12,135
202305,경기도,이천시,13,98
202305,경기도,이천시,14,109
202305,경기도,이천시,15,135
202305,경기도,이천시,16,100
202305,경기도,이천시,17,87
202305,경기도,이천시,18,103
202305,경기도,이천시,19,74
202305,경기도,이천시,20,48
202305,경기도,이천시,21,49
202305,경기도,이천시,22,51
202305,경기도,이천시,23,35
202305,경기도,이천시,24,34
202305,경기도,이천시,25,29
202305,경기도,이천시,26,20
202305,경기도,이천시,27,31
202305,경기도,이천시,28,17
202305,경기도,이천시,29,12
202305,경기도,이천시,30,22
202305,경기도,이천시,31,25
202305,경기도,이천시,32,22
202305,경기도,이천시,33,35
202305,경기도,이천시,34,28
202305,경기도,이천시,35,37
202305,경기도,이천시,36,29
202305,경기도,이천시,37,34
202305,경기도,이천시,38,37
202305,경기도,이천시,39,39
202305,경기도,이천시,40,46
202305,경기도,이천시,41,57
202305,경기도,이천시,42,64
202305,경기도,이천시,43,70
202305,경기도,이천시,44,57
202305,경기도,이천시,45,72
202305,경기도,이천시,46,66
202305,경기도,이천시,47,66
202305,경기도,이천시,48,65
202305,경기도,이천시,49,78
202305,경기도,이천시,50,87
202305,경기도,이천시,51,69
202305,경기도,이천시,52,112
202305,경기도,이천시,53,95
202305,경기도,이천시,54,94
202305,경기도,이천시,55,101
202305,경기도,이천시,56,101
202305,경기도,이천시,57,97
202305,경기도,이천시,58,105
202305,경기도,이천시,59,106
202305,경기도,이천시,60,121
202305,경기도,이천시,61,139
202305,경기도,이천시,62,141
202305,경기도,이천시,63,131
202305,경기도,이천시,64,132
202305,경기도,이천시,65,142
202305,경기도,이천시,66,127
202305,경기도,이천시,67,132
202305,경기도,이천시,68,131
202305,경기도,이천시,69,131
202305,경기도,이천시,70,140
202305,경기도,이천시,71,115
202305,경기도,이천시,72,109
202305,경기도,이천시,73,101
202305,경기도,이천시,74,109
202305,경기도,이천시,75,102
202305,경기도,이천시,76,93
202305,경기도,이천시,77,77
202305,경기도,이천시,78,100
202305,경기도,이천시,79,105
202305,경기도,이천시,80,125
202305,경기도,이천시,81,115
202305,경기도,이천시,82,104
202305,경기도,이천시,83,96
202305,경기도,이천시,84,110
202305,경기도,이천시,85,77
202305,경기도,이천시,86,77
202305,경기도,이천시,87,73
202305,경기도,이천시,88,74
202305,경기도,이천시,89,53
202305,경기도,이천시,90,40
202305,경기도,이천시,91,30
202305,경기도,이천시,92,22
202305,경기도,이천시,93,15
202305,경기도,이천시,94,19
202305,경기도,이천시,95,9
202305,경기도,이천시,96,5
202305,경기도,이천시,97,5
202305,경기도,이천시,98,4
202305,경기도,이천시,99,2
202305,경기도,이천시,100,1
202305,경기도,이천시,101,1
202305,경기도,이천시,103,1
202305,경기도,이천시,107,1
202305,경기도,안성시,0,8
202305,경기도,안성시,1,6
202305,경기도,안성시,2,23
202305,경기도,안성시,3,27
202305,경기도,안성시,4,23
202305,경기도,안성시,5,17
202305,경기도,안성시,6,39
202305,경기도,안성시,7,39
202305,경기도,안성시,8,65
202305,경기도,안성시,9,56
202305,경기도,안성시,10,78
202305,경기도,안성시,11,83
202305,경기도,안성시,12,79
202305,경기도,안성시,13,87
202305,경기도,안성시,14,80
202305,경기도,안성시,15,96
202305,경기도,안성시,16,93
202305,경기도,안성시,17,75
202305,경기도,안성시,18,85
202305,경기도,안성시,19,61
202305,경기도,안성시,20,57
202305,경기도,안성시,21,56
202305,경기도,안성시,22,54
202305,경기도,안성시,23,43
202305,경기도,안성시,24,36
202305,경기도,안성시,25,28
202305,경기도,안성시,26,18
202305,경기도,안성시,27,27
202305,경기도,안성시,28,15
202305,경기도,안성시,29,17
202305,경기도,안성시,30,23
202305,경기도,안성시,31,24
202305,경기도,안성시,32,28
202305,경기도,안성시,33,29
202305,경기도,안성시,34,27
202305,경기도,안성시,35,29
202305,경기도,안성시,36,31
202305,경기도,안성시,37,23
202305,경기도,안성시,38,34
202305,경기도,안성시,39,38
202305,경기도,안성시,40,53
202305,경기도,안성시,41,67
202305,경기도,안성시,42,66
202305,경기도,안성시,43,53
202305,경기도,안성시,44,49
202305,경기도,안성시,45,56
202305,경기도,안성시,46,50
202305,경기도,안성시,47,64
202305,경기도,안성시,48,71
202305,경기도,안성시,49,81
202305,경기도,안성시,50,94
202305,경기도,안성시,51,84
202305,경기도,안성시,52,84
202305,경기도,안성시,53,93
202305,경기도,안성시,54,100
202305,경기도,안성시,55,100
202305,경기도,안성시,56,101
202305,경기도,안성시,57,92
202305,경기도,안성시,58,112
202305,경기도,안성시,59,117
202305,경기도,안성시,60,124
202305,경기도,안성시,61,130
202305,경기도,안성시,62,155
202305,경기도,안성시,63,140
202305,경기도,안성시,64,140
202305,경기도,안성시,65,158
202305,경기도,안성시,66,115
202305,경기도,안성시,67,135
202305,경기도,안성시,68,130
202305,경기도,안성시,69,116
202305,경기도,안성시,70,99
202305,경기도,안성시,71,127
202305,경기도,안성시,72,105
202305,경기도,안성시,73,102
202305,경기도,안성시,74,87
202305,경기도,안성시,75,124
202305,경기도,안성시,76,101
202305,경기도,안성시,77,87
202305,경기도,안성시,78,106
202305,경기도,안성시,79,95
202305,경기도,안성시,80,121
202305,경기도,안성시,81,119
202305,경기도,안성시,82,109
202305,경기도,안성시,83,81
202305,경기도,안성시,84,98
202305,경기도,안성시,85,87
202305,경기도,안성시,86,95
202305,경기도,안성시,87,63
202305,경기도,안성시,88,51
202305,경기도,안성시,89,47
202305,경기도,안성시,90,53
202305,경기도,안성시,91,44
202305,경기도,안성시,92,18
202305,경기도,안성시,93,18
202305,경기도,안성시,94,12
202305,경기도,안성시,95,12
202305,경기도,안성시,96,9
202305,경기도,안성시,97,4
202305,경기도,안성시,98,2
202305,경기도,안성시,99,1
202305,경기도,안성시,100,2
202305,경기도,안성시,101,1
202305,경기도,안성시,103,1
202305,경기도,안성시,107,1
202305,경기도,김포시,0,14
202305,경기도,김포시,1,38
202305,경기도,김포시,2,39
202305,경기도,김포시,3,50
202305,경기도,김포시,4,53
202305,경기도,김포시,5,73
202305,경기도,김포시,6,88
202305,경기도,김포시,7,118
202305,경기도,김포시,8,128
202305,경기도,김포시,9,148
202305,경기도,김포시,10,171
202305,경기도,김포시,11,176
202305,경기도,김포시,12,191
202305,경기도,김포시,13,179
202305,경기도,김포시,14,173
202305,경기도,김포시,15,187
202305,경기도,김포시,16,181
202305,경기도,김포시,17,183
202305,경기도,김포시,18,119
202305,경기도,김포시,19,128
202305,경기도,김포시,20,114
202305,경기도,김포시,21,90
202305,경기도,김포시,22,80
202305,경기도,김포시,23,76
202305,경기도,김포시,24,62
202305,경기도,김포시,25,66
202305,경기도,김포시,26,50
202305,경기도,김포시,27,42
202305,경기도,김포시,28,37
202305,경기도,김포시,29,40
202305,경기도,김포시,30,48
202305,경기도,김포시,31,45
202305,경기도,김포시,32,66
202305,경기도,김포시,33,65
202305,경기도,김포시,34,51
202305,경기도,김포시,35,58
202305,경기도,김포시,36,59
202305,경기도,김포시,37,77
202305,경기도,김포시,38,86
202305,경기도,김포시,39,104
202305,경기도,김포시,40,103
202305,경기도,김포시,41,139
202305,경기도,김포시,42,139
202305,경기도,김포시,43,141
202305,경기도,김포시,44,136
202305,경기도,김포시,45,127
202305,경기도,김포시,46,146
202305,경기도,김포시,47,117
202305,경기도,김포시,48,129
202305,경기도,김포시,49,152
202305,경기도,김포시,50,191
202305,경기도,김포시,51,154
202305,경기도,김포시,52,149
202305,경기도,김포시,53,180
202305,경기도,김포시,54,173
202305,경기도,김포시,55,185
202305,경기도,김포시,56,160
202305,경기도,김포시,57,156
202305,경기도,김포시,58,175
202305,경기도,김포시,59,173
202305,경기도,김포시,60,208
202305,경기도,김포시,61,235
202305,경기도,김포시,62,216
202305,경기도,김포시,63,243
202305,경기도,김포시,64,219
202305,경기도,김포시,65,261
202305,경기도,김포시,66,265
202305,경기도,김포시,67,263
202305,경기도,김포시,68,287
202305,경기도,김포시,69,235
202305,경기도,김포시,70,271
202305,경기도,김포시,71,241
202305,경기도,김포시,72,190
202305,경기도,김포시,73,264
202305,경기도,김포시,74,255
202305,경기도,김포시,75,289
202305,경기도,김포시,76,264
202305,경기도,김포시,77,208
202305,경기도,김포시,78,281
202305,경기도,김포시,79,242
202305,경기도,김포시,80,282
202305,경기도,김포시,81,272
202305,경기도,김포시,82,181
202305,경기도,김포시,83,195
202305,경기도,김포시,84,179
202305,경기도,김포시,85,194
202305,경기도,김포시,86,148
202305,경기도,김포시,87,138
202305,경기도,김포시,88,130
202305,경기도,김포시,89,86
202305,경기도,김포시,90,81
202305,경기도,김포시,91,78
202305,경기도,김포시,92,59
202305,경기도,김포시,93,43
202305,경기도,김포시,94,34
202305,경기도,김포시,95,31
202305,경기도,김포시,96,26
202305,경기도,김포시,97,10
202305,경기도,김포시,98,9
202305,경기도,김포시,99,1
202305,경기도,김포시,100,4
202305,경기도,김포시,101,2
202305,경기도,김포시,103,2
202305,경기도,김포시,108,1
202305,경기도,화성시,0,25
202305,경기도,화성시,1,30
202305,경기도,화성시,2,40
202305,경기도,화성시,3,80
202305,경기도,화성시,4,76
202305,경기도,화성시,5,71
202305,경기도,화성시,6,100
202305,경기도,화성시,7,161
202305,경기도,화성시,8,153
202305,경기도,화성시,9,163
202305,경기도,화성시,10,198
202305,경기도,화성시,11,246
202305,경기도,화성시,12,246
202305,경기도,화성시,13,231
202305,경기도,화성시,14,233
202305,경기도,화성시,15,263
202305,경기도,화성시,16,237
202305,경기도,화성시,17,231
202305,경기도,화성시,18,201
202305,경기도,화성시,19,162
202305,경기도,화성시,20,131
202305,경기도,화성시,21,142
202305,경기도,화성시,22,98
202305,경기도,화성시,23,91
202305,경기도,화성시,24,82
202305,경기도,화성시,25,67
202305,경기도,화성시,26,54
202305,경기도,화성시,27,48
202305,경기도,화성시,28,42
202305,경기도,화성시,29,44
202305,경기도,화성시,30,53
202305,경기도,화성시,31,57
202305,경기도,화성시,32,79
202305,경기도,화성시,33,73
202305,경기도,화성시,34,84
202305,경기도,화성시,35,75
202305,경기도,화성시,36,69
202305,경기도,화성시,37,94
202305,경기도,화성시,38,108
202305,경기도,화성시,39,112
202305,경기도,화성시,40,144
202305,경기도,화성시,41,171
202305,경기도,화성시,42,148
202305,경기도,화성시,43,155
202305,경기도,화성시,44,167
202305,경기도,화성시,45,178
202305,경기도,화성시,46,160
202305,경기도,화성시,47,159
202305,경기도,화성시,48,187
202305,경기도,화성시,49,222
202305,경기도,화성시,50,209
202305,경기도,화성시,51,187
202305,경기도,화성시,52,225
202305,경기도,화성시,53,224
202305,경기도,화성시,54,239
202305,경기도,화성시,55,211
202305,경기도,화성시,56,221
202305,경기도,화성시,57,183
202305,경기도,화성시,58,210
202305,경기도,화성시,59,210
202305,경기도,화성시,60,210
202305,경기도,화성시,61,224
202305,경기도,화성시,62,259
202305,경기도,화성시,63,281
202305,경기도,화성시,64,283
202305,경기도,화성시,65,302
202305,경기도,화성시,66,260
202305,경기도,화성시,67,301
202305,경기도,화성시,68,354
202305,경기도,화성시,69,277
202305,경기도,화성시,70,275
202305,경기도,화성시,71,279
202305,경기도,화성시,72,257
202305,경기도,화성시,73,246
202305,경기도,화성시,74,276
202305,경기도,화성시,75,253
202305,경기도,화성시,76,299
202305,경기도,화성시,77,208
202305,경기도,화성시,78,261
202305,경기도,화성시,79,245
202305,경기도,화성시,80,287
202305,경기도,화성시,81,299
202305,경기도,화성시,82,248
202305,경기도,화성시,83,241
202305,경기도,화성시,84,186
202305,경기도,화성시,85,226
202305,경기도,화성시,86,210
202305,경기도,화성시,87,154
202305,경기도,화성시,88,146
202305,경기도,화성시,89,121
202305,경기도,화성시,90,102
202305,경기도,화성시,91,75
202305,경기도,화성시,92,53
202305,경기도,화성시,93,40
202305,경기도,화성시,94,30
202305,경기도,화성시,95,30
202305,경기도,화성시,96,14
202305,경기도,화성시,97,16
202305,경기도,화성시,98,6
202305,경기도,화성시,99,5
202305,경기도,화성시,100,13
202305,경기도,화성시,101,5
202305,경기도,화성시,102,4
202305,경기도,화성시,105,1
202305,경기도,광주시,0,17
202305,경기도,광주시,1,20
202305,경기도,광주시,2,33
202305,경기도,광주시,3,41
202305,경기도,광주시,4,45
202305,경기도,광주시,5,41
202305,경기도,광주시,6,92
202305,경기도,광주시,7,120
202305,경기도,광주시,8,133
202305,경기도,광주시,9,124
202305,경기도,광주시,10,130
202305,경기도,광주시,11,166
202305,경기도,광주시,12,177
202305,경기도,광주시,13,141
202305,경기도,광주시,14,157
202305,경기도,광주시,15,191
202305,경기도,광주시,16,185
202305,경기도,광주시,17,160
202305,경기도,광주시,18,136
202305,경기도,광주시,19,108
202305,경기도,광주시,20,69
202305,경기도,광주시,21,63
202305,경기도,광주시,22,59
202305,경기도,광주시,23,57
202305,경기도,광주시,24,51
202305,경기도,광주시,25,44
202305,경기도,광주시,26,28
202305,경기도,광주시,27,31
202305,경기도,광주시,28,32
202305,경기도,광주시,29,29
202305,경기도,광주시,30,22
202305,경기도,광주시,31,57
202305,경기도,광주시,32,44
202305,경기도,광주시,33,41
202305,경기도,광주시,34,36
202305,경기도,광주시,35,42
202305,경기도,광주시,36,47
202305,경기도,광주시,37,66
202305,경기도,광주시,38,48
202305,경기도,광주시,39,79
202305,경기도,광주시,40,68
202305,경기도,광주시,41,94
202305,경기도,광주시,42,103
202305,경기도,광주시,43,93
202305,경기도,광주시,44,83
202305,경기도,광주시,45,100
202305,경기도,광주시,46,76
202305,경기도,광주시,47,100
202305,경기도,광주시,48,104
202305,경기도,광주시,49,112
202305,경기도,광주시,50,124
202305,경기도,광주시,51,116
202305,경기도,광주시,52,141
202305,경기도,광주시,53,132
202305,경기도,광주시,54,128
202305,경기도,광주시,55,126
202305,경기도,광주시,56,119
202305,경기도,광주시,57,119
202305,경기도,광주시,58,123
202305,경기도,광주시,59,127
202305,경기도,광주시,60,144
202305,경기도,광주시,61,118
202305,경기도,광주시,62,153
202305,경기도,광주시,63,159
202305,경기도,광주시,64,142
202305,경기도,광주시,65,159
202305,경기도,광주시,66,179
202305,경기도,광주시,67,165
202305,경기도,광주시,68,215
202305,경기도,광주시,69,169
202305,경기도,광주시,70,160
202305,경기도,광주시,71,152
202305,경기도,광주시,72,134
202305,경기도,광주시,73,136
202305,경기도,광주시,74,141
202305,경기도,광주시,75,141
202305,경기도,광주시,76,139
202305,경기도,광주시,77,109
202305,경기도,광주시,78,115
202305,경기도,광주시,79,139
202305,경기도,광주시,80,162
202305,경기도,광주시,81,156
202305,경기도,광주시,82,121
202305,경기도,광주시,83,115
202305,경기도,광주시,84,102
202305,경기도,광주시,85,119
202305,경기도,광주시,86,90
202305,경기도,광주시,87,90
202305,경기도,광주시,88,88
202305,경기도,광주시,89,54
202305,경기도,광주시,90,44
202305,경기도,광주시,91,38
202305,경기도,광주시,92,24
202305,경기도,광주시,93,34
202305,경기도,광주시,94,24
202305,경기도,광주시,95,15
202305,경기도,광주시,96,6
202305,경기도,광주시,97,4
202305,경기도,광주시,98,3
202305,경기도,광주시,99,3
202305,경기도,광주시,100,2
202305,경기도,광주시,101,3
202305,경기도,광주시,102,1
202305,경기도,광주시,103,1
202305,경기도,광주시,104,1
202305,경기도,광주시,105,1
202305,경기도,양주시,0,13
202305,경기도,양주시,1,33
202305,경기도,양주시,2,40
202305,경기도,양주시,3,51
202305,경기도,양주시,4,66
202305,경기도,양주시,5,78
202305,경기도,양주시,6,110
202305,경기도,양주시,7,99
202305,경기도,양주시,8,149
202305,경기도,양주시,9,133
202305,경기도,양주시,10,164
202305,경기도,양주시,11,170
202305,경기도,양주시,12,188
202305,경기도,양주시,13,189
202305,경기도,양주시,14,212
202305,경기도,양주시,15,190
202305,경기도,양주시,16,183
202305,경기도,양주시,17,186
202305,경기도,양주시,18,158
202305,경기도,양주시,19,131
202305,경기도,양주시,20,105
202305,경기도,양주시,21,102
202305,경기도,양주시,22,89
202305,경기도,양주시,23,89
202305,경기도,양주시,24,77
202305,경기도,양주시,25,52
202305,경기도,양주시,26,42
202305,경기도,양주시,27,28
202305,경기도,양주시,28,22
202305,경기도,양주시,29,27
202305,경기도,양주시,30,39
202305,경기도,양주시,31,37
202305,경기도,양주시,32,40
202305,경기도,양주시,33,45
202305,경기도,양주시,34,44
202305,경기도,양주시,35,51
202305,경기도,양주시,36,49
202305,경기도,양주시,37,60
202305,경기도,양주시,38,89
202305,경기도,양주시,39,86
202305,경기도,양주시,40,98
202305,경기도,양주시,41,124
202305,경기도,양주시,42,127
202305,경기도,양주시,43,123
202305,경기도,양주시,44,122
202305,경기도,양주시,45,109
202305,경기도,양주시,46,115
202305,경기도,양주시,47,119
202305,경기도,양주시,48,127
202305,경기도,양주시,49,179
202305,경기도,양주시,50,171
202305,경기도,양주시,51,152
202305,경기도,양주시,52,165
202305,경기도,양주시,53,137
202305,경기도,양주시,54,150
202305,경기도,양주시,55,136
202305,경기도,양주시,56,149
202305,경기도,양주시,57,136
202305,경기도,양주시,58,136
202305,경기도,양주시,59,124
202305,경기도,양주시,60,147
202305,경기도,양주시,61,161
202305,경기도,양주시,62,187
202305,경기도,양주시,63,173
202305,경기도,양주시,64,194
202305,경기도,양주시,65,182
202305,경기도,양주시,66,184
202305,경기도,양주시,67,181
202305,경기도,양주시,68,226
202305,경기도,양주시,69,199
202305,경기도,양주시,70,214
202305,경기도,양주시,71,220
202305,경기도,양주시,72,181
202305,경기도,양주시,73,223
202305,경기도,양주시,74,214
202305,경기도,양주시,75,236
202305,경기도,양주시,76,224
202305,경기도,양주시,77,214
202305,경기도,양주시,78,216
202305,경기도,양주시,79,204
202305,경기도,양주시,80,244
202305,경기도,양주시,81,224
202305,경기도,양주시,82,213
202305,경기도,양주시,83,161
202305,경기도,양주시,84,171
202305,경기도,양주시,85,141
202305,경기도,양주시,86,127
202305,경기도,양주시,87,101
202305,경기도,양주시,88,99
202305,경기도,양주시,89,65
202305,경기도,양주시,90,68
202305,경기도,양주시,91,56
202305,경기도,양주시,92,30
202305,경기도,양주시,93,24
202305,경기도,양주시,94,25
202305,경기도,양주시,95,13
202305,경기도,양주시,96,14
202305,경기도,양주시,97,7
202305,경기도,양주시,98,5
202305,경기도,양주시,99,6
202305,경기도,양주시,100,3
202305,경기도,양주시,101,1
202305,경기도,양주시,102,2
202305,경기도,양주시,103,2
202305,경기도,양주시,105,1
202305,경기도,양주시,106,1
202305,경기도,포천시,0,4
202305,경기도,포천시,1,11
202305,경기도,포천시,2,14
202305,경기도,포천시,3,19
202305,경기도,포천시,4,29
202305,경기도,포천시,5,31
202305,경기도,포천시,6,45
202305,경기도,포천시,7,46
202305,경기도,포천시,8,66
202305,경기도,포천시,9,56
202305,경기도,포천시,10,81
202305,경기도,포천시,11,103
202305,경기도,포천시,12,88
202305,경기도,포천시,13,114
202305,경기도,포천시,14,106
202305,경기도,포천시,15,99
202305,경기도,포천시,16,126
202305,경기도,포천시,17,105
202305,경기도,포천시,18,87
202305,경기도,포천시,19,90
202305,경기도,포천시,20,63
202305,경기도,포천시,21,70
202305,경기도,포천시,22,57
202305,경기도,포천시,23,56
202305,경기도,포천시,24,47
202305,경기도,포천시,25,31
202305,경기도,포천시,26,18
202305,경기도,포천시,27,25
202305,경기도,포천시,28,14
202305,경기도,포천시,29,14
202305,경기도,포천시,30,15
202305,경기도,포천시,31,20
202305,경기도,포천시,32,22
202305,경기도,포천시,33,30
202305,경기도,포천시,34,24
202305,경기도,포천시,35,33
202305,경기도,포천시,36,31
202305,경기도,포천시,37,37
202305,경기도,포천시,38,34
202305,경기도,포천시,39,43
202305,경기도,포천시,40,51
202305,경기도,포천시,41,54
202305,경기도,포천시,42,54
202305,경기도,포천시,43,53
202305,경기도,포천시,44,67
202305,경기도,포천시,45,66
202305,경기도,포천시,46,65
202305,경기도,포천시,47,83
202305,경기도,포천시,48,72
202305,경기도,포천시,49,97
202305,경기도,포천시,50,90
202305,경기도,포천시,51,85
202305,경기도,포천시,52,103
202305,경기도,포천시,53,118
202305,경기도,포천시,54,123
202305,경기도,포천시,55,116
202305,경기도,포천시,56,129
202305,경기도,포천시,57,120
202305,경기도,포천시,58,141
202305,경기도,포천시,59,129
202305,경기도,포천시,60,143
202305,경기도,포천시,61,142
202305,경기도,포천시,62,178
202305,경기도,포천시,63,189
202305,경기도,포천시,64,159
202305,경기도,포천시,65,214
202305,경기도,포천시,66,199
202305,경기도,포천시,67,172
202305,경기도,포천시,68,189
202305,경기도,포천시,69,158
202305,경기도,포천시,70,155
202305,경기도,포천시,71,148
202305,경기도,포천시,72,141
202305,경기도,포천시,73,152
202305,경기도,포천시,74,158
202305,경기도,포천시,75,153
202305,경기도,포천시,76,138
202305,경기도,포천시,77,108
202305,경기도,포천시,78,122
202305,경기도,포천시,79,140
202305,경기도,포천시,80,154
202305,경기도,포천시,81,151
202305,경기도,포천시,82,132
202305,경기도,포천시,83,121
202305,경기도,포천시,84,129
202305,경기도,포천시,85,97
202305,경기도,포천시,86,100
202305,경기도,포천시,87,71
202305,경기도,포천시,88,77
202305,경기도,포천시,89,48
202305,경기도,포천시,90,36
202305,경기도,포천시,91,28
202305,경기도,포천시,92,22
202305,경기도,포천시,93,21
202305,경기도,포천시,94,19
202305,경기도,포천시,95,10
202305,경기도,포천시,96,11
202305,경기도,포천시,97,7
202305,경기도,포천시,98,4
202305,경기도,포천시,99,4
202305,경기도,포천시,100,1
202305,경기도,포천시,101,2
202305,경기도,포천시,111,1
202305,경기도,여주시,0,7
202305,경기도,여주시,1,8
202305,경기도,여주시,2,17
202305,경기도,여주시,3,19
202305,경기도,여주시,4,21
202305,경기도,여주시,5,20
202305,경기도,여주시,6,37
202305,경기도,여주시,7,43
202305,경기도,여주시,8,47
202305,경기도,여주시,9,57
202305,경기도,여주시,10,79
202305,경기도,여주시,11,68
202305,경기도,여주시,12,77
202305,경기도,여주시,13,78
202305,경기도,여주시,14,86
202305,경기도,여주시,15,91
202305,경기도,여주시,16,85
202305,경기도,여주시,17,74
202305,경기도,여주시,18,58
202305,경기도,여주시,19,55
202305,경기도,여주시,20,64
202305,경기도,여주시,21,51
202305,경기도,여주시,22,54
202305,경기도,여주시,23,32
202305,경기도,여주시,24,36
202305,경기도,여주시,25,24
202305,경기도,여주시,26,18
202305,경기도,여주시,27,20
202305,경기도,여주시,28,17
202305,경기도,여주시,29,17
202305,경기도,여주시,30,17
202305,경기도,여주시,31,12
202305,경기도,여주시,32,17
202305,경기도,여주시,33,11
202305,경기도,여주시,34,21
202305,경기도,여주시,35,18
202305,경기도,여주시,36,30
202305,경기도,여주시,37,25
202305,경기도,여주시,38,23
202305,경기도,여주시,39,27
202305,경기도,여주시,40,46
202305,경기도,여주시,41,38
202305,경기도,여주시,42,46
202305,경기도,여주시,43,54
202305,경기도,여주시,44,44
202305,경기도,여주시,45,47
202305,경기도,여주시,46,50
202305,경기도,여주시,47,55
202305,경기도,여주시,48,62
202305,경기도,여주시,49,76
202305,경기도,여주시,50,95
202305,경기도,여주시,51,78
202305,경기도,여주시,52,57
202305,경기도,여주시,53,68
202305,경기도,여주시,54,82
202305,경기도,여주시,55,69
202305,경기도,여주시,56,76
202305,경기도,여주시,57,89
202305,경기도,여주시,58,87
202305,경기도,여주시,59,84
202305,경기도,여주시,60,116
202305,경기도,여주시,61,105
202305,경기도,여주시,62,152
202305,경기도,여주시,63,92
202305,경기도,여주시,64,109
202305,경기도,여주시,65,116
202305,경기도,여주시,66,130
202305,경기도,여주시,67,131
202305,경기도,여주시,68,131
202305,경기도,여주시,69,122
202305,경기도,여주시,70,112
202305,경기도,여주시,71,107
202305,경기도,여주시,72,65
202305,경기도,여주시,73,79
202305,경기도,여주시,74,86
202305,경기도,여주시,75,91
202305,경기도,여주시,76,99
202305,경기도,여주시,77,86
202305,경기도,여주시,78,107
202305,경기도,여주시,79,96
202305,경기도,여주시,80,94
202305,경기도,여주시,81,128
202305,경기도,여주시,82,101
202305,경기도,여주시,83,100
202305,경기도,여주시,84,107
202305,경기도,여주시,85,65
202305,경기도,여주시,86,76
202305,경기도,여주시,87,73
202305,경기도,여주시,88,51
202305,경기도,여주시,89,39
202305,경기도,여주시,90,29
202305,경기도,여주시,91,25
202305,경기도,여주시,92,30
202305,경기도,여주시,93,19
202305,경기도,여주시,94,16
202305,경기도,여주시,95,9
202305,경기도,여주시,96,10
202305,경기도,여주시,97,7
202305,경기도,여주시,98,3
202305,경기도,여주시,99,4
202305,경기도,여주시,100,3
202305,경기도,여주시,102,2
202305,경기도,여주시,108,1
202305,경기도,연천군,0,1
202305,경기도,연천군,1,2
202305,경기도,연천군,2,4
202305,경기도,연천군,3,8
202305,경기도,연천군,4,9
202305,경기도,연천군,5,6
202305,경기도,연천군,6,8
202305,경기도,연천군,7,27
202305,경기도,연천군,8,12
202305,경기도,연천군,9,21
202305,경기도,연천군,10,22
202305,경기도,연천군,11,19
202305,경기도,연천군,12,24
202305,경기도,연천군,13,29
202305,경기도,연천군,14,26
202305,경기도,연천군,15,35
202305,경기도,연천군,16,25
202305,경기도,연천군,17,32
202305,경기도,연천군,18,22
202305,경기도,연천군,19,16
202305,경기도,연천군,20,17
202305,경기도,연천군,21,12
202305,경기도,연천군,22,14
202305,경기도,연천군,23,12
202305,경기도,연천군,24,6
202305,경기도,연천군,25,6
202305,경기도,연천군,26,4
202305,경기도,연천군,27,3
202305,경기도,연천군,28,3
202305,경기도,연천군,29,7
202305,경기도,연천군,30,8
202305,경기도,연천군,31,5
202305,경기도,연천군,32,7
202305,경기도,연천군,33,6
202305,경기도,연천군,34,4
202305,경기도,연천군,35,9
202305,경기도,연천군,36,7
202305,경기도,연천군,37,9
202305,경기도,연천군,38,9
202305,경기도,연천군,39,7
202305,경기도,연천군,40,7
202305,경기도,연천군,41,15
202305,경기도,연천군,42,17
202305,경기도,연천군,43,15
202305,경기도,연천군,44,12
202305,경기도,연천군,45,19
202305,경기도,연천군,46,15
202305,경기도,연천군,47,7
202305,경기도,연천군,48,27
202305,경기도,연천군,49,16
202305,경기도,연천군,50,25
202305,경기도,연천군,51,18
202305,경기도,연천군,52,26
202305,경기도,연천군,53,36
202305,경기도,연천군,54,34
202305,경기도,연천군,55,32
202305,경기도,연천군,56,28
202305,경기도,연천군,57,41
202305,경기도,연천군,58,41
202305,경기도,연천군,59,30
202305,경기도,연천군,60,54
202305,경기도,연천군,61,36
202305,경기도,연천군,62,48
202305,경기도,연천군,63,66
202305,경기도,연천군,64,56
202305,경기도,연천군,65,56
202305,경기도,연천군,66,59
202305,경기도,연천군,67,58
202305,경기도,연천군,68,73
202305,경기도,연천군,69,63
202305,경기도,연천군,70,62
202305,경기도,연천군,71,54
202305,경기도,연천군,72,55
202305,경기도,연천군,73,51
202305,경기도,연천군,74,46
202305,경기도,연천군,75,65
202305,경기도,연천군,76,69
202305,경기도,연천군,77,32
202305,경기도,연천군,78,45
202305,경기도,연천군,79,61
202305,경기도,연천군,80,64
202305,경기도,연천군,81,74
202305,경기도,연천군,82,59
202305,경기도,연천군,83,71
202305,경기도,연천군,84,43
202305,경기도,연천군,85,54
202305,경기도,연천군,86,54
202305,경기도,연천군,87,46
202305,경기도,연천군,88,37
202305,경기도,연천군,89,30
202305,경기도,연천군,90,23
202305,경기도,연천군,91,16
202305,경기도,연천군,92,11
202305,경기도,연천군,93,11
202305,경기도,연천군,94,7
202305,경기도,연천군,95,3
202305,경기도,연천군,96,7
202305,경기도,연천군,97,3
202305,경기도,연천군,98,3
202305,경기도,연천군,100,2
202305,경기도,가평군,0,2
202305,경기도,가평군,1,3
202305,경기도,가평군,2,2
202305,경기도,가평군,3,5
202305,경기도,가평군,4,6
202305,경기도,가평군,5,10
202305,경기도,가평군,6,18
202305,경기도,가평군,7,20
202305,경기도,가평군,8,24
202305,경기도,가평군,9,24
202305,경기도,가평군,10,31
202305,경기도,가평군,11,46
202305,경기도,가평군,12,31
202305,경기도,가평군,13,27
202305,경기도,가평군,14,43
202305,경기도,가평군,15,47
202305,경기도,가평군,16,31
202305,경기도,가평군,17,52
202305,경기도,가평군,18,43
202305,경기도,가평군,19,23
202305,경기도,가평군,20,24
202305,경기도,가평군,21,22
202305,경기도,가평군,22,32
202305,경기도,가평군,23,14
202305,경기도,가평군,24,11
202305,경기도,가평군,25,11
202305,경기도,가평군,26,13
202305,경기도,가평군,27,4
202305,경기도,가평군,28,5
202305,경기도,가평군,29,2
202305,경기도,가평군,30,8
202305,경기도,가평군,31,1
202305,경기도,가평군,32,5
202305,경기도,가평군,33,4
202305,경기도,가평군,34,10
202305,경기도,가평군,35,9
202305,경기도,가평군,36,14
202305,경기도,가평군,37,13
202305,경기도,가평군,38,6
202305,경기도,가평군,39,18
202305,경기도,가평군,40,21
202305,경기도,가평군,41,21
202305,경기도,가평군,42,16
202305,경기도,가평군,43,16
202305,경기도,가평군,44,24
202305,경기도,가평군,45,29
202305,경기도,가평군,46,25
202305,경기도,가평군,47,30
202305,경기도,가평군,48,34
202305,경기도,가평군,49,35
202305,경기도,가평군,50,28
202305,경기도,가평군,51,32
202305,경기도,가평군,52,50
202305,경기도,가평군,53,58
202305,경기도,가평군,54,44
202305,경기도,가평군,55,44
202305,경기도,가평군,56,33
202305,경기도,가평군,57,38
202305,경기도,가평군,58,49
202305,경기도,가평군,59,49
202305,경기도,가평군,60,52
202305,경기도,가평군,61,52
202305,경기도,가평군,62,70
202305,경기도,가평군,63,66
202305,경기도,가평군,64,54
202305,경기도,가평군,65,74
202305,경기도,가평군,66,75
202305,경기도,가평군,67,82
202305,경기도,가평군,68,88
202305,경기도,가평군,69,80
202305,경기도,가평군,70,83
202305,경기도,가평군,71,61
202305,경기도,가평군,72,66
202305,경기도,가평군,73,60
202305,경기도,가평군,74,58
202305,경기도,가평군,75,58
202305,경기도,가평군,76,69
202305,경기도,가평군,77,66
202305,경기도,가평군,78,71
202305,경기도,가평군,79,68
202305,경기도,가평군,80,82
202305,경기도,가평군,81,80
202305,경기도,가평군,82,72
202305,경기도,가평군,83,67
202305,경기도,가평군,84,55
202305,경기도,가평군,85,46
202305,경기도,가평군,86,62
202305,경기도,가평군,87,39
202305,경기도,가평군,88,48
202305,경기도,가평군,89,23
202305,경기도,가평군,90,22
202305,경기도,가평군,91,25
202305,경기도,가평군,92,12
202305,경기도,가평군,93,12
202305,경기도,가평군,94,10
202305,경기도,가평군,95,12
202305,경기도,가평군,96,1
202305,경기도,가평군,97,3
202305,경기도,가평군,98,4
202305,경기도,가평군,99,2
202305,경기도,가평군,100,4
202305,경기도,가평군,102,1
202305,경기도,가평군,103,1
202305,경기도,양평군,0,3
202305,경기도,양평군,1,8
202305,경기도,양평군,2,7
202305,경기도,양평군,3,8
202305,경기도,양평군,4,14
202305,경기도,양평군,5,12
202305,경기도,양평군,6,29
202305,경기도,양평군,7,35
202305,경기도,양평군,8,37
202305,경기도,양평군,9,40
202305,경기도,양평군,10,51
202305,경기도,양평군,11,62
202305,경기도,양평군,12,60
202305,경기도,양평군,13,68
202305,경기도,양평군,14,72
202305,경기도,양평군,15,67
202305,경기도,양평군,16,68
202305,경기도,양평군,17,68
202305,경기도,양평군,18,63
202305,경기도,양평군,19,39
202305,경기도,양평군,20,44
202305,경기도,양평군,21,26
202305,경기도,양평군,22,33
202305,경기도,양평군,23,25
202305,경기도,양평군,24,16
202305,경기도,양평군,25,20
202305,경기도,양평군,26,17
202305,경기도,양평군,27,16
202305,경기도,양평군,28,5
202305,경기도,양평군,29,14
202305,경기도,양평군,30,11
202305,경기도,양평군,31,13
202305,경기도,양평군,32,15
202305,경기도,양평군,33,10
202305,경기도,양평군,34,22
202305,경기도,양평군,35,18
202305,경기도,양평군,36,18
202305,경기도,양평군,37,19
202305,경기도,양평군,38,22
202305,경기도,양평군,39,20
202305,경기도,양평군,40,35
202305,경기도,양평군,41,35
202305,경기도,양평군,42,34
202305,경기도,양평군,43,37
202305,경기도,양평군,44,38
202305,경기도,양평군,45,42
202305,경기도,양평군,46,49
202305,경기도,양평군,47,40
202305,경기도,양평군,48,50
202305,경기도,양평군,49,45
202305,경기도,양평군,50,50
202305,경기도,양평군,51,58
202305,경기도,양평군,52,44
202305,경기도,양평군,53,51
202305,경기도,양평군,54,62
202305,경기도,양평군,55,48
202305,경기도,양평군,56,69
202305,경기도,양평군,57,71
202305,경기도,양평군,58,69
202305,경기도,양평군,59,65
202305,경기도,양평군,60,91
202305,경기도,양평군,61,83
202305,경기도,양평군,62,101
202305,경기도,양평군,63,96
202305,경기도,양평군,64,96
202305,경기도,양평군,65,132
202305,경기도,양평군,66,109
202305,경기도,양평군,67,136
202305,경기도,양평군,68,130
202305,경기도,양평군,69,101
202305,경기도,양평군,70,106
202305,경기도,양평군,71,110
202305,경기도,양평군,72,89
202305,경기도,양평군,73,72
202305,경기도,양평군,74,77
202305,경기도,양평군,75,74
202305,경기도,양평군,76,86
202305,경기도,양평군,77,65
202305,경기도,양평군,78,82
202305,경기도,양평군,79,75
202305,경기도,양평군,80,86
202305,경기도,양평군,81,87
202305,경기도,양평군,82,79
202305,경기도,양평군,83,95
202305,경기도,양평군,84,60
202305,경기도,양평군,85,76
202305,경기도,양평군,86,69
202305,경기도,양평군,87,73
202305,경기도,양평군,88,44
202305,경기도,양평군,89,46
202305,경기도,양평군,90,49
202305,경기도,양평군,91,36
202305,경기도,양평군,92,26
202305,경기도,양평군,93,23
202305,경기도,양평군,94,13
202305,경기도,양평군,95,14
202305,경기도,양평군,96,10
202305,경기도,양평군,97,5
202305,경기도,양평군,99,3
202305,경기도,양평군,102,1
202305,경기도,양평군,103,1
202305,경기도,양평군,108,1
202305,강원도,춘천시,0,17
202305,강원도,춘천시,1,33
202305,강원도,춘천시,2,39
202305,강원도,춘천시,3,49
202305,강원도,춘천시,4,42
202305,강원도,춘천시,5,58
202305,강원도,춘천시,6,97
202305,강원도,춘천시,7,131
202305,강원도,춘천시,8,126
202305,강원도,춘천시,9,153
202305,강원도,춘천시,10,177
202305,강원도,춘천시,11,184
202305,강원도,춘천시,12,178
202305,강원도,춘천시,13,165
202305,강원도,춘천시,14,188
202305,강원도,춘천시,15,259
202305,강원도,춘천시,16,227
202305,강원도,춘천시,17,225
202305,강원도,춘천시,18,190
202305,강원도,춘천시,19,160
202305,강원도,춘천시,20,146
202305,강원도,춘천시,21,143
202305,강원도,춘천시,22,141
202305,강원도,춘천시,23,142
202305,강원도,춘천시,24,100
202305,강원도,춘천시,25,93
202305,강원도,춘천시,26,67
202305,강원도,춘천시,27,55
202305,강원도,춘천시,28,54
202305,강원도,춘천시,29,45
202305,강원도,춘천시,30,68
202305,강원도,춘천시,31,67
202305,강원도,춘천시,32,62
202305,강원도,춘천시,33,73
202305,강원도,춘천시,34,75
202305,강원도,춘천시,35,69
202305,강원도,춘천시,36,84
202305,강원도,춘천시,37,77
202305,강원도,춘천시,38,94
202305,강원도,춘천시,39,88
202305,강원도,춘천시,40,117
202305,강원도,춘천시,41,145
202305,강원도,춘천시,42,133
202305,강원도,춘천시,43,173
202305,강원도,춘천시,44,158
202305,강원도,춘천시,45,182
202305,강원도,춘천시,46,133
202305,강원도,춘천시,47,178
202305,강원도,춘천시,48,174
202305,강원도,춘천시,49,212
202305,강원도,춘천시,50,198
202305,강원도,춘천시,51,247
202305,강원도,춘천시,52,254
202305,강원도,춘천시,53,220
202305,강원도,춘천시,54,252
202305,강원도,춘천시,55,262
202305,강원도,춘천시,56,236
202305,강원도,춘천시,57,260
202305,강원도,춘천시,58,264
202305,강원도,춘천시,59,270
202305,강원도,춘천시,60,350
202305,강원도,춘천시,61,302
202305,강원도,춘천시,62,372
202305,강원도,춘천시,63,325
202305,강원도,춘천시,64,320
202305,강원도,춘천시,65,351
202305,강원도,춘천시,66,343
202305,강원도,춘천시,67,339
202305,강원도,춘천시,68,326
202305,강원도,춘천시,69,275
202305,강원도,춘천시,70,277
202305,강원도,춘천시,71,250
202305,강원도,춘천시,72,213
202305,강원도,춘천시,73,213
202305,강원도,춘천시,74,244
202305,강원도,춘천시,75,261
202305,강원도,춘천시,76,263
202305,강원도,춘천시,77,220
202305,강원도,춘천시,78,246
202305,강원도,춘천시,79,249
202305,강원도,춘천시,80,291
202305,강원도,춘천시,81,314
202305,강원도,춘천시,82,260
202305,강원도,춘천시,83,264
202305,강원도,춘천시,84,225
202305,강원도,춘천시,85,223
202305,강원도,춘천시,86,183
202305,강원도,춘천시,87,189
202305,강원도,춘천시,88,160
202305,강원도,춘천시,89,132
202305,강원도,춘천시,90,96
202305,강원도,춘천시,91,75
202305,강원도,춘천시,92,53
202305,강원도,춘천시,93,57
202305,강원도,춘천시,94,34
202305,강원도,춘천시,95,32
202305,강원도,춘천시,96,12
202305,강원도,춘천시,97,9
202305,강원도,춘천시,98,4
202305,강원도,춘천시,99,1
202305,강원도,춘천시,100,5
202305,강원도,춘천시,101,4
202305,강원도,춘천시,102,3
202305,강원도,춘천시,103,1
202305,강원도,춘천시,104,1
202305,강원도,춘천시,107,1
202305,강원도,원주시,0,15
202305,강원도,원주시,1,32
202305,강원도,원주시,2,46
202305,강원도,원주시,3,58
202305,강원도,원주시,4,77
202305,강원도,원주시,5,70
202305,강원도,원주시,6,82
202305,강원도,원주시,7,158
202305,강원도,원주시,8,145
202305,강원도,원주시,9,143
202305,강원도,원주시,10,194
202305,강원도,원주시,11,215
202305,강원도,원주시,12,222
202305,강원도,원주시,13,240
202305,강원도,원주시,14,229
202305,강원도,원주시,15,278
202305,강원도,원주시,16,256
202305,강원도,원주시,17,260
202305,강원도,원주시,18,225
202305,강원도,원주시,19,195
202305,강원도,원주시,20,149
202305,강원도,원주시,21,152
202305,강원도,원주시,22,160
202305,강원도,원주시,23,125
202305,강원도,원주시,24,103
202305,강원도,원주시,25,77
202305,강원도,원주시,26,67
202305,강원도,원주시,27,50
202305,강원도,원주시,28,49
202305,강원도,원주시,29,46
202305,강원도,원주시,30,67
202305,강원도,원주시,31,45
202305,강원도,원주시,32,42
202305,강원도,원주시,33,71
202305,강원도,원주시,34,63
202305,강원도,원주시,35,68
202305,강원도,원주시,36,94
202305,강원도,원주시,37,102
202305,강원도,원주시,38,98
202305,강원도,원주시,39,108
202305,강원도,원주시,40,113
202305,강원도,원주시,41,138
202305,강원도,원주시,42,164
202305,강원도,원주시,43,165
202305,강원도,원주시,44,166
202305,강원도,원주시,45,183
202305,강원도,원주시,46,182
202305,강원도,원주시,47,212
202305,강원도,원주시,48,168
202305,강원도,원주시,49,229
202305,강원도,원주시,50,216
202305,강원도,원주시,51,226
202305,강원도,원주시,52,228
202305,강원도,원주시,53,238
202305,강원도,원주시,54,268
202305,강원도,원주시,55,241
202305,강원도,원주시,56,243
202305,강원도,원주시,57,277
202305,강원도,원주시,58,267
202305,강원도,원주시,59,251
202305,강원도,원주시,60,305
202305,강원도,원주시,61,298
202305,강원도,원주시,62,358
202305,강원도,원주시,63,346
202305,강원도,원주시,64,297
202305,강원도,원주시,65,367
202305,강원도,원주시,66,383
202305,강원도,원주시,67,342
202305,강원도,원주시,68,370
202305,강원도,원주시,69,289
202305,강원도,원주시,70,270
202305,강원도,원주시,71,306
202305,강원도,원주시,72,236
202305,강원도,원주시,73,227
202305,강원도,원주시,74,220
202305,강원도,원주시,75,246
202305,강원도,원주시,76,245
202305,강원도,원주시,77,201
202305,강원도,원주시,78,234
202305,강원도,원주시,79,224
202305,강원도,원주시,80,275
202305,강원도,원주시,81,305
202305,강원도,원주시,82,252
202305,강원도,원주시,83,265
202305,강원도,원주시,84,228
202305,강원도,원주시,85,244
202305,강원도,원주시,86,199
202305,강원도,원주시,87,166
202305,강원도,원주시,88,177
202305,강원도,원주시,89,126
202305,강원도,원주시,90,102
202305,강원도,원주시,91,88
202305,강원도,원주시,92,64
202305,강원도,원주시,93,49
202305,강원도,원주시,94,49
202305,강원도,원주시,95,29
202305,강원도,원주시,96,29
202305,강원도,원주시,97,16
202305,강원도,원주시,98,8
202305,강원도,원주시,99,9
202305,강원도,원주시,100,5
202305,강원도,원주시,101,2
202305,강원도,원주시,103,1
202305,강원도,원주시,104,1
202305,강원도,강릉시,0,11
202305,강원도,강릉시,1,24
202305,강원도,강릉시,2,18
202305,강원도,강릉시,3,29
202305,강원도,강릉시,4,46
202305,강원도,강릉시,5,43
202305,강원도,강릉시,6,63
202305,강원도,강릉시,7,76
202305,강원도,강릉시,8,104
202305,강원도,강릉시,9,89
202305,강원도,강릉시,10,116
202305,강원도,강릉시,11,133
202305,강원도,강릉시,12,132
202305,강원도,강릉시,13,126
202305,강원도,강릉시,14,142
202305,강원도,강릉시,15,147
202305,강원도,강릉시,16,149
202305,강원도,강릉시,17,141
202305,강원도,강릉시,18,125
202305,강원도,강릉시,19,116
202305,강원도,강릉시,20,102
202305,강원도,강릉시,21,97
202305,강원도,강릉시,22,93
202305,강원도,강릉시,23,86
202305,강원도,강릉시,24,80
202305,강원도,강릉시,25,53
202305,강원도,강릉시,26,52
202305,강원도,강릉시,27,43
202305,강원도,강릉시,28,40
202305,강원도,강릉시,29,36
202305,강원도,강릉시,30,26
202305,강원도,강릉시,31,33
202305,강원도,강릉시,32,35
202305,강원도,강릉시,33,31
202305,강원도,강릉시,34,41
202305,강원도,강릉시,35,42
202305,강원도,강릉시,36,40
202305,강원도,강릉시,37,55
202305,강원도,강릉시,38,53
202305,강원도,강릉시,39,82
202305,강원도,강릉시,40,80
202305,강원도,강릉시,41,103
202305,강원도,강릉시,42,83
202305,강원도,강릉시,43,91
202305,강원도,강릉시,44,104
202305,강원도,강릉시,45,107
202305,강원도,강릉시,46,112
202305,강원도,강릉시,47,123
202305,강원도,강릉시,48,137
202305,강원도,강릉시,49,160
202305,강원도,강릉시,50,151
202305,강원도,강릉시,51,163
202305,강원도,강릉시,52,171
202305,강원도,강릉시,53,181
202305,강원도,강릉시,54,170
202305,강원도,강릉시,55,162
202305,강원도,강릉시,56,173
202305,강원도,강릉시,57,171
202305,강원도,강릉시,58,175
202305,강원도,강릉시,59,160
202305,강원도,강릉시,60,243
202305,강원도,강릉시,61,225
202305,강원도,강릉시,62,276
202305,강원도,강릉시,63,241
202305,강원도,강릉시,64,237
202305,강원도,강릉시,65,260
202305,강원도,강릉시,66,244
202305,강원도,강릉시,67,230
202305,강원도,강릉시,68,291
202305,강원도,강릉시,69,222
202305,강원도,강릉시,70,233
202305,강원도,강릉시,71,217
202305,강원도,강릉시,72,188
202305,강원도,강릉시,73,206
202305,강원도,강릉시,74,180
202305,강원도,강릉시,75,225
202305,강원도,강릉시,76,220
202305,강원도,강릉시,77,146
202305,강원도,강릉시,78,214
202305,강원도,강릉시,79,212
202305,강원도,강릉시,80,216
202305,강원도,강릉시,81,222
202305,강원도,강릉시,82,186
202305,강원도,강릉시,83,209
202305,강원도,강릉시,84,189
202305,강원도,강릉시,85,144
202305,강원도,강릉시,86,133
202305,강원도,강릉시,87,112
202305,강원도,강릉시,88,93
202305,강원도,강릉시,89,95
202305,강원도,강릉시,90,65
202305,강원도,강릉시,91,57
202305,강원도,강릉시,92,54
202305,강원도,강릉시,93,42
202305,강원도,강릉시,94,25
202305,강원도,강릉시,95,28
202305,강원도,강릉시,96,19
202305,강원도,강릉시,97,15
202305,강원도,강릉시,98,6
202305,강원도,강릉시,99,8
202305,강원도,강릉시,100,5
202305,강원도,강릉시,101,2
202305,강원도,강릉시,102,2
202305,강원도,강릉시,103,1
202305,강원도,강릉시,106,1
202305,강원도,강릉시,107,1
202305,강원도,동해시,0,5
202305,강원도,동해시,1,9
202305,강원도,동해시,2,10
202305,강원도,동해시,3,17
202305,강원도,동해시,4,17
202305,강원도,동해시,5,24
202305,강원도,동해시,6,35
202305,강원도,동해시,7,43
202305,강원도,동해시,8,53
202305,강원도,동해시,9,46
202305,강원도,동해시,10,53
202305,강원도,동해시,11,66
202305,강원도,동해시,12,62
202305,강원도,동해시,13,64
202305,강원도,동해시,14,59
202305,강원도,동해시,15,53
202305,강원도,동해시,16,56
202305,강원도,동해시,17,64
202305,강원도,동해시,18,63
202305,강원도,동해시,19,47
202305,강원도,동해시,20,33
202305,강원도,동해시,21,35
202305,강원도,동해시,22,27
202305,강원도,동해시,23,25
202305,강원도,동해시,24,27
202305,강원도,동해시,25,18
202305,강원도,동해시,26,15
202305,강원도,동해시,27,15
202305,강원도,동해시,28,17
202305,강원도,동해시,29,12
202305,강원도,동해시,30,18
202305,강원도,동해시,31,17
202305,강원도,동해시,32,10
202305,강원도,동해시,33,11
202305,강원도,동해시,34,12
202305,강원도,동해시,35,16
202305,강원도,동해시,36,17
202305,강원도,동해시,37,22
202305,강원도,동해시,38,26
202305,강원도,동해시,39,26
202305,강원도,동해시,40,37
202305,강원도,동해시,41,37
202305,강원도,동해시,42,47
202305,강원도,동해시,43,44
202305,강원도,동해시,44,45
202305,강원도,동해시,45,53
202305,강원도,동해시,46,59
202305,강원도,동해시,47,48
202305,강원도,동해시,48,48
202305,강원도,동해시,49,66
202305,강원도,동해시,50,66
202305,강원도,동해시,51,60
202305,강원도,동해시,52,54
202305,강원도,동해시,53,73
202305,강원도,동해시,54,76
202305,강원도,동해시,55,69
202305,강원도,동해시,56,70
202305,강원도,동해시,57,71
202305,강원도,동해시,58,80
202305,강원도,동해시,59,72
202305,강원도,동해시,60,100
202305,강원도,동해시,61,94
202305,강원도,동해시,62,119
202305,강원도,동해시,63,103
202305,강원도,동해시,64,108
202305,강원도,동해시,65,101
202305,강원도,동해시,66,132
202305,강원도,동해시,67,100
202305,강원도,동해시,68,132
202305,강원도,동해시,69,103
202305,강원도,동해시,70,113
202305,강원도,동해시,71,91
202305,강원도,동해시,72,72
202305,강원도,동해시,73,103
202305,강원도,동해시,74,104
202305,강원도,동해시,75,95
202305,강원도,동해시,76,106
202305,강원도,동해시,77,82
202305,강원도,동해시,78,111
202305,강원도,동해시,79,122
202305,강원도,동해시,80,114
202305,강원도,동해시,81,107
202305,강원도,동해시,82,102
202305,강원도,동해시,83,87
202305,강원도,동해시,84,94
202305,강원도,동해시,85,79
202305,강원도,동해시,86,75
202305,강원도,동해시,87,77
202305,강원도,동해시,88,57
202305,강원도,동해시,89,54
202305,강원도,동해시,90,29
202305,강원도,동해시,91,36
202305,강원도,동해시,92,25
202305,강원도,동해시,93,18
202305,강원도,동해시,94,14
202305,강원도,동해시,95,9
202305,강원도,동해시,96,6
202305,강원도,동해시,97,4
202305,강원도,동해시,98,1
202305,강원도,동해시,99,2
202305,강원도,동해시,100,2
202305,강원도,동해시,101,3
202305,강원도,태백시,0,1
202305,강원도,태백시,1,3
202305,강원도,태백시,2,2
202305,강원도,태백시,3,8
202305,강원도,태백시,4,5
202305,강원도,태백시,5,5
202305,강원도,태백시,6,6
202305,강원도,태백시,7,16
202305,강원도,태백시,8,20
202305,강원도,태백시,9,21
202305,강원도,태백시,10,28
202305,강원도,태백시,11,33
202305,강원도,태백시,12,39
202305,강원도,태백시,13,34
202305,강원도,태백시,14,35
202305,강원도,태백시,15,28
202305,강원도,태백시,16,37
202305,강원도,태백시,17,39
202305,강원도,태백시,18,34
202305,강원도,태백시,19,22
202305,강원도,태백시,20,19
202305,강원도,태백시,21,19
202305,강원도,태백시,22,20
202305,강원도,태백시,23,13
202305,강원도,태백시,24,16
202305,강원도,태백시,25,4
202305,강원도,태백시,26,6
202305,강원도,태백시,27,5
202305,강원도,태백시,28,5
202305,강원도,태백시,29,3
202305,강원도,태백시,30,7
202305,강원도,태백시,31,6
202305,강원도,태백시,32,3
202305,강원도,태백시,33,13
202305,강원도,태백시,34,5
202305,강원도,태백시,35,5
202305,강원도,태백시,36,5
202305,강원도,태백시,37,8
202305,강원도,태백시,38,18
202305,강원도,태백시,39,19
202305,강원도,태백시,40,17
202305,강원도,태백시,41,20
202305,강원도,태백시,42,16
202305,강원도,태백시,43,23
202305,강원도,태백시,44,18
202305,강원도,태백시,45,30
202305,강원도,태백시,46,16
202305,강원도,태백시,47,23
202305,강원도,태백시,48,32
202305,강원도,태백시,49,24
202305,강원도,태백시,50,38
202305,강원도,태백시,51,30
202305,강원도,태백시,52,41
202305,강원도,태백시,53,41
202305,강원도,태백시,54,44
202305,강원도,태백시,55,35
202305,강원도,태백시,56,39
202305,강원도,태백시,57,33
202305,강원도,태백시,58,33
202305,강원도,태백시,59,36
202305,강원도,태백시,60,37
202305,강원도,태백시,61,44
202305,강원도,태백시,62,51
202305,강원도,태백시,63,57
202305,강원도,태백시,64,46
202305,강원도,태백시,65,54
202305,강원도,태백시,66,54
202305,강원도,태백시,67,51
202305,강원도,태백시,68,70
202305,강원도,태백시,69,58
202305,강원도,태백시,70,53
202305,강원도,태백시,71,59
202305,강원도,태백시,72,47
202305,강원도,태백시,73,61
202305,강원도,태백시,74,40
202305,강원도,태백시,75,58
202305,강원도,태백시,76,38
202305,강원도,태백시,77,45
202305,강원도,태백시,78,56
202305,강원도,태백시,79,57
202305,강원도,태백시,80,58
202305,강원도,태백시,81,53
202305,강원도,태백시,82,51
202305,강원도,태백시,83,56
202305,강원도,태백시,84,48
202305,강원도,태백시,85,46
202305,강원도,태백시,86,39
202305,강원도,태백시,87,27
202305,강원도,태백시,88,24
202305,강원도,태백시,89,28
202305,강원도,태백시,90,10
202305,강원도,태백시,91,9
202305,강원도,태백시,92,4
202305,강원도,태백시,93,4
202305,강원도,태백시,94,3
202305,강원도,태백시,95,5
202305,강원도,태백시,96,1
202305,강원도,태백시,97,3
202305,강원도,태백시,98,2
202305,강원도,태백시,99,1
202305,강원도,태백시,101,1
202305,강원도,속초시,0,7
202305,강원도,속초시,1,9
202305,강원도,속초시,2,16
202305,강원도,속초시,3,6
202305,강원도,속초시,4,21
202305,강원도,속초시,5,12
202305,강원도,속초시,6,21
202305,강원도,속초시,7,32
202305,강원도,속초시,8,55
202305,강원도,속초시,9,47
202305,강원도,속초시,10,56
202305,강원도,속초시,11,62
202305,강원도,속초시,12,49
202305,강원도,속초시,13,65
202305,강원도,속초시,14,58
202305,강원도,속초시,15,72
202305,강원도,속초시,16,59
202305,강원도,속초시,17,55
202305,강원도,속초시,18,57
202305,강원도,속초시,19,49
202305,강원도,속초시,20,40
202305,강원도,속초시,21,32
202305,강원도,속초시,22,40
202305,강원도,속초시,23,19
202305,강원도,속초시,24,26
202305,강원도,속초시,25,19
202305,강원도,속초시,26,23
202305,강원도,속초시,27,13
202305,강원도,속초시,28,8
202305,강원도,속초시,29,12
202305,강원도,속초시,30,16
202305,강원도,속초시,31,16
202305,강원도,속초시,32,17
202305,강원도,속초시,33,17
202305,강원도,속초시,34,18
202305,강원도,속초시,35,17
202305,강원도,속초시,36,21
202305,강원도,속초시,37,17
202305,강원도,속초시,38,25
202305,강원도,속초시,39,23
202305,강원도,속초시,40,34
202305,강원도,속초시,41,41
202305,강원도,속초시,42,48
202305,강원도,속초시,43,50
202305,강원도,속초시,44,42
202305,강원도,속초시,45,52
202305,강원도,속초시,46,37
202305,강원도,속초시,47,55
202305,강원도,속초시,48,51
202305,강원도,속초시,49,62
202305,강원도,속초시,50,79
202305,강원도,속초시,51,55
202305,강원도,속초시,52,81
202305,강원도,속초시,53,74
202305,강원도,속초시,54,99
202305,강원도,속초시,55,71
202305,강원도,속초시,56,68
202305,강원도,속초시,57,82
202305,강원도,속초시,58,93
202305,강원도,속초시,59,88
202305,강원도,속초시,60,99
202305,강원도,속초시,61,88
202305,강원도,속초시,62,130
202305,강원도,속초시,63,124
202305,강원도,속초시,64,121
202305,강원도,속초시,65,131
202305,강원도,속초시,66,127
202305,강원도,속초시,67,121
202305,강원도,속초시,68,152
202305,강원도,속초시,69,102
202305,강원도,속초시,70,91
202305,강원도,속초시,71,96
202305,강원도,속초시,72,90
202305,강원도,속초시,73,87
202305,강원도,속초시,74,88
202305,강원도,속초시,75,97
202305,강원도,속초시,76,112
202305,강원도,속초시,77,90
202305,강원도,속초시,78,102
202305,강원도,속초시,79,93
202305,강원도,속초시,80,109
202305,강원도,속초시,81,110
202305,강원도,속초시,82,116
202305,강원도,속초시,83,98
202305,강원도,속초시,84,79
202305,강원도,속초시,85,72
202305,강원도,속초시,86,73
202305,강원도,속초시,87,53
202305,강원도,속초시,88,40
202305,강원도,속초시,89,43
202305,강원도,속초시,90,25
202305,강원도,속초시,91,19
202305,강원도,속초시,92,17
202305,강원도,속초시,93,25
202305,강원도,속초시,94,28
202305,강원도,속초시,95,4
202305,강원도,속초시,96,11
202305,강원도,속초시,97,4
202305,강원도,속초시,98,4
202305,강원도,속초시,99,2
202305,강원도,속초시,102,1
202305,강원도,속초시,103,1
202305,강원도,삼척시,0,4
202305,강원도,삼척시,1,4
202305,강원도,삼척시,2,4
202305,강원도,삼척시,3,8
202305,강원도,삼척시,4,10
202305,강원도,삼척시,5,11
202305,강원도,삼척시,6,17
202305,강원도,삼척시,7,18
202305,강원도,삼척시,8,22
202305,강원도,삼척시,9,29
202305,강원도,삼척시,10,24
202305,강원도,삼척시,11,40
202305,강원도,삼척시,12,38
202305,강원도,삼척시,13,25
202305,강원도,삼척시,14,43
202305,강원도,삼척시,15,39
202305,강원도,삼척시,16,51
202305,강원도,삼척시,17,38
202305,강원도,삼척시,18,33
202305,강원도,삼척시,19,23
202305,강원도,삼척시,20,29
202305,강원도,삼척시,21,26
202305,강원도,삼척시,22,18
202305,강원도,삼척시,23,17
202305,강원도,삼척시,24,15
202305,강원도,삼척시,25,11
202305,강원도,삼척시,26,14
202305,강원도,삼척시,27,10
202305,강원도,삼척시,28,13
202305,강원도,삼척시,29,5
202305,강원도,삼척시,30,6
202305,강원도,삼척시,31,10
202305,강원도,삼척시,32,9
202305,강원도,삼척시,33,4
202305,강원도,삼척시,34,5
202305,강원도,삼척시,35,11
202305,강원도,삼척시,36,10
202305,강원도,삼척시,37,14
202305,강원도,삼척시,38,19
202305,강원도,삼척시,39,17
202305,강원도,삼척시,40,14
202305,강원도,삼척시,41,26
202305,강원도,삼척시,42,37
202305,강원도,삼척시,43,32
202305,강원도,삼척시,44,40
202305,강원도,삼척시,45,28
202305,강원도,삼척시,46,30
202305,강원도,삼척시,47,36
202305,강원도,삼척시,48,46
202305,강원도,삼척시,49,45
202305,강원도,삼척시,50,38
202305,강원도,삼척시,51,43
202305,강원도,삼척시,52,48
202305,강원도,삼척시,53,52
202305,강원도,삼척시,54,53
202305,강원도,삼척시,55,67
202305,강원도,삼척시,56,56
202305,강원도,삼척시,57,73
202305,강원도,삼척시,58,64
202305,강원도,삼척시,59,60
202305,강원도,삼척시,60,67
202305,강원도,삼척시,61,76
202305,강원도,삼척시,62,105
202305,강원도,삼척시,63,106
202305,강원도,삼척시,64,65
202305,강원도,삼척시,65,64
202305,강원도,삼척시,66,115
202305,강원도,삼척시,67,84
202305,강원도,삼척시,68,89
202305,강원도,삼척시,69,59
202305,강원도,삼척시,70,57
202305,강원도,삼척시,71,81
202305,강원도,삼척시,72,54
202305,강원도,삼척시,73,76
202305,강원도,삼척시,74,57
202305,강원도,삼척시,75,62
202305,강원도,삼척시,76,72
202305,강원도,삼척시,77,45
202305,강원도,삼척시,78,52
202305,강원도,삼척시,79,68
202305,강원도,삼척시,80,108
202305,강원도,삼척시,81,84
202305,강원도,삼척시,82,87
202305,강원도,삼척시,83,70
202305,강원도,삼척시,84,74
202305,강원도,삼척시,85,73
202305,강원도,삼척시,86,66
202305,강원도,삼척시,87,52
202305,강원도,삼척시,88,59
202305,강원도,삼척시,89,49
202305,강원도,삼척시,90,46
202305,강원도,삼척시,91,45
202305,강원도,삼척시,92,29
202305,강원도,삼척시,93,15
202305,강원도,삼척시,94,14
202305,강원도,삼척시,95,12
202305,강원도,삼척시,96,7
202305,강원도,삼척시,97,4
202305,강원도,삼척시,98,4
202305,강원도,삼척시,99,1
202305,강원도,삼척시,100,3
202305,강원도,삼척시,101,2
202305,강원도,홍천군,0,2
202305,강원도,홍천군,1,4
202305,강원도,홍천군,2,6
202305,강원도,홍천군,3,4
202305,강원도,홍천군,4,5
202305,강원도,홍천군,5,8
202305,강원도,홍천군,6,11
202305,강원도,홍천군,7,19
202305,강원도,홍천군,8,20
202305,강원도,홍천군,9,15
202305,강원도,홍천군,10,19
202305,강원도,홍천군,11,20
202305,강원도,홍천군,12,23
202305,강원도,홍천군,13,26
202305,강원도,홍천군,14,30
202305,강원도,홍천군,15,29
202305,강원도,홍천군,16,34
202305,강원도,홍천군,17,31
202305,강원도,홍천군,18,24
202305,강원도,홍천군,19,15
202305,강원도,홍천군,20,22
202305,강원도,홍천군,21,18
202305,강원도,홍천군,22,19
202305,강원도,홍천군,23,11
202305,강원도,홍천군,24,12
202305,강원도,홍천군,25,8
202305,강원도,홍천군,26,5
202305,강원도,홍천군,27,12
202305,강원도,홍천군,28,3
202305,강원도,홍천군,29,5
202305,강원도,홍천군,30,5
202305,강원도,홍천군,31,6
202305,강원도,홍천군,32,7
202305,강원도,홍천군,33,8
202305,강원도,홍천군,34,13
202305,강원도,홍천군,35,3
202305,강원도,홍천군,36,4
202305,강원도,홍천군,37,14
202305,강원도,홍천군,38,12
202305,강원도,홍천군,39,14
202305,강원도,홍천군,40,17
202305,강원도,홍천군,41,20
202305,강원도,홍천군,42,15
202305,강원도,홍천군,43,20
202305,강원도,홍천군,44,19
202305,강원도,홍천군,45,17
202305,강원도,홍천군,46,16
202305,강원도,홍천군,47,16
202305,강원도,홍천군,48,24
202305,강원도,홍천군,49,23
202305,강원도,홍천군,50,25
202305,강원도,홍천군,51,32
202305,강원도,홍천군,52,36
202305,강원도,홍천군,53,35
202305,강원도,홍천군,54,40
202305,강원도,홍천군,55,47
202305,강원도,홍천군,56,48
202305,강원도,홍천군,57,37
202305,강원도,홍천군,58,40
202305,강원도,홍천군,59,35
202305,강원도,홍천군,60,51
202305,강원도,홍천군,61,59
202305,강원도,홍천군,62,67
202305,강원도,홍천군,63,59
202305,강원도,홍천군,64,61
202305,강원도,홍천군,65,74
202305,강원도,홍천군,66,58
202305,강원도,홍천군,67,65
202305,강원도,홍천군,68,56
202305,강원도,홍천군,69,59
202305,강원도,홍천군,70,55
202305,강원도,홍천군,71,59
202305,강원도,홍천군,72,47
202305,강원도,홍천군,73,46
202305,강원도,홍천군,74,53
202305,강원도,홍천군,75,51
202305,강원도,홍천군,76,54
202305,강원도,홍천군,77,37
202305,강원도,홍천군,78,45
202305,강원도,홍천군,79,55
202305,강원도,홍천군,80,51
202305,강원도,홍천군,81,63
202305,강원도,홍천군,82,55
202305,강원도,홍천군,83,50
202305,강원도,홍천군,84,51
202305,강원도,홍천군,85,58
202305,강원도,홍천군,86,41
202305,강원도,홍천군,87,38
202305,강원도,홍천군,88,46
202305,강원도,홍천군,89,25
202305,강원도,홍천군,90,26
202305,강원도,홍천군,91,18
202305,강원도,홍천군,92,25
202305,강원도,홍천군,93,18
202305,강원도,홍천군,94,7
202305,강원도,홍천군,95,8
202305,강원도,홍천군,96,6
202305,강원도,홍천군,97,3
202305,강원도,홍천군,98,5
202305,강원도,홍천군,99,1
202305,강원도,홍천군,100,1
202305,강원도,홍천군,101,2
202305,강원도,횡성군,0,3
202305,강원도,횡성군,1,2
202305,강원도,횡성군,2,5
202305,강원도,횡성군,3,6
202305,강원도,횡성군,4,4
202305,강원도,횡성군,5,9
202305,강원도,횡성군,6,12
202305,강원도,횡성군,7,15
202305,강원도,횡성군,8,12
202305,강원도,횡성군,9,13
202305,강원도,횡성군,10,18
202305,강원도,횡성군,11,10
202305,강원도,횡성군,12,16
202305,강원도,횡성군,13,20
202305,강원도,횡성군,14,24
202305,강원도,횡성군,15,26
202305,강원도,횡성군,16,19
202305,강원도,횡성군,17,22
202305,강원도,횡성군,18,24
202305,강원도,횡성군,19,12
202305,강원도,횡성군,20,12
202305,강원도,횡성군,21,9
202305,강원도,횡성군,22,14
202305,강원도,횡성군,23,14
202305,강원도,횡성군,24,9
202305,강원도,횡성군,25,7
202305,강원도,횡성군,26,2
202305,강원도,횡성군,27,5
202305,강원도,횡성군,28,2
202305,강원도,횡성군,29,6
202305,강원도,횡성군,30,5
202305,강원도,횡성군,31,7
202305,강원도,횡성군,32,2
202305,강원도,횡성군,33,7
202305,강원도,횡성군,34,5
202305,강원도,횡성군,35,5
202305,강원도,횡성군,36,2
202305,강원도,횡성군,37,6
202305,강원도,횡성군,38,9
202305,강원도,횡성군,39,6
202305,강원도,횡성군,40,12
202305,강원도,횡성군,41,18
202305,강원도,횡성군,42,12
202305,강원도,횡성군,43,16
202305,강원도,횡성군,44,7
202305,강원도,횡성군,45,10
202305,강원도,횡성군,46,13
202305,강원도,횡성군,47,18
202305,강원도,횡성군,48,14
202305,강원도,횡성군,49,19
202305,강원도,횡성군,50,19
202305,강원도,횡성군,51,21
202305,강원도,횡성군,52,26
202305,강원도,횡성군,53,32
202305,강원도,횡성군,54,35
202305,강원도,횡성군,55,25
202305,강원도,횡성군,56,38
202305,강원도,횡성군,57,29
202305,강원도,횡성군,58,39
202305,강원도,횡성군,59,22
202305,강원도,횡성군,60,36
202305,강원도,횡성군,61,29
202305,강원도,횡성군,62,32
202305,강원도,횡성군,63,49
202305,강원도,횡성군,64,29
202305,강원도,횡성군,65,33
202305,강원도,횡성군,66,41
202305,강원도,횡성군,67,47
202305,강원도,횡성군,68,43
202305,강원도,횡성군,69,39
202305,강원도,횡성군,70,38
202305,강원도,횡성군,71,33
202305,강원도,횡성군,72,33
202305,강원도,횡성군,73,35
202305,강원도,횡성군,74,29
202305,강원도,횡성군,75,47
202305,강원도,횡성군,76,41
202305,강원도,횡성군,77,31
202305,강원도,횡성군,78,32
202305,강원도,횡성군,79,35
202305,강원도,횡성군,80,43
202305,강원도,횡성군,81,37
202305,강원도,횡성군,82,35
202305,강원도,횡성군,83,40
202305,강원도,횡성군,84,36
202305,강원도,횡성군,85,31
202305,강원도,횡성군,86,31
202305,강원도,횡성군,87,18
202305,강원도,횡성군,88,33
202305,강원도,횡성군,89,20
202305,강원도,횡성군,90,11
202305,강원도,횡성군,91,9
202305,강원도,횡성군,92,8
202305,강원도,횡성군,93,7
202305,강원도,횡성군,94,6
202305,강원도,횡성군,95,4
202305,강원도,횡성군,96,1
202305,강원도,횡성군,97,4
202305,강원도,횡성군,98,3
202305,강원도,횡성군,100,1
202305,강원도,횡성군,101,1
202305,강원도,영월군,0,2
202305,강원도,영월군,2,1
202305,강원도,영월군,3,4
202305,강원도,영월군,4,2
202305,강원도,영월군,5,7
202305,강원도,영월군,6,3
202305,강원도,영월군,7,13
202305,강원도,영월군,8,9
202305,강원도,영월군,9,14
202305,강원도,영월군,10,10
202305,강원도,영월군,11,23
202305,강원도,영월군,12,17
202305,강원도,영월군,13,14
202305,강원도,영월군,14,24
202305,강원도,영월군,15,38
202305,강원도,영월군,16,29
202305,강원도,영월군,17,25
202305,강원도,영월군,18,23
202305,강원도,영월군,19,21
202305,강원도,영월군,20,17
202305,강원도,영월군,21,13
202305,강원도,영월군,22,8
202305,강원도,영월군,23,11
202305,강원도,영월군,24,12
202305,강원도,영월군,25,5
202305,강원도,영월군,26,6
202305,강원도,영월군,27,4
202305,강원도,영월군,28,7
202305,강원도,영월군,30,5
202305,강원도,영월군,31,3
202305,강원도,영월군,32,2
202305,강원도,영월군,33,7
202305,강원도,영월군,34,4
202305,강원도,영월군,35,6
202305,강원도,영월군,36,7
202305,강원도,영월군,37,5
202305,강원도,영월군,38,4
202305,강원도,영월군,39,7
202305,강원도,영월군,40,9
202305,강원도,영월군,41,8
202305,강원도,영월군,42,8
202305,강원도,영월군,43,7
202305,강원도,영월군,44,10
202305,강원도,영월군,45,12
202305,강원도,영월군,46,9
202305,강원도,영월군,47,20
202305,강원도,영월군,48,16
202305,강원도,영월군,49,21
202305,강원도,영월군,50,17
202305,강원도,영월군,51,22
202305,강원도,영월군,52,24
202305,강원도,영월군,53,11
202305,강원도,영월군,54,30
202305,강원도,영월군,55,29
202305,강원도,영월군,56,17
202305,강원도,영월군,57,36
202305,강원도,영월군,58,24
202305,강원도,영월군,59,28
202305,강원도,영월군,60,32
202305,강원도,영월군,61,32
202305,강원도,영월군,62,34
202305,강원도,영월군,63,32
202305,강원도,영월군,64,33
202305,강원도,영월군,65,33
202305,강원도,영월군,66,32
202305,강원도,영월군,67,33
202305,강원도,영월군,68,58
202305,강원도,영월군,69,33
202305,강원도,영월군,70,29
202305,강원도,영월군,71,32
202305,강원도,영월군,72,33
202305,강원도,영월군,73,30
202305,강원도,영월군,74,28
202305,강원도,영월군,75,31
202305,강원도,영월군,76,32
202305,강원도,영월군,77,28
202305,강원도,영월군,78,40
202305,강원도,영월군,79,31
202305,강원도,영월군,80,23
202305,강원도,영월군,81,54
202305,강원도,영월군,82,37
202305,강원도,영월군,83,31
202305,강원도,영월군,84,41
202305,강원도,영월군,85,35
202305,강원도,영월군,86,31
202305,강원도,영월군,87,20
202305,강원도,영월군,88,22
202305,강원도,영월군,89,25
202305,강원도,영월군,90,19
202305,강원도,영월군,91,17
202305,강원도,영월군,92,6
202305,강원도,영월군,93,10
202305,강원도,영월군,94,5
202305,강원도,영월군,96,4
202305,강원도,영월군,97,1
202305,강원도,영월군,98,3
202305,강원도,영월군,99,2
202305,강원도,영월군,100,1
202305,강원도,평창군,0,1
202305,강원도,평창군,1,1
202305,강원도,평창군,2,5
202305,강원도,평창군,3,2
202305,강원도,평창군,4,1
202305,강원도,평창군,5,5
202305,강원도,평창군,6,6
202305,강원도,평창군,7,6
202305,강원도,평창군,8,6
202305,강원도,평창군,9,8
202305,강원도,평창군,10,9
202305,강원도,평창군,11,11
202305,강원도,평창군,12,12
202305,강원도,평창군,13,10
202305,강원도,평창군,14,9
202305,강원도,평창군,15,9
202305,강원도,평창군,16,16
202305,강원도,평창군,17,18
202305,강원도,평창군,18,14
202305,강원도,평창군,19,14
202305,강원도,평창군,20,8
202305,강원도,평창군,21,16
202305,강원도,평창군,22,8
202305,강원도,평창군,23,7
202305,강원도,평창군,24,8
202305,강원도,평창군,25,1
202305,강원도,평창군,27,3
202305,강원도,평창군,28,4
202305,강원도,평창군,29,3
202305,강원도,평창군,30,2
202305,강원도,평창군,31,2
202305,강원도,평창군,32,3
202305,강원도,평창군,33,2
202305,강원도,평창군,34,5
202305,강원도,평창군,35,1
202305,강원도,평창군,36,6
202305,강원도,평창군,37,3
202305,강원도,평창군,38,5
202305,강원도,평창군,39,6
202305,강원도,평창군,40,7
202305,강원도,평창군,41,10
202305,강원도,평창군,42,10
202305,강원도,평창군,43,6
202305,강원도,평창군,44,8
202305,강원도,평창군,45,8
202305,강원도,평창군,46,7
202305,강원도,평창군,47,10
202305,강원도,평창군,48,7
202305,강원도,평창군,49,17
202305,강원도,평창군,50,18
202305,강원도,평창군,51,13
202305,강원도,평창군,52,17
202305,강원도,평창군,53,25
202305,강원도,평창군,54,22
202305,강원도,평창군,55,15
202305,강원도,평창군,56,21
202305,강원도,평창군,57,21
202305,강원도,평창군,58,16
202305,강원도,평창군,59,17
202305,강원도,평창군,60,23
202305,강원도,평창군,61,27
202305,강원도,평창군,62,34
202305,강원도,평창군,63,32
202305,강원도,평창군,64,23
202305,강원도,평창군,65,32
202305,강원도,평창군,66,28
202305,강원도,평창군,67,32
202305,강원도,평창군,68,29
202305,강원도,평창군,69,21
202305,강원도,평창군,70,29
202305,강원도,평창군,71,30
202305,강원도,평창군,72,27
202305,강원도,평창군,73,20
202305,강원도,평창군,74,28
202305,강원도,평창군,75,28
202305,강원도,평창군,76,25
202305,강원도,평창군,77,19
202305,강원도,평창군,78,42
202305,강원도,평창군,79,28
202305,강원도,평창군,80,30
202305,강원도,평창군,81,30
202305,강원도,평창군,82,41
202305,강원도,평창군,83,27
202305,강원도,평창군,84,34
202305,강원도,평창군,85,39
202305,강원도,평창군,86,24
202305,강원도,평창군,87,18
202305,강원도,평창군,88,19
202305,강원도,평창군,89,9
202305,강원도,평창군,90,11
202305,강원도,평창군,91,10
202305,강원도,평창군,92,9
202305,강원도,평창군,93,12
202305,강원도,평창군,94,7
202305,강원도,평창군,95,3
202305,강원도,평창군,96,3
202305,강원도,평창군,97,3
202305,강원도,평창군,98,2
202305,강원도,평창군,99,3
202305,강원도,평창군,101,1
202305,강원도,평창군,102,1
202305,강원도,평창군,104,1
202305,강원도,평창군,107,1
202305,강원도,정선군,0,2
202305,강원도,정선군,1,2
202305,강원도,정선군,2,1
202305,강원도,정선군,3,1
202305,강원도,정선군,4,2
202305,강원도,정선군,5,1
202305,강원도,정선군,6,2
202305,강원도,정선군,7,9
202305,강원도,정선군,8,7
202305,강원도,정선군,9,8
202305,강원도,정선군,10,16
202305,강원도,정선군,11,15
202305,강원도,정선군,12,15
202305,강원도,정선군,13,19
202305,강원도,정선군,14,19
202305,강원도,정선군,15,21
202305,강원도,정선군,16,21
202305,강원도,정선군,17,14
202305,강원도,정선군,18,8
202305,강원도,정선군,19,8
202305,강원도,정선군,20,11
202305,강원도,정선군,21,8
202305,강원도,정선군,22,5
202305,강원도,정선군,23,6
202305,강원도,정선군,24,5
202305,강원도,정선군,25,5
202305,강원도,정선군,27,5
202305,강원도,정선군,28,1
202305,강원도,정선군,29,2
202305,강원도,정선군,30,3
202305,강원도,정선군,31,2
202305,강원도,정선군,32,2
202305,강원도,정선군,33,1
202305,강원도,정선군,34,5
202305,강원도,정선군,35,4
202305,강원도,정선군,36,4
202305,강원도,정선군,37,5
202305,강원도,정선군,38,6
202305,강원도,정선군,39,9
202305,강원도,정선군,40,7
202305,강원도,정선군,41,11
202305,강원도,정선군,42,4
202305,강원도,정선군,43,11
202305,강원도,정선군,44,14
202305,강원도,정선군,45,12
202305,강원도,정선군,46,8
202305,강원도,정선군,47,20
202305,강원도,정선군,48,21
202305,강원도,정선군,49,17
202305,강원도,정선군,50,13
202305,강원도,정선군,51,18
202305,강원도,정선군,52,25
202305,강원도,정선군,53,18
202305,강원도,정선군,54,25
202305,강원도,정선군,55,16
202305,강원도,정선군,56,24
202305,강원도,정선군,57,18
202305,강원도,정선군,58,26
202305,강원도,정선군,59,16
202305,강원도,정선군,60,25
202305,강원도,정선군,61,27
202305,강원도,정선군,62,36
202305,강원도,정선군,63,43
202305,강원도,정선군,64,32
202305,강원도,정선군,65,47
202305,강원도,정선군,66,34
202305,강원도,정선군,67,32
202305,강원도,정선군,68,44
202305,강원도,정선군,69,35
202305,강원도,정선군,70,52
202305,강원도,정선군,71,41
202305,강원도,정선군,72,30
202305,강원도,정선군,73,34
202305,강원도,정선군,74,33
202305,강원도,정선군,75,39
202305,강원도,정선군,76,31
202305,강원도,정선군,77,26
202305,강원도,정선군,78,36
202305,강원도,정선군,79,35
202305,강원도,정선군,80,43
202305,강원도,정선군,81,32
202305,강원도,정선군,82,32
202305,강원도,정선군,83,35
202305,강원도,정선군,84,40
202305,강원도,정선군,85,29
202305,강원도,정선군,86,20
202305,강원도,정선군,87,27
202305,강원도,정선군,88,17
202305,강원도,정선군,89,17
202305,강원도,정선군,90,18
202305,강원도,정선군,91,11
202305,강원도,정선군,92,7
202305,강원도,정선군,93,11
202305,강원도,정선군,94,6
202305,강원도,정선군,95,5
202305,강원도,정선군,96,2
202305,강원도,정선군,97,7
202305,강원도,정선군,98,3
202305,강원도,정선군,99,2
202305,강원도,정선군,100,1
202305,강원도,정선군,106,1
202305,강원도,철원군,0,1
202305,강원도,철원군,1,2
202305,강원도,철원군,2,2
202305,강원도,철원군,4,4
202305,강원도,철원군,5,2
202305,강원도,철원군,6,4
202305,강원도,철원군,7,15
202305,강원도,철원군,8,18
202305,강원도,철원군,9,17
202305,강원도,철원군,10,25
202305,강원도,철원군,11,18
202305,강원도,철원군,12,17
202305,강원도,철원군,13,24
202305,강원도,철원군,14,23
202305,강원도,철원군,15,33
202305,강원도,철원군,16,22
202305,강원도,철원군,17,28
202305,강원도,철원군,18,17
202305,강원도,철원군,19,14
202305,강원도,철원군,20,13
202305,강원도,철원군,21,11
202305,강원도,철원군,22,8
202305,강원도,철원군,23,9
202305,강원도,철원군,24,8
202305,강원도,철원군,25,4
202305,강원도,철원군,26,5
202305,강원도,철원군,27,4
202305,강원도,철원군,28,5
202305,강원도,철원군,29,1
202305,강원도,철원군,30,3
202305,강원도,철원군,31,5
202305,강원도,철원군,32,3
202305,강원도,철원군,33,4
202305,강원도,철원군,34,2
202305,강원도,철원군,35,8
202305,강원도,철원군,36,4
202305,강원도,철원군,37,4
202305,강원도,철원군,38,4
202305,강원도,철원군,39,7
202305,강원도,철원군,40,7
202305,강원도,철원군,41,8
202305,강원도,철원군,42,11
202305,강원도,철원군,43,12
202305,강원도,철원군,44,10
202305,강원도,철원군,45,10
202305,강원도,철원군,46,16
202305,강원도,철원군,47,15
202305,강원도,철원군,48,15
202305,강원도,철원군,49,22
202305,강원도,철원군,50,13
202305,강원도,철원군,51,32
202305,강원도,철원군,52,19
202305,강원도,철원군,53,19
202305,강원도,철원군,54,26
202305,강원도,철원군,55,25
202305,강원도,철원군,56,33
202305,강원도,철원군,57,26
202305,강원도,철원군,58,37
202305,강원도,철원군,59,22
202305,강원도,철원군,60,35
202305,강원도,철원군,61,35
202305,강원도,철원군,62,48
202305,강원도,철원군,63,36
202305,강원도,철원군,64,40
202305,강원도,철원군,65,40
202305,강원도,철원군,66,45
202305,강원도,철원군,67,38
202305,강원도,철원군,68,49
202305,강원도,철원군,69,39
202305,강원도,철원군,70,26
202305,강원도,철원군,71,29
202305,강원도,철원군,72,33
202305,강원도,철원군,73,31
202305,강원도,철원군,74,25
202305,강원도,철원군,75,43
202305,강원도,철원군,76,41
202305,강원도,철원군,77,28
202305,강원도,철원군,78,49
202305,강원도,철원군,79,36
202305,강원도,철원군,80,52
202305,강원도,철원군,81,52
202305,강원도,철원군,82,47
202305,강원도,철원군,83,40
202305,강원도,철원군,84,39
202305,강원도,철원군,85,45
202305,강원도,철원군,86,27
202305,강원도,철원군,87,25
202305,강원도,철원군,88,21
202305,강원도,철원군,89,19
202305,강원도,철원군,90,13
202305,강원도,철원군,91,12
202305,강원도,철원군,92,7
202305,강원도,철원군,93,11
202305,강원도,철원군,94,10
202305,강원도,철원군,95,4
202305,강원도,철원군,96,2
202305,강원도,철원군,97,3
202305,강원도,철원군,98,1
202305,강원도,철원군,99,2
202305,강원도,철원군,100,1
202305,강원도,철원군,101,1
202305,강원도,화천군,4,1
202305,강원도,화천군,5,1
202305,강원도,화천군,6,4
202305,강원도,화천군,7,2
202305,강원도,화천군,8,10
202305,강원도,화천군,9,4
202305,강원도,화천군,10,5
202305,강원도,화천군,11,13
202305,강원도,화천군,12,11
202305,강원도,화천군,13,7
202305,강원도,화천군,14,7
202305,강원도,화천군,15,8
202305,강원도,화천군,16,11
202305,강원도,화천군,17,8
202305,강원도,화천군,18,8
202305,강원도,화천군,19,5
202305,강원도,화천군,20,6
202305,강원도,화천군,21,8
202305,강원도,화천군,22,8
202305,강원도,화천군,23,6
202305,강원도,화천군,24,4
202305,강원도,화천군,25,4
202305,강원도,화천군,26,1
202305,강원도,화천군,27,1
202305,강원도,화천군,29,1
202305,강원도,화천군,30,1
202305,강원도,화천군,31,1
202305,강원도,화천군,32,2
202305,강원도,화천군,33,2
202305,강원도,화천군,35,1
202305,강원도,화천군,36,2
202305,강원도,화천군,37,3
202305,강원도,화천군,38,2
202305,강원도,화천군,39,11
202305,강원도,화천군,40,3
202305,강원도,화천군,41,5
202305,강원도,화천군,42,1
202305,강원도,화천군,43,7
202305,강원도,화천군,44,1
202305,강원도,화천군,45,6
202305,강원도,화천군,46,5
202305,강원도,화천군,47,3
202305,강원도,화천군,48,12
202305,강원도,화천군,49,15
202305,강원도,화천군,50,13
202305,강원도,화천군,51,17
202305,강원도,화천군,52,8
202305,강원도,화천군,53,11
202305,강원도,화천군,54,14
202305,강원도,화천군,55,10
202305,강원도,화천군,56,15
202305,강원도,화천군,57,7
202305,강원도,화천군,58,18
202305,강원도,화천군,59,16
202305,강원도,화천군,60,21
202305,강원도,화천군,61,20
202305,강원도,화천군,62,26
202305,강원도,화천군,63,24
202305,강원도,화천군,64,20
202305,강원도,화천군,65,14
202305,강원도,화천군,66,17
202305,강원도,화천군,67,17
202305,강원도,화천군,68,24
202305,강원도,화천군,69,21
202305,강원도,화천군,70,15
202305,강원도,화천군,71,14
202305,강원도,화천군,72,9
202305,강원도,화천군,73,18
202305,강원도,화천군,74,18
202305,강원도,화천군,75,23
202305,강원도,화천군,76,26
202305,강원도,화천군,77,19
202305,강원도,화천군,78,16
202305,강원도,화천군,79,23
202305,강원도,화천군,80,44
202305,강원도,화천군,81,27
202305,강원도,화천군,82,36
202305,강원도,화천군,83,33
202305,강원도,화천군,84,35
202305,강원도,화천군,85,35
202305,강원도,화천군,86,33
202305,강원도,화천군,87,22
202305,강원도,화천군,88,22
202305,강원도,화천군,89,14
202305,강원도,화천군,90,10
202305,강원도,화천군,91,9
202305,강원도,화천군,92,7
202305,강원도,화천군,93,10
202305,강원도,화천군,94,6
202305,강원도,화천군,95,5
202305,강원도,화천군,96,2
202305,강원도,화천군,97,1
202305,강원도,화천군,98,1
202305,강원도,화천군,99,1
202305,강원도,화천군,100,2
202305,강원도,화천군,102,1
202305,강원도,양구군,0,1
202305,강원도,양구군,2,2
202305,강원도,양구군,3,2
202305,강원도,양구군,4,1
202305,강원도,양구군,5,2
202305,강원도,양구군,6,3
202305,강원도,양구군,7,5
202305,강원도,양구군,8,7
202305,강원도,양구군,9,9
202305,강원도,양구군,10,15
202305,강원도,양구군,11,15
202305,강원도,양구군,12,9
202305,강원도,양구군,13,9
202305,강원도,양구군,14,14
202305,강원도,양구군,15,16
202305,강원도,양구군,16,11
202305,강원도,양구군,17,12
202305,강원도,양구군,18,14
202305,강원도,양구군,19,7
202305,강원도,양구군,20,6
202305,강원도,양구군,21,10
202305,강원도,양구군,22,9
202305,강원도,양구군,23,2
202305,강원도,양구군,24,8
202305,강원도,양구군,26,2
202305,강원도,양구군,27,2
202305,강원도,양구군,28,3
202305,강원도,양구군,29,3
202305,강원도,양구군,30,2
202305,강원도,양구군,33,3
202305,강원도,양구군,35,3
202305,강원도,양구군,36,2
202305,강원도,양구군,37,1
202305,강원도,양구군,38,4
202305,강원도,양구군,39,2
202305,강원도,양구군,40,8
202305,강원도,양구군,41,4
202305,강원도,양구군,42,5
202305,강원도,양구군,43,5
202305,강원도,양구군,44,12
202305,강원도,양구군,45,2
202305,강원도,양구군,46,2
202305,강원도,양구군,47,8
202305,강원도,양구군,48,4
202305,강원도,양구군,49,6
202305,강원도,양구군,50,9
202305,강원도,양구군,51,12
202305,강원도,양구군,52,17
202305,강원도,양구군,53,12
202305,강원도,양구군,54,12
202305,강원도,양구군,55,15
202305,강원도,양구군,56,16
202305,강원도,양구군,57,19
202305,강원도,양구군,58,12
202305,강원도,양구군,59,30
202305,강원도,양구군,60,31
202305,강원도,양구군,61,26
202305,강원도,양구군,62,29
202305,강원도,양구군,63,28
202305,강원도,양구군,64,19
202305,강원도,양구군,65,24
202305,강원도,양구군,66,26
202305,강원도,양구군,67,21
202305,강원도,양구군,68,23
202305,강원도,양구군,69,27
202305,강원도,양구군,70,18
202305,강원도,양구군,71,24
202305,강원도,양구군,72,24
202305,강원도,양구군,73,19
202305,강원도,양구군,74,14
202305,강원도,양구군,75,15
202305,강원도,양구군,76,25
202305,강원도,양구군,77,7
202305,강원도,양구군,78,18
202305,강원도,양구군,79,24
202305,강원도,양구군,80,21
202305,강원도,양구군,81,30
202305,강원도,양구군,82,20
202305,강원도,양구군,83,28
202305,강원도,양구군,84,15
202305,강원도,양구군,85,30
202305,강원도,양구군,86,11
202305,강원도,양구군,87,14
202305,강원도,양구군,88,11
202305,강원도,양구군,89,5
202305,강원도,양구군,90,9
202305,강원도,양구군,91,2
202305,강원도,양구군,92,7
202305,강원도,양구군,93,3
202305,강원도,양구군,94,4
202305,강원도,양구군,95,1
202305,강원도,양구군,96,1
202305,강원도,인제군,1,3
202305,강원도,인제군,2,1
202305,강원도,인제군,3,2
202305,강원도,인제군,4,5
202305,강원도,인제군,5,6
202305,강원도,인제군,6,9
202305,강원도,인제군,7,5
202305,강원도,인제군,8,5
202305,강원도,인제군,9,7
202305,강원도,인제군,10,15
202305,강원도,인제군,11,15
202305,강원도,인제군,12,19
202305,강원도,인제군,13,10
202305,강원도,인제군,14,8
202305,강원도,인제군,15,16
202305,강원도,인제군,16,12
202305,강원도,인제군,17,15
202305,강원도,인제군,18,9
202305,강원도,인제군,19,7
202305,강원도,인제군,20,6
202305,강원도,인제군,21,5
202305,강원도,인제군,22,6
202305,강원도,인제군,23,6
202305,강원도,인제군,24,3
202305,강원도,인제군,25,3
202305,강원도,인제군,26,3
202305,강원도,인제군,27,4
202305,강원도,인제군,28,6
202305,강원도,인제군,29,1
202305,강원도,인제군,30,3
202305,강원도,인제군,31,3
202305,강원도,인제군,32,2
202305,강원도,인제군,33,6
202305,강원도,인제군,34,5
202305,강원도,인제군,35,1
202305,강원도,인제군,36,2
202305,강원도,인제군,37,8
202305,강원도,인제군,38,3
202305,강원도,인제군,39,5
202305,강원도,인제군,40,7
202305,강원도,인제군,41,7
202305,강원도,인제군,42,5
202305,강원도,인제군,43,9
202305,강원도,인제군,44,9
202305,강원도,인제군,45,6
202305,강원도,인제군,46,6
202305,강원도,인제군,47,10
202305,강원도,인제군,48,11
202305,강원도,인제군,49,13
202305,강원도,인제군,50,11
202305,강원도,인제군,51,11
202305,강원도,인제군,52,14
202305,강원도,인제군,53,18
202305,강원도,인제군,54,13
202305,강원도,인제군,55,13
202305,강원도,인제군,56,19
202305,강원도,인제군,57,17
202305,강원도,인제군,58,14
202305,강원도,인제군,59,12
202305,강원도,인제군,60,20
202305,강원도,인제군,61,30
202305,강원도,인제군,62,26
202305,강원도,인제군,63,21
202305,강원도,인제군,64,18
202305,강원도,인제군,65,28
202305,강원도,인제군,66,32
202305,강원도,인제군,67,26
202305,강원도,인제군,68,35
202305,강원도,인제군,69,28
202305,강원도,인제군,70,20
202305,강원도,인제군,71,23
202305,강원도,인제군,72,23
202305,강원도,인제군,73,25
202305,강원도,인제군,74,26
202305,강원도,인제군,75,16
202305,강원도,인제군,76,25
202305,강원도,인제군,77,12
202305,강원도,인제군,78,24
202305,강원도,인제군,79,24
202305,강원도,인제군,80,32
202305,강원도,인제군,81,38
202305,강원도,인제군,82,19
202305,강원도,인제군,83,30
202305,강원도,인제군,84,30
202305,강원도,인제군,85,26
202305,강원도,인제군,86,14
202305,강원도,인제군,87,19
202305,강원도,인제군,88,24
202305,강원도,인제군,89,12
202305,강원도,인제군,90,15
202305,강원도,인제군,91,15
202305,강원도,인제군,92,11
202305,강원도,인제군,93,12
202305,강원도,인제군,94,10
202305,강원도,인제군,95,5
202305,강원도,인제군,96,5
202305,강원도,인제군,97,2
202305,강원도,인제군,98,1
202305,강원도,인제군,99,1
202305,강원도,인제군,100,1
202305,강원도,인제군,104,1
202305,강원도,고성군,0,1
202305,강원도,고성군,2,1
202305,강원도,고성군,3,2
202305,강원도,고성군,4,2
202305,강원도,고성군,5,1
202305,강원도,고성군,6,3
202305,강원도,고성군,7,5
202305,강원도,고성군,8,7
202305,강원도,고성군,9,9
202305,강원도,고성군,10,14
202305,강원도,고성군,11,14
202305,강원도,고성군,12,15
202305,강원도,고성군,13,11
202305,강원도,고성군,14,14
202305,강원도,고성군,15,14
202305,강원도,고성군,16,23
202305,강원도,고성군,17,15
202305,강원도,고성군,18,10
202305,강원도,고성군,19,7
202305,강원도,고성군,20,4
202305,강원도,고성군,21,6
202305,강원도,고성군,22,11
202305,강원도,고성군,23,9
202305,강원도,고성군,24,6
202305,강원도,고성군,25,7
202305,강원도,고성군,26,3
202305,강원도,고성군,27,2
202305,강원도,고성군,28,2
202305,강원도,고성군,30,4
202305,강원도,고성군,31,1
202305,강원도,고성군,32,5
202305,강원도,고성군,33,1
202305,강원도,고성군,34,1
202305,강원도,고성군,35,3
202305,강원도,고성군,36,5
202305,강원도,고성군,37,4
202305,강원도,고성군,38,4
202305,강원도,고성군,39,4
202305,강원도,고성군,40,11
202305,강원도,고성군,41,6
202305,강원도,고성군,42,10
202305,강원도,고성군,43,7
202305,강원도,고성군,44,7
202305,강원도,고성군,45,6
202305,강원도,고성군,46,8
202305,강원도,고성군,47,9
202305,강원도,고성군,48,6
202305,강원도,고성군,49,8
202305,강원도,고성군,50,17
202305,강원도,고성군,51,23
202305,강원도,고성군,52,23
202305,강원도,고성군,53,16
202305,강원도,고성군,54,19
202305,강원도,고성군,55,25
202305,강원도,고성군,56,22
202305,강원도,고성군,57,17
202305,강원도,고성군,58,26
202305,강원도,고성군,59,20
202305,강원도,고성군,60,32
202305,강원도,고성군,61,16
202305,강원도,고성군,62,31
202305,강원도,고성군,63,35
202305,강원도,고성군,64,26
202305,강원도,고성군,65,32
202305,강원도,고성군,66,42
202305,강원도,고성군,67,45
202305,강원도,고성군,68,33
202305,강원도,고성군,69,28
202305,강원도,고성군,70,28
202305,강원도,고성군,71,23
202305,강원도,고성군,72,28
202305,강원도,고성군,73,24
202305,강원도,고성군,74,27
202305,강원도,고성군,75,25
202305,강원도,고성군,76,29
202305,강원도,고성군,77,30
202305,강원도,고성군,78,34
202305,강원도,고성군,79,34
202305,강원도,고성군,80,25
202305,강원도,고성군,81,34
202305,강원도,고성군,82,33
202305,강원도,고성군,83,34
202305,강원도,고성군,84,30
202305,강원도,고성군,85,20
202305,강원도,고성군,86,24
202305,강원도,고성군,87,18
202305,강원도,고성군,88,18
202305,강원도,고성군,89,13
202305,강원도,고성군,90,12
202305,강원도,고성군,91,12
202305,강원도,고성군,92,5
202305,강원도,고성군,93,7
202305,강원도,고성군,94,8
202305,강원도,고성군,95,14
202305,강원도,고성군,96,5
202305,강원도,고성군,97,2
202305,강원도,고성군,99,1
202305,강원도,고성군,100,1
202305,강원도,고성군,104,2
202305,강원도,양양군,0,2
202305,강원도,양양군,1,2
202305,강원도,양양군,2,5
202305,강원도,양양군,3,3
202305,강원도,양양군,4,4
202305,강원도,양양군,5,2
202305,강원도,양양군,6,4
202305,강원도,양양군,7,6
202305,강원도,양양군,8,12
202305,강원도,양양군,9,5
202305,강원도,양양군,10,11
202305,강원도,양양군,11,7
202305,강원도,양양군,12,14
202305,강원도,양양군,13,6
202305,강원도,양양군,14,12
202305,강원도,양양군,15,16
202305,강원도,양양군,16,22
202305,강원도,양양군,17,15
202305,강원도,양양군,18,15
202305,강원도,양양군,19,14
202305,강원도,양양군,20,12
202305,강원도,양양군,21,8
202305,강원도,양양군,22,14
202305,강원도,양양군,23,11
202305,강원도,양양군,24,6
202305,강원도,양양군,25,5
202305,강원도,양양군,26,3
202305,강원도,양양군,27,1
202305,강원도,양양군,28,2
202305,강원도,양양군,29,5
202305,강원도,양양군,30,1
202305,강원도,양양군,31,1
202305,강원도,양양군,32,2
202305,강원도,양양군,33,3
202305,강원도,양양군,34,1
202305,강원도,양양군,35,5
202305,강원도,양양군,36,3
202305,강원도,양양군,37,7
202305,강원도,양양군,38,3
202305,강원도,양양군,39,7
202305,강원도,양양군,40,9
202305,강원도,양양군,41,4
202305,강원도,양양군,42,10
202305,강원도,양양군,43,9
202305,강원도,양양군,44,10
202305,강원도,양양군,45,17
202305,강원도,양양군,46,6
202305,강원도,양양군,47,12
202305,강원도,양양군,48,6
202305,강원도,양양군,49,12
202305,강원도,양양군,50,19
202305,강원도,양양군,51,15
202305,강원도,양양군,52,18
202305,강원도,양양군,53,19
202305,강원도,양양군,54,26
202305,강원도,양양군,55,19
202305,강원도,양양군,56,28
202305,강원도,양양군,57,28
202305,강원도,양양군,58,28
202305,강원도,양양군,59,27
202305,강원도,양양군,60,33
202305,강원도,양양군,61,19
202305,강원도,양양군,62,32
202305,강원도,양양군,63,26
202305,강원도,양양군,64,38
202305,강원도,양양군,65,44
202305,강원도,양양군,66,48
202305,강원도,양양군,67,44
202305,강원도,양양군,68,42
202305,강원도,양양군,69,25
202305,강원도,양양군,70,40
202305,강원도,양양군,71,24
202305,강원도,양양군,72,30
202305,강원도,양양군,73,28
202305,강원도,양양군,74,28
202305,강원도,양양군,75,38
202305,강원도,양양군,76,27
202305,강원도,양양군,77,31
202305,강원도,양양군,78,26
202305,강원도,양양군,79,36
202305,강원도,양양군,80,35
202305,강원도,양양군,81,39
202305,강원도,양양군,82,36
202305,강원도,양양군,83,30
202305,강원도,양양군,84,26
202305,강원도,양양군,85,21
202305,강원도,양양군,86,16
202305,강원도,양양군,87,29
202305,강원도,양양군,88,16
202305,강원도,양양군,89,13
202305,강원도,양양군,90,13
202305,강원도,양양군,91,7
202305,강원도,양양군,92,9
202305,강원도,양양군,93,2
202305,강원도,양양군,94,13
202305,강원도,양양군,95,7
202305,강원도,양양군,96,6
202305,강원도,양양군,97,5
202305,강원도,양양군,98,1
202305,강원도,양양군,99,1
202305,강원도,양양군,103,1
202305,충청북도,청주시,0,49
202305,충청북도,청주시,1,99
202305,충청북도,청주시,2,112
202305,충청북도,청주시,3,117
202305,충청북도,청주시,4,180
202305,충청북도,청주시,5,225
202305,충청북도,청주시,6,238
202305,충청북도,청주시,7,326
202305,충청북도,청주시,8,367
202305,충청북도,청주시,9,394
202305,충청북도,청주시,10,479
202305,충청북도,청주시,11,485
202305,충청북도,청주시,12,488
202305,충청북도,청주시,13,509
202305,충청북도,청주시,14,521
202305,충청북도,청주시,15,539
202305,충청북도,청주시,16,565
202305,충청북도,청주시,17,520
202305,충청북도,청주시,18,472
202305,충청북도,청주시,19,373
202305,충청북도,청주시,20,278
202305,충청북도,청주시,21,292
202305,충청북도,청주시,22,281
202305,충청북도,청주시,23,236
202305,충청북도,청주시,24,192
202305,충청북도,청주시,25,178
202305,충청북도,청주시,26,132
202305,충청북도,청주시,27,108
202305,충청북도,청주시,28,129
202305,충청북도,청주시,29,137
202305,충청북도,청주시,30,136
202305,충청북도,청주시,31,168
202305,충청북도,청주시,32,182
202305,충청북도,청주시,33,185
202305,충청북도,청주시,34,156
202305,충청북도,청주시,35,224
202305,충청북도,청주시,36,217
202305,충청북도,청주시,37,225
202305,충청북도,청주시,38,240
202305,충청북도,청주시,39,266
202305,충청북도,청주시,40,329
202305,충청북도,청주시,41,347
202305,충청북도,청주시,42,347
202305,충청북도,청주시,43,372
202305,충청북도,청주시,44,332
202305,충청북도,청주시,45,398
202305,충청북도,청주시,46,364
202305,충청북도,청주시,47,399
202305,충청북도,청주시,48,393
202305,충청북도,청주시,49,414
202305,충청북도,청주시,50,500
202305,충청북도,청주시,51,440
202305,충청북도,청주시,52,496
202305,충청북도,청주시,53,446
202305,충청북도,청주시,54,538
202305,충청북도,청주시,55,484
202305,충청북도,청주시,56,498
202305,충청북도,청주시,57,477
202305,충청북도,청주시,58,504
202305,충청북도,청주시,59,502
202305,충청북도,청주시,60,551
202305,충청북도,청주시,61,549
202305,충청북도,청주시,62,677
202305,충청북도,청주시,63,583
202305,충청북도,청주시,64,640
202305,충청북도,청주시,65,651
202305,충청북도,청주시,66,700
202305,충청북도,청주시,67,613
202305,충청북도,청주시,68,655
202305,충청북도,청주시,69,519
202305,충청북도,청주시,70,573
202305,충청북도,청주시,71,549
202305,충청북도,청주시,72,422
202305,충청북도,청주시,73,462
202305,충청북도,청주시,74,461
202305,충청북도,청주시,75,455
202305,충청북도,청주시,76,486
202305,충청북도,청주시,77,374
202305,충청북도,청주시,78,395
202305,충청북도,청주시,79,432
202305,충청북도,청주시,80,575
202305,충청북도,청주시,81,551
202305,충청북도,청주시,82,422
202305,충청북도,청주시,83,416
202305,충청북도,청주시,84,396
202305,충청북도,청주시,85,383
202305,충청북도,청주시,86,330
202305,충청북도,청주시,87,308
202305,충청북도,청주시,88,290
202305,충청북도,청주시,89,201
202305,충청북도,청주시,90,180
202305,충청북도,청주시,91,138
202305,충청북도,청주시,92,106
202305,충청북도,청주시,93,84
202305,충청북도,청주시,94,66
202305,충청북도,청주시,95,32
202305,충청북도,청주시,96,28
202305,충청북도,청주시,97,19
202305,충청북도,청주시,98,18
202305,충청북도,청주시,99,6
202305,충청북도,청주시,100,8
202305,충청북도,청주시,101,2
202305,충청북도,청주시,102,1
202305,충청북도,청주시,103,1
202305,충청북도,청주시,104,1
202305,충청북도,청주시,105,1
202305,충청북도,충주시,0,15
202305,충청북도,충주시,1,21
202305,충청북도,충주시,2,26
202305,충청북도,충주시,3,29
202305,충청북도,충주시,4,33
202305,충청북도,충주시,5,47
202305,충청북도,충주시,6,47
202305,충청북도,충주시,7,84
202305,충청북도,충주시,8,78
202305,충청북도,충주시,9,108
202305,충청북도,충주시,10,109
202305,충청북도,충주시,11,106
202305,충청북도,충주시,12,138
202305,충청북도,충주시,13,131
202305,충청북도,충주시,14,150
202305,충청북도,충주시,15,168
202305,충청북도,충주시,16,149
202305,충청북도,충주시,17,174
202305,충청북도,충주시,18,137
202305,충청북도,충주시,19,113
202305,충청북도,충주시,20,81
202305,충청북도,충주시,21,81
202305,충청북도,충주시,22,92
202305,충청북도,충주시,23,67
202305,충청북도,충주시,24,58
202305,충청북도,충주시,25,50
202305,충청북도,충주시,26,40
202305,충청북도,충주시,27,33
202305,충청북도,충주시,28,31
202305,충청북도,충주시,29,33
202305,충청북도,충주시,30,42
202305,충청북도,충주시,31,46
202305,충청북도,충주시,32,38
202305,충청북도,충주시,33,35
202305,충청북도,충주시,34,36
202305,충청북도,충주시,35,54
202305,충청북도,충주시,36,46
202305,충청북도,충주시,37,48
202305,충청북도,충주시,38,53
202305,충청북도,충주시,39,56
202305,충청북도,충주시,40,85
202305,충청북도,충주시,41,91
202305,충청북도,충주시,42,102
202305,충청북도,충주시,43,83
202305,충청북도,충주시,44,86
202305,충청북도,충주시,45,117
202305,충청북도,충주시,46,101
202305,충청북도,충주시,47,116
202305,충청북도,충주시,48,131
202305,충청북도,충주시,49,127
202305,충청북도,충주시,50,139
202305,충청북도,충주시,51,121
202305,충청북도,충주시,52,154
202305,충청북도,충주시,53,138
202305,충청북도,충주시,54,186
202305,충청북도,충주시,55,154
202305,충청북도,충주시,56,172
202305,충청북도,충주시,57,170
202305,충청북도,충주시,58,172
202305,충청북도,충주시,59,150
202305,충청북도,충주시,60,195
202305,충청북도,충주시,61,206
202305,충청북도,충주시,62,252
202305,충청북도,충주시,63,201
202305,충청북도,충주시,64,208
202305,충청북도,충주시,65,220
202305,충청북도,충주시,66,244
202305,충청북도,충주시,67,249
202305,충청북도,충주시,68,220
202305,충청북도,충주시,69,184
202305,충청북도,충주시,70,195
202305,충청북도,충주시,71,183
202305,충청북도,충주시,72,157
202305,충청북도,충주시,73,139
202305,충청북도,충주시,74,156
202305,충청북도,충주시,75,179
202305,충청북도,충주시,76,174
202305,충청북도,충주시,77,131
202305,충청북도,충주시,78,170
202305,충청북도,충주시,79,157
202305,충청북도,충주시,80,215
202305,충청북도,충주시,81,220
202305,충청북도,충주시,82,183
202305,충청북도,충주시,83,185
202305,충청북도,충주시,84,188
202305,충청북도,충주시,85,151
202305,충청북도,충주시,86,136
202305,충청북도,충주시,87,110
202305,충청북도,충주시,88,112
202305,충청북도,충주시,89,87
202305,충청북도,충주시,90,67
202305,충청북도,충주시,91,55
202305,충청북도,충주시,92,31
202305,충청북도,충주시,93,23
202305,충청북도,충주시,94,30
202305,충청북도,충주시,95,11
202305,충청북도,충주시,96,8
202305,충청북도,충주시,97,11
202305,충청북도,충주시,98,5
202305,충청북도,충주시,99,6
202305,충청북도,충주시,100,5
202305,충청북도,충주시,108,1
202305,충청북도,제천시,0,9
202305,충청북도,제천시,1,14
202305,충청북도,제천시,2,14
202305,충청북도,제천시,3,21
202305,충청북도,제천시,4,28
202305,충청북도,제천시,5,32
202305,충청북도,제천시,6,38
202305,충청북도,제천시,7,68
202305,충청북도,제천시,8,64
202305,충청북도,제천시,9,91
202305,충청북도,제천시,10,86
202305,충청북도,제천시,11,96
202305,충청북도,제천시,12,100
202305,충청북도,제천시,13,88
202305,충청북도,제천시,14,104
202305,충청북도,제천시,15,99
202305,충청북도,제천시,16,98
202305,충청북도,제천시,17,119
202305,충청북도,제천시,18,78
202305,충청북도,제천시,19,74
202305,충청북도,제천시,20,74
202305,충청북도,제천시,21,62
202305,충청북도,제천시,22,74
202305,충청북도,제천시,23,50
202305,충청북도,제천시,24,44
202305,충청북도,제천시,25,33
202305,충청북도,제천시,26,25
202305,충청북도,제천시,27,19
202305,충청북도,제천시,28,21
202305,충청북도,제천시,29,24
202305,충청북도,제천시,30,30
202305,충청북도,제천시,31,24
202305,충청북도,제천시,32,36
202305,충청북도,제천시,33,33
202305,충청북도,제천시,34,25
202305,충청북도,제천시,35,21
202305,충청북도,제천시,36,30
202305,충청북도,제천시,37,36
202305,충청북도,제천시,38,46
202305,충청북도,제천시,39,58
202305,충청북도,제천시,40,47
202305,충청북도,제천시,41,79
202305,충청북도,제천시,42,87
202305,충청북도,제천시,43,66
202305,충청북도,제천시,44,62
202305,충청북도,제천시,45,57
202305,충청북도,제천시,46,72
202305,충청북도,제천시,47,91
202305,충청북도,제천시,48,83
202305,충청북도,제천시,49,89
202305,충청북도,제천시,50,94
202305,충청북도,제천시,51,103
202305,충청북도,제천시,52,118
202305,충청북도,제천시,53,114
202305,충청북도,제천시,54,124
202305,충청북도,제천시,55,132
202305,충청북도,제천시,56,126
202305,충청북도,제천시,57,125
202305,충청북도,제천시,58,103
202305,충청북도,제천시,59,114
202305,충청북도,제천시,60,140
202305,충청북도,제천시,61,155
202305,충청북도,제천시,62,185
202305,충청북도,제천시,63,169
202305,충청북도,제천시,64,157
202305,충청북도,제천시,65,185
202305,충청북도,제천시,66,179
202305,충청북도,제천시,67,170
202305,충청북도,제천시,68,184
202305,충청북도,제천시,69,152
202305,충청북도,제천시,70,162
202305,충청북도,제천시,71,150
202305,충청북도,제천시,72,125
202305,충청북도,제천시,73,151
202305,충청북도,제천시,74,139
202305,충청북도,제천시,75,157
202305,충청북도,제천시,76,144
202305,충청북도,제천시,77,124
202305,충청북도,제천시,78,180
202305,충청북도,제천시,79,182
202305,충청북도,제천시,80,185
202305,충청북도,제천시,81,199
202305,충청북도,제천시,82,176
202305,충청북도,제천시,83,150
202305,충청북도,제천시,84,150
202305,충청북도,제천시,85,148
202305,충청북도,제천시,86,134
202305,충청북도,제천시,87,108
202305,충청북도,제천시,88,121
202305,충청북도,제천시,89,70
202305,충청북도,제천시,90,53
202305,충청북도,제천시,91,47
202305,충청북도,제천시,92,32
202305,충청북도,제천시,93,24
202305,충청북도,제천시,94,24
202305,충청북도,제천시,95,14
202305,충청북도,제천시,96,11
202305,충청북도,제천시,97,9
202305,충청북도,제천시,98,3
202305,충청북도,제천시,99,5
202305,충청북도,제천시,100,3
202305,충청북도,제천시,101,2
202305,충청북도,제천시,103,1
202305,충청북도,보은군,1,2
202305,충청북도,보은군,2,3
202305,충청북도,보은군,3,2
202305,충청북도,보은군,4,3
202305,충청북도,보은군,5,3
202305,충청북도,보은군,6,7
202305,충청북도,보은군,7,10
202305,충청북도,보은군,8,17
202305,충청북도,보은군,9,14
202305,충청북도,보은군,10,21
202305,충청북도,보은군,11,25
202305,충청북도,보은군,12,20
202305,충청북도,보은군,13,16
202305,충청북도,보은군,14,16
202305,충청북도,보은군,15,18
202305,충청북도,보은군,16,22
202305,충청북도,보은군,17,24
202305,충청북도,보은군,18,21
202305,충청북도,보은군,19,19
202305,충청북도,보은군,20,9
202305,충청북도,보은군,21,9
202305,충청북도,보은군,22,13
202305,충청북도,보은군,23,8
202305,충청북도,보은군,24,3
202305,충청북도,보은군,25,2
202305,충청북도,보은군,26,3
202305,충청북도,보은군,27,3
202305,충청북도,보은군,28,1
202305,충청북도,보은군,29,3
202305,충청북도,보은군,30,9
202305,충청북도,보은군,31,4
202305,충청북도,보은군,32,3
202305,충청북도,보은군,33,8
202305,충청북도,보은군,34,6
202305,충청북도,보은군,35,7
202305,충청북도,보은군,36,6
202305,충청북도,보은군,37,3
202305,충청북도,보은군,38,6
202305,충청북도,보은군,39,10
202305,충청북도,보은군,40,15
202305,충청북도,보은군,41,15
202305,충청북도,보은군,42,14
202305,충청북도,보은군,43,11
202305,충청북도,보은군,44,16
202305,충청북도,보은군,45,10
202305,충청북도,보은군,46,8
202305,충청북도,보은군,47,20
202305,충청북도,보은군,48,17
202305,충청북도,보은군,49,26
202305,충청북도,보은군,50,16
202305,충청북도,보은군,51,11
202305,충청북도,보은군,52,24
202305,충청북도,보은군,53,17
202305,충청북도,보은군,54,27
202305,충청북도,보은군,55,20
202305,충청북도,보은군,56,21
202305,충청북도,보은군,57,34
202305,충청북도,보은군,58,21
202305,충청북도,보은군,59,24
202305,충청북도,보은군,60,24
202305,충청북도,보은군,61,34
202305,충청북도,보은군,62,29
202305,충청북도,보은군,63,33
202305,충청북도,보은군,64,27
202305,충청북도,보은군,65,40
202305,충청북도,보은군,66,37
202305,충청북도,보은군,67,40
202305,충청북도,보은군,68,41
202305,충청북도,보은군,69,42
202305,충청북도,보은군,70,34
202305,충청북도,보은군,71,34
202305,충청북도,보은군,72,25
202305,충청북도,보은군,73,32
202305,충청북도,보은군,74,32
202305,충청북도,보은군,75,52
202305,충청북도,보은군,76,32
202305,충청북도,보은군,77,35
202305,충청북도,보은군,78,35
202305,충청북도,보은군,79,47
202305,충청북도,보은군,80,46
202305,충청북도,보은군,81,56
202305,충청북도,보은군,82,47
202305,충청북도,보은군,83,44
202305,충청북도,보은군,84,35
202305,충청북도,보은군,85,40
202305,충청북도,보은군,86,46
202305,충청북도,보은군,87,52
202305,충청북도,보은군,88,41
202305,충청북도,보은군,89,33
202305,충청북도,보은군,90,31
202305,충청북도,보은군,91,22
202305,충청북도,보은군,92,21
202305,충청북도,보은군,93,9
202305,충청북도,보은군,94,19
202305,충청북도,보은군,95,8
202305,충청북도,보은군,96,8
202305,충청북도,보은군,97,4
202305,충청북도,보은군,98,3
202305,충청북도,보은군,100,1
202305,충청북도,옥천군,0,2
202305,충청북도,옥천군,1,3
202305,충청북도,옥천군,2,7
202305,충청북도,옥천군,3,8
202305,충청북도,옥천군,4,8
202305,충청북도,옥천군,5,8
202305,충청북도,옥천군,6,12
202305,충청북도,옥천군,7,14
202305,충청북도,옥천군,8,24
202305,충청북도,옥천군,9,14
202305,충청북도,옥천군,10,28
202305,충청북도,옥천군,11,24
202305,충청북도,옥천군,12,37
202305,충청북도,옥천군,13,29
202305,충청북도,옥천군,14,29
202305,충청북도,옥천군,15,29
202305,충청북도,옥천군,16,46
202305,충청북도,옥천군,17,33
202305,충청북도,옥천군,18,27
202305,충청북도,옥천군,19,21
202305,충청북도,옥천군,20,9
202305,충청북도,옥천군,21,15
202305,충청북도,옥천군,22,11
202305,충청북도,옥천군,23,16
202305,충청북도,옥천군,24,19
202305,충청북도,옥천군,25,10
202305,충청북도,옥천군,26,7
202305,충청북도,옥천군,27,6
202305,충청북도,옥천군,28,3
202305,충청북도,옥천군,29,5
202305,충청북도,옥천군,30,8
202305,충청북도,옥천군,31,2
202305,충청북도,옥천군,32,3
202305,충청북도,옥천군,33,7
202305,충청북도,옥천군,34,10
202305,충청북도,옥천군,35,13
202305,충청북도,옥천군,36,17
202305,충청북도,옥천군,37,13
202305,충청북도,옥천군,38,15
202305,충청북도,옥천군,39,22
202305,충청북도,옥천군,40,16
202305,충청북도,옥천군,41,27
202305,충청북도,옥천군,42,20
202305,충청북도,옥천군,43,21
202305,충청북도,옥천군,44,12
202305,충청북도,옥천군,45,14
202305,충청북도,옥천군,46,17
202305,충청북도,옥천군,47,16
202305,충청북도,옥천군,48,20
202305,충청북도,옥천군,49,34
202305,충청북도,옥천군,50,34
202305,충청북도,옥천군,51,28
202305,충청북도,옥천군,52,27
202305,충청북도,옥천군,53,26
202305,충청북도,옥천군,54,39
202305,충청북도,옥천군,55,35
202305,충청북도,옥천군,56,40
202305,충청북도,옥천군,57,34
202305,충청북도,옥천군,58,29
202305,충청북도,옥천군,59,27
202305,충청북도,옥천군,60,29
202305,충청북도,옥천군,61,40
202305,충청북도,옥천군,62,64
202305,충청북도,옥천군,63,38
202305,충청북도,옥천군,64,46
202305,충청북도,옥천군,65,43
202305,충청북도,옥천군,66,38
202305,충청북도,옥천군,67,30
202305,충청북도,옥천군,68,40
202305,충청북도,옥천군,69,36
202305,충청북도,옥천군,70,47
202305,충청북도,옥천군,71,53
202305,충청북도,옥천군,72,39
202305,충청북도,옥천군,73,49
202305,충청북도,옥천군,74,51
202305,충청북도,옥천군,75,48
202305,충청북도,옥천군,76,49
202305,충청북도,옥천군,77,41
202305,충청북도,옥천군,78,35
202305,충청북도,옥천군,79,55
202305,충청북도,옥천군,80,71
202305,충청북도,옥천군,81,76
202305,충청북도,옥천군,82,51
202305,충청북도,옥천군,83,49
202305,충청북도,옥천군,84,67
202305,충청북도,옥천군,85,49
202305,충청북도,옥천군,86,54
202305,충청북도,옥천군,87,51
202305,충청북도,옥천군,88,51
202305,충청북도,옥천군,89,51
202305,충청북도,옥천군,90,44
202305,충청북도,옥천군,91,25
202305,충청북도,옥천군,92,22
202305,충청북도,옥천군,93,14
202305,충청북도,옥천군,94,17
202305,충청북도,옥천군,95,9
202305,충청북도,옥천군,96,8
202305,충청북도,옥천군,97,7
202305,충청북도,옥천군,98,1
202305,충청북도,옥천군,99,6
202305,충청북도,옥천군,100,1
202305,충청북도,옥천군,103,1
202305,충청북도,옥천군,118,1
202305,충청북도,영동군,0,2
202305,충청북도,영동군,1,2
202305,충청북도,영동군,2,7
202305,충청북도,영동군,3,5
202305,충청북도,영동군,4,6
202305,충청북도,영동군,5,7
202305,충청북도,영동군,6,17
202305,충청북도,영동군,7,14
202305,충청북도,영동군,8,22
202305,충청북도,영동군,9,23
202305,충청북도,영동군,10,24
202305,충청북도,영동군,11,29
202305,충청북도,영동군,12,21
202305,충청북도,영동군,13,27
202305,충청북도,영동군,14,24
202305,충청북도,영동군,15,27
202305,충청북도,영동군,16,32
202305,충청북도,영동군,17,35
202305,충청북도,영동군,18,20
202305,충청북도,영동군,19,26
202305,충청북도,영동군,20,17
202305,충청북도,영동군,21,19
202305,충청북도,영동군,22,12
202305,충청북도,영동군,23,12
202305,충청북도,영동군,24,14
202305,충청북도,영동군,25,4
202305,충청북도,영동군,26,8
202305,충청북도,영동군,27,7
202305,충청북도,영동군,28,10
202305,충청북도,영동군,29,7
202305,충청북도,영동군,30,6
202305,충청북도,영동군,31,10
202305,충청북도,영동군,32,4
202305,충청북도,영동군,33,8
202305,충청북도,영동군,34,6
202305,충청북도,영동군,35,9
202305,충청북도,영동군,36,11
202305,충청북도,영동군,37,12
202305,충청북도,영동군,38,11
202305,충청북도,영동군,39,11
202305,충청북도,영동군,40,9
202305,충청북도,영동군,41,20
202305,충청북도,영동군,42,17
202305,충청북도,영동군,43,13
202305,충청북도,영동군,44,17
202305,충청북도,영동군,45,24
202305,충청북도,영동군,46,12
202305,충청북도,영동군,47,24
202305,충청북도,영동군,48,27
202305,충청북도,영동군,49,26
202305,충청북도,영동군,50,25
202305,충청북도,영동군,51,29
202305,충청북도,영동군,52,39
202305,충청북도,영동군,53,41
202305,충청북도,영동군,54,51
202305,충청북도,영동군,55,32
202305,충청북도,영동군,56,37
202305,충청북도,영동군,57,50
202305,충청북도,영동군,58,37
202305,충청북도,영동군,59,24
202305,충청북도,영동군,60,51
202305,충청북도,영동군,61,38
202305,충청북도,영동군,62,54
202305,충청북도,영동군,63,45
202305,충청북도,영동군,64,59
202305,충청북도,영동군,65,45
202305,충청북도,영동군,66,52
202305,충청북도,영동군,67,52
202305,충청북도,영동군,68,60
202305,충청북도,영동군,69,41
202305,충청북도,영동군,70,44
202305,충청북도,영동군,71,47
202305,충청북도,영동군,72,36
202305,충청북도,영동군,73,40
202305,충청북도,영동군,74,43
202305,충청북도,영동군,75,43
202305,충청북도,영동군,76,54
202305,충청북도,영동군,77,43
202305,충청북도,영동군,78,52
202305,충청북도,영동군,79,45
202305,충청북도,영동군,80,59
202305,충청북도,영동군,81,64
202305,충청북도,영동군,82,49
202305,충청북도,영동군,83,46
202305,충청북도,영동군,84,52
202305,충청북도,영동군,85,54
202305,충청북도,영동군,86,43
202305,충청북도,영동군,87,44
202305,충청북도,영동군,88,37
202305,충청북도,영동군,89,29
202305,충청북도,영동군,90,27
202305,충청북도,영동군,91,21
202305,충청북도,영동군,92,13
202305,충청북도,영동군,93,17
202305,충청북도,영동군,94,8
202305,충청북도,영동군,95,10
202305,충청북도,영동군,96,5
202305,충청북도,영동군,97,6
202305,충청북도,영동군,98,2
202305,충청북도,영동군,100,1
202305,충청북도,영동군,101,1
202305,충청북도,영동군,103,1
202305,충청북도,증평군,0,3
202305,충청북도,증평군,1,2
202305,충청북도,증평군,2,3
202305,충청북도,증평군,3,5
202305,충청북도,증평군,4,13
202305,충청북도,증평군,5,7
202305,충청북도,증평군,6,12
202305,충청북도,증평군,7,8
202305,충청북도,증평군,8,19
202305,충청북도,증평군,9,14
202305,충청북도,증평군,10,26
202305,충청북도,증평군,11,17
202305,충청북도,증평군,12,23
202305,충청북도,증평군,13,31
202305,충청북도,증평군,14,24
202305,충청북도,증평군,15,29
202305,충청북도,증평군,16,24
202305,충청북도,증평군,17,31
202305,충청북도,증평군,18,23
202305,충청북도,증평군,19,15
202305,충청북도,증평군,20,18
202305,충청북도,증평군,21,11
202305,충청북도,증평군,22,12
202305,충청북도,증평군,23,6
202305,충청북도,증평군,24,5
202305,충청북도,증평군,25,6
202305,충청북도,증평군,26,6
202305,충청북도,증평군,27,6
202305,충청북도,증평군,28,4
202305,충청북도,증평군,29,4
202305,충청북도,증평군,30,4
202305,충청북도,증평군,31,6
202305,충청북도,증평군,32,3
202305,충청북도,증평군,33,9
202305,충청북도,증평군,34,8
202305,충청북도,증평군,35,8
202305,충청북도,증평군,36,21
202305,충청북도,증평군,37,11
202305,충청북도,증평군,38,15
202305,충청북도,증평군,39,10
202305,충청북도,증평군,40,8
202305,충청북도,증평군,41,24
202305,충청북도,증평군,42,14
202305,충청북도,증평군,43,20
202305,충청북도,증평군,44,19
202305,충청북도,증평군,45,19
202305,충청북도,증평군,46,13
202305,충청북도,증평군,47,16
202305,충청북도,증평군,48,27
202305,충청북도,증평군,49,17
202305,충청북도,증평군,50,17
202305,충청북도,증평군,51,20
202305,충청북도,증평군,52,19
202305,충청북도,증평군,53,20
202305,충청북도,증평군,54,25
202305,충청북도,증평군,55,37
202305,충청북도,증평군,56,25
202305,충청북도,증평군,57,38
202305,충청북도,증평군,58,32
202305,충청북도,증평군,59,19
202305,충청북도,증평군,60,33
202305,충청북도,증평군,61,40
202305,충청북도,증평군,62,35
202305,충청북도,증평군,63,43
202305,충청북도,증평군,64,27
202305,충청북도,증평군,65,38
202305,충청북도,증평군,66,36
202305,충청북도,증평군,67,39
202305,충청북도,증평군,68,32
202305,충청북도,증평군,69,37
202305,충청북도,증평군,70,46
202305,충청북도,증평군,71,39
202305,충청북도,증평군,72,29
202305,충청북도,증평군,73,26
202305,충청북도,증평군,74,17
202305,충청북도,증평군,75,36
202305,충청북도,증평군,76,34
202305,충청북도,증평군,77,28
202305,충청북도,증평군,78,30
202305,충청북도,증평군,79,33
202305,충청북도,증평군,80,38
202305,충청북도,증평군,81,31
202305,충청북도,증평군,82,31
202305,충청북도,증평군,83,34
202305,충청북도,증평군,84,37
202305,충청북도,증평군,85,34
202305,충청북도,증평군,86,30
202305,충청북도,증평군,87,23
202305,충청북도,증평군,88,25
202305,충청북도,증평군,89,18
202305,충청북도,증평군,90,12
202305,충청북도,증평군,91,14
202305,충청북도,증평군,92,4
202305,충청북도,증평군,93,8
202305,충청북도,증평군,94,5
202305,충청북도,증평군,95,3
202305,충청북도,증평군,96,1
202305,충청북도,증평군,97,2
202305,충청북도,증평군,99,1
202305,충청북도,진천군,0,4
202305,충청북도,진천군,1,4
202305,충청북도,진천군,2,8
202305,충청북도,진천군,3,8
202305,충청북도,진천군,4,13
202305,충청북도,진천군,5,13
202305,충청북도,진천군,6,16
202305,충청북도,진천군,7,24
202305,충청북도,진천군,8,25
202305,충청북도,진천군,9,32
202305,충청북도,진천군,10,48
202305,충청북도,진천군,11,40
202305,충청북도,진천군,12,55
202305,충청북도,진천군,13,42
202305,충청북도,진천군,14,54
202305,충청북도,진천군,15,43
202305,충청북도,진천군,16,35
202305,충청북도,진천군,17,34
202305,충청북도,진천군,18,28
202305,충청북도,진천군,19,26
202305,충청북도,진천군,20,21
202305,충청북도,진천군,21,24
202305,충청북도,진천군,22,29
202305,충청북도,진천군,23,13
202305,충청북도,진천군,24,17
202305,충청북도,진천군,25,13
202305,충청북도,진천군,26,12
202305,충청북도,진천군,27,7
202305,충청북도,진천군,28,10
202305,충청북도,진천군,29,5
202305,충청북도,진천군,30,18
202305,충청북도,진천군,31,7
202305,충청북도,진천군,32,10
202305,충청북도,진천군,33,12
202305,충청북도,진천군,34,13
202305,충청북도,진천군,35,13
202305,충청북도,진천군,36,23
202305,충청북도,진천군,37,22
202305,충청북도,진천군,38,24
202305,충청북도,진천군,39,17
202305,충청북도,진천군,40,31
202305,충청북도,진천군,41,28
202305,충청북도,진천군,42,19
202305,충청북도,진천군,43,21
202305,충청북도,진천군,44,17
202305,충청북도,진천군,45,27
202305,충청북도,진천군,46,20
202305,충청북도,진천군,47,34
202305,충청북도,진천군,48,31
202305,충청북도,진천군,49,36
202305,충청북도,진천군,50,30
202305,충청북도,진천군,51,29
202305,충청북도,진천군,52,29
202305,충청북도,진천군,53,32
202305,충청북도,진천군,54,56
202305,충청북도,진천군,55,33
202305,충청북도,진천군,56,37
202305,충청북도,진천군,57,41
202305,충청북도,진천군,58,52
202305,충청북도,진천군,59,48
202305,충청북도,진천군,60,52
202305,충청북도,진천군,61,62
202305,충청북도,진천군,62,75
202305,충청북도,진천군,63,57
202305,충청북도,진천군,64,43
202305,충청북도,진천군,65,60
202305,충청북도,진천군,66,53
202305,충청북도,진천군,67,52
202305,충청북도,진천군,68,67
202305,충청북도,진천군,69,46
202305,충청북도,진천군,70,44
202305,충청북도,진천군,71,32
202305,충청북도,진천군,72,47
202305,충청북도,진천군,73,43
202305,충청북도,진천군,74,42
202305,충청북도,진천군,75,41
202305,충청북도,진천군,76,41
202305,충청북도,진천군,77,20
202305,충청북도,진천군,78,36
202305,충청북도,진천군,79,35
202305,충청북도,진천군,80,55
202305,충청북도,진천군,81,61
202305,충청북도,진천군,82,56
202305,충청북도,진천군,83,57
202305,충청북도,진천군,84,56
202305,충청북도,진천군,85,47
202305,충청북도,진천군,86,52
202305,충청북도,진천군,87,39
202305,충청북도,진천군,88,36
202305,충청북도,진천군,89,39
202305,충청북도,진천군,90,27
202305,충청북도,진천군,91,15
202305,충청북도,진천군,92,19
202305,충청북도,진천군,93,6
202305,충청북도,진천군,94,7
202305,충청북도,진천군,95,9
202305,충청북도,진천군,96,5
202305,충청북도,진천군,97,3
202305,충청북도,진천군,98,7
202305,충청북도,진천군,99,1
202305,충청북도,진천군,100,1
202305,충청북도,진천군,101,1
202305,충청북도,진천군,102,1
202305,충청북도,괴산군,0,2
202305,충청북도,괴산군,1,2
202305,충청북도,괴산군,2,4
202305,충청북도,괴산군,3,6
202305,충청북도,괴산군,4,2
202305,충청북도,괴산군,5,7
202305,충청북도,괴산군,6,6
202305,충청북도,괴산군,7,12
202305,충청북도,괴산군,8,8
202305,충청북도,괴산군,9,15
202305,충청북도,괴산군,10,18
202305,충청북도,괴산군,11,13
202305,충청북도,괴산군,12,12
202305,충청북도,괴산군,13,18
202305,충청북도,괴산군,14,27
202305,충청북도,괴산군,15,24
202305,충청북도,괴산군,16,15
202305,충청북도,괴산군,17,20
202305,충청북도,괴산군,18,22
202305,충청북도,괴산군,19,4
202305,충청북도,괴산군,20,14
202305,충청북도,괴산군,21,12
202305,충청북도,괴산군,22,12
202305,충청북도,괴산군,23,9
202305,충청북도,괴산군,24,11
202305,충청북도,괴산군,25,8
202305,충청북도,괴산군,26,3
202305,충청북도,괴산군,27,7
202305,충청북도,괴산군,28,5
202305,충청북도,괴산군,29,3
202305,충청북도,괴산군,30,6
202305,충청북도,괴산군,31,5
202305,충청북도,괴산군,32,5
202305,충청북도,괴산군,33,4
202305,충청북도,괴산군,34,10
202305,충청북도,괴산군,35,8
202305,충청북도,괴산군,36,8
202305,충청북도,괴산군,37,9
202305,충청북도,괴산군,38,6
202305,충청북도,괴산군,39,9
202305,충청북도,괴산군,40,9
202305,충청북도,괴산군,41,13
202305,충청북도,괴산군,42,14
202305,충청북도,괴산군,43,24
202305,충청북도,괴산군,44,15
202305,충청북도,괴산군,45,12
202305,충청북도,괴산군,46,14
202305,충청북도,괴산군,47,12
202305,충청북도,괴산군,48,20
202305,충청북도,괴산군,49,26
202305,충청북도,괴산군,50,21
202305,충청북도,괴산군,51,23
202305,충청북도,괴산군,52,41
202305,충청북도,괴산군,53,24
202305,충청북도,괴산군,54,39
202305,충청북도,괴산군,55,36
202305,충청북도,괴산군,56,29
202305,충청북도,괴산군,57,34
202305,충청북도,괴산군,58,40
202305,충청북도,괴산군,59,26
202305,충청북도,괴산군,60,44
202305,충청북도,괴산군,61,37
202305,충청북도,괴산군,62,56
202305,충청북도,괴산군,63,40
202305,충청북도,괴산군,64,43
202305,충청북도,괴산군,65,40
202305,충청북도,괴산군,66,57
202305,충청북도,괴산군,67,47
202305,충청북도,괴산군,68,43
202305,충청북도,괴산군,69,39
202305,충청북도,괴산군,70,33
202305,충청북도,괴산군,71,28
202305,충청북도,괴산군,72,34
202305,충청북도,괴산군,73,37
202305,충청북도,괴산군,74,21
202305,충청북도,괴산군,75,42
202305,충청북도,괴산군,76,49
202305,충청북도,괴산군,77,42
202305,충청북도,괴산군,78,34
202305,충청북도,괴산군,79,41
202305,충청북도,괴산군,80,59
202305,충청북도,괴산군,81,43
202305,충청북도,괴산군,82,45
202305,충청북도,괴산군,83,43
202305,충청북도,괴산군,84,46
202305,충청북도,괴산군,85,46
202305,충청북도,괴산군,86,35
202305,충청북도,괴산군,87,36
202305,충청북도,괴산군,88,31
202305,충청북도,괴산군,89,20
202305,충청북도,괴산군,90,18
202305,충청북도,괴산군,91,25
202305,충청북도,괴산군,92,13
202305,충청북도,괴산군,93,13
202305,충청북도,괴산군,94,7
202305,충청북도,괴산군,95,3
202305,충청북도,괴산군,96,1
202305,충청북도,괴산군,97,1
202305,충청북도,괴산군,100,1
202305,충청북도,괴산군,101,2
202305,충청북도,음성군,0,3
202305,충청북도,음성군,1,8
202305,충청북도,음성군,2,9
202305,충청북도,음성군,3,12
202305,충청북도,음성군,4,22
202305,충청북도,음성군,5,17
202305,충청북도,음성군,6,20
202305,충청북도,음성군,7,27
202305,충청북도,음성군,8,44
202305,충청북도,음성군,9,50
202305,충청북도,음성군,10,45
202305,충청북도,음성군,11,50
202305,충청북도,음성군,12,60
202305,충청북도,음성군,13,40
202305,충청북도,음성군,14,58
202305,충청북도,음성군,15,57
202305,충청북도,음성군,16,55
202305,충청북도,음성군,17,60
202305,충청북도,음성군,18,40
202305,충청북도,음성군,19,34
202305,충청북도,음성군,20,30
202305,충청북도,음성군,21,33
202305,충청북도,음성군,22,20
202305,충청북도,음성군,23,20
202305,충청북도,음성군,24,14
202305,충청북도,음성군,25,16
202305,충청북도,음성군,26,19
202305,충청북도,음성군,27,12
202305,충청북도,음성군,28,15
202305,충청북도,음성군,29,6
202305,충청북도,음성군,30,15
202305,충청북도,음성군,31,10
202305,충청북도,음성군,32,18
202305,충청북도,음성군,33,12
202305,충청북도,음성군,34,14
202305,충청북도,음성군,35,16
202305,충청북도,음성군,36,21
202305,충청북도,음성군,37,19
202305,충청북도,음성군,38,25
202305,충청북도,음성군,39,24
202305,충청북도,음성군,40,31
202305,충청북도,음성군,41,30
202305,충청북도,음성군,42,44
202305,충청북도,음성군,43,32
202305,충청북도,음성군,44,33
202305,충청북도,음성군,45,36
202305,충청북도,음성군,46,42
202305,충청북도,음성군,47,44
202305,충청북도,음성군,48,41
202305,충청북도,음성군,49,52
202305,충청북도,음성군,50,62
202305,충청북도,음성군,51,45
202305,충청북도,음성군,52,56
202305,충청북도,음성군,53,57
202305,충청북도,음성군,54,60
202305,충청북도,음성군,55,64
202305,충청북도,음성군,56,54
202305,충청북도,음성군,57,61
202305,충청북도,음성군,58,60
202305,충청북도,음성군,59,60
202305,충청북도,음성군,60,72
202305,충청북도,음성군,61,66
202305,충청북도,음성군,62,93
202305,충청북도,음성군,63,80
202305,충청북도,음성군,64,94
202305,충청북도,음성군,65,82
202305,충청북도,음성군,66,94
202305,충청북도,음성군,67,84
202305,충청북도,음성군,68,100
202305,충청북도,음성군,69,66
202305,충청북도,음성군,70,77
202305,충청북도,음성군,71,87
202305,충청북도,음성군,72,76
202305,충청북도,음성군,73,64
202305,충청북도,음성군,74,68
202305,충청북도,음성군,75,69
202305,충청북도,음성군,76,78
202305,충청북도,음성군,77,63
202305,충청북도,음성군,78,70
202305,충청북도,음성군,79,62
202305,충청북도,음성군,80,75
202305,충청북도,음성군,81,91
202305,충청북도,음성군,82,69
202305,충청북도,음성군,83,51
202305,충청북도,음성군,84,67
202305,충청북도,음성군,85,78
202305,충청북도,음성군,86,64
202305,충청북도,음성군,87,53
202305,충청북도,음성군,88,52
202305,충청북도,음성군,89,28
202305,충청북도,음성군,90,26
202305,충청북도,음성군,91,19
202305,충청북도,음성군,92,22
202305,충청북도,음성군,93,14
202305,충청북도,음성군,94,13
202305,충청북도,음성군,95,4
202305,충청북도,음성군,96,2
202305,충청북도,음성군,97,7
202305,충청북도,음성군,98,4
202305,충청북도,음성군,99,2
202305,충청북도,음성군,101,1
202305,충청북도,음성군,102,1
202305,충청북도,음성군,112,1
202305,충청북도,단양군,1,1
202305,충청북도,단양군,2,1
202305,충청북도,단양군,3,3
202305,충청북도,단양군,4,3
202305,충청북도,단양군,5,2
202305,충청북도,단양군,6,6
202305,충청북도,단양군,7,5
202305,충청북도,단양군,8,7
202305,충청북도,단양군,9,15
202305,충청북도,단양군,10,15
202305,충청북도,단양군,11,15
202305,충청북도,단양군,12,20
202305,충청북도,단양군,13,18
202305,충청북도,단양군,14,25
202305,충청북도,단양군,15,16
202305,충청북도,단양군,16,15
202305,충청북도,단양군,17,15
202305,충청북도,단양군,18,21
202305,충청북도,단양군,19,19
202305,충청북도,단양군,20,8
202305,충청북도,단양군,21,9
202305,충청북도,단양군,22,8
202305,충청북도,단양군,23,7
202305,충청북도,단양군,24,3
202305,충청북도,단양군,25,3
202305,충청북도,단양군,26,2
202305,충청북도,단양군,27,4
202305,충청북도,단양군,28,4
202305,충청북도,단양군,29,2
202305,충청북도,단양군,30,6
202305,충청북도,단양군,31,5
202305,충청북도,단양군,32,2
202305,충청북도,단양군,33,3
202305,충청북도,단양군,34,2
202305,충청북도,단양군,35,2
202305,충청북도,단양군,36,7
202305,충청북도,단양군,37,8
202305,충청북도,단양군,38,5
202305,충청북도,단양군,39,4
202305,충청북도,단양군,40,6
202305,충청북도,단양군,41,12
202305,충청북도,단양군,42,4
202305,충청북도,단양군,43,10
202305,충청북도,단양군,44,9
202305,충청북도,단양군,45,9
202305,충청북도,단양군,46,19
202305,충청북도,단양군,47,17
202305,충청북도,단양군,48,14
202305,충청북도,단양군,49,13
202305,충청북도,단양군,50,9
202305,충청북도,단양군,51,14
202305,충청북도,단양군,52,16
202305,충청북도,단양군,53,20
202305,충청북도,단양군,54,22
202305,충청북도,단양군,55,21
202305,충청북도,단양군,56,21
202305,충청북도,단양군,57,22
202305,충청북도,단양군,58,20
202305,충청북도,단양군,59,19
202305,충청북도,단양군,60,40
202305,충청북도,단양군,61,26
202305,충청북도,단양군,62,37
202305,충청북도,단양군,63,43
202305,충청북도,단양군,64,36
202305,충청북도,단양군,65,30
202305,충청북도,단양군,66,38
202305,충청북도,단양군,67,36
202305,충청북도,단양군,68,39
202305,충청북도,단양군,69,33
202305,충청북도,단양군,70,23
202305,충청북도,단양군,71,36
202305,충청북도,단양군,72,22
202305,충청북도,단양군,73,28
202305,충청북도,단양군,74,46
202305,충청북도,단양군,75,32
202305,충청북도,단양군,76,44
202305,충청북도,단양군,77,17
202305,충청북도,단양군,78,30
202305,충청북도,단양군,79,42
202305,충청북도,단양군,80,38
202305,충청북도,단양군,81,47
202305,충청북도,단양군,82,42
202305,충청북도,단양군,83,39
202305,충청북도,단양군,84,24
202305,충청북도,단양군,85,34
202305,충청북도,단양군,86,37
202305,충청북도,단양군,87,31
202305,충청북도,단양군,88,27
202305,충청북도,단양군,89,14
202305,충청북도,단양군,90,16
202305,충청북도,단양군,91,5
202305,충청북도,단양군,92,9
202305,충청북도,단양군,93,8
202305,충청북도,단양군,94,7
202305,충청북도,단양군,96,2
202305,충청북도,단양군,98,3
202305,충청북도,단양군,99,2
202305,충청북도,단양군,101,1
202305,충청북도,단양군,102,1
202305,충청북도,단양군,105,1
202305,충청남도,천안시,0,22
202305,충청남도,천안시,1,32
202305,충청남도,천안시,2,54
202305,충청남도,천안시,3,65
202305,충청남도,천안시,4,83
202305,충청남도,천안시,5,101
202305,충청남도,천안시,6,150
202305,충청남도,천안시,7,172
202305,충청남도,천안시,8,186
202305,충청남도,천안시,9,215
202305,충청남도,천안시,10,227
202305,충청남도,천안시,11,260
202305,충청남도,천안시,12,279
202305,충청남도,천안시,13,240
202305,충청남도,천안시,14,283
202305,충청남도,천안시,15,310
202305,충청남도,천안시,16,302
202305,충청남도,천안시,17,306
202305,충청남도,천안시,18,259
202305,충청남도,천안시,19,186
202305,충청남도,천안시,20,177
202305,충청남도,천안시,21,164
202305,충청남도,천안시,22,155
202305,충청남도,천안시,23,146
202305,충청남도,천안시,24,101
202305,충청남도,천안시,25,97
202305,충청남도,천안시,26,76
202305,충청남도,천안시,27,65
202305,충청남도,천안시,28,75
202305,충청남도,천안시,29,66
202305,충청남도,천안시,30,76
202305,충청남도,천안시,31,87
202305,충청남도,천안시,32,74
202305,충청남도,천안시,33,72
202305,충청남도,천안시,34,92
202305,충청남도,천안시,35,85
202305,충청남도,천안시,36,94
202305,충청남도,천안시,37,99
202305,충청남도,천안시,38,108
202305,충청남도,천안시,39,152
202305,충청남도,천안시,40,160
202305,충청남도,천안시,41,176
202305,충청남도,천안시,42,186
202305,충청남도,천안시,43,189
202305,충청남도,천안시,44,171
202305,충청남도,천안시,45,198
202305,충청남도,천안시,46,178
202305,충청남도,천안시,47,204
202305,충청남도,천안시,48,219
202305,충청남도,천안시,49,248
202305,충청남도,천안시,50,237
202305,충청남도,천안시,51,262
202305,충청남도,천안시,52,253
202305,충청남도,천안시,53,295
202305,충청남도,천안시,54,331
202305,충청남도,천안시,55,308
202305,충청남도,천안시,56,243
202305,충청남도,천안시,57,272
202305,충청남도,천안시,58,299
202305,충청남도,천안시,59,252
202305,충청남도,천안시,60,320
202305,충청남도,천안시,61,319
202305,충청남도,천안시,62,397
202305,충청남도,천안시,63,374
202305,충청남도,천안시,64,350
202305,충청남도,천안시,65,386
202305,충청남도,천안시,66,352
202305,충청남도,천안시,67,389
202305,충청남도,천안시,68,393
202305,충청남도,천안시,69,333
202305,충청남도,천안시,70,300
202305,충청남도,천안시,71,326
202305,충청남도,천안시,72,238
202305,충청남도,천안시,73,274
202305,충청남도,천안시,74,249
202305,충청남도,천안시,75,293
202305,충청남도,천안시,76,245
202305,충청남도,천안시,77,187
202305,충청남도,천안시,78,220
202305,충청남도,천안시,79,264
202305,충청남도,천안시,80,247
202305,충청남도,천안시,81,255
202305,충청남도,천안시,82,233
202305,충청남도,천안시,83,222
202305,충청남도,천안시,84,219
202305,충청남도,천안시,85,195
202305,충청남도,천안시,86,163
202305,충청남도,천안시,87,155
202305,충청남도,천안시,88,151
202305,충청남도,천안시,89,96
202305,충청남도,천안시,90,91
202305,충청남도,천안시,91,79
202305,충청남도,천안시,92,47
202305,충청남도,천안시,93,41
202305,충청남도,천안시,94,34
202305,충청남도,천안시,95,23
202305,충청남도,천안시,96,16
202305,충청남도,천안시,97,9
202305,충청남도,천안시,98,8
202305,충청남도,천안시,99,5
202305,충청남도,천안시,100,4
202305,충청남도,천안시,101,3
202305,충청남도,천안시,102,3
202305,충청남도,천안시,103,1
202305,충청남도,천안시,105,1
202305,충청남도,공주시,0,5
202305,충청남도,공주시,1,10
202305,충청남도,공주시,2,7
202305,충청남도,공주시,3,18
202305,충청남도,공주시,4,17
202305,충청남도,공주시,5,17
202305,충청남도,공주시,6,34
202305,충청남도,공주시,7,39
202305,충청남도,공주시,8,55
202305,충청남도,공주시,9,49
202305,충청남도,공주시,10,53
202305,충청남도,공주시,11,50
202305,충청남도,공주시,12,83
202305,충청남도,공주시,13,68
202305,충청남도,공주시,14,66
202305,충청남도,공주시,15,80
202305,충청남도,공주시,16,81
202305,충청남도,공주시,17,75
202305,충청남도,공주시,18,71
202305,충청남도,공주시,19,59
202305,충청남도,공주시,20,46
202305,충청남도,공주시,21,38
202305,충청남도,공주시,22,48
202305,충청남도,공주시,23,40
202305,충청남도,공주시,24,27
202305,충청남도,공주시,25,26
202305,충청남도,공주시,26,25
202305,충청남도,공주시,27,16
202305,충청남도,공주시,28,15
202305,충청남도,공주시,29,14
202305,충청남도,공주시,30,19
202305,충청남도,공주시,31,21
202305,충청남도,공주시,32,20
202305,충청남도,공주시,33,8
202305,충청남도,공주시,34,22
202305,충청남도,공주시,35,26
202305,충청남도,공주시,36,22
202305,충청남도,공주시,37,22
202305,충청남도,공주시,38,26
202305,충청남도,공주시,39,37
202305,충청남도,공주시,40,41
202305,충청남도,공주시,41,50
202305,충청남도,공주시,42,47
202305,충청남도,공주시,43,42
202305,충청남도,공주시,44,46
202305,충청남도,공주시,45,45
202305,충청남도,공주시,46,36
202305,충청남도,공주시,47,54
202305,충청남도,공주시,48,59
202305,충청남도,공주시,49,70
202305,충청남도,공주시,50,58
202305,충청남도,공주시,51,67
202305,충청남도,공주시,52,61
202305,충청남도,공주시,53,79
202305,충청남도,공주시,54,84
202305,충청남도,공주시,55,75
202305,충청남도,공주시,56,82
202305,충청남도,공주시,57,89
202305,충청남도,공주시,58,82
202305,충청남도,공주시,59,78
202305,충청남도,공주시,60,95
202305,충청남도,공주시,61,89
202305,충청남도,공주시,62,103
202305,충청남도,공주시,63,83
202305,충청남도,공주시,64,112
202305,충청남도,공주시,65,114
202305,충청남도,공주시,66,111
202305,충청남도,공주시,67,124
202305,충청남도,공주시,68,117
202305,충청남도,공주시,69,81
202305,충청남도,공주시,70,81
202305,충청남도,공주시,71,88
202305,충청남도,공주시,72,99
202305,충청남도,공주시,73,100
202305,충청남도,공주시,74,90
202305,충청남도,공주시,75,88
202305,충청남도,공주시,76,95
202305,충청남도,공주시,77,67
202305,충청남도,공주시,78,71
202305,충청남도,공주시,79,94
202305,충청남도,공주시,80,113
202305,충청남도,공주시,81,126
202305,충청남도,공주시,82,74
202305,충청남도,공주시,83,69
202305,충청남도,공주시,84,89
202305,충청남도,공주시,85,76
202305,충청남도,공주시,86,67
202305,충청남도,공주시,87,69
202305,충청남도,공주시,88,67
202305,충청남도,공주시,89,36
202305,충청남도,공주시,90,41
202305,충청남도,공주시,91,30
202305,충청남도,공주시,92,25
202305,충청남도,공주시,93,18
202305,충청남도,공주시,94,19
202305,충청남도,공주시,95,14
202305,충청남도,공주시,96,6
202305,충청남도,공주시,97,7
202305,충청남도,공주시,98,2
202305,충청남도,공주시,99,2
202305,충청남도,공주시,100,1
202305,충청남도,공주시,101,2
202305,충청남도,공주시,102,1
202305,충청남도,공주시,104,1
202305,충청남도,보령시,0,3
202305,충청남도,보령시,1,11
202305,충청남도,보령시,2,15
202305,충청남도,보령시,3,12
202305,충청남도,보령시,4,11
202305,충청남도,보령시,5,13
202305,충청남도,보령시,6,33
202305,충청남도,보령시,7,37
202305,충청남도,보령시,8,43
202305,충청남도,보령시,9,57
202305,충청남도,보령시,10,61
202305,충청남도,보령시,11,63
202305,충청남도,보령시,12,75
202305,충청남도,보령시,13,58
202305,충청남도,보령시,14,77
202305,충청남도,보령시,15,80
202305,충청남도,보령시,16,82
202305,충청남도,보령시,17,81
202305,충청남도,보령시,18,59
202305,충청남도,보령시,19,51
202305,충청남도,보령시,20,34
202305,충청남도,보령시,21,22
202305,충청남도,보령시,22,35
202305,충청남도,보령시,23,27
202305,충청남도,보령시,24,18
202305,충청남도,보령시,25,19
202305,충청남도,보령시,26,11
202305,충청남도,보령시,27,11
202305,충청남도,보령시,28,12
202305,충청남도,보령시,29,9
202305,충청남도,보령시,30,20
202305,충청남도,보령시,31,11
202305,충청남도,보령시,32,18
202305,충청남도,보령시,33,21
202305,충청남도,보령시,34,19
202305,충청남도,보령시,35,18
202305,충청남도,보령시,36,23
202305,충청남도,보령시,37,28
202305,충청남도,보령시,38,31
202305,충청남도,보령시,39,29
202305,충청남도,보령시,40,41
202305,충청남도,보령시,41,42
202305,충청남도,보령시,42,43
202305,충청남도,보령시,43,53
202305,충청남도,보령시,44,39
202305,충청남도,보령시,45,37
202305,충청남도,보령시,46,47
202305,충청남도,보령시,47,57
202305,충청남도,보령시,48,71
202305,충청남도,보령시,49,71
202305,충청남도,보령시,50,74
202305,충청남도,보령시,51,71
202305,충청남도,보령시,52,69
202305,충청남도,보령시,53,83
202305,충청남도,보령시,54,74
202305,충청남도,보령시,55,86
202305,충청남도,보령시,56,81
202305,충청남도,보령시,57,68
202305,충청남도,보령시,58,91
202305,충청남도,보령시,59,80
202305,충청남도,보령시,60,81
202305,충청남도,보령시,61,95
202305,충청남도,보령시,62,103
202305,충청남도,보령시,63,130
202305,충청남도,보령시,64,112
202305,충청남도,보령시,65,111
202305,충청남도,보령시,66,125
202305,충청남도,보령시,67,143
202305,충청남도,보령시,68,143
202305,충청남도,보령시,69,113
202305,충청남도,보령시,70,119
202305,충청남도,보령시,71,106
202305,충청남도,보령시,72,100
202305,충청남도,보령시,73,122
202305,충청남도,보령시,74,94
202305,충청남도,보령시,75,108
202305,충청남도,보령시,76,102
202305,충청남도,보령시,77,90
202305,충청남도,보령시,78,96
202305,충청남도,보령시,79,100
202305,충청남도,보령시,80,134
202305,충청남도,보령시,81,123
202305,충청남도,보령시,82,94
202305,충청남도,보령시,83,113
202305,충청남도,보령시,84,140
202305,충청남도,보령시,85,102
202305,충청남도,보령시,86,94
202305,충청남도,보령시,87,94
202305,충청남도,보령시,88,89
202305,충청남도,보령시,89,71
202305,충청남도,보령시,90,58
202305,충청남도,보령시,91,39
202305,충청남도,보령시,92,50
202305,충청남도,보령시,93,34
202305,충청남도,보령시,94,26
202305,충청남도,보령시,95,15
202305,충청남도,보령시,96,12
202305,충청남도,보령시,97,4
202305,충청남도,보령시,98,6
202305,충청남도,보령시,99,2
202305,충청남도,보령시,100,4
202305,충청남도,보령시,101,1
202305,충청남도,보령시,102,1
202305,충청남도,보령시,103,1
202305,충청남도,아산시,0,14
202305,충청남도,아산시,1,23
202305,충청남도,아산시,2,30
202305,충청남도,아산시,3,36
202305,충청남도,아산시,4,54
202305,충청남도,아산시,5,55
202305,충청남도,아산시,6,74
202305,충청남도,아산시,7,107
202305,충청남도,아산시,8,120
202305,충청남도,아산시,9,148
202305,충청남도,아산시,10,153
202305,충청남도,아산시,11,154
202305,충청남도,아산시,12,194
202305,충청남도,아산시,13,178
202305,충청남도,아산시,14,189
202305,충청남도,아산시,15,207
202305,충청남도,아산시,16,182
202305,충청남도,아산시,17,175
202305,충청남도,아산시,18,164
202305,충청남도,아산시,19,137
202305,충청남도,아산시,20,101
202305,충청남도,아산시,21,97
202305,충청남도,아산시,22,98
202305,충청남도,아산시,23,56
202305,충청남도,아산시,24,63
202305,충청남도,아산시,25,40
202305,충청남도,아산시,26,34
202305,충청남도,아산시,27,33
202305,충청남도,아산시,28,32
202305,충청남도,아산시,29,24
202305,충청남도,아산시,30,44
202305,충청남도,아산시,31,44
202305,충청남도,아산시,32,40
202305,충청남도,아산시,33,50
202305,충청남도,아산시,34,54
202305,충청남도,아산시,35,41
202305,충청남도,아산시,36,55
202305,충청남도,아산시,37,52
202305,충청남도,아산시,38,85
202305,충청남도,아산시,39,74
202305,충청남도,아산시,40,101
202305,충청남도,아산시,41,109
202305,충청남도,아산시,42,122
202305,충청남도,아산시,43,110
202305,충청남도,아산시,44,110
202305,충청남도,아산시,45,135
202305,충청남도,아산시,46,113
202305,충청남도,아산시,47,126
202305,충청남도,아산시,48,104
202305,충청남도,아산시,49,150
202305,충청남도,아산시,50,161
202305,충청남도,아산시,51,152
202305,충청남도,아산시,52,175
202305,충청남도,아산시,53,147
202305,충청남도,아산시,54,182
202305,충청남도,아산시,55,176
202305,충청남도,아산시,56,173
202305,충청남도,아산시,57,155
202305,충청남도,아산시,58,167
202305,충청남도,아산시,59,159
202305,충청남도,아산시,60,202
202305,충청남도,아산시,61,192
202305,충청남도,아산시,62,248
202305,충청남도,아산시,63,252
202305,충청남도,아산시,64,215
202305,충청남도,아산시,65,217
202305,충청남도,아산시,66,253
202305,충청남도,아산시,67,261
202305,충청남도,아산시,68,257
202305,충청남도,아산시,69,223
202305,충청남도,아산시,70,216
202305,충청남도,아산시,71,222
202305,충청남도,아산시,72,193
202305,충청남도,아산시,73,228
202305,충청남도,아산시,74,203
202305,충청남도,아산시,75,221
202305,충청남도,아산시,76,213
202305,충청남도,아산시,77,172
202305,충청남도,아산시,78,187
202305,충청남도,아산시,79,196
202305,충청남도,아산시,80,213
202305,충청남도,아산시,81,241
202305,충청남도,아산시,82,186
202305,충청남도,아산시,83,182
202305,충청남도,아산시,84,194
202305,충청남도,아산시,85,151
202305,충청남도,아산시,86,146
202305,충청남도,아산시,87,150
202305,충청남도,아산시,88,104
202305,충청남도,아산시,89,111
202305,충청남도,아산시,90,72
202305,충청남도,아산시,91,70
202305,충청남도,아산시,92,36
202305,충청남도,아산시,93,40
202305,충청남도,아산시,94,23
202305,충청남도,아산시,95,22
202305,충청남도,아산시,96,11
202305,충청남도,아산시,97,5
202305,충청남도,아산시,98,6
202305,충청남도,아산시,99,4
202305,충청남도,아산시,100,4
202305,충청남도,아산시,101,2
202305,충청남도,아산시,102,1
202305,충청남도,서산시,0,2
202305,충청남도,서산시,1,3
202305,충청남도,서산시,2,8
202305,충청남도,서산시,3,19
202305,충청남도,서산시,4,14
202305,충청남도,서산시,5,25
202305,충청남도,서산시,6,23
202305,충청남도,서산시,7,43
202305,충청남도,서산시,8,45
202305,충청남도,서산시,9,56
202305,충청남도,서산시,10,60
202305,충청남도,서산시,11,68
202305,충청남도,서산시,12,78
202305,충청남도,서산시,13,61
202305,충청남도,서산시,14,78
202305,충청남도,서산시,15,62
202305,충청남도,서산시,16,99
202305,충청남도,서산시,17,77
202305,충청남도,서산시,18,51
202305,충청남도,서산시,19,49
202305,충청남도,서산시,20,41
202305,충청남도,서산시,21,23
202305,충청남도,서산시,22,24
202305,충청남도,서산시,23,28
202305,충청남도,서산시,24,22
202305,충청남도,서산시,25,19
202305,충청남도,서산시,26,6
202305,충청남도,서산시,27,9
202305,충청남도,서산시,28,13
202305,충청남도,서산시,29,12
202305,충청남도,서산시,30,12
202305,충청남도,서산시,31,10
202305,충청남도,서산시,32,19
202305,충청남도,서산시,33,17
202305,충청남도,서산시,34,16
202305,충청남도,서산시,35,20
202305,충청남도,서산시,36,23
202305,충청남도,서산시,37,21
202305,충청남도,서산시,38,24
202305,충청남도,서산시,39,19
202305,충청남도,서산시,40,30
202305,충청남도,서산시,41,39
202305,충청남도,서산시,42,45
202305,충청남도,서산시,43,48
202305,충청남도,서산시,44,41
202305,충청남도,서산시,45,54
202305,충청남도,서산시,46,59
202305,충청남도,서산시,47,61
202305,충청남도,서산시,48,62
202305,충청남도,서산시,49,42
202305,충청남도,서산시,50,67
202305,충청남도,서산시,51,51
202305,충청남도,서산시,52,61
202305,충청남도,서산시,53,68
202305,충청남도,서산시,54,77
202305,충청남도,서산시,55,62
202305,충청남도,서산시,56,80
202305,충청남도,서산시,57,51
202305,충청남도,서산시,58,67
202305,충청남도,서산시,59,58
202305,충청남도,서산시,60,67
202305,충청남도,서산시,61,71
202305,충청남도,서산시,62,92
202305,충청남도,서산시,63,79
202305,충청남도,서산시,64,83
202305,충청남도,서산시,65,115
202305,충청남도,서산시,66,106
202305,충청남도,서산시,67,90
202305,충청남도,서산시,68,88
202305,충청남도,서산시,69,86
202305,충청남도,서산시,70,73
202305,충청남도,서산시,71,75
202305,충청남도,서산시,72,79
202305,충청남도,서산시,73,94
202305,충청남도,서산시,74,90
202305,충청남도,서산시,75,93
202305,충청남도,서산시,76,84
202305,충청남도,서산시,77,63
202305,충청남도,서산시,78,61
202305,충청남도,서산시,79,102
202305,충청남도,서산시,80,108
202305,충청남도,서산시,81,98
202305,충청남도,서산시,82,76
202305,충청남도,서산시,83,64
202305,충청남도,서산시,84,79
202305,충청남도,서산시,85,77
202305,충청남도,서산시,86,70
202305,충청남도,서산시,87,77
202305,충청남도,서산시,88,62
202305,충청남도,서산시,89,47
202305,충청남도,서산시,90,44
202305,충청남도,서산시,91,34
202305,충청남도,서산시,92,28
202305,충청남도,서산시,93,15
202305,충청남도,서산시,94,18
202305,충청남도,서산시,95,15
202305,충청남도,서산시,96,5
202305,충청남도,서산시,97,3
202305,충청남도,서산시,98,3
202305,충청남도,서산시,99,4
202305,충청남도,서산시,100,2
202305,충청남도,서산시,102,1
202305,충청남도,논산시,0,6
202305,충청남도,논산시,1,12
202305,충청남도,논산시,2,14
202305,충청남도,논산시,3,17
202305,충청남도,논산시,4,34
202305,충청남도,논산시,5,21
202305,충청남도,논산시,6,39
202305,충청남도,논산시,7,51
202305,충청남도,논산시,8,61
202305,충청남도,논산시,9,74
202305,충청남도,논산시,10,86
202305,충청남도,논산시,11,98
202305,충청남도,논산시,12,90
202305,충청남도,논산시,13,89
202305,충청남도,논산시,14,104
202305,충청남도,논산시,15,123
202305,충청남도,논산시,16,124
202305,충청남도,논산시,17,125
202305,충청남도,논산시,18,90
202305,충청남도,논산시,19,58
202305,충청남도,논산시,20,52
202305,충청남도,논산시,21,48
202305,충청남도,논산시,22,48
202305,충청남도,논산시,23,48
202305,충청남도,논산시,24,44
202305,충청남도,논산시,25,34
202305,충청남도,논산시,26,24
202305,충청남도,논산시,27,17
202305,충청남도,논산시,28,18
202305,충청남도,논산시,29,13
202305,충청남도,논산시,30,21
202305,충청남도,논산시,31,22
202305,충청남도,논산시,32,19
202305,충청남도,논산시,33,21
202305,충청남도,논산시,34,25
202305,충청남도,논산시,35,29
202305,충청남도,논산시,36,30
202305,충청남도,논산시,37,43
202305,충청남도,논산시,38,40
202305,충청남도,논산시,39,39
202305,충청남도,논산시,40,58
202305,충청남도,논산시,41,60
202305,충청남도,논산시,42,49
202305,충청남도,논산시,43,59
202305,충청남도,논산시,44,46
202305,충청남도,논산시,45,54
202305,충청남도,논산시,46,70
202305,충청남도,논산시,47,74
202305,충청남도,논산시,48,90
202305,충청남도,논산시,49,89
202305,충청남도,논산시,50,84
202305,충청남도,논산시,51,106
202305,충청남도,논산시,52,104
202305,충청남도,논산시,53,89
202305,충청남도,논산시,54,120
202305,충청남도,논산시,55,119
202305,충청남도,논산시,56,115
202305,충청남도,논산시,57,150
202305,충청남도,논산시,58,158
202305,충청남도,논산시,59,124
202305,충청남도,논산시,60,129
202305,충청남도,논산시,61,139
202305,충청남도,논산시,62,158
202305,충청남도,논산시,63,148
202305,충청남도,논산시,64,176
202305,충청남도,논산시,65,161
202305,충청남도,논산시,66,164
202305,충청남도,논산시,67,183
202305,충청남도,논산시,68,183
202305,충청남도,논산시,69,136
202305,충청남도,논산시,70,107
202305,충청남도,논산시,71,149
202305,충청남도,논산시,72,134
202305,충청남도,논산시,73,137
202305,충청남도,논산시,74,116
202305,충청남도,논산시,75,152
202305,충청남도,논산시,76,127
202305,충청남도,논산시,77,95
202305,충청남도,논산시,78,120
202305,충청남도,논산시,79,129
202305,충청남도,논산시,80,168
202305,충청남도,논산시,81,172
202305,충청남도,논산시,82,117
202305,충청남도,논산시,83,133
202305,충청남도,논산시,84,127
202305,충청남도,논산시,85,125
202305,충청남도,논산시,86,108
202305,충청남도,논산시,87,108
202305,충청남도,논산시,88,84
202305,충청남도,논산시,89,84
202305,충청남도,논산시,90,58
202305,충청남도,논산시,91,47
202305,충청남도,논산시,92,32
202305,충청남도,논산시,93,34
202305,충청남도,논산시,94,20
202305,충청남도,논산시,95,10
202305,충청남도,논산시,96,18
202305,충청남도,논산시,97,8
202305,충청남도,논산시,98,4
202305,충청남도,논산시,99,5
202305,충청남도,논산시,100,5
202305,충청남도,논산시,101,3
202305,충청남도,논산시,103,1
202305,충청남도,논산시,105,1
202305,충청남도,계룡시,0,1
202305,충청남도,계룡시,1,2
202305,충청남도,계룡시,2,2
202305,충청남도,계룡시,3,4
202305,충청남도,계룡시,4,4
202305,충청남도,계룡시,5,9
202305,충청남도,계룡시,6,12
202305,충청남도,계룡시,7,17
202305,충청남도,계룡시,8,20
202305,충청남도,계룡시,9,17
202305,충청남도,계룡시,10,18
202305,충청남도,계룡시,11,25
202305,충청남도,계룡시,12,22
202305,충청남도,계룡시,13,17
202305,충청남도,계룡시,14,19
202305,충청남도,계룡시,15,21
202305,충청남도,계룡시,16,25
202305,충청남도,계룡시,17,21
202305,충청남도,계룡시,18,17
202305,충청남도,계룡시,19,8
202305,충청남도,계룡시,20,11
202305,충청남도,계룡시,21,11
202305,충청남도,계룡시,22,10
202305,충청남도,계룡시,23,5
202305,충청남도,계룡시,24,5
202305,충청남도,계룡시,25,5
202305,충청남도,계룡시,26,3
202305,충청남도,계룡시,27,3
202305,충청남도,계룡시,28,1
202305,충청남도,계룡시,29,4
202305,충청남도,계룡시,30,3
202305,충청남도,계룡시,31,10
202305,충청남도,계룡시,32,3
202305,충청남도,계룡시,33,5
202305,충청남도,계룡시,34,5
202305,충청남도,계룡시,35,10
202305,충청남도,계룡시,36,7
202305,충청남도,계룡시,37,6
202305,충청남도,계룡시,38,11
202305,충청남도,계룡시,39,10
202305,충청남도,계룡시,40,18
202305,충청남도,계룡시,41,14
202305,충청남도,계룡시,42,9
202305,충청남도,계룡시,43,15
202305,충청남도,계룡시,44,9
202305,충청남도,계룡시,45,10
202305,충청남도,계룡시,46,12
202305,충청남도,계룡시,47,17
202305,충청남도,계룡시,48,12
202305,충청남도,계룡시,49,17
202305,충청남도,계룡시,50,14
202305,충청남도,계룡시,51,15
202305,충청남도,계룡시,52,11
202305,충청남도,계룡시,53,13
202305,충청남도,계룡시,54,19
202305,충청남도,계룡시,55,14
202305,충청남도,계룡시,56,10
202305,충청남도,계룡시,57,7
202305,충청남도,계룡시,58,17
202305,충청남도,계룡시,59,11
202305,충청남도,계룡시,60,10
202305,충청남도,계룡시,61,12
202305,충청남도,계룡시,62,17
202305,충청남도,계룡시,63,19
202305,충청남도,계룡시,64,24
202305,충청남도,계룡시,65,15
202305,충청남도,계룡시,66,22
202305,충청남도,계룡시,67,16
202305,충청남도,계룡시,68,17
202305,충청남도,계룡시,69,23
202305,충청남도,계룡시,70,16
202305,충청남도,계룡시,71,17
202305,충청남도,계룡시,72,12
202305,충청남도,계룡시,73,17
202305,충청남도,계룡시,74,18
202305,충청남도,계룡시,75,10
202305,충청남도,계룡시,76,12
202305,충청남도,계룡시,77,11
202305,충청남도,계룡시,78,13
202305,충청남도,계룡시,79,15
202305,충청남도,계룡시,80,26
202305,충청남도,계룡시,81,23
202305,충청남도,계룡시,82,20
202305,충청남도,계룡시,83,20
202305,충청남도,계룡시,84,19
202305,충청남도,계룡시,85,15
202305,충청남도,계룡시,86,15
202305,충청남도,계룡시,87,19
202305,충청남도,계룡시,88,10
202305,충청남도,계룡시,89,14
202305,충청남도,계룡시,90,14
202305,충청남도,계룡시,91,12
202305,충청남도,계룡시,92,6
202305,충청남도,계룡시,94,3
202305,충청남도,계룡시,95,5
202305,충청남도,계룡시,96,2
202305,충청남도,당진시,0,10
202305,충청남도,당진시,1,17
202305,충청남도,당진시,2,11
202305,충청남도,당진시,3,16
202305,충청남도,당진시,4,21
202305,충청남도,당진시,5,19
202305,충청남도,당진시,6,25
202305,충청남도,당진시,7,46
202305,충청남도,당진시,8,58
202305,충청남도,당진시,9,56
202305,충청남도,당진시,10,63
202305,충청남도,당진시,11,67
202305,충청남도,당진시,12,90
202305,충청남도,당진시,13,86
202305,충청남도,당진시,14,67
202305,충청남도,당진시,15,98
202305,충청남도,당진시,16,78
202305,충청남도,당진시,17,77
202305,충청남도,당진시,18,65
202305,충청남도,당진시,19,49
202305,충청남도,당진시,20,32
202305,충청남도,당진시,21,42
202305,충청남도,당진시,22,47
202305,충청남도,당진시,23,34
202305,충청남도,당진시,24,17
202305,충청남도,당진시,25,18
202305,충청남도,당진시,26,25
202305,충청남도,당진시,27,11
202305,충청남도,당진시,28,17
202305,충청남도,당진시,29,13
202305,충청남도,당진시,30,14
202305,충청남도,당진시,31,10
202305,충청남도,당진시,32,22
202305,충청남도,당진시,33,17
202305,충청남도,당진시,34,16
202305,충청남도,당진시,35,23
202305,충청남도,당진시,36,21
202305,충청남도,당진시,37,23
202305,충청남도,당진시,38,23
202305,충청남도,당진시,39,24
202305,충청남도,당진시,40,34
202305,충청남도,당진시,41,52
202305,충청남도,당진시,42,50
202305,충청남도,당진시,43,45
202305,충청남도,당진시,44,48
202305,충청남도,당진시,45,51
202305,충청남도,당진시,46,49
202305,충청남도,당진시,47,63
202305,충청남도,당진시,48,49
202305,충청남도,당진시,49,66
202305,충청남도,당진시,50,67
202305,충청남도,당진시,51,63
202305,충청남도,당진시,52,64
202305,충청남도,당진시,53,72
202305,충청남도,당진시,54,85
202305,충청남도,당진시,55,53
202305,충청남도,당진시,56,87
202305,충청남도,당진시,57,78
202305,충청남도,당진시,58,96
202305,충청남도,당진시,59,76
202305,충청남도,당진시,60,79
202305,충청남도,당진시,61,75
202305,충청남도,당진시,62,94
202305,충청남도,당진시,63,115
202305,충청남도,당진시,64,92
202305,충청남도,당진시,65,105
202305,충청남도,당진시,66,113
202305,충청남도,당진시,67,137
202305,충청남도,당진시,68,113
202305,충청남도,당진시,69,100
202305,충청남도,당진시,70,83
202305,충청남도,당진시,71,99
202305,충청남도,당진시,72,71
202305,충청남도,당진시,73,87
202305,충청남도,당진시,74,96
202305,충청남도,당진시,75,106
202305,충청남도,당진시,76,98
202305,충청남도,당진시,77,81
202305,충청남도,당진시,78,70
202305,충청남도,당진시,79,65
202305,충청남도,당진시,80,81
202305,충청남도,당진시,81,120
202305,충청남도,당진시,82,56
202305,충청남도,당진시,83,80
202305,충청남도,당진시,84,100
202305,충청남도,당진시,85,74
202305,충청남도,당진시,86,77
202305,충청남도,당진시,87,90
202305,충청남도,당진시,88,61
202305,충청남도,당진시,89,56
202305,충청남도,당진시,90,32
202305,충청남도,당진시,91,39
202305,충청남도,당진시,92,19
202305,충청남도,당진시,93,21
202305,충청남도,당진시,94,19
202305,충청남도,당진시,95,8
202305,충청남도,당진시,96,5
202305,충청남도,당진시,97,5
202305,충청남도,당진시,98,2
202305,충청남도,당진시,99,1
202305,충청남도,당진시,100,1
202305,충청남도,당진시,101,2
202305,충청남도,당진시,102,1
202305,충청남도,당진시,104,1
202305,충청남도,금산군,0,2
202305,충청남도,금산군,1,2
202305,충청남도,금산군,2,3
202305,충청남도,금산군,3,4
202305,충청남도,금산군,4,4
202305,충청남도,금산군,5,7
202305,충청남도,금산군,6,12
202305,충청남도,금산군,7,21
202305,충청남도,금산군,8,17
202305,충청남도,금산군,9,25
202305,충청남도,금산군,10,37
202305,충청남도,금산군,11,28
202305,충청남도,금산군,12,48
202305,충청남도,금산군,13,32
202305,충청남도,금산군,14,38
202305,충청남도,금산군,15,37
202305,충청남도,금산군,16,32
202305,충청남도,금산군,17,44
202305,충청남도,금산군,18,30
202305,충청남도,금산군,19,27
202305,충청남도,금산군,20,17
202305,충청남도,금산군,21,19
202305,충청남도,금산군,22,20
202305,충청남도,금산군,23,14
202305,충청남도,금산군,24,7
202305,충청남도,금산군,25,5
202305,충청남도,금산군,26,6
202305,충청남도,금산군,27,3
202305,충청남도,금산군,28,4
202305,충청남도,금산군,29,4
202305,충청남도,금산군,30,9
202305,충청남도,금산군,31,5
202305,충청남도,금산군,32,4
202305,충청남도,금산군,33,4
202305,충청남도,금산군,34,9
202305,충청남도,금산군,35,7
202305,충청남도,금산군,36,10
202305,충청남도,금산군,37,14
202305,충청남도,금산군,38,8
202305,충청남도,금산군,39,13
202305,충청남도,금산군,40,15
202305,충청남도,금산군,41,15
202305,충청남도,금산군,42,27
202305,충청남도,금산군,43,21
202305,충청남도,금산군,44,18
202305,충청남도,금산군,45,23
202305,충청남도,금산군,46,31
202305,충청남도,금산군,47,29
202305,충청남도,금산군,48,24
202305,충청남도,금산군,49,33
202305,충청남도,금산군,50,31
202305,충청남도,금산군,51,36
202305,충청남도,금산군,52,32
202305,충청남도,금산군,53,35
202305,충청남도,금산군,54,45
202305,충청남도,금산군,55,27
202305,충청남도,금산군,56,44
202305,충청남도,금산군,57,47
202305,충청남도,금산군,58,54
202305,충청남도,금산군,59,50
202305,충청남도,금산군,60,49
202305,충청남도,금산군,61,46
202305,충청남도,금산군,62,44
202305,충청남도,금산군,63,55
202305,충청남도,금산군,64,53
202305,충청남도,금산군,65,60
202305,충청남도,금산군,66,57
202305,충청남도,금산군,67,57
202305,충청남도,금산군,68,62
202305,충청남도,금산군,69,64
202305,충청남도,금산군,70,53
202305,충청남도,금산군,71,46
202305,충청남도,금산군,72,41
202305,충청남도,금산군,73,56
202305,충청남도,금산군,74,45
202305,충청남도,금산군,75,62
202305,충청남도,금산군,76,64
202305,충청남도,금산군,77,48
202305,충청남도,금산군,78,46
202305,충청남도,금산군,79,49
202305,충청남도,금산군,80,68
202305,충청남도,금산군,81,87
202305,충청남도,금산군,82,56
202305,충청남도,금산군,83,70
202305,충청남도,금산군,84,67
202305,충청남도,금산군,85,57
202305,충청남도,금산군,86,58
202305,충청남도,금산군,87,53
202305,충청남도,금산군,88,37
202305,충청남도,금산군,89,46
202305,충청남도,금산군,90,28
202305,충청남도,금산군,91,29
202305,충청남도,금산군,92,15
202305,충청남도,금산군,93,22
202305,충청남도,금산군,94,14
202305,충청남도,금산군,95,4
202305,충청남도,금산군,96,3
202305,충청남도,금산군,97,1
202305,충청남도,금산군,98,2
202305,충청남도,금산군,99,2
202305,충청남도,금산군,100,5
202305,충청남도,금산군,101,1
202305,충청남도,금산군,102,1
202305,충청남도,부여군,0,2
202305,충청남도,부여군,1,4
202305,충청남도,부여군,2,4
202305,충청남도,부여군,3,4
202305,충청남도,부여군,4,9
202305,충청남도,부여군,5,9
202305,충청남도,부여군,6,14
202305,충청남도,부여군,7,23
202305,충청남도,부여군,8,29
202305,충청남도,부여군,9,33
202305,충청남도,부여군,10,36
202305,충청남도,부여군,11,34
202305,충청남도,부여군,12,47
202305,충청남도,부여군,13,48
202305,충청남도,부여군,14,48
202305,충청남도,부여군,15,49
202305,충청남도,부여군,16,51
202305,충청남도,부여군,17,59
202305,충청남도,부여군,18,38
202305,충청남도,부여군,19,30
202305,충청남도,부여군,20,19
202305,충청남도,부여군,21,26
202305,충청남도,부여군,22,20
202305,충청남도,부여군,23,9
202305,충청남도,부여군,24,15
202305,충청남도,부여군,25,9
202305,충청남도,부여군,26,6
202305,충청남도,부여군,27,10
202305,충청남도,부여군,28,8
202305,충청남도,부여군,29,7
202305,충청남도,부여군,30,5
202305,충청남도,부여군,31,8
202305,충청남도,부여군,32,10
202305,충청남도,부여군,33,9
202305,충청남도,부여군,34,9
202305,충청남도,부여군,35,10
202305,충청남도,부여군,36,19
202305,충청남도,부여군,37,16
202305,충청남도,부여군,38,17
202305,충청남도,부여군,39,21
202305,충청남도,부여군,40,18
202305,충청남도,부여군,41,18
202305,충청남도,부여군,42,33
202305,충청남도,부여군,43,41
202305,충청남도,부여군,44,34
202305,충청남도,부여군,45,36
202305,충청남도,부여군,46,31
202305,충청남도,부여군,47,43
202305,충청남도,부여군,48,39
202305,충청남도,부여군,49,55
202305,충청남도,부여군,50,53
202305,충청남도,부여군,51,40
202305,충청남도,부여군,52,59
202305,충청남도,부여군,53,50
202305,충청남도,부여군,54,61
202305,충청남도,부여군,55,48
202305,충청남도,부여군,56,48
202305,충청남도,부여군,57,59
202305,충청남도,부여군,58,63
202305,충청남도,부여군,59,52
202305,충청남도,부여군,60,72
202305,충청남도,부여군,61,85
202305,충청남도,부여군,62,95
202305,충청남도,부여군,63,82
202305,충청남도,부여군,64,68
202305,충청남도,부여군,65,76
202305,충청남도,부여군,66,69
202305,충청남도,부여군,67,82
202305,충청남도,부여군,68,69
202305,충청남도,부여군,69,75
202305,충청남도,부여군,70,70
202305,충청남도,부여군,71,64
202305,충청남도,부여군,72,63
202305,충청남도,부여군,73,63
202305,충청남도,부여군,74,58
202305,충청남도,부여군,75,64
202305,충청남도,부여군,76,61
202305,충청남도,부여군,77,40
202305,충청남도,부여군,78,66
202305,충청남도,부여군,79,93
202305,충청남도,부여군,80,93
202305,충청남도,부여군,81,94
202305,충청남도,부여군,82,58
202305,충청남도,부여군,83,74
202305,충청남도,부여군,84,86
202305,충청남도,부여군,85,66
202305,충청남도,부여군,86,58
202305,충청남도,부여군,87,64
202305,충청남도,부여군,88,70
202305,충청남도,부여군,89,54
202305,충청남도,부여군,90,51
202305,충청남도,부여군,91,47
202305,충청남도,부여군,92,22
202305,충청남도,부여군,93,24
202305,충청남도,부여군,94,25
202305,충청남도,부여군,95,12
202305,충청남도,부여군,96,9
202305,충청남도,부여군,97,5
202305,충청남도,부여군,98,5
202305,충청남도,부여군,99,5
202305,충청남도,부여군,100,2
202305,충청남도,부여군,101,3
202305,충청남도,부여군,104,1
202305,충청남도,서천군,0,1
202305,충청남도,서천군,1,3
202305,충청남도,서천군,3,3
202305,충청남도,서천군,4,4
202305,충청남도,서천군,5,3
202305,충청남도,서천군,6,4
202305,충청남도,서천군,7,15
202305,충청남도,서천군,8,12
202305,충청남도,서천군,9,22
202305,충청남도,서천군,10,23
202305,충청남도,서천군,11,17
202305,충청남도,서천군,12,26
202305,충청남도,서천군,13,21
202305,충청남도,서천군,14,17
202305,충청남도,서천군,15,27
202305,충청남도,서천군,16,28
202305,충청남도,서천군,17,25
202305,충청남도,서천군,18,25
202305,충청남도,서천군,19,14
202305,충청남도,서천군,20,19
202305,충청남도,서천군,21,18
202305,충청남도,서천군,22,11
202305,충청남도,서천군,23,10
202305,충청남도,서천군,24,7
202305,충청남도,서천군,25,5
202305,충청남도,서천군,26,4
202305,충청남도,서천군,27,7
202305,충청남도,서천군,28,5
202305,충청남도,서천군,29,6
202305,충청남도,서천군,30,4
202305,충청남도,서천군,31,7
202305,충청남도,서천군,32,6
202305,충청남도,서천군,33,5
202305,충청남도,서천군,34,8
202305,충청남도,서천군,35,6
202305,충청남도,서천군,36,11
202305,충청남도,서천군,37,10
202305,충청남도,서천군,38,13
202305,충청남도,서천군,39,16
202305,충청남도,서천군,40,11
202305,충청남도,서천군,41,19
202305,충청남도,서천군,42,20
202305,충청남도,서천군,43,22
202305,충청남도,서천군,44,19
202305,충청남도,서천군,45,18
202305,충청남도,서천군,46,20
202305,충청남도,서천군,47,25
202305,충청남도,서천군,48,27
202305,충청남도,서천군,49,27
202305,충청남도,서천군,50,34
202305,충청남도,서천군,51,31
202305,충청남도,서천군,52,30
202305,충청남도,서천군,53,30
202305,충청남도,서천군,54,45
202305,충청남도,서천군,55,34
202305,충청남도,서천군,56,25
202305,충청남도,서천군,57,36
202305,충청남도,서천군,58,51
202305,충청남도,서천군,59,44
202305,충청남도,서천군,60,62
202305,충청남도,서천군,61,56
202305,충청남도,서천군,62,65
202305,충청남도,서천군,63,67
202305,충청남도,서천군,64,53
202305,충청남도,서천군,65,55
202305,충청남도,서천군,66,53
202305,충청남도,서천군,67,52
202305,충청남도,서천군,68,74
202305,충청남도,서천군,69,40
202305,충청남도,서천군,70,49
202305,충청남도,서천군,71,62
202305,충청남도,서천군,72,61
202305,충청남도,서천군,73,52
202305,충청남도,서천군,74,65
202305,충청남도,서천군,75,62
202305,충청남도,서천군,76,74
202305,충청남도,서천군,77,43
202305,충청남도,서천군,78,64
202305,충청남도,서천군,79,74
202305,충청남도,서천군,80,89
202305,충청남도,서천군,81,79
202305,충청남도,서천군,82,64
202305,충청남도,서천군,83,59
202305,충청남도,서천군,84,74
202305,충청남도,서천군,85,66
202305,충청남도,서천군,86,77
202305,충청남도,서천군,87,59
202305,충청남도,서천군,88,57
202305,충청남도,서천군,89,45
202305,충청남도,서천군,90,38
202305,충청남도,서천군,91,38
202305,충청남도,서천군,92,27
202305,충청남도,서천군,93,18
202305,충청남도,서천군,94,11
202305,충청남도,서천군,95,9
202305,충청남도,서천군,96,9
202305,충청남도,서천군,97,3
202305,충청남도,서천군,98,1
202305,충청남도,서천군,100,1
202305,충청남도,서천군,101,2
202305,충청남도,서천군,102,1
202305,충청남도,청양군,0,2
202305,충청남도,청양군,1,3
202305,충청남도,청양군,2,3
202305,충청남도,청양군,3,4
202305,충청남도,청양군,4,2
202305,충청남도,청양군,5,5
202305,충청남도,청양군,6,12
202305,충청남도,청양군,7,9
202305,충청남도,청양군,8,8
202305,충청남도,청양군,9,18
202305,충청남도,청양군,10,13
202305,충청남도,청양군,11,15
202305,충청남도,청양군,12,24
202305,충청남도,청양군,13,11
202305,충청남도,청양군,14,26
202305,충청남도,청양군,15,17
202305,충청남도,청양군,16,16
202305,충청남도,청양군,17,18
202305,충청남도,청양군,18,10
202305,충청남도,청양군,19,7
202305,충청남도,청양군,20,6
202305,충청남도,청양군,21,8
202305,충청남도,청양군,22,6
202305,충청남도,청양군,23,6
202305,충청남도,청양군,24,2
202305,충청남도,청양군,25,2
202305,충청남도,청양군,26,2
202305,충청남도,청양군,27,2
202305,충청남도,청양군,28,3
202305,충청남도,청양군,29,2
202305,충청남도,청양군,30,8
202305,충청남도,청양군,31,5
202305,충청남도,청양군,32,3
202305,충청남도,청양군,33,4
202305,충청남도,청양군,34,2
202305,충청남도,청양군,35,4
202305,충청남도,청양군,36,3
202305,충청남도,청양군,37,10
202305,충청남도,청양군,38,6
202305,충청남도,청양군,39,7
202305,충청남도,청양군,40,13
202305,충청남도,청양군,41,6
202305,충청남도,청양군,42,6
202305,충청남도,청양군,43,12
202305,충청남도,청양군,44,5
202305,충청남도,청양군,45,14
202305,충청남도,청양군,46,8
202305,충청남도,청양군,47,19
202305,충청남도,청양군,48,13
202305,충청남도,청양군,49,21
202305,충청남도,청양군,50,11
202305,충청남도,청양군,51,13
202305,충청남도,청양군,52,15
202305,충청남도,청양군,53,14
202305,충청남도,청양군,54,22
202305,충청남도,청양군,55,15
202305,충청남도,청양군,56,24
202305,충청남도,청양군,57,24
202305,충청남도,청양군,58,24
202305,충청남도,청양군,59,14
202305,충청남도,청양군,60,28
202305,충청남도,청양군,61,27
202305,충청남도,청양군,62,18
202305,충청남도,청양군,63,41
202305,충청남도,청양군,64,25
202305,충청남도,청양군,65,28
202305,충청남도,청양군,66,28
202305,충청남도,청양군,67,20
202305,충청남도,청양군,68,30
202305,충청남도,청양군,69,18
202305,충청남도,청양군,70,20
202305,충청남도,청양군,71,22
202305,충청남도,청양군,72,15
202305,충청남도,청양군,73,26
202305,충청남도,청양군,74,21
202305,충청남도,청양군,75,25
202305,충청남도,청양군,76,27
202305,충청남도,청양군,77,14
202305,충청남도,청양군,78,14
202305,충청남도,청양군,79,22
202305,충청남도,청양군,80,23
202305,충청남도,청양군,81,33
202305,충청남도,청양군,82,24
202305,충청남도,청양군,83,26
202305,충청남도,청양군,84,27
202305,충청남도,청양군,85,32
202305,충청남도,청양군,86,20
202305,충청남도,청양군,87,32
202305,충청남도,청양군,88,18
202305,충청남도,청양군,89,19
202305,충청남도,청양군,90,22
202305,충청남도,청양군,91,10
202305,충청남도,청양군,92,7
202305,충청남도,청양군,93,6
202305,충청남도,청양군,94,6
202305,충청남도,청양군,95,2
202305,충청남도,청양군,96,3
202305,충청남도,청양군,97,1
202305,충청남도,청양군,98,1
202305,충청남도,홍성군,1,5
202305,충청남도,홍성군,2,24
202305,충청남도,홍성군,3,11
202305,충청남도,홍성군,4,9
202305,충청남도,홍성군,5,13
202305,충청남도,홍성군,6,21
202305,충청남도,홍성군,7,23
202305,충청남도,홍성군,8,23
202305,충청남도,홍성군,9,35
202305,충청남도,홍성군,10,51
202305,충청남도,홍성군,11,39
202305,충청남도,홍성군,12,50
202305,충청남도,홍성군,13,43
202305,충청남도,홍성군,14,47
202305,충청남도,홍성군,15,68
202305,충청남도,홍성군,16,55
202305,충청남도,홍성군,17,65
202305,충청남도,홍성군,18,53
202305,충청남도,홍성군,19,40
202305,충청남도,홍성군,20,33
202305,충청남도,홍성군,21,27
202305,충청남도,홍성군,22,20
202305,충청남도,홍성군,23,22
202305,충청남도,홍성군,24,9
202305,충청남도,홍성군,25,21
202305,충청남도,홍성군,26,12
202305,충청남도,홍성군,27,13
202305,충청남도,홍성군,28,9
202305,충청남도,홍성군,29,9
202305,충청남도,홍성군,30,5
202305,충청남도,홍성군,31,11
202305,충청남도,홍성군,32,10
202305,충청남도,홍성군,33,15
202305,충청남도,홍성군,34,13
202305,충청남도,홍성군,35,13
202305,충청남도,홍성군,36,12
202305,충청남도,홍성군,37,15
202305,충청남도,홍성군,38,31
202305,충청남도,홍성군,39,24
202305,충청남도,홍성군,40,28
202305,충청남도,홍성군,41,39
202305,충청남도,홍성군,42,38
202305,충청남도,홍성군,43,50
202305,충청남도,홍성군,44,37
202305,충청남도,홍성군,45,43
202305,충청남도,홍성군,46,28
202305,충청남도,홍성군,47,42
202305,충청남도,홍성군,48,47
202305,충청남도,홍성군,49,54
202305,충청남도,홍성군,50,54
202305,충청남도,홍성군,51,60
202305,충청남도,홍성군,52,45
202305,충청남도,홍성군,53,54
202305,충청남도,홍성군,54,69
202305,충청남도,홍성군,55,59
202305,충청남도,홍성군,56,64
202305,충청남도,홍성군,57,53
202305,충청남도,홍성군,58,75
202305,충청남도,홍성군,59,67
202305,충청남도,홍성군,60,72
202305,충청남도,홍성군,61,81
202305,충청남도,홍성군,62,77
202305,충청남도,홍성군,63,97
202305,충청남도,홍성군,64,87
202305,충청남도,홍성군,65,72
202305,충청남도,홍성군,66,67
202305,충청남도,홍성군,67,87
202305,충청남도,홍성군,68,85
202305,충청남도,홍성군,69,70
202305,충청남도,홍성군,70,76
202305,충청남도,홍성군,71,69
202305,충청남도,홍성군,72,68
202305,충청남도,홍성군,73,75
202305,충청남도,홍성군,74,63
202305,충청남도,홍성군,75,73
202305,충청남도,홍성군,76,76
202305,충청남도,홍성군,77,37
202305,충청남도,홍성군,78,61
202305,충청남도,홍성군,79,79
202305,충청남도,홍성군,80,82
202305,충청남도,홍성군,81,79
202305,충청남도,홍성군,82,65
202305,충청남도,홍성군,83,68
202305,충청남도,홍성군,84,75
202305,충청남도,홍성군,85,67
202305,충청남도,홍성군,86,69
202305,충청남도,홍성군,87,69
202305,충청남도,홍성군,88,64
202305,충청남도,홍성군,89,49
202305,충청남도,홍성군,90,38
202305,충청남도,홍성군,91,31
202305,충청남도,홍성군,92,23
202305,충청남도,홍성군,93,26
202305,충청남도,홍성군,94,19
202305,충청남도,홍성군,95,12
202305,충청남도,홍성군,96,6
202305,충청남도,홍성군,97,8
202305,충청남도,홍성군,98,4
202305,충청남도,홍성군,99,3
202305,충청남도,홍성군,100,5
202305,충청남도,홍성군,101,2
202305,충청남도,홍성군,104,1
202305,충청남도,예산군,0,7
202305,충청남도,예산군,1,7
202305,충청남도,예산군,2,9
202305,충청남도,예산군,3,6
202305,충청남도,예산군,4,6
202305,충청남도,예산군,5,10
202305,충청남도,예산군,6,15
202305,충청남도,예산군,7,28
202305,충청남도,예산군,8,23
202305,충청남도,예산군,9,29
202305,충청남도,예산군,10,34
202305,충청남도,예산군,11,33
202305,충청남도,예산군,12,57
202305,충청남도,예산군,13,37
202305,충청남도,예산군,14,33
202305,충청남도,예산군,15,43
202305,충청남도,예산군,16,57
202305,충청남도,예산군,17,50
202305,충청남도,예산군,18,32
202305,충청남도,예산군,19,28
202305,충청남도,예산군,20,26
202305,충청남도,예산군,21,22
202305,충청남도,예산군,22,25
202305,충청남도,예산군,23,24
202305,충청남도,예산군,24,11
202305,충청남도,예산군,25,12
202305,충청남도,예산군,26,8
202305,충청남도,예산군,27,5
202305,충청남도,예산군,28,5
202305,충청남도,예산군,29,7
202305,충청남도,예산군,30,9
202305,충청남도,예산군,31,10
202305,충청남도,예산군,32,18
202305,충청남도,예산군,33,11
202305,충청남도,예산군,34,7
202305,충청남도,예산군,35,8
202305,충청남도,예산군,36,15
202305,충청남도,예산군,37,15
202305,충청남도,예산군,38,17
202305,충청남도,예산군,39,21
202305,충청남도,예산군,40,23
202305,충청남도,예산군,41,23
202305,충청남도,예산군,42,18
202305,충청남도,예산군,43,29
202305,충청남도,예산군,44,18
202305,충청남도,예산군,45,28
202305,충청남도,예산군,46,41
202305,충청남도,예산군,47,33
202305,충청남도,예산군,48,37
202305,충청남도,예산군,49,35
202305,충청남도,예산군,50,37
202305,충청남도,예산군,51,49
202305,충청남도,예산군,52,44
202305,충청남도,예산군,53,55
202305,충청남도,예산군,54,55
202305,충청남도,예산군,55,43
202305,충청남도,예산군,56,50
202305,충청남도,예산군,57,53
202305,충청남도,예산군,58,39
202305,충청남도,예산군,59,45
202305,충청남도,예산군,60,53
202305,충청남도,예산군,61,67
202305,충청남도,예산군,62,82
202305,충청남도,예산군,63,69
202305,충청남도,예산군,64,61
202305,충청남도,예산군,65,79
202305,충청남도,예산군,66,66
202305,충청남도,예산군,67,76
202305,충청남도,예산군,68,91
202305,충청남도,예산군,69,78
202305,충청남도,예산군,70,49
202305,충청남도,예산군,71,83
202305,충청남도,예산군,72,65
202305,충청남도,예산군,73,65
202305,충청남도,예산군,74,64
202305,충청남도,예산군,75,72
202305,충청남도,예산군,76,89
202305,충청남도,예산군,77,42
202305,충청남도,예산군,78,59
202305,충청남도,예산군,79,84
202305,충청남도,예산군,80,91
202305,충청남도,예산군,81,103
202305,충청남도,예산군,82,79
202305,충청남도,예산군,83,55
202305,충청남도,예산군,84,87
202305,충청남도,예산군,85,61
202305,충청남도,예산군,86,79
202305,충청남도,예산군,87,55
202305,충청남도,예산군,88,47
202305,충청남도,예산군,89,56
202305,충청남도,예산군,90,45
202305,충청남도,예산군,91,35
202305,충청남도,예산군,92,28
202305,충청남도,예산군,93,23
202305,충청남도,예산군,94,11
202305,충청남도,예산군,95,9
202305,충청남도,예산군,96,5
202305,충청남도,예산군,97,5
202305,충청남도,예산군,98,1
202305,충청남도,예산군,99,1
202305,충청남도,예산군,100,6
202305,충청남도,예산군,101,1
202305,충청남도,태안군,0,1
202305,충청남도,태안군,1,1
202305,충청남도,태안군,2,4
202305,충청남도,태안군,3,8
202305,충청남도,태안군,4,6
202305,충청남도,태안군,5,8
202305,충청남도,태안군,6,9
202305,충청남도,태안군,7,23
202305,충청남도,태안군,8,20
202305,충청남도,태안군,9,20
202305,충청남도,태안군,10,31
202305,충청남도,태안군,11,27
202305,충청남도,태안군,12,30
202305,충청남도,태안군,13,37
202305,충청남도,태안군,14,57
202305,충청남도,태안군,15,47
202305,충청남도,태안군,16,37
202305,충청남도,태안군,17,42
202305,충청남도,태안군,18,31
202305,충청남도,태안군,19,12
202305,충청남도,태안군,20,16
202305,충청남도,태안군,21,11
202305,충청남도,태안군,22,15
202305,충청남도,태안군,23,10
202305,충청남도,태안군,24,11
202305,충청남도,태안군,25,10
202305,충청남도,태안군,26,7
202305,충청남도,태안군,27,4
202305,충청남도,태안군,29,4
202305,충청남도,태안군,30,5
202305,충청남도,태안군,31,8
202305,충청남도,태안군,32,6
202305,충청남도,태안군,33,5
202305,충청남도,태안군,34,6
202305,충청남도,태안군,35,5
202305,충청남도,태안군,36,10
202305,충청남도,태안군,37,11
202305,충청남도,태안군,38,8
202305,충청남도,태안군,39,28
202305,충청남도,태안군,40,16
202305,충청남도,태안군,41,19
202305,충청남도,태안군,42,21
202305,충청남도,태안군,43,27
202305,충청남도,태안군,44,27
202305,충청남도,태안군,45,14
202305,충청남도,태안군,46,25
202305,충청남도,태안군,47,27
202305,충청남도,태안군,48,35
202305,충청남도,태안군,49,41
202305,충청남도,태안군,50,29
202305,충청남도,태안군,51,35
202305,충청남도,태안군,52,30
202305,충청남도,태안군,53,38
202305,충청남도,태안군,54,45
202305,충청남도,태안군,55,41
202305,충청남도,태안군,56,36
202305,충청남도,태안군,57,37
202305,충청남도,태안군,58,43
202305,충청남도,태안군,59,35
202305,충청남도,태안군,60,46
202305,충청남도,태안군,61,47
202305,충청남도,태안군,62,52
202305,충청남도,태안군,63,52
202305,충청남도,태안군,64,63
202305,충청남도,태안군,65,67
202305,충청남도,태안군,66,60
202305,충청남도,태안군,67,61
202305,충청남도,태안군,68,69
202305,충청남도,태안군,69,50
202305,충청남도,태안군,70,49
202305,충청남도,태안군,71,52
202305,충청남도,태안군,72,41
202305,충청남도,태안군,73,51
202305,충청남도,태안군,74,55
202305,충청남도,태안군,75,61
202305,충청남도,태안군,76,56
202305,충청남도,태안군,77,36
202305,충청남도,태안군,78,49
202305,충청남도,태안군,79,48
202305,충청남도,태안군,80,66
202305,충청남도,태안군,81,61
202305,충청남도,태안군,82,33
202305,충청남도,태안군,83,40
202305,충청남도,태안군,84,60
202305,충청남도,태안군,85,46
202305,충청남도,태안군,86,42
202305,충청남도,태안군,87,38
202305,충청남도,태안군,88,30
202305,충청남도,태안군,89,33
202305,충청남도,태안군,90,25
202305,충청남도,태안군,91,24
202305,충청남도,태안군,92,15
202305,충청남도,태안군,93,7
202305,충청남도,태안군,94,16
202305,충청남도,태안군,95,14
202305,충청남도,태안군,96,6
202305,충청남도,태안군,97,5
202305,충청남도,태안군,98,1
202305,충청남도,태안군,99,2
202305,충청남도,태안군,100,3
202305,충청남도,태안군,101,1
202305,충청남도,태안군,102,1
202305,전라북도,전주시,0,51
202305,전라북도,전주시,1,91
202305,전라북도,전주시,2,109
202305,전라북도,전주시,3,147
202305,전라북도,전주시,4,183
202305,전라북도,전주시,5,223
202305,전라북도,전주시,6,306
202305,전라북도,전주시,7,364
202305,전라북도,전주시,8,410
202305,전라북도,전주시,9,453
202305,전라북도,전주시,10,531
202305,전라북도,전주시,11,527
202305,전라북도,전주시,12,631
202305,전라북도,전주시,13,587
202305,전라북도,전주시,14,595
202305,전라북도,전주시,15,655
202305,전라북도,전주시,16,666
202305,전라북도,전주시,17,636
202305,전라북도,전주시,18,608
202305,전라북도,전주시,19,539
202305,전라북도,전주시,20,430
202305,전라북도,전주시,21,407
202305,전라북도,전주시,22,505
202305,전라북도,전주시,23,413
202305,전라북도,전주시,24,368
202305,전라북도,전주시,25,284
202305,전라북도,전주시,26,240
202305,전라북도,전주시,27,219
202305,전라북도,전주시,28,175
202305,전라북도,전주시,29,156
202305,전라북도,전주시,30,178
202305,전라북도,전주시,31,160
202305,전라북도,전주시,32,201
202305,전라북도,전주시,33,205
202305,전라북도,전주시,34,172
202305,전라북도,전주시,35,184
202305,전라북도,전주시,36,208
202305,전라북도,전주시,37,249
202305,전라북도,전주시,38,255
202305,전라북도,전주시,39,312
202305,전라북도,전주시,40,377
202305,전라북도,전주시,41,406
202305,전라북도,전주시,42,476
202305,전라북도,전주시,43,415
202305,전라북도,전주시,44,428
202305,전라북도,전주시,45,491
202305,전라북도,전주시,46,465
202305,전라북도,전주시,47,521
202305,전라북도,전주시,48,553
202305,전라북도,전주시,49,573
202305,전라북도,전주시,50,619
202305,전라북도,전주시,51,632
202305,전라북도,전주시,52,669
202305,전라북도,전주시,53,590
202305,전라북도,전주시,54,634
202305,전라북도,전주시,55,563
202305,전라북도,전주시,56,603
202305,전라북도,전주시,57,604
202305,전라북도,전주시,58,586
202305,전라북도,전주시,59,548
202305,전라북도,전주시,60,625
202305,전라북도,전주시,61,612
202305,전라북도,전주시,62,694
202305,전라북도,전주시,63,722
202305,전라북도,전주시,64,602
202305,전라북도,전주시,65,656
202305,전라북도,전주시,66,652
202305,전라북도,전주시,67,604
202305,전라북도,전주시,68,677
202305,전라북도,전주시,69,536
202305,전라북도,전주시,70,520
202305,전라북도,전주시,71,541
202305,전라북도,전주시,72,524
202305,전라북도,전주시,73,590
202305,전라북도,전주시,74,455
202305,전라북도,전주시,75,516
202305,전라북도,전주시,76,549
202305,전라북도,전주시,77,368
202305,전라북도,전주시,78,393
202305,전라북도,전주시,79,407
202305,전라북도,전주시,80,516
202305,전라북도,전주시,81,542
202305,전라북도,전주시,82,405
202305,전라북도,전주시,83,393
202305,전라북도,전주시,84,408
202305,전라북도,전주시,85,387
202305,전라북도,전주시,86,329
202305,전라북도,전주시,87,292
202305,전라북도,전주시,88,227
202305,전라북도,전주시,89,204
202305,전라북도,전주시,90,164
202305,전라북도,전주시,91,142
202305,전라북도,전주시,92,111
202305,전라북도,전주시,93,85
202305,전라북도,전주시,94,79
202305,전라북도,전주시,95,46
202305,전라북도,전주시,96,35
202305,전라북도,전주시,97,25
202305,전라북도,전주시,98,13
202305,전라북도,전주시,99,8
202305,전라북도,전주시,100,18
202305,전라북도,전주시,101,4
202305,전라북도,전주시,102,3
202305,전라북도,전주시,103,2
202305,전라북도,전주시,104,1
202305,전라북도,전주시,105,1
202305,전라북도,전주시,107,1
202305,전라북도,군산시,0,18
202305,전라북도,군산시,1,35
202305,전라북도,군산시,2,36
202305,전라북도,군산시,3,47
202305,전라북도,군산시,4,55
202305,전라북도,군산시,5,74
202305,전라북도,군산시,6,95
202305,전라북도,군산시,7,137
202305,전라북도,군산시,8,180
202305,전라북도,군산시,9,186
202305,전라북도,군산시,10,190
202305,전라북도,군산시,11,226
202305,전라북도,군산시,12,238
202305,전라북도,군산시,13,260
202305,전라북도,군산시,14,229
202305,전라북도,군산시,15,246
202305,전라북도,군산시,16,250
202305,전라북도,군산시,17,216
202305,전라북도,군산시,18,220
202305,전라북도,군산시,19,150
202305,전라북도,군산시,20,144
202305,전라북도,군산시,21,153
202305,전라북도,군산시,22,159
202305,전라북도,군산시,23,114
202305,전라북도,군산시,24,98
202305,전라북도,군산시,25,83
202305,전라북도,군산시,26,68
202305,전라북도,군산시,27,57
202305,전라북도,군산시,28,46
202305,전라북도,군산시,29,47
202305,전라북도,군산시,30,60
202305,전라북도,군산시,31,60
202305,전라북도,군산시,32,48
202305,전라북도,군산시,33,69
202305,전라북도,군산시,34,81
202305,전라북도,군산시,35,80
202305,전라북도,군산시,36,86
202305,전라북도,군산시,37,83
202305,전라북도,군산시,38,95
202305,전라북도,군산시,39,119
202305,전라북도,군산시,40,124
202305,전라북도,군산시,41,166
202305,전라북도,군산시,42,167
202305,전라북도,군산시,43,180
202305,전라북도,군산시,44,162
202305,전라북도,군산시,45,166
202305,전라북도,군산시,46,152
202305,전라북도,군산시,47,202
202305,전라북도,군산시,48,198
202305,전라북도,군산시,49,236
202305,전라북도,군산시,50,221
202305,전라북도,군산시,51,252
202305,전라북도,군산시,52,227
202305,전라북도,군산시,53,227
202305,전라북도,군산시,54,249
202305,전라북도,군산시,55,202
202305,전라북도,군산시,56,244
202305,전라북도,군산시,57,222
202305,전라북도,군산시,58,265
202305,전라북도,군산시,59,225
202305,전라북도,군산시,60,301
202305,전라북도,군산시,61,303
202305,전라북도,군산시,62,298
202305,전라북도,군산시,63,306
202305,전라북도,군산시,64,352
202305,전라북도,군산시,65,357
202305,전라북도,군산시,66,346
202305,전라북도,군산시,67,367
202305,전라북도,군산시,68,407
202305,전라북도,군산시,69,358
202305,전라북도,군산시,70,311
202305,전라북도,군산시,71,334
202305,전라북도,군산시,72,322
202305,전라북도,군산시,73,343
202305,전라북도,군산시,74,287
202305,전라북도,군산시,75,312
202305,전라북도,군산시,76,360
202305,전라북도,군산시,77,228
202305,전라북도,군산시,78,279
202305,전라북도,군산시,79,251
202305,전라북도,군산시,80,371
202305,전라북도,군산시,81,371
202305,전라북도,군산시,82,267
202305,전라북도,군산시,83,267
202305,전라북도,군산시,84,232
202305,전라북도,군산시,85,227
202305,전라북도,군산시,86,215
202305,전라북도,군산시,87,197
202305,전라북도,군산시,88,153
202305,전라북도,군산시,89,130
202305,전라북도,군산시,90,125
202305,전라북도,군산시,91,96
202305,전라북도,군산시,92,71
202305,전라북도,군산시,93,48
202305,전라북도,군산시,94,34
202305,전라북도,군산시,95,31
202305,전라북도,군산시,96,25
202305,전라북도,군산시,97,12
202305,전라북도,군산시,98,8
202305,전라북도,군산시,99,8
202305,전라북도,군산시,100,3
202305,전라북도,군산시,101,3
202305,전라북도,군산시,102,1
202305,전라북도,군산시,103,2
202305,전라북도,익산시,0,20
202305,전라북도,익산시,1,28
202305,전라북도,익산시,2,56
202305,전라북도,익산시,3,64
202305,전라북도,익산시,4,73
202305,전라북도,익산시,5,91
202305,전라북도,익산시,6,144
202305,전라북도,익산시,7,198
202305,전라북도,익산시,8,203
202305,전라북도,익산시,9,197
202305,전라북도,익산시,10,236
202305,전라북도,익산시,11,316
202305,전라북도,익산시,12,289
202305,전라북도,익산시,13,309
202305,전라북도,익산시,14,286
202305,전라북도,익산시,15,389
202305,전라북도,익산시,16,336
202305,전라북도,익산시,17,306
202305,전라북도,익산시,18,259
202305,전라북도,익산시,19,218
202305,전라북도,익산시,20,207
202305,전라북도,익산시,21,211
202305,전라북도,익산시,22,204
202305,전라북도,익산시,23,162
202305,전라북도,익산시,24,152
202305,전라북도,익산시,25,115
202305,전라북도,익산시,26,96
202305,전라북도,익산시,27,72
202305,전라북도,익산시,28,91
202305,전라북도,익산시,29,58
202305,전라북도,익산시,30,65
202305,전라북도,익산시,31,50
202305,전라북도,익산시,32,75
202305,전라북도,익산시,33,97
202305,전라북도,익산시,34,73
202305,전라북도,익산시,35,92
202305,전라북도,익산시,36,110
202305,전라북도,익산시,37,108
202305,전라북도,익산시,38,111
202305,전라북도,익산시,39,137
202305,전라북도,익산시,40,172
202305,전라북도,익산시,41,185
202305,전라북도,익산시,42,208
202305,전라북도,익산시,43,220
202305,전라북도,익산시,44,216
202305,전라북도,익산시,45,238
202305,전라북도,익산시,46,218
202305,전라북도,익산시,47,208
202305,전라북도,익산시,48,247
202305,전라북도,익산시,49,240
202305,전라북도,익산시,50,289
202305,전라북도,익산시,51,309
202305,전라북도,익산시,52,289
202305,전라북도,익산시,53,281
202305,전라북도,익산시,54,325
202305,전라북도,익산시,55,272
202305,전라북도,익산시,56,313
202305,전라북도,익산시,57,305
202305,전라북도,익산시,58,319
202305,전라북도,익산시,59,286
202305,전라북도,익산시,60,353
202305,전라북도,익산시,61,349
202305,전라북도,익산시,62,447
202305,전라북도,익산시,63,419
202305,전라북도,익산시,64,398
202305,전라북도,익산시,65,399
202305,전라북도,익산시,66,388
202305,전라북도,익산시,67,385
202305,전라북도,익산시,68,402
202305,전라북도,익산시,69,317
202305,전라북도,익산시,70,329
202305,전라북도,익산시,71,331
202305,전라북도,익산시,72,329
202305,전라북도,익산시,73,379
202305,전라북도,익산시,74,283
202305,전라북도,익산시,75,328
202305,전라북도,익산시,76,319
202305,전라북도,익산시,77,233
202305,전라북도,익산시,78,279
202305,전라북도,익산시,79,251
202305,전라북도,익산시,80,403
202305,전라북도,익산시,81,386
202305,전라북도,익산시,82,254
202305,전라북도,익산시,83,278
202305,전라북도,익산시,84,288
202305,전라북도,익산시,85,244
202305,전라북도,익산시,86,242
202305,전라북도,익산시,87,215
202305,전라북도,익산시,88,210
202305,전라북도,익산시,89,151
202305,전라북도,익산시,90,132
202305,전라북도,익산시,91,104
202305,전라북도,익산시,92,80
202305,전라북도,익산시,93,65
202305,전라북도,익산시,94,57
202305,전라북도,익산시,95,34
202305,전라북도,익산시,96,32
202305,전라북도,익산시,97,9
202305,전라북도,익산시,98,7
202305,전라북도,익산시,99,10
202305,전라북도,익산시,100,2
202305,전라북도,익산시,101,3
202305,전라북도,익산시,102,1
202305,전라북도,익산시,103,1
202305,전라북도,익산시,109,1
202305,전라북도,정읍시,0,10
202305,전라북도,정읍시,1,17
202305,전라북도,정읍시,2,24
202305,전라북도,정읍시,3,16
202305,전라북도,정읍시,4,32
202305,전라북도,정읍시,5,34
202305,전라북도,정읍시,6,35
202305,전라북도,정읍시,7,68
202305,전라북도,정읍시,8,61
202305,전라북도,정읍시,9,66
202305,전라북도,정읍시,10,72
202305,전라북도,정읍시,11,89
202305,전라북도,정읍시,12,97
202305,전라북도,정읍시,13,105
202305,전라북도,정읍시,14,101
202305,전라북도,정읍시,15,111
202305,전라북도,정읍시,16,118
202305,전라북도,정읍시,17,105
202305,전라북도,정읍시,18,119
202305,전라북도,정읍시,19,95
202305,전라북도,정읍시,20,78
202305,전라북도,정읍시,21,73
202305,전라북도,정읍시,22,66
202305,전라북도,정읍시,23,59
202305,전라북도,정읍시,24,45
202305,전라북도,정읍시,25,47
202305,전라북도,정읍시,26,34
202305,전라북도,정읍시,27,23
202305,전라북도,정읍시,28,24
202305,전라북도,정읍시,29,12
202305,전라북도,정읍시,30,24
202305,전라북도,정읍시,31,22
202305,전라북도,정읍시,32,28
202305,전라북도,정읍시,33,21
202305,전라북도,정읍시,34,20
202305,전라북도,정읍시,35,24
202305,전라북도,정읍시,36,36
202305,전라북도,정읍시,37,27
202305,전라북도,정읍시,38,46
202305,전라북도,정읍시,39,58
202305,전라북도,정읍시,40,51
202305,전라북도,정읍시,41,76
202305,전라북도,정읍시,42,51
202305,전라북도,정읍시,43,74
202305,전라북도,정읍시,44,69
202305,전라북도,정읍시,45,83
202305,전라북도,정읍시,46,78
202305,전라북도,정읍시,47,79
202305,전라북도,정읍시,48,99
202305,전라북도,정읍시,49,101
202305,전라북도,정읍시,50,100
202305,전라북도,정읍시,51,116
202305,전라북도,정읍시,52,117
202305,전라북도,정읍시,53,124
202305,전라북도,정읍시,54,144
202305,전라북도,정읍시,55,119
202305,전라북도,정읍시,56,129
202305,전라북도,정읍시,57,154
202305,전라북도,정읍시,58,142
202305,전라북도,정읍시,59,126
202305,전라북도,정읍시,60,169
202305,전라북도,정읍시,61,154
202305,전라북도,정읍시,62,180
202305,전라북도,정읍시,63,179
202305,전라북도,정읍시,64,157
202305,전라북도,정읍시,65,179
202305,전라북도,정읍시,66,147
202305,전라북도,정읍시,67,171
202305,전라북도,정읍시,68,172
202305,전라북도,정읍시,69,117
202305,전라북도,정읍시,70,126
202305,전라북도,정읍시,71,130
202305,전라북도,정읍시,72,131
202305,전라북도,정읍시,73,139
202305,전라북도,정읍시,74,142
202305,전라북도,정읍시,75,145
202305,전라북도,정읍시,76,160
202305,전라북도,정읍시,77,112
202305,전라북도,정읍시,78,121
202305,전라북도,정읍시,79,114
202305,전라북도,정읍시,80,162
202305,전라북도,정읍시,81,165
202305,전라북도,정읍시,82,143
202305,전라북도,정읍시,83,139
202305,전라북도,정읍시,84,138
202305,전라북도,정읍시,85,129
202305,전라북도,정읍시,86,128
202305,전라북도,정읍시,87,119
202305,전라북도,정읍시,88,115
202305,전라북도,정읍시,89,94
202305,전라북도,정읍시,90,90
202305,전라북도,정읍시,91,52
202305,전라북도,정읍시,92,46
202305,전라북도,정읍시,93,37
202305,전라북도,정읍시,94,24
202305,전라북도,정읍시,95,26
202305,전라북도,정읍시,96,13
202305,전라북도,정읍시,97,7
202305,전라북도,정읍시,98,5
202305,전라북도,정읍시,99,5
202305,전라북도,정읍시,100,3
202305,전라북도,정읍시,102,2
202305,전라북도,정읍시,105,1
202305,전라북도,정읍시,106,1
202305,전라북도,정읍시,118,1
202305,전라북도,남원시,0,4
202305,전라북도,남원시,1,19
202305,전라북도,남원시,2,8
202305,전라북도,남원시,3,23
202305,전라북도,남원시,4,25
202305,전라북도,남원시,5,26
202305,전라북도,남원시,6,22
202305,전라북도,남원시,7,46
202305,전라북도,남원시,8,70
202305,전라북도,남원시,9,60
202305,전라북도,남원시,10,56
202305,전라북도,남원시,11,80
202305,전라북도,남원시,12,75
202305,전라북도,남원시,13,71
202305,전라북도,남원시,14,85
202305,전라북도,남원시,15,99
202305,전라북도,남원시,16,85
202305,전라북도,남원시,17,80
202305,전라북도,남원시,18,77
202305,전라북도,남원시,19,72
202305,전라북도,남원시,20,66
202305,전라북도,남원시,21,79
202305,전라북도,남원시,22,65
202305,전라북도,남원시,23,56
202305,전라북도,남원시,24,45
202305,전라북도,남원시,25,28
202305,전라북도,남원시,26,28
202305,전라북도,남원시,27,26
202305,전라북도,남원시,28,21
202305,전라북도,남원시,29,20
202305,전라북도,남원시,30,17
202305,전라북도,남원시,31,24
202305,전라북도,남원시,32,14
202305,전라북도,남원시,33,18
202305,전라북도,남원시,34,31
202305,전라북도,남원시,35,26
202305,전라북도,남원시,36,28
202305,전라북도,남원시,37,36
202305,전라북도,남원시,38,32
202305,전라북도,남원시,39,34
202305,전라북도,남원시,40,41
202305,전라북도,남원시,41,45
202305,전라북도,남원시,42,63
202305,전라북도,남원시,43,59
202305,전라북도,남원시,44,49
202305,전라북도,남원시,45,62
202305,전라북도,남원시,46,68
202305,전라북도,남원시,47,66
202305,전라북도,남원시,48,67
202305,전라북도,남원시,49,88
202305,전라북도,남원시,50,77
202305,전라북도,남원시,51,98
202305,전라북도,남원시,52,93
202305,전라북도,남원시,53,94
202305,전라북도,남원시,54,100
202305,전라북도,남원시,55,103
202305,전라북도,남원시,56,112
202305,전라북도,남원시,57,97
202305,전라북도,남원시,58,98
202305,전라북도,남원시,59,85
202305,전라북도,남원시,60,110
202305,전라북도,남원시,61,116
202305,전라북도,남원시,62,148
202305,전라북도,남원시,63,139
202305,전라북도,남원시,64,126
202305,전라북도,남원시,65,125
202305,전라북도,남원시,66,117
202305,전라북도,남원시,67,111
202305,전라북도,남원시,68,131
202305,전라북도,남원시,69,86
202305,전라북도,남원시,70,79
202305,전라북도,남원시,71,113
202305,전라북도,남원시,72,82
202305,전라북도,남원시,73,104
202305,전라북도,남원시,74,95
202305,전라북도,남원시,75,101
202305,전라북도,남원시,76,105
202305,전라북도,남원시,77,80
202305,전라북도,남원시,78,83
202305,전라북도,남원시,79,78
202305,전라북도,남원시,80,139
202305,전라북도,남원시,81,152
202305,전라북도,남원시,82,86
202305,전라북도,남원시,83,102
202305,전라북도,남원시,84,126
202305,전라북도,남원시,85,99
202305,전라북도,남원시,86,100
202305,전라북도,남원시,87,81
202305,전라북도,남원시,88,87
202305,전라북도,남원시,89,70
202305,전라북도,남원시,90,56
202305,전라북도,남원시,91,42
202305,전라북도,남원시,92,32
202305,전라북도,남원시,93,25
202305,전라북도,남원시,94,17
202305,전라북도,남원시,95,25
202305,전라북도,남원시,96,14
202305,전라북도,남원시,97,5
202305,전라북도,남원시,98,4
202305,전라북도,남원시,99,4
202305,전라북도,남원시,100,3
202305,전라북도,남원시,101,1
202305,전라북도,김제시,0,11
202305,전라북도,김제시,1,9
202305,전라북도,김제시,2,14
202305,전라북도,김제시,3,17
202305,전라북도,김제시,4,18
202305,전라북도,김제시,5,25
202305,전라북도,김제시,6,29
202305,전라북도,김제시,7,56
202305,전라북도,김제시,8,65
202305,전라북도,김제시,9,62
202305,전라북도,김제시,10,72
202305,전라북도,김제시,11,84
202305,전라북도,김제시,12,91
202305,전라북도,김제시,13,91
202305,전라북도,김제시,14,87
202305,전라북도,김제시,15,106
202305,전라북도,김제시,16,103
202305,전라북도,김제시,17,101
202305,전라북도,김제시,18,92
202305,전라북도,김제시,19,63
202305,전라북도,김제시,20,80
202305,전라북도,김제시,21,56
202305,전라북도,김제시,22,53
202305,전라북도,김제시,23,47
202305,전라북도,김제시,24,38
202305,전라북도,김제시,25,28
202305,전라북도,김제시,26,37
202305,전라북도,김제시,27,29
202305,전라북도,김제시,28,22
202305,전라북도,김제시,29,26
202305,전라북도,김제시,30,18
202305,전라북도,김제시,31,24
202305,전라북도,김제시,32,19
202305,전라북도,김제시,33,26
202305,전라북도,김제시,34,23
202305,전라북도,김제시,35,18
202305,전라북도,김제시,36,28
202305,전라북도,김제시,37,34
202305,전라북도,김제시,38,33
202305,전라북도,김제시,39,39
202305,전라북도,김제시,40,48
202305,전라북도,김제시,41,50
202305,전라북도,김제시,42,42
202305,전라북도,김제시,43,60
202305,전라북도,김제시,44,51
202305,전라북도,김제시,45,73
202305,전라북도,김제시,46,63
202305,전라북도,김제시,47,74
202305,전라북도,김제시,48,82
202305,전라북도,김제시,49,86
202305,전라북도,김제시,50,77
202305,전라북도,김제시,51,91
202305,전라북도,김제시,52,104
202305,전라북도,김제시,53,96
202305,전라북도,김제시,54,106
202305,전라북도,김제시,55,99
202305,전라북도,김제시,56,103
202305,전라북도,김제시,57,123
202305,전라북도,김제시,58,121
202305,전라북도,김제시,59,104
202305,전라북도,김제시,60,142
202305,전라북도,김제시,61,144
202305,전라북도,김제시,62,156
202305,전라북도,김제시,63,143
202305,전라북도,김제시,64,141
202305,전라북도,김제시,65,164
202305,전라북도,김제시,66,160
202305,전라북도,김제시,67,155
202305,전라북도,김제시,68,173
202305,전라북도,김제시,69,124
202305,전라북도,김제시,70,116
202305,전라북도,김제시,71,150
202305,전라북도,김제시,72,134
202305,전라북도,김제시,73,151
202305,전라북도,김제시,74,113
202305,전라북도,김제시,75,163
202305,전라북도,김제시,76,179
202305,전라북도,김제시,77,99
202305,전라북도,김제시,78,128
202305,전라북도,김제시,79,138
202305,전라북도,김제시,80,164
202305,전라북도,김제시,81,214
202305,전라북도,김제시,82,144
202305,전라북도,김제시,83,162
202305,전라북도,김제시,84,156
202305,전라북도,김제시,85,140
202305,전라북도,김제시,86,163
202305,전라북도,김제시,87,160
202305,전라북도,김제시,88,135
202305,전라북도,김제시,89,96
202305,전라북도,김제시,90,87
202305,전라북도,김제시,91,65
202305,전라북도,김제시,92,57
202305,전라북도,김제시,93,44
202305,전라북도,김제시,94,31
202305,전라북도,김제시,95,29
202305,전라북도,김제시,96,10
202305,전라북도,김제시,97,9
202305,전라북도,김제시,98,9
202305,전라북도,김제시,99,5
202305,전라북도,김제시,100,8
202305,전라북도,김제시,101,3
202305,전라북도,김제시,102,1
202305,전라북도,김제시,104,2
202305,전라북도,김제시,106,1
202305,전라북도,완주군,0,9
202305,전라북도,완주군,1,17
202305,전라북도,완주군,2,20
202305,전라북도,완주군,3,23
202305,전라북도,완주군,4,31
202305,전라북도,완주군,5,39
202305,전라북도,완주군,6,52
202305,전라북도,완주군,7,54
202305,전라북도,완주군,8,64
202305,전라북도,완주군,9,81
202305,전라북도,완주군,10,72
202305,전라북도,완주군,11,77
202305,전라북도,완주군,12,92
202305,전라북도,완주군,13,97
202305,전라북도,완주군,14,91
202305,전라북도,완주군,15,97
202305,전라북도,완주군,16,113
202305,전라북도,완주군,17,114
202305,전라북도,완주군,18,96
202305,전라북도,완주군,19,67
202305,전라북도,완주군,20,55
202305,전라북도,완주군,21,51
202305,전라북도,완주군,22,53
202305,전라북도,완주군,23,49
202305,전라북도,완주군,24,34
202305,전라북도,완주군,25,23
202305,전라북도,완주군,26,27
202305,전라북도,완주군,27,24
202305,전라북도,완주군,28,17
202305,전라북도,완주군,29,21
202305,전라북도,완주군,30,28
202305,전라북도,완주군,31,28
202305,전라북도,완주군,32,20
202305,전라북도,완주군,33,19
202305,전라북도,완주군,34,22
202305,전라북도,완주군,35,35
202305,전라북도,완주군,36,32
202305,전라북도,완주군,37,42
202305,전라북도,완주군,38,31
202305,전라북도,완주군,39,47
202305,전라북도,완주군,40,53
202305,전라북도,완주군,41,49
202305,전라북도,완주군,42,56
202305,전라북도,완주군,43,55
202305,전라북도,완주군,44,57
202305,전라북도,완주군,45,61
202305,전라북도,완주군,46,62
202305,전라북도,완주군,47,75
202305,전라북도,완주군,48,61
202305,전라북도,완주군,49,70
202305,전라북도,완주군,50,78
202305,전라북도,완주군,51,83
202305,전라북도,완주군,52,80
202305,전라북도,완주군,53,80
202305,전라북도,완주군,54,91
202305,전라북도,완주군,55,76
202305,전라북도,완주군,56,107
202305,전라북도,완주군,57,78
202305,전라북도,완주군,58,90
202305,전라북도,완주군,59,79
202305,전라북도,완주군,60,86
202305,전라북도,완주군,61,101
202305,전라북도,완주군,62,104
202305,전라북도,완주군,63,118
202305,전라북도,완주군,64,89
202305,전라북도,완주군,65,115
202305,전라북도,완주군,66,118
202305,전라북도,완주군,67,111
202305,전라북도,완주군,68,125
202305,전라북도,완주군,69,99
202305,전라북도,완주군,70,85
202305,전라북도,완주군,71,78
202305,전라북도,완주군,72,93
202305,전라북도,완주군,73,97
202305,전라북도,완주군,74,92
202305,전라북도,완주군,75,83
202305,전라북도,완주군,76,109
202305,전라북도,완주군,77,79
202305,전라북도,완주군,78,79
202305,전라북도,완주군,79,78
202305,전라북도,완주군,80,102
202305,전라북도,완주군,81,108
202305,전라북도,완주군,82,79
202305,전라북도,완주군,83,102
202305,전라북도,완주군,84,83
202305,전라북도,완주군,85,88
202305,전라북도,완주군,86,71
202305,전라북도,완주군,87,64
202305,전라북도,완주군,88,68
202305,전라북도,완주군,89,50
202305,전라북도,완주군,90,50
202305,전라북도,완주군,91,36
202305,전라북도,완주군,92,24
202305,전라북도,완주군,93,28
202305,전라북도,완주군,94,18
202305,전라북도,완주군,95,14
202305,전라북도,완주군,96,12
202305,전라북도,완주군,97,9
202305,전라북도,완주군,98,2
202305,전라북도,완주군,99,1
202305,전라북도,완주군,100,6
202305,전라북도,완주군,103,2
202305,전라북도,진안군,0,2
202305,전라북도,진안군,1,2
202305,전라북도,진안군,2,4
202305,전라북도,진안군,3,3
202305,전라북도,진안군,4,3
202305,전라북도,진안군,5,5
202305,전라북도,진안군,6,2
202305,전라북도,진안군,7,7
202305,전라북도,진안군,8,7
202305,전라북도,진안군,9,14
202305,전라북도,진안군,10,14
202305,전라북도,진안군,11,11
202305,전라북도,진안군,12,34
202305,전라북도,진안군,13,18
202305,전라북도,진안군,14,27
202305,전라북도,진안군,15,14
202305,전라북도,진안군,16,21
202305,전라북도,진안군,17,21
202305,전라북도,진안군,18,10
202305,전라북도,진안군,19,10
202305,전라북도,진안군,20,18
202305,전라북도,진안군,21,6
202305,전라북도,진안군,22,11
202305,전라북도,진안군,23,15
202305,전라북도,진안군,24,5
202305,전라북도,진안군,25,10
202305,전라북도,진안군,26,7
202305,전라북도,진안군,27,5
202305,전라북도,진안군,28,7
202305,전라북도,진안군,29,1
202305,전라북도,진안군,30,2
202305,전라북도,진안군,31,5
202305,전라북도,진안군,32,5
202305,전라북도,진안군,33,10
202305,전라북도,진안군,34,4
202305,전라북도,진안군,35,3
202305,전라북도,진안군,36,7
202305,전라북도,진안군,37,8
202305,전라북도,진안군,38,7
202305,전라북도,진안군,39,5
202305,전라북도,진안군,40,5
202305,전라북도,진안군,41,7
202305,전라북도,진안군,42,14
202305,전라북도,진안군,43,9
202305,전라북도,진안군,44,9
202305,전라북도,진안군,45,18
202305,전라북도,진안군,46,12
202305,전라북도,진안군,47,11
202305,전라북도,진안군,48,13
202305,전라북도,진안군,49,15
202305,전라북도,진안군,50,16
202305,전라북도,진안군,51,16
202305,전라북도,진안군,52,18
202305,전라북도,진안군,53,17
202305,전라북도,진안군,54,33
202305,전라북도,진안군,55,17
202305,전라북도,진안군,56,24
202305,전라북도,진안군,57,25
202305,전라북도,진안군,58,29
202305,전라북도,진안군,59,18
202305,전라북도,진안군,60,18
202305,전라북도,진안군,61,31
202305,전라북도,진안군,62,32
202305,전라북도,진안군,63,35
202305,전라북도,진안군,64,20
202305,전라북도,진안군,65,26
202305,전라북도,진안군,66,32
202305,전라북도,진안군,67,34
202305,전라북도,진안군,68,35
202305,전라북도,진안군,69,19
202305,전라북도,진안군,70,18
202305,전라북도,진안군,71,30
202305,전라북도,진안군,72,32
202305,전라북도,진안군,73,26
202305,전라북도,진안군,74,23
202305,전라북도,진안군,75,23
202305,전라북도,진안군,76,34
202305,전라북도,진안군,77,17
202305,전라북도,진안군,78,27
202305,전라북도,진안군,79,22
202305,전라북도,진안군,80,25
202305,전라북도,진안군,81,37
202305,전라북도,진안군,82,31
202305,전라북도,진안군,83,33
202305,전라북도,진안군,84,42
202305,전라북도,진안군,85,27
202305,전라북도,진안군,86,30
202305,전라북도,진안군,87,23
202305,전라북도,진안군,88,21
202305,전라북도,진안군,89,27
202305,전라북도,진안군,90,20
202305,전라북도,진안군,91,14
202305,전라북도,진안군,92,17
202305,전라북도,진안군,93,12
202305,전라북도,진안군,94,12
202305,전라북도,진안군,95,7
202305,전라북도,진안군,96,5
202305,전라북도,진안군,97,3
202305,전라북도,진안군,98,1
202305,전라북도,진안군,99,1
202305,전라북도,진안군,100,1
202305,전라북도,진안군,102,1
202305,전라북도,진안군,104,1
202305,전라북도,무주군,1,1
202305,전라북도,무주군,2,1
202305,전라북도,무주군,3,1
202305,전라북도,무주군,4,1
202305,전라북도,무주군,5,2
202305,전라북도,무주군,6,4
202305,전라북도,무주군,7,5
202305,전라북도,무주군,8,12
202305,전라북도,무주군,9,10
202305,전라북도,무주군,10,13
202305,전라북도,무주군,11,18
202305,전라북도,무주군,12,14
202305,전라북도,무주군,13,18
202305,전라북도,무주군,14,19
202305,전라북도,무주군,15,13
202305,전라북도,무주군,16,22
202305,전라북도,무주군,17,22
202305,전라북도,무주군,18,9
202305,전라북도,무주군,19,15
202305,전라북도,무주군,20,9
202305,전라북도,무주군,21,8
202305,전라북도,무주군,22,16
202305,전라북도,무주군,23,7
202305,전라북도,무주군,24,5
202305,전라북도,무주군,25,3
202305,전라북도,무주군,26,2
202305,전라북도,무주군,27,4
202305,전라북도,무주군,28,5
202305,전라북도,무주군,29,3
202305,전라북도,무주군,30,3
202305,전라북도,무주군,31,4
202305,전라북도,무주군,32,3
202305,전라북도,무주군,33,1
202305,전라북도,무주군,34,6
202305,전라북도,무주군,35,4
202305,전라북도,무주군,36,5
202305,전라북도,무주군,37,5
202305,전라북도,무주군,38,4
202305,전라북도,무주군,39,2
202305,전라북도,무주군,40,13
202305,전라북도,무주군,41,7
202305,전라북도,무주군,42,7
202305,전라북도,무주군,43,8
202305,전라북도,무주군,44,13
202305,전라북도,무주군,45,10
202305,전라북도,무주군,46,13
202305,전라북도,무주군,47,10
202305,전라북도,무주군,48,12
202305,전라북도,무주군,49,13
202305,전라북도,무주군,50,18
202305,전라북도,무주군,51,6
202305,전라북도,무주군,52,16
202305,전라북도,무주군,53,10
202305,전라북도,무주군,54,22
202305,전라북도,무주군,55,19
202305,전라북도,무주군,56,16
202305,전라북도,무주군,57,24
202305,전라북도,무주군,58,21
202305,전라북도,무주군,59,17
202305,전라북도,무주군,60,20
202305,전라북도,무주군,61,23
202305,전라북도,무주군,62,36
202305,전라북도,무주군,63,25
202305,전라북도,무주군,64,17
202305,전라북도,무주군,65,24
202305,전라북도,무주군,66,20
202305,전라북도,무주군,67,16
202305,전라북도,무주군,68,21
202305,전라북도,무주군,69,21
202305,전라북도,무주군,70,18
202305,전라북도,무주군,71,25
202305,전라북도,무주군,72,22
202305,전라북도,무주군,73,34
202305,전라북도,무주군,74,21
202305,전라북도,무주군,75,21
202305,전라북도,무주군,76,15
202305,전라북도,무주군,77,21
202305,전라북도,무주군,78,18
202305,전라북도,무주군,79,17
202305,전라북도,무주군,80,42
202305,전라북도,무주군,81,35
202305,전라북도,무주군,82,33
202305,전라북도,무주군,83,24
202305,전라북도,무주군,84,37
202305,전라북도,무주군,85,29
202305,전라북도,무주군,86,24
202305,전라북도,무주군,87,21
202305,전라북도,무주군,88,24
202305,전라북도,무주군,89,26
202305,전라북도,무주군,90,16
202305,전라북도,무주군,91,15
202305,전라북도,무주군,92,11
202305,전라북도,무주군,93,5
202305,전라북도,무주군,94,9
202305,전라북도,무주군,95,7
202305,전라북도,무주군,96,4
202305,전라북도,무주군,97,1
202305,전라북도,무주군,98,2
202305,전라북도,무주군,99,1
202305,전라북도,무주군,100,2
202305,전라북도,무주군,101,1
202305,전라북도,무주군,102,1
202305,전라북도,무주군,103,1
202305,전라북도,장수군,0,1
202305,전라북도,장수군,1,1
202305,전라북도,장수군,2,1
202305,전라북도,장수군,3,2
202305,전라북도,장수군,5,2
202305,전라북도,장수군,6,8
202305,전라북도,장수군,7,6
202305,전라북도,장수군,8,5
202305,전라북도,장수군,9,10
202305,전라북도,장수군,10,10
202305,전라북도,장수군,11,18
202305,전라북도,장수군,12,18
202305,전라북도,장수군,13,22
202305,전라북도,장수군,14,21
202305,전라북도,장수군,15,24
202305,전라북도,장수군,16,22
202305,전라북도,장수군,17,21
202305,전라북도,장수군,18,19
202305,전라북도,장수군,19,17
202305,전라북도,장수군,20,12
202305,전라북도,장수군,21,14
202305,전라북도,장수군,22,13
202305,전라북도,장수군,23,8
202305,전라북도,장수군,24,4
202305,전라북도,장수군,25,6
202305,전라북도,장수군,26,5
202305,전라북도,장수군,27,1
202305,전라북도,장수군,28,6
202305,전라북도,장수군,29,1
202305,전라북도,장수군,30,2
202305,전라북도,장수군,32,1
202305,전라북도,장수군,33,5
202305,전라북도,장수군,34,6
202305,전라북도,장수군,35,1
202305,전라북도,장수군,36,4
202305,전라북도,장수군,37,5
202305,전라북도,장수군,38,4
202305,전라북도,장수군,39,6
202305,전라북도,장수군,40,6
202305,전라북도,장수군,41,15
202305,전라북도,장수군,42,8
202305,전라북도,장수군,43,8
202305,전라북도,장수군,44,10
202305,전라북도,장수군,45,5
202305,전라북도,장수군,46,10
202305,전라북도,장수군,47,16
202305,전라북도,장수군,48,11
202305,전라북도,장수군,49,10
202305,전라북도,장수군,50,22
202305,전라북도,장수군,51,17
202305,전라북도,장수군,52,14
202305,전라북도,장수군,53,22
202305,전라북도,장수군,54,26
202305,전라북도,장수군,55,23
202305,전라북도,장수군,56,21
202305,전라북도,장수군,57,29
202305,전라북도,장수군,58,31
202305,전라북도,장수군,59,16
202305,전라북도,장수군,60,20
202305,전라북도,장수군,61,26
202305,전라북도,장수군,62,25
202305,전라북도,장수군,63,32
202305,전라북도,장수군,64,32
202305,전라북도,장수군,65,17
202305,전라북도,장수군,66,28
202305,전라북도,장수군,67,24
202305,전라북도,장수군,68,21
202305,전라북도,장수군,69,19
202305,전라북도,장수군,70,21
202305,전라북도,장수군,71,22
202305,전라북도,장수군,72,19
202305,전라북도,장수군,73,26
202305,전라북도,장수군,74,19
202305,전라북도,장수군,75,20
202305,전라북도,장수군,76,14
202305,전라북도,장수군,77,9
202305,전라북도,장수군,78,13
202305,전라북도,장수군,79,18
202305,전라북도,장수군,80,24
202305,전라북도,장수군,81,28
202305,전라북도,장수군,82,27
202305,전라북도,장수군,83,24
202305,전라북도,장수군,84,19
202305,전라북도,장수군,85,16
202305,전라북도,장수군,86,22
202305,전라북도,장수군,87,20
202305,전라북도,장수군,88,20
202305,전라북도,장수군,89,16
202305,전라북도,장수군,90,9
202305,전라북도,장수군,91,5
202305,전라북도,장수군,92,6
202305,전라북도,장수군,93,4
202305,전라북도,장수군,94,6
202305,전라북도,장수군,95,3
202305,전라북도,장수군,96,4
202305,전라북도,장수군,97,2
202305,전라북도,장수군,98,1
202305,전라북도,장수군,99,1
202305,전라북도,장수군,101,1
202305,전라북도,장수군,102,1
202305,전라북도,장수군,104,1
202305,전라북도,임실군,0,1
202305,전라북도,임실군,1,2
202305,전라북도,임실군,2,4
202305,전라북도,임실군,3,2
202305,전라북도,임실군,4,5
202305,전라북도,임실군,5,7
202305,전라북도,임실군,6,12
202305,전라북도,임실군,7,15
202305,전라북도,임실군,8,12
202305,전라북도,임실군,9,10
202305,전라북도,임실군,10,17
202305,전라북도,임실군,11,19
202305,전라북도,임실군,12,27
202305,전라북도,임실군,13,23
202305,전라북도,임실군,14,29
202305,전라북도,임실군,15,28
202305,전라북도,임실군,16,27
202305,전라북도,임실군,17,20
202305,전라북도,임실군,18,23
202305,전라북도,임실군,19,10
202305,전라북도,임실군,20,14
202305,전라북도,임실군,21,19
202305,전라북도,임실군,22,11
202305,전라북도,임실군,23,10
202305,전라북도,임실군,24,5
202305,전라북도,임실군,25,4
202305,전라북도,임실군,26,6
202305,전라북도,임실군,27,5
202305,전라북도,임실군,28,3
202305,전라북도,임실군,29,3
202305,전라북도,임실군,30,2
202305,전라북도,임실군,31,2
202305,전라북도,임실군,32,6
202305,전라북도,임실군,33,7
202305,전라북도,임실군,34,8
202305,전라북도,임실군,35,12
202305,전라북도,임실군,36,3
202305,전라북도,임실군,37,13
202305,전라북도,임실군,38,16
202305,전라북도,임실군,39,7
202305,전라북도,임실군,40,12
202305,전라북도,임실군,41,13
202305,전라북도,임실군,42,12
202305,전라북도,임실군,43,19
202305,전라북도,임실군,44,8
202305,전라북도,임실군,45,7
202305,전라북도,임실군,46,11
202305,전라북도,임실군,47,15
202305,전라북도,임실군,48,22
202305,전라북도,임실군,49,19
202305,전라북도,임실군,50,25
202305,전라북도,임실군,51,25
202305,전라북도,임실군,52,22
202305,전라북도,임실군,53,29
202305,전라북도,임실군,54,35
202305,전라북도,임실군,55,29
202305,전라북도,임실군,56,20
202305,전라북도,임실군,57,26
202305,전라북도,임실군,58,24
202305,전라북도,임실군,59,30
202305,전라북도,임실군,60,29
202305,전라북도,임실군,61,24
202305,전라북도,임실군,62,29
202305,전라북도,임실군,63,47
202305,전라북도,임실군,64,33
202305,전라북도,임실군,65,24
202305,전라북도,임실군,66,27
202305,전라북도,임실군,67,33
202305,전라북도,임실군,68,54
202305,전라북도,임실군,69,25
202305,전라북도,임실군,70,26
202305,전라북도,임실군,71,26
202305,전라북도,임실군,72,29
202305,전라북도,임실군,73,36
202305,전라북도,임실군,74,35
202305,전라북도,임실군,75,36
202305,전라북도,임실군,76,29
202305,전라북도,임실군,77,21
202305,전라북도,임실군,78,32
202305,전라북도,임실군,79,25
202305,전라북도,임실군,80,49
202305,전라북도,임실군,81,57
202305,전라북도,임실군,82,44
202305,전라북도,임실군,83,52
202305,전라북도,임실군,84,41
202305,전라북도,임실군,85,45
202305,전라북도,임실군,86,59
202305,전라북도,임실군,87,47
202305,전라북도,임실군,88,42
202305,전라북도,임실군,89,33
202305,전라북도,임실군,90,24
202305,전라북도,임실군,91,25
202305,전라북도,임실군,92,22
202305,전라북도,임실군,93,12
202305,전라북도,임실군,94,16
202305,전라북도,임실군,95,8
202305,전라북도,임실군,96,11
202305,전라북도,임실군,97,4
202305,전라북도,임실군,98,4
202305,전라북도,임실군,99,1
202305,전라북도,임실군,100,1
202305,전라북도,임실군,102,1
202305,전라북도,임실군,104,2
202305,전라북도,임실군,106,1
202305,전라북도,순창군,1,4
202305,전라북도,순창군,2,4
202305,전라북도,순창군,3,8
202305,전라북도,순창군,4,7
202305,전라북도,순창군,5,6
202305,전라북도,순창군,6,2
202305,전라북도,순창군,7,16
202305,전라북도,순창군,8,7
202305,전라북도,순창군,9,15
202305,전라북도,순창군,10,13
202305,전라북도,순창군,11,18
202305,전라북도,순창군,12,27
202305,전라북도,순창군,13,20
202305,전라북도,순창군,14,21
202305,전라북도,순창군,15,27
202305,전라북도,순창군,16,24
202305,전라북도,순창군,17,25
202305,전라북도,순창군,18,24
202305,전라북도,순창군,19,20
202305,전라북도,순창군,20,16
202305,전라북도,순창군,21,14
202305,전라북도,순창군,22,14
202305,전라북도,순창군,23,15
202305,전라북도,순창군,24,12
202305,전라북도,순창군,25,14
202305,전라북도,순창군,26,10
202305,전라북도,순창군,27,3
202305,전라북도,순창군,28,1
202305,전라북도,순창군,29,3
202305,전라북도,순창군,30,4
202305,전라북도,순창군,31,6
202305,전라북도,순창군,32,1
202305,전라북도,순창군,33,4
202305,전라북도,순창군,34,4
202305,전라북도,순창군,35,6
202305,전라북도,순창군,36,10
202305,전라북도,순창군,37,14
202305,전라북도,순창군,38,6
202305,전라북도,순창군,39,6
202305,전라북도,순창군,40,13
202305,전라북도,순창군,41,13
202305,전라북도,순창군,42,13
202305,전라북도,순창군,43,16
202305,전라북도,순창군,44,9
202305,전라북도,순창군,45,19
202305,전라북도,순창군,46,10
202305,전라북도,순창군,47,20
202305,전라북도,순창군,48,17
202305,전라북도,순창군,49,16
202305,전라북도,순창군,50,26
202305,전라북도,순창군,51,21
202305,전라북도,순창군,52,12
202305,전라북도,순창군,53,25
202305,전라북도,순창군,54,30
202305,전라북도,순창군,55,21
202305,전라북도,순창군,56,26
202305,전라북도,순창군,57,25
202305,전라북도,순창군,58,28
202305,전라북도,순창군,59,26
202305,전라북도,순창군,60,26
202305,전라북도,순창군,61,30
202305,전라북도,순창군,62,35
202305,전라북도,순창군,63,32
202305,전라북도,순창군,64,30
202305,전라북도,순창군,65,22
202305,전라북도,순창군,66,16
202305,전라북도,순창군,67,29
202305,전라북도,순창군,68,34
202305,전라북도,순창군,69,26
202305,전라북도,순창군,70,26
202305,전라북도,순창군,71,15
202305,전라북도,순창군,72,25
202305,전라북도,순창군,73,26
202305,전라북도,순창군,74,26
202305,전라북도,순창군,75,29
202305,전라북도,순창군,76,35
202305,전라북도,순창군,77,23
202305,전라북도,순창군,78,29
202305,전라북도,순창군,79,28
202305,전라북도,순창군,80,39
202305,전라북도,순창군,81,47
202305,전라북도,순창군,82,35
202305,전라북도,순창군,83,47
202305,전라북도,순창군,84,37
202305,전라북도,순창군,85,47
202305,전라북도,순창군,86,35
202305,전라북도,순창군,87,33
202305,전라북도,순창군,88,30
202305,전라북도,순창군,89,36
202305,전라북도,순창군,90,15
202305,전라북도,순창군,91,17
202305,전라북도,순창군,92,16
202305,전라북도,순창군,93,12
202305,전라북도,순창군,94,7
202305,전라북도,순창군,95,13
202305,전라북도,순창군,96,4
202305,전라북도,순창군,97,5
202305,전라북도,순창군,98,1
202305,전라북도,순창군,99,1
202305,전라북도,순창군,103,1
202305,전라북도,고창군,0,5
202305,전라북도,고창군,1,6
202305,전라북도,고창군,2,1
202305,전라북도,고창군,3,12
202305,전라북도,고창군,4,9
202305,전라북도,고창군,5,5
202305,전라북도,고창군,6,17
202305,전라북도,고창군,7,27
202305,전라북도,고창군,8,23
202305,전라북도,고창군,9,38
202305,전라북도,고창군,10,24
202305,전라북도,고창군,11,27
202305,전라북도,고창군,12,42
202305,전라북도,고창군,13,46
202305,전라북도,고창군,14,49
202305,전라북도,고창군,15,53
202305,전라북도,고창군,16,51
202305,전라북도,고창군,17,44
202305,전라북도,고창군,18,34
202305,전라북도,고창군,19,29
202305,전라북도,고창군,20,32
202305,전라북도,고창군,21,20
202305,전라북도,고창군,22,15
202305,전라북도,고창군,23,19
202305,전라북도,고창군,24,13
202305,전라북도,고창군,25,10
202305,전라북도,고창군,26,7
202305,전라북도,고창군,27,10
202305,전라북도,고창군,28,6
202305,전라북도,고창군,29,7
202305,전라북도,고창군,30,8
202305,전라북도,고창군,31,9
202305,전라북도,고창군,32,6
202305,전라북도,고창군,33,4
202305,전라북도,고창군,34,4
202305,전라북도,고창군,35,5
202305,전라북도,고창군,36,12
202305,전라북도,고창군,37,10
202305,전라북도,고창군,38,13
202305,전라북도,고창군,39,19
202305,전라북도,고창군,40,16
202305,전라북도,고창군,41,13
202305,전라북도,고창군,42,27
202305,전라북도,고창군,43,22
202305,전라북도,고창군,44,21
202305,전라북도,고창군,45,31
202305,전라북도,고창군,46,21
202305,전라북도,고창군,47,30
202305,전라북도,고창군,48,29
202305,전라북도,고창군,49,33
202305,전라북도,고창군,50,43
202305,전라북도,고창군,51,43
202305,전라북도,고창군,52,48
202305,전라북도,고창군,53,43
202305,전라북도,고창군,54,54
202305,전라북도,고창군,55,41
202305,전라북도,고창군,56,56
202305,전라북도,고창군,57,53
202305,전라북도,고창군,58,56
202305,전라북도,고창군,59,47
202305,전라북도,고창군,60,61
202305,전라북도,고창군,61,56
202305,전라북도,고창군,62,69
202305,전라북도,고창군,63,60
202305,전라북도,고창군,64,63
202305,전라북도,고창군,65,64
202305,전라북도,고창군,66,55
202305,전라북도,고창군,67,63
202305,전라북도,고창군,68,75
202305,전라북도,고창군,69,56
202305,전라북도,고창군,70,50
202305,전라북도,고창군,71,47
202305,전라북도,고창군,72,49
202305,전라북도,고창군,73,62
202305,전라북도,고창군,74,55
202305,전라북도,고창군,75,71
202305,전라북도,고창군,76,52
202305,전라북도,고창군,77,45
202305,전라북도,고창군,78,43
202305,전라북도,고창군,79,66
202305,전라북도,고창군,80,81
202305,전라북도,고창군,81,99
202305,전라북도,고창군,82,72
202305,전라북도,고창군,83,76
202305,전라북도,고창군,84,80
202305,전라북도,고창군,85,61
202305,전라북도,고창군,86,65
202305,전라북도,고창군,87,67
202305,전라북도,고창군,88,69
202305,전라북도,고창군,89,56
202305,전라북도,고창군,90,43
202305,전라북도,고창군,91,41
202305,전라북도,고창군,92,26
202305,전라북도,고창군,93,33
202305,전라북도,고창군,94,21
202305,전라북도,고창군,95,19
202305,전라북도,고창군,96,15
202305,전라북도,고창군,97,7
202305,전라북도,고창군,98,7
202305,전라북도,고창군,99,2
202305,전라북도,고창군,100,5
202305,전라북도,고창군,101,3
202305,전라북도,부안군,0,2
202305,전라북도,부안군,1,1
202305,전라북도,부안군,2,4
202305,전라북도,부안군,3,4
202305,전라북도,부안군,4,6
202305,전라북도,부안군,5,4
202305,전라북도,부안군,6,20
202305,전라북도,부안군,7,14
202305,전라북도,부안군,8,26
202305,전라북도,부안군,9,20
202305,전라북도,부안군,10,25
202305,전라북도,부안군,11,22
202305,전라북도,부안군,12,40
202305,전라북도,부안군,13,24
202305,전라북도,부안군,14,36
202305,전라북도,부안군,15,35
202305,전라북도,부안군,16,28
202305,전라북도,부안군,17,33
202305,전라북도,부안군,18,34
202305,전라북도,부안군,19,23
202305,전라북도,부안군,20,21
202305,전라북도,부안군,21,27
202305,전라북도,부안군,22,24
202305,전라북도,부안군,23,21
202305,전라북도,부안군,24,5
202305,전라북도,부안군,25,11
202305,전라북도,부안군,26,5
202305,전라북도,부안군,27,1
202305,전라북도,부안군,28,7
202305,전라북도,부안군,29,6
202305,전라북도,부안군,30,4
202305,전라북도,부안군,31,5
202305,전라북도,부안군,32,7
202305,전라북도,부안군,33,7
202305,전라북도,부안군,34,7
202305,전라북도,부안군,35,9
202305,전라북도,부안군,36,4
202305,전라북도,부안군,37,17
202305,전라북도,부안군,38,15
202305,전라북도,부안군,39,17
202305,전라북도,부안군,40,18
202305,전라북도,부안군,41,14
202305,전라북도,부안군,42,20
202305,전라북도,부안군,43,27
202305,전라북도,부안군,44,11
202305,전라북도,부안군,45,38
202305,전라북도,부안군,46,23
202305,전라북도,부안군,47,15
202305,전라북도,부안군,48,28
202305,전라북도,부안군,49,25
202305,전라북도,부안군,50,45
202305,전라북도,부안군,51,40
202305,전라북도,부안군,52,30
202305,전라북도,부안군,53,47
202305,전라북도,부안군,54,64
202305,전라북도,부안군,55,38
202305,전라북도,부안군,56,57
202305,전라북도,부안군,57,55
202305,전라북도,부안군,58,37
202305,전라북도,부안군,59,62
202305,전라북도,부안군,60,50
202305,전라북도,부안군,61,48
202305,전라북도,부안군,62,65
202305,전라북도,부안군,63,72
202305,전라북도,부안군,64,55
202305,전라북도,부안군,65,95
202305,전라북도,부안군,66,63
202305,전라북도,부안군,67,69
202305,전라북도,부안군,68,92
202305,전라북도,부안군,69,58
202305,전라북도,부안군,70,67
202305,전라북도,부안군,71,64
202305,전라북도,부안군,72,73
202305,전라북도,부안군,73,76
202305,전라북도,부안군,74,72
202305,전라북도,부안군,75,72
202305,전라북도,부안군,76,87
202305,전라북도,부안군,77,61
202305,전라북도,부안군,78,80
202305,전라북도,부안군,79,64
202305,전라북도,부안군,80,97
202305,전라북도,부안군,81,94
202305,전라북도,부안군,82,65
202305,전라북도,부안군,83,72
202305,전라북도,부안군,84,85
202305,전라북도,부안군,85,61
202305,전라북도,부안군,86,64
202305,전라북도,부안군,87,54
202305,전라북도,부안군,88,50
202305,전라북도,부안군,89,38
202305,전라북도,부안군,90,35
202305,전라북도,부안군,91,19
202305,전라북도,부안군,92,16
202305,전라북도,부안군,93,15
202305,전라북도,부안군,94,13
202305,전라북도,부안군,95,8
202305,전라북도,부안군,96,7
202305,전라북도,부안군,97,3
202305,전라북도,부안군,98,1
202305,전라북도,부안군,99,1
202305,전라북도,부안군,100,2
202305,전라북도,부안군,102,1
202305,전라북도,부안군,105,1
202305,전라북도,부안군,111,1
202305,전라남도,목포시,0,38
202305,전라남도,목포시,1,34
202305,전라남도,목포시,2,47
202305,전라남도,목포시,3,65
202305,전라남도,목포시,4,81
202305,전라남도,목포시,5,82
202305,전라남도,목포시,6,129
202305,전라남도,목포시,7,171
202305,전라남도,목포시,8,195
202305,전라남도,목포시,9,205
202305,전라남도,목포시,10,267
202305,전라남도,목포시,11,262
202305,전라남도,목포시,12,283
202305,전라남도,목포시,13,298
202305,전라남도,목포시,14,272
202305,전라남도,목포시,15,294
202305,전라남도,목포시,16,271
202305,전라남도,목포시,17,261
202305,전라남도,목포시,18,216
202305,전라남도,목포시,19,216
202305,전라남도,목포시,20,158
202305,전라남도,목포시,21,175
202305,전라남도,목포시,22,199
202305,전라남도,목포시,23,160
202305,전라남도,목포시,24,138
202305,전라남도,목포시,25,100
202305,전라남도,목포시,26,89
202305,전라남도,목포시,27,73
202305,전라남도,목포시,28,63
202305,전라남도,목포시,29,76
202305,전라남도,목포시,30,61
202305,전라남도,목포시,31,63
202305,전라남도,목포시,32,53
202305,전라남도,목포시,33,95
202305,전라남도,목포시,34,69
202305,전라남도,목포시,35,80
202305,전라남도,목포시,36,73
202305,전라남도,목포시,37,99
202305,전라남도,목포시,38,130
202305,전라남도,목포시,39,161
202305,전라남도,목포시,40,141
202305,전라남도,목포시,41,178
202305,전라남도,목포시,42,186
202305,전라남도,목포시,43,180
202305,전라남도,목포시,44,167
202305,전라남도,목포시,45,157
202305,전라남도,목포시,46,190
202305,전라남도,목포시,47,187
202305,전라남도,목포시,48,214
202305,전라남도,목포시,49,248
202305,전라남도,목포시,50,223
202305,전라남도,목포시,51,234
202305,전라남도,목포시,52,250
202305,전라남도,목포시,53,246
202305,전라남도,목포시,54,271
202305,전라남도,목포시,55,243
202305,전라남도,목포시,56,244
202305,전라남도,목포시,57,238
202305,전라남도,목포시,58,261
202305,전라남도,목포시,59,260
202305,전라남도,목포시,60,300
202305,전라남도,목포시,61,268
202305,전라남도,목포시,62,296
202305,전라남도,목포시,63,317
202305,전라남도,목포시,64,280
202305,전라남도,목포시,65,305
202305,전라남도,목포시,66,322
202305,전라남도,목포시,67,304
202305,전라남도,목포시,68,321
202305,전라남도,목포시,69,232
202305,전라남도,목포시,70,254
202305,전라남도,목포시,71,284
202305,전라남도,목포시,72,242
202305,전라남도,목포시,73,281
202305,전라남도,목포시,74,231
202305,전라남도,목포시,75,283
202305,전라남도,목포시,76,287
202305,전라남도,목포시,77,227
202305,전라남도,목포시,78,267
202305,전라남도,목포시,79,226
202305,전라남도,목포시,80,301
202305,전라남도,목포시,81,285
202305,전라남도,목포시,82,245
202305,전라남도,목포시,83,230
202305,전라남도,목포시,84,212
202305,전라남도,목포시,85,198
202305,전라남도,목포시,86,152
202305,전라남도,목포시,87,134
202305,전라남도,목포시,88,102
202305,전라남도,목포시,89,116
202305,전라남도,목포시,90,82
202305,전라남도,목포시,91,62
202305,전라남도,목포시,92,48
202305,전라남도,목포시,93,39
202305,전라남도,목포시,94,21
202305,전라남도,목포시,95,26
202305,전라남도,목포시,96,18
202305,전라남도,목포시,97,7
202305,전라남도,목포시,98,5
202305,전라남도,목포시,99,5
202305,전라남도,목포시,100,4
202305,전라남도,목포시,101,1
202305,전라남도,목포시,102,2
202305,전라남도,목포시,104,1
202305,전라남도,목포시,108,1
202305,전라남도,목포시,113,1
202305,전라남도,여수시,0,6
202305,전라남도,여수시,1,9
202305,전라남도,여수시,2,16
202305,전라남도,여수시,3,29
202305,전라남도,여수시,4,31
202305,전라남도,여수시,5,43
202305,전라남도,여수시,6,59
202305,전라남도,여수시,7,73
202305,전라남도,여수시,8,94
202305,전라남도,여수시,9,105
202305,전라남도,여수시,10,136
202305,전라남도,여수시,11,151
202305,전라남도,여수시,12,154
202305,전라남도,여수시,13,166
202305,전라남도,여수시,14,155
202305,전라남도,여수시,15,173
202305,전라남도,여수시,16,168
202305,전라남도,여수시,17,154
202305,전라남도,여수시,18,139
202305,전라남도,여수시,19,100
202305,전라남도,여수시,20,66
202305,전라남도,여수시,21,88
202305,전라남도,여수시,22,76
202305,전라남도,여수시,23,64
202305,전라남도,여수시,24,61
202305,전라남도,여수시,25,44
202305,전라남도,여수시,26,43
202305,전라남도,여수시,27,37
202305,전라남도,여수시,28,25
202305,전라남도,여수시,29,28
202305,전라남도,여수시,30,46
202305,전라남도,여수시,31,37
202305,전라남도,여수시,32,34
202305,전라남도,여수시,33,44
202305,전라남도,여수시,34,39
202305,전라남도,여수시,35,45
202305,전라남도,여수시,36,40
202305,전라남도,여수시,37,73
202305,전라남도,여수시,38,55
202305,전라남도,여수시,39,81
202305,전라남도,여수시,40,74
202305,전라남도,여수시,41,94
202305,전라남도,여수시,42,121
202305,전라남도,여수시,43,108
202305,전라남도,여수시,44,99
202305,전라남도,여수시,45,111
202305,전라남도,여수시,46,114
202305,전라남도,여수시,47,123
202305,전라남도,여수시,48,138
202305,전라남도,여수시,49,144
202305,전라남도,여수시,50,151
202305,전라남도,여수시,51,134
202305,전라남도,여수시,52,166
202305,전라남도,여수시,53,164
202305,전라남도,여수시,54,178
202305,전라남도,여수시,55,180
202305,전라남도,여수시,56,182
202305,전라남도,여수시,57,198
202305,전라남도,여수시,58,197
202305,전라남도,여수시,59,196
202305,전라남도,여수시,60,227
202305,전라남도,여수시,61,229
202305,전라남도,여수시,62,284
202305,전라남도,여수시,63,250
202305,전라남도,여수시,64,277
202305,전라남도,여수시,65,262
202305,전라남도,여수시,66,255
202305,전라남도,여수시,67,221
202305,전라남도,여수시,68,333
202305,전라남도,여수시,69,225
202305,전라남도,여수시,70,220
202305,전라남도,여수시,71,226
202305,전라남도,여수시,72,225
202305,전라남도,여수시,73,222
202305,전라남도,여수시,74,228
202305,전라남도,여수시,75,283
202305,전라남도,여수시,76,275
202305,전라남도,여수시,77,175
202305,전라남도,여수시,78,197
202305,전라남도,여수시,79,193
202305,전라남도,여수시,80,256
202305,전라남도,여수시,81,236
202305,전라남도,여수시,82,235
202305,전라남도,여수시,83,247
202305,전라남도,여수시,84,204
202305,전라남도,여수시,85,166
202305,전라남도,여수시,86,166
202305,전라남도,여수시,87,133
202305,전라남도,여수시,88,98
202305,전라남도,여수시,89,105
202305,전라남도,여수시,90,95
202305,전라남도,여수시,91,64
202305,전라남도,여수시,92,59
202305,전라남도,여수시,93,60
202305,전라남도,여수시,94,42
202305,전라남도,여수시,95,21
202305,전라남도,여수시,96,16
202305,전라남도,여수시,97,11
202305,전라남도,여수시,98,9
202305,전라남도,여수시,99,13
202305,전라남도,여수시,100,3
202305,전라남도,여수시,101,7
202305,전라남도,여수시,103,1
202305,전라남도,여수시,105,1
202305,전라남도,순천시,0,6
202305,전라남도,순천시,1,24
202305,전라남도,순천시,2,29
202305,전라남도,순천시,3,31
202305,전라남도,순천시,4,33
202305,전라남도,순천시,5,44
202305,전라남도,순천시,6,79
202305,전라남도,순천시,7,95
202305,전라남도,순천시,8,99
202305,전라남도,순천시,9,92
202305,전라남도,순천시,10,134
202305,전라남도,순천시,11,124
202305,전라남도,순천시,12,145
202305,전라남도,순천시,13,147
202305,전라남도,순천시,14,155
202305,전라남도,순천시,15,155
202305,전라남도,순천시,16,148
202305,전라남도,순천시,17,145
202305,전라남도,순천시,18,130
202305,전라남도,순천시,19,112
202305,전라남도,순천시,20,86
202305,전라남도,순천시,21,83
202305,전라남도,순천시,22,84
202305,전라남도,순천시,23,75
202305,전라남도,순천시,24,56
202305,전라남도,순천시,25,63
202305,전라남도,순천시,26,45
202305,전라남도,순천시,27,39
202305,전라남도,순천시,28,32
202305,전라남도,순천시,29,24
202305,전라남도,순천시,30,36
202305,전라남도,순천시,31,43
202305,전라남도,순천시,32,34
202305,전라남도,순천시,33,50
202305,전라남도,순천시,34,44
202305,전라남도,순천시,35,44
202305,전라남도,순천시,36,62
202305,전라남도,순천시,37,56
202305,전라남도,순천시,38,51
202305,전라남도,순천시,39,77
202305,전라남도,순천시,40,83
202305,전라남도,순천시,41,83
202305,전라남도,순천시,42,109
202305,전라남도,순천시,43,68
202305,전라남도,순천시,44,94
202305,전라남도,순천시,45,89
202305,전라남도,순천시,46,110
202305,전라남도,순천시,47,101
202305,전라남도,순천시,48,112
202305,전라남도,순천시,49,128
202305,전라남도,순천시,50,155
202305,전라남도,순천시,51,138
202305,전라남도,순천시,52,144
202305,전라남도,순천시,53,159
202305,전라남도,순천시,54,172
202305,전라남도,순천시,55,149
202305,전라남도,순천시,56,171
202305,전라남도,순천시,57,162
202305,전라남도,순천시,58,149
202305,전라남도,순천시,59,164
202305,전라남도,순천시,60,194
202305,전라남도,순천시,61,199
202305,전라남도,순천시,62,208
202305,전라남도,순천시,63,214
202305,전라남도,순천시,64,211
202305,전라남도,순천시,65,195
202305,전라남도,순천시,66,194
202305,전라남도,순천시,67,196
202305,전라남도,순천시,68,230
202305,전라남도,순천시,69,181
202305,전라남도,순천시,70,169
202305,전라남도,순천시,71,196
202305,전라남도,순천시,72,163
202305,전라남도,순천시,73,176
202305,전라남도,순천시,74,176
202305,전라남도,순천시,75,148
202305,전라남도,순천시,76,150
202305,전라남도,순천시,77,102
202305,전라남도,순천시,78,120
202305,전라남도,순천시,79,126
202305,전라남도,순천시,80,186
202305,전라남도,순천시,81,170
202305,전라남도,순천시,82,131
202305,전라남도,순천시,83,179
202305,전라남도,순천시,84,160
202305,전라남도,순천시,85,147
202305,전라남도,순천시,86,132
202305,전라남도,순천시,87,140
202305,전라남도,순천시,88,121
202305,전라남도,순천시,89,91
202305,전라남도,순천시,90,82
202305,전라남도,순천시,91,67
202305,전라남도,순천시,92,68
202305,전라남도,순천시,93,61
202305,전라남도,순천시,94,34
202305,전라남도,순천시,95,30
202305,전라남도,순천시,96,17
202305,전라남도,순천시,97,11
202305,전라남도,순천시,98,9
202305,전라남도,순천시,99,5
202305,전라남도,순천시,100,7
202305,전라남도,순천시,101,1
202305,전라남도,순천시,102,1
202305,전라남도,나주시,0,13
202305,전라남도,나주시,1,13
202305,전라남도,나주시,2,21
202305,전라남도,나주시,3,20
202305,전라남도,나주시,4,19
202305,전라남도,나주시,5,38
202305,전라남도,나주시,6,51
202305,전라남도,나주시,7,62
202305,전라남도,나주시,8,58
202305,전라남도,나주시,9,73
202305,전라남도,나주시,10,82
202305,전라남도,나주시,11,98
202305,전라남도,나주시,12,97
202305,전라남도,나주시,13,84
202305,전라남도,나주시,14,67
202305,전라남도,나주시,15,96
202305,전라남도,나주시,16,89
202305,전라남도,나주시,17,91
202305,전라남도,나주시,18,72
202305,전라남도,나주시,19,57
202305,전라남도,나주시,20,46
202305,전라남도,나주시,21,27
202305,전라남도,나주시,22,36
202305,전라남도,나주시,23,35
202305,전라남도,나주시,24,27
202305,전라남도,나주시,25,22
202305,전라남도,나주시,26,18
202305,전라남도,나주시,27,15
202305,전라남도,나주시,28,10
202305,전라남도,나주시,29,19
202305,전라남도,나주시,30,15
202305,전라남도,나주시,31,11
202305,전라남도,나주시,32,20
202305,전라남도,나주시,33,20
202305,전라남도,나주시,34,24
202305,전라남도,나주시,35,24
202305,전라남도,나주시,36,32
202305,전라남도,나주시,37,29
202305,전라남도,나주시,38,29
202305,전라남도,나주시,39,34
202305,전라남도,나주시,40,47
202305,전라남도,나주시,41,39
202305,전라남도,나주시,42,64
202305,전라남도,나주시,43,56
202305,전라남도,나주시,44,48
202305,전라남도,나주시,45,46
202305,전라남도,나주시,46,55
202305,전라남도,나주시,47,64
202305,전라남도,나주시,48,61
202305,전라남도,나주시,49,69
202305,전라남도,나주시,50,72
202305,전라남도,나주시,51,63
202305,전라남도,나주시,52,74
202305,전라남도,나주시,53,72
202305,전라남도,나주시,54,86
202305,전라남도,나주시,55,76
202305,전라남도,나주시,56,83
202305,전라남도,나주시,57,88
202305,전라남도,나주시,58,119
202305,전라남도,나주시,59,98
202305,전라남도,나주시,60,89
202305,전라남도,나주시,61,91
202305,전라남도,나주시,62,113
202305,전라남도,나주시,63,103
202305,전라남도,나주시,64,96
202305,전라남도,나주시,65,112
202305,전라남도,나주시,66,88
202305,전라남도,나주시,67,107
202305,전라남도,나주시,68,133
202305,전라남도,나주시,69,111
202305,전라남도,나주시,70,79
202305,전라남도,나주시,71,91
202305,전라남도,나주시,72,85
202305,전라남도,나주시,73,103
202305,전라남도,나주시,74,70
202305,전라남도,나주시,75,95
202305,전라남도,나주시,76,113
202305,전라남도,나주시,77,81
202305,전라남도,나주시,78,102
202305,전라남도,나주시,79,99
202305,전라남도,나주시,80,143
202305,전라남도,나주시,81,141
202305,전라남도,나주시,82,97
202305,전라남도,나주시,83,117
202305,전라남도,나주시,84,113
202305,전라남도,나주시,85,119
202305,전라남도,나주시,86,95
202305,전라남도,나주시,87,81
202305,전라남도,나주시,88,83
202305,전라남도,나주시,89,65
202305,전라남도,나주시,90,51
202305,전라남도,나주시,91,49
202305,전라남도,나주시,92,45
202305,전라남도,나주시,93,47
202305,전라남도,나주시,94,25
202305,전라남도,나주시,95,13
202305,전라남도,나주시,96,9
202305,전라남도,나주시,97,4
202305,전라남도,나주시,98,1
202305,전라남도,나주시,99,7
202305,전라남도,나주시,100,2
202305,전라남도,나주시,101,2
202305,전라남도,나주시,102,3
202305,전라남도,나주시,105,1
202305,전라남도,나주시,109,1
202305,전라남도,나주시,121,1
202305,전라남도,광양시,0,6
202305,전라남도,광양시,1,10
202305,전라남도,광양시,2,19
202305,전라남도,광양시,3,15
202305,전라남도,광양시,4,28
202305,전라남도,광양시,5,43
202305,전라남도,광양시,6,46
202305,전라남도,광양시,7,58
202305,전라남도,광양시,8,74
202305,전라남도,광양시,9,84
202305,전라남도,광양시,10,88
202305,전라남도,광양시,11,71
202305,전라남도,광양시,12,114
202305,전라남도,광양시,13,94
202305,전라남도,광양시,14,97
202305,전라남도,광양시,15,111
202305,전라남도,광양시,16,110
202305,전라남도,광양시,17,106
202305,전라남도,광양시,18,93
202305,전라남도,광양시,19,61
202305,전라남도,광양시,20,45
202305,전라남도,광양시,21,50
202305,전라남도,광양시,22,43
202305,전라남도,광양시,23,35
202305,전라남도,광양시,24,37
202305,전라남도,광양시,25,25
202305,전라남도,광양시,26,21
202305,전라남도,광양시,27,15
202305,전라남도,광양시,28,17
202305,전라남도,광양시,29,18
202305,전라남도,광양시,30,24
202305,전라남도,광양시,31,28
202305,전라남도,광양시,32,17
202305,전라남도,광양시,33,14
202305,전라남도,광양시,34,26
202305,전라남도,광양시,35,27
202305,전라남도,광양시,36,32
202305,전라남도,광양시,37,33
202305,전라남도,광양시,38,35
202305,전라남도,광양시,39,38
202305,전라남도,광양시,40,42
202305,전라남도,광양시,41,63
202305,전라남도,광양시,42,63
202305,전라남도,광양시,43,79
202305,전라남도,광양시,44,63
202305,전라남도,광양시,45,48
202305,전라남도,광양시,46,45
202305,전라남도,광양시,47,73
202305,전라남도,광양시,48,66
202305,전라남도,광양시,49,68
202305,전라남도,광양시,50,64
202305,전라남도,광양시,51,70
202305,전라남도,광양시,52,80
202305,전라남도,광양시,53,72
202305,전라남도,광양시,54,88
202305,전라남도,광양시,55,71
202305,전라남도,광양시,56,73
202305,전라남도,광양시,57,82
202305,전라남도,광양시,58,57
202305,전라남도,광양시,59,70
202305,전라남도,광양시,60,88
202305,전라남도,광양시,61,84
202305,전라남도,광양시,62,86
202305,전라남도,광양시,63,102
202305,전라남도,광양시,64,69
202305,전라남도,광양시,65,87
202305,전라남도,광양시,66,89
202305,전라남도,광양시,67,95
202305,전라남도,광양시,68,95
202305,전라남도,광양시,69,79
202305,전라남도,광양시,70,88
202305,전라남도,광양시,71,75
202305,전라남도,광양시,72,61
202305,전라남도,광양시,73,76
202305,전라남도,광양시,74,63
202305,전라남도,광양시,75,70
202305,전라남도,광양시,76,66
202305,전라남도,광양시,77,59
202305,전라남도,광양시,78,69
202305,전라남도,광양시,79,56
202305,전라남도,광양시,80,72
202305,전라남도,광양시,81,79
202305,전라남도,광양시,82,51
202305,전라남도,광양시,83,72
202305,전라남도,광양시,84,59
202305,전라남도,광양시,85,62
202305,전라남도,광양시,86,60
202305,전라남도,광양시,87,69
202305,전라남도,광양시,88,64
202305,전라남도,광양시,89,32
202305,전라남도,광양시,90,42
202305,전라남도,광양시,91,33
202305,전라남도,광양시,92,27
202305,전라남도,광양시,93,21
202305,전라남도,광양시,94,17
202305,전라남도,광양시,95,8
202305,전라남도,광양시,96,11
202305,전라남도,광양시,97,7
202305,전라남도,광양시,98,2
202305,전라남도,광양시,99,2
202305,전라남도,광양시,100,6
202305,전라남도,광양시,101,1
202305,전라남도,담양군,0,1
202305,전라남도,담양군,1,1
202305,전라남도,담양군,2,4
202305,전라남도,담양군,3,2
202305,전라남도,담양군,4,5
202305,전라남도,담양군,5,4
202305,전라남도,담양군,6,12
202305,전라남도,담양군,7,13
202305,전라남도,담양군,8,14
202305,전라남도,담양군,9,19
202305,전라남도,담양군,10,22
202305,전라남도,담양군,11,29
202305,전라남도,담양군,12,30
202305,전라남도,담양군,13,24
202305,전라남도,담양군,14,26
202305,전라남도,담양군,15,27
202305,전라남도,담양군,16,22
202305,전라남도,담양군,17,24
202305,전라남도,담양군,18,27
202305,전라남도,담양군,19,15
202305,전라남도,담양군,20,18
202305,전라남도,담양군,21,8
202305,전라남도,담양군,22,15
202305,전라남도,담양군,23,10
202305,전라남도,담양군,24,18
202305,전라남도,담양군,25,5
202305,전라남도,담양군,26,7
202305,전라남도,담양군,27,5
202305,전라남도,담양군,28,3
202305,전라남도,담양군,29,4
202305,전라남도,담양군,30,8
202305,전라남도,담양군,31,8
202305,전라남도,담양군,32,5
202305,전라남도,담양군,33,3
202305,전라남도,담양군,34,8
202305,전라남도,담양군,35,5
202305,전라남도,담양군,36,19
202305,전라남도,담양군,37,10
202305,전라남도,담양군,38,6
202305,전라남도,담양군,39,17
202305,전라남도,담양군,40,20
202305,전라남도,담양군,41,17
202305,전라남도,담양군,42,9
202305,전라남도,담양군,43,15
202305,전라남도,담양군,44,13
202305,전라남도,담양군,45,25
202305,전라남도,담양군,46,15
202305,전라남도,담양군,47,24
202305,전라남도,담양군,48,24
202305,전라남도,담양군,49,26
202305,전라남도,담양군,50,22
202305,전라남도,담양군,51,35
202305,전라남도,담양군,52,29
202305,전라남도,담양군,53,21
202305,전라남도,담양군,54,36
202305,전라남도,담양군,55,26
202305,전라남도,담양군,56,22
202305,전라남도,담양군,57,38
202305,전라남도,담양군,58,21
202305,전라남도,담양군,59,38
202305,전라남도,담양군,60,33
202305,전라남도,담양군,61,37
202305,전라남도,담양군,62,44
202305,전라남도,담양군,63,42
202305,전라남도,담양군,64,42
202305,전라남도,담양군,65,39
202305,전라남도,담양군,66,37
202305,전라남도,담양군,67,43
202305,전라남도,담양군,68,44
202305,전라남도,담양군,69,37
202305,전라남도,담양군,70,39
202305,전라남도,담양군,71,34
202305,전라남도,담양군,72,42
202305,전라남도,담양군,73,38
202305,전라남도,담양군,74,43
202305,전라남도,담양군,75,39
202305,전라남도,담양군,76,41
202305,전라남도,담양군,77,39
202305,전라남도,담양군,78,35
202305,전라남도,담양군,79,37
202305,전라남도,담양군,80,55
202305,전라남도,담양군,81,70
202305,전라남도,담양군,82,45
202305,전라남도,담양군,83,54
202305,전라남도,담양군,84,57
202305,전라남도,담양군,85,53
202305,전라남도,담양군,86,46
202305,전라남도,담양군,87,48
202305,전라남도,담양군,88,42
202305,전라남도,담양군,89,35
202305,전라남도,담양군,90,38
202305,전라남도,담양군,91,30
202305,전라남도,담양군,92,14
202305,전라남도,담양군,93,20
202305,전라남도,담양군,94,15
202305,전라남도,담양군,95,4
202305,전라남도,담양군,96,9
202305,전라남도,담양군,97,3
202305,전라남도,담양군,98,3
202305,전라남도,담양군,99,2
202305,전라남도,담양군,101,1
202305,전라남도,담양군,102,3
202305,전라남도,담양군,104,1
202305,전라남도,담양군,106,1
202305,전라남도,곡성군,2,2
202305,전라남도,곡성군,3,1
202305,전라남도,곡성군,5,3
202305,전라남도,곡성군,6,6
202305,전라남도,곡성군,7,5
202305,전라남도,곡성군,8,10
202305,전라남도,곡성군,9,10
202305,전라남도,곡성군,10,17
202305,전라남도,곡성군,11,8
202305,전라남도,곡성군,12,14
202305,전라남도,곡성군,13,9
202305,전라남도,곡성군,14,10
202305,전라남도,곡성군,15,14
202305,전라남도,곡성군,16,12
202305,전라남도,곡성군,17,20
202305,전라남도,곡성군,18,13
202305,전라남도,곡성군,19,15
202305,전라남도,곡성군,20,18
202305,전라남도,곡성군,21,15
202305,전라남도,곡성군,22,16
202305,전라남도,곡성군,23,7
202305,전라남도,곡성군,24,9
202305,전라남도,곡성군,25,2
202305,전라남도,곡성군,26,2
202305,전라남도,곡성군,27,4
202305,전라남도,곡성군,28,4
202305,전라남도,곡성군,29,1
202305,전라남도,곡성군,30,3
202305,전라남도,곡성군,31,1
202305,전라남도,곡성군,32,1
202305,전라남도,곡성군,33,8
202305,전라남도,곡성군,34,5
202305,전라남도,곡성군,35,7
202305,전라남도,곡성군,36,3
202305,전라남도,곡성군,37,1
202305,전라남도,곡성군,38,3
202305,전라남도,곡성군,39,3
202305,전라남도,곡성군,40,6
202305,전라남도,곡성군,41,11
202305,전라남도,곡성군,42,8
202305,전라남도,곡성군,43,6
202305,전라남도,곡성군,44,8
202305,전라남도,곡성군,45,10
202305,전라남도,곡성군,46,9
202305,전라남도,곡성군,47,17
202305,전라남도,곡성군,48,16
202305,전라남도,곡성군,49,19
202305,전라남도,곡성군,50,25
202305,전라남도,곡성군,51,22
202305,전라남도,곡성군,52,15
202305,전라남도,곡성군,53,16
202305,전라남도,곡성군,54,22
202305,전라남도,곡성군,55,19
202305,전라남도,곡성군,56,29
202305,전라남도,곡성군,57,29
202305,전라남도,곡성군,58,24
202305,전라남도,곡성군,59,26
202305,전라남도,곡성군,60,27
202305,전라남도,곡성군,61,30
202305,전라남도,곡성군,62,34
202305,전라남도,곡성군,63,27
202305,전라남도,곡성군,64,31
202305,전라남도,곡성군,65,37
202305,전라남도,곡성군,66,27
202305,전라남도,곡성군,67,29
202305,전라남도,곡성군,68,30
202305,전라남도,곡성군,69,23
202305,전라남도,곡성군,70,25
202305,전라남도,곡성군,71,29
202305,전라남도,곡성군,72,26
202305,전라남도,곡성군,73,24
202305,전라남도,곡성군,74,30
202305,전라남도,곡성군,75,23
202305,전라남도,곡성군,76,31
202305,전라남도,곡성군,77,28
202305,전라남도,곡성군,78,27
202305,전라남도,곡성군,79,33
202305,전라남도,곡성군,80,34
202305,전라남도,곡성군,81,40
202305,전라남도,곡성군,82,40
202305,전라남도,곡성군,83,50
202305,전라남도,곡성군,84,51
202305,전라남도,곡성군,85,39
202305,전라남도,곡성군,86,49
202305,전라남도,곡성군,87,39
202305,전라남도,곡성군,88,42
202305,전라남도,곡성군,89,28
202305,전라남도,곡성군,90,22
202305,전라남도,곡성군,91,19
202305,전라남도,곡성군,92,25
202305,전라남도,곡성군,93,14
202305,전라남도,곡성군,94,18
202305,전라남도,곡성군,95,7
202305,전라남도,곡성군,96,5
202305,전라남도,곡성군,97,7
202305,전라남도,곡성군,98,2
202305,전라남도,곡성군,99,3
202305,전라남도,곡성군,100,3
202305,전라남도,곡성군,101,2
202305,전라남도,곡성군,102,1
202305,전라남도,곡성군,108,1
202305,전라남도,구례군,1,1
202305,전라남도,구례군,2,1
202305,전라남도,구례군,5,2
202305,전라남도,구례군,6,7
202305,전라남도,구례군,7,8
202305,전라남도,구례군,8,4
202305,전라남도,구례군,9,11
202305,전라남도,구례군,10,19
202305,전라남도,구례군,11,7
202305,전라남도,구례군,12,24
202305,전라남도,구례군,13,9
202305,전라남도,구례군,14,15
202305,전라남도,구례군,15,12
202305,전라남도,구례군,16,17
202305,전라남도,구례군,17,15
202305,전라남도,구례군,18,16
202305,전라남도,구례군,19,8
202305,전라남도,구례군,20,4
202305,전라남도,구례군,21,12
202305,전라남도,구례군,22,6
202305,전라남도,구례군,23,11
202305,전라남도,구례군,24,5
202305,전라남도,구례군,25,2
202305,전라남도,구례군,26,6
202305,전라남도,구례군,27,2
202305,전라남도,구례군,28,1
202305,전라남도,구례군,29,3
202305,전라남도,구례군,30,4
202305,전라남도,구례군,31,1
202305,전라남도,구례군,32,4
202305,전라남도,구례군,33,2
202305,전라남도,구례군,34,3
202305,전라남도,구례군,35,4
202305,전라남도,구례군,36,1
202305,전라남도,구례군,37,2
202305,전라남도,구례군,38,4
202305,전라남도,구례군,39,3
202305,전라남도,구례군,40,10
202305,전라남도,구례군,41,8
202305,전라남도,구례군,42,8
202305,전라남도,구례군,43,9
202305,전라남도,구례군,44,11
202305,전라남도,구례군,45,21
202305,전라남도,구례군,46,15
202305,전라남도,구례군,47,7
202305,전라남도,구례군,48,21
202305,전라남도,구례군,49,17
202305,전라남도,구례군,50,23
202305,전라남도,구례군,51,11
202305,전라남도,구례군,52,19
202305,전라남도,구례군,53,27
202305,전라남도,구례군,54,28
202305,전라남도,구례군,55,14
202305,전라남도,구례군,56,18
202305,전라남도,구례군,57,24
202305,전라남도,구례군,58,28
202305,전라남도,구례군,59,21
202305,전라남도,구례군,60,34
202305,전라남도,구례군,61,29
202305,전라남도,구례군,62,37
202305,전라남도,구례군,63,38
202305,전라남도,구례군,64,46
202305,전라남도,구례군,65,29
202305,전라남도,구례군,66,31
202305,전라남도,구례군,67,31
202305,전라남도,구례군,68,34
202305,전라남도,구례군,69,36
202305,전라남도,구례군,70,38
202305,전라남도,구례군,71,26
202305,전라남도,구례군,72,25
202305,전라남도,구례군,73,35
202305,전라남도,구례군,74,27
202305,전라남도,구례군,75,28
202305,전라남도,구례군,76,33
202305,전라남도,구례군,77,23
202305,전라남도,구례군,78,23
202305,전라남도,구례군,79,28
202305,전라남도,구례군,80,39
202305,전라남도,구례군,81,45
202305,전라남도,구례군,82,38
202305,전라남도,구례군,83,35
202305,전라남도,구례군,84,29
202305,전라남도,구례군,85,29
202305,전라남도,구례군,86,31
202305,전라남도,구례군,87,31
202305,전라남도,구례군,88,28
202305,전라남도,구례군,89,21
202305,전라남도,구례군,90,12
202305,전라남도,구례군,91,17
202305,전라남도,구례군,92,13
202305,전라남도,구례군,93,14
202305,전라남도,구례군,94,3
202305,전라남도,구례군,95,4
202305,전라남도,구례군,96,4
202305,전라남도,구례군,97,2
202305,전라남도,구례군,98,2
202305,전라남도,구례군,99,1
202305,전라남도,구례군,100,1
202305,전라남도,구례군,102,2
202305,전라남도,고흥군,0,3
202305,전라남도,고흥군,1,5
202305,전라남도,고흥군,2,2
202305,전라남도,고흥군,3,7
202305,전라남도,고흥군,4,8
202305,전라남도,고흥군,5,7
202305,전라남도,고흥군,6,17
202305,전라남도,고흥군,7,24
202305,전라남도,고흥군,8,21
202305,전라남도,고흥군,9,30
202305,전라남도,고흥군,10,35
202305,전라남도,고흥군,11,31
202305,전라남도,고흥군,12,43
202305,전라남도,고흥군,13,36
202305,전라남도,고흥군,14,48
202305,전라남도,고흥군,15,56
202305,전라남도,고흥군,16,49
202305,전라남도,고흥군,17,35
202305,전라남도,고흥군,18,37
202305,전라남도,고흥군,19,21
202305,전라남도,고흥군,20,19
202305,전라남도,고흥군,21,10
202305,전라남도,고흥군,22,19
202305,전라남도,고흥군,23,19
202305,전라남도,고흥군,24,7
202305,전라남도,고흥군,25,5
202305,전라남도,고흥군,26,8
202305,전라남도,고흥군,27,11
202305,전라남도,고흥군,28,9
202305,전라남도,고흥군,29,13
202305,전라남도,고흥군,30,5
202305,전라남도,고흥군,31,10
202305,전라남도,고흥군,32,6
202305,전라남도,고흥군,33,6
202305,전라남도,고흥군,34,10
202305,전라남도,고흥군,35,19
202305,전라남도,고흥군,36,13
202305,전라남도,고흥군,37,11
202305,전라남도,고흥군,38,20
202305,전라남도,고흥군,39,14
202305,전라남도,고흥군,40,16
202305,전라남도,고흥군,41,28
202305,전라남도,고흥군,42,23
202305,전라남도,고흥군,43,27
202305,전라남도,고흥군,44,21
202305,전라남도,고흥군,45,33
202305,전라남도,고흥군,46,42
202305,전라남도,고흥군,47,36
202305,전라남도,고흥군,48,37
202305,전라남도,고흥군,49,41
202305,전라남도,고흥군,50,41
202305,전라남도,고흥군,51,45
202305,전라남도,고흥군,52,53
202305,전라남도,고흥군,53,59
202305,전라남도,고흥군,54,73
202305,전라남도,고흥군,55,72
202305,전라남도,고흥군,56,61
202305,전라남도,고흥군,57,60
202305,전라남도,고흥군,58,56
202305,전라남도,고흥군,59,66
202305,전라남도,고흥군,60,81
202305,전라남도,고흥군,61,94
202305,전라남도,고흥군,62,98
202305,전라남도,고흥군,63,96
202305,전라남도,고흥군,64,95
202305,전라남도,고흥군,65,88
202305,전라남도,고흥군,66,78
202305,전라남도,고흥군,67,77
202305,전라남도,고흥군,68,109
202305,전라남도,고흥군,69,69
202305,전라남도,고흥군,70,74
202305,전라남도,고흥군,71,78
202305,전라남도,고흥군,72,94
202305,전라남도,고흥군,73,100
202305,전라남도,고흥군,74,86
202305,전라남도,고흥군,75,118
202305,전라남도,고흥군,76,110
202305,전라남도,고흥군,77,74
202305,전라남도,고흥군,78,82
202305,전라남도,고흥군,79,77
202305,전라남도,고흥군,80,153
202305,전라남도,고흥군,81,120
202305,전라남도,고흥군,82,115
202305,전라남도,고흥군,83,129
202305,전라남도,고흥군,84,127
202305,전라남도,고흥군,85,134
202305,전라남도,고흥군,86,131
202305,전라남도,고흥군,87,104
202305,전라남도,고흥군,88,89
202305,전라남도,고흥군,89,74
202305,전라남도,고흥군,90,84
202305,전라남도,고흥군,91,53
202305,전라남도,고흥군,92,51
202305,전라남도,고흥군,93,43
202305,전라남도,고흥군,94,35
202305,전라남도,고흥군,95,21
202305,전라남도,고흥군,96,12
202305,전라남도,고흥군,97,8
202305,전라남도,고흥군,98,10
202305,전라남도,고흥군,99,6
202305,전라남도,고흥군,100,4
202305,전라남도,고흥군,101,2
202305,전라남도,고흥군,102,1
202305,전라남도,고흥군,105,1
202305,전라남도,고흥군,107,1
202305,전라남도,고흥군,109,1
202305,전라남도,보성군,0,1
202305,전라남도,보성군,1,5
202305,전라남도,보성군,2,3
202305,전라남도,보성군,3,6
202305,전라남도,보성군,4,6
202305,전라남도,보성군,5,2
202305,전라남도,보성군,6,9
202305,전라남도,보성군,7,18
202305,전라남도,보성군,8,12
202305,전라남도,보성군,9,25
202305,전라남도,보성군,10,24
202305,전라남도,보성군,11,34
202305,전라남도,보성군,12,32
202305,전라남도,보성군,13,29
202305,전라남도,보성군,14,27
202305,전라남도,보성군,15,24
202305,전라남도,보성군,16,38
202305,전라남도,보성군,17,21
202305,전라남도,보성군,18,23
202305,전라남도,보성군,19,15
202305,전라남도,보성군,20,15
202305,전라남도,보성군,21,18
202305,전라남도,보성군,22,13
202305,전라남도,보성군,23,16
202305,전라남도,보성군,24,8
202305,전라남도,보성군,25,8
202305,전라남도,보성군,26,7
202305,전라남도,보성군,27,10
202305,전라남도,보성군,28,6
202305,전라남도,보성군,29,4
202305,전라남도,보성군,30,7
202305,전라남도,보성군,31,5
202305,전라남도,보성군,32,5
202305,전라남도,보성군,33,7
202305,전라남도,보성군,34,4
202305,전라남도,보성군,35,4
202305,전라남도,보성군,36,9
202305,전라남도,보성군,37,10
202305,전라남도,보성군,38,9
202305,전라남도,보성군,39,15
202305,전라남도,보성군,40,13
202305,전라남도,보성군,41,14
202305,전라남도,보성군,42,20
202305,전라남도,보성군,43,19
202305,전라남도,보성군,44,15
202305,전라남도,보성군,45,27
202305,전라남도,보성군,46,15
202305,전라남도,보성군,47,41
202305,전라남도,보성군,48,25
202305,전라남도,보성군,49,22
202305,전라남도,보성군,50,30
202305,전라남도,보성군,51,34
202305,전라남도,보성군,52,33
202305,전라남도,보성군,53,34
202305,전라남도,보성군,54,35
202305,전라남도,보성군,55,33
202305,전라남도,보성군,56,34
202305,전라남도,보성군,57,53
202305,전라남도,보성군,58,53
202305,전라남도,보성군,59,42
202305,전라남도,보성군,60,58
202305,전라남도,보성군,61,38
202305,전라남도,보성군,62,51
202305,전라남도,보성군,63,62
202305,전라남도,보성군,64,54
202305,전라남도,보성군,65,47
202305,전라남도,보성군,66,50
202305,전라남도,보성군,67,43
202305,전라남도,보성군,68,67
202305,전라남도,보성군,69,45
202305,전라남도,보성군,70,46
202305,전라남도,보성군,71,33
202305,전라남도,보성군,72,37
202305,전라남도,보성군,73,48
202305,전라남도,보성군,74,49
202305,전라남도,보성군,75,48
202305,전라남도,보성군,76,38
202305,전라남도,보성군,77,38
202305,전라남도,보성군,78,49
202305,전라남도,보성군,79,40
202305,전라남도,보성군,80,58
202305,전라남도,보성군,81,52
202305,전라남도,보성군,82,52
202305,전라남도,보성군,83,38
202305,전라남도,보성군,84,66
202305,전라남도,보성군,85,61
202305,전라남도,보성군,86,59
202305,전라남도,보성군,87,41
202305,전라남도,보성군,88,35
202305,전라남도,보성군,89,40
202305,전라남도,보성군,90,46
202305,전라남도,보성군,91,33
202305,전라남도,보성군,92,29
202305,전라남도,보성군,93,26
202305,전라남도,보성군,94,14
202305,전라남도,보성군,95,15
202305,전라남도,보성군,96,6
202305,전라남도,보성군,97,3
202305,전라남도,보성군,98,1
202305,전라남도,보성군,99,5
202305,전라남도,보성군,100,3
202305,전라남도,보성군,101,1
202305,전라남도,보성군,102,3
202305,전라남도,화순군,0,6
202305,전라남도,화순군,1,5
202305,전라남도,화순군,2,8
202305,전라남도,화순군,3,3
202305,전라남도,화순군,4,4
202305,전라남도,화순군,5,9
202305,전라남도,화순군,6,15
202305,전라남도,화순군,7,22
202305,전라남도,화순군,8,13
202305,전라남도,화순군,9,24
202305,전라남도,화순군,10,30
202305,전라남도,화순군,11,33
202305,전라남도,화순군,12,39
202305,전라남도,화순군,13,33
202305,전라남도,화순군,14,36
202305,전라남도,화순군,15,30
202305,전라남도,화순군,16,48
202305,전라남도,화순군,17,43
202305,전라남도,화순군,18,33
202305,전라남도,화순군,19,27
202305,전라남도,화순군,20,19
202305,전라남도,화순군,21,26
202305,전라남도,화순군,22,24
202305,전라남도,화순군,23,20
202305,전라남도,화순군,24,19
202305,전라남도,화순군,25,13
202305,전라남도,화순군,26,7
202305,전라남도,화순군,27,5
202305,전라남도,화순군,28,7
202305,전라남도,화순군,29,4
202305,전라남도,화순군,30,9
202305,전라남도,화순군,31,4
202305,전라남도,화순군,32,12
202305,전라남도,화순군,33,14
202305,전라남도,화순군,34,11
202305,전라남도,화순군,35,4
202305,전라남도,화순군,36,9
202305,전라남도,화순군,37,13
202305,전라남도,화순군,38,13
202305,전라남도,화순군,39,26
202305,전라남도,화순군,40,17
202305,전라남도,화순군,41,21
202305,전라남도,화순군,42,22
202305,전라남도,화순군,43,27
202305,전라남도,화순군,44,29
202305,전라남도,화순군,45,26
202305,전라남도,화순군,46,29
202305,전라남도,화순군,47,33
202305,전라남도,화순군,48,34
202305,전라남도,화순군,49,37
202305,전라남도,화순군,50,40
202305,전라남도,화순군,51,34
202305,전라남도,화순군,52,48
202305,전라남도,화순군,53,52
202305,전라남도,화순군,54,54
202305,전라남도,화순군,55,49
202305,전라남도,화순군,56,50
202305,전라남도,화순군,57,60
202305,전라남도,화순군,58,55
202305,전라남도,화순군,59,53
202305,전라남도,화순군,60,47
202305,전라남도,화순군,61,56
202305,전라남도,화순군,62,56
202305,전라남도,화순군,63,49
202305,전라남도,화순군,64,40
202305,전라남도,화순군,65,53
202305,전라남도,화순군,66,36
202305,전라남도,화순군,67,54
202305,전라남도,화순군,68,54
202305,전라남도,화순군,69,48
202305,전라남도,화순군,70,47
202305,전라남도,화순군,71,48
202305,전라남도,화순군,72,52
202305,전라남도,화순군,73,47
202305,전라남도,화순군,74,47
202305,전라남도,화순군,75,58
202305,전라남도,화순군,76,50
202305,전라남도,화순군,77,38
202305,전라남도,화순군,78,54
202305,전라남도,화순군,79,49
202305,전라남도,화순군,80,71
202305,전라남도,화순군,81,94
202305,전라남도,화순군,82,73
202305,전라남도,화순군,83,68
202305,전라남도,화순군,84,64
202305,전라남도,화순군,85,60
202305,전라남도,화순군,86,72
202305,전라남도,화순군,87,60
202305,전라남도,화순군,88,69
202305,전라남도,화순군,89,44
202305,전라남도,화순군,90,32
202305,전라남도,화순군,91,41
202305,전라남도,화순군,92,22
202305,전라남도,화순군,93,22
202305,전라남도,화순군,94,20
202305,전라남도,화순군,95,14
202305,전라남도,화순군,96,6
202305,전라남도,화순군,97,6
202305,전라남도,화순군,98,1
202305,전라남도,화순군,99,4
202305,전라남도,화순군,100,2
202305,전라남도,화순군,101,1
202305,전라남도,화순군,102,1
202305,전라남도,장흥군,0,7
202305,전라남도,장흥군,1,3
202305,전라남도,장흥군,2,5
202305,전라남도,장흥군,3,7
202305,전라남도,장흥군,4,12
202305,전라남도,장흥군,5,8
202305,전라남도,장흥군,6,10
202305,전라남도,장흥군,7,19
202305,전라남도,장흥군,8,21
202305,전라남도,장흥군,9,24
202305,전라남도,장흥군,10,35
202305,전라남도,장흥군,11,29
202305,전라남도,장흥군,12,29
202305,전라남도,장흥군,13,30
202305,전라남도,장흥군,14,25
202305,전라남도,장흥군,15,47
202305,전라남도,장흥군,16,45
202305,전라남도,장흥군,17,40
202305,전라남도,장흥군,18,21
202305,전라남도,장흥군,19,25
202305,전라남도,장흥군,20,20
202305,전라남도,장흥군,21,19
202305,전라남도,장흥군,22,17
202305,전라남도,장흥군,23,11
202305,전라남도,장흥군,24,8
202305,전라남도,장흥군,25,4
202305,전라남도,장흥군,26,9
202305,전라남도,장흥군,27,5
202305,전라남도,장흥군,28,7
202305,전라남도,장흥군,29,8
202305,전라남도,장흥군,30,6
202305,전라남도,장흥군,31,8
202305,전라남도,장흥군,32,4
202305,전라남도,장흥군,33,10
202305,전라남도,장흥군,34,8
202305,전라남도,장흥군,35,5
202305,전라남도,장흥군,36,8
202305,전라남도,장흥군,37,8
202305,전라남도,장흥군,38,14
202305,전라남도,장흥군,39,10
202305,전라남도,장흥군,40,16
202305,전라남도,장흥군,41,20
202305,전라남도,장흥군,42,20
202305,전라남도,장흥군,43,19
202305,전라남도,장흥군,44,19
202305,전라남도,장흥군,45,21
202305,전라남도,장흥군,46,20
202305,전라남도,장흥군,47,20
202305,전라남도,장흥군,48,11
202305,전라남도,장흥군,49,22
202305,전라남도,장흥군,50,37
202305,전라남도,장흥군,51,29
202305,전라남도,장흥군,52,39
202305,전라남도,장흥군,53,41
202305,전라남도,장흥군,54,39
202305,전라남도,장흥군,55,29
202305,전라남도,장흥군,56,44
202305,전라남도,장흥군,57,47
202305,전라남도,장흥군,58,52
202305,전라남도,장흥군,59,42
202305,전라남도,장흥군,60,42
202305,전라남도,장흥군,61,51
202305,전라남도,장흥군,62,55
202305,전라남도,장흥군,63,59
202305,전라남도,장흥군,64,40
202305,전라남도,장흥군,65,52
202305,전라남도,장흥군,66,51
202305,전라남도,장흥군,67,48
202305,전라남도,장흥군,68,49
202305,전라남도,장흥군,69,28
202305,전라남도,장흥군,70,31
202305,전라남도,장흥군,71,41
202305,전라남도,장흥군,72,48
202305,전라남도,장흥군,73,51
202305,전라남도,장흥군,74,57
202305,전라남도,장흥군,75,51
202305,전라남도,장흥군,76,49
202305,전라남도,장흥군,77,37
202305,전라남도,장흥군,78,36
202305,전라남도,장흥군,79,43
202305,전라남도,장흥군,80,66
202305,전라남도,장흥군,81,72
202305,전라남도,장흥군,82,60
202305,전라남도,장흥군,83,63
202305,전라남도,장흥군,84,61
202305,전라남도,장흥군,85,54
202305,전라남도,장흥군,86,46
202305,전라남도,장흥군,87,64
202305,전라남도,장흥군,88,58
202305,전라남도,장흥군,89,45
202305,전라남도,장흥군,90,34
202305,전라남도,장흥군,91,36
202305,전라남도,장흥군,92,17
202305,전라남도,장흥군,93,29
202305,전라남도,장흥군,94,12
202305,전라남도,장흥군,95,7
202305,전라남도,장흥군,96,6
202305,전라남도,장흥군,97,7
202305,전라남도,장흥군,98,2
202305,전라남도,장흥군,99,3
202305,전라남도,장흥군,100,2
202305,전라남도,강진군,0,4
202305,전라남도,강진군,1,6
202305,전라남도,강진군,2,6
202305,전라남도,강진군,3,11
202305,전라남도,강진군,4,5
202305,전라남도,강진군,5,13
202305,전라남도,강진군,6,10
202305,전라남도,강진군,7,15
202305,전라남도,강진군,8,17
202305,전라남도,강진군,9,19
202305,전라남도,강진군,10,31
202305,전라남도,강진군,11,25
202305,전라남도,강진군,12,29
202305,전라남도,강진군,13,25
202305,전라남도,강진군,14,24
202305,전라남도,강진군,15,37
202305,전라남도,강진군,16,26
202305,전라남도,강진군,17,29
202305,전라남도,강진군,18,34
202305,전라남도,강진군,19,26
202305,전라남도,강진군,20,14
202305,전라남도,강진군,21,9
202305,전라남도,강진군,22,18
202305,전라남도,강진군,23,13
202305,전라남도,강진군,24,5
202305,전라남도,강진군,25,7
202305,전라남도,강진군,26,11
202305,전라남도,강진군,27,8
202305,전라남도,강진군,28,7
202305,전라남도,강진군,29,6
202305,전라남도,강진군,30,9
202305,전라남도,강진군,31,7
202305,전라남도,강진군,33,2
202305,전라남도,강진군,34,4
202305,전라남도,강진군,35,11
202305,전라남도,강진군,36,9
202305,전라남도,강진군,37,10
202305,전라남도,강진군,38,8
202305,전라남도,강진군,39,12
202305,전라남도,강진군,40,13
202305,전라남도,강진군,41,12
202305,전라남도,강진군,42,15
202305,전라남도,강진군,43,18
202305,전라남도,강진군,44,14
202305,전라남도,강진군,45,15
202305,전라남도,강진군,46,15
202305,전라남도,강진군,47,14
202305,전라남도,강진군,48,30
202305,전라남도,강진군,49,23
202305,전라남도,강진군,50,28
202305,전라남도,강진군,51,30
202305,전라남도,강진군,52,29
202305,전라남도,강진군,53,22
202305,전라남도,강진군,54,31
202305,전라남도,강진군,55,35
202305,전라남도,강진군,56,34
202305,전라남도,강진군,57,35
202305,전라남도,강진군,58,34
202305,전라남도,강진군,59,26
202305,전라남도,강진군,60,47
202305,전라남도,강진군,61,37
202305,전라남도,강진군,62,50
202305,전라남도,강진군,63,46
202305,전라남도,강진군,64,55
202305,전라남도,강진군,65,49
202305,전라남도,강진군,66,38
202305,전라남도,강진군,67,38
202305,전라남도,강진군,68,50
202305,전라남도,강진군,69,35
202305,전라남도,강진군,70,33
202305,전라남도,강진군,71,36
202305,전라남도,강진군,72,33
202305,전라남도,강진군,73,34
202305,전라남도,강진군,74,35
202305,전라남도,강진군,75,34
202305,전라남도,강진군,76,48
202305,전라남도,강진군,77,31
202305,전라남도,강진군,78,38
202305,전라남도,강진군,79,32
202305,전라남도,강진군,80,43
202305,전라남도,강진군,81,48
202305,전라남도,강진군,82,32
202305,전라남도,강진군,83,48
202305,전라남도,강진군,84,53
202305,전라남도,강진군,85,53
202305,전라남도,강진군,86,44
202305,전라남도,강진군,87,36
202305,전라남도,강진군,88,30
202305,전라남도,강진군,89,35
202305,전라남도,강진군,90,28
202305,전라남도,강진군,91,28
202305,전라남도,강진군,92,22
202305,전라남도,강진군,93,17
202305,전라남도,강진군,94,7
202305,전라남도,강진군,95,11
202305,전라남도,강진군,96,9
202305,전라남도,강진군,97,1
202305,전라남도,강진군,98,2
202305,전라남도,강진군,99,1
202305,전라남도,강진군,100,3
202305,전라남도,강진군,101,1
202305,전라남도,강진군,103,1
202305,전라남도,강진군,104,1
202305,전라남도,해남군,0,1
202305,전라남도,해남군,1,4
202305,전라남도,해남군,2,5
202305,전라남도,해남군,3,5
202305,전라남도,해남군,4,10
202305,전라남도,해남군,5,10
202305,전라남도,해남군,6,7
202305,전라남도,해남군,7,23
202305,전라남도,해남군,8,20
202305,전라남도,해남군,9,26
202305,전라남도,해남군,10,32
202305,전라남도,해남군,11,44
202305,전라남도,해남군,12,52
202305,전라남도,해남군,13,47
202305,전라남도,해남군,14,49
202305,전라남도,해남군,15,53
202305,전라남도,해남군,16,47
202305,전라남도,해남군,17,52
202305,전라남도,해남군,18,48
202305,전라남도,해남군,19,32
202305,전라남도,해남군,20,24
202305,전라남도,해남군,21,25
202305,전라남도,해남군,22,24
202305,전라남도,해남군,23,17
202305,전라남도,해남군,24,16
202305,전라남도,해남군,25,5
202305,전라남도,해남군,26,11
202305,전라남도,해남군,27,4
202305,전라남도,해남군,28,3
202305,전라남도,해남군,29,4
202305,전라남도,해남군,30,3
202305,전라남도,해남군,31,11
202305,전라남도,해남군,32,8
202305,전라남도,해남군,33,10
202305,전라남도,해남군,34,10
202305,전라남도,해남군,35,10
202305,전라남도,해남군,36,16
202305,전라남도,해남군,37,17
202305,전라남도,해남군,38,19
202305,전라남도,해남군,39,14
202305,전라남도,해남군,40,22
202305,전라남도,해남군,41,28
202305,전라남도,해남군,42,26
202305,전라남도,해남군,43,29
202305,전라남도,해남군,44,30
202305,전라남도,해남군,45,24
202305,전라남도,해남군,46,28
202305,전라남도,해남군,47,40
202305,전라남도,해남군,48,16
202305,전라남도,해남군,49,42
202305,전라남도,해남군,50,41
202305,전라남도,해남군,51,54
202305,전라남도,해남군,52,52
202305,전라남도,해남군,53,56
202305,전라남도,해남군,54,61
202305,전라남도,해남군,55,43
202305,전라남도,해남군,56,62
202305,전라남도,해남군,57,67
202305,전라남도,해남군,58,70
202305,전라남도,해남군,59,57
202305,전라남도,해남군,60,74
202305,전라남도,해남군,61,71
202305,전라남도,해남군,62,95
202305,전라남도,해남군,63,102
202305,전라남도,해남군,64,83
202305,전라남도,해남군,65,70
202305,전라남도,해남군,66,81
202305,전라남도,해남군,67,72
202305,전라남도,해남군,68,77
202305,전라남도,해남군,69,60
202305,전라남도,해남군,70,61
202305,전라남도,해남군,71,75
202305,전라남도,해남군,72,67
202305,전라남도,해남군,73,83
202305,전라남도,해남군,74,67
202305,전라남도,해남군,75,70
202305,전라남도,해남군,76,85
202305,전라남도,해남군,77,67
202305,전라남도,해남군,78,90
202305,전라남도,해남군,79,67
202305,전라남도,해남군,80,106
202305,전라남도,해남군,81,102
202305,전라남도,해남군,82,96
202305,전라남도,해남군,83,89
202305,전라남도,해남군,84,102
202305,전라남도,해남군,85,91
202305,전라남도,해남군,86,89
202305,전라남도,해남군,87,70
202305,전라남도,해남군,88,79
202305,전라남도,해남군,89,64
202305,전라남도,해남군,90,53
202305,전라남도,해남군,91,51
202305,전라남도,해남군,92,28
202305,전라남도,해남군,93,26
202305,전라남도,해남군,94,21
202305,전라남도,해남군,95,20
202305,전라남도,해남군,96,13
202305,전라남도,해남군,97,8
202305,전라남도,해남군,98,5
202305,전라남도,해남군,99,5
202305,전라남도,해남군,100,3
202305,전라남도,해남군,101,1
202305,전라남도,해남군,102,2
202305,전라남도,해남군,103,2
202305,전라남도,해남군,104,1
202305,전라남도,영암군,0,4
202305,전라남도,영암군,1,3
202305,전라남도,영암군,2,6
202305,전라남도,영암군,3,4
202305,전라남도,영암군,4,7
202305,전라남도,영암군,5,6
202305,전라남도,영암군,6,9
202305,전라남도,영암군,7,15
202305,전라남도,영암군,8,20
202305,전라남도,영암군,9,20
202305,전라남도,영암군,10,24
202305,전라남도,영암군,11,17
202305,전라남도,영암군,12,34
202305,전라남도,영암군,13,30
202305,전라남도,영암군,14,37
202305,전라남도,영암군,15,38
202305,전라남도,영암군,16,39
202305,전라남도,영암군,17,26
202305,전라남도,영암군,18,28
202305,전라남도,영암군,19,26
202305,전라남도,영암군,20,17
202305,전라남도,영암군,21,16
202305,전라남도,영암군,22,12
202305,전라남도,영암군,23,11
202305,전라남도,영암군,24,7
202305,전라남도,영암군,25,2
202305,전라남도,영암군,26,7
202305,전라남도,영암군,27,3
202305,전라남도,영암군,28,11
202305,전라남도,영암군,29,1
202305,전라남도,영암군,30,7
202305,전라남도,영암군,31,8
202305,전라남도,영암군,32,3
202305,전라남도,영암군,33,8
202305,전라남도,영암군,34,8
202305,전라남도,영암군,35,5
202305,전라남도,영암군,36,5
202305,전라남도,영암군,37,5
202305,전라남도,영암군,38,12
202305,전라남도,영암군,39,6
202305,전라남도,영암군,40,18
202305,전라남도,영암군,41,12
202305,전라남도,영암군,42,13
202305,전라남도,영암군,43,17
202305,전라남도,영암군,44,15
202305,전라남도,영암군,45,21
202305,전라남도,영암군,46,20
202305,전라남도,영암군,47,25
202305,전라남도,영암군,48,18
202305,전라남도,영암군,49,20
202305,전라남도,영암군,50,21
202305,전라남도,영암군,51,42
202305,전라남도,영암군,52,30
202305,전라남도,영암군,53,36
202305,전라남도,영암군,54,31
202305,전라남도,영암군,55,28
202305,전라남도,영암군,56,33
202305,전라남도,영암군,57,40
202305,전라남도,영암군,58,30
202305,전라남도,영암군,59,31
202305,전라남도,영암군,60,38
202305,전라남도,영암군,61,27
202305,전라남도,영암군,62,33
202305,전라남도,영암군,63,40
202305,전라남도,영암군,64,34
202305,전라남도,영암군,65,34
202305,전라남도,영암군,66,36
202305,전라남도,영암군,67,45
202305,전라남도,영암군,68,36
202305,전라남도,영암군,69,26
202305,전라남도,영암군,70,39
202305,전라남도,영암군,71,29
202305,전라남도,영암군,72,32
202305,전라남도,영암군,73,44
202305,전라남도,영암군,74,36
202305,전라남도,영암군,75,41
202305,전라남도,영암군,76,41
202305,전라남도,영암군,77,33
202305,전라남도,영암군,78,35
202305,전라남도,영암군,79,24
202305,전라남도,영암군,80,48
202305,전라남도,영암군,81,48
202305,전라남도,영암군,82,31
202305,전라남도,영암군,83,53
202305,전라남도,영암군,84,39
202305,전라남도,영암군,85,27
202305,전라남도,영암군,86,33
202305,전라남도,영암군,87,32
202305,전라남도,영암군,88,31
202305,전라남도,영암군,89,24
202305,전라남도,영암군,90,25
202305,전라남도,영암군,91,20
202305,전라남도,영암군,92,15
202305,전라남도,영암군,93,11
202305,전라남도,영암군,94,4
202305,전라남도,영암군,95,7
202305,전라남도,영암군,96,3
202305,전라남도,영암군,97,1
202305,전라남도,영암군,98,3
202305,전라남도,영암군,99,1
202305,전라남도,영암군,100,1
202305,전라남도,영암군,101,1
202305,전라남도,영암군,105,1
202305,전라남도,무안군,0,3
202305,전라남도,무안군,1,5
202305,전라남도,무안군,2,6
202305,전라남도,무안군,3,8
202305,전라남도,무안군,4,6
202305,전라남도,무안군,5,9
202305,전라남도,무안군,6,19
202305,전라남도,무안군,7,18
202305,전라남도,무안군,8,32
202305,전라남도,무안군,9,37
202305,전라남도,무안군,10,48
202305,전라남도,무안군,11,61
202305,전라남도,무안군,12,62
202305,전라남도,무안군,13,45
202305,전라남도,무안군,14,53
202305,전라남도,무안군,15,59
202305,전라남도,무안군,16,64
202305,전라남도,무안군,17,50
202305,전라남도,무안군,18,46
202305,전라남도,무안군,19,34
202305,전라남도,무안군,20,26
202305,전라남도,무안군,21,27
202305,전라남도,무안군,22,29
202305,전라남도,무안군,23,24
202305,전라남도,무안군,24,11
202305,전라남도,무안군,25,11
202305,전라남도,무안군,26,12
202305,전라남도,무안군,27,6
202305,전라남도,무안군,28,5
202305,전라남도,무안군,29,4
202305,전라남도,무안군,30,8
202305,전라남도,무안군,31,8
202305,전라남도,무안군,32,8
202305,전라남도,무안군,33,8
202305,전라남도,무안군,34,11
202305,전라남도,무안군,35,9
202305,전라남도,무안군,36,13
202305,전라남도,무안군,37,9
202305,전라남도,무안군,38,21
202305,전라남도,무안군,39,24
202305,전라남도,무안군,40,31
202305,전라남도,무안군,41,21
202305,전라남도,무안군,42,21
202305,전라남도,무안군,43,33
202305,전라남도,무안군,44,29
202305,전라남도,무안군,45,24
202305,전라남도,무안군,46,20
202305,전라남도,무안군,47,35
202305,전라남도,무안군,48,29
202305,전라남도,무안군,49,33
202305,전라남도,무안군,50,46
202305,전라남도,무안군,51,52
202305,전라남도,무안군,52,46
202305,전라남도,무안군,53,47
202305,전라남도,무안군,54,48
202305,전라남도,무안군,55,45
202305,전라남도,무안군,56,40
202305,전라남도,무안군,57,52
202305,전라남도,무안군,58,40
202305,전라남도,무안군,59,57
202305,전라남도,무안군,60,45
202305,전라남도,무안군,61,39
202305,전라남도,무안군,62,60
202305,전라남도,무안군,63,61
202305,전라남도,무안군,64,46
202305,전라남도,무안군,65,45
202305,전라남도,무안군,66,43
202305,전라남도,무안군,67,46
202305,전라남도,무안군,68,57
202305,전라남도,무안군,69,58
202305,전라남도,무안군,70,43
202305,전라남도,무안군,71,67
202305,전라남도,무안군,72,66
202305,전라남도,무안군,73,51
202305,전라남도,무안군,74,41
202305,전라남도,무안군,75,61
202305,전라남도,무안군,76,56
202305,전라남도,무안군,77,53
202305,전라남도,무안군,78,51
202305,전라남도,무안군,79,54
202305,전라남도,무안군,80,79
202305,전라남도,무안군,81,59
202305,전라남도,무안군,82,59
202305,전라남도,무안군,83,55
202305,전라남도,무안군,84,41
202305,전라남도,무안군,85,58
202305,전라남도,무안군,86,33
202305,전라남도,무안군,87,39
202305,전라남도,무안군,88,35
202305,전라남도,무안군,89,45
202305,전라남도,무안군,90,29
202305,전라남도,무안군,91,19
202305,전라남도,무안군,92,22
202305,전라남도,무안군,93,25
202305,전라남도,무안군,94,12
202305,전라남도,무안군,95,7
202305,전라남도,무안군,96,5
202305,전라남도,무안군,97,5
202305,전라남도,무안군,98,3
202305,전라남도,무안군,100,1
202305,전라남도,무안군,101,2
202305,전라남도,무안군,102,1
202305,전라남도,무안군,103,1
202305,전라남도,함평군,0,1
202305,전라남도,함평군,1,1
202305,전라남도,함평군,2,3
202305,전라남도,함평군,3,3
202305,전라남도,함평군,4,4
202305,전라남도,함평군,5,2
202305,전라남도,함평군,6,4
202305,전라남도,함평군,7,6
202305,전라남도,함평군,8,11
202305,전라남도,함평군,9,11
202305,전라남도,함평군,10,17
202305,전라남도,함평군,11,15
202305,전라남도,함평군,12,20
202305,전라남도,함평군,13,19
202305,전라남도,함평군,14,15
202305,전라남도,함평군,15,15
202305,전라남도,함평군,16,20
202305,전라남도,함평군,17,11
202305,전라남도,함평군,18,21
202305,전라남도,함평군,19,9
202305,전라남도,함평군,20,13
202305,전라남도,함평군,21,8
202305,전라남도,함평군,22,8
202305,전라남도,함평군,23,9
202305,전라남도,함평군,24,5
202305,전라남도,함평군,25,4
202305,전라남도,함평군,26,2
202305,전라남도,함평군,27,4
202305,전라남도,함평군,28,6
202305,전라남도,함평군,29,5
202305,전라남도,함평군,30,7
202305,전라남도,함평군,31,5
202305,전라남도,함평군,32,7
202305,전라남도,함평군,33,6
202305,전라남도,함평군,34,5
202305,전라남도,함평군,35,6
202305,전라남도,함평군,36,4
202305,전라남도,함평군,37,6
202305,전라남도,함평군,38,7
202305,전라남도,함평군,39,10
202305,전라남도,함평군,40,10
202305,전라남도,함평군,41,6
202305,전라남도,함평군,42,17
202305,전라남도,함평군,43,11
202305,전라남도,함평군,44,12
202305,전라남도,함평군,45,18
202305,전라남도,함평군,46,13
202305,전라남도,함평군,47,20
202305,전라남도,함평군,48,22
202305,전라남도,함평군,49,24
202305,전라남도,함평군,50,25
202305,전라남도,함평군,51,16
202305,전라남도,함평군,52,21
202305,전라남도,함평군,53,19
202305,전라남도,함평군,54,23
202305,전라남도,함평군,55,38
202305,전라남도,함평군,56,32
202305,전라남도,함평군,57,33
202305,전라남도,함평군,58,31
202305,전라남도,함평군,59,23
202305,전라남도,함평군,60,26
202305,전라남도,함평군,61,27
202305,전라남도,함평군,62,35
202305,전라남도,함평군,63,34
202305,전라남도,함평군,64,35
202305,전라남도,함평군,65,34
202305,전라남도,함평군,66,39
202305,전라남도,함평군,67,32
202305,전라남도,함평군,68,50
202305,전라남도,함평군,69,29
202305,전라남도,함평군,70,22
202305,전라남도,함평군,71,34
202305,전라남도,함평군,72,31
202305,전라남도,함평군,73,32
202305,전라남도,함평군,74,34
202305,전라남도,함평군,75,34
202305,전라남도,함평군,76,43
202305,전라남도,함평군,77,21
202305,전라남도,함평군,78,38
202305,전라남도,함평군,79,32
202305,전라남도,함평군,80,43
202305,전라남도,함평군,81,44
202305,전라남도,함평군,82,44
202305,전라남도,함평군,83,33
202305,전라남도,함평군,84,39
202305,전라남도,함평군,85,39
202305,전라남도,함평군,86,31
202305,전라남도,함평군,87,39
202305,전라남도,함평군,88,36
202305,전라남도,함평군,89,24
202305,전라남도,함평군,90,22
202305,전라남도,함평군,91,19
202305,전라남도,함평군,92,10
202305,전라남도,함평군,93,13
202305,전라남도,함평군,94,11
202305,전라남도,함평군,95,11
202305,전라남도,함평군,96,6
202305,전라남도,함평군,97,5
202305,전라남도,함평군,98,1
202305,전라남도,함평군,99,2
202305,전라남도,함평군,100,1
202305,전라남도,함평군,101,1
202305,전라남도,영광군,0,5
202305,전라남도,영광군,1,6
202305,전라남도,영광군,2,5
202305,전라남도,영광군,3,6
202305,전라남도,영광군,4,10
202305,전라남도,영광군,5,8
202305,전라남도,영광군,6,12
202305,전라남도,영광군,7,23
202305,전라남도,영광군,8,19
202305,전라남도,영광군,9,26
202305,전라남도,영광군,10,38
202305,전라남도,영광군,11,36
202305,전라남도,영광군,12,54
202305,전라남도,영광군,13,35
202305,전라남도,영광군,14,40
202305,전라남도,영광군,15,50
202305,전라남도,영광군,16,51
202305,전라남도,영광군,17,46
202305,전라남도,영광군,18,34
202305,전라남도,영광군,19,23
202305,전라남도,영광군,20,25
202305,전라남도,영광군,21,27
202305,전라남도,영광군,22,19
202305,전라남도,영광군,23,12
202305,전라남도,영광군,24,14
202305,전라남도,영광군,25,17
202305,전라남도,영광군,26,8
202305,전라남도,영광군,27,14
202305,전라남도,영광군,28,10
202305,전라남도,영광군,29,7
202305,전라남도,영광군,30,8
202305,전라남도,영광군,31,10
202305,전라남도,영광군,32,11
202305,전라남도,영광군,33,12
202305,전라남도,영광군,34,10
202305,전라남도,영광군,35,6
202305,전라남도,영광군,36,19
202305,전라남도,영광군,37,17
202305,전라남도,영광군,38,9
202305,전라남도,영광군,39,22
202305,전라남도,영광군,40,14
202305,전라남도,영광군,41,22
202305,전라남도,영광군,42,24
202305,전라남도,영광군,43,29
202305,전라남도,영광군,44,25
202305,전라남도,영광군,45,27
202305,전라남도,영광군,46,32
202305,전라남도,영광군,47,27
202305,전라남도,영광군,48,36
202305,전라남도,영광군,49,43
202305,전라남도,영광군,50,40
202305,전라남도,영광군,51,33
202305,전라남도,영광군,52,52
202305,전라남도,영광군,53,49
202305,전라남도,영광군,54,53
202305,전라남도,영광군,55,56
202305,전라남도,영광군,56,59
202305,전라남도,영광군,57,57
202305,전라남도,영광군,58,64
202305,전라남도,영광군,59,46
202305,전라남도,영광군,60,60
202305,전라남도,영광군,61,62
202305,전라남도,영광군,62,54
202305,전라남도,영광군,63,67
202305,전라남도,영광군,64,61
202305,전라남도,영광군,65,50
202305,전라남도,영광군,66,63
202305,전라남도,영광군,67,73
202305,전라남도,영광군,68,64
202305,전라남도,영광군,69,62
202305,전라남도,영광군,70,60
202305,전라남도,영광군,71,51
202305,전라남도,영광군,72,48
202305,전라남도,영광군,73,71
202305,전라남도,영광군,74,55
202305,전라남도,영광군,75,57
202305,전라남도,영광군,76,57
202305,전라남도,영광군,77,59
202305,전라남도,영광군,78,45
202305,전라남도,영광군,79,36
202305,전라남도,영광군,80,65
202305,전라남도,영광군,81,65
202305,전라남도,영광군,82,60
202305,전라남도,영광군,83,48
202305,전라남도,영광군,84,47
202305,전라남도,영광군,85,59
202305,전라남도,영광군,86,42
202305,전라남도,영광군,87,35
202305,전라남도,영광군,88,31
202305,전라남도,영광군,89,29
202305,전라남도,영광군,90,22
202305,전라남도,영광군,91,19
202305,전라남도,영광군,92,21
202305,전라남도,영광군,93,7
202305,전라남도,영광군,94,11
202305,전라남도,영광군,95,8
202305,전라남도,영광군,96,3
202305,전라남도,영광군,97,2
202305,전라남도,영광군,98,5
202305,전라남도,영광군,99,3
202305,전라남도,영광군,100,1
202305,전라남도,영광군,101,2
202305,전라남도,영광군,102,1
202305,전라남도,영광군,107,2
202305,전라남도,영광군,108,1
202305,전라남도,영광군,110,1
202305,전라남도,영광군,118,1
202305,전라남도,장성군,0,3
202305,전라남도,장성군,1,1
202305,전라남도,장성군,2,2
202305,전라남도,장성군,3,2
202305,전라남도,장성군,4,3
202305,전라남도,장성군,5,3
202305,전라남도,장성군,6,11
202305,전라남도,장성군,7,10
202305,전라남도,장성군,8,15
202305,전라남도,장성군,9,16
202305,전라남도,장성군,10,27
202305,전라남도,장성군,11,19
202305,전라남도,장성군,12,22
202305,전라남도,장성군,13,29
202305,전라남도,장성군,14,23
202305,전라남도,장성군,15,29
202305,전라남도,장성군,16,27
202305,전라남도,장성군,17,23
202305,전라남도,장성군,18,17
202305,전라남도,장성군,19,10
202305,전라남도,장성군,20,17
202305,전라남도,장성군,21,6
202305,전라남도,장성군,22,8
202305,전라남도,장성군,23,5
202305,전라남도,장성군,24,3
202305,전라남도,장성군,25,4
202305,전라남도,장성군,26,8
202305,전라남도,장성군,27,7
202305,전라남도,장성군,28,10
202305,전라남도,장성군,29,5
202305,전라남도,장성군,30,6
202305,전라남도,장성군,31,6
202305,전라남도,장성군,32,4
202305,전라남도,장성군,33,6
202305,전라남도,장성군,34,9
202305,전라남도,장성군,35,8
202305,전라남도,장성군,36,10
202305,전라남도,장성군,37,13
202305,전라남도,장성군,38,5
202305,전라남도,장성군,39,8
202305,전라남도,장성군,40,11
202305,전라남도,장성군,41,12
202305,전라남도,장성군,42,20
202305,전라남도,장성군,43,16
202305,전라남도,장성군,44,13
202305,전라남도,장성군,45,13
202305,전라남도,장성군,46,17
202305,전라남도,장성군,47,26
202305,전라남도,장성군,48,23
202305,전라남도,장성군,49,20
202305,전라남도,장성군,50,19
202305,전라남도,장성군,51,20
202305,전라남도,장성군,52,26
202305,전라남도,장성군,53,34
202305,전라남도,장성군,54,22
202305,전라남도,장성군,55,25
202305,전라남도,장성군,56,28
202305,전라남도,장성군,57,38
202305,전라남도,장성군,58,28
202305,전라남도,장성군,59,36
202305,전라남도,장성군,60,38
202305,전라남도,장성군,61,33
202305,전라남도,장성군,62,34
202305,전라남도,장성군,63,41
202305,전라남도,장성군,64,32
202305,전라남도,장성군,65,27
202305,전라남도,장성군,66,35
202305,전라남도,장성군,67,40
202305,전라남도,장성군,68,31
202305,전라남도,장성군,69,23
202305,전라남도,장성군,70,39
202305,전라남도,장성군,71,46
202305,전라남도,장성군,72,26
202305,전라남도,장성군,73,37
202305,전라남도,장성군,74,23
202305,전라남도,장성군,75,40
202305,전라남도,장성군,76,49
202305,전라남도,장성군,77,30
202305,전라남도,장성군,78,37
202305,전라남도,장성군,79,49
202305,전라남도,장성군,80,62
202305,전라남도,장성군,81,56
202305,전라남도,장성군,82,53
202305,전라남도,장성군,83,58
202305,전라남도,장성군,84,43
202305,전라남도,장성군,85,48
202305,전라남도,장성군,86,49
202305,전라남도,장성군,87,54
202305,전라남도,장성군,88,35
202305,전라남도,장성군,89,31
202305,전라남도,장성군,90,28
202305,전라남도,장성군,91,18
202305,전라남도,장성군,92,13
202305,전라남도,장성군,93,14
202305,전라남도,장성군,94,7
202305,전라남도,장성군,95,8
202305,전라남도,장성군,96,7
202305,전라남도,장성군,97,3
202305,전라남도,장성군,98,4
202305,전라남도,장성군,99,1
202305,전라남도,장성군,100,1
202305,전라남도,장성군,101,3
202305,전라남도,장성군,103,1
202305,전라남도,장성군,104,1
202305,전라남도,장성군,107,1
202305,전라남도,완도군,0,4
202305,전라남도,완도군,1,1
202305,전라남도,완도군,2,3
202305,전라남도,완도군,3,4
202305,전라남도,완도군,4,3
202305,전라남도,완도군,5,4
202305,전라남도,완도군,6,8
202305,전라남도,완도군,7,17
202305,전라남도,완도군,8,18
202305,전라남도,완도군,9,26
202305,전라남도,완도군,10,25
202305,전라남도,완도군,11,26
202305,전라남도,완도군,12,39
202305,전라남도,완도군,13,23
202305,전라남도,완도군,14,24
202305,전라남도,완도군,15,44
202305,전라남도,완도군,16,35
202305,전라남도,완도군,17,36
202305,전라남도,완도군,18,18
202305,전라남도,완도군,19,14
202305,전라남도,완도군,20,8
202305,전라남도,완도군,21,13
202305,전라남도,완도군,22,14
202305,전라남도,완도군,23,10
202305,전라남도,완도군,24,6
202305,전라남도,완도군,25,7
202305,전라남도,완도군,26,6
202305,전라남도,완도군,27,6
202305,전라남도,완도군,28,2
202305,전라남도,완도군,29,4
202305,전라남도,완도군,30,4
202305,전라남도,완도군,31,4
202305,전라남도,완도군,32,3
202305,전라남도,완도군,33,3
202305,전라남도,완도군,34,2
202305,전라남도,완도군,35,1
202305,전라남도,완도군,36,5
202305,전라남도,완도군,37,8
202305,전라남도,완도군,38,11
202305,전라남도,완도군,39,12
202305,전라남도,완도군,40,16
202305,전라남도,완도군,41,18
202305,전라남도,완도군,42,13
202305,전라남도,완도군,43,21
202305,전라남도,완도군,44,16
202305,전라남도,완도군,45,22
202305,전라남도,완도군,46,18
202305,전라남도,완도군,47,17
202305,전라남도,완도군,48,19
202305,전라남도,완도군,49,29
202305,전라남도,완도군,50,26
202305,전라남도,완도군,51,28
202305,전라남도,완도군,52,34
202305,전라남도,완도군,53,25
202305,전라남도,완도군,54,31
202305,전라남도,완도군,55,38
202305,전라남도,완도군,56,44
202305,전라남도,완도군,57,49
202305,전라남도,완도군,58,35
202305,전라남도,완도군,59,35
202305,전라남도,완도군,60,51
202305,전라남도,완도군,61,59
202305,전라남도,완도군,62,68
202305,전라남도,완도군,63,51
202305,전라남도,완도군,64,52
202305,전라남도,완도군,65,44
202305,전라남도,완도군,66,63
202305,전라남도,완도군,67,56
202305,전라남도,완도군,68,68
202305,전라남도,완도군,69,39
202305,전라남도,완도군,70,46
202305,전라남도,완도군,71,78
202305,전라남도,완도군,72,64
202305,전라남도,완도군,73,51
202305,전라남도,완도군,74,51
202305,전라남도,완도군,75,69
202305,전라남도,완도군,76,72
202305,전라남도,완도군,77,53
202305,전라남도,완도군,78,80
202305,전라남도,완도군,79,68
202305,전라남도,완도군,80,109
202305,전라남도,완도군,81,94
202305,전라남도,완도군,82,92
202305,전라남도,완도군,83,112
202305,전라남도,완도군,84,83
202305,전라남도,완도군,85,73
202305,전라남도,완도군,86,90
202305,전라남도,완도군,87,65
202305,전라남도,완도군,88,47
202305,전라남도,완도군,89,50
202305,전라남도,완도군,90,31
202305,전라남도,완도군,91,31
202305,전라남도,완도군,92,15
202305,전라남도,완도군,93,28
202305,전라남도,완도군,94,15
202305,전라남도,완도군,95,7
202305,전라남도,완도군,96,9
202305,전라남도,완도군,97,2
202305,전라남도,완도군,98,5
202305,전라남도,완도군,99,1
202305,전라남도,완도군,100,2
202305,전라남도,완도군,101,3
202305,전라남도,완도군,102,1
202305,전라남도,완도군,109,1
202305,전라남도,진도군,1,1
202305,전라남도,진도군,2,2
202305,전라남도,진도군,3,5
202305,전라남도,진도군,4,3
202305,전라남도,진도군,5,7
202305,전라남도,진도군,6,11
202305,전라남도,진도군,7,15
202305,전라남도,진도군,8,7
202305,전라남도,진도군,9,21
202305,전라남도,진도군,10,18
202305,전라남도,진도군,11,20
202305,전라남도,진도군,12,29
202305,전라남도,진도군,13,20
202305,전라남도,진도군,14,18
202305,전라남도,진도군,15,22
202305,전라남도,진도군,16,35
202305,전라남도,진도군,17,23
202305,전라남도,진도군,18,18
202305,전라남도,진도군,19,14
202305,전라남도,진도군,20,26
202305,전라남도,진도군,21,11
202305,전라남도,진도군,22,11
202305,전라남도,진도군,23,11
202305,전라남도,진도군,24,6
202305,전라남도,진도군,25,3
202305,전라남도,진도군,26,4
202305,전라남도,진도군,27,9
202305,전라남도,진도군,28,6
202305,전라남도,진도군,29,9
202305,전라남도,진도군,30,6
202305,전라남도,진도군,31,6
202305,전라남도,진도군,32,5
202305,전라남도,진도군,33,8
202305,전라남도,진도군,34,7
202305,전라남도,진도군,35,4
202305,전라남도,진도군,36,6
202305,전라남도,진도군,37,11
202305,전라남도,진도군,38,6
202305,전라남도,진도군,39,10
202305,전라남도,진도군,40,13
202305,전라남도,진도군,41,8
202305,전라남도,진도군,42,12
202305,전라남도,진도군,43,9
202305,전라남도,진도군,44,17
202305,전라남도,진도군,45,14
202305,전라남도,진도군,46,16
202305,전라남도,진도군,47,15
202305,전라남도,진도군,48,19
202305,전라남도,진도군,49,27
202305,전라남도,진도군,50,19
202305,전라남도,진도군,51,33
202305,전라남도,진도군,52,21
202305,전라남도,진도군,53,33
202305,전라남도,진도군,54,42
202305,전라남도,진도군,55,30
202305,전라남도,진도군,56,37
202305,전라남도,진도군,57,44
202305,전라남도,진도군,58,30
202305,전라남도,진도군,59,42
202305,전라남도,진도군,60,43
202305,전라남도,진도군,61,36
202305,전라남도,진도군,62,47
202305,전라남도,진도군,63,46
202305,전라남도,진도군,64,44
202305,전라남도,진도군,65,36
202305,전라남도,진도군,66,59
202305,전라남도,진도군,67,47
202305,전라남도,진도군,68,35
202305,전라남도,진도군,69,28
202305,전라남도,진도군,70,41
202305,전라남도,진도군,71,33
202305,전라남도,진도군,72,44
202305,전라남도,진도군,73,36
202305,전라남도,진도군,74,39
202305,전라남도,진도군,75,41
202305,전라남도,진도군,76,47
202305,전라남도,진도군,77,42
202305,전라남도,진도군,78,52
202305,전라남도,진도군,79,43
202305,전라남도,진도군,80,55
202305,전라남도,진도군,81,61
202305,전라남도,진도군,82,50
202305,전라남도,진도군,83,56
202305,전라남도,진도군,84,57
202305,전라남도,진도군,85,36
202305,전라남도,진도군,86,49
202305,전라남도,진도군,87,44
202305,전라남도,진도군,88,36
202305,전라남도,진도군,89,34
202305,전라남도,진도군,90,22
202305,전라남도,진도군,91,19
202305,전라남도,진도군,92,19
202305,전라남도,진도군,93,16
202305,전라남도,진도군,94,13
202305,전라남도,진도군,95,3
202305,전라남도,진도군,96,4
202305,전라남도,진도군,97,2
202305,전라남도,진도군,98,5
202305,전라남도,진도군,99,1
202305,전라남도,진도군,100,2
202305,전라남도,진도군,101,2
202305,전라남도,진도군,106,1
202305,전라남도,신안군,2,1
202305,전라남도,신안군,3,2
202305,전라남도,신안군,4,2
202305,전라남도,신안군,5,7
202305,전라남도,신안군,6,11
202305,전라남도,신안군,7,16
202305,전라남도,신안군,8,15
202305,전라남도,신안군,9,27
202305,전라남도,신안군,10,36
202305,전라남도,신안군,11,20
202305,전라남도,신안군,12,44
202305,전라남도,신안군,13,32
202305,전라남도,신안군,14,29
202305,전라남도,신안군,15,29
202305,전라남도,신안군,16,25
202305,전라남도,신안군,17,22
202305,전라남도,신안군,18,16
202305,전라남도,신안군,19,9
202305,전라남도,신안군,20,15
202305,전라남도,신안군,21,10
202305,전라남도,신안군,22,13
202305,전라남도,신안군,23,10
202305,전라남도,신안군,24,8
202305,전라남도,신안군,25,6
202305,전라남도,신안군,26,1
202305,전라남도,신안군,27,1
202305,전라남도,신안군,28,4
202305,전라남도,신안군,29,2
202305,전라남도,신안군,30,4
202305,전라남도,신안군,31,3
202305,전라남도,신안군,32,3
202305,전라남도,신안군,33,5
202305,전라남도,신안군,34,4
202305,전라남도,신안군,35,6
202305,전라남도,신안군,36,6
202305,전라남도,신안군,37,9
202305,전라남도,신안군,38,4
202305,전라남도,신안군,39,3
202305,전라남도,신안군,40,6
202305,전라남도,신안군,41,4
202305,전라남도,신안군,42,8
202305,전라남도,신안군,43,14
202305,전라남도,신안군,44,10
202305,전라남도,신안군,45,18
202305,전라남도,신안군,46,8
202305,전라남도,신안군,47,20
202305,전라남도,신안군,48,15
202305,전라남도,신안군,49,11
202305,전라남도,신안군,50,21
202305,전라남도,신안군,51,20
202305,전라남도,신안군,52,18
202305,전라남도,신안군,53,28
202305,전라남도,신안군,54,25
202305,전라남도,신안군,55,13
202305,전라남도,신안군,56,32
202305,전라남도,신안군,57,25
202305,전라남도,신안군,58,27
202305,전라남도,신안군,59,31
202305,전라남도,신안군,60,32
202305,전라남도,신안군,61,36
202305,전라남도,신안군,62,33
202305,전라남도,신안군,63,37
202305,전라남도,신안군,64,31
202305,전라남도,신안군,65,36
202305,전라남도,신안군,66,42
202305,전라남도,신안군,67,49
202305,전라남도,신안군,68,41
202305,전라남도,신안군,69,29
202305,전라남도,신안군,70,46
202305,전라남도,신안군,71,50
202305,전라남도,신안군,72,42
202305,전라남도,신안군,73,45
202305,전라남도,신안군,74,30
202305,전라남도,신안군,75,56
202305,전라남도,신안군,76,35
202305,전라남도,신안군,77,37
202305,전라남도,신안군,78,34
202305,전라남도,신안군,79,40
202305,전라남도,신안군,80,53
202305,전라남도,신안군,81,58
202305,전라남도,신안군,82,61
202305,전라남도,신안군,83,55
202305,전라남도,신안군,84,50
202305,전라남도,신안군,85,73
202305,전라남도,신안군,86,61
202305,전라남도,신안군,87,44
202305,전라남도,신안군,88,53
202305,전라남도,신안군,89,35
202305,전라남도,신안군,90,33
202305,전라남도,신안군,91,24
202305,전라남도,신안군,92,17
202305,전라남도,신안군,93,20
202305,전라남도,신안군,94,6
202305,전라남도,신안군,95,8
202305,전라남도,신안군,96,3
202305,전라남도,신안군,97,7
202305,전라남도,신안군,98,3
202305,전라남도,신안군,99,2
202305,전라남도,신안군,100,1
202305,전라남도,신안군,101,1
202305,경상북도,포항시,0,31
202305,경상북도,포항시,1,33
202305,경상북도,포항시,2,60
202305,경상북도,포항시,3,67
202305,경상북도,포항시,4,91
202305,경상북도,포항시,5,114
202305,경상북도,포항시,6,144
202305,경상북도,포항시,7,266
202305,경상북도,포항시,8,232
202305,경상북도,포항시,9,315
202305,경상북도,포항시,10,308
202305,경상북도,포항시,11,353
202305,경상북도,포항시,12,385
202305,경상북도,포항시,13,388
202305,경상북도,포항시,14,378
202305,경상북도,포항시,15,409
202305,경상북도,포항시,16,384
202305,경상북도,포항시,17,386
202305,경상북도,포항시,18,334
202305,경상북도,포항시,19,244
202305,경상북도,포항시,20,237
202305,경상북도,포항시,21,215
202305,경상북도,포항시,22,219
202305,경상북도,포항시,23,192
202305,경상북도,포항시,24,169
202305,경상북도,포항시,25,125
202305,경상북도,포항시,26,122
202305,경상북도,포항시,27,105
202305,경상북도,포항시,28,79
202305,경상북도,포항시,29,72
202305,경상북도,포항시,30,102
202305,경상북도,포항시,31,90
202305,경상북도,포항시,32,98
202305,경상북도,포항시,33,98
202305,경상북도,포항시,34,95
202305,경상북도,포항시,35,107
202305,경상북도,포항시,36,119
202305,경상북도,포항시,37,143
202305,경상북도,포항시,38,169
202305,경상북도,포항시,39,185
202305,경상북도,포항시,40,251
202305,경상북도,포항시,41,264
202305,경상북도,포항시,42,304
202305,경상북도,포항시,43,299
202305,경상북도,포항시,44,308
202305,경상북도,포항시,45,331
202305,경상북도,포항시,46,308
202305,경상북도,포항시,47,319
202305,경상북도,포항시,48,361
202305,경상북도,포항시,49,431
202305,경상북도,포항시,50,392
202305,경상북도,포항시,51,389
202305,경상북도,포항시,52,397
202305,경상북도,포항시,53,410
202305,경상북도,포항시,54,453
202305,경상북도,포항시,55,378
202305,경상북도,포항시,56,414
202305,경상북도,포항시,57,447
202305,경상북도,포항시,58,458
202305,경상북도,포항시,59,458
202305,경상북도,포항시,60,524
202305,경상북도,포항시,61,515
202305,경상북도,포항시,62,649
202305,경상북도,포항시,63,654
202305,경상북도,포항시,64,612
202305,경상북도,포항시,65,608
202305,경상북도,포항시,66,655
202305,경상북도,포항시,67,685
202305,경상북도,포항시,68,666
202305,경상북도,포항시,69,583
202305,경상북도,포항시,70,653
202305,경상북도,포항시,71,590
202305,경상북도,포항시,72,463
202305,경상북도,포항시,73,523
202305,경상북도,포항시,74,502
202305,경상북도,포항시,75,532
202305,경상북도,포항시,76,465
202305,경상북도,포항시,77,325
202305,경상북도,포항시,78,468
202305,경상북도,포항시,79,494
202305,경상북도,포항시,80,540
202305,경상북도,포항시,81,465
202305,경상북도,포항시,82,438
202305,경상북도,포항시,83,458
202305,경상북도,포항시,84,369
202305,경상북도,포항시,85,368
202305,경상북도,포항시,86,313
202305,경상북도,포항시,87,297
202305,경상북도,포항시,88,237
202305,경상북도,포항시,89,200
202305,경상북도,포항시,90,149
202305,경상북도,포항시,91,125
202305,경상북도,포항시,92,100
202305,경상북도,포항시,93,73
202305,경상북도,포항시,94,51
202305,경상북도,포항시,95,47
202305,경상북도,포항시,96,26
202305,경상북도,포항시,97,17
202305,경상북도,포항시,98,13
202305,경상북도,포항시,99,6
202305,경상북도,포항시,100,9
202305,경상북도,포항시,101,7
202305,경상북도,포항시,103,1
202305,경상북도,포항시,107,1
202305,경상북도,경주시,0,7
202305,경상북도,경주시,1,22
202305,경상북도,경주시,2,27
202305,경상북도,경주시,3,26
202305,경상북도,경주시,4,26
202305,경상북도,경주시,5,47
202305,경상북도,경주시,6,59
202305,경상북도,경주시,7,81
202305,경상북도,경주시,8,88
202305,경상북도,경주시,9,100
202305,경상북도,경주시,10,117
202305,경상북도,경주시,11,143
202305,경상북도,경주시,12,141
202305,경상북도,경주시,13,133
202305,경상북도,경주시,14,148
202305,경상북도,경주시,15,177
202305,경상북도,경주시,16,156
202305,경상북도,경주시,17,146
202305,경상북도,경주시,18,131
202305,경상북도,경주시,19,103
202305,경상북도,경주시,20,87
202305,경상북도,경주시,21,67
202305,경상북도,경주시,22,56
202305,경상북도,경주시,23,71
202305,경상북도,경주시,24,54
202305,경상북도,경주시,25,44
202305,경상북도,경주시,26,39
202305,경상북도,경주시,27,31
202305,경상북도,경주시,28,27
202305,경상북도,경주시,29,37
202305,경상북도,경주시,30,31
202305,경상북도,경주시,31,42
202305,경상북도,경주시,32,38
202305,경상북도,경주시,33,45
202305,경상북도,경주시,34,38
202305,경상북도,경주시,35,45
202305,경상북도,경주시,36,46
202305,경상북도,경주시,37,56
202305,경상북도,경주시,38,70
202305,경상북도,경주시,39,73
202305,경상북도,경주시,40,82
202305,경상북도,경주시,41,102
202305,경상북도,경주시,42,100
202305,경상북도,경주시,43,104
202305,경상북도,경주시,44,105
202305,경상북도,경주시,45,119
202305,경상북도,경주시,46,111
202305,경상북도,경주시,47,110
202305,경상북도,경주시,48,143
202305,경상북도,경주시,49,166
202305,경상북도,경주시,50,159
202305,경상북도,경주시,51,164
202305,경상북도,경주시,52,210
202305,경상북도,경주시,53,163
202305,경상북도,경주시,54,216
202305,경상북도,경주시,55,197
202305,경상북도,경주시,56,211
202305,경상북도,경주시,57,221
202305,경상북도,경주시,58,181
202305,경상북도,경주시,59,226
202305,경상북도,경주시,60,249
202305,경상북도,경주시,61,241
202305,경상북도,경주시,62,257
202305,경상북도,경주시,63,266
202305,경상북도,경주시,64,283
202305,경상북도,경주시,65,293
202305,경상북도,경주시,66,321
202305,경상북도,경주시,67,318
202305,경상북도,경주시,68,293
202305,경상북도,경주시,69,245
202305,경상북도,경주시,70,274
202305,경상북도,경주시,71,274
202305,경상북도,경주시,72,218
202305,경상북도,경주시,73,250
202305,경상북도,경주시,74,237
202305,경상북도,경주시,75,229
202305,경상북도,경주시,76,192
202305,경상북도,경주시,77,133
202305,경상북도,경주시,78,179
202305,경상북도,경주시,79,194
202305,경상북도,경주시,80,280
202305,경상북도,경주시,81,271
202305,경상북도,경주시,82,225
202305,경상북도,경주시,83,211
202305,경상북도,경주시,84,211
202305,경상북도,경주시,85,164
202305,경상북도,경주시,86,165
202305,경상북도,경주시,87,150
202305,경상북도,경주시,88,150
202305,경상북도,경주시,89,112
202305,경상북도,경주시,90,91
202305,경상북도,경주시,91,84
202305,경상북도,경주시,92,60
202305,경상북도,경주시,93,49
202305,경상북도,경주시,94,39
202305,경상북도,경주시,95,29
202305,경상북도,경주시,96,8
202305,경상북도,경주시,97,10
202305,경상북도,경주시,98,3
202305,경상북도,경주시,99,6
202305,경상북도,경주시,100,4
202305,경상북도,경주시,101,3
202305,경상북도,경주시,104,2
202305,경상북도,경주시,106,1
202305,경상북도,김천시,0,9
202305,경상북도,김천시,1,9
202305,경상북도,김천시,2,13
202305,경상북도,김천시,3,21
202305,경상북도,김천시,4,24
202305,경상북도,김천시,5,35
202305,경상북도,김천시,6,41
202305,경상북도,김천시,7,56
202305,경상북도,김천시,8,62
202305,경상북도,김천시,9,75
202305,경상북도,김천시,10,98
202305,경상북도,김천시,11,91
202305,경상북도,김천시,12,100
202305,경상북도,김천시,13,94
202305,경상북도,김천시,14,102
202305,경상북도,김천시,15,102
202305,경상북도,김천시,16,94
202305,경상북도,김천시,17,92
202305,경상북도,김천시,18,81
202305,경상북도,김천시,19,60
202305,경상북도,김천시,20,57
202305,경상북도,김천시,21,45
202305,경상북도,김천시,22,61
202305,경상북도,김천시,23,48
202305,경상북도,김천시,24,38
202305,경상북도,김천시,25,38
202305,경상북도,김천시,26,31
202305,경상북도,김천시,27,24
202305,경상북도,김천시,28,27
202305,경상북도,김천시,29,21
202305,경상북도,김천시,30,18
202305,경상북도,김천시,31,33
202305,경상북도,김천시,32,23
202305,경상북도,김천시,33,33
202305,경상북도,김천시,34,25
202305,경상북도,김천시,35,28
202305,경상북도,김천시,36,29
202305,경상북도,김천시,37,40
202305,경상북도,김천시,38,43
202305,경상북도,김천시,39,43
202305,경상북도,김천시,40,48
202305,경상북도,김천시,41,71
202305,경상북도,김천시,42,69
202305,경상북도,김천시,43,68
202305,경상북도,김천시,44,61
202305,경상북도,김천시,45,83
202305,경상북도,김천시,46,76
202305,경상북도,김천시,47,72
202305,경상북도,김천시,48,88
202305,경상북도,김천시,49,100
202305,경상북도,김천시,50,103
202305,경상북도,김천시,51,93
202305,경상북도,김천시,52,113
202305,경상북도,김천시,53,108
202305,경상북도,김천시,54,124
202305,경상북도,김천시,55,104
202305,경상북도,김천시,56,135
202305,경상북도,김천시,57,114
202305,경상북도,김천시,58,114
202305,경상북도,김천시,59,120
202305,경상북도,김천시,60,119
202305,경상북도,김천시,61,148
202305,경상북도,김천시,62,189
202305,경상북도,김천시,63,165
202305,경상북도,김천시,64,149
202305,경상북도,김천시,65,155
202305,경상북도,김천시,66,152
202305,경상북도,김천시,67,155
202305,경상북도,김천시,68,175
202305,경상북도,김천시,69,119
202305,경상북도,김천시,70,128
202305,경상북도,김천시,71,143
202305,경상북도,김천시,72,98
202305,경상북도,김천시,73,139
202305,경상북도,김천시,74,124
202305,경상북도,김천시,75,135
202305,경상북도,김천시,76,136
202305,경상북도,김천시,77,77
202305,경상북도,김천시,78,95
202305,경상북도,김천시,79,141
202305,경상북도,김천시,80,153
202305,경상북도,김천시,81,152
202305,경상북도,김천시,82,129
202305,경상북도,김천시,83,126
202305,경상북도,김천시,84,152
202305,경상북도,김천시,85,104
202305,경상북도,김천시,86,117
202305,경상북도,김천시,87,97
202305,경상북도,김천시,88,80
202305,경상북도,김천시,89,69
202305,경상북도,김천시,90,72
202305,경상북도,김천시,91,43
202305,경상북도,김천시,92,34
202305,경상북도,김천시,93,26
202305,경상북도,김천시,94,14
202305,경상북도,김천시,95,16
202305,경상북도,김천시,96,9
202305,경상북도,김천시,97,10
202305,경상북도,김천시,98,1
202305,경상북도,김천시,99,2
202305,경상북도,김천시,100,3
202305,경상북도,김천시,101,4
202305,경상북도,김천시,102,2
202305,경상북도,김천시,105,1
202305,경상북도,안동시,0,8
202305,경상북도,안동시,1,15
202305,경상북도,안동시,2,23
202305,경상북도,안동시,3,19
202305,경상북도,안동시,4,24
202305,경상북도,안동시,5,27
202305,경상북도,안동시,6,46
202305,경상북도,안동시,7,57
202305,경상북도,안동시,8,65
202305,경상북도,안동시,9,80
202305,경상북도,안동시,10,90
202305,경상북도,안동시,11,91
202305,경상북도,안동시,12,98
202305,경상북도,안동시,13,95
202305,경상북도,안동시,14,107
202305,경상북도,안동시,15,108
202305,경상북도,안동시,16,129
202305,경상북도,안동시,17,115
202305,경상북도,안동시,18,109
202305,경상북도,안동시,19,74
202305,경상북도,안동시,20,92
202305,경상북도,안동시,21,91
202305,경상북도,안동시,22,67
202305,경상북도,안동시,23,63
202305,경상북도,안동시,24,41
202305,경상북도,안동시,25,38
202305,경상북도,안동시,26,28
202305,경상북도,안동시,27,25
202305,경상북도,안동시,28,21
202305,경상북도,안동시,29,22
202305,경상북도,안동시,30,34
202305,경상북도,안동시,31,31
202305,경상북도,안동시,32,24
202305,경상북도,안동시,33,30
202305,경상북도,안동시,34,53
202305,경상북도,안동시,35,40
202305,경상북도,안동시,36,42
202305,경상북도,안동시,37,46
202305,경상북도,안동시,38,48
202305,경상북도,안동시,39,65
202305,경상북도,안동시,40,76
202305,경상북도,안동시,41,86
202305,경상북도,안동시,42,70
202305,경상북도,안동시,43,88
202305,경상북도,안동시,44,99
202305,경상북도,안동시,45,118
202305,경상북도,안동시,46,86
202305,경상북도,안동시,47,114
202305,경상북도,안동시,48,126
202305,경상북도,안동시,49,148
202305,경상북도,안동시,50,127
202305,경상북도,안동시,51,128
202305,경상북도,안동시,52,148
202305,경상북도,안동시,53,151
202305,경상북도,안동시,54,148
202305,경상북도,안동시,55,164
202305,경상북도,안동시,56,151
202305,경상북도,안동시,57,178
202305,경상북도,안동시,58,170
202305,경상북도,안동시,59,150
202305,경상북도,안동시,60,164
202305,경상북도,안동시,61,199
202305,경상북도,안동시,62,214
202305,경상북도,안동시,63,212
202305,경상북도,안동시,64,198
202305,경상북도,안동시,65,214
202305,경상북도,안동시,66,203
202305,경상북도,안동시,67,186
202305,경상북도,안동시,68,189
202305,경상북도,안동시,69,161
202305,경상북도,안동시,70,191
202305,경상북도,안동시,71,188
202305,경상북도,안동시,72,153
202305,경상북도,안동시,73,143
202305,경상북도,안동시,74,153
202305,경상북도,안동시,75,155
202305,경상북도,안동시,76,179
202305,경상북도,안동시,77,98
202305,경상북도,안동시,78,149
202305,경상북도,안동시,79,167
202305,경상북도,안동시,80,238
202305,경상북도,안동시,81,203
202305,경상북도,안동시,82,184
202305,경상북도,안동시,83,193
202305,경상북도,안동시,84,184
202305,경상북도,안동시,85,158
202305,경상북도,안동시,86,135
202305,경상북도,안동시,87,124
202305,경상북도,안동시,88,108
202305,경상북도,안동시,89,102
202305,경상북도,안동시,90,86
202305,경상북도,안동시,91,72
202305,경상북도,안동시,92,59
202305,경상북도,안동시,93,32
202305,경상북도,안동시,94,31
202305,경상북도,안동시,95,27
202305,경상북도,안동시,96,23
202305,경상북도,안동시,97,11
202305,경상북도,안동시,98,7
202305,경상북도,안동시,99,4
202305,경상북도,안동시,101,2
202305,경상북도,안동시,102,2
202305,경상북도,안동시,103,1
202305,경상북도,안동시,106,1
202305,경상북도,구미시,0,35
202305,경상북도,구미시,1,39
202305,경상북도,구미시,2,60
202305,경상북도,구미시,3,75
202305,경상북도,구미시,4,69
202305,경상북도,구미시,5,93
202305,경상북도,구미시,6,120
202305,경상북도,구미시,7,131
202305,경상북도,구미시,8,152
202305,경상북도,구미시,9,160
202305,경상북도,구미시,10,183
202305,경상북도,구미시,11,185
202305,경상북도,구미시,12,206
202305,경상북도,구미시,13,207
202305,경상북도,구미시,14,206
202305,경상북도,구미시,15,249
202305,경상북도,구미시,16,207
202305,경상북도,구미시,17,217
202305,경상북도,구미시,18,183
202305,경상북도,구미시,19,138
202305,경상북도,구미시,20,113
202305,경상북도,구미시,21,102
202305,경상북도,구미시,22,112
202305,경상북도,구미시,23,88
202305,경상북도,구미시,24,93
202305,경상북도,구미시,25,65
202305,경상북도,구미시,26,73
202305,경상북도,구미시,27,46
202305,경상북도,구미시,28,54
202305,경상북도,구미시,29,58
202305,경상북도,구미시,30,79
202305,경상북도,구미시,31,78
202305,경상북도,구미시,32,81
202305,경상북도,구미시,33,95
202305,경상북도,구미시,34,81
202305,경상북도,구미시,35,96
202305,경상북도,구미시,36,109
202305,경상북도,구미시,37,118
202305,경상북도,구미시,38,124
202305,경상북도,구미시,39,137
202305,경상북도,구미시,40,161
202305,경상북도,구미시,41,179
202305,경상북도,구미시,42,160
202305,경상북도,구미시,43,184
202305,경상북도,구미시,44,159
202305,경상북도,구미시,45,183
202305,경상북도,구미시,46,186
202305,경상북도,구미시,47,190
202305,경상북도,구미시,48,177
202305,경상북도,구미시,49,188
202305,경상북도,구미시,50,188
202305,경상북도,구미시,51,193
202305,경상북도,구미시,52,220
202305,경상북도,구미시,53,230
202305,경상북도,구미시,54,234
202305,경상북도,구미시,55,219
202305,경상북도,구미시,56,209
202305,경상북도,구미시,57,201
202305,경상북도,구미시,58,232
202305,경상북도,구미시,59,234
202305,경상북도,구미시,60,241
202305,경상북도,구미시,61,253
202305,경상북도,구미시,62,250
202305,경상북도,구미시,63,251
202305,경상북도,구미시,64,205
202305,경상북도,구미시,65,221
202305,경상북도,구미시,66,229
202305,경상북도,구미시,67,218
202305,경상북도,구미시,68,243
202305,경상북도,구미시,69,187
202305,경상북도,구미시,70,220
202305,경상북도,구미시,71,191
202305,경상북도,구미시,72,158
202305,경상북도,구미시,73,173
202305,경상북도,구미시,74,164
202305,경상북도,구미시,75,149
202305,경상북도,구미시,76,154
202305,경상북도,구미시,77,116
202305,경상북도,구미시,78,141
202305,경상북도,구미시,79,129
202305,경상북도,구미시,80,179
202305,경상북도,구미시,81,149
202305,경상북도,구미시,82,142
202305,경상북도,구미시,83,120
202305,경상북도,구미시,84,125
202305,경상북도,구미시,85,103
202305,경상북도,구미시,86,102
202305,경상북도,구미시,87,101
202305,경상북도,구미시,88,91
202305,경상북도,구미시,89,63
202305,경상북도,구미시,90,56
202305,경상북도,구미시,91,43
202305,경상북도,구미시,92,26
202305,경상북도,구미시,93,18
202305,경상북도,구미시,94,14
202305,경상북도,구미시,95,16
202305,경상북도,구미시,96,8
202305,경상북도,구미시,97,2
202305,경상북도,구미시,98,1
202305,경상북도,구미시,99,1
202305,경상북도,구미시,100,4
202305,경상북도,구미시,102,2
202305,경상북도,구미시,104,1
202305,경상북도,영주시,0,5
202305,경상북도,영주시,1,12
202305,경상북도,영주시,2,7
202305,경상북도,영주시,3,15
202305,경상북도,영주시,4,22
202305,경상북도,영주시,5,21
202305,경상북도,영주시,6,32
202305,경상북도,영주시,7,47
202305,경상북도,영주시,8,37
202305,경상북도,영주시,9,66
202305,경상북도,영주시,10,74
202305,경상북도,영주시,11,67
202305,경상북도,영주시,12,72
202305,경상북도,영주시,13,72
202305,경상북도,영주시,14,81
202305,경상북도,영주시,15,92
202305,경상북도,영주시,16,63
202305,경상북도,영주시,17,94
202305,경상북도,영주시,18,67
202305,경상북도,영주시,19,62
202305,경상북도,영주시,20,51
202305,경상북도,영주시,21,63
202305,경상북도,영주시,22,65
202305,경상북도,영주시,23,41
202305,경상북도,영주시,24,46
202305,경상북도,영주시,25,30
202305,경상북도,영주시,26,30
202305,경상북도,영주시,27,25
202305,경상북도,영주시,28,13
202305,경상북도,영주시,29,14
202305,경상북도,영주시,30,22
202305,경상북도,영주시,31,24
202305,경상북도,영주시,32,20
202305,경상북도,영주시,33,15
202305,경상북도,영주시,34,23
202305,경상북도,영주시,35,32
202305,경상북도,영주시,36,28
202305,경상북도,영주시,37,30
202305,경상북도,영주시,38,30
202305,경상북도,영주시,39,44
202305,경상북도,영주시,40,56
202305,경상북도,영주시,41,48
202305,경상북도,영주시,42,62
202305,경상북도,영주시,43,60
202305,경상북도,영주시,44,69
202305,경상북도,영주시,45,55
202305,경상북도,영주시,46,56
202305,경상북도,영주시,47,68
202305,경상북도,영주시,48,86
202305,경상북도,영주시,49,104
202305,경상북도,영주시,50,93
202305,경상북도,영주시,51,96
202305,경상북도,영주시,52,105
202305,경상북도,영주시,53,117
202305,경상북도,영주시,54,133
202305,경상북도,영주시,55,125
202305,경상북도,영주시,56,103
202305,경상북도,영주시,57,111
202305,경상북도,영주시,58,105
202305,경상북도,영주시,59,109
202305,경상북도,영주시,60,113
202305,경상북도,영주시,61,134
202305,경상북도,영주시,62,153
202305,경상북도,영주시,63,158
202305,경상북도,영주시,64,134
202305,경상북도,영주시,65,154
202305,경상북도,영주시,66,174
202305,경상북도,영주시,67,148
202305,경상북도,영주시,68,128
202305,경상북도,영주시,69,136
202305,경상북도,영주시,70,128
202305,경상북도,영주시,71,121
202305,경상북도,영주시,72,90
202305,경상북도,영주시,73,106
202305,경상북도,영주시,74,104
202305,경상북도,영주시,75,121
202305,경상북도,영주시,76,97
202305,경상북도,영주시,77,52
202305,경상북도,영주시,78,118
202305,경상북도,영주시,79,121
202305,경상북도,영주시,80,139
202305,경상북도,영주시,81,152
202305,경상북도,영주시,82,119
202305,경상북도,영주시,83,125
202305,경상북도,영주시,84,127
202305,경상북도,영주시,85,110
202305,경상북도,영주시,86,112
202305,경상북도,영주시,87,97
202305,경상북도,영주시,88,82
202305,경상북도,영주시,89,77
202305,경상북도,영주시,90,55
202305,경상북도,영주시,91,51
202305,경상북도,영주시,92,40
202305,경상북도,영주시,93,30
202305,경상북도,영주시,94,21
202305,경상북도,영주시,95,17
202305,경상북도,영주시,96,6
202305,경상북도,영주시,97,6
202305,경상북도,영주시,98,5
202305,경상북도,영주시,99,3
202305,경상북도,영주시,100,2
202305,경상북도,영주시,101,1
202305,경상북도,영주시,102,1
202305,경상북도,영주시,103,1
202305,경상북도,영주시,105,2
202305,경상북도,영천시,0,9
202305,경상북도,영천시,1,10
202305,경상북도,영천시,2,21
202305,경상북도,영천시,3,21
202305,경상북도,영천시,4,23
202305,경상북도,영천시,5,20
202305,경상북도,영천시,6,44
202305,경상북도,영천시,7,42
202305,경상북도,영천시,8,45
202305,경상북도,영천시,9,51
202305,경상북도,영천시,10,63
202305,경상북도,영천시,11,69
202305,경상북도,영천시,12,103
202305,경상북도,영천시,13,61
202305,경상북도,영천시,14,70
202305,경상북도,영천시,15,99
202305,경상북도,영천시,16,89
202305,경상북도,영천시,17,92
202305,경상북도,영천시,18,74
202305,경상북도,영천시,19,58
202305,경상북도,영천시,20,44
202305,경상북도,영천시,21,52
202305,경상북도,영천시,22,48
202305,경상북도,영천시,23,41
202305,경상북도,영천시,24,38
202305,경상북도,영천시,25,25
202305,경상북도,영천시,26,17
202305,경상북도,영천시,27,18
202305,경상북도,영천시,28,13
202305,경상북도,영천시,29,19
202305,경상북도,영천시,30,8
202305,경상북도,영천시,31,23
202305,경상북도,영천시,32,14
202305,경상북도,영천시,33,29
202305,경상북도,영천시,34,20
202305,경상북도,영천시,35,32
202305,경상북도,영천시,36,26
202305,경상북도,영천시,37,31
202305,경상북도,영천시,38,37
202305,경상북도,영천시,39,32
202305,경상북도,영천시,40,40
202305,경상북도,영천시,41,52
202305,경상북도,영천시,42,41
202305,경상북도,영천시,43,61
202305,경상북도,영천시,44,54
202305,경상북도,영천시,45,66
202305,경상북도,영천시,46,53
202305,경상북도,영천시,47,70
202305,경상북도,영천시,48,81
202305,경상북도,영천시,49,96
202305,경상북도,영천시,50,79
202305,경상북도,영천시,51,91
202305,경상북도,영천시,52,128
202305,경상북도,영천시,53,94
202305,경상북도,영천시,54,107
202305,경상북도,영천시,55,113
202305,경상북도,영천시,56,103
202305,경상북도,영천시,57,106
202305,경상북도,영천시,58,133
202305,경상북도,영천시,59,115
202305,경상북도,영천시,60,127
202305,경상북도,영천시,61,144
202305,경상북도,영천시,62,168
202305,경상북도,영천시,63,157
202305,경상북도,영천시,64,149
202305,경상북도,영천시,65,152
202305,경상북도,영천시,66,144
202305,경상북도,영천시,67,164
202305,경상북도,영천시,68,153
202305,경상북도,영천시,69,123
202305,경상북도,영천시,70,117
202305,경상북도,영천시,71,129
202305,경상북도,영천시,72,108
202305,경상북도,영천시,73,136
202305,경상북도,영천시,74,125
202305,경상북도,영천시,75,138
202305,경상북도,영천시,76,101
202305,경상북도,영천시,77,86
202305,경상북도,영천시,78,97
202305,경상북도,영천시,79,119
202305,경상북도,영천시,80,164
202305,경상북도,영천시,81,139
202305,경상북도,영천시,82,119
202305,경상북도,영천시,83,131
202305,경상북도,영천시,84,135
202305,경상북도,영천시,85,124
202305,경상북도,영천시,86,123
202305,경상북도,영천시,87,106
202305,경상북도,영천시,88,77
202305,경상북도,영천시,89,59
202305,경상북도,영천시,90,65
202305,경상북도,영천시,91,39
202305,경상북도,영천시,92,33
202305,경상북도,영천시,93,35
202305,경상북도,영천시,94,25
202305,경상북도,영천시,95,5
202305,경상북도,영천시,96,8
202305,경상북도,영천시,98,6
202305,경상북도,영천시,100,1
202305,경상북도,영천시,101,3
202305,경상북도,영천시,102,4
202305,경상북도,영천시,104,1
202305,경상북도,영천시,107,1
202305,경상북도,상주시,0,7
202305,경상북도,상주시,1,9
202305,경상북도,상주시,2,11
202305,경상북도,상주시,3,8
202305,경상북도,상주시,4,12
202305,경상북도,상주시,5,10
202305,경상북도,상주시,6,17
202305,경상북도,상주시,7,39
202305,경상북도,상주시,8,32
202305,경상북도,상주시,9,32
202305,경상북도,상주시,10,47
202305,경상북도,상주시,11,64
202305,경상북도,상주시,12,47
202305,경상북도,상주시,13,52
202305,경상북도,상주시,14,52
202305,경상북도,상주시,15,64
202305,경상북도,상주시,16,64
202305,경상북도,상주시,17,61
202305,경상북도,상주시,18,40
202305,경상북도,상주시,19,19
202305,경상북도,상주시,20,34
202305,경상북도,상주시,21,25
202305,경상북도,상주시,22,29
202305,경상북도,상주시,23,16
202305,경상북도,상주시,24,14
202305,경상북도,상주시,25,26
202305,경상북도,상주시,26,15
202305,경상북도,상주시,27,8
202305,경상북도,상주시,28,9
202305,경상북도,상주시,29,15
202305,경상북도,상주시,30,11
202305,경상북도,상주시,31,18
202305,경상북도,상주시,32,20
202305,경상북도,상주시,33,18
202305,경상북도,상주시,34,19
202305,경상북도,상주시,35,18
202305,경상북도,상주시,36,20
202305,경상북도,상주시,37,19
202305,경상북도,상주시,38,24
202305,경상북도,상주시,39,32
202305,경상북도,상주시,40,27
202305,경상북도,상주시,41,38
202305,경상북도,상주시,42,38
202305,경상북도,상주시,43,38
202305,경상북도,상주시,44,39
202305,경상북도,상주시,45,41
202305,경상북도,상주시,46,52
202305,경상북도,상주시,47,37
202305,경상북도,상주시,48,70
202305,경상북도,상주시,49,50
202305,경상북도,상주시,50,69
202305,경상북도,상주시,51,77
202305,경상북도,상주시,52,59
202305,경상북도,상주시,53,70
202305,경상북도,상주시,54,76
202305,경상북도,상주시,55,80
202305,경상북도,상주시,56,78
202305,경상북도,상주시,57,70
202305,경상북도,상주시,58,85
202305,경상북도,상주시,59,85
202305,경상북도,상주시,60,91
202305,경상북도,상주시,61,94
202305,경상북도,상주시,62,102
202305,경상북도,상주시,63,105
202305,경상북도,상주시,64,93
202305,경상북도,상주시,65,90
202305,경상북도,상주시,66,103
202305,경상북도,상주시,67,91
202305,경상북도,상주시,68,120
202305,경상북도,상주시,69,81
202305,경상북도,상주시,70,102
202305,경상북도,상주시,71,91
202305,경상북도,상주시,72,67
202305,경상북도,상주시,73,90
202305,경상북도,상주시,74,87
202305,경상북도,상주시,75,86
202305,경상북도,상주시,76,86
202305,경상북도,상주시,77,78
202305,경상북도,상주시,78,57
202305,경상북도,상주시,79,94
202305,경상북도,상주시,80,115
202305,경상북도,상주시,81,129
202305,경상북도,상주시,82,89
202305,경상북도,상주시,83,103
202305,경상북도,상주시,84,102
202305,경상북도,상주시,85,86
202305,경상북도,상주시,86,85
202305,경상북도,상주시,87,80
202305,경상북도,상주시,88,91
202305,경상북도,상주시,89,61
202305,경상북도,상주시,90,50
202305,경상북도,상주시,91,46
202305,경상북도,상주시,92,36
202305,경상북도,상주시,93,20
202305,경상북도,상주시,94,18
202305,경상북도,상주시,95,18
202305,경상북도,상주시,96,17
202305,경상북도,상주시,97,9
202305,경상북도,상주시,98,5
202305,경상북도,상주시,99,3
202305,경상북도,상주시,101,3
202305,경상북도,상주시,102,1
202305,경상북도,상주시,103,1
202305,경상북도,상주시,113,1
202305,경상북도,문경시,0,2
202305,경상북도,문경시,1,4
202305,경상북도,문경시,2,8
202305,경상북도,문경시,3,7
202305,경상북도,문경시,4,6
202305,경상북도,문경시,5,5
202305,경상북도,문경시,6,14
202305,경상북도,문경시,7,12
202305,경상북도,문경시,8,18
202305,경상북도,문경시,9,20
202305,경상북도,문경시,10,19
202305,경상북도,문경시,11,15
202305,경상북도,문경시,12,23
202305,경상북도,문경시,13,28
202305,경상북도,문경시,14,14
202305,경상북도,문경시,15,26
202305,경상북도,문경시,16,42
202305,경상북도,문경시,17,22
202305,경상북도,문경시,18,22
202305,경상북도,문경시,19,18
202305,경상북도,문경시,20,16
202305,경상북도,문경시,21,20
202305,경상북도,문경시,22,19
202305,경상북도,문경시,23,14
202305,경상북도,문경시,24,12
202305,경상북도,문경시,25,6
202305,경상북도,문경시,26,9
202305,경상북도,문경시,27,1
202305,경상북도,문경시,28,6
202305,경상북도,문경시,29,3
202305,경상북도,문경시,30,9
202305,경상북도,문경시,31,2
202305,경상북도,문경시,32,7
202305,경상북도,문경시,33,11
202305,경상북도,문경시,34,8
202305,경상북도,문경시,35,14
202305,경상북도,문경시,36,10
202305,경상북도,문경시,37,15
202305,경상북도,문경시,38,15
202305,경상북도,문경시,39,20
202305,경상북도,문경시,40,18
202305,경상북도,문경시,41,16
202305,경상북도,문경시,42,16
202305,경상북도,문경시,43,22
202305,경상북도,문경시,44,19
202305,경상북도,문경시,45,26
202305,경상북도,문경시,46,25
202305,경상북도,문경시,47,27
202305,경상북도,문경시,48,36
202305,경상북도,문경시,49,34
202305,경상북도,문경시,50,36
202305,경상북도,문경시,51,40
202305,경상북도,문경시,52,46
202305,경상북도,문경시,53,34
202305,경상북도,문경시,54,54
202305,경상북도,문경시,55,56
202305,경상북도,문경시,56,49
202305,경상북도,문경시,57,55
202305,경상북도,문경시,58,62
202305,경상북도,문경시,59,65
202305,경상북도,문경시,60,56
202305,경상북도,문경시,61,71
202305,경상북도,문경시,62,87
202305,경상북도,문경시,63,71
202305,경상북도,문경시,64,56
202305,경상북도,문경시,65,64
202305,경상북도,문경시,66,65
202305,경상북도,문경시,67,68
202305,경상북도,문경시,68,73
202305,경상북도,문경시,69,58
202305,경상북도,문경시,70,75
202305,경상북도,문경시,71,62
202305,경상북도,문경시,72,53
202305,경상북도,문경시,73,56
202305,경상북도,문경시,74,63
202305,경상북도,문경시,75,58
202305,경상북도,문경시,76,50
202305,경상북도,문경시,77,35
202305,경상북도,문경시,78,46
202305,경상북도,문경시,79,73
202305,경상북도,문경시,80,81
202305,경상북도,문경시,81,90
202305,경상북도,문경시,82,66
202305,경상북도,문경시,83,66
202305,경상북도,문경시,84,69
202305,경상북도,문경시,85,66
202305,경상북도,문경시,86,54
202305,경상북도,문경시,87,53
202305,경상북도,문경시,88,35
202305,경상북도,문경시,89,43
202305,경상북도,문경시,90,32
202305,경상북도,문경시,91,19
202305,경상북도,문경시,92,10
202305,경상북도,문경시,93,18
202305,경상북도,문경시,94,9
202305,경상북도,문경시,95,11
202305,경상북도,문경시,96,3
202305,경상북도,문경시,97,3
202305,경상북도,문경시,98,3
202305,경상북도,문경시,99,1
202305,경상북도,문경시,100,2
202305,경상북도,문경시,103,1
202305,경상북도,문경시,104,1
202305,경상북도,문경시,105,1
202305,경상북도,문경시,107,1
202305,경상북도,경산시,0,20
202305,경상북도,경산시,1,35
202305,경상북도,경산시,2,35
202305,경상북도,경산시,3,59
202305,경상북도,경산시,4,58
202305,경상북도,경산시,5,67
202305,경상북도,경산시,6,88
202305,경상북도,경산시,7,118
202305,경상북도,경산시,8,137
202305,경상북도,경산시,9,138
202305,경상북도,경산시,10,144
202305,경상북도,경산시,11,190
202305,경상북도,경산시,12,192
202305,경상북도,경산시,13,153
202305,경상북도,경산시,14,152
202305,경상북도,경산시,15,189
202305,경상북도,경산시,16,174
202305,경상북도,경산시,17,174
202305,경상북도,경산시,18,138
202305,경상북도,경산시,19,122
202305,경상북도,경산시,20,99
202305,경상북도,경산시,21,118
202305,경상북도,경산시,22,121
202305,경상북도,경산시,23,93
202305,경상북도,경산시,24,84
202305,경상북도,경산시,25,78
202305,경상북도,경산시,26,63
202305,경상북도,경산시,27,66
202305,경상북도,경산시,28,61
202305,경상북도,경산시,29,48
202305,경상북도,경산시,30,64
202305,경상북도,경산시,31,62
202305,경상북도,경산시,32,71
202305,경상북도,경산시,33,60
202305,경상북도,경산시,34,68
202305,경상북도,경산시,35,82
202305,경상북도,경산시,36,94
202305,경상북도,경산시,37,84
202305,경상북도,경산시,38,76
202305,경상북도,경산시,39,101
202305,경상북도,경산시,40,119
202305,경상북도,경산시,41,120
202305,경상북도,경산시,42,152
202305,경상북도,경산시,43,170
202305,경상북도,경산시,44,125
202305,경상북도,경산시,45,149
202305,경상북도,경산시,46,130
202305,경상북도,경산시,47,143
202305,경상북도,경산시,48,168
202305,경상북도,경산시,49,174
202305,경상북도,경산시,50,201
202305,경상북도,경산시,51,193
202305,경상북도,경산시,52,223
202305,경상북도,경산시,53,209
202305,경상북도,경산시,54,200
202305,경상북도,경산시,55,188
202305,경상북도,경산시,56,224
202305,경상북도,경산시,57,203
202305,경상북도,경산시,58,220
202305,경상북도,경산시,59,182
202305,경상북도,경산시,60,225
202305,경상북도,경산시,61,226
202305,경상북도,경산시,62,237
202305,경상북도,경산시,63,222
202305,경상북도,경산시,64,244
202305,경상북도,경산시,65,223
202305,경상북도,경산시,66,229
202305,경상북도,경산시,67,239
202305,경상북도,경산시,68,230
202305,경상북도,경산시,69,197
202305,경상북도,경산시,70,227
202305,경상북도,경산시,71,211
202305,경상북도,경산시,72,179
202305,경상북도,경산시,73,172
202305,경상북도,경산시,74,206
202305,경상북도,경산시,75,214
202305,경상북도,경산시,76,190
202305,경상북도,경산시,77,115
202305,경상북도,경산시,78,162
202305,경상북도,경산시,79,181
202305,경상북도,경산시,80,231
202305,경상북도,경산시,81,222
202305,경상북도,경산시,82,196
202305,경상북도,경산시,83,210
202305,경상북도,경산시,84,152
202305,경상북도,경산시,85,140
202305,경상북도,경산시,86,142
202305,경상북도,경산시,87,138
202305,경상북도,경산시,88,118
202305,경상북도,경산시,89,70
202305,경상북도,경산시,90,58
202305,경상북도,경산시,91,48
202305,경상북도,경산시,92,39
202305,경상북도,경산시,93,23
202305,경상북도,경산시,94,27
202305,경상북도,경산시,95,13
202305,경상북도,경산시,96,9
202305,경상북도,경산시,97,5
202305,경상북도,경산시,98,5
202305,경상북도,경산시,99,8
202305,경상북도,경산시,100,4
202305,경상북도,경산시,101,1
202305,경상북도,군위군,0,2
202305,경상북도,군위군,1,1
202305,경상북도,군위군,3,4
202305,경상북도,군위군,4,1
202305,경상북도,군위군,5,3
202305,경상북도,군위군,6,4
202305,경상북도,군위군,7,4
202305,경상북도,군위군,8,5
202305,경상북도,군위군,9,8
202305,경상북도,군위군,10,9
202305,경상북도,군위군,11,5
202305,경상북도,군위군,12,8
202305,경상북도,군위군,13,12
202305,경상북도,군위군,14,7
202305,경상북도,군위군,15,10
202305,경상북도,군위군,16,3
202305,경상북도,군위군,17,11
202305,경상북도,군위군,18,5
202305,경상북도,군위군,19,8
202305,경상북도,군위군,20,3
202305,경상북도,군위군,21,5
202305,경상북도,군위군,22,5
202305,경상북도,군위군,23,5
202305,경상북도,군위군,24,4
202305,경상북도,군위군,25,5
202305,경상북도,군위군,26,5
202305,경상북도,군위군,27,2
202305,경상북도,군위군,28,2
202305,경상북도,군위군,29,2
202305,경상북도,군위군,30,2
202305,경상북도,군위군,31,2
202305,경상북도,군위군,32,5
202305,경상북도,군위군,33,3
202305,경상북도,군위군,34,1
202305,경상북도,군위군,35,3
202305,경상북도,군위군,36,6
202305,경상북도,군위군,37,3
202305,경상북도,군위군,38,3
202305,경상북도,군위군,39,3
202305,경상북도,군위군,40,6
202305,경상북도,군위군,41,7
202305,경상북도,군위군,42,5
202305,경상북도,군위군,43,8
202305,경상북도,군위군,44,10
202305,경상북도,군위군,45,6
202305,경상북도,군위군,46,11
202305,경상북도,군위군,47,10
202305,경상북도,군위군,48,9
202305,경상북도,군위군,49,17
202305,경상북도,군위군,50,8
202305,경상북도,군위군,51,12
202305,경상북도,군위군,52,11
202305,경상북도,군위군,53,8
202305,경상북도,군위군,54,19
202305,경상북도,군위군,55,15
202305,경상북도,군위군,56,11
202305,경상북도,군위군,57,21
202305,경상북도,군위군,58,17
202305,경상북도,군위군,59,11
202305,경상북도,군위군,60,24
202305,경상북도,군위군,61,21
202305,경상북도,군위군,62,28
202305,경상북도,군위군,63,24
202305,경상북도,군위군,64,32
202305,경상북도,군위군,65,20
202305,경상북도,군위군,66,31
202305,경상북도,군위군,67,20
202305,경상북도,군위군,68,20
202305,경상북도,군위군,69,18
202305,경상북도,군위군,70,24
202305,경상북도,군위군,71,18
202305,경상북도,군위군,72,26
202305,경상북도,군위군,73,28
202305,경상북도,군위군,74,23
202305,경상북도,군위군,75,22
202305,경상북도,군위군,76,20
202305,경상북도,군위군,77,11
202305,경상북도,군위군,78,15
202305,경상북도,군위군,79,25
202305,경상북도,군위군,80,28
202305,경상북도,군위군,81,33
202305,경상북도,군위군,82,32
202305,경상북도,군위군,83,31
202305,경상북도,군위군,84,25
202305,경상북도,군위군,85,29
202305,경상북도,군위군,86,20
202305,경상북도,군위군,87,22
202305,경상북도,군위군,88,20
202305,경상북도,군위군,89,10
202305,경상북도,군위군,90,21
202305,경상북도,군위군,91,7
202305,경상북도,군위군,92,12
202305,경상북도,군위군,93,4
202305,경상북도,군위군,94,2
202305,경상북도,군위군,95,1
202305,경상북도,군위군,96,2
202305,경상북도,군위군,97,1
202305,경상북도,군위군,98,1
202305,경상북도,군위군,99,1
202305,경상북도,군위군,101,1
202305,경상북도,군위군,104,1
202305,경상북도,의성군,0,3
202305,경상북도,의성군,1,2
202305,경상북도,의성군,2,2
202305,경상북도,의성군,3,1
202305,경상북도,의성군,5,6
202305,경상북도,의성군,6,4
202305,경상북도,의성군,7,14
202305,경상북도,의성군,8,21
202305,경상북도,의성군,9,15
202305,경상북도,의성군,10,16
202305,경상북도,의성군,11,21
202305,경상북도,의성군,12,25
202305,경상북도,의성군,13,22
202305,경상북도,의성군,14,28
202305,경상북도,의성군,15,28
202305,경상북도,의성군,16,34
202305,경상북도,의성군,17,32
202305,경상북도,의성군,18,15
202305,경상북도,의성군,19,10
202305,경상북도,의성군,20,14
202305,경상북도,의성군,21,13
202305,경상북도,의성군,22,12
202305,경상북도,의성군,23,4
202305,경상북도,의성군,24,9
202305,경상북도,의성군,25,4
202305,경상북도,의성군,26,3
202305,경상북도,의성군,27,2
202305,경상북도,의성군,28,8
202305,경상북도,의성군,29,6
202305,경상북도,의성군,30,3
202305,경상북도,의성군,31,5
202305,경상북도,의성군,32,4
202305,경상북도,의성군,33,7
202305,경상북도,의성군,34,9
202305,경상북도,의성군,35,7
202305,경상북도,의성군,36,8
202305,경상북도,의성군,37,12
202305,경상북도,의성군,38,13
202305,경상북도,의성군,39,21
202305,경상북도,의성군,40,16
202305,경상북도,의성군,41,11
202305,경상북도,의성군,42,22
202305,경상북도,의성군,43,20
202305,경상북도,의성군,44,23
202305,경상북도,의성군,45,24
202305,경상북도,의성군,46,20
202305,경상북도,의성군,47,19
202305,경상북도,의성군,48,26
202305,경상북도,의성군,49,38
202305,경상북도,의성군,50,30
202305,경상북도,의성군,51,28
202305,경상북도,의성군,52,38
202305,경상북도,의성군,53,41
202305,경상북도,의성군,54,48
202305,경상북도,의성군,55,46
202305,경상북도,의성군,56,54
202305,경상북도,의성군,57,41
202305,경상북도,의성군,58,59
202305,경상북도,의성군,59,47
202305,경상북도,의성군,60,66
202305,경상북도,의성군,61,56
202305,경상북도,의성군,62,77
202305,경상북도,의성군,63,68
202305,경상북도,의성군,64,61
202305,경상북도,의성군,65,66
202305,경상북도,의성군,66,67
202305,경상북도,의성군,67,60
202305,경상북도,의성군,68,63
202305,경상북도,의성군,69,51
202305,경상북도,의성군,70,67
202305,경상북도,의성군,71,73
202305,경상북도,의성군,72,57
202305,경상북도,의성군,73,47
202305,경상북도,의성군,74,59
202305,경상북도,의성군,75,66
202305,경상북도,의성군,76,50
202305,경상북도,의성군,77,46
202305,경상북도,의성군,78,44
202305,경상북도,의성군,79,78
202305,경상북도,의성군,80,101
202305,경상북도,의성군,81,92
202305,경상북도,의성군,82,80
202305,경상북도,의성군,83,83
202305,경상북도,의성군,84,99
202305,경상북도,의성군,85,71
202305,경상북도,의성군,86,87
202305,경상북도,의성군,87,99
202305,경상북도,의성군,88,83
202305,경상북도,의성군,89,56
202305,경상북도,의성군,90,52
202305,경상북도,의성군,91,42
202305,경상북도,의성군,92,28
202305,경상북도,의성군,93,28
202305,경상북도,의성군,94,19
202305,경상북도,의성군,95,12
202305,경상북도,의성군,96,8
202305,경상북도,의성군,97,3
202305,경상북도,의성군,98,2
202305,경상북도,의성군,99,4
202305,경상북도,의성군,100,1
202305,경상북도,의성군,101,3
202305,경상북도,청송군,3,1
202305,경상북도,청송군,4,3
202305,경상북도,청송군,6,4
202305,경상북도,청송군,7,4
202305,경상북도,청송군,8,5
202305,경상북도,청송군,9,7
202305,경상북도,청송군,10,11
202305,경상북도,청송군,11,12
202305,경상북도,청송군,12,12
202305,경상북도,청송군,13,7
202305,경상북도,청송군,14,13
202305,경상북도,청송군,15,11
202305,경상북도,청송군,16,11
202305,경상북도,청송군,17,5
202305,경상북도,청송군,18,13
202305,경상북도,청송군,19,11
202305,경상북도,청송군,20,10
202305,경상북도,청송군,21,7
202305,경상북도,청송군,22,7
202305,경상북도,청송군,23,8
202305,경상북도,청송군,24,5
202305,경상북도,청송군,25,5
202305,경상북도,청송군,26,1
202305,경상북도,청송군,27,2
202305,경상북도,청송군,28,6
202305,경상북도,청송군,29,2
202305,경상북도,청송군,30,2
202305,경상북도,청송군,31,3
202305,경상북도,청송군,33,2
202305,경상북도,청송군,34,3
202305,경상북도,청송군,35,8
202305,경상북도,청송군,36,5
202305,경상북도,청송군,37,3
202305,경상북도,청송군,38,4
202305,경상북도,청송군,39,5
202305,경상북도,청송군,40,4
202305,경상북도,청송군,41,7
202305,경상북도,청송군,42,13
202305,경상북도,청송군,43,4
202305,경상북도,청송군,44,4
202305,경상북도,청송군,45,10
202305,경상북도,청송군,46,8
202305,경상북도,청송군,47,14
202305,경상북도,청송군,48,13
202305,경상북도,청송군,49,15
202305,경상북도,청송군,50,17
202305,경상북도,청송군,51,15
202305,경상북도,청송군,52,15
202305,경상북도,청송군,53,21
202305,경상북도,청송군,54,33
202305,경상북도,청송군,55,13
202305,경상북도,청송군,56,21
202305,경상북도,청송군,57,15
202305,경상북도,청송군,58,30
202305,경상북도,청송군,59,27
202305,경상북도,청송군,60,18
202305,경상북도,청송군,61,29
202305,경상북도,청송군,62,25
202305,경상북도,청송군,63,33
202305,경상북도,청송군,64,27
202305,경상북도,청송군,65,42
202305,경상북도,청송군,66,32
202305,경상북도,청송군,67,27
202305,경상북도,청송군,68,29
202305,경상북도,청송군,69,27
202305,경상북도,청송군,70,36
202305,경상북도,청송군,71,25
202305,경상북도,청송군,72,28
202305,경상북도,청송군,73,24
202305,경상북도,청송군,74,28
202305,경상북도,청송군,75,34
202305,경상북도,청송군,76,33
202305,경상북도,청송군,77,17
202305,경상북도,청송군,78,22
202305,경상북도,청송군,79,24
202305,경상북도,청송군,80,45
202305,경상북도,청송군,81,44
202305,경상북도,청송군,82,25
202305,경상북도,청송군,83,35
202305,경상북도,청송군,84,37
202305,경상북도,청송군,85,31
202305,경상북도,청송군,86,26
202305,경상북도,청송군,87,32
202305,경상북도,청송군,88,33
202305,경상북도,청송군,89,19
202305,경상북도,청송군,90,11
202305,경상북도,청송군,91,11
202305,경상북도,청송군,92,12
202305,경상북도,청송군,93,6
202305,경상북도,청송군,94,3
202305,경상북도,청송군,95,6
202305,경상북도,청송군,96,4
202305,경상북도,청송군,97,2
202305,경상북도,청송군,98,1
202305,경상북도,청송군,99,1
202305,경상북도,청송군,103,1
202305,경상북도,영양군,1,1
202305,경상북도,영양군,3,2
202305,경상북도,영양군,4,2
202305,경상북도,영양군,5,4
202305,경상북도,영양군,6,2
202305,경상북도,영양군,7,10
202305,경상북도,영양군,8,9
202305,경상북도,영양군,9,11
202305,경상북도,영양군,10,17
202305,경상북도,영양군,11,10
202305,경상북도,영양군,12,9
202305,경상북도,영양군,13,17
202305,경상북도,영양군,14,10
202305,경상북도,영양군,15,13
202305,경상북도,영양군,16,15
202305,경상북도,영양군,17,17
202305,경상북도,영양군,18,8
202305,경상북도,영양군,19,6
202305,경상북도,영양군,20,3
202305,경상북도,영양군,21,6
202305,경상북도,영양군,22,6
202305,경상북도,영양군,23,5
202305,경상북도,영양군,24,3
202305,경상북도,영양군,25,3
202305,경상북도,영양군,26,4
202305,경상북도,영양군,27,2
202305,경상북도,영양군,28,2
202305,경상북도,영양군,29,1
202305,경상북도,영양군,30,3
202305,경상북도,영양군,31,1
202305,경상북도,영양군,32,2
202305,경상북도,영양군,33,2
202305,경상북도,영양군,34,5
202305,경상북도,영양군,35,5
202305,경상북도,영양군,36,6
202305,경상북도,영양군,37,3
202305,경상북도,영양군,38,3
202305,경상북도,영양군,39,4
202305,경상북도,영양군,40,6
202305,경상북도,영양군,41,4
202305,경상북도,영양군,42,6
202305,경상북도,영양군,43,10
202305,경상북도,영양군,44,2
202305,경상북도,영양군,45,8
202305,경상북도,영양군,46,7
202305,경상북도,영양군,47,7
202305,경상북도,영양군,48,4
202305,경상북도,영양군,49,9
202305,경상북도,영양군,50,11
202305,경상북도,영양군,51,12
202305,경상북도,영양군,52,14
202305,경상북도,영양군,53,14
202305,경상북도,영양군,54,12
202305,경상북도,영양군,55,18
202305,경상북도,영양군,56,13
202305,경상북도,영양군,57,18
202305,경상북도,영양군,58,12
202305,경상북도,영양군,59,20
202305,경상북도,영양군,60,27
202305,경상북도,영양군,61,21
202305,경상북도,영양군,62,31
202305,경상북도,영양군,63,24
202305,경상북도,영양군,64,21
202305,경상북도,영양군,65,27
202305,경상북도,영양군,66,14
202305,경상북도,영양군,67,22
202305,경상북도,영양군,68,30
202305,경상북도,영양군,69,16
202305,경상북도,영양군,70,27
202305,경상북도,영양군,71,27
202305,경상북도,영양군,72,17
202305,경상북도,영양군,73,13
202305,경상북도,영양군,74,24
202305,경상북도,영양군,75,17
202305,경상북도,영양군,76,18
202305,경상북도,영양군,77,10
202305,경상북도,영양군,78,19
202305,경상북도,영양군,79,22
202305,경상북도,영양군,80,28
202305,경상북도,영양군,81,30
202305,경상북도,영양군,82,30
202305,경상북도,영양군,83,25
202305,경상북도,영양군,84,33
202305,경상북도,영양군,85,19
202305,경상북도,영양군,86,26
202305,경상북도,영양군,87,19
202305,경상북도,영양군,88,16
202305,경상북도,영양군,89,12
202305,경상북도,영양군,90,6
202305,경상북도,영양군,91,11
202305,경상북도,영양군,92,5
202305,경상북도,영양군,93,9
202305,경상북도,영양군,94,7
202305,경상북도,영양군,95,3
202305,경상북도,영양군,96,4
202305,경상북도,영양군,97,4
202305,경상북도,영양군,98,2
202305,경상북도,영양군,99,1
202305,경상북도,영양군,100,1
202305,경상북도,영양군,107,1
202305,경상북도,영양군,111,1
202305,경상북도,영양군,112,1
202305,경상북도,영덕군,1,1
202305,경상북도,영덕군,2,2
202305,경상북도,영덕군,3,5
202305,경상북도,영덕군,4,5
202305,경상북도,영덕군,5,3
202305,경상북도,영덕군,6,10
202305,경상북도,영덕군,7,10
202305,경상북도,영덕군,8,19
202305,경상북도,영덕군,9,22
202305,경상북도,영덕군,10,24
202305,경상북도,영덕군,11,29
202305,경상북도,영덕군,12,31
202305,경상북도,영덕군,13,28
202305,경상북도,영덕군,14,28
202305,경상북도,영덕군,15,28
202305,경상북도,영덕군,16,28
202305,경상북도,영덕군,17,24
202305,경상북도,영덕군,18,20
202305,경상북도,영덕군,19,15
202305,경상북도,영덕군,20,6
202305,경상북도,영덕군,21,14
202305,경상북도,영덕군,22,15
202305,경상북도,영덕군,23,13
202305,경상북도,영덕군,24,5
202305,경상북도,영덕군,25,8
202305,경상북도,영덕군,26,4
202305,경상북도,영덕군,27,3
202305,경상북도,영덕군,28,4
202305,경상북도,영덕군,29,1
202305,경상북도,영덕군,30,4
202305,경상북도,영덕군,31,4
202305,경상북도,영덕군,32,5
202305,경상북도,영덕군,33,5
202305,경상북도,영덕군,34,3
202305,경상북도,영덕군,35,6
202305,경상북도,영덕군,36,1
202305,경상북도,영덕군,37,5
202305,경상북도,영덕군,38,5
202305,경상북도,영덕군,39,10
202305,경상북도,영덕군,40,8
202305,경상북도,영덕군,41,13
202305,경상북도,영덕군,42,15
202305,경상북도,영덕군,43,7
202305,경상북도,영덕군,44,14
202305,경상북도,영덕군,45,15
202305,경상북도,영덕군,46,19
202305,경상북도,영덕군,47,20
202305,경상북도,영덕군,48,18
202305,경상북도,영덕군,49,31
202305,경상북도,영덕군,50,29
202305,경상북도,영덕군,51,34
202305,경상북도,영덕군,52,30
202305,경상북도,영덕군,53,38
202305,경상북도,영덕군,54,39
202305,경상북도,영덕군,55,35
202305,경상북도,영덕군,56,39
202305,경상북도,영덕군,57,35
202305,경상북도,영덕군,58,34
202305,경상북도,영덕군,59,41
202305,경상북도,영덕군,60,53
202305,경상북도,영덕군,61,44
202305,경상북도,영덕군,62,69
202305,경상북도,영덕군,63,54
202305,경상북도,영덕군,64,48
202305,경상북도,영덕군,65,56
202305,경상북도,영덕군,66,46
202305,경상북도,영덕군,67,53
202305,경상북도,영덕군,68,51
202305,경상북도,영덕군,69,55
202305,경상북도,영덕군,70,50
202305,경상북도,영덕군,71,66
202305,경상북도,영덕군,72,39
202305,경상북도,영덕군,73,58
202305,경상북도,영덕군,74,55
202305,경상북도,영덕군,75,52
202305,경상북도,영덕군,76,49
202305,경상북도,영덕군,77,29
202305,경상북도,영덕군,78,55
202305,경상북도,영덕군,79,69
202305,경상북도,영덕군,80,87
202305,경상북도,영덕군,81,105
202305,경상북도,영덕군,82,56
202305,경상북도,영덕군,83,61
202305,경상북도,영덕군,84,74
202305,경상북도,영덕군,85,57
202305,경상북도,영덕군,86,60
202305,경상북도,영덕군,87,51
202305,경상북도,영덕군,88,33
202305,경상북도,영덕군,89,31
202305,경상북도,영덕군,90,26
202305,경상북도,영덕군,91,28
202305,경상북도,영덕군,92,24
202305,경상북도,영덕군,93,22
202305,경상북도,영덕군,94,7
202305,경상북도,영덕군,95,8
202305,경상북도,영덕군,96,2
202305,경상북도,영덕군,97,8
202305,경상북도,영덕군,98,2
202305,경상북도,영덕군,99,4
202305,경상북도,영덕군,100,3
202305,경상북도,청도군,1,1
202305,경상북도,청도군,2,2
202305,경상북도,청도군,3,2
202305,경상북도,청도군,4,1
202305,경상북도,청도군,5,2
202305,경상북도,청도군,6,4
202305,경상북도,청도군,7,6
202305,경상북도,청도군,8,9
202305,경상북도,청도군,9,15
202305,경상북도,청도군,10,15
202305,경상북도,청도군,11,14
202305,경상북도,청도군,12,28
202305,경상북도,청도군,13,22
202305,경상북도,청도군,14,16
202305,경상북도,청도군,15,23
202305,경상북도,청도군,16,28
202305,경상북도,청도군,17,31
202305,경상북도,청도군,18,15
202305,경상북도,청도군,19,14
202305,경상북도,청도군,20,10
202305,경상북도,청도군,21,13
202305,경상북도,청도군,22,8
202305,경상북도,청도군,23,11
202305,경상북도,청도군,24,14
202305,경상북도,청도군,25,2
202305,경상북도,청도군,26,3
202305,경상북도,청도군,27,4
202305,경상북도,청도군,28,5
202305,경상북도,청도군,29,4
202305,경상북도,청도군,31,4
202305,경상북도,청도군,32,3
202305,경상북도,청도군,33,8
202305,경상북도,청도군,34,5
202305,경상북도,청도군,35,4
202305,경상북도,청도군,36,4
202305,경상북도,청도군,37,12
202305,경상북도,청도군,38,8
202305,경상북도,청도군,39,14
202305,경상북도,청도군,40,11
202305,경상북도,청도군,41,16
202305,경상북도,청도군,42,17
202305,경상북도,청도군,43,12
202305,경상북도,청도군,44,16
202305,경상북도,청도군,45,22
202305,경상북도,청도군,46,20
202305,경상북도,청도군,47,22
202305,경상북도,청도군,48,19
202305,경상북도,청도군,49,29
202305,경상북도,청도군,50,22
202305,경상북도,청도군,51,27
202305,경상북도,청도군,52,29
202305,경상북도,청도군,53,33
202305,경상북도,청도군,54,38
202305,경상북도,청도군,55,44
202305,경상북도,청도군,56,36
202305,경상북도,청도군,57,38
202305,경상북도,청도군,58,42
202305,경상북도,청도군,59,41
202305,경상북도,청도군,60,47
202305,경상북도,청도군,61,40
202305,경상북도,청도군,62,61
202305,경상북도,청도군,63,55
202305,경상북도,청도군,64,53
202305,경상북도,청도군,65,43
202305,경상북도,청도군,66,56
202305,경상북도,청도군,67,43
202305,경상북도,청도군,68,52
202305,경상북도,청도군,69,51
202305,경상북도,청도군,70,40
202305,경상북도,청도군,71,43
202305,경상북도,청도군,72,36
202305,경상북도,청도군,73,43
202305,경상북도,청도군,74,46
202305,경상북도,청도군,75,41
202305,경상북도,청도군,76,37
202305,경상북도,청도군,77,29
202305,경상북도,청도군,78,25
202305,경상북도,청도군,79,39
202305,경상북도,청도군,80,42
202305,경상북도,청도군,81,48
202305,경상북도,청도군,82,37
202305,경상북도,청도군,83,45
202305,경상북도,청도군,84,65
202305,경상북도,청도군,85,52
202305,경상북도,청도군,86,43
202305,경상북도,청도군,87,35
202305,경상북도,청도군,88,39
202305,경상북도,청도군,89,25
202305,경상북도,청도군,90,21
202305,경상북도,청도군,91,24
202305,경상북도,청도군,92,14
202305,경상북도,청도군,93,9
202305,경상북도,청도군,94,9
202305,경상북도,청도군,95,9
202305,경상북도,청도군,96,3
202305,경상북도,청도군,97,3
202305,경상북도,청도군,98,1
202305,경상북도,청도군,99,4
202305,경상북도,청도군,100,2
202305,경상북도,고령군,0,1
202305,경상북도,고령군,1,8
202305,경상북도,고령군,2,3
202305,경상북도,고령군,3,2
202305,경상북도,고령군,4,5
202305,경상북도,고령군,5,4
202305,경상북도,고령군,6,12
202305,경상북도,고령군,7,16
202305,경상북도,고령군,8,12
202305,경상북도,고령군,9,15
202305,경상북도,고령군,10,14
202305,경상북도,고령군,11,14
202305,경상북도,고령군,12,20
202305,경상북도,고령군,13,16
202305,경상북도,고령군,14,25
202305,경상북도,고령군,15,25
202305,경상북도,고령군,16,22
202305,경상북도,고령군,17,22
202305,경상북도,고령군,18,11
202305,경상북도,고령군,19,12
202305,경상북도,고령군,20,11
202305,경상북도,고령군,21,13
202305,경상북도,고령군,22,13
202305,경상북도,고령군,23,11
202305,경상북도,고령군,24,9
202305,경상북도,고령군,25,7
202305,경상북도,고령군,26,3
202305,경상북도,고령군,27,5
202305,경상북도,고령군,28,2
202305,경상북도,고령군,29,2
202305,경상북도,고령군,30,3
202305,경상북도,고령군,31,4
202305,경상북도,고령군,32,2
202305,경상북도,고령군,33,9
202305,경상북도,고령군,34,8
202305,경상북도,고령군,35,3
202305,경상북도,고령군,36,2
202305,경상북도,고령군,37,8
202305,경상북도,고령군,38,7
202305,경상북도,고령군,39,7
202305,경상북도,고령군,40,12
202305,경상북도,고령군,41,8
202305,경상북도,고령군,42,17
202305,경상북도,고령군,43,10
202305,경상북도,고령군,44,11
202305,경상북도,고령군,45,16
202305,경상북도,고령군,46,13
202305,경상북도,고령군,47,16
202305,경상북도,고령군,48,13
202305,경상북도,고령군,49,16
202305,경상북도,고령군,50,21
202305,경상북도,고령군,51,27
202305,경상북도,고령군,52,27
202305,경상북도,고령군,53,30
202305,경상북도,고령군,54,34
202305,경상북도,고령군,55,23
202305,경상북도,고령군,56,19
202305,경상북도,고령군,57,17
202305,경상북도,고령군,58,25
202305,경상북도,고령군,59,25
202305,경상북도,고령군,60,51
202305,경상북도,고령군,61,34
202305,경상북도,고령군,62,42
202305,경상북도,고령군,63,47
202305,경상북도,고령군,64,32
202305,경상북도,고령군,65,35
202305,경상북도,고령군,66,55
202305,경상북도,고령군,67,48
202305,경상북도,고령군,68,38
202305,경상북도,고령군,69,36
202305,경상북도,고령군,70,52
202305,경상북도,고령군,71,46
202305,경상북도,고령군,72,41
202305,경상북도,고령군,73,48
202305,경상북도,고령군,74,40
202305,경상북도,고령군,75,32
202305,경상북도,고령군,76,32
202305,경상북도,고령군,77,18
202305,경상북도,고령군,78,39
202305,경상북도,고령군,79,46
202305,경상북도,고령군,80,37
202305,경상북도,고령군,81,41
202305,경상북도,고령군,82,31
202305,경상북도,고령군,83,42
202305,경상북도,고령군,84,46
202305,경상북도,고령군,85,24
202305,경상북도,고령군,86,37
202305,경상북도,고령군,87,38
202305,경상북도,고령군,88,27
202305,경상북도,고령군,89,28
202305,경상북도,고령군,90,17
202305,경상북도,고령군,91,13
202305,경상북도,고령군,92,15
202305,경상북도,고령군,93,4
202305,경상북도,고령군,94,6
202305,경상북도,고령군,95,4
202305,경상북도,고령군,96,1
202305,경상북도,고령군,98,3
202305,경상북도,고령군,99,1
202305,경상북도,성주군,1,2
202305,경상북도,성주군,2,1
202305,경상북도,성주군,3,2
202305,경상북도,성주군,4,5
202305,경상북도,성주군,5,6
202305,경상북도,성주군,6,11
202305,경상북도,성주군,7,11
202305,경상북도,성주군,8,12
202305,경상북도,성주군,9,15
202305,경상북도,성주군,10,28
202305,경상북도,성주군,11,26
202305,경상북도,성주군,12,27
202305,경상북도,성주군,13,18
202305,경상북도,성주군,14,31
202305,경상북도,성주군,15,35
202305,경상북도,성주군,16,24
202305,경상북도,성주군,17,20
202305,경상북도,성주군,18,17
202305,경상북도,성주군,19,10
202305,경상북도,성주군,20,13
202305,경상북도,성주군,21,11
202305,경상북도,성주군,22,9
202305,경상북도,성주군,23,7
202305,경상북도,성주군,24,8
202305,경상북도,성주군,25,3
202305,경상북도,성주군,26,10
202305,경상북도,성주군,28,3
202305,경상북도,성주군,29,5
202305,경상북도,성주군,30,2
202305,경상북도,성주군,31,8
202305,경상북도,성주군,32,9
202305,경상북도,성주군,33,5
202305,경상북도,성주군,34,7
202305,경상북도,성주군,35,10
202305,경상북도,성주군,36,8
202305,경상북도,성주군,37,8
202305,경상북도,성주군,38,15
202305,경상북도,성주군,39,6
202305,경상북도,성주군,40,15
202305,경상북도,성주군,41,14
202305,경상북도,성주군,42,13
202305,경상북도,성주군,43,19
202305,경상북도,성주군,44,18
202305,경상북도,성주군,45,18
202305,경상북도,성주군,46,22
202305,경상북도,성주군,47,20
202305,경상북도,성주군,48,18
202305,경상북도,성주군,49,17
202305,경상북도,성주군,50,22
202305,경상북도,성주군,51,26
202305,경상북도,성주군,52,24
202305,경상북도,성주군,53,37
202305,경상북도,성주군,54,25
202305,경상북도,성주군,55,24
202305,경상북도,성주군,56,50
202305,경상북도,성주군,57,30
202305,경상북도,성주군,58,43
202305,경상북도,성주군,59,39
202305,경상북도,성주군,60,39
202305,경상북도,성주군,61,55
202305,경상북도,성주군,62,39
202305,경상북도,성주군,63,49
202305,경상북도,성주군,64,59
202305,경상북도,성주군,65,46
202305,경상북도,성주군,66,56
202305,경상북도,성주군,67,54
202305,경상북도,성주군,68,48
202305,경상북도,성주군,69,46
202305,경상북도,성주군,70,53
202305,경상북도,성주군,71,55
202305,경상북도,성주군,72,35
202305,경상북도,성주군,73,42
202305,경상북도,성주군,74,41
202305,경상북도,성주군,75,38
202305,경상북도,성주군,76,41
202305,경상북도,성주군,77,18
202305,경상북도,성주군,78,25
202305,경상북도,성주군,79,38
202305,경상북도,성주군,80,62
202305,경상북도,성주군,81,40
202305,경상북도,성주군,82,43
202305,경상북도,성주군,83,43
202305,경상북도,성주군,84,42
202305,경상북도,성주군,85,34
202305,경상북도,성주군,86,36
202305,경상북도,성주군,87,50
202305,경상북도,성주군,88,37
202305,경상북도,성주군,89,28
202305,경상북도,성주군,90,17
202305,경상북도,성주군,91,26
202305,경상북도,성주군,92,21
202305,경상북도,성주군,93,13
202305,경상북도,성주군,94,9
202305,경상북도,성주군,95,6
202305,경상북도,성주군,96,8
202305,경상북도,성주군,97,2
202305,경상북도,성주군,98,3
202305,경상북도,성주군,99,1
202305,경상북도,성주군,101,3
202305,경상북도,성주군,104,1
202305,경상북도,칠곡군,0,10
202305,경상북도,칠곡군,1,16
202305,경상북도,칠곡군,2,20
202305,경상북도,칠곡군,3,22
202305,경상북도,칠곡군,4,30
202305,경상북도,칠곡군,5,35
202305,경상북도,칠곡군,6,56
202305,경상북도,칠곡군,7,62
202305,경상북도,칠곡군,8,76
202305,경상북도,칠곡군,9,79
202305,경상북도,칠곡군,10,86
202305,경상북도,칠곡군,11,102
202305,경상북도,칠곡군,12,95
202305,경상북도,칠곡군,13,83
202305,경상북도,칠곡군,14,110
202305,경상북도,칠곡군,15,123
202305,경상북도,칠곡군,16,98
202305,경상북도,칠곡군,17,105
202305,경상북도,칠곡군,18,74
202305,경상북도,칠곡군,19,44
202305,경상북도,칠곡군,20,41
202305,경상북도,칠곡군,21,42
202305,경상북도,칠곡군,22,47
202305,경상북도,칠곡군,23,23
202305,경상북도,칠곡군,24,38
202305,경상북도,칠곡군,25,20
202305,경상북도,칠곡군,26,22
202305,경상북도,칠곡군,27,19
202305,경상북도,칠곡군,28,24
202305,경상북도,칠곡군,29,18
202305,경상북도,칠곡군,30,17
202305,경상북도,칠곡군,31,32
202305,경상북도,칠곡군,32,28
202305,경상북도,칠곡군,33,21
202305,경상북도,칠곡군,34,37
202305,경상북도,칠곡군,35,28
202305,경상북도,칠곡군,36,40
202305,경상북도,칠곡군,37,38
202305,경상북도,칠곡군,38,46
202305,경상북도,칠곡군,39,48
202305,경상북도,칠곡군,40,55
202305,경상북도,칠곡군,41,72
202305,경상북도,칠곡군,42,51
202305,경상북도,칠곡군,43,72
202305,경상북도,칠곡군,44,65
202305,경상북도,칠곡군,45,68
202305,경상북도,칠곡군,46,64
202305,경상북도,칠곡군,47,84
202305,경상북도,칠곡군,48,78
202305,경상북도,칠곡군,49,98
202305,경상북도,칠곡군,50,72
202305,경상북도,칠곡군,51,92
202305,경상북도,칠곡군,52,88
202305,경상북도,칠곡군,53,89
202305,경상북도,칠곡군,54,109
202305,경상북도,칠곡군,55,78
202305,경상북도,칠곡군,56,91
202305,경상북도,칠곡군,57,87
202305,경상북도,칠곡군,58,89
202305,경상북도,칠곡군,59,71
202305,경상북도,칠곡군,60,93
202305,경상북도,칠곡군,61,110
202305,경상북도,칠곡군,62,111
202305,경상북도,칠곡군,63,96
202305,경상북도,칠곡군,64,85
202305,경상북도,칠곡군,65,82
202305,경상북도,칠곡군,66,105
202305,경상북도,칠곡군,67,86
202305,경상북도,칠곡군,68,108
202305,경상북도,칠곡군,69,103
202305,경상북도,칠곡군,70,98
202305,경상북도,칠곡군,71,78
202305,경상북도,칠곡군,72,64
202305,경상북도,칠곡군,73,75
202305,경상북도,칠곡군,74,78
202305,경상북도,칠곡군,75,74
202305,경상북도,칠곡군,76,87
202305,경상북도,칠곡군,77,47
202305,경상북도,칠곡군,78,76
202305,경상북도,칠곡군,79,77
202305,경상북도,칠곡군,80,81
202305,경상북도,칠곡군,81,78
202305,경상북도,칠곡군,82,73
202305,경상북도,칠곡군,83,78
202305,경상북도,칠곡군,84,69
202305,경상북도,칠곡군,85,68
202305,경상북도,칠곡군,86,62
202305,경상북도,칠곡군,87,58
202305,경상북도,칠곡군,88,43
202305,경상북도,칠곡군,89,39
202305,경상북도,칠곡군,90,32
202305,경상북도,칠곡군,91,20
202305,경상북도,칠곡군,92,12
202305,경상북도,칠곡군,93,20
202305,경상북도,칠곡군,94,14
202305,경상북도,칠곡군,95,8
202305,경상북도,칠곡군,96,5
202305,경상북도,칠곡군,97,4
202305,경상북도,칠곡군,98,2
202305,경상북도,칠곡군,99,3
202305,경상북도,칠곡군,100,2
202305,경상북도,칠곡군,101,2
202305,경상북도,칠곡군,102,2
202305,경상북도,칠곡군,107,1
202305,경상북도,예천군,0,2
202305,경상북도,예천군,1,4
202305,경상북도,예천군,2,12
202305,경상북도,예천군,3,10
202305,경상북도,예천군,4,11
202305,경상북도,예천군,5,10
202305,경상북도,예천군,6,11
202305,경상북도,예천군,7,25
202305,경상북도,예천군,8,26
202305,경상북도,예천군,9,34
202305,경상북도,예천군,10,28
202305,경상북도,예천군,11,25
202305,경상북도,예천군,12,33
202305,경상북도,예천군,13,30
202305,경상북도,예천군,14,38
202305,경상북도,예천군,15,33
202305,경상북도,예천군,16,29
202305,경상북도,예천군,17,29
202305,경상북도,예천군,18,23
202305,경상북도,예천군,19,19
202305,경상북도,예천군,20,15
202305,경상북도,예천군,21,22
202305,경상북도,예천군,22,13
202305,경상북도,예천군,23,9
202305,경상북도,예천군,24,12
202305,경상북도,예천군,25,10
202305,경상북도,예천군,26,11
202305,경상북도,예천군,27,8
202305,경상북도,예천군,28,10
202305,경상북도,예천군,29,9
202305,경상북도,예천군,30,8
202305,경상북도,예천군,31,12
202305,경상북도,예천군,32,9
202305,경상북도,예천군,33,15
202305,경상북도,예천군,34,11
202305,경상북도,예천군,35,10
202305,경상북도,예천군,36,14
202305,경상북도,예천군,37,15
202305,경상북도,예천군,38,11
202305,경상북도,예천군,39,12
202305,경상북도,예천군,40,15
202305,경상북도,예천군,41,15
202305,경상북도,예천군,42,19
202305,경상북도,예천군,43,20
202305,경상북도,예천군,44,21
202305,경상북도,예천군,45,28
202305,경상북도,예천군,46,27
202305,경상북도,예천군,47,27
202305,경상북도,예천군,48,30
202305,경상북도,예천군,49,36
202305,경상북도,예천군,50,23
202305,경상북도,예천군,51,41
202305,경상북도,예천군,52,34
202305,경상북도,예천군,53,36
202305,경상북도,예천군,54,31
202305,경상북도,예천군,55,25
202305,경상북도,예천군,56,27
202305,경상북도,예천군,57,36
202305,경상북도,예천군,58,52
202305,경상북도,예천군,59,50
202305,경상북도,예천군,60,47
202305,경상북도,예천군,61,59
202305,경상북도,예천군,62,70
202305,경상북도,예천군,63,66
202305,경상북도,예천군,64,47
202305,경상북도,예천군,65,53
202305,경상북도,예천군,66,53
202305,경상북도,예천군,67,54
202305,경상북도,예천군,68,58
202305,경상북도,예천군,69,55
202305,경상북도,예천군,70,51
202305,경상북도,예천군,71,45
202305,경상북도,예천군,72,36
202305,경상북도,예천군,73,45
202305,경상북도,예천군,74,46
202305,경상북도,예천군,75,47
202305,경상북도,예천군,76,52
202305,경상북도,예천군,77,21
202305,경상북도,예천군,78,52
202305,경상북도,예천군,79,55
202305,경상북도,예천군,80,64
202305,경상북도,예천군,81,72
202305,경상북도,예천군,82,49
202305,경상북도,예천군,83,65
202305,경상북도,예천군,84,66
202305,경상북도,예천군,85,56
202305,경상북도,예천군,86,63
202305,경상북도,예천군,87,61
202305,경상북도,예천군,88,65
202305,경상북도,예천군,89,52
202305,경상북도,예천군,90,36
202305,경상북도,예천군,91,30
202305,경상북도,예천군,92,16
202305,경상북도,예천군,93,20
202305,경상북도,예천군,94,17
202305,경상북도,예천군,95,6
202305,경상북도,예천군,96,10
202305,경상북도,예천군,97,4
202305,경상북도,예천군,98,5
202305,경상북도,예천군,99,2
202305,경상북도,예천군,100,3
202305,경상북도,예천군,101,1
202305,경상북도,예천군,104,1
202305,경상북도,예천군,107,1
202305,경상북도,봉화군,1,1
202305,경상북도,봉화군,3,4
202305,경상북도,봉화군,4,2
202305,경상북도,봉화군,5,5
202305,경상북도,봉화군,6,4
202305,경상북도,봉화군,7,7
202305,경상북도,봉화군,8,10
202305,경상북도,봉화군,9,9
202305,경상북도,봉화군,10,7
202305,경상북도,봉화군,11,11
202305,경상북도,봉화군,12,11
202305,경상북도,봉화군,13,16
202305,경상북도,봉화군,14,10
202305,경상북도,봉화군,15,18
202305,경상북도,봉화군,16,24
202305,경상북도,봉화군,17,22
202305,경상북도,봉화군,18,12
202305,경상북도,봉화군,19,12
202305,경상북도,봉화군,20,8
202305,경상북도,봉화군,21,12
202305,경상북도,봉화군,22,5
202305,경상북도,봉화군,23,8
202305,경상북도,봉화군,24,5
202305,경상북도,봉화군,25,4
202305,경상북도,봉화군,26,1
202305,경상북도,봉화군,27,1
202305,경상북도,봉화군,28,7
202305,경상북도,봉화군,29,4
202305,경상북도,봉화군,30,3
202305,경상북도,봉화군,31,3
202305,경상북도,봉화군,32,4
202305,경상북도,봉화군,33,4
202305,경상북도,봉화군,34,2
202305,경상북도,봉화군,35,3
202305,경상북도,봉화군,36,5
202305,경상북도,봉화군,37,5
202305,경상북도,봉화군,38,4
202305,경상북도,봉화군,39,6
202305,경상북도,봉화군,40,7
202305,경상북도,봉화군,41,10
202305,경상북도,봉화군,42,4
202305,경상북도,봉화군,43,12
202305,경상북도,봉화군,44,9
202305,경상북도,봉화군,45,11
202305,경상북도,봉화군,46,13
202305,경상북도,봉화군,47,15
202305,경상북도,봉화군,48,20
202305,경상북도,봉화군,49,18
202305,경상북도,봉화군,50,19
202305,경상북도,봉화군,51,26
202305,경상북도,봉화군,52,14
202305,경상북도,봉화군,53,30
202305,경상북도,봉화군,54,27
202305,경상북도,봉화군,55,29
202305,경상북도,봉화군,56,25
202305,경상북도,봉화군,57,37
202305,경상북도,봉화군,58,31
202305,경상북도,봉화군,59,22
202305,경상북도,봉화군,60,37
202305,경상북도,봉화군,61,43
202305,경상북도,봉화군,62,32
202305,경상북도,봉화군,63,36
202305,경상북도,봉화군,64,35
202305,경상북도,봉화군,65,39
202305,경상북도,봉화군,66,26
202305,경상북도,봉화군,67,35
202305,경상북도,봉화군,68,42
202305,경상북도,봉화군,69,32
202305,경상북도,봉화군,70,26
202305,경상북도,봉화군,71,35
202305,경상북도,봉화군,72,25
202305,경상북도,봉화군,73,25
202305,경상북도,봉화군,74,29
202305,경상북도,봉화군,75,30
202305,경상북도,봉화군,76,39
202305,경상북도,봉화군,77,9
202305,경상북도,봉화군,78,23
202305,경상북도,봉화군,79,43
202305,경상북도,봉화군,80,49
202305,경상북도,봉화군,81,39
202305,경상북도,봉화군,82,37
202305,경상북도,봉화군,83,34
202305,경상북도,봉화군,84,36
202305,경상북도,봉화군,85,37
202305,경상북도,봉화군,86,33
202305,경상북도,봉화군,87,46
202305,경상북도,봉화군,88,32
202305,경상북도,봉화군,89,22
202305,경상북도,봉화군,90,20
202305,경상북도,봉화군,91,20
202305,경상북도,봉화군,92,19
202305,경상북도,봉화군,93,8
202305,경상북도,봉화군,94,7
202305,경상북도,봉화군,95,3
202305,경상북도,봉화군,96,5
202305,경상북도,봉화군,97,2
202305,경상북도,봉화군,98,3
202305,경상북도,봉화군,100,2
202305,경상북도,봉화군,101,1
202305,경상북도,봉화군,102,1
202305,경상북도,봉화군,105,1
202305,경상북도,봉화군,107,1
202305,경상북도,봉화군,115,1
202305,경상북도,울진군,0,1
202305,경상북도,울진군,1,1
202305,경상북도,울진군,2,2
202305,경상북도,울진군,3,1
202305,경상북도,울진군,4,2
202305,경상북도,울진군,5,5
202305,경상북도,울진군,6,9
202305,경상북도,울진군,7,13
202305,경상북도,울진군,8,17
202305,경상북도,울진군,9,12
202305,경상북도,울진군,10,24
202305,경상북도,울진군,11,16
202305,경상북도,울진군,12,22
202305,경상북도,울진군,13,22
202305,경상북도,울진군,14,26
202305,경상북도,울진군,15,26
202305,경상북도,울진군,16,21
202305,경상북도,울진군,17,23
202305,경상북도,울진군,18,16
202305,경상북도,울진군,19,14
202305,경상북도,울진군,20,10
202305,경상북도,울진군,21,25
202305,경상북도,울진군,22,12
202305,경상북도,울진군,23,13
202305,경상북도,울진군,24,6
202305,경상북도,울진군,25,6
202305,경상북도,울진군,26,5
202305,경상북도,울진군,27,6
202305,경상북도,울진군,28,7
202305,경상북도,울진군,29,7
202305,경상북도,울진군,30,4
202305,경상북도,울진군,31,11
202305,경상북도,울진군,32,6
202305,경상북도,울진군,33,7
202305,경상북도,울진군,34,6
202305,경상북도,울진군,35,9
202305,경상북도,울진군,36,13
202305,경상북도,울진군,37,8
202305,경상북도,울진군,38,11
202305,경상북도,울진군,39,10
202305,경상북도,울진군,40,15
202305,경상북도,울진군,41,10
202305,경상북도,울진군,42,17
202305,경상북도,울진군,43,21
202305,경상북도,울진군,44,24
202305,경상북도,울진군,45,17
202305,경상북도,울진군,46,24
202305,경상북도,울진군,47,24
202305,경상북도,울진군,48,16
202305,경상북도,울진군,49,30
202305,경상북도,울진군,50,32
202305,경상북도,울진군,51,35
202305,경상북도,울진군,52,36
202305,경상북도,울진군,53,33
202305,경상북도,울진군,54,47
202305,경상북도,울진군,55,46
202305,경상북도,울진군,56,59
202305,경상북도,울진군,57,59
202305,경상북도,울진군,58,43
202305,경상북도,울진군,59,50
202305,경상북도,울진군,60,50
202305,경상북도,울진군,61,57
202305,경상북도,울진군,62,74
202305,경상북도,울진군,63,69
202305,경상북도,울진군,64,51
202305,경상북도,울진군,65,66
202305,경상북도,울진군,66,66
202305,경상북도,울진군,67,59
202305,경상북도,울진군,68,62
202305,경상북도,울진군,69,70
202305,경상북도,울진군,70,58
202305,경상북도,울진군,71,59
202305,경상북도,울진군,72,55
202305,경상북도,울진군,73,70
202305,경상북도,울진군,74,64
202305,경상북도,울진군,75,69
202305,경상북도,울진군,76,69
202305,경상북도,울진군,77,38
202305,경상북도,울진군,78,63
202305,경상북도,울진군,79,63
202305,경상북도,울진군,80,99
202305,경상북도,울진군,81,75
202305,경상북도,울진군,82,88
202305,경상북도,울진군,83,72
202305,경상북도,울진군,84,82
202305,경상북도,울진군,85,75
202305,경상북도,울진군,86,72
202305,경상북도,울진군,87,64
202305,경상북도,울진군,88,58
202305,경상북도,울진군,89,30
202305,경상북도,울진군,90,45
202305,경상북도,울진군,91,31
202305,경상북도,울진군,92,34
202305,경상북도,울진군,93,15
202305,경상북도,울진군,94,14
202305,경상북도,울진군,95,11
202305,경상북도,울진군,96,11
202305,경상북도,울진군,97,6
202305,경상북도,울진군,98,6
202305,경상북도,울진군,99,4
202305,경상북도,울진군,100,1
202305,경상북도,울진군,103,1
202305,경상북도,울진군,106,1
202305,경상북도,울릉군,1,1
202305,경상북도,울릉군,2,1
202305,경상북도,울릉군,3,1
202305,경상북도,울릉군,4,1
202305,경상북도,울릉군,5,1
202305,경상북도,울릉군,7,1
202305,경상북도,울릉군,8,1
202305,경상북도,울릉군,12,1
202305,경상북도,울릉군,13,2
202305,경상북도,울릉군,14,2
202305,경상북도,울릉군,15,3
202305,경상북도,울릉군,16,8
202305,경상북도,울릉군,17,2
202305,경상북도,울릉군,18,3
202305,경상북도,울릉군,19,3
202305,경상북도,울릉군,20,1
202305,경상북도,울릉군,22,3
202305,경상북도,울릉군,26,1
202305,경상북도,울릉군,28,1
202305,경상북도,울릉군,29,1
202305,경상북도,울릉군,32,1
202305,경상북도,울릉군,34,2
202305,경상북도,울릉군,35,1
202305,경상북도,울릉군,39,2
202305,경상북도,울릉군,40,1
202305,경상북도,울릉군,41,2
202305,경상북도,울릉군,42,2
202305,경상북도,울릉군,43,1
202305,경상북도,울릉군,44,2
202305,경상북도,울릉군,45,1
202305,경상북도,울릉군,47,1
202305,경상북도,울릉군,48,2
202305,경상북도,울릉군,49,2
202305,경상북도,울릉군,50,3
202305,경상북도,울릉군,51,2
202305,경상북도,울릉군,52,5
202305,경상북도,울릉군,53,2
202305,경상북도,울릉군,54,4
202305,경상북도,울릉군,55,3
202305,경상북도,울릉군,56,6
202305,경상북도,울릉군,57,5
202305,경상북도,울릉군,58,8
202305,경상북도,울릉군,59,2
202305,경상북도,울릉군,60,8
202305,경상북도,울릉군,61,6
202305,경상북도,울릉군,62,9
202305,경상북도,울릉군,63,6
202305,경상북도,울릉군,64,7
202305,경상북도,울릉군,65,7
202305,경상북도,울릉군,66,10
202305,경상북도,울릉군,67,7
202305,경상북도,울릉군,68,10
202305,경상북도,울릉군,69,4
202305,경상북도,울릉군,70,6
202305,경상북도,울릉군,71,12
202305,경상북도,울릉군,72,6
202305,경상북도,울릉군,73,4
202305,경상북도,울릉군,74,8
202305,경상북도,울릉군,75,5
202305,경상북도,울릉군,76,11
202305,경상북도,울릉군,77,3
202305,경상북도,울릉군,78,5
202305,경상북도,울릉군,79,12
202305,경상북도,울릉군,80,11
202305,경상북도,울릉군,81,10
202305,경상북도,울릉군,82,11
202305,경상북도,울릉군,83,8
202305,경상북도,울릉군,84,6
202305,경상북도,울릉군,85,5
202305,경상북도,울릉군,86,9
202305,경상북도,울릉군,87,6
202305,경상북도,울릉군,88,6
202305,경상북도,울릉군,89,5
202305,경상북도,울릉군,90,1
202305,경상북도,울릉군,91,3
202305,경상북도,울릉군,92,2
202305,경상북도,울릉군,94,4
202305,경상남도,창원시,0,37
202305,경상남도,창원시,1,79
202305,경상남도,창원시,2,96
202305,경상남도,창원시,3,109
202305,경상남도,창원시,4,153
202305,경상남도,창원시,5,170
202305,경상남도,창원시,6,263
202305,경상남도,창원시,7,358
202305,경상남도,창원시,8,424
202305,경상남도,창원시,9,460
202305,경상남도,창원시,10,506
202305,경상남도,창원시,11,580
202305,경상남도,창원시,12,611
202305,경상남도,창원시,13,609
202305,경상남도,창원시,14,620
202305,경상남도,창원시,15,701
202305,경상남도,창원시,16,664
202305,경상남도,창원시,17,631
202305,경상남도,창원시,18,500
202305,경상남도,창원시,19,397
202305,경상남도,창원시,20,343
202305,경상남도,창원시,21,293
202305,경상남도,창원시,22,352
202305,경상남도,창원시,23,309
202305,경상남도,창원시,24,253
202305,경상남도,창원시,25,184
202305,경상남도,창원시,26,171
202305,경상남도,창원시,27,143
202305,경상남도,창원시,28,141
202305,경상남도,창원시,29,125
202305,경상남도,창원시,30,143
202305,경상남도,창원시,31,163
202305,경상남도,창원시,32,186
202305,경상남도,창원시,33,172
202305,경상남도,창원시,34,166
202305,경상남도,창원시,35,190
202305,경상남도,창원시,36,210
202305,경상남도,창원시,37,245
202305,경상남도,창원시,38,264
202305,경상남도,창원시,39,273
202305,경상남도,창원시,40,350
202305,경상남도,창원시,41,418
202305,경상남도,창원시,42,442
202305,경상남도,창원시,43,454
202305,경상남도,창원시,44,429
202305,경상남도,창원시,45,439
202305,경상남도,창원시,46,456
202305,경상남도,창원시,47,483
202305,경상남도,창원시,48,508
202305,경상남도,창원시,49,603
202305,경상남도,창원시,50,640
202305,경상남도,창원시,51,611
202305,경상남도,창원시,52,677
202305,경상남도,창원시,53,656
202305,경상남도,창원시,54,699
202305,경상남도,창원시,55,655
202305,경상남도,창원시,56,709
202305,경상남도,창원시,57,685
202305,경상남도,창원시,58,696
202305,경상남도,창원시,59,670
202305,경상남도,창원시,60,850
202305,경상남도,창원시,61,774
202305,경상남도,창원시,62,994
202305,경상남도,창원시,63,917
202305,경상남도,창원시,64,887
202305,경상남도,창원시,65,1026
202305,경상남도,창원시,66,1080
202305,경상남도,창원시,67,1082
202305,경상남도,창원시,68,1112
202305,경상남도,창원시,69,855
202305,경상남도,창원시,70,843
202305,경상남도,창원시,71,853
202305,경상남도,창원시,72,770
202305,경상남도,창원시,73,778
202305,경상남도,창원시,74,701
202305,경상남도,창원시,75,707
202305,경상남도,창원시,76,648
202305,경상남도,창원시,77,458
202305,경상남도,창원시,78,637
202305,경상남도,창원시,79,555
202305,경상남도,창원시,80,699
202305,경상남도,창원시,81,645
202305,경상남도,창원시,82,573
202305,경상남도,창원시,83,549
202305,경상남도,창원시,84,505
202305,경상남도,창원시,85,431
202305,경상남도,창원시,86,420
202305,경상남도,창원시,87,370
202305,경상남도,창원시,88,310
202305,경상남도,창원시,89,252
202305,경상남도,창원시,90,166
202305,경상남도,창원시,91,176
202305,경상남도,창원시,92,130
202305,경상남도,창원시,93,102
202305,경상남도,창원시,94,85
202305,경상남도,창원시,95,39
202305,경상남도,창원시,96,29
202305,경상남도,창원시,97,26
202305,경상남도,창원시,98,14
202305,경상남도,창원시,99,9
202305,경상남도,창원시,100,7
202305,경상남도,창원시,101,3
202305,경상남도,창원시,102,3
202305,경상남도,창원시,103,2
202305,경상남도,창원시,104,2
202305,경상남도,진주시,0,10
202305,경상남도,진주시,1,26
202305,경상남도,진주시,2,30
202305,경상남도,진주시,3,50
202305,경상남도,진주시,4,52
202305,경상남도,진주시,5,75
202305,경상남도,진주시,6,104
202305,경상남도,진주시,7,151
202305,경상남도,진주시,8,156
202305,경상남도,진주시,9,216
202305,경상남도,진주시,10,201
202305,경상남도,진주시,11,228
202305,경상남도,진주시,12,249
202305,경상남도,진주시,13,242
202305,경상남도,진주시,14,246
202305,경상남도,진주시,15,288
202305,경상남도,진주시,16,276
202305,경상남도,진주시,17,254
202305,경상남도,진주시,18,191
202305,경상남도,진주시,19,161
202305,경상남도,진주시,20,136
202305,경상남도,진주시,21,129
202305,경상남도,진주시,22,127
202305,경상남도,진주시,23,122
202305,경상남도,진주시,24,94
202305,경상남도,진주시,25,84
202305,경상남도,진주시,26,56
202305,경상남도,진주시,27,51
202305,경상남도,진주시,28,38
202305,경상남도,진주시,29,38
202305,경상남도,진주시,30,40
202305,경상남도,진주시,31,46
202305,경상남도,진주시,32,56
202305,경상남도,진주시,33,55
202305,경상남도,진주시,34,58
202305,경상남도,진주시,35,73
202305,경상남도,진주시,36,72
202305,경상남도,진주시,37,87
202305,경상남도,진주시,38,99
202305,경상남도,진주시,39,103
202305,경상남도,진주시,40,134
202305,경상남도,진주시,41,136
202305,경상남도,진주시,42,160
202305,경상남도,진주시,43,170
202305,경상남도,진주시,44,147
202305,경상남도,진주시,45,144
202305,경상남도,진주시,46,164
202305,경상남도,진주시,47,165
202305,경상남도,진주시,48,200
202305,경상남도,진주시,49,235
202305,경상남도,진주시,50,255
202305,경상남도,진주시,51,257
202305,경상남도,진주시,52,281
202305,경상남도,진주시,53,292
202305,경상남도,진주시,54,298
202305,경상남도,진주시,55,275
202305,경상남도,진주시,56,256
202305,경상남도,진주시,57,283
202305,경상남도,진주시,58,268
202305,경상남도,진주시,59,231
202305,경상남도,진주시,60,297
202305,경상남도,진주시,61,292
202305,경상남도,진주시,62,377
202305,경상남도,진주시,63,321
202305,경상남도,진주시,64,292
202305,경상남도,진주시,65,329
202305,경상남도,진주시,66,319
202305,경상남도,진주시,67,311
202305,경상남도,진주시,68,347
202305,경상남도,진주시,69,281
202305,경상남도,진주시,70,263
202305,경상남도,진주시,71,269
202305,경상남도,진주시,72,236
202305,경상남도,진주시,73,252
202305,경상남도,진주시,74,251
202305,경상남도,진주시,75,236
202305,경상남도,진주시,76,232
202305,경상남도,진주시,77,174
202305,경상남도,진주시,78,207
202305,경상남도,진주시,79,222
202305,경상남도,진주시,80,252
202305,경상남도,진주시,81,250
202305,경상남도,진주시,82,218
202305,경상남도,진주시,83,217
202305,경상남도,진주시,84,220
202305,경상남도,진주시,85,184
202305,경상남도,진주시,86,162
202305,경상남도,진주시,87,150
202305,경상남도,진주시,88,121
202305,경상남도,진주시,89,102
202305,경상남도,진주시,90,106
202305,경상남도,진주시,91,72
202305,경상남도,진주시,92,49
202305,경상남도,진주시,93,45
202305,경상남도,진주시,94,39
202305,경상남도,진주시,95,26
202305,경상남도,진주시,96,9
202305,경상남도,진주시,97,7
202305,경상남도,진주시,98,10
202305,경상남도,진주시,99,4
202305,경상남도,진주시,100,6
202305,경상남도,진주시,101,4
202305,경상남도,진주시,105,1
202305,경상남도,진주시,110,1
202305,경상남도,통영시,0,10
202305,경상남도,통영시,1,17
202305,경상남도,통영시,2,23
202305,경상남도,통영시,3,27
202305,경상남도,통영시,4,33
202305,경상남도,통영시,5,34
202305,경상남도,통영시,6,76
202305,경상남도,통영시,7,81
202305,경상남도,통영시,8,104
202305,경상남도,통영시,9,106
202305,경상남도,통영시,10,134
202305,경상남도,통영시,11,146
202305,경상남도,통영시,12,165
202305,경상남도,통영시,13,154
202305,경상남도,통영시,14,178
202305,경상남도,통영시,15,185
202305,경상남도,통영시,16,163
202305,경상남도,통영시,17,161
202305,경상남도,통영시,18,111
202305,경상남도,통영시,19,104
202305,경상남도,통영시,20,88
202305,경상남도,통영시,21,81
202305,경상남도,통영시,22,91
202305,경상남도,통영시,23,65
202305,경상남도,통영시,24,38
202305,경상남도,통영시,25,43
202305,경상남도,통영시,26,22
202305,경상남도,통영시,27,23
202305,경상남도,통영시,28,18
202305,경상남도,통영시,29,19
202305,경상남도,통영시,30,25
202305,경상남도,통영시,31,29
202305,경상남도,통영시,32,22
202305,경상남도,통영시,33,27
202305,경상남도,통영시,34,26
202305,경상남도,통영시,35,39
202305,경상남도,통영시,36,40
202305,경상남도,통영시,37,55
202305,경상남도,통영시,38,39
202305,경상남도,통영시,39,51
202305,경상남도,통영시,40,84
202305,경상남도,통영시,41,82
202305,경상남도,통영시,42,110
202305,경상남도,통영시,43,103
202305,경상남도,통영시,44,85
202305,경상남도,통영시,45,88
202305,경상남도,통영시,46,90
202305,경상남도,통영시,47,114
202305,경상남도,통영시,48,120
202305,경상남도,통영시,49,148
202305,경상남도,통영시,50,149
202305,경상남도,통영시,51,138
202305,경상남도,통영시,52,113
202305,경상남도,통영시,53,135
202305,경상남도,통영시,54,150
202305,경상남도,통영시,55,132
202305,경상남도,통영시,56,157
202305,경상남도,통영시,57,141
202305,경상남도,통영시,58,164
202305,경상남도,통영시,59,136
202305,경상남도,통영시,60,166
202305,경상남도,통영시,61,178
202305,경상남도,통영시,62,219
202305,경상남도,통영시,63,219
202305,경상남도,통영시,64,179
202305,경상남도,통영시,65,176
202305,경상남도,통영시,66,203
202305,경상남도,통영시,67,214
202305,경상남도,통영시,68,211
202305,경상남도,통영시,69,149
202305,경상남도,통영시,70,176
202305,경상남도,통영시,71,155
202305,경상남도,통영시,72,176
202305,경상남도,통영시,73,178
202305,경상남도,통영시,74,166
202305,경상남도,통영시,75,158
202305,경상남도,통영시,76,146
202305,경상남도,통영시,77,76
202305,경상남도,통영시,78,154
202305,경상남도,통영시,79,107
202305,경상남도,통영시,80,154
202305,경상남도,통영시,81,143
202305,경상남도,통영시,82,135
202305,경상남도,통영시,83,120
202305,경상남도,통영시,84,119
202305,경상남도,통영시,85,89
202305,경상남도,통영시,86,67
202305,경상남도,통영시,87,82
202305,경상남도,통영시,88,61
202305,경상남도,통영시,89,46
202305,경상남도,통영시,90,46
202305,경상남도,통영시,91,32
202305,경상남도,통영시,92,23
202305,경상남도,통영시,93,21
202305,경상남도,통영시,94,13
202305,경상남도,통영시,95,10
202305,경상남도,통영시,96,11
202305,경상남도,통영시,97,5
202305,경상남도,통영시,98,1
202305,경상남도,통영시,99,2
202305,경상남도,통영시,100,1
202305,경상남도,통영시,101,3
202305,경상남도,통영시,102,2
202305,경상남도,통영시,103,1
202305,경상남도,사천시,0,4
202305,경상남도,사천시,1,10
202305,경상남도,사천시,2,12
202305,경상남도,사천시,3,17
202305,경상남도,사천시,4,12
202305,경상남도,사천시,5,26
202305,경상남도,사천시,6,41
202305,경상남도,사천시,7,47
202305,경상남도,사천시,8,68
202305,경상남도,사천시,9,62
202305,경상남도,사천시,10,66
202305,경상남도,사천시,11,85
202305,경상남도,사천시,12,97
202305,경상남도,사천시,13,84
202305,경상남도,사천시,14,88
202305,경상남도,사천시,15,98
202305,경상남도,사천시,16,100
202305,경상남도,사천시,17,88
202305,경상남도,사천시,18,80
202305,경상남도,사천시,19,60
202305,경상남도,사천시,20,42
202305,경상남도,사천시,21,29
202305,경상남도,사천시,22,39
202305,경상남도,사천시,23,25
202305,경상남도,사천시,24,27
202305,경상남도,사천시,25,26
202305,경상남도,사천시,26,16
202305,경상남도,사천시,27,13
202305,경상남도,사천시,28,14
202305,경상남도,사천시,29,14
202305,경상남도,사천시,30,20
202305,경상남도,사천시,31,17
202305,경상남도,사천시,32,18
202305,경상남도,사천시,33,22
202305,경상남도,사천시,34,18
202305,경상남도,사천시,35,21
202305,경상남도,사천시,36,27
202305,경상남도,사천시,37,25
202305,경상남도,사천시,38,30
202305,경상남도,사천시,39,35
202305,경상남도,사천시,40,49
202305,경상남도,사천시,41,43
202305,경상남도,사천시,42,49
202305,경상남도,사천시,43,57
202305,경상남도,사천시,44,66
202305,경상남도,사천시,45,55
202305,경상남도,사천시,46,69
202305,경상남도,사천시,47,59
202305,경상남도,사천시,48,73
202305,경상남도,사천시,49,79
202305,경상남도,사천시,50,91
202305,경상남도,사천시,51,79
202305,경상남도,사천시,52,93
202305,경상남도,사천시,53,89
202305,경상남도,사천시,54,109
202305,경상남도,사천시,55,97
202305,경상남도,사천시,56,95
202305,경상남도,사천시,57,115
202305,경상남도,사천시,58,92
202305,경상남도,사천시,59,77
202305,경상남도,사천시,60,140
202305,경상남도,사천시,61,131
202305,경상남도,사천시,62,139
202305,경상남도,사천시,63,127
202305,경상남도,사천시,64,121
202305,경상남도,사천시,65,123
202305,경상남도,사천시,66,139
202305,경상남도,사천시,67,128
202305,경상남도,사천시,68,156
202305,경상남도,사천시,69,108
202305,경상남도,사천시,70,98
202305,경상남도,사천시,71,133
202305,경상남도,사천시,72,107
202305,경상남도,사천시,73,115
202305,경상남도,사천시,74,102
202305,경상남도,사천시,75,113
202305,경상남도,사천시,76,103
202305,경상남도,사천시,77,82
202305,경상남도,사천시,78,93
202305,경상남도,사천시,79,86
202305,경상남도,사천시,80,119
202305,경상남도,사천시,81,104
202305,경상남도,사천시,82,104
202305,경상남도,사천시,83,94
202305,경상남도,사천시,84,78
202305,경상남도,사천시,85,91
202305,경상남도,사천시,86,69
202305,경상남도,사천시,87,75
202305,경상남도,사천시,88,48
202305,경상남도,사천시,89,52
202305,경상남도,사천시,90,46
202305,경상남도,사천시,91,36
202305,경상남도,사천시,92,25
202305,경상남도,사천시,93,14
202305,경상남도,사천시,94,13
202305,경상남도,사천시,95,7
202305,경상남도,사천시,96,4
202305,경상남도,사천시,97,8
202305,경상남도,사천시,98,4
202305,경상남도,사천시,100,2
202305,경상남도,사천시,105,1
202305,경상남도,김해시,0,41
202305,경상남도,김해시,1,54
202305,경상남도,김해시,2,83
202305,경상남도,김해시,3,99
202305,경상남도,김해시,4,119
202305,경상남도,김해시,5,128
202305,경상남도,김해시,6,219
202305,경상남도,김해시,7,253
202305,경상남도,김해시,8,270
202305,경상남도,김해시,9,309
202305,경상남도,김해시,10,350
202305,경상남도,김해시,11,372
202305,경상남도,김해시,12,433
202305,경상남도,김해시,13,401
202305,경상남도,김해시,14,443
202305,경상남도,김해시,15,494
202305,경상남도,김해시,16,467
202305,경상남도,김해시,17,444
202305,경상남도,김해시,18,353
202305,경상남도,김해시,19,299
202305,경상남도,김해시,20,231
202305,경상남도,김해시,21,213
202305,경상남도,김해시,22,197
202305,경상남도,김해시,23,211
202305,경상남도,김해시,24,166
202305,경상남도,김해시,25,164
202305,경상남도,김해시,26,106
202305,경상남도,김해시,27,102
202305,경상남도,김해시,28,101
202305,경상남도,김해시,29,79
202305,경상남도,김해시,30,102
202305,경상남도,김해시,31,111
202305,경상남도,김해시,32,101
202305,경상남도,김해시,33,113
202305,경상남도,김해시,34,104
202305,경상남도,김해시,35,128
202305,경상남도,김해시,36,116
202305,경상남도,김해시,37,154
202305,경상남도,김해시,38,153
202305,경상남도,김해시,39,169
202305,경상남도,김해시,40,232
202305,경상남도,김해시,41,237
202305,경상남도,김해시,42,262
202305,경상남도,김해시,43,304
202305,경상남도,김해시,44,267
202305,경상남도,김해시,45,312
202305,경상남도,김해시,46,269
202305,경상남도,김해시,47,299
202305,경상남도,김해시,48,353
202305,경상남도,김해시,49,385
202305,경상남도,김해시,50,406
202305,경상남도,김해시,51,388
202305,경상남도,김해시,52,435
202305,경상남도,김해시,53,434
202305,경상남도,김해시,54,438
202305,경상남도,김해시,55,427
202305,경상남도,김해시,56,398
202305,경상남도,김해시,57,406
202305,경상남도,김해시,58,411
202305,경상남도,김해시,59,355
202305,경상남도,김해시,60,470
202305,경상남도,김해시,61,459
202305,경상남도,김해시,62,507
202305,경상남도,김해시,63,490
202305,경상남도,김해시,64,412
202305,경상남도,김해시,65,512
202305,경상남도,김해시,66,498
202305,경상남도,김해시,67,495
202305,경상남도,김해시,68,490
202305,경상남도,김해시,69,416
202305,경상남도,김해시,70,454
202305,경상남도,김해시,71,427
202305,경상남도,김해시,72,354
202305,경상남도,김해시,73,397
202305,경상남도,김해시,74,371
202305,경상남도,김해시,75,412
202305,경상남도,김해시,76,359
202305,경상남도,김해시,77,227
202305,경상남도,김해시,78,337
202305,경상남도,김해시,79,353
202305,경상남도,김해시,80,415
202305,경상남도,김해시,81,358
202305,경상남도,김해시,82,313
202305,경상남도,김해시,83,300
202305,경상남도,김해시,84,271
202305,경상남도,김해시,85,248
202305,경상남도,김해시,86,232
202305,경상남도,김해시,87,197
202305,경상남도,김해시,88,204
202305,경상남도,김해시,89,146
202305,경상남도,김해시,90,122
202305,경상남도,김해시,91,97
202305,경상남도,김해시,92,75
202305,경상남도,김해시,93,33
202305,경상남도,김해시,94,45
202305,경상남도,김해시,95,28
202305,경상남도,김해시,96,22
202305,경상남도,김해시,97,6
202305,경상남도,김해시,98,9
202305,경상남도,김해시,99,7
202305,경상남도,김해시,100,2
202305,경상남도,김해시,101,6
202305,경상남도,김해시,102,2
202305,경상남도,밀양시,0,7
202305,경상남도,밀양시,1,7
202305,경상남도,밀양시,2,13
202305,경상남도,밀양시,3,12
202305,경상남도,밀양시,4,7
202305,경상남도,밀양시,5,13
202305,경상남도,밀양시,6,31
202305,경상남도,밀양시,7,28
202305,경상남도,밀양시,8,44
202305,경상남도,밀양시,9,56
202305,경상남도,밀양시,10,56
202305,경상남도,밀양시,11,53
202305,경상남도,밀양시,12,78
202305,경상남도,밀양시,13,73
202305,경상남도,밀양시,14,72
202305,경상남도,밀양시,15,104
202305,경상남도,밀양시,16,91
202305,경상남도,밀양시,17,96
202305,경상남도,밀양시,18,76
202305,경상남도,밀양시,19,52
202305,경상남도,밀양시,20,40
202305,경상남도,밀양시,21,30
202305,경상남도,밀양시,22,49
202305,경상남도,밀양시,23,35
202305,경상남도,밀양시,24,36
202305,경상남도,밀양시,25,16
202305,경상남도,밀양시,26,15
202305,경상남도,밀양시,27,15
202305,경상남도,밀양시,28,10
202305,경상남도,밀양시,29,11
202305,경상남도,밀양시,30,17
202305,경상남도,밀양시,31,9
202305,경상남도,밀양시,32,8
202305,경상남도,밀양시,33,18
202305,경상남도,밀양시,34,11
202305,경상남도,밀양시,35,16
202305,경상남도,밀양시,36,20
202305,경상남도,밀양시,37,43
202305,경상남도,밀양시,38,23
202305,경상남도,밀양시,39,43
202305,경상남도,밀양시,40,39
202305,경상남도,밀양시,41,34
202305,경상남도,밀양시,42,43
202305,경상남도,밀양시,43,59
202305,경상남도,밀양시,44,50
202305,경상남도,밀양시,45,61
202305,경상남도,밀양시,46,45
202305,경상남도,밀양시,47,61
202305,경상남도,밀양시,48,69
202305,경상남도,밀양시,49,72
202305,경상남도,밀양시,50,79
202305,경상남도,밀양시,51,57
202305,경상남도,밀양시,52,82
202305,경상남도,밀양시,53,117
202305,경상남도,밀양시,54,90
202305,경상남도,밀양시,55,95
202305,경상남도,밀양시,56,96
202305,경상남도,밀양시,57,116
202305,경상남도,밀양시,58,125
202305,경상남도,밀양시,59,104
202305,경상남도,밀양시,60,137
202305,경상남도,밀양시,61,138
202305,경상남도,밀양시,62,140
202305,경상남도,밀양시,63,142
202305,경상남도,밀양시,64,133
202305,경상남도,밀양시,65,135
202305,경상남도,밀양시,66,137
202305,경상남도,밀양시,67,149
202305,경상남도,밀양시,68,161
202305,경상남도,밀양시,69,115
202305,경상남도,밀양시,70,135
202305,경상남도,밀양시,71,121
202305,경상남도,밀양시,72,100
202305,경상남도,밀양시,73,115
202305,경상남도,밀양시,74,147
202305,경상남도,밀양시,75,127
202305,경상남도,밀양시,76,115
202305,경상남도,밀양시,77,84
202305,경상남도,밀양시,78,108
202305,경상남도,밀양시,79,113
202305,경상남도,밀양시,80,135
202305,경상남도,밀양시,81,154
202305,경상남도,밀양시,82,119
202305,경상남도,밀양시,83,138
202305,경상남도,밀양시,84,120
202305,경상남도,밀양시,85,111
202305,경상남도,밀양시,86,107
202305,경상남도,밀양시,87,86
202305,경상남도,밀양시,88,68
202305,경상남도,밀양시,89,64
202305,경상남도,밀양시,90,53
202305,경상남도,밀양시,91,45
202305,경상남도,밀양시,92,28
202305,경상남도,밀양시,93,32
202305,경상남도,밀양시,94,20
202305,경상남도,밀양시,95,16
202305,경상남도,밀양시,96,10
202305,경상남도,밀양시,97,3
202305,경상남도,밀양시,98,4
202305,경상남도,밀양시,99,5
202305,경상남도,밀양시,102,1
202305,경상남도,밀양시,108,1
202305,경상남도,밀양시,109,1
202305,경상남도,거제시,0,12
202305,경상남도,거제시,1,17
202305,경상남도,거제시,2,38
202305,경상남도,거제시,3,33
202305,경상남도,거제시,4,40
202305,경상남도,거제시,5,59
202305,경상남도,거제시,6,87
202305,경상남도,거제시,7,136
202305,경상남도,거제시,8,146
202305,경상남도,거제시,9,147
202305,경상남도,거제시,10,180
202305,경상남도,거제시,11,211
202305,경상남도,거제시,12,221
202305,경상남도,거제시,13,169
202305,경상남도,거제시,14,200
202305,경상남도,거제시,15,214
202305,경상남도,거제시,16,184
202305,경상남도,거제시,17,182
202305,경상남도,거제시,18,152
202305,경상남도,거제시,19,98
202305,경상남도,거제시,20,80
202305,경상남도,거제시,21,60
202305,경상남도,거제시,22,58
202305,경상남도,거제시,23,64
202305,경상남도,거제시,24,43
202305,경상남도,거제시,25,32
202305,경상남도,거제시,26,32
202305,경상남도,거제시,27,28
202305,경상남도,거제시,28,22
202305,경상남도,거제시,29,24
202305,경상남도,거제시,30,52
202305,경상남도,거제시,31,36
202305,경상남도,거제시,32,36
202305,경상남도,거제시,33,43
202305,경상남도,거제시,34,51
202305,경상남도,거제시,35,51
202305,경상남도,거제시,36,43
202305,경상남도,거제시,37,72
202305,경상남도,거제시,38,65
202305,경상남도,거제시,39,97
202305,경상남도,거제시,40,100
202305,경상남도,거제시,41,103
202305,경상남도,거제시,42,127
202305,경상남도,거제시,43,120
202305,경상남도,거제시,44,129
202305,경상남도,거제시,45,146
202305,경상남도,거제시,46,113
202305,경상남도,거제시,47,139
202305,경상남도,거제시,48,129
202305,경상남도,거제시,49,151
202305,경상남도,거제시,50,148
202305,경상남도,거제시,51,142
202305,경상남도,거제시,52,146
202305,경상남도,거제시,53,147
202305,경상남도,거제시,54,159
202305,경상남도,거제시,55,151
202305,경상남도,거제시,56,131
202305,경상남도,거제시,57,150
202305,경상남도,거제시,58,137
202305,경상남도,거제시,59,114
202305,경상남도,거제시,60,151
202305,경상남도,거제시,61,153
202305,경상남도,거제시,62,186
202305,경상남도,거제시,63,169
202305,경상남도,거제시,64,153
202305,경상남도,거제시,65,188
202305,경상남도,거제시,66,201
202305,경상남도,거제시,67,176
202305,경상남도,거제시,68,203
202305,경상남도,거제시,69,150
202305,경상남도,거제시,70,151
202305,경상남도,거제시,71,142
202305,경상남도,거제시,72,98
202305,경상남도,거제시,73,117
202305,경상남도,거제시,74,114
202305,경상남도,거제시,75,121
202305,경상남도,거제시,76,105
202305,경상남도,거제시,77,64
202305,경상남도,거제시,78,102
202305,경상남도,거제시,79,108
202305,경상남도,거제시,80,106
202305,경상남도,거제시,81,103
202305,경상남도,거제시,82,94
202305,경상남도,거제시,83,72
202305,경상남도,거제시,84,78
202305,경상남도,거제시,85,70
202305,경상남도,거제시,86,66
202305,경상남도,거제시,87,77
202305,경상남도,거제시,88,54
202305,경상남도,거제시,89,44
202305,경상남도,거제시,90,46
202305,경상남도,거제시,91,25
202305,경상남도,거제시,92,17
202305,경상남도,거제시,93,30
202305,경상남도,거제시,94,19
202305,경상남도,거제시,95,13
202305,경상남도,거제시,96,8
202305,경상남도,거제시,97,2
202305,경상남도,거제시,98,5
202305,경상남도,거제시,99,2
202305,경상남도,거제시,100,3
202305,경상남도,거제시,102,2
202305,경상남도,양산시,0,9
202305,경상남도,양산시,1,36
202305,경상남도,양산시,2,43
202305,경상남도,양산시,3,42
202305,경상남도,양산시,4,69
202305,경상남도,양산시,5,90
202305,경상남도,양산시,6,92
202305,경상남도,양산시,7,131
202305,경상남도,양산시,8,142
202305,경상남도,양산시,9,160
202305,경상남도,양산시,10,178
202305,경상남도,양산시,11,209
202305,경상남도,양산시,12,209
202305,경상남도,양산시,13,209
202305,경상남도,양산시,14,217
202305,경상남도,양산시,15,244
202305,경상남도,양산시,16,211
202305,경상남도,양산시,17,229
202305,경상남도,양산시,18,174
202305,경상남도,양산시,19,147
202305,경상남도,양산시,20,111
202305,경상남도,양산시,21,128
202305,경상남도,양산시,22,104
202305,경상남도,양산시,23,102
202305,경상남도,양산시,24,80
202305,경상남도,양산시,25,67
202305,경상남도,양산시,26,57
202305,경상남도,양산시,27,42
202305,경상남도,양산시,28,37
202305,경상남도,양산시,29,39
202305,경상남도,양산시,30,52
202305,경상남도,양산시,31,59
202305,경상남도,양산시,32,68
202305,경상남도,양산시,33,65
202305,경상남도,양산시,34,59
202305,경상남도,양산시,35,59
202305,경상남도,양산시,36,63
202305,경상남도,양산시,37,78
202305,경상남도,양산시,38,90
202305,경상남도,양산시,39,106
202305,경상남도,양산시,40,142
202305,경상남도,양산시,41,148
202305,경상남도,양산시,42,154
202305,경상남도,양산시,43,147
202305,경상남도,양산시,44,142
202305,경상남도,양산시,45,187
202305,경상남도,양산시,46,162
202305,경상남도,양산시,47,175
202305,경상남도,양산시,48,202
202305,경상남도,양산시,49,198
202305,경상남도,양산시,50,219
202305,경상남도,양산시,51,217
202305,경상남도,양산시,52,234
202305,경상남도,양산시,53,242
202305,경상남도,양산시,54,270
202305,경상남도,양산시,55,262
202305,경상남도,양산시,56,217
202305,경상남도,양산시,57,242
202305,경상남도,양산시,58,230
202305,경상남도,양산시,59,231
202305,경상남도,양산시,60,268
202305,경상남도,양산시,61,274
202305,경상남도,양산시,62,318
202305,경상남도,양산시,63,301
202305,경상남도,양산시,64,300
202305,경상남도,양산시,65,286
202305,경상남도,양산시,66,326
202305,경상남도,양산시,67,313
202305,경상남도,양산시,68,357
202305,경상남도,양산시,69,264
202305,경상남도,양산시,70,281
202305,경상남도,양산시,71,268
202305,경상남도,양산시,72,258
202305,경상남도,양산시,73,287
202305,경상남도,양산시,74,281
202305,경상남도,양산시,75,271
202305,경상남도,양산시,76,265
202305,경상남도,양산시,77,180
202305,경상남도,양산시,78,277
202305,경상남도,양산시,79,285
202305,경상남도,양산시,80,324
202305,경상남도,양산시,81,272
202305,경상남도,양산시,82,282
202305,경상남도,양산시,83,246
202305,경상남도,양산시,84,192
202305,경상남도,양산시,85,201
202305,경상남도,양산시,86,184
202305,경상남도,양산시,87,169
202305,경상남도,양산시,88,121
202305,경상남도,양산시,89,101
202305,경상남도,양산시,90,82
202305,경상남도,양산시,91,56
202305,경상남도,양산시,92,54
202305,경상남도,양산시,93,44
202305,경상남도,양산시,94,27
202305,경상남도,양산시,95,19
202305,경상남도,양산시,96,19
202305,경상남도,양산시,97,6
202305,경상남도,양산시,98,6
202305,경상남도,양산시,99,5
202305,경상남도,양산시,100,4
202305,경상남도,양산시,101,1
202305,경상남도,양산시,103,3
202305,경상남도,의령군,0,3
202305,경상남도,의령군,1,4
202305,경상남도,의령군,4,2
202305,경상남도,의령군,5,5
202305,경상남도,의령군,6,3
202305,경상남도,의령군,7,7
202305,경상남도,의령군,8,9
202305,경상남도,의령군,9,12
202305,경상남도,의령군,10,14
202305,경상남도,의령군,11,10
202305,경상남도,의령군,12,16
202305,경상남도,의령군,13,17
202305,경상남도,의령군,14,13
202305,경상남도,의령군,15,14
202305,경상남도,의령군,16,14
202305,경상남도,의령군,17,10
202305,경상남도,의령군,18,10
202305,경상남도,의령군,19,8
202305,경상남도,의령군,20,8
202305,경상남도,의령군,21,4
202305,경상남도,의령군,22,7
202305,경상남도,의령군,23,4
202305,경상남도,의령군,24,2
202305,경상남도,의령군,25,3
202305,경상남도,의령군,26,4
202305,경상남도,의령군,27,5
202305,경상남도,의령군,28,6
202305,경상남도,의령군,29,4
202305,경상남도,의령군,30,2
202305,경상남도,의령군,31,2
202305,경상남도,의령군,32,2
202305,경상남도,의령군,33,6
202305,경상남도,의령군,34,7
202305,경상남도,의령군,35,5
202305,경상남도,의령군,36,4
202305,경상남도,의령군,37,8
202305,경상남도,의령군,38,5
202305,경상남도,의령군,39,5
202305,경상남도,의령군,40,7
202305,경상남도,의령군,41,10
202305,경상남도,의령군,42,12
202305,경상남도,의령군,43,8
202305,경상남도,의령군,44,10
202305,경상남도,의령군,45,13
202305,경상남도,의령군,46,12
202305,경상남도,의령군,47,13
202305,경상남도,의령군,48,15
202305,경상남도,의령군,49,18
202305,경상남도,의령군,50,22
202305,경상남도,의령군,51,24
202305,경상남도,의령군,52,19
202305,경상남도,의령군,53,20
202305,경상남도,의령군,54,23
202305,경상남도,의령군,55,21
202305,경상남도,의령군,56,22
202305,경상남도,의령군,57,22
202305,경상남도,의령군,58,33
202305,경상남도,의령군,59,32
202305,경상남도,의령군,60,29
202305,경상남도,의령군,61,32
202305,경상남도,의령군,62,34
202305,경상남도,의령군,63,35
202305,경상남도,의령군,64,30
202305,경상남도,의령군,65,35
202305,경상남도,의령군,66,34
202305,경상남도,의령군,67,35
202305,경상남도,의령군,68,40
202305,경상남도,의령군,69,23
202305,경상남도,의령군,70,32
202305,경상남도,의령군,71,22
202305,경상남도,의령군,72,28
202305,경상남도,의령군,73,33
202305,경상남도,의령군,74,27
202305,경상남도,의령군,75,33
202305,경상남도,의령군,76,24
202305,경상남도,의령군,77,21
202305,경상남도,의령군,78,27
202305,경상남도,의령군,79,32
202305,경상남도,의령군,80,54
202305,경상남도,의령군,81,47
202305,경상남도,의령군,82,39
202305,경상남도,의령군,83,41
202305,경상남도,의령군,84,47
202305,경상남도,의령군,85,37
202305,경상남도,의령군,86,46
202305,경상남도,의령군,87,34
202305,경상남도,의령군,88,34
202305,경상남도,의령군,89,30
202305,경상남도,의령군,90,33
202305,경상남도,의령군,91,32
202305,경상남도,의령군,92,21
202305,경상남도,의령군,93,15
202305,경상남도,의령군,94,14
202305,경상남도,의령군,95,7
202305,경상남도,의령군,96,4
202305,경상남도,의령군,97,2
202305,경상남도,의령군,99,1
202305,경상남도,의령군,100,2
202305,경상남도,의령군,101,2
202305,경상남도,함안군,0,1
202305,경상남도,함안군,1,4
202305,경상남도,함안군,2,4
202305,경상남도,함안군,3,5
202305,경상남도,함안군,4,7
202305,경상남도,함안군,5,9
202305,경상남도,함안군,6,14
202305,경상남도,함안군,7,27
202305,경상남도,함안군,8,32
202305,경상남도,함안군,9,34
202305,경상남도,함안군,10,39
202305,경상남도,함안군,11,43
202305,경상남도,함안군,12,43
202305,경상남도,함안군,13,45
202305,경상남도,함안군,14,43
202305,경상남도,함안군,15,55
202305,경상남도,함안군,16,43
202305,경상남도,함안군,17,41
202305,경상남도,함안군,18,41
202305,경상남도,함안군,19,30
202305,경상남도,함안군,20,20
202305,경상남도,함안군,21,26
202305,경상남도,함안군,22,26
202305,경상남도,함안군,23,17
202305,경상남도,함안군,24,13
202305,경상남도,함안군,25,8
202305,경상남도,함안군,26,5
202305,경상남도,함안군,27,10
202305,경상남도,함안군,28,3
202305,경상남도,함안군,29,4
202305,경상남도,함안군,30,7
202305,경상남도,함안군,31,13
202305,경상남도,함안군,32,14
202305,경상남도,함안군,33,10
202305,경상남도,함안군,34,12
202305,경상남도,함안군,35,9
202305,경상남도,함안군,36,8
202305,경상남도,함안군,37,9
202305,경상남도,함안군,38,12
202305,경상남도,함안군,39,14
202305,경상남도,함안군,40,18
202305,경상남도,함안군,41,25
202305,경상남도,함안군,42,22
202305,경상남도,함안군,43,24
202305,경상남도,함안군,44,25
202305,경상남도,함안군,45,26
202305,경상남도,함안군,46,29
202305,경상남도,함안군,47,30
202305,경상남도,함안군,48,28
202305,경상남도,함안군,49,39
202305,경상남도,함안군,50,25
202305,경상남도,함안군,51,54
202305,경상남도,함안군,52,33
202305,경상남도,함안군,53,35
202305,경상남도,함안군,54,52
202305,경상남도,함안군,55,51
202305,경상남도,함안군,56,54
202305,경상남도,함안군,57,41
202305,경상남도,함안군,58,60
202305,경상남도,함안군,59,42
202305,경상남도,함안군,60,59
202305,경상남도,함안군,61,54
202305,경상남도,함안군,62,72
202305,경상남도,함안군,63,69
202305,경상남도,함안군,64,64
202305,경상남도,함안군,65,77
202305,경상남도,함안군,66,74
202305,경상남도,함안군,67,76
202305,경상남도,함안군,68,74
202305,경상남도,함안군,69,77
202305,경상남도,함안군,70,67
202305,경상남도,함안군,71,71
202305,경상남도,함안군,72,61
202305,경상남도,함안군,73,64
202305,경상남도,함안군,74,52
202305,경상남도,함안군,75,56
202305,경상남도,함안군,76,54
202305,경상남도,함안군,77,45
202305,경상남도,함안군,78,59
202305,경상남도,함안군,79,65
202305,경상남도,함안군,80,76
202305,경상남도,함안군,81,79
202305,경상남도,함안군,82,65
202305,경상남도,함안군,83,63
202305,경상남도,함안군,84,61
202305,경상남도,함안군,85,54
202305,경상남도,함안군,86,57
202305,경상남도,함안군,87,38
202305,경상남도,함안군,88,43
202305,경상남도,함안군,89,38
202305,경상남도,함안군,90,22
202305,경상남도,함안군,91,18
202305,경상남도,함안군,92,23
202305,경상남도,함안군,93,15
202305,경상남도,함안군,94,15
202305,경상남도,함안군,95,10
202305,경상남도,함안군,96,2
202305,경상남도,함안군,97,4
202305,경상남도,함안군,98,4
202305,경상남도,함안군,99,2
202305,경상남도,창녕군,0,6
202305,경상남도,창녕군,1,4
202305,경상남도,창녕군,2,1
202305,경상남도,창녕군,3,5
202305,경상남도,창녕군,4,8
202305,경상남도,창녕군,5,10
202305,경상남도,창녕군,6,11
202305,경상남도,창녕군,7,27
202305,경상남도,창녕군,8,19
202305,경상남도,창녕군,9,35
202305,경상남도,창녕군,10,30
202305,경상남도,창녕군,11,44
202305,경상남도,창녕군,12,52
202305,경상남도,창녕군,13,32
202305,경상남도,창녕군,14,44
202305,경상남도,창녕군,15,42
202305,경상남도,창녕군,16,34
202305,경상남도,창녕군,17,41
202305,경상남도,창녕군,18,21
202305,경상남도,창녕군,19,16
202305,경상남도,창녕군,20,24
202305,경상남도,창녕군,21,29
202305,경상남도,창녕군,22,18
202305,경상남도,창녕군,23,13
202305,경상남도,창녕군,24,20
202305,경상남도,창녕군,25,11
202305,경상남도,창녕군,26,5
202305,경상남도,창녕군,27,5
202305,경상남도,창녕군,28,5
202305,경상남도,창녕군,29,9
202305,경상남도,창녕군,30,8
202305,경상남도,창녕군,31,8
202305,경상남도,창녕군,32,12
202305,경상남도,창녕군,33,12
202305,경상남도,창녕군,34,6
202305,경상남도,창녕군,35,11
202305,경상남도,창녕군,36,13
202305,경상남도,창녕군,37,18
202305,경상남도,창녕군,38,16
202305,경상남도,창녕군,39,13
202305,경상남도,창녕군,40,15
202305,경상남도,창녕군,41,26
202305,경상남도,창녕군,42,21
202305,경상남도,창녕군,43,30
202305,경상남도,창녕군,44,28
202305,경상남도,창녕군,45,27
202305,경상남도,창녕군,46,21
202305,경상남도,창녕군,47,24
202305,경상남도,창녕군,48,27
202305,경상남도,창녕군,49,46
202305,경상남도,창녕군,50,44
202305,경상남도,창녕군,51,53
202305,경상남도,창녕군,52,40
202305,경상남도,창녕군,53,55
202305,경상남도,창녕군,54,67
202305,경상남도,창녕군,55,51
202305,경상남도,창녕군,56,56
202305,경상남도,창녕군,57,48
202305,경상남도,창녕군,58,57
202305,경상남도,창녕군,59,78
202305,경상남도,창녕군,60,62
202305,경상남도,창녕군,61,70
202305,경상남도,창녕군,62,98
202305,경상남도,창녕군,63,56
202305,경상남도,창녕군,64,74
202305,경상남도,창녕군,65,79
202305,경상남도,창녕군,66,88
202305,경상남도,창녕군,67,90
202305,경상남도,창녕군,68,86
202305,경상남도,창녕군,69,74
202305,경상남도,창녕군,70,63
202305,경상남도,창녕군,71,66
202305,경상남도,창녕군,72,63
202305,경상남도,창녕군,73,70
202305,경상남도,창녕군,74,76
202305,경상남도,창녕군,75,70
202305,경상남도,창녕군,76,59
202305,경상남도,창녕군,77,32
202305,경상남도,창녕군,78,57
202305,경상남도,창녕군,79,62
202305,경상남도,창녕군,80,96
202305,경상남도,창녕군,81,83
202305,경상남도,창녕군,82,69
202305,경상남도,창녕군,83,65
202305,경상남도,창녕군,84,75
202305,경상남도,창녕군,85,70
202305,경상남도,창녕군,86,54
202305,경상남도,창녕군,87,51
202305,경상남도,창녕군,88,42
202305,경상남도,창녕군,89,54
202305,경상남도,창녕군,90,42
202305,경상남도,창녕군,91,34
202305,경상남도,창녕군,92,26
202305,경상남도,창녕군,93,17
202305,경상남도,창녕군,94,18
202305,경상남도,창녕군,95,15
202305,경상남도,창녕군,96,7
202305,경상남도,창녕군,97,1
202305,경상남도,창녕군,98,2
202305,경상남도,창녕군,99,4
202305,경상남도,창녕군,101,2
202305,경상남도,창녕군,102,1
202305,경상남도,창녕군,110,1
202305,경상남도,창녕군,112,1
202305,경상남도,고성군,0,4
202305,경상남도,고성군,1,3
202305,경상남도,고성군,2,7
202305,경상남도,고성군,3,5
202305,경상남도,고성군,4,4
202305,경상남도,고성군,5,9
202305,경상남도,고성군,6,15
202305,경상남도,고성군,7,18
202305,경상남도,고성군,8,21
202305,경상남도,고성군,9,37
202305,경상남도,고성군,10,27
202305,경상남도,고성군,11,47
202305,경상남도,고성군,12,37
202305,경상남도,고성군,13,31
202305,경상남도,고성군,14,44
202305,경상남도,고성군,15,33
202305,경상남도,고성군,16,44
202305,경상남도,고성군,17,39
202305,경상남도,고성군,18,32
202305,경상남도,고성군,19,18
202305,경상남도,고성군,20,14
202305,경상남도,고성군,21,20
202305,경상남도,고성군,22,20
202305,경상남도,고성군,23,15
202305,경상남도,고성군,24,12
202305,경상남도,고성군,25,4
202305,경상남도,고성군,26,4
202305,경상남도,고성군,27,5
202305,경상남도,고성군,28,3
202305,경상남도,고성군,29,8
202305,경상남도,고성군,30,6
202305,경상남도,고성군,31,5
202305,경상남도,고성군,32,10
202305,경상남도,고성군,33,4
202305,경상남도,고성군,34,6
202305,경상남도,고성군,35,11
202305,경상남도,고성군,36,5
202305,경상남도,고성군,37,15
202305,경상남도,고성군,38,14
202305,경상남도,고성군,39,16
202305,경상남도,고성군,40,19
202305,경상남도,고성군,41,18
202305,경상남도,고성군,42,19
202305,경상남도,고성군,43,20
202305,경상남도,고성군,44,18
202305,경상남도,고성군,45,29
202305,경상남도,고성군,46,27
202305,경상남도,고성군,47,31
202305,경상남도,고성군,48,23
202305,경상남도,고성군,49,36
202305,경상남도,고성군,50,27
202305,경상남도,고성군,51,45
202305,경상남도,고성군,52,43
202305,경상남도,고성군,53,39
202305,경상남도,고성군,54,48
202305,경상남도,고성군,55,42
202305,경상남도,고성군,56,45
202305,경상남도,고성군,57,47
202305,경상남도,고성군,58,40
202305,경상남도,고성군,59,40
202305,경상남도,고성군,60,52
202305,경상남도,고성군,61,50
202305,경상남도,고성군,62,80
202305,경상남도,고성군,63,68
202305,경상남도,고성군,64,58
202305,경상남도,고성군,65,65
202305,경상남도,고성군,66,66
202305,경상남도,고성군,67,71
202305,경상남도,고성군,68,78
202305,경상남도,고성군,69,46
202305,경상남도,고성군,70,59
202305,경상남도,고성군,71,73
202305,경상남도,고성군,72,55
202305,경상남도,고성군,73,53
202305,경상남도,고성군,74,48
202305,경상남도,고성군,75,54
202305,경상남도,고성군,76,54
202305,경상남도,고성군,77,39
202305,경상남도,고성군,78,72
202305,경상남도,고성군,79,48
202305,경상남도,고성군,80,62
202305,경상남도,고성군,81,72
202305,경상남도,고성군,82,57
202305,경상남도,고성군,83,45
202305,경상남도,고성군,84,66
202305,경상남도,고성군,85,38
202305,경상남도,고성군,86,52
202305,경상남도,고성군,87,50
202305,경상남도,고성군,88,36
202305,경상남도,고성군,89,42
202305,경상남도,고성군,90,34
202305,경상남도,고성군,91,26
202305,경상남도,고성군,92,18
202305,경상남도,고성군,93,22
202305,경상남도,고성군,94,12
202305,경상남도,고성군,95,8
202305,경상남도,고성군,96,10
202305,경상남도,고성군,97,3
202305,경상남도,고성군,98,1
202305,경상남도,고성군,99,5
202305,경상남도,고성군,102,1
202305,경상남도,남해군,0,1
202305,경상남도,남해군,1,1
202305,경상남도,남해군,2,8
202305,경상남도,남해군,3,1
202305,경상남도,남해군,4,7
202305,경상남도,남해군,5,8
202305,경상남도,남해군,6,11
202305,경상남도,남해군,7,18
202305,경상남도,남해군,8,23
202305,경상남도,남해군,9,16
202305,경상남도,남해군,10,19
202305,경상남도,남해군,11,23
202305,경상남도,남해군,12,25
202305,경상남도,남해군,13,26
202305,경상남도,남해군,14,19
202305,경상남도,남해군,15,31
202305,경상남도,남해군,16,13
202305,경상남도,남해군,17,27
202305,경상남도,남해군,18,17
202305,경상남도,남해군,19,15
202305,경상남도,남해군,20,19
202305,경상남도,남해군,21,12
202305,경상남도,남해군,22,12
202305,경상남도,남해군,23,15
202305,경상남도,남해군,24,6
202305,경상남도,남해군,25,8
202305,경상남도,남해군,26,7
202305,경상남도,남해군,27,5
202305,경상남도,남해군,28,4
202305,경상남도,남해군,29,3
202305,경상남도,남해군,30,3
202305,경상남도,남해군,31,7
202305,경상남도,남해군,32,5
202305,경상남도,남해군,33,8
202305,경상남도,남해군,34,9
202305,경상남도,남해군,35,6
202305,경상남도,남해군,36,6
202305,경상남도,남해군,37,11
202305,경상남도,남해군,38,8
202305,경상남도,남해군,39,11
202305,경상남도,남해군,40,9
202305,경상남도,남해군,41,13
202305,경상남도,남해군,42,14
202305,경상남도,남해군,43,16
202305,경상남도,남해군,44,19
202305,경상남도,남해군,45,18
202305,경상남도,남해군,46,11
202305,경상남도,남해군,47,13
202305,경상남도,남해군,48,21
202305,경상남도,남해군,49,24
202305,경상남도,남해군,50,32
202305,경상남도,남해군,51,31
202305,경상남도,남해군,52,40
202305,경상남도,남해군,53,29
202305,경상남도,남해군,54,27
202305,경상남도,남해군,55,35
202305,경상남도,남해군,56,35
202305,경상남도,남해군,57,42
202305,경상남도,남해군,58,34
202305,경상남도,남해군,59,31
202305,경상남도,남해군,60,51
202305,경상남도,남해군,61,50
202305,경상남도,남해군,62,48
202305,경상남도,남해군,63,44
202305,경상남도,남해군,64,51
202305,경상남도,남해군,65,45
202305,경상남도,남해군,66,45
202305,경상남도,남해군,67,43
202305,경상남도,남해군,68,50
202305,경상남도,남해군,69,33
202305,경상남도,남해군,70,39
202305,경상남도,남해군,71,49
202305,경상남도,남해군,72,44
202305,경상남도,남해군,73,43
202305,경상남도,남해군,74,49
202305,경상남도,남해군,75,33
202305,경상남도,남해군,76,36
202305,경상남도,남해군,77,26
202305,경상남도,남해군,78,31
202305,경상남도,남해군,79,33
202305,경상남도,남해군,80,47
202305,경상남도,남해군,81,53
202305,경상남도,남해군,82,64
202305,경상남도,남해군,83,58
202305,경상남도,남해군,84,56
202305,경상남도,남해군,85,39
202305,경상남도,남해군,86,62
202305,경상남도,남해군,87,56
202305,경상남도,남해군,88,48
202305,경상남도,남해군,89,43
202305,경상남도,남해군,90,32
202305,경상남도,남해군,91,43
202305,경상남도,남해군,92,20
202305,경상남도,남해군,93,26
202305,경상남도,남해군,94,19
202305,경상남도,남해군,95,12
202305,경상남도,남해군,96,12
202305,경상남도,남해군,97,7
202305,경상남도,남해군,98,2
202305,경상남도,남해군,99,7
202305,경상남도,남해군,100,2
202305,경상남도,남해군,101,4
202305,경상남도,하동군,0,2
202305,경상남도,하동군,1,5
202305,경상남도,하동군,2,4
202305,경상남도,하동군,3,4
202305,경상남도,하동군,4,7
202305,경상남도,하동군,5,9
202305,경상남도,하동군,6,8
202305,경상남도,하동군,7,13
202305,경상남도,하동군,8,25
202305,경상남도,하동군,9,19
202305,경상남도,하동군,10,28
202305,경상남도,하동군,11,22
202305,경상남도,하동군,12,32
202305,경상남도,하동군,13,37
202305,경상남도,하동군,14,40
202305,경상남도,하동군,15,46
202305,경상남도,하동군,16,31
202305,경상남도,하동군,17,31
202305,경상남도,하동군,18,32
202305,경상남도,하동군,19,25
202305,경상남도,하동군,20,11
202305,경상남도,하동군,21,25
202305,경상남도,하동군,22,15
202305,경상남도,하동군,23,17
202305,경상남도,하동군,24,13
202305,경상남도,하동군,25,7
202305,경상남도,하동군,26,6
202305,경상남도,하동군,27,5
202305,경상남도,하동군,28,1
202305,경상남도,하동군,29,4
202305,경상남도,하동군,30,6
202305,경상남도,하동군,31,4
202305,경상남도,하동군,32,6
202305,경상남도,하동군,33,6
202305,경상남도,하동군,34,9
202305,경상남도,하동군,35,7
202305,경상남도,하동군,36,14
202305,경상남도,하동군,37,6
202305,경상남도,하동군,38,8
202305,경상남도,하동군,39,18
202305,경상남도,하동군,40,16
202305,경상남도,하동군,41,24
202305,경상남도,하동군,42,17
202305,경상남도,하동군,43,16
202305,경상남도,하동군,44,27
202305,경상남도,하동군,45,22
202305,경상남도,하동군,46,20
202305,경상남도,하동군,47,40
202305,경상남도,하동군,48,40
202305,경상남도,하동군,49,34
202305,경상남도,하동군,50,38
202305,경상남도,하동군,51,37
202305,경상남도,하동군,52,35
202305,경상남도,하동군,53,39
202305,경상남도,하동군,54,60
202305,경상남도,하동군,55,43
202305,경상남도,하동군,56,49
202305,경상남도,하동군,57,45
202305,경상남도,하동군,58,39
202305,경상남도,하동군,59,36
202305,경상남도,하동군,60,46
202305,경상남도,하동군,61,47
202305,경상남도,하동군,62,71
202305,경상남도,하동군,63,54
202305,경상남도,하동군,64,61
202305,경상남도,하동군,65,54
202305,경상남도,하동군,66,47
202305,경상남도,하동군,67,61
202305,경상남도,하동군,68,63
202305,경상남도,하동군,69,49
202305,경상남도,하동군,70,40
202305,경상남도,하동군,71,50
202305,경상남도,하동군,72,37
202305,경상남도,하동군,73,42
202305,경상남도,하동군,74,45
202305,경상남도,하동군,75,55
202305,경상남도,하동군,76,47
202305,경상남도,하동군,77,40
202305,경상남도,하동군,78,32
202305,경상남도,하동군,79,39
202305,경상남도,하동군,80,61
202305,경상남도,하동군,81,54
202305,경상남도,하동군,82,50
202305,경상남도,하동군,83,62
202305,경상남도,하동군,84,44
202305,경상남도,하동군,85,32
202305,경상남도,하동군,86,55
202305,경상남도,하동군,87,36
202305,경상남도,하동군,88,40
202305,경상남도,하동군,89,23
202305,경상남도,하동군,90,27
202305,경상남도,하동군,91,26
202305,경상남도,하동군,92,17
202305,경상남도,하동군,93,17
202305,경상남도,하동군,94,9
202305,경상남도,하동군,95,6
202305,경상남도,하동군,96,9
202305,경상남도,하동군,97,3
202305,경상남도,하동군,98,5
202305,경상남도,하동군,100,3
202305,경상남도,산청군,1,1
202305,경상남도,산청군,2,1
202305,경상남도,산청군,3,1
202305,경상남도,산청군,4,5
202305,경상남도,산청군,5,6
202305,경상남도,산청군,6,10
202305,경상남도,산청군,7,4
202305,경상남도,산청군,8,9
202305,경상남도,산청군,9,12
202305,경상남도,산청군,10,17
202305,경상남도,산청군,11,14
202305,경상남도,산청군,12,19
202305,경상남도,산청군,13,16
202305,경상남도,산청군,14,17
202305,경상남도,산청군,15,21
202305,경상남도,산청군,16,22
202305,경상남도,산청군,17,16
202305,경상남도,산청군,18,11
202305,경상남도,산청군,19,12
202305,경상남도,산청군,20,7
202305,경상남도,산청군,21,10
202305,경상남도,산청군,22,7
202305,경상남도,산청군,23,6
202305,경상남도,산청군,24,10
202305,경상남도,산청군,25,5
202305,경상남도,산청군,26,2
202305,경상남도,산청군,27,2
202305,경상남도,산청군,28,7
202305,경상남도,산청군,29,5
202305,경상남도,산청군,30,2
202305,경상남도,산청군,31,3
202305,경상남도,산청군,32,4
202305,경상남도,산청군,33,2
202305,경상남도,산청군,34,2
202305,경상남도,산청군,35,4
202305,경상남도,산청군,36,6
202305,경상남도,산청군,37,5
202305,경상남도,산청군,38,9
202305,경상남도,산청군,39,6
202305,경상남도,산청군,40,9
202305,경상남도,산청군,41,15
202305,경상남도,산청군,42,10
202305,경상남도,산청군,43,17
202305,경상남도,산청군,44,13
202305,경상남도,산청군,45,10
202305,경상남도,산청군,46,10
202305,경상남도,산청군,47,13
202305,경상남도,산청군,48,12
202305,경상남도,산청군,49,21
202305,경상남도,산청군,50,25
202305,경상남도,산청군,51,23
202305,경상남도,산청군,52,26
202305,경상남도,산청군,53,27
202305,경상남도,산청군,54,28
202305,경상남도,산청군,55,28
202305,경상남도,산청군,56,30
202305,경상남도,산청군,57,32
202305,경상남도,산청군,58,26
202305,경상남도,산청군,59,24
202305,경상남도,산청군,60,33
202305,경상남도,산청군,61,39
202305,경상남도,산청군,62,54
202305,경상남도,산청군,63,43
202305,경상남도,산청군,64,38
202305,경상남도,산청군,65,31
202305,경상남도,산청군,66,43
202305,경상남도,산청군,67,38
202305,경상남도,산청군,68,37
202305,경상남도,산청군,69,25
202305,경상남도,산청군,70,33
202305,경상남도,산청군,71,40
202305,경상남도,산청군,72,23
202305,경상남도,산청군,73,23
202305,경상남도,산청군,74,26
202305,경상남도,산청군,75,42
202305,경상남도,산청군,76,35
202305,경상남도,산청군,77,25
202305,경상남도,산청군,78,34
202305,경상남도,산청군,79,31
202305,경상남도,산청군,80,47
202305,경상남도,산청군,81,40
202305,경상남도,산청군,82,42
202305,경상남도,산청군,83,46
202305,경상남도,산청군,84,42
202305,경상남도,산청군,85,45
202305,경상남도,산청군,86,39
202305,경상남도,산청군,87,36
202305,경상남도,산청군,88,35
202305,경상남도,산청군,89,27
202305,경상남도,산청군,90,23
202305,경상남도,산청군,91,27
202305,경상남도,산청군,92,16
202305,경상남도,산청군,93,17
202305,경상남도,산청군,94,6
202305,경상남도,산청군,95,11
202305,경상남도,산청군,96,2
202305,경상남도,산청군,97,4
202305,경상남도,산청군,98,5
202305,경상남도,산청군,99,2
202305,경상남도,산청군,100,2
202305,경상남도,산청군,102,1
202305,경상남도,함양군,1,1
202305,경상남도,함양군,2,3
202305,경상남도,함양군,3,6
202305,경상남도,함양군,4,5
202305,경상남도,함양군,5,8
202305,경상남도,함양군,6,9
202305,경상남도,함양군,7,16
202305,경상남도,함양군,8,24
202305,경상남도,함양군,9,27
202305,경상남도,함양군,10,28
202305,경상남도,함양군,11,21
202305,경상남도,함양군,12,38
202305,경상남도,함양군,13,24
202305,경상남도,함양군,14,34
202305,경상남도,함양군,15,28
202305,경상남도,함양군,16,41
202305,경상남도,함양군,17,27
202305,경상남도,함양군,18,34
202305,경상남도,함양군,19,17
202305,경상남도,함양군,20,18
202305,경상남도,함양군,21,14
202305,경상남도,함양군,22,15
202305,경상남도,함양군,23,9
202305,경상남도,함양군,24,4
202305,경상남도,함양군,25,3
202305,경상남도,함양군,26,4
202305,경상남도,함양군,27,5
202305,경상남도,함양군,28,3
202305,경상남도,함양군,29,4
202305,경상남도,함양군,30,2
202305,경상남도,함양군,31,3
202305,경상남도,함양군,32,3
202305,경상남도,함양군,33,1
202305,경상남도,함양군,34,6
202305,경상남도,함양군,35,13
202305,경상남도,함양군,36,6
202305,경상남도,함양군,37,11
202305,경상남도,함양군,38,15
202305,경상남도,함양군,39,14
202305,경상남도,함양군,40,16
202305,경상남도,함양군,41,15
202305,경상남도,함양군,42,15
202305,경상남도,함양군,43,13
202305,경상남도,함양군,44,19
202305,경상남도,함양군,45,20
202305,경상남도,함양군,46,27
202305,경상남도,함양군,47,23
202305,경상남도,함양군,48,30
202305,경상남도,함양군,49,21
202305,경상남도,함양군,50,27
202305,경상남도,함양군,51,16
202305,경상남도,함양군,52,30
202305,경상남도,함양군,53,24
202305,경상남도,함양군,54,35
202305,경상남도,함양군,55,35
202305,경상남도,함양군,56,31
202305,경상남도,함양군,57,23
202305,경상남도,함양군,58,36
202305,경상남도,함양군,59,13
202305,경상남도,함양군,60,38
202305,경상남도,함양군,61,37
202305,경상남도,함양군,62,53
202305,경상남도,함양군,63,47
202305,경상남도,함양군,64,35
202305,경상남도,함양군,65,29
202305,경상남도,함양군,66,47
202305,경상남도,함양군,67,45
202305,경상남도,함양군,68,41
202305,경상남도,함양군,69,40
202305,경상남도,함양군,70,32
202305,경상남도,함양군,71,31
202305,경상남도,함양군,72,29
202305,경상남도,함양군,73,41
202305,경상남도,함양군,74,30
202305,경상남도,함양군,75,34
202305,경상남도,함양군,76,43
202305,경상남도,함양군,77,39
202305,경상남도,함양군,78,36
202305,경상남도,함양군,79,42
202305,경상남도,함양군,80,55
202305,경상남도,함양군,81,67
202305,경상남도,함양군,82,51
202305,경상남도,함양군,83,63
202305,경상남도,함양군,84,49
202305,경상남도,함양군,85,55
202305,경상남도,함양군,86,49
202305,경상남도,함양군,87,61
202305,경상남도,함양군,88,35
202305,경상남도,함양군,89,32
202305,경상남도,함양군,90,29
202305,경상남도,함양군,91,30
202305,경상남도,함양군,92,29
202305,경상남도,함양군,93,18
202305,경상남도,함양군,94,15
202305,경상남도,함양군,95,10
202305,경상남도,함양군,96,8
202305,경상남도,함양군,97,2
202305,경상남도,함양군,98,3
202305,경상남도,함양군,99,1
202305,경상남도,함양군,100,1
202305,경상남도,함양군,102,1
202305,경상남도,함양군,103,1
202305,경상남도,거창군,0,3
202305,경상남도,거창군,1,8
202305,경상남도,거창군,2,8
202305,경상남도,거창군,3,6
202305,경상남도,거창군,4,13
202305,경상남도,거창군,5,13
202305,경상남도,거창군,6,17
202305,경상남도,거창군,7,31
202305,경상남도,거창군,8,30
202305,경상남도,거창군,9,38
202305,경상남도,거창군,10,36
202305,경상남도,거창군,11,47
202305,경상남도,거창군,12,44
202305,경상남도,거창군,13,45
202305,경상남도,거창군,14,57
202305,경상남도,거창군,15,56
202305,경상남도,거창군,16,59
202305,경상남도,거창군,17,49
202305,경상남도,거창군,18,45
202305,경상남도,거창군,19,30
202305,경상남도,거창군,20,25
202305,경상남도,거창군,21,26
202305,경상남도,거창군,22,34
202305,경상남도,거창군,23,22
202305,경상남도,거창군,24,13
202305,경상남도,거창군,25,8
202305,경상남도,거창군,26,15
202305,경상남도,거창군,27,8
202305,경상남도,거창군,28,5
202305,경상남도,거창군,29,7
202305,경상남도,거창군,30,7
202305,경상남도,거창군,31,7
202305,경상남도,거창군,32,3
202305,경상남도,거창군,33,8
202305,경상남도,거창군,34,12
202305,경상남도,거창군,35,21
202305,경상남도,거창군,36,9
202305,경상남도,거창군,37,17
202305,경상남도,거창군,38,17
202305,경상남도,거창군,39,19
202305,경상남도,거창군,40,28
202305,경상남도,거창군,41,25
202305,경상남도,거창군,42,26
202305,경상남도,거창군,43,33
202305,경상남도,거창군,44,28
202305,경상남도,거창군,45,28
202305,경상남도,거창군,46,38
202305,경상남도,거창군,47,35
202305,경상남도,거창군,48,38
202305,경상남도,거창군,49,37
202305,경상남도,거창군,50,47
202305,경상남도,거창군,51,42
202305,경상남도,거창군,52,53
202305,경상남도,거창군,53,40
202305,경상남도,거창군,54,58
202305,경상남도,거창군,55,45
202305,경상남도,거창군,56,53
202305,경상남도,거창군,57,53
202305,경상남도,거창군,58,43
202305,경상남도,거창군,59,43
202305,경상남도,거창군,60,58
202305,경상남도,거창군,61,70
202305,경상남도,거창군,62,62
202305,경상남도,거창군,63,60
202305,경상남도,거창군,64,78
202305,경상남도,거창군,65,43
202305,경상남도,거창군,66,74
202305,경상남도,거창군,67,62
202305,경상남도,거창군,68,63
202305,경상남도,거창군,69,47
202305,경상남도,거창군,70,64
202305,경상남도,거창군,71,52
202305,경상남도,거창군,72,43
202305,경상남도,거창군,73,58
202305,경상남도,거창군,74,66
202305,경상남도,거창군,75,56
202305,경상남도,거창군,76,56
202305,경상남도,거창군,77,40
202305,경상남도,거창군,78,63
202305,경상남도,거창군,79,56
202305,경상남도,거창군,80,78
202305,경상남도,거창군,81,64
202305,경상남도,거창군,82,68
202305,경상남도,거창군,83,66
202305,경상남도,거창군,84,78
202305,경상남도,거창군,85,56
202305,경상남도,거창군,86,58
202305,경상남도,거창군,87,56
202305,경상남도,거창군,88,63
202305,경상남도,거창군,89,61
202305,경상남도,거창군,90,48
202305,경상남도,거창군,91,28
202305,경상남도,거창군,92,23
202305,경상남도,거창군,93,17
202305,경상남도,거창군,94,18
202305,경상남도,거창군,95,18
202305,경상남도,거창군,96,8
202305,경상남도,거창군,97,12
202305,경상남도,거창군,98,4
202305,경상남도,거창군,99,4
202305,경상남도,거창군,100,2
202305,경상남도,거창군,101,1
202305,경상남도,거창군,102,1
202305,경상남도,거창군,104,1
202305,경상남도,거창군,105,1
202305,경상남도,합천군,0,2
202305,경상남도,합천군,1,3
202305,경상남도,합천군,2,6
202305,경상남도,합천군,3,3
202305,경상남도,합천군,4,3
202305,경상남도,합천군,5,2
202305,경상남도,합천군,6,5
202305,경상남도,합천군,7,4
202305,경상남도,합천군,8,9
202305,경상남도,합천군,9,11
202305,경상남도,합천군,10,10
202305,경상남도,합천군,11,12
202305,경상남도,합천군,12,9
202305,경상남도,합천군,13,19
202305,경상남도,합천군,14,14
202305,경상남도,합천군,15,25
202305,경상남도,합천군,16,21
202305,경상남도,합천군,17,16
202305,경상남도,합천군,18,17
202305,경상남도,합천군,19,19
202305,경상남도,합천군,20,14
202305,경상남도,합천군,21,18
202305,경상남도,합천군,22,16
202305,경상남도,합천군,23,13
202305,경상남도,합천군,24,9
202305,경상남도,합천군,25,7
202305,경상남도,합천군,26,4
202305,경상남도,합천군,27,4
202305,경상남도,합천군,29,2
202305,경상남도,합천군,30,6
202305,경상남도,합천군,31,8
202305,경상남도,합천군,32,4
202305,경상남도,합천군,33,7
202305,경상남도,합천군,34,8
202305,경상남도,합천군,35,9
202305,경상남도,합천군,36,7
202305,경상남도,합천군,37,5
202305,경상남도,합천군,38,5
202305,경상남도,합천군,39,10
202305,경상남도,합천군,40,14
202305,경상남도,합천군,41,10
202305,경상남도,합천군,42,13
202305,경상남도,합천군,43,16
202305,경상남도,합천군,44,14
202305,경상남도,합천군,45,14
202305,경상남도,합천군,46,22
202305,경상남도,합천군,47,18
202305,경상남도,합천군,48,19
202305,경상남도,합천군,49,24
202305,경상남도,합천군,50,24
202305,경상남도,합천군,51,33
202305,경상남도,합천군,52,29
202305,경상남도,합천군,53,39
202305,경상남도,합천군,54,43
202305,경상남도,합천군,55,51
202305,경상남도,합천군,56,47
202305,경상남도,합천군,57,48
202305,경상남도,합천군,58,51
202305,경상남도,합천군,59,44
202305,경상남도,합천군,60,43
202305,경상남도,합천군,61,46
202305,경상남도,합천군,62,75
202305,경상남도,합천군,63,49
202305,경상남도,합천군,64,45
202305,경상남도,합천군,65,56
202305,경상남도,합천군,66,51
202305,경상남도,합천군,67,37
202305,경상남도,합천군,68,57
202305,경상남도,합천군,69,32
202305,경상남도,합천군,70,50
202305,경상남도,합천군,71,45
202305,경상남도,합천군,72,30
202305,경상남도,합천군,73,49
202305,경상남도,합천군,74,42
202305,경상남도,합천군,75,50
202305,경상남도,합천군,76,48
202305,경상남도,합천군,77,31
202305,경상남도,합천군,78,43
202305,경상남도,합천군,79,50
202305,경상남도,합천군,80,47
202305,경상남도,합천군,81,56
202305,경상남도,합천군,82,52
202305,경상남도,합천군,83,66
202305,경상남도,합천군,84,66
202305,경상남도,합천군,85,33
202305,경상남도,합천군,86,46
202305,경상남도,합천군,87,40
202305,경상남도,합천군,88,48
202305,경상남도,합천군,89,35
202305,경상남도,합천군,90,29
202305,경상남도,합천군,91,21
202305,경상남도,합천군,92,12
202305,경상남도,합천군,93,15
202305,경상남도,합천군,94,10
202305,경상남도,합천군,95,4
202305,경상남도,합천군,96,9
202305,경상남도,합천군,97,7
202305,경상남도,합천군,98,2
202305,경상남도,합천군,99,2
202305,경상남도,합천군,100,3
202305,경상남도,합천군,101,1
202305,경상남도,합천군,102,2
202305,경상남도,합천군,103,1
202305,제주특별자치도,제주시,0,35
202305,제주특별자치도,제주시,1,68
202305,제주특별자치도,제주시,2,84
202305,제주특별자치도,제주시,3,84
202305,제주특별자치도,제주시,4,120
202305,제주특별자치도,제주시,5,140
202305,제주특별자치도,제주시,6,161
202305,제주특별자치도,제주시,7,220
202305,제주특별자치도,제주시,8,302
202305,제주특별자치도,제주시,9,299
202305,제주특별자치도,제주시,10,384
202305,제주특별자치도,제주시,11,333
202305,제주특별자치도,제주시,12,397
202305,제주특별자치도,제주시,13,384
202305,제주특별자치도,제주시,14,451
202305,제주특별자치도,제주시,15,407
202305,제주특별자치도,제주시,16,398
202305,제주특별자치도,제주시,17,390
202305,제주특별자치도,제주시,18,323
202305,제주특별자치도,제주시,19,289
202305,제주특별자치도,제주시,20,240
202305,제주특별자치도,제주시,21,220
202305,제주특별자치도,제주시,22,235
202305,제주특별자치도,제주시,23,193
202305,제주특별자치도,제주시,24,151
202305,제주특별자치도,제주시,25,135
202305,제주특별자치도,제주시,26,100
202305,제주특별자치도,제주시,27,84
202305,제주특별자치도,제주시,28,80
202305,제주특별자치도,제주시,29,78
202305,제주특별자치도,제주시,30,86
202305,제주특별자치도,제주시,31,92
202305,제주특별자치도,제주시,32,94
202305,제주특별자치도,제주시,33,92
202305,제주특별자치도,제주시,34,102
202305,제주특별자치도,제주시,35,88
202305,제주특별자치도,제주시,36,117
202305,제주특별자치도,제주시,37,164
202305,제주특별자치도,제주시,38,158
202305,제주특별자치도,제주시,39,165
202305,제주특별자치도,제주시,40,210
202305,제주특별자치도,제주시,41,219
202305,제주특별자치도,제주시,42,269
202305,제주특별자치도,제주시,43,238
202305,제주특별자치도,제주시,44,236
202305,제주특별자치도,제주시,45,256
202305,제주특별자치도,제주시,46,260
202305,제주특별자치도,제주시,47,283
202305,제주특별자치도,제주시,48,259
202305,제주특별자치도,제주시,49,341
202305,제주특별자치도,제주시,50,355
202305,제주특별자치도,제주시,51,361
202305,제주특별자치도,제주시,52,353
202305,제주특별자치도,제주시,53,388
202305,제주특별자치도,제주시,54,348
202305,제주특별자치도,제주시,55,354
202305,제주특별자치도,제주시,56,349
202305,제주특별자치도,제주시,57,389
202305,제주특별자치도,제주시,58,327
202305,제주특별자치도,제주시,59,360
202305,제주특별자치도,제주시,60,419
202305,제주특별자치도,제주시,61,385
202305,제주특별자치도,제주시,62,410
202305,제주특별자치도,제주시,63,412
202305,제주특별자치도,제주시,64,429
202305,제주특별자치도,제주시,65,435
202305,제주특별자치도,제주시,66,387
202305,제주특별자치도,제주시,67,422
202305,제주특별자치도,제주시,68,419
202305,제주특별자치도,제주시,69,342
202305,제주특별자치도,제주시,70,305
202305,제주특별자치도,제주시,71,328
202305,제주특별자치도,제주시,72,288
202305,제주특별자치도,제주시,73,280
202305,제주특별자치도,제주시,74,279
202305,제주특별자치도,제주시,75,300
202305,제주특별자치도,제주시,76,285
202305,제주특별자치도,제주시,77,227
202305,제주특별자치도,제주시,78,219
202305,제주특별자치도,제주시,79,251
202305,제주특별자치도,제주시,80,286
202305,제주특별자치도,제주시,81,262
202305,제주특별자치도,제주시,82,220
202305,제주특별자치도,제주시,83,213
202305,제주특별자치도,제주시,84,214
202305,제주특별자치도,제주시,85,170
202305,제주특별자치도,제주시,86,163
202305,제주특별자치도,제주시,87,164
202305,제주특별자치도,제주시,88,140
202305,제주특별자치도,제주시,89,121
202305,제주특별자치도,제주시,90,99
202305,제주특별자치도,제주시,91,80
202305,제주특별자치도,제주시,92,51
202305,제주특별자치도,제주시,93,60
202305,제주특별자치도,제주시,94,40
202305,제주특별자치도,제주시,95,27
202305,제주특별자치도,제주시,96,18
202305,제주특별자치도,제주시,97,9
202305,제주특별자치도,제주시,98,5
202305,제주특별자치도,제주시,99,9
202305,제주특별자치도,제주시,100,17
202305,제주특별자치도,제주시,101,5
202305,제주특별자치도,제주시,102,7
202305,제주특별자치도,제주시,103,1
202305,제주특별자치도,제주시,106,1
202305,제주특별자치도,서귀포시,0,12
202305,제주특별자치도,서귀포시,1,22
202305,제주특별자치도,서귀포시,2,25
202305,제주특별자치도,서귀포시,3,27
202305,제주특별자치도,서귀포시,4,40
202305,제주특별자치도,서귀포시,5,40
202305,제주특별자치도,서귀포시,6,58
202305,제주특별자치도,서귀포시,7,83
202305,제주특별자치도,서귀포시,8,114
202305,제주특별자치도,서귀포시,9,93
202305,제주특별자치도,서귀포시,10,121
202305,제주특별자치도,서귀포시,11,143
202305,제주특별자치도,서귀포시,12,150
202305,제주특별자치도,서귀포시,13,166
202305,제주특별자치도,서귀포시,14,139
202305,제주특별자치도,서귀포시,15,154
202305,제주특별자치도,서귀포시,16,133
202305,제주특별자치도,서귀포시,17,154
202305,제주특별자치도,서귀포시,18,116
202305,제주특별자치도,서귀포시,19,108
202305,제주특별자치도,서귀포시,20,87
202305,제주특별자치도,서귀포시,21,68
202305,제주특별자치도,서귀포시,22,73
202305,제주특별자치도,서귀포시,23,67
202305,제주특별자치도,서귀포시,24,44
202305,제주특별자치도,서귀포시,25,33
202305,제주특별자치도,서귀포시,26,21
202305,제주특별자치도,서귀포시,27,20
202305,제주특별자치도,서귀포시,28,19
202305,제주특별자치도,서귀포시,29,23
202305,제주특별자치도,서귀포시,30,25
202305,제주특별자치도,서귀포시,31,26
202305,제주특별자치도,서귀포시,32,32
202305,제주특별자치도,서귀포시,33,37
202305,제주특별자치도,서귀포시,34,29
202305,제주특별자치도,서귀포시,35,31
202305,제주특별자치도,서귀포시,36,33
202305,제주특별자치도,서귀포시,37,43
202305,제주특별자치도,서귀포시,38,50
202305,제주특별자치도,서귀포시,39,52
202305,제주특별자치도,서귀포시,40,68
202305,제주특별자치도,서귀포시,41,82
202305,제주특별자치도,서귀포시,42,75
202305,제주특별자치도,서귀포시,43,81
202305,제주특별자치도,서귀포시,44,79
202305,제주특별자치도,서귀포시,45,85
202305,제주특별자치도,서귀포시,46,91
202305,제주특별자치도,서귀포시,47,105
202305,제주특별자치도,서귀포시,48,96
202305,제주특별자치도,서귀포시,49,121
202305,제주특별자치도,서귀포시,50,113
202305,제주특별자치도,서귀포시,51,124
202305,제주특별자치도,서귀포시,52,144
202305,제주특별자치도,서귀포시,53,140
202305,제주특별자치도,서귀포시,54,147
202305,제주특별자치도,서귀포시,55,141
202305,제주특별자치도,서귀포시,56,132
202305,제주특별자치도,서귀포시,57,150
202305,제주특별자치도,서귀포시,58,133
202305,제주특별자치도,서귀포시,59,125
202305,제주특별자치도,서귀포시,60,178
202305,제주특별자치도,서귀포시,61,162
202305,제주특별자치도,서귀포시,62,191
202305,제주특별자치도,서귀포시,63,176
202305,제주특별자치도,서귀포시,64,151
202305,제주특별자치도,서귀포시,65,194
202305,제주특별자치도,서귀포시,66,176
202305,제주특별자치도,서귀포시,67,193
202305,제주특별자치도,서귀포시,68,184
202305,제주특별자치도,서귀포시,69,130
202305,제주특별자치도,서귀포시,70,144
202305,제주특별자치도,서귀포시,71,135
202305,제주특별자치도,서귀포시,72,129
202305,제주특별자치도,서귀포시,73,127
202305,제주특별자치도,서귀포시,74,129
202305,제주특별자치도,서귀포시,75,134
202305,제주특별자치도,서귀포시,76,110
202305,제주특별자치도,서귀포시,77,90
202305,제주특별자치도,서귀포시,78,85
202305,제주특별자치도,서귀포시,79,94
202305,제주특별자치도,서귀포시,80,122
202305,제주특별자치도,서귀포시,81,127
202305,제주특별자치도,서귀포시,82,93
202305,제주특별자치도,서귀포시,83,87
202305,제주특별자치도,서귀포시,84,98
202305,제주특별자치도,서귀포시,85,83
202305,제주특별자치도,서귀포시,86,72
202305,제주특별자치도,서귀포시,87,77
202305,제주특별자치도,서귀포시,88,65
202305,제주특별자치도,서귀포시,89,58
202305,제주특별자치도,서귀포시,90,66
202305,제주특별자치도,서귀포시,91,46
202305,제주특별자치도,서귀포시,92,26
202305,제주특별자치도,서귀포시,93,29
202305,제주특별자치도,서귀포시,94,18
202305,제주특별자치도,서귀포시,95,15
202305,제주특별자치도,서귀포시,96,9
202305,제주특별자치도,서귀포시,97,5
202305,제주특별자치도,서귀포시,99,5
202305,제주특별자치도,서귀포시,100,5
202305,제주특별자치도,서귀포시,101,3
202305,제주특별자치도,서귀포시,102,2
202305,제주특별자치도,서귀포시,110,1
