통계연월,통계시도명,통계시군구명,연령,수급자수
201803,서울특별시,종로구,0,3
201803,서울특별시,종로구,1,3
201803,서울특별시,종로구,2,5
201803,서울특별시,종로구,3,4
201803,서울특별시,종로구,5,6
201803,서울특별시,종로구,6,3
201803,서울특별시,종로구,7,15
201803,서울특별시,종로구,8,19
201803,서울특별시,종로구,9,37
201803,서울특별시,종로구,10,28
201803,서울특별시,종로구,11,37
201803,서울특별시,종로구,12,34
201803,서울특별시,종로구,13,34
201803,서울특별시,종로구,14,40
201803,서울특별시,종로구,15,59
201803,서울특별시,종로구,16,65
201803,서울특별시,종로구,17,71
201803,서울특별시,종로구,18,50
201803,서울특별시,종로구,19,31
201803,서울특별시,종로구,20,36
201803,서울특별시,종로구,21,16
201803,서울특별시,종로구,22,20
201803,서울특별시,종로구,23,17
201803,서울특별시,종로구,24,15
201803,서울특별시,종로구,25,13
201803,서울특별시,종로구,26,6
201803,서울특별시,종로구,27,7
201803,서울특별시,종로구,28,8
201803,서울특별시,종로구,29,5
201803,서울특별시,종로구,30,7
201803,서울특별시,종로구,31,8
201803,서울특별시,종로구,32,6
201803,서울특별시,종로구,33,10
201803,서울특별시,종로구,34,7
201803,서울특별시,종로구,35,7
201803,서울특별시,종로구,36,10
201803,서울특별시,종로구,37,4
201803,서울특별시,종로구,38,7
201803,서울특별시,종로구,39,18
201803,서울특별시,종로구,40,21
201803,서울특별시,종로구,41,16
201803,서울특별시,종로구,42,17
201803,서울특별시,종로구,43,30
201803,서울특별시,종로구,44,33
201803,서울특별시,종로구,45,29
201803,서울특별시,종로구,46,39
201803,서울특별시,종로구,47,50
201803,서울특별시,종로구,48,35
201803,서울특별시,종로구,49,68
201803,서울특별시,종로구,50,48
201803,서울특별시,종로구,51,59
201803,서울특별시,종로구,52,60
201803,서울특별시,종로구,53,70
201803,서울특별시,종로구,54,76
201803,서울특별시,종로구,55,61
201803,서울특별시,종로구,56,79
201803,서울특별시,종로구,57,77
201803,서울특별시,종로구,58,64
201803,서울특별시,종로구,59,75
201803,서울특별시,종로구,60,83
201803,서울특별시,종로구,61,67
201803,서울특별시,종로구,62,79
201803,서울특별시,종로구,63,96
201803,서울특별시,종로구,64,57
201803,서울특별시,종로구,65,78
201803,서울특별시,종로구,66,82
201803,서울특별시,종로구,67,67
201803,서울특별시,종로구,68,66
201803,서울특별시,종로구,69,80
201803,서울특별시,종로구,70,66
201803,서울특별시,종로구,71,89
201803,서울특별시,종로구,72,70
201803,서울특별시,종로구,73,76
201803,서울특별시,종로구,74,69
201803,서울특별시,종로구,75,103
201803,서울특별시,종로구,76,80
201803,서울특별시,종로구,77,68
201803,서울특별시,종로구,78,68
201803,서울특별시,종로구,79,56
201803,서울특별시,종로구,80,51
201803,서울특별시,종로구,81,49
201803,서울특별시,종로구,82,35
201803,서울특별시,종로구,83,29
201803,서울특별시,종로구,84,27
201803,서울특별시,종로구,85,21
201803,서울특별시,종로구,86,17
201803,서울특별시,종로구,87,21
201803,서울특별시,종로구,88,15
201803,서울특별시,종로구,89,13
201803,서울특별시,종로구,90,13
201803,서울특별시,종로구,91,10
201803,서울특별시,종로구,92,8
201803,서울특별시,종로구,93,3
201803,서울특별시,종로구,94,2
201803,서울특별시,종로구,95,4
201803,서울특별시,종로구,96,3
201803,서울특별시,종로구,99,1
201803,서울특별시,종로구,100,1
201803,서울특별시,종로구,102,1
201803,서울특별시,종로구,103,1
201803,서울특별시,종로구,104,1
201803,서울특별시,중구,0,2
201803,서울특별시,중구,1,4
201803,서울특별시,중구,2,7
201803,서울특별시,중구,3,8
201803,서울특별시,중구,4,9
201803,서울특별시,중구,5,6
201803,서울특별시,중구,6,8
201803,서울특별시,중구,7,23
201803,서울특별시,중구,8,18
201803,서울특별시,중구,9,36
201803,서울특별시,중구,10,38
201803,서울특별시,중구,11,38
201803,서울특별시,중구,12,33
201803,서울특별시,중구,13,42
201803,서울특별시,중구,14,49
201803,서울특별시,중구,15,52
201803,서울특별시,중구,16,64
201803,서울특별시,중구,17,82
201803,서울특별시,중구,18,43
201803,서울특별시,중구,19,33
201803,서울특별시,중구,20,29
201803,서울특별시,중구,21,21
201803,서울특별시,중구,22,16
201803,서울특별시,중구,23,14
201803,서울특별시,중구,24,17
201803,서울특별시,중구,25,13
201803,서울특별시,중구,26,5
201803,서울특별시,중구,27,5
201803,서울특별시,중구,28,11
201803,서울특별시,중구,29,5
201803,서울특별시,중구,30,1
201803,서울특별시,중구,31,8
201803,서울특별시,중구,32,5
201803,서울특별시,중구,33,6
201803,서울특별시,중구,34,14
201803,서울특별시,중구,35,5
201803,서울특별시,중구,36,14
201803,서울특별시,중구,37,11
201803,서울특별시,중구,38,18
201803,서울특별시,중구,39,21
201803,서울특별시,중구,40,14
201803,서울특별시,중구,41,21
201803,서울특별시,중구,42,34
201803,서울특별시,중구,43,37
201803,서울특별시,중구,44,32
201803,서울특별시,중구,45,45
201803,서울특별시,중구,46,36
201803,서울특별시,중구,47,42
201803,서울특별시,중구,48,47
201803,서울특별시,중구,49,62
201803,서울특별시,중구,50,55
201803,서울특별시,중구,51,54
201803,서울특별시,중구,52,63
201803,서울특별시,중구,53,50
201803,서울특별시,중구,54,70
201803,서울특별시,중구,55,84
201803,서울특별시,중구,56,67
201803,서울특별시,중구,57,100
201803,서울특별시,중구,58,83
201803,서울특별시,중구,59,78
201803,서울특별시,중구,60,64
201803,서울특별시,중구,61,82
201803,서울특별시,중구,62,85
201803,서울특별시,중구,63,79
201803,서울특별시,중구,64,60
201803,서울특별시,중구,65,84
201803,서울특별시,중구,66,81
201803,서울특별시,중구,67,67
201803,서울특별시,중구,68,80
201803,서울특별시,중구,69,84
201803,서울특별시,중구,70,89
201803,서울특별시,중구,71,74
201803,서울특별시,중구,72,54
201803,서울특별시,중구,73,70
201803,서울특별시,중구,74,81
201803,서울특별시,중구,75,92
201803,서울특별시,중구,76,67
201803,서울특별시,중구,77,59
201803,서울특별시,중구,78,74
201803,서울특별시,중구,79,65
201803,서울특별시,중구,80,53
201803,서울특별시,중구,81,46
201803,서울특별시,중구,82,51
201803,서울특별시,중구,83,35
201803,서울특별시,중구,84,39
201803,서울특별시,중구,85,25
201803,서울특별시,중구,86,30
201803,서울특별시,중구,87,20
201803,서울특별시,중구,88,14
201803,서울특별시,중구,89,23
201803,서울특별시,중구,90,25
201803,서울특별시,중구,91,12
201803,서울특별시,중구,92,7
201803,서울특별시,중구,93,4
201803,서울특별시,중구,94,5
201803,서울특별시,중구,95,5
201803,서울특별시,중구,96,1
201803,서울특별시,용산구,0,4
201803,서울특별시,용산구,1,9
201803,서울특별시,용산구,2,10
201803,서울특별시,용산구,3,16
201803,서울특별시,용산구,4,12
201803,서울특별시,용산구,5,10
201803,서울특별시,용산구,6,20
201803,서울특별시,용산구,7,27
201803,서울특별시,용산구,8,39
201803,서울특별시,용산구,9,56
201803,서울특별시,용산구,10,51
201803,서울특별시,용산구,11,61
201803,서울특별시,용산구,12,48
201803,서울특별시,용산구,13,78
201803,서울특별시,용산구,14,80
201803,서울특별시,용산구,15,84
201803,서울특별시,용산구,16,113
201803,서울특별시,용산구,17,128
201803,서울특별시,용산구,18,97
201803,서울특별시,용산구,19,51
201803,서울특별시,용산구,20,39
201803,서울특별시,용산구,21,32
201803,서울특별시,용산구,22,43
201803,서울특별시,용산구,23,28
201803,서울특별시,용산구,24,24
201803,서울특별시,용산구,25,22
201803,서울특별시,용산구,26,13
201803,서울특별시,용산구,27,7
201803,서울특별시,용산구,28,9
201803,서울특별시,용산구,29,13
201803,서울특별시,용산구,30,11
201803,서울특별시,용산구,31,12
201803,서울특별시,용산구,32,11
201803,서울특별시,용산구,33,9
201803,서울특별시,용산구,34,13
201803,서울특별시,용산구,35,21
201803,서울특별시,용산구,36,15
201803,서울특별시,용산구,37,26
201803,서울특별시,용산구,38,28
201803,서울특별시,용산구,39,34
201803,서울특별시,용산구,40,31
201803,서울특별시,용산구,41,38
201803,서울특별시,용산구,42,38
201803,서울특별시,용산구,43,42
201803,서울특별시,용산구,44,49
201803,서울특별시,용산구,45,50
201803,서울특별시,용산구,46,65
201803,서울특별시,용산구,47,82
201803,서울특별시,용산구,48,79
201803,서울특별시,용산구,49,104
201803,서울특별시,용산구,50,79
201803,서울특별시,용산구,51,99
201803,서울특별시,용산구,52,92
201803,서울특별시,용산구,53,95
201803,서울특별시,용산구,54,99
201803,서울특별시,용산구,55,122
201803,서울특별시,용산구,56,128
201803,서울특별시,용산구,57,116
201803,서울특별시,용산구,58,122
201803,서울특별시,용산구,59,105
201803,서울특별시,용산구,60,109
201803,서울특별시,용산구,61,122
201803,서울특별시,용산구,62,111
201803,서울특별시,용산구,63,127
201803,서울특별시,용산구,64,99
201803,서울특별시,용산구,65,127
201803,서울특별시,용산구,66,111
201803,서울특별시,용산구,67,90
201803,서울특별시,용산구,68,110
201803,서울특별시,용산구,69,96
201803,서울특별시,용산구,70,117
201803,서울특별시,용산구,71,104
201803,서울특별시,용산구,72,95
201803,서울특별시,용산구,73,106
201803,서울특별시,용산구,74,77
201803,서울특별시,용산구,75,125
201803,서울특별시,용산구,76,112
201803,서울특별시,용산구,77,87
201803,서울특별시,용산구,78,89
201803,서울특별시,용산구,79,95
201803,서울특별시,용산구,80,88
201803,서울특별시,용산구,81,81
201803,서울특별시,용산구,82,72
201803,서울특별시,용산구,83,48
201803,서울특별시,용산구,84,47
201803,서울특별시,용산구,85,26
201803,서울특별시,용산구,86,27
201803,서울특별시,용산구,87,25
201803,서울특별시,용산구,88,24
201803,서울특별시,용산구,89,14
201803,서울특별시,용산구,90,16
201803,서울특별시,용산구,91,20
201803,서울특별시,용산구,92,12
201803,서울특별시,용산구,93,9
201803,서울특별시,용산구,94,5
201803,서울특별시,용산구,95,3
201803,서울특별시,용산구,96,4
201803,서울특별시,용산구,97,1
201803,서울특별시,용산구,98,1
201803,서울특별시,용산구,99,1
201803,서울특별시,용산구,100,1
201803,서울특별시,용산구,104,1
201803,서울특별시,성동구,0,7
201803,서울특별시,성동구,1,10
201803,서울특별시,성동구,2,11
201803,서울특별시,성동구,3,11
201803,서울특별시,성동구,4,15
201803,서울특별시,성동구,5,22
201803,서울특별시,성동구,6,24
201803,서울특별시,성동구,7,36
201803,서울특별시,성동구,8,47
201803,서울특별시,성동구,9,68
201803,서울특별시,성동구,10,93
201803,서울특별시,성동구,11,85
201803,서울특별시,성동구,12,84
201803,서울특별시,성동구,13,97
201803,서울특별시,성동구,14,137
201803,서울특별시,성동구,15,113
201803,서울특별시,성동구,16,151
201803,서울특별시,성동구,17,209
201803,서울특별시,성동구,18,145
201803,서울특별시,성동구,19,91
201803,서울특별시,성동구,20,86
201803,서울특별시,성동구,21,63
201803,서울특별시,성동구,22,73
201803,서울특별시,성동구,23,61
201803,서울특별시,성동구,24,52
201803,서울특별시,성동구,25,38
201803,서울특별시,성동구,26,32
201803,서울특별시,성동구,27,25
201803,서울특별시,성동구,28,17
201803,서울특별시,성동구,29,19
201803,서울특별시,성동구,30,13
201803,서울특별시,성동구,31,11
201803,서울특별시,성동구,32,18
201803,서울특별시,성동구,33,9
201803,서울특별시,성동구,34,13
201803,서울특별시,성동구,35,25
201803,서울특별시,성동구,36,20
201803,서울특별시,성동구,37,23
201803,서울특별시,성동구,38,29
201803,서울특별시,성동구,39,34
201803,서울특별시,성동구,40,39
201803,서울특별시,성동구,41,33
201803,서울특별시,성동구,42,43
201803,서울특별시,성동구,43,48
201803,서울특별시,성동구,44,65
201803,서울특별시,성동구,45,85
201803,서울특별시,성동구,46,74
201803,서울특별시,성동구,47,117
201803,서울특별시,성동구,48,108
201803,서울특별시,성동구,49,135
201803,서울특별시,성동구,50,126
201803,서울특별시,성동구,51,118
201803,서울특별시,성동구,52,115
201803,서울특별시,성동구,53,116
201803,서울특별시,성동구,54,110
201803,서울특별시,성동구,55,119
201803,서울특별시,성동구,56,122
201803,서울특별시,성동구,57,148
201803,서울특별시,성동구,58,156
201803,서울특별시,성동구,59,127
201803,서울특별시,성동구,60,140
201803,서울특별시,성동구,61,119
201803,서울특별시,성동구,62,113
201803,서울특별시,성동구,63,114
201803,서울특별시,성동구,64,93
201803,서울특별시,성동구,65,106
201803,서울특별시,성동구,66,92
201803,서울특별시,성동구,67,99
201803,서울특별시,성동구,68,117
201803,서울특별시,성동구,69,105
201803,서울특별시,성동구,70,102
201803,서울특별시,성동구,71,134
201803,서울특별시,성동구,72,93
201803,서울특별시,성동구,73,106
201803,서울특별시,성동구,74,93
201803,서울특별시,성동구,75,116
201803,서울특별시,성동구,76,126
201803,서울특별시,성동구,77,91
201803,서울특별시,성동구,78,109
201803,서울특별시,성동구,79,96
201803,서울특별시,성동구,80,88
201803,서울특별시,성동구,81,85
201803,서울특별시,성동구,82,72
201803,서울특별시,성동구,83,52
201803,서울특별시,성동구,84,52
201803,서울특별시,성동구,85,39
201803,서울특별시,성동구,86,47
201803,서울특별시,성동구,87,27
201803,서울특별시,성동구,88,25
201803,서울특별시,성동구,89,18
201803,서울특별시,성동구,90,12
201803,서울특별시,성동구,91,12
201803,서울특별시,성동구,92,14
201803,서울특별시,성동구,93,4
201803,서울특별시,성동구,94,10
201803,서울특별시,성동구,95,5
201803,서울특별시,성동구,96,3
201803,서울특별시,성동구,97,3
201803,서울특별시,광진구,0,6
201803,서울특별시,광진구,1,18
201803,서울특별시,광진구,2,16
201803,서울특별시,광진구,3,23
201803,서울특별시,광진구,4,21
201803,서울특별시,광진구,5,21
201803,서울특별시,광진구,6,25
201803,서울특별시,광진구,7,63
201803,서울특별시,광진구,8,82
201803,서울특별시,광진구,9,94
201803,서울특별시,광진구,10,119
201803,서울특별시,광진구,11,135
201803,서울특별시,광진구,12,114
201803,서울특별시,광진구,13,149
201803,서울특별시,광진구,14,159
201803,서울특별시,광진구,15,176
201803,서울특별시,광진구,16,207
201803,서울특별시,광진구,17,296
201803,서울특별시,광진구,18,160
201803,서울특별시,광진구,19,132
201803,서울특별시,광진구,20,94
201803,서울특별시,광진구,21,87
201803,서울특별시,광진구,22,86
201803,서울특별시,광진구,23,65
201803,서울특별시,광진구,24,48
201803,서울특별시,광진구,25,41
201803,서울특별시,광진구,26,33
201803,서울특별시,광진구,27,18
201803,서울특별시,광진구,28,16
201803,서울특별시,광진구,29,14
201803,서울특별시,광진구,30,13
201803,서울특별시,광진구,31,13
201803,서울특별시,광진구,32,19
201803,서울특별시,광진구,33,13
201803,서울특별시,광진구,34,25
201803,서울특별시,광진구,35,19
201803,서울특별시,광진구,36,28
201803,서울특별시,광진구,37,33
201803,서울특별시,광진구,38,45
201803,서울특별시,광진구,39,31
201803,서울특별시,광진구,40,40
201803,서울특별시,광진구,41,47
201803,서울특별시,광진구,42,48
201803,서울특별시,광진구,43,68
201803,서울특별시,광진구,44,91
201803,서울특별시,광진구,45,92
201803,서울특별시,광진구,46,100
201803,서울특별시,광진구,47,122
201803,서울특별시,광진구,48,115
201803,서울특별시,광진구,49,163
201803,서울특별시,광진구,50,118
201803,서울특별시,광진구,51,119
201803,서울특별시,광진구,52,124
201803,서울특별시,광진구,53,110
201803,서울특별시,광진구,54,110
201803,서울특별시,광진구,55,109
201803,서울특별시,광진구,56,139
201803,서울특별시,광진구,57,117
201803,서울특별시,광진구,58,129
201803,서울특별시,광진구,59,136
201803,서울특별시,광진구,60,122
201803,서울특별시,광진구,61,111
201803,서울특별시,광진구,62,110
201803,서울특별시,광진구,63,107
201803,서울특별시,광진구,64,81
201803,서울특별시,광진구,65,109
201803,서울특별시,광진구,66,94
201803,서울특별시,광진구,67,93
201803,서울특별시,광진구,68,91
201803,서울특별시,광진구,69,110
201803,서울특별시,광진구,70,126
201803,서울특별시,광진구,71,83
201803,서울특별시,광진구,72,81
201803,서울특별시,광진구,73,111
201803,서울특별시,광진구,74,84
201803,서울특별시,광진구,75,102
201803,서울특별시,광진구,76,100
201803,서울특별시,광진구,77,88
201803,서울특별시,광진구,78,70
201803,서울특별시,광진구,79,94
201803,서울특별시,광진구,80,61
201803,서울특별시,광진구,81,57
201803,서울특별시,광진구,82,56
201803,서울특별시,광진구,83,66
201803,서울특별시,광진구,84,47
201803,서울특별시,광진구,85,40
201803,서울특별시,광진구,86,38
201803,서울특별시,광진구,87,25
201803,서울특별시,광진구,88,21
201803,서울특별시,광진구,89,25
201803,서울특별시,광진구,90,17
201803,서울특별시,광진구,91,19
201803,서울특별시,광진구,92,4
201803,서울특별시,광진구,93,8
201803,서울특별시,광진구,94,4
201803,서울특별시,광진구,95,2
201803,서울특별시,광진구,96,1
201803,서울특별시,광진구,98,3
201803,서울특별시,광진구,100,1
201803,서울특별시,동대문구,0,16
201803,서울특별시,동대문구,1,22
201803,서울특별시,동대문구,2,18
201803,서울특별시,동대문구,3,18
201803,서울특별시,동대문구,4,33
201803,서울특별시,동대문구,5,25
201803,서울특별시,동대문구,6,36
201803,서울특별시,동대문구,7,77
201803,서울특별시,동대문구,8,93
201803,서울특별시,동대문구,9,100
201803,서울특별시,동대문구,10,137
201803,서울특별시,동대문구,11,141
201803,서울특별시,동대문구,12,129
201803,서울특별시,동대문구,13,140
201803,서울특별시,동대문구,14,164
201803,서울특별시,동대문구,15,191
201803,서울특별시,동대문구,16,217
201803,서울특별시,동대문구,17,305
201803,서울특별시,동대문구,18,186
201803,서울특별시,동대문구,19,116
201803,서울특별시,동대문구,20,90
201803,서울특별시,동대문구,21,78
201803,서울특별시,동대문구,22,81
201803,서울특별시,동대문구,23,78
201803,서울특별시,동대문구,24,66
201803,서울특별시,동대문구,25,58
201803,서울특별시,동대문구,26,40
201803,서울특별시,동대문구,27,39
201803,서울특별시,동대문구,28,24
201803,서울특별시,동대문구,29,23
201803,서울특별시,동대문구,30,25
201803,서울특별시,동대문구,31,13
201803,서울특별시,동대문구,32,24
201803,서울특별시,동대문구,33,35
201803,서울특별시,동대문구,34,40
201803,서울특별시,동대문구,35,31
201803,서울특별시,동대문구,36,31
201803,서울특별시,동대문구,37,45
201803,서울특별시,동대문구,38,50
201803,서울특별시,동대문구,39,54
201803,서울특별시,동대문구,40,55
201803,서울특별시,동대문구,41,63
201803,서울특별시,동대문구,42,78
201803,서울특별시,동대문구,43,65
201803,서울특별시,동대문구,44,109
201803,서울특별시,동대문구,45,105
201803,서울특별시,동대문구,46,121
201803,서울특별시,동대문구,47,147
201803,서울특별시,동대문구,48,122
201803,서울특별시,동대문구,49,178
201803,서울특별시,동대문구,50,164
201803,서울특별시,동대문구,51,167
201803,서울특별시,동대문구,52,186
201803,서울특별시,동대문구,53,199
201803,서울특별시,동대문구,54,194
201803,서울특별시,동대문구,55,185
201803,서울특별시,동대문구,56,209
201803,서울특별시,동대문구,57,219
201803,서울특별시,동대문구,58,199
201803,서울특별시,동대문구,59,213
201803,서울특별시,동대문구,60,208
201803,서울특별시,동대문구,61,215
201803,서울특별시,동대문구,62,189
201803,서울특별시,동대문구,63,210
201803,서울특별시,동대문구,64,204
201803,서울특별시,동대문구,65,210
201803,서울특별시,동대문구,66,173
201803,서울특별시,동대문구,67,188
201803,서울특별시,동대문구,68,218
201803,서울특별시,동대문구,69,200
201803,서울특별시,동대문구,70,189
201803,서울특별시,동대문구,71,211
201803,서울특별시,동대문구,72,176
201803,서울특별시,동대문구,73,187
201803,서울특별시,동대문구,74,205
201803,서울특별시,동대문구,75,243
201803,서울특별시,동대문구,76,201
201803,서울특별시,동대문구,77,194
201803,서울특별시,동대문구,78,185
201803,서울특별시,동대문구,79,163
201803,서울특별시,동대문구,80,130
201803,서울특별시,동대문구,81,139
201803,서울특별시,동대문구,82,139
201803,서울특별시,동대문구,83,87
201803,서울특별시,동대문구,84,82
201803,서울특별시,동대문구,85,59
201803,서울특별시,동대문구,86,54
201803,서울특별시,동대문구,87,53
201803,서울특별시,동대문구,88,35
201803,서울특별시,동대문구,89,26
201803,서울특별시,동대문구,90,20
201803,서울특별시,동대문구,91,19
201803,서울특별시,동대문구,92,12
201803,서울특별시,동대문구,93,11
201803,서울특별시,동대문구,94,8
201803,서울특별시,동대문구,95,8
201803,서울특별시,동대문구,96,5
201803,서울특별시,동대문구,97,1
201803,서울특별시,동대문구,98,4
201803,서울특별시,동대문구,100,1
201803,서울특별시,동대문구,101,1
201803,서울특별시,동대문구,103,2
201803,서울특별시,중랑구,0,14
201803,서울특별시,중랑구,1,31
201803,서울특별시,중랑구,2,23
201803,서울특별시,중랑구,3,31
201803,서울특별시,중랑구,4,44
201803,서울특별시,중랑구,5,51
201803,서울특별시,중랑구,6,64
201803,서울특별시,중랑구,7,140
201803,서울특별시,중랑구,8,157
201803,서울특별시,중랑구,9,215
201803,서울특별시,중랑구,10,230
201803,서울특별시,중랑구,11,264
201803,서울특별시,중랑구,12,247
201803,서울특별시,중랑구,13,267
201803,서울특별시,중랑구,14,338
201803,서울특별시,중랑구,15,336
201803,서울특별시,중랑구,16,422
201803,서울특별시,중랑구,17,516
201803,서울특별시,중랑구,18,305
201803,서울특별시,중랑구,19,193
201803,서울특별시,중랑구,20,156
201803,서울특별시,중랑구,21,117
201803,서울특별시,중랑구,22,107
201803,서울특별시,중랑구,23,112
201803,서울특별시,중랑구,24,93
201803,서울특별시,중랑구,25,57
201803,서울특별시,중랑구,26,51
201803,서울특별시,중랑구,27,34
201803,서울특별시,중랑구,28,29
201803,서울특별시,중랑구,29,33
201803,서울특별시,중랑구,30,32
201803,서울특별시,중랑구,31,30
201803,서울특별시,중랑구,32,35
201803,서울특별시,중랑구,33,37
201803,서울특별시,중랑구,34,45
201803,서울특별시,중랑구,35,66
201803,서울특별시,중랑구,36,60
201803,서울특별시,중랑구,37,60
201803,서울특별시,중랑구,38,89
201803,서울특별시,중랑구,39,78
201803,서울특별시,중랑구,40,70
201803,서울특별시,중랑구,41,89
201803,서울특별시,중랑구,42,108
201803,서울특별시,중랑구,43,126
201803,서울특별시,중랑구,44,162
201803,서울특별시,중랑구,45,150
201803,서울특별시,중랑구,46,180
201803,서울특별시,중랑구,47,199
201803,서울특별시,중랑구,48,243
201803,서울특별시,중랑구,49,234
201803,서울특별시,중랑구,50,228
201803,서울특별시,중랑구,51,238
201803,서울특별시,중랑구,52,221
201803,서울특별시,중랑구,53,261
201803,서울특별시,중랑구,54,214
201803,서울특별시,중랑구,55,249
201803,서울특별시,중랑구,56,245
201803,서울특별시,중랑구,57,299
201803,서울특별시,중랑구,58,263
201803,서울특별시,중랑구,59,265
201803,서울특별시,중랑구,60,241
201803,서울특별시,중랑구,61,255
201803,서울특별시,중랑구,62,240
201803,서울특별시,중랑구,63,235
201803,서울특별시,중랑구,64,195
201803,서울특별시,중랑구,65,220
201803,서울특별시,중랑구,66,178
201803,서울특별시,중랑구,67,228
201803,서울특별시,중랑구,68,212
201803,서울특별시,중랑구,69,244
201803,서울특별시,중랑구,70,218
201803,서울특별시,중랑구,71,230
201803,서울특별시,중랑구,72,199
201803,서울특별시,중랑구,73,224
201803,서울특별시,중랑구,74,174
201803,서울특별시,중랑구,75,233
201803,서울특별시,중랑구,76,224
201803,서울특별시,중랑구,77,183
201803,서울특별시,중랑구,78,173
201803,서울특별시,중랑구,79,167
201803,서울특별시,중랑구,80,151
201803,서울특별시,중랑구,81,120
201803,서울특별시,중랑구,82,125
201803,서울특별시,중랑구,83,135
201803,서울특별시,중랑구,84,117
201803,서울특별시,중랑구,85,74
201803,서울특별시,중랑구,86,67
201803,서울특별시,중랑구,87,64
201803,서울특별시,중랑구,88,43
201803,서울특별시,중랑구,89,49
201803,서울특별시,중랑구,90,31
201803,서울특별시,중랑구,91,28
201803,서울특별시,중랑구,92,19
201803,서울특별시,중랑구,93,14
201803,서울특별시,중랑구,94,5
201803,서울특별시,중랑구,95,3
201803,서울특별시,중랑구,96,2
201803,서울특별시,중랑구,97,7
201803,서울특별시,중랑구,98,4
201803,서울특별시,중랑구,99,1
201803,서울특별시,중랑구,104,2
201803,서울특별시,성북구,0,14
201803,서울특별시,성북구,1,30
201803,서울특별시,성북구,2,28
201803,서울특별시,성북구,3,39
201803,서울특별시,성북구,4,41
201803,서울특별시,성북구,5,47
201803,서울특별시,성북구,6,46
201803,서울특별시,성북구,7,93
201803,서울특별시,성북구,8,98
201803,서울특별시,성북구,9,113
201803,서울특별시,성북구,10,151
201803,서울특별시,성북구,11,192
201803,서울특별시,성북구,12,172
201803,서울특별시,성북구,13,212
201803,서울특별시,성북구,14,209
201803,서울특별시,성북구,15,254
201803,서울특별시,성북구,16,329
201803,서울특별시,성북구,17,356
201803,서울특별시,성북구,18,226
201803,서울특별시,성북구,19,175
201803,서울특별시,성북구,20,136
201803,서울특별시,성북구,21,127
201803,서울특별시,성북구,22,125
201803,서울특별시,성북구,23,110
201803,서울특별시,성북구,24,79
201803,서울특별시,성북구,25,87
201803,서울특별시,성북구,26,55
201803,서울특별시,성북구,27,47
201803,서울특별시,성북구,28,21
201803,서울특별시,성북구,29,21
201803,서울특별시,성북구,30,26
201803,서울특별시,성북구,31,31
201803,서울특별시,성북구,32,24
201803,서울특별시,성북구,33,27
201803,서울특별시,성북구,34,33
201803,서울특별시,성북구,35,31
201803,서울특별시,성북구,36,50
201803,서울특별시,성북구,37,51
201803,서울특별시,성북구,38,47
201803,서울특별시,성북구,39,48
201803,서울특별시,성북구,40,71
201803,서울특별시,성북구,41,80
201803,서울특별시,성북구,42,89
201803,서울특별시,성북구,43,114
201803,서울특별시,성북구,44,139
201803,서울특별시,성북구,45,133
201803,서울특별시,성북구,46,146
201803,서울특별시,성북구,47,149
201803,서울특별시,성북구,48,175
201803,서울특별시,성북구,49,167
201803,서울특별시,성북구,50,191
201803,서울특별시,성북구,51,176
201803,서울특별시,성북구,52,192
201803,서울특별시,성북구,53,169
201803,서울특별시,성북구,54,171
201803,서울특별시,성북구,55,203
201803,서울특별시,성북구,56,196
201803,서울특별시,성북구,57,223
201803,서울특별시,성북구,58,198
201803,서울특별시,성북구,59,174
201803,서울특별시,성북구,60,217
201803,서울특별시,성북구,61,180
201803,서울특별시,성북구,62,206
201803,서울특별시,성북구,63,197
201803,서울특별시,성북구,64,158
201803,서울특별시,성북구,65,192
201803,서울특별시,성북구,66,167
201803,서울특별시,성북구,67,168
201803,서울특별시,성북구,68,143
201803,서울특별시,성북구,69,186
201803,서울특별시,성북구,70,201
201803,서울특별시,성북구,71,212
201803,서울특별시,성북구,72,145
201803,서울특별시,성북구,73,177
201803,서울특별시,성북구,74,185
201803,서울특별시,성북구,75,223
201803,서울특별시,성북구,76,222
201803,서울특별시,성북구,77,175
201803,서울특별시,성북구,78,179
201803,서울특별시,성북구,79,175
201803,서울특별시,성북구,80,161
201803,서울특별시,성북구,81,128
201803,서울특별시,성북구,82,124
201803,서울특별시,성북구,83,98
201803,서울특별시,성북구,84,63
201803,서울특별시,성북구,85,69
201803,서울특별시,성북구,86,58
201803,서울특별시,성북구,87,37
201803,서울특별시,성북구,88,56
201803,서울특별시,성북구,89,37
201803,서울특별시,성북구,90,34
201803,서울특별시,성북구,91,33
201803,서울특별시,성북구,92,12
201803,서울특별시,성북구,93,15
201803,서울특별시,성북구,94,11
201803,서울특별시,성북구,95,11
201803,서울특별시,성북구,96,7
201803,서울특별시,성북구,97,5
201803,서울특별시,성북구,100,1
201803,서울특별시,성북구,106,1
201803,서울특별시,강북구,0,14
201803,서울특별시,강북구,1,20
201803,서울특별시,강북구,2,31
201803,서울특별시,강북구,3,37
201803,서울특별시,강북구,4,42
201803,서울특별시,강북구,5,60
201803,서울특별시,강북구,6,53
201803,서울특별시,강북구,7,111
201803,서울특별시,강북구,8,124
201803,서울특별시,강북구,9,180
201803,서울특별시,강북구,10,187
201803,서울특별시,강북구,11,182
201803,서울특별시,강북구,12,189
201803,서울특별시,강북구,13,250
201803,서울특별시,강북구,14,272
201803,서울특별시,강북구,15,282
201803,서울특별시,강북구,16,344
201803,서울특별시,강북구,17,423
201803,서울특별시,강북구,18,293
201803,서울특별시,강북구,19,247
201803,서울특별시,강북구,20,179
201803,서울특별시,강북구,21,151
201803,서울특별시,강북구,22,138
201803,서울특별시,강북구,23,123
201803,서울특별시,강북구,24,108
201803,서울특별시,강북구,25,96
201803,서울특별시,강북구,26,76
201803,서울특별시,강북구,27,49
201803,서울특별시,강북구,28,42
201803,서울특별시,강북구,29,40
201803,서울특별시,강북구,30,21
201803,서울특별시,강북구,31,32
201803,서울특별시,강북구,32,36
201803,서울특별시,강북구,33,37
201803,서울특별시,강북구,34,45
201803,서울특별시,강북구,35,60
201803,서울특별시,강북구,36,60
201803,서울특별시,강북구,37,63
201803,서울특별시,강북구,38,78
201803,서울특별시,강북구,39,66
201803,서울특별시,강북구,40,92
201803,서울특별시,강북구,41,100
201803,서울특별시,강북구,42,118
201803,서울특별시,강북구,43,135
201803,서울특별시,강북구,44,153
201803,서울특별시,강북구,45,203
201803,서울특별시,강북구,46,215
201803,서울특별시,강북구,47,210
201803,서울특별시,강북구,48,243
201803,서울특별시,강북구,49,245
201803,서울특별시,강북구,50,239
201803,서울특별시,강북구,51,213
201803,서울특별시,강북구,52,226
201803,서울특별시,강북구,53,258
201803,서울특별시,강북구,54,232
201803,서울특별시,강북구,55,245
201803,서울특별시,강북구,56,244
201803,서울특별시,강북구,57,271
201803,서울특별시,강북구,58,278
201803,서울특별시,강북구,59,240
201803,서울특별시,강북구,60,251
201803,서울특별시,강북구,61,216
201803,서울특별시,강북구,62,238
201803,서울특별시,강북구,63,218
201803,서울특별시,강북구,64,206
201803,서울특별시,강북구,65,209
201803,서울특별시,강북구,66,214
201803,서울특별시,강북구,67,191
201803,서울특별시,강북구,68,199
201803,서울특별시,강북구,69,203
201803,서울특별시,강북구,70,260
201803,서울특별시,강북구,71,230
201803,서울특별시,강북구,72,202
201803,서울특별시,강북구,73,198
201803,서울특별시,강북구,74,228
201803,서울특별시,강북구,75,291
201803,서울특별시,강북구,76,264
201803,서울특별시,강북구,77,198
201803,서울특별시,강북구,78,210
201803,서울특별시,강북구,79,189
201803,서울특별시,강북구,80,160
201803,서울특별시,강북구,81,167
201803,서울특별시,강북구,82,151
201803,서울특별시,강북구,83,113
201803,서울특별시,강북구,84,102
201803,서울특별시,강북구,85,98
201803,서울특별시,강북구,86,66
201803,서울특별시,강북구,87,60
201803,서울특별시,강북구,88,42
201803,서울특별시,강북구,89,55
201803,서울특별시,강북구,90,46
201803,서울특별시,강북구,91,25
201803,서울특별시,강북구,92,16
201803,서울특별시,강북구,93,17
201803,서울특별시,강북구,94,13
201803,서울특별시,강북구,95,6
201803,서울특별시,강북구,96,14
201803,서울특별시,강북구,97,4
201803,서울특별시,강북구,98,1
201803,서울특별시,강북구,100,1
201803,서울특별시,강북구,101,1
201803,서울특별시,강북구,102,1
201803,서울특별시,강북구,106,1
201803,서울특별시,도봉구,0,20
201803,서울특별시,도봉구,1,30
201803,서울특별시,도봉구,2,27
201803,서울특별시,도봉구,3,30
201803,서울특별시,도봉구,4,40
201803,서울특별시,도봉구,5,29
201803,서울특별시,도봉구,6,63
201803,서울특별시,도봉구,7,123
201803,서울특별시,도봉구,8,100
201803,서울특별시,도봉구,9,131
201803,서울특별시,도봉구,10,158
201803,서울특별시,도봉구,11,167
201803,서울특별시,도봉구,12,173
201803,서울특별시,도봉구,13,220
201803,서울특별시,도봉구,14,234
201803,서울특별시,도봉구,15,270
201803,서울특별시,도봉구,16,319
201803,서울특별시,도봉구,17,391
201803,서울특별시,도봉구,18,231
201803,서울특별시,도봉구,19,157
201803,서울특별시,도봉구,20,131
201803,서울특별시,도봉구,21,106
201803,서울특별시,도봉구,22,116
201803,서울특별시,도봉구,23,87
201803,서울특별시,도봉구,24,83
201803,서울특별시,도봉구,25,68
201803,서울특별시,도봉구,26,42
201803,서울특별시,도봉구,27,30
201803,서울특별시,도봉구,28,25
201803,서울특별시,도봉구,29,25
201803,서울특별시,도봉구,30,19
201803,서울특별시,도봉구,31,17
201803,서울특별시,도봉구,32,28
201803,서울특별시,도봉구,33,38
201803,서울특별시,도봉구,34,40
201803,서울특별시,도봉구,35,39
201803,서울특별시,도봉구,36,50
201803,서울특별시,도봉구,37,51
201803,서울특별시,도봉구,38,60
201803,서울특별시,도봉구,39,66
201803,서울특별시,도봉구,40,60
201803,서울특별시,도봉구,41,64
201803,서울특별시,도봉구,42,84
201803,서울특별시,도봉구,43,103
201803,서울특별시,도봉구,44,120
201803,서울특별시,도봉구,45,127
201803,서울특별시,도봉구,46,144
201803,서울특별시,도봉구,47,159
201803,서울특별시,도봉구,48,170
201803,서울특별시,도봉구,49,178
201803,서울특별시,도봉구,50,176
201803,서울특별시,도봉구,51,162
201803,서울특별시,도봉구,52,157
201803,서울특별시,도봉구,53,142
201803,서울특별시,도봉구,54,154
201803,서울특별시,도봉구,55,137
201803,서울특별시,도봉구,56,162
201803,서울특별시,도봉구,57,171
201803,서울특별시,도봉구,58,147
201803,서울특별시,도봉구,59,139
201803,서울특별시,도봉구,60,157
201803,서울특별시,도봉구,61,135
201803,서울특별시,도봉구,62,139
201803,서울특별시,도봉구,63,125
201803,서울특별시,도봉구,64,109
201803,서울특별시,도봉구,65,136
201803,서울특별시,도봉구,66,103
201803,서울특별시,도봉구,67,119
201803,서울특별시,도봉구,68,135
201803,서울특별시,도봉구,69,129
201803,서울특별시,도봉구,70,143
201803,서울특별시,도봉구,71,134
201803,서울특별시,도봉구,72,128
201803,서울특별시,도봉구,73,131
201803,서울특별시,도봉구,74,128
201803,서울특별시,도봉구,75,158
201803,서울특별시,도봉구,76,165
201803,서울특별시,도봉구,77,138
201803,서울특별시,도봉구,78,132
201803,서울특별시,도봉구,79,135
201803,서울특별시,도봉구,80,111
201803,서울특별시,도봉구,81,118
201803,서울특별시,도봉구,82,82
201803,서울특별시,도봉구,83,63
201803,서울특별시,도봉구,84,67
201803,서울특별시,도봉구,85,62
201803,서울특별시,도봉구,86,41
201803,서울특별시,도봉구,87,48
201803,서울특별시,도봉구,88,53
201803,서울특별시,도봉구,89,35
201803,서울특별시,도봉구,90,21
201803,서울특별시,도봉구,91,24
201803,서울특별시,도봉구,92,18
201803,서울특별시,도봉구,93,8
201803,서울특별시,도봉구,94,10
201803,서울특별시,도봉구,95,11
201803,서울특별시,도봉구,96,3
201803,서울특별시,도봉구,97,2
201803,서울특별시,도봉구,98,3
201803,서울특별시,도봉구,99,1
201803,서울특별시,도봉구,100,1
201803,서울특별시,도봉구,104,2
201803,서울특별시,노원구,0,26
201803,서울특별시,노원구,1,36
201803,서울특별시,노원구,2,52
201803,서울특별시,노원구,3,59
201803,서울특별시,노원구,4,69
201803,서울특별시,노원구,5,92
201803,서울특별시,노원구,6,79
201803,서울특별시,노원구,7,115
201803,서울특별시,노원구,8,143
201803,서울특별시,노원구,9,212
201803,서울특별시,노원구,10,244
201803,서울특별시,노원구,11,244
201803,서울특별시,노원구,12,230
201803,서울특별시,노원구,13,251
201803,서울특별시,노원구,14,324
201803,서울특별시,노원구,15,370
201803,서울특별시,노원구,16,426
201803,서울특별시,노원구,17,575
201803,서울특별시,노원구,18,419
201803,서울특별시,노원구,19,358
201803,서울특별시,노원구,20,305
201803,서울특별시,노원구,21,287
201803,서울특별시,노원구,22,248
201803,서울특별시,노원구,23,226
201803,서울특별시,노원구,24,231
201803,서울특별시,노원구,25,162
201803,서울특별시,노원구,26,141
201803,서울특별시,노원구,27,107
201803,서울특별시,노원구,28,88
201803,서울특별시,노원구,29,98
201803,서울특별시,노원구,30,72
201803,서울특별시,노원구,31,71
201803,서울특별시,노원구,32,65
201803,서울특별시,노원구,33,89
201803,서울특별시,노원구,34,69
201803,서울특별시,노원구,35,89
201803,서울특별시,노원구,36,112
201803,서울특별시,노원구,37,119
201803,서울특별시,노원구,38,120
201803,서울특별시,노원구,39,146
201803,서울특별시,노원구,40,157
201803,서울특별시,노원구,41,152
201803,서울특별시,노원구,42,192
201803,서울특별시,노원구,43,194
201803,서울특별시,노원구,44,222
201803,서울특별시,노원구,45,269
201803,서울특별시,노원구,46,313
201803,서울특별시,노원구,47,328
201803,서울특별시,노원구,48,369
201803,서울특별시,노원구,49,406
201803,서울특별시,노원구,50,405
201803,서울특별시,노원구,51,389
201803,서울특별시,노원구,52,382
201803,서울특별시,노원구,53,415
201803,서울특별시,노원구,54,364
201803,서울특별시,노원구,55,431
201803,서울특별시,노원구,56,459
201803,서울특별시,노원구,57,480
201803,서울특별시,노원구,58,479
201803,서울특별시,노원구,59,475
201803,서울특별시,노원구,60,436
201803,서울특별시,노원구,61,406
201803,서울특별시,노원구,62,395
201803,서울특별시,노원구,63,378
201803,서울특별시,노원구,64,348
201803,서울특별시,노원구,65,401
201803,서울특별시,노원구,66,307
201803,서울특별시,노원구,67,296
201803,서울특별시,노원구,68,363
201803,서울특별시,노원구,69,384
201803,서울특별시,노원구,70,344
201803,서울특별시,노원구,71,366
201803,서울특별시,노원구,72,291
201803,서울특별시,노원구,73,331
201803,서울특별시,노원구,74,351
201803,서울특별시,노원구,75,423
201803,서울특별시,노원구,76,426
201803,서울특별시,노원구,77,368
201803,서울특별시,노원구,78,335
201803,서울특별시,노원구,79,304
201803,서울특별시,노원구,80,285
201803,서울특별시,노원구,81,247
201803,서울특별시,노원구,82,217
201803,서울특별시,노원구,83,198
201803,서울특별시,노원구,84,197
201803,서울특별시,노원구,85,155
201803,서울특별시,노원구,86,138
201803,서울특별시,노원구,87,82
201803,서울특별시,노원구,88,90
201803,서울특별시,노원구,89,77
201803,서울특별시,노원구,90,62
201803,서울특별시,노원구,91,54
201803,서울특별시,노원구,92,26
201803,서울특별시,노원구,93,33
201803,서울특별시,노원구,94,18
201803,서울특별시,노원구,95,18
201803,서울특별시,노원구,96,13
201803,서울특별시,노원구,97,8
201803,서울특별시,노원구,98,5
201803,서울특별시,노원구,99,5
201803,서울특별시,노원구,100,3
201803,서울특별시,노원구,101,1
201803,서울특별시,노원구,102,2
201803,서울특별시,은평구,0,16
201803,서울특별시,은평구,1,25
201803,서울특별시,은평구,2,29
201803,서울특별시,은평구,3,54
201803,서울특별시,은평구,4,47
201803,서울특별시,은평구,5,54
201803,서울특별시,은평구,6,89
201803,서울특별시,은평구,7,148
201803,서울특별시,은평구,8,162
201803,서울특별시,은평구,9,203
201803,서울특별시,은평구,10,216
201803,서울특별시,은평구,11,220
201803,서울특별시,은평구,12,258
201803,서울특별시,은평구,13,267
201803,서울특별시,은평구,14,323
201803,서울특별시,은평구,15,364
201803,서울특별시,은평구,16,417
201803,서울특별시,은평구,17,518
201803,서울특별시,은평구,18,336
201803,서울특별시,은평구,19,258
201803,서울특별시,은평구,20,196
201803,서울특별시,은평구,21,159
201803,서울특별시,은평구,22,149
201803,서울특별시,은평구,23,149
201803,서울특별시,은평구,24,118
201803,서울특별시,은평구,25,108
201803,서울특별시,은평구,26,60
201803,서울특별시,은평구,27,47
201803,서울특별시,은평구,28,44
201803,서울특별시,은평구,29,29
201803,서울특별시,은평구,30,33
201803,서울특별시,은평구,31,23
201803,서울특별시,은평구,32,38
201803,서울특별시,은평구,33,37
201803,서울특별시,은평구,34,51
201803,서울특별시,은평구,35,44
201803,서울특별시,은평구,36,47
201803,서울특별시,은평구,37,77
201803,서울특별시,은평구,38,76
201803,서울특별시,은평구,39,86
201803,서울특별시,은평구,40,85
201803,서울특별시,은평구,41,116
201803,서울특별시,은평구,42,122
201803,서울특별시,은평구,43,137
201803,서울특별시,은평구,44,155
201803,서울특별시,은평구,45,199
201803,서울특별시,은평구,46,192
201803,서울특별시,은평구,47,209
201803,서울특별시,은평구,48,204
201803,서울특별시,은평구,49,230
201803,서울특별시,은평구,50,227
201803,서울특별시,은평구,51,180
201803,서울특별시,은평구,52,201
201803,서울특별시,은평구,53,208
201803,서울특별시,은평구,54,225
201803,서울특별시,은평구,55,250
201803,서울특별시,은평구,56,237
201803,서울특별시,은평구,57,246
201803,서울특별시,은평구,58,221
201803,서울특별시,은평구,59,225
201803,서울특별시,은평구,60,229
201803,서울특별시,은평구,61,206
201803,서울특별시,은평구,62,209
201803,서울특별시,은평구,63,197
201803,서울특별시,은평구,64,172
201803,서울특별시,은평구,65,209
201803,서울특별시,은평구,66,196
201803,서울특별시,은평구,67,198
201803,서울특별시,은평구,68,242
201803,서울특별시,은평구,69,247
201803,서울특별시,은평구,70,246
201803,서울특별시,은평구,71,293
201803,서울특별시,은평구,72,194
201803,서울특별시,은평구,73,222
201803,서울특별시,은평구,74,224
201803,서울특별시,은평구,75,268
201803,서울특별시,은평구,76,256
201803,서울특별시,은평구,77,207
201803,서울특별시,은평구,78,218
201803,서울특별시,은평구,79,173
201803,서울특별시,은평구,80,184
201803,서울특별시,은평구,81,164
201803,서울특별시,은평구,82,158
201803,서울특별시,은평구,83,135
201803,서울특별시,은평구,84,87
201803,서울특별시,은평구,85,88
201803,서울특별시,은평구,86,74
201803,서울특별시,은평구,87,64
201803,서울특별시,은평구,88,50
201803,서울특별시,은평구,89,49
201803,서울특별시,은평구,90,40
201803,서울특별시,은평구,91,31
201803,서울특별시,은평구,92,11
201803,서울특별시,은평구,93,18
201803,서울특별시,은평구,94,10
201803,서울특별시,은평구,95,7
201803,서울특별시,은평구,96,4
201803,서울특별시,은평구,97,3
201803,서울특별시,은평구,98,2
201803,서울특별시,은평구,100,2
201803,서울특별시,은평구,105,1
201803,서울특별시,서대문구,0,149
201803,서울특별시,서대문구,1,109
201803,서울특별시,서대문구,2,37
201803,서울특별시,서대문구,3,29
201803,서울특별시,서대문구,4,8
201803,서울특별시,서대문구,5,15
201803,서울특별시,서대문구,6,21
201803,서울특별시,서대문구,7,47
201803,서울특별시,서대문구,8,60
201803,서울특별시,서대문구,9,63
201803,서울특별시,서대문구,10,82
201803,서울특별시,서대문구,11,90
201803,서울특별시,서대문구,12,95
201803,서울특별시,서대문구,13,111
201803,서울특별시,서대문구,14,112
201803,서울특별시,서대문구,15,149
201803,서울특별시,서대문구,16,177
201803,서울특별시,서대문구,17,208
201803,서울특별시,서대문구,18,98
201803,서울특별시,서대문구,19,101
201803,서울특별시,서대문구,20,63
201803,서울특별시,서대문구,21,64
201803,서울특별시,서대문구,22,71
201803,서울특별시,서대문구,23,63
201803,서울특별시,서대문구,24,48
201803,서울특별시,서대문구,25,38
201803,서울특별시,서대문구,26,30
201803,서울특별시,서대문구,27,21
201803,서울특별시,서대문구,28,20
201803,서울특별시,서대문구,29,11
201803,서울특별시,서대문구,30,13
201803,서울특별시,서대문구,31,14
201803,서울특별시,서대문구,32,10
201803,서울특별시,서대문구,33,17
201803,서울특별시,서대문구,34,27
201803,서울특별시,서대문구,35,25
201803,서울특별시,서대문구,36,26
201803,서울특별시,서대문구,37,30
201803,서울특별시,서대문구,38,20
201803,서울특별시,서대문구,39,28
201803,서울특별시,서대문구,40,20
201803,서울특별시,서대문구,41,41
201803,서울특별시,서대문구,42,45
201803,서울특별시,서대문구,43,49
201803,서울특별시,서대문구,44,66
201803,서울특별시,서대문구,45,71
201803,서울특별시,서대문구,46,85
201803,서울특별시,서대문구,47,91
201803,서울특별시,서대문구,48,98
201803,서울특별시,서대문구,49,95
201803,서울특별시,서대문구,50,96
201803,서울특별시,서대문구,51,98
201803,서울특별시,서대문구,52,97
201803,서울특별시,서대문구,53,101
201803,서울특별시,서대문구,54,102
201803,서울특별시,서대문구,55,132
201803,서울특별시,서대문구,56,115
201803,서울특별시,서대문구,57,136
201803,서울특별시,서대문구,58,106
201803,서울특별시,서대문구,59,98
201803,서울특별시,서대문구,60,109
201803,서울특별시,서대문구,61,108
201803,서울특별시,서대문구,62,118
201803,서울특별시,서대문구,63,122
201803,서울특별시,서대문구,64,75
201803,서울특별시,서대문구,65,109
201803,서울특별시,서대문구,66,85
201803,서울특별시,서대문구,67,101
201803,서울특별시,서대문구,68,117
201803,서울특별시,서대문구,69,107
201803,서울특별시,서대문구,70,126
201803,서울특별시,서대문구,71,124
201803,서울특별시,서대문구,72,92
201803,서울특별시,서대문구,73,92
201803,서울특별시,서대문구,74,97
201803,서울특별시,서대문구,75,129
201803,서울특별시,서대문구,76,152
201803,서울특별시,서대문구,77,130
201803,서울특별시,서대문구,78,131
201803,서울특별시,서대문구,79,95
201803,서울특별시,서대문구,80,91
201803,서울특별시,서대문구,81,73
201803,서울특별시,서대문구,82,76
201803,서울특별시,서대문구,83,82
201803,서울특별시,서대문구,84,52
201803,서울특별시,서대문구,85,36
201803,서울특별시,서대문구,86,43
201803,서울특별시,서대문구,87,29
201803,서울특별시,서대문구,88,41
201803,서울특별시,서대문구,89,26
201803,서울특별시,서대문구,90,19
201803,서울특별시,서대문구,91,18
201803,서울특별시,서대문구,92,9
201803,서울특별시,서대문구,93,7
201803,서울특별시,서대문구,94,6
201803,서울특별시,서대문구,95,5
201803,서울특별시,서대문구,96,1
201803,서울특별시,서대문구,97,2
201803,서울특별시,서대문구,99,1
201803,서울특별시,서대문구,100,1
201803,서울특별시,서대문구,102,1
201803,서울특별시,마포구,0,29
201803,서울특별시,마포구,1,25
201803,서울특별시,마포구,2,13
201803,서울특별시,마포구,3,16
201803,서울특별시,마포구,4,13
201803,서울특별시,마포구,5,16
201803,서울특별시,마포구,6,24
201803,서울특별시,마포구,7,36
201803,서울특별시,마포구,8,49
201803,서울특별시,마포구,9,63
201803,서울특별시,마포구,10,47
201803,서울특별시,마포구,11,63
201803,서울특별시,마포구,12,73
201803,서울특별시,마포구,13,79
201803,서울특별시,마포구,14,101
201803,서울특별시,마포구,15,111
201803,서울특별시,마포구,16,127
201803,서울특별시,마포구,17,164
201803,서울특별시,마포구,18,154
201803,서울특별시,마포구,19,96
201803,서울특별시,마포구,20,98
201803,서울특별시,마포구,21,85
201803,서울특별시,마포구,22,87
201803,서울특별시,마포구,23,64
201803,서울특별시,마포구,24,56
201803,서울특별시,마포구,25,44
201803,서울특별시,마포구,26,37
201803,서울특별시,마포구,27,31
201803,서울특별시,마포구,28,24
201803,서울특별시,마포구,29,14
201803,서울특별시,마포구,30,22
201803,서울특별시,마포구,31,21
201803,서울특별시,마포구,32,24
201803,서울특별시,마포구,33,27
201803,서울특별시,마포구,34,34
201803,서울특별시,마포구,35,32
201803,서울특별시,마포구,36,27
201803,서울특별시,마포구,37,21
201803,서울특별시,마포구,38,35
201803,서울특별시,마포구,39,32
201803,서울특별시,마포구,40,43
201803,서울특별시,마포구,41,40
201803,서울특별시,마포구,42,40
201803,서울특별시,마포구,43,69
201803,서울특별시,마포구,44,94
201803,서울특별시,마포구,45,63
201803,서울특별시,마포구,46,73
201803,서울특별시,마포구,47,105
201803,서울특별시,마포구,48,115
201803,서울특별시,마포구,49,120
201803,서울특별시,마포구,50,117
201803,서울특별시,마포구,51,96
201803,서울특별시,마포구,52,111
201803,서울특별시,마포구,53,116
201803,서울특별시,마포구,54,117
201803,서울특별시,마포구,55,135
201803,서울특별시,마포구,56,138
201803,서울특별시,마포구,57,136
201803,서울특별시,마포구,58,142
201803,서울특별시,마포구,59,140
201803,서울특별시,마포구,60,108
201803,서울특별시,마포구,61,106
201803,서울특별시,마포구,62,105
201803,서울특별시,마포구,63,142
201803,서울특별시,마포구,64,110
201803,서울특별시,마포구,65,122
201803,서울특별시,마포구,66,91
201803,서울특별시,마포구,67,98
201803,서울특별시,마포구,68,123
201803,서울특별시,마포구,69,118
201803,서울특별시,마포구,70,136
201803,서울특별시,마포구,71,127
201803,서울특별시,마포구,72,113
201803,서울특별시,마포구,73,127
201803,서울특별시,마포구,74,106
201803,서울특별시,마포구,75,144
201803,서울특별시,마포구,76,144
201803,서울특별시,마포구,77,112
201803,서울특별시,마포구,78,108
201803,서울특별시,마포구,79,94
201803,서울특별시,마포구,80,89
201803,서울특별시,마포구,81,97
201803,서울특별시,마포구,82,102
201803,서울특별시,마포구,83,74
201803,서울특별시,마포구,84,60
201803,서울특별시,마포구,85,51
201803,서울특별시,마포구,86,45
201803,서울특별시,마포구,87,24
201803,서울특별시,마포구,88,32
201803,서울특별시,마포구,89,27
201803,서울특별시,마포구,90,21
201803,서울특별시,마포구,91,9
201803,서울특별시,마포구,92,14
201803,서울특별시,마포구,93,12
201803,서울특별시,마포구,94,1
201803,서울특별시,마포구,95,9
201803,서울특별시,마포구,96,3
201803,서울특별시,마포구,97,3
201803,서울특별시,마포구,98,1
201803,서울특별시,마포구,99,3
201803,서울특별시,마포구,100,1
201803,서울특별시,마포구,101,1
201803,서울특별시,마포구,103,1
201803,서울특별시,마포구,104,1
201803,서울특별시,양천구,0,17
201803,서울특별시,양천구,1,29
201803,서울특별시,양천구,2,15
201803,서울특별시,양천구,3,23
201803,서울특별시,양천구,4,40
201803,서울특별시,양천구,5,34
201803,서울특별시,양천구,6,40
201803,서울특별시,양천구,7,82
201803,서울특별시,양천구,8,115
201803,서울특별시,양천구,9,148
201803,서울특별시,양천구,10,188
201803,서울특별시,양천구,11,157
201803,서울특별시,양천구,12,155
201803,서울특별시,양천구,13,200
201803,서울특별시,양천구,14,223
201803,서울특별시,양천구,15,252
201803,서울특별시,양천구,16,303
201803,서울특별시,양천구,17,363
201803,서울특별시,양천구,18,251
201803,서울특별시,양천구,19,146
201803,서울특별시,양천구,20,139
201803,서울특별시,양천구,21,110
201803,서울특별시,양천구,22,100
201803,서울특별시,양천구,23,78
201803,서울특별시,양천구,24,68
201803,서울특별시,양천구,25,43
201803,서울특별시,양천구,26,41
201803,서울특별시,양천구,27,28
201803,서울특별시,양천구,28,22
201803,서울특별시,양천구,29,25
201803,서울특별시,양천구,30,31
201803,서울특별시,양천구,31,27
201803,서울특별시,양천구,32,32
201803,서울특별시,양천구,33,24
201803,서울특별시,양천구,34,20
201803,서울특별시,양천구,35,35
201803,서울특별시,양천구,36,31
201803,서울특별시,양천구,37,54
201803,서울특별시,양천구,38,66
201803,서울특별시,양천구,39,64
201803,서울특별시,양천구,40,60
201803,서울특별시,양천구,41,57
201803,서울특별시,양천구,42,72
201803,서울특별시,양천구,43,106
201803,서울특별시,양천구,44,113
201803,서울특별시,양천구,45,114
201803,서울특별시,양천구,46,115
201803,서울특별시,양천구,47,143
201803,서울특별시,양천구,48,118
201803,서울특별시,양천구,49,152
201803,서울특별시,양천구,50,146
201803,서울특별시,양천구,51,138
201803,서울특별시,양천구,52,135
201803,서울특별시,양천구,53,149
201803,서울특별시,양천구,54,154
201803,서울특별시,양천구,55,172
201803,서울특별시,양천구,56,153
201803,서울특별시,양천구,57,163
201803,서울특별시,양천구,58,181
201803,서울특별시,양천구,59,156
201803,서울특별시,양천구,60,176
201803,서울특별시,양천구,61,149
201803,서울특별시,양천구,62,135
201803,서울특별시,양천구,63,159
201803,서울특별시,양천구,64,120
201803,서울특별시,양천구,65,131
201803,서울특별시,양천구,66,152
201803,서울특별시,양천구,67,133
201803,서울특별시,양천구,68,156
201803,서울특별시,양천구,69,134
201803,서울특별시,양천구,70,141
201803,서울특별시,양천구,71,144
201803,서울특별시,양천구,72,119
201803,서울특별시,양천구,73,143
201803,서울특별시,양천구,74,132
201803,서울특별시,양천구,75,160
201803,서울특별시,양천구,76,145
201803,서울특별시,양천구,77,131
201803,서울특별시,양천구,78,137
201803,서울특별시,양천구,79,134
201803,서울특별시,양천구,80,115
201803,서울특별시,양천구,81,105
201803,서울특별시,양천구,82,89
201803,서울특별시,양천구,83,91
201803,서울특별시,양천구,84,75
201803,서울특별시,양천구,85,59
201803,서울특별시,양천구,86,52
201803,서울특별시,양천구,87,35
201803,서울특별시,양천구,88,35
201803,서울특별시,양천구,89,39
201803,서울특별시,양천구,90,25
201803,서울특별시,양천구,91,9
201803,서울특별시,양천구,92,8
201803,서울특별시,양천구,93,7
201803,서울특별시,양천구,94,10
201803,서울특별시,양천구,95,4
201803,서울특별시,양천구,96,2
201803,서울특별시,양천구,97,4
201803,서울특별시,양천구,98,1
201803,서울특별시,양천구,99,1
201803,서울특별시,양천구,101,1
201803,서울특별시,양천구,106,1
201803,서울특별시,강서구,0,12
201803,서울특별시,강서구,1,28
201803,서울특별시,강서구,2,29
201803,서울특별시,강서구,3,44
201803,서울특별시,강서구,4,52
201803,서울특별시,강서구,5,57
201803,서울특별시,강서구,6,68
201803,서울특별시,강서구,7,113
201803,서울특별시,강서구,8,133
201803,서울특별시,강서구,9,163
201803,서울특별시,강서구,10,186
201803,서울특별시,강서구,11,232
201803,서울특별시,강서구,12,224
201803,서울특별시,강서구,13,225
201803,서울특별시,강서구,14,266
201803,서울특별시,강서구,15,300
201803,서울특별시,강서구,16,368
201803,서울특별시,강서구,17,474
201803,서울특별시,강서구,18,397
201803,서울특별시,강서구,19,276
201803,서울특별시,강서구,20,229
201803,서울특별시,강서구,21,223
201803,서울특별시,강서구,22,205
201803,서울특별시,강서구,23,183
201803,서울특별시,강서구,24,196
201803,서울특별시,강서구,25,143
201803,서울특별시,강서구,26,101
201803,서울특별시,강서구,27,97
201803,서울특별시,강서구,28,52
201803,서울특별시,강서구,29,55
201803,서울특별시,강서구,30,61
201803,서울특별시,강서구,31,62
201803,서울특별시,강서구,32,50
201803,서울특별시,강서구,33,57
201803,서울특별시,강서구,34,75
201803,서울특별시,강서구,35,86
201803,서울특별시,강서구,36,75
201803,서울특별시,강서구,37,102
201803,서울특별시,강서구,38,110
201803,서울특별시,강서구,39,100
201803,서울특별시,강서구,40,116
201803,서울특별시,강서구,41,110
201803,서울특별시,강서구,42,144
201803,서울특별시,강서구,43,176
201803,서울특별시,강서구,44,173
201803,서울특별시,강서구,45,219
201803,서울특별시,강서구,46,274
201803,서울특별시,강서구,47,277
201803,서울특별시,강서구,48,276
201803,서울특별시,강서구,49,294
201803,서울특별시,강서구,50,334
201803,서울특별시,강서구,51,319
201803,서울특별시,강서구,52,328
201803,서울특별시,강서구,53,391
201803,서울특별시,강서구,54,364
201803,서울특별시,강서구,55,392
201803,서울특별시,강서구,56,416
201803,서울특별시,강서구,57,412
201803,서울특별시,강서구,58,454
201803,서울특별시,강서구,59,448
201803,서울특별시,강서구,60,393
201803,서울특별시,강서구,61,397
201803,서울특별시,강서구,62,372
201803,서울특별시,강서구,63,414
201803,서울특별시,강서구,64,311
201803,서울특별시,강서구,65,367
201803,서울특별시,강서구,66,266
201803,서울특별시,강서구,67,285
201803,서울특별시,강서구,68,357
201803,서울특별시,강서구,69,282
201803,서울특별시,강서구,70,322
201803,서울특별시,강서구,71,345
201803,서울특별시,강서구,72,299
201803,서울특별시,강서구,73,299
201803,서울특별시,강서구,74,257
201803,서울특별시,강서구,75,368
201803,서울특별시,강서구,76,364
201803,서울특별시,강서구,77,313
201803,서울특별시,강서구,78,289
201803,서울특별시,강서구,79,296
201803,서울특별시,강서구,80,234
201803,서울특별시,강서구,81,238
201803,서울특별시,강서구,82,220
201803,서울특별시,강서구,83,190
201803,서울특별시,강서구,84,161
201803,서울특별시,강서구,85,136
201803,서울특별시,강서구,86,113
201803,서울특별시,강서구,87,109
201803,서울특별시,강서구,88,81
201803,서울특별시,강서구,89,75
201803,서울특별시,강서구,90,69
201803,서울특별시,강서구,91,47
201803,서울특별시,강서구,92,49
201803,서울특별시,강서구,93,23
201803,서울특별시,강서구,94,25
201803,서울특별시,강서구,95,20
201803,서울특별시,강서구,96,12
201803,서울특별시,강서구,97,4
201803,서울특별시,강서구,98,7
201803,서울특별시,강서구,101,1
201803,서울특별시,강서구,102,2
201803,서울특별시,강서구,107,1
201803,서울특별시,구로구,0,3
201803,서울특별시,구로구,1,14
201803,서울특별시,구로구,2,16
201803,서울특별시,구로구,3,14
201803,서울특별시,구로구,4,30
201803,서울특별시,구로구,5,27
201803,서울특별시,구로구,6,43
201803,서울특별시,구로구,7,61
201803,서울특별시,구로구,8,69
201803,서울특별시,구로구,9,94
201803,서울특별시,구로구,10,124
201803,서울특별시,구로구,11,111
201803,서울특별시,구로구,12,139
201803,서울특별시,구로구,13,130
201803,서울특별시,구로구,14,151
201803,서울특별시,구로구,15,160
201803,서울특별시,구로구,16,180
201803,서울특별시,구로구,17,220
201803,서울특별시,구로구,18,151
201803,서울특별시,구로구,19,94
201803,서울특별시,구로구,20,76
201803,서울특별시,구로구,21,55
201803,서울특별시,구로구,22,80
201803,서울특별시,구로구,23,60
201803,서울특별시,구로구,24,39
201803,서울특별시,구로구,25,37
201803,서울특별시,구로구,26,28
201803,서울특별시,구로구,27,23
201803,서울특별시,구로구,28,16
201803,서울특별시,구로구,29,12
201803,서울특별시,구로구,30,18
201803,서울특별시,구로구,31,24
201803,서울특별시,구로구,32,20
201803,서울특별시,구로구,33,31
201803,서울특별시,구로구,34,20
201803,서울특별시,구로구,35,33
201803,서울특별시,구로구,36,34
201803,서울특별시,구로구,37,35
201803,서울특별시,구로구,38,39
201803,서울특별시,구로구,39,33
201803,서울특별시,구로구,40,38
201803,서울특별시,구로구,41,49
201803,서울특별시,구로구,42,66
201803,서울특별시,구로구,43,60
201803,서울특별시,구로구,44,86
201803,서울특별시,구로구,45,86
201803,서울특별시,구로구,46,79
201803,서울특별시,구로구,47,99
201803,서울특별시,구로구,48,102
201803,서울특별시,구로구,49,117
201803,서울특별시,구로구,50,107
201803,서울특별시,구로구,51,101
201803,서울특별시,구로구,52,131
201803,서울특별시,구로구,53,126
201803,서울특별시,구로구,54,104
201803,서울특별시,구로구,55,108
201803,서울특별시,구로구,56,115
201803,서울특별시,구로구,57,148
201803,서울특별시,구로구,58,134
201803,서울특별시,구로구,59,133
201803,서울특별시,구로구,60,140
201803,서울특별시,구로구,61,136
201803,서울특별시,구로구,62,117
201803,서울특별시,구로구,63,111
201803,서울특별시,구로구,64,108
201803,서울특별시,구로구,65,101
201803,서울특별시,구로구,66,98
201803,서울특별시,구로구,67,94
201803,서울특별시,구로구,68,153
201803,서울특별시,구로구,69,122
201803,서울특별시,구로구,70,136
201803,서울특별시,구로구,71,141
201803,서울특별시,구로구,72,116
201803,서울특별시,구로구,73,131
201803,서울특별시,구로구,74,135
201803,서울특별시,구로구,75,161
201803,서울특별시,구로구,76,141
201803,서울특별시,구로구,77,110
201803,서울특별시,구로구,78,134
201803,서울특별시,구로구,79,154
201803,서울특별시,구로구,80,105
201803,서울특별시,구로구,81,105
201803,서울특별시,구로구,82,88
201803,서울특별시,구로구,83,84
201803,서울특별시,구로구,84,56
201803,서울특별시,구로구,85,47
201803,서울특별시,구로구,86,43
201803,서울특별시,구로구,87,32
201803,서울특별시,구로구,88,27
201803,서울특별시,구로구,89,25
201803,서울특별시,구로구,90,23
201803,서울특별시,구로구,91,22
201803,서울특별시,구로구,92,9
201803,서울특별시,구로구,93,9
201803,서울특별시,구로구,94,9
201803,서울특별시,구로구,95,7
201803,서울특별시,구로구,96,5
201803,서울특별시,구로구,97,2
201803,서울특별시,구로구,99,1
201803,서울특별시,구로구,104,1
201803,서울특별시,금천구,0,14
201803,서울특별시,금천구,1,11
201803,서울특별시,금천구,2,20
201803,서울특별시,금천구,3,19
201803,서울특별시,금천구,4,23
201803,서울특별시,금천구,5,31
201803,서울특별시,금천구,6,49
201803,서울특별시,금천구,7,77
201803,서울특별시,금천구,8,77
201803,서울특별시,금천구,9,93
201803,서울특별시,금천구,10,103
201803,서울특별시,금천구,11,142
201803,서울특별시,금천구,12,104
201803,서울특별시,금천구,13,146
201803,서울특별시,금천구,14,158
201803,서울특별시,금천구,15,175
201803,서울특별시,금천구,16,189
201803,서울특별시,금천구,17,260
201803,서울특별시,금천구,18,172
201803,서울특별시,금천구,19,110
201803,서울특별시,금천구,20,108
201803,서울특별시,금천구,21,83
201803,서울특별시,금천구,22,89
201803,서울특별시,금천구,23,83
201803,서울특별시,금천구,24,71
201803,서울특별시,금천구,25,41
201803,서울특별시,금천구,26,40
201803,서울특별시,금천구,27,33
201803,서울특별시,금천구,28,18
201803,서울특별시,금천구,29,16
201803,서울특별시,금천구,30,23
201803,서울특별시,금천구,31,24
201803,서울특별시,금천구,32,18
201803,서울특별시,금천구,33,13
201803,서울특별시,금천구,34,29
201803,서울특별시,금천구,35,29
201803,서울특별시,금천구,36,36
201803,서울특별시,금천구,37,40
201803,서울특별시,금천구,38,45
201803,서울특별시,금천구,39,41
201803,서울특별시,금천구,40,45
201803,서울특별시,금천구,41,46
201803,서울특별시,금천구,42,63
201803,서울특별시,금천구,43,50
201803,서울특별시,금천구,44,112
201803,서울특별시,금천구,45,107
201803,서울특별시,금천구,46,113
201803,서울특별시,금천구,47,117
201803,서울특별시,금천구,48,138
201803,서울특별시,금천구,49,152
201803,서울특별시,금천구,50,183
201803,서울특별시,금천구,51,166
201803,서울특별시,금천구,52,148
201803,서울특별시,금천구,53,188
201803,서울특별시,금천구,54,142
201803,서울특별시,금천구,55,159
201803,서울특별시,금천구,56,155
201803,서울특별시,금천구,57,193
201803,서울특별시,금천구,58,178
201803,서울특별시,금천구,59,158
201803,서울특별시,금천구,60,133
201803,서울특별시,금천구,61,150
201803,서울특별시,금천구,62,127
201803,서울특별시,금천구,63,143
201803,서울특별시,금천구,64,147
201803,서울특별시,금천구,65,137
201803,서울특별시,금천구,66,123
201803,서울특별시,금천구,67,120
201803,서울특별시,금천구,68,170
201803,서울특별시,금천구,69,123
201803,서울특별시,금천구,70,149
201803,서울특별시,금천구,71,134
201803,서울특별시,금천구,72,127
201803,서울특별시,금천구,73,146
201803,서울특별시,금천구,74,130
201803,서울특별시,금천구,75,183
201803,서울특별시,금천구,76,154
201803,서울특별시,금천구,77,141
201803,서울특별시,금천구,78,133
201803,서울특별시,금천구,79,120
201803,서울특별시,금천구,80,99
201803,서울특별시,금천구,81,87
201803,서울특별시,금천구,82,83
201803,서울특별시,금천구,83,73
201803,서울특별시,금천구,84,57
201803,서울특별시,금천구,85,62
201803,서울특별시,금천구,86,43
201803,서울특별시,금천구,87,34
201803,서울특별시,금천구,88,30
201803,서울특별시,금천구,89,17
201803,서울특별시,금천구,90,24
201803,서울특별시,금천구,91,12
201803,서울특별시,금천구,92,10
201803,서울특별시,금천구,93,6
201803,서울특별시,금천구,94,2
201803,서울특별시,금천구,95,4
201803,서울특별시,금천구,96,2
201803,서울특별시,금천구,97,7
201803,서울특별시,금천구,100,1
201803,서울특별시,금천구,104,2
201803,서울특별시,영등포구,0,3
201803,서울특별시,영등포구,1,7
201803,서울특별시,영등포구,2,11
201803,서울특별시,영등포구,3,10
201803,서울특별시,영등포구,4,6
201803,서울특별시,영등포구,5,10
201803,서울특별시,영등포구,6,21
201803,서울특별시,영등포구,7,24
201803,서울특별시,영등포구,8,29
201803,서울특별시,영등포구,9,61
201803,서울특별시,영등포구,10,54
201803,서울특별시,영등포구,11,73
201803,서울특별시,영등포구,12,76
201803,서울특별시,영등포구,13,91
201803,서울특별시,영등포구,14,92
201803,서울특별시,영등포구,15,111
201803,서울특별시,영등포구,16,130
201803,서울특별시,영등포구,17,170
201803,서울특별시,영등포구,18,116
201803,서울특별시,영등포구,19,78
201803,서울특별시,영등포구,20,79
201803,서울특별시,영등포구,21,57
201803,서울특별시,영등포구,22,58
201803,서울특별시,영등포구,23,36
201803,서울특별시,영등포구,24,33
201803,서울특별시,영등포구,25,25
201803,서울특별시,영등포구,26,15
201803,서울특별시,영등포구,27,12
201803,서울특별시,영등포구,28,9
201803,서울특별시,영등포구,29,9
201803,서울특별시,영등포구,30,10
201803,서울특별시,영등포구,31,11
201803,서울특별시,영등포구,32,16
201803,서울특별시,영등포구,33,13
201803,서울특별시,영등포구,34,22
201803,서울특별시,영등포구,35,18
201803,서울특별시,영등포구,36,32
201803,서울특별시,영등포구,37,26
201803,서울특별시,영등포구,38,35
201803,서울특별시,영등포구,39,22
201803,서울특별시,영등포구,40,41
201803,서울특별시,영등포구,41,52
201803,서울특별시,영등포구,42,51
201803,서울특별시,영등포구,43,52
201803,서울특별시,영등포구,44,67
201803,서울특별시,영등포구,45,82
201803,서울특별시,영등포구,46,85
201803,서울특별시,영등포구,47,98
201803,서울특별시,영등포구,48,111
201803,서울특별시,영등포구,49,115
201803,서울특별시,영등포구,50,118
201803,서울특별시,영등포구,51,109
201803,서울특별시,영등포구,52,115
201803,서울특별시,영등포구,53,165
201803,서울특별시,영등포구,54,114
201803,서울특별시,영등포구,55,159
201803,서울특별시,영등포구,56,159
201803,서울특별시,영등포구,57,164
201803,서울특별시,영등포구,58,156
201803,서울특별시,영등포구,59,155
201803,서울특별시,영등포구,60,146
201803,서울특별시,영등포구,61,172
201803,서울특별시,영등포구,62,158
201803,서울특별시,영등포구,63,140
201803,서울특별시,영등포구,64,116
201803,서울특별시,영등포구,65,141
201803,서울특별시,영등포구,66,142
201803,서울특별시,영등포구,67,144
201803,서울특별시,영등포구,68,162
201803,서울특별시,영등포구,69,165
201803,서울특별시,영등포구,70,151
201803,서울특별시,영등포구,71,150
201803,서울특별시,영등포구,72,100
201803,서울특별시,영등포구,73,121
201803,서울특별시,영등포구,74,131
201803,서울특별시,영등포구,75,163
201803,서울특별시,영등포구,76,164
201803,서울특별시,영등포구,77,112
201803,서울특별시,영등포구,78,107
201803,서울특별시,영등포구,79,95
201803,서울특별시,영등포구,80,91
201803,서울특별시,영등포구,81,93
201803,서울특별시,영등포구,82,67
201803,서울특별시,영등포구,83,70
201803,서울특별시,영등포구,84,55
201803,서울특별시,영등포구,85,44
201803,서울특별시,영등포구,86,29
201803,서울특별시,영등포구,87,33
201803,서울특별시,영등포구,88,26
201803,서울특별시,영등포구,89,24
201803,서울특별시,영등포구,90,23
201803,서울특별시,영등포구,91,13
201803,서울특별시,영등포구,92,6
201803,서울특별시,영등포구,93,8
201803,서울특별시,영등포구,94,5
201803,서울특별시,영등포구,95,3
201803,서울특별시,영등포구,96,3
201803,서울특별시,영등포구,97,5
201803,서울특별시,영등포구,98,2
201803,서울특별시,영등포구,100,1
201803,서울특별시,영등포구,103,1
201803,서울특별시,영등포구,116,1
201803,서울특별시,동작구,0,13
201803,서울특별시,동작구,1,16
201803,서울특별시,동작구,2,10
201803,서울특별시,동작구,3,20
201803,서울특별시,동작구,4,9
201803,서울특별시,동작구,5,33
201803,서울특별시,동작구,6,22
201803,서울특별시,동작구,7,52
201803,서울특별시,동작구,8,67
201803,서울특별시,동작구,9,51
201803,서울특별시,동작구,10,97
201803,서울특별시,동작구,11,86
201803,서울특별시,동작구,12,93
201803,서울특별시,동작구,13,107
201803,서울특별시,동작구,14,121
201803,서울특별시,동작구,15,143
201803,서울특별시,동작구,16,166
201803,서울특별시,동작구,17,218
201803,서울특별시,동작구,18,141
201803,서울특별시,동작구,19,109
201803,서울특별시,동작구,20,98
201803,서울특별시,동작구,21,72
201803,서울특별시,동작구,22,71
201803,서울특별시,동작구,23,73
201803,서울특별시,동작구,24,54
201803,서울특별시,동작구,25,39
201803,서울특별시,동작구,26,31
201803,서울특별시,동작구,27,21
201803,서울특별시,동작구,28,20
201803,서울특별시,동작구,29,18
201803,서울특별시,동작구,30,17
201803,서울특별시,동작구,31,20
201803,서울특별시,동작구,32,26
201803,서울특별시,동작구,33,17
201803,서울특별시,동작구,34,27
201803,서울특별시,동작구,35,34
201803,서울특별시,동작구,36,37
201803,서울특별시,동작구,37,35
201803,서울특별시,동작구,38,37
201803,서울특별시,동작구,39,48
201803,서울특별시,동작구,40,44
201803,서울특별시,동작구,41,41
201803,서울특별시,동작구,42,58
201803,서울특별시,동작구,43,71
201803,서울특별시,동작구,44,71
201803,서울특별시,동작구,45,79
201803,서울특별시,동작구,46,106
201803,서울특별시,동작구,47,87
201803,서울특별시,동작구,48,127
201803,서울특별시,동작구,49,106
201803,서울특별시,동작구,50,102
201803,서울특별시,동작구,51,106
201803,서울특별시,동작구,52,111
201803,서울특별시,동작구,53,113
201803,서울특별시,동작구,54,116
201803,서울특별시,동작구,55,140
201803,서울특별시,동작구,56,129
201803,서울특별시,동작구,57,129
201803,서울특별시,동작구,58,142
201803,서울특별시,동작구,59,126
201803,서울특별시,동작구,60,111
201803,서울특별시,동작구,61,114
201803,서울특별시,동작구,62,114
201803,서울특별시,동작구,63,112
201803,서울특별시,동작구,64,94
201803,서울특별시,동작구,65,96
201803,서울특별시,동작구,66,106
201803,서울특별시,동작구,67,112
201803,서울특별시,동작구,68,121
201803,서울특별시,동작구,69,138
201803,서울특별시,동작구,70,125
201803,서울특별시,동작구,71,150
201803,서울특별시,동작구,72,123
201803,서울특별시,동작구,73,115
201803,서울특별시,동작구,74,116
201803,서울특별시,동작구,75,157
201803,서울특별시,동작구,76,144
201803,서울특별시,동작구,77,137
201803,서울특별시,동작구,78,133
201803,서울특별시,동작구,79,109
201803,서울특별시,동작구,80,87
201803,서울특별시,동작구,81,82
201803,서울특별시,동작구,82,86
201803,서울특별시,동작구,83,61
201803,서울특별시,동작구,84,65
201803,서울특별시,동작구,85,61
201803,서울특별시,동작구,86,40
201803,서울특별시,동작구,87,39
201803,서울특별시,동작구,88,37
201803,서울특별시,동작구,89,30
201803,서울특별시,동작구,90,20
201803,서울특별시,동작구,91,18
201803,서울특별시,동작구,92,11
201803,서울특별시,동작구,93,12
201803,서울특별시,동작구,94,5
201803,서울특별시,동작구,95,8
201803,서울특별시,동작구,96,2
201803,서울특별시,동작구,97,2
201803,서울특별시,동작구,98,2
201803,서울특별시,동작구,100,1
201803,서울특별시,동작구,101,1
201803,서울특별시,관악구,0,18
201803,서울특별시,관악구,1,22
201803,서울특별시,관악구,2,25
201803,서울특별시,관악구,3,36
201803,서울특별시,관악구,4,27
201803,서울특별시,관악구,5,39
201803,서울특별시,관악구,6,59
201803,서울특별시,관악구,7,75
201803,서울특별시,관악구,8,98
201803,서울특별시,관악구,9,127
201803,서울특별시,관악구,10,127
201803,서울특별시,관악구,11,150
201803,서울특별시,관악구,12,144
201803,서울특별시,관악구,13,185
201803,서울특별시,관악구,14,181
201803,서울특별시,관악구,15,190
201803,서울특별시,관악구,16,248
201803,서울특별시,관악구,17,331
201803,서울특별시,관악구,18,240
201803,서울특별시,관악구,19,197
201803,서울특별시,관악구,20,170
201803,서울특별시,관악구,21,146
201803,서울특별시,관악구,22,151
201803,서울특별시,관악구,23,119
201803,서울특별시,관악구,24,116
201803,서울특별시,관악구,25,76
201803,서울특별시,관악구,26,63
201803,서울특별시,관악구,27,39
201803,서울특별시,관악구,28,46
201803,서울특별시,관악구,29,48
201803,서울특별시,관악구,30,35
201803,서울특별시,관악구,31,44
201803,서울특별시,관악구,32,37
201803,서울특별시,관악구,33,36
201803,서울특별시,관악구,34,47
201803,서울특별시,관악구,35,59
201803,서울특별시,관악구,36,51
201803,서울특별시,관악구,37,70
201803,서울특별시,관악구,38,65
201803,서울특별시,관악구,39,62
201803,서울특별시,관악구,40,86
201803,서울특별시,관악구,41,75
201803,서울특별시,관악구,42,97
201803,서울특별시,관악구,43,124
201803,서울특별시,관악구,44,146
201803,서울특별시,관악구,45,173
201803,서울특별시,관악구,46,157
201803,서울특별시,관악구,47,184
201803,서울특별시,관악구,48,202
201803,서울특별시,관악구,49,205
201803,서울특별시,관악구,50,184
201803,서울특별시,관악구,51,200
201803,서울특별시,관악구,52,200
201803,서울특별시,관악구,53,215
201803,서울특별시,관악구,54,234
201803,서울특별시,관악구,55,268
201803,서울특별시,관악구,56,222
201803,서울특별시,관악구,57,277
201803,서울특별시,관악구,58,221
201803,서울특별시,관악구,59,239
201803,서울특별시,관악구,60,231
201803,서울특별시,관악구,61,196
201803,서울특별시,관악구,62,212
201803,서울특별시,관악구,63,245
201803,서울특별시,관악구,64,155
201803,서울특별시,관악구,65,196
201803,서울특별시,관악구,66,164
201803,서울특별시,관악구,67,169
201803,서울특별시,관악구,68,196
201803,서울특별시,관악구,69,193
201803,서울특별시,관악구,70,253
201803,서울특별시,관악구,71,220
201803,서울특별시,관악구,72,169
201803,서울특별시,관악구,73,184
201803,서울특별시,관악구,74,186
201803,서울특별시,관악구,75,242
201803,서울특별시,관악구,76,207
201803,서울특별시,관악구,77,204
201803,서울특별시,관악구,78,180
201803,서울특별시,관악구,79,163
201803,서울특별시,관악구,80,155
201803,서울특별시,관악구,81,146
201803,서울특별시,관악구,82,114
201803,서울특별시,관악구,83,111
201803,서울특별시,관악구,84,105
201803,서울특별시,관악구,85,72
201803,서울특별시,관악구,86,67
201803,서울특별시,관악구,87,53
201803,서울특별시,관악구,88,51
201803,서울특별시,관악구,89,34
201803,서울특별시,관악구,90,35
201803,서울특별시,관악구,91,29
201803,서울특별시,관악구,92,15
201803,서울특별시,관악구,93,9
201803,서울특별시,관악구,94,13
201803,서울특별시,관악구,95,12
201803,서울특별시,관악구,96,8
201803,서울특별시,관악구,97,6
201803,서울특별시,관악구,98,1
201803,서울특별시,관악구,99,3
201803,서울특별시,관악구,100,3
201803,서울특별시,관악구,101,1
201803,서울특별시,서초구,0,5
201803,서울특별시,서초구,1,9
201803,서울특별시,서초구,2,14
201803,서울특별시,서초구,3,20
201803,서울특별시,서초구,4,21
201803,서울특별시,서초구,5,26
201803,서울특별시,서초구,6,27
201803,서울특별시,서초구,7,63
201803,서울특별시,서초구,8,61
201803,서울특별시,서초구,9,55
201803,서울특별시,서초구,10,50
201803,서울특별시,서초구,11,53
201803,서울특별시,서초구,12,57
201803,서울특별시,서초구,13,66
201803,서울특별시,서초구,14,82
201803,서울특별시,서초구,15,88
201803,서울특별시,서초구,16,122
201803,서울특별시,서초구,17,126
201803,서울특별시,서초구,18,93
201803,서울특별시,서초구,19,70
201803,서울특별시,서초구,20,53
201803,서울특별시,서초구,21,60
201803,서울특별시,서초구,22,56
201803,서울특별시,서초구,23,61
201803,서울특별시,서초구,24,44
201803,서울특별시,서초구,25,34
201803,서울특별시,서초구,26,26
201803,서울특별시,서초구,27,25
201803,서울특별시,서초구,28,16
201803,서울특별시,서초구,29,15
201803,서울특별시,서초구,30,12
201803,서울특별시,서초구,31,23
201803,서울특별시,서초구,32,12
201803,서울특별시,서초구,33,16
201803,서울특별시,서초구,34,14
201803,서울특별시,서초구,35,17
201803,서울특별시,서초구,36,20
201803,서울특별시,서초구,37,27
201803,서울특별시,서초구,38,22
201803,서울특별시,서초구,39,29
201803,서울특별시,서초구,40,26
201803,서울특별시,서초구,41,37
201803,서울특별시,서초구,42,28
201803,서울특별시,서초구,43,38
201803,서울특별시,서초구,44,37
201803,서울특별시,서초구,45,43
201803,서울특별시,서초구,46,50
201803,서울특별시,서초구,47,74
201803,서울특별시,서초구,48,70
201803,서울특별시,서초구,49,78
201803,서울특별시,서초구,50,73
201803,서울특별시,서초구,51,66
201803,서울특별시,서초구,52,68
201803,서울특별시,서초구,53,91
201803,서울특별시,서초구,54,60
201803,서울특별시,서초구,55,77
201803,서울특별시,서초구,56,76
201803,서울특별시,서초구,57,86
201803,서울특별시,서초구,58,85
201803,서울특별시,서초구,59,70
201803,서울특별시,서초구,60,86
201803,서울특별시,서초구,61,91
201803,서울특별시,서초구,62,77
201803,서울특별시,서초구,63,80
201803,서울특별시,서초구,64,57
201803,서울특별시,서초구,65,75
201803,서울특별시,서초구,66,75
201803,서울특별시,서초구,67,55
201803,서울특별시,서초구,68,63
201803,서울특별시,서초구,69,72
201803,서울특별시,서초구,70,62
201803,서울특별시,서초구,71,78
201803,서울특별시,서초구,72,78
201803,서울특별시,서초구,73,56
201803,서울특별시,서초구,74,61
201803,서울특별시,서초구,75,70
201803,서울특별시,서초구,76,75
201803,서울특별시,서초구,77,62
201803,서울특별시,서초구,78,56
201803,서울특별시,서초구,79,49
201803,서울특별시,서초구,80,32
201803,서울특별시,서초구,81,39
201803,서울특별시,서초구,82,43
201803,서울특별시,서초구,83,49
201803,서울특별시,서초구,84,21
201803,서울특별시,서초구,85,35
201803,서울특별시,서초구,86,23
201803,서울특별시,서초구,87,29
201803,서울특별시,서초구,88,10
201803,서울특별시,서초구,89,14
201803,서울특별시,서초구,90,19
201803,서울특별시,서초구,91,15
201803,서울특별시,서초구,92,6
201803,서울특별시,서초구,93,3
201803,서울특별시,서초구,94,7
201803,서울특별시,서초구,95,5
201803,서울특별시,서초구,96,2
201803,서울특별시,서초구,98,2
201803,서울특별시,서초구,101,1
201803,서울특별시,강남구,0,67
201803,서울특별시,강남구,1,64
201803,서울특별시,강남구,2,21
201803,서울특별시,강남구,3,29
201803,서울특별시,강남구,4,23
201803,서울특별시,강남구,5,36
201803,서울특별시,강남구,6,38
201803,서울특별시,강남구,7,61
201803,서울특별시,강남구,8,78
201803,서울특별시,강남구,9,74
201803,서울특별시,강남구,10,89
201803,서울특별시,강남구,11,93
201803,서울특별시,강남구,12,104
201803,서울특별시,강남구,13,119
201803,서울특별시,강남구,14,139
201803,서울특별시,강남구,15,150
201803,서울특별시,강남구,16,169
201803,서울특별시,강남구,17,245
201803,서울특별시,강남구,18,191
201803,서울특별시,강남구,19,185
201803,서울특별시,강남구,20,138
201803,서울특별시,강남구,21,118
201803,서울특별시,강남구,22,116
201803,서울특별시,강남구,23,144
201803,서울특별시,강남구,24,105
201803,서울특별시,강남구,25,103
201803,서울특별시,강남구,26,58
201803,서울특별시,강남구,27,50
201803,서울특별시,강남구,28,39
201803,서울특별시,강남구,29,42
201803,서울특별시,강남구,30,30
201803,서울특별시,강남구,31,23
201803,서울특별시,강남구,32,41
201803,서울특별시,강남구,33,40
201803,서울특별시,강남구,34,47
201803,서울특별시,강남구,35,45
201803,서울특별시,강남구,36,61
201803,서울특별시,강남구,37,54
201803,서울특별시,강남구,38,66
201803,서울특별시,강남구,39,62
201803,서울특별시,강남구,40,50
201803,서울특별시,강남구,41,63
201803,서울특별시,강남구,42,72
201803,서울특별시,강남구,43,81
201803,서울특별시,강남구,44,106
201803,서울특별시,강남구,45,84
201803,서울특별시,강남구,46,126
201803,서울특별시,강남구,47,112
201803,서울특별시,강남구,48,121
201803,서울특별시,강남구,49,144
201803,서울특별시,강남구,50,149
201803,서울특별시,강남구,51,132
201803,서울특별시,강남구,52,182
201803,서울특별시,강남구,53,171
201803,서울특별시,강남구,54,181
201803,서울특별시,강남구,55,187
201803,서울특별시,강남구,56,201
201803,서울특별시,강남구,57,219
201803,서울특별시,강남구,58,215
201803,서울특별시,강남구,59,205
201803,서울특별시,강남구,60,242
201803,서울특별시,강남구,61,228
201803,서울특별시,강남구,62,202
201803,서울특별시,강남구,63,191
201803,서울특별시,강남구,64,177
201803,서울특별시,강남구,65,195
201803,서울특별시,강남구,66,156
201803,서울특별시,강남구,67,170
201803,서울특별시,강남구,68,183
201803,서울특별시,강남구,69,188
201803,서울특별시,강남구,70,190
201803,서울특별시,강남구,71,196
201803,서울특별시,강남구,72,147
201803,서울특별시,강남구,73,164
201803,서울특별시,강남구,74,170
201803,서울특별시,강남구,75,201
201803,서울특별시,강남구,76,161
201803,서울특별시,강남구,77,135
201803,서울특별시,강남구,78,135
201803,서울특별시,강남구,79,119
201803,서울특별시,강남구,80,126
201803,서울특별시,강남구,81,93
201803,서울특별시,강남구,82,73
201803,서울특별시,강남구,83,80
201803,서울특별시,강남구,84,74
201803,서울특별시,강남구,85,73
201803,서울특별시,강남구,86,48
201803,서울특별시,강남구,87,39
201803,서울특별시,강남구,88,35
201803,서울특별시,강남구,89,35
201803,서울특별시,강남구,90,30
201803,서울특별시,강남구,91,21
201803,서울특별시,강남구,92,19
201803,서울특별시,강남구,93,10
201803,서울특별시,강남구,94,23
201803,서울특별시,강남구,95,8
201803,서울특별시,강남구,96,8
201803,서울특별시,강남구,97,6
201803,서울특별시,강남구,98,3
201803,서울특별시,강남구,99,1
201803,서울특별시,강남구,101,1
201803,서울특별시,강남구,103,1
201803,서울특별시,강남구,104,1
201803,서울특별시,강남구,106,1
201803,서울특별시,송파구,0,6
201803,서울특별시,송파구,1,15
201803,서울특별시,송파구,2,14
201803,서울특별시,송파구,3,30
201803,서울특별시,송파구,4,36
201803,서울특별시,송파구,5,28
201803,서울특별시,송파구,6,44
201803,서울특별시,송파구,7,107
201803,서울특별시,송파구,8,104
201803,서울특별시,송파구,9,122
201803,서울특별시,송파구,10,144
201803,서울특별시,송파구,11,135
201803,서울특별시,송파구,12,154
201803,서울특별시,송파구,13,170
201803,서울특별시,송파구,14,180
201803,서울특별시,송파구,15,213
201803,서울특별시,송파구,16,279
201803,서울특별시,송파구,17,351
201803,서울특별시,송파구,18,231
201803,서울특별시,송파구,19,153
201803,서울특별시,송파구,20,143
201803,서울특별시,송파구,21,110
201803,서울특별시,송파구,22,95
201803,서울특별시,송파구,23,102
201803,서울특별시,송파구,24,82
201803,서울특별시,송파구,25,63
201803,서울특별시,송파구,26,34
201803,서울특별시,송파구,27,30
201803,서울특별시,송파구,28,22
201803,서울특별시,송파구,29,20
201803,서울특별시,송파구,30,21
201803,서울특별시,송파구,31,18
201803,서울특별시,송파구,32,25
201803,서울특별시,송파구,33,28
201803,서울특별시,송파구,34,40
201803,서울특별시,송파구,35,33
201803,서울특별시,송파구,36,31
201803,서울특별시,송파구,37,35
201803,서울특별시,송파구,38,55
201803,서울특별시,송파구,39,37
201803,서울특별시,송파구,40,46
201803,서울특별시,송파구,41,70
201803,서울특별시,송파구,42,59
201803,서울특별시,송파구,43,78
201803,서울특별시,송파구,44,90
201803,서울특별시,송파구,45,108
201803,서울특별시,송파구,46,111
201803,서울특별시,송파구,47,116
201803,서울특별시,송파구,48,132
201803,서울특별시,송파구,49,146
201803,서울특별시,송파구,50,113
201803,서울특별시,송파구,51,145
201803,서울특별시,송파구,52,133
201803,서울특별시,송파구,53,150
201803,서울특별시,송파구,54,154
201803,서울특별시,송파구,55,151
201803,서울특별시,송파구,56,157
201803,서울특별시,송파구,57,177
201803,서울특별시,송파구,58,168
201803,서울특별시,송파구,59,158
201803,서울특별시,송파구,60,152
201803,서울특별시,송파구,61,134
201803,서울특별시,송파구,62,125
201803,서울특별시,송파구,63,142
201803,서울특별시,송파구,64,101
201803,서울특별시,송파구,65,140
201803,서울특별시,송파구,66,111
201803,서울특별시,송파구,67,134
201803,서울특별시,송파구,68,138
201803,서울특별시,송파구,69,152
201803,서울특별시,송파구,70,110
201803,서울특별시,송파구,71,144
201803,서울특별시,송파구,72,96
201803,서울특별시,송파구,73,113
201803,서울특별시,송파구,74,115
201803,서울특별시,송파구,75,147
201803,서울특별시,송파구,76,118
201803,서울특별시,송파구,77,102
201803,서울특별시,송파구,78,92
201803,서울특별시,송파구,79,84
201803,서울특별시,송파구,80,91
201803,서울특별시,송파구,81,78
201803,서울특별시,송파구,82,76
201803,서울특별시,송파구,83,49
201803,서울특별시,송파구,84,56
201803,서울특별시,송파구,85,40
201803,서울특별시,송파구,86,42
201803,서울특별시,송파구,87,42
201803,서울특별시,송파구,88,24
201803,서울특별시,송파구,89,31
201803,서울특별시,송파구,90,15
201803,서울특별시,송파구,91,17
201803,서울특별시,송파구,92,15
201803,서울특별시,송파구,93,11
201803,서울특별시,송파구,94,4
201803,서울특별시,송파구,95,11
201803,서울특별시,송파구,96,1
201803,서울특별시,송파구,97,1
201803,서울특별시,송파구,100,2
201803,서울특별시,송파구,106,1
201803,서울특별시,강동구,0,8
201803,서울특별시,강동구,1,15
201803,서울특별시,강동구,2,18
201803,서울특별시,강동구,3,26
201803,서울특별시,강동구,4,31
201803,서울특별시,강동구,5,27
201803,서울특별시,강동구,6,40
201803,서울특별시,강동구,7,81
201803,서울특별시,강동구,8,96
201803,서울특별시,강동구,9,112
201803,서울특별시,강동구,10,112
201803,서울특별시,강동구,11,146
201803,서울특별시,강동구,12,122
201803,서울특별시,강동구,13,154
201803,서울특별시,강동구,14,171
201803,서울특별시,강동구,15,181
201803,서울특별시,강동구,16,234
201803,서울특별시,강동구,17,272
201803,서울특별시,강동구,18,194
201803,서울특별시,강동구,19,131
201803,서울특별시,강동구,20,126
201803,서울특별시,강동구,21,106
201803,서울특별시,강동구,22,98
201803,서울특별시,강동구,23,74
201803,서울특별시,강동구,24,52
201803,서울특별시,강동구,25,49
201803,서울특별시,강동구,26,51
201803,서울특별시,강동구,27,30
201803,서울특별시,강동구,28,17
201803,서울특별시,강동구,29,20
201803,서울특별시,강동구,30,15
201803,서울특별시,강동구,31,19
201803,서울특별시,강동구,32,24
201803,서울특별시,강동구,33,19
201803,서울특별시,강동구,34,32
201803,서울특별시,강동구,35,34
201803,서울특별시,강동구,36,46
201803,서울특별시,강동구,37,43
201803,서울특별시,강동구,38,52
201803,서울특별시,강동구,39,51
201803,서울특별시,강동구,40,58
201803,서울특별시,강동구,41,56
201803,서울특별시,강동구,42,66
201803,서울특별시,강동구,43,73
201803,서울특별시,강동구,44,95
201803,서울특별시,강동구,45,118
201803,서울특별시,강동구,46,121
201803,서울특별시,강동구,47,141
201803,서울특별시,강동구,48,126
201803,서울특별시,강동구,49,136
201803,서울특별시,강동구,50,149
201803,서울특별시,강동구,51,156
201803,서울특별시,강동구,52,148
201803,서울특별시,강동구,53,160
201803,서울특별시,강동구,54,189
201803,서울특별시,강동구,55,155
201803,서울특별시,강동구,56,181
201803,서울특별시,강동구,57,176
201803,서울특별시,강동구,58,165
201803,서울특별시,강동구,59,166
201803,서울특별시,강동구,60,152
201803,서울특별시,강동구,61,143
201803,서울특별시,강동구,62,133
201803,서울특별시,강동구,63,160
201803,서울특별시,강동구,64,118
201803,서울특별시,강동구,65,156
201803,서울특별시,강동구,66,116
201803,서울특별시,강동구,67,136
201803,서울특별시,강동구,68,145
201803,서울특별시,강동구,69,142
201803,서울특별시,강동구,70,153
201803,서울특별시,강동구,71,132
201803,서울특별시,강동구,72,89
201803,서울특별시,강동구,73,106
201803,서울특별시,강동구,74,116
201803,서울특별시,강동구,75,158
201803,서울특별시,강동구,76,143
201803,서울특별시,강동구,77,116
201803,서울특별시,강동구,78,112
201803,서울특별시,강동구,79,113
201803,서울특별시,강동구,80,92
201803,서울특별시,강동구,81,88
201803,서울특별시,강동구,82,88
201803,서울특별시,강동구,83,71
201803,서울특별시,강동구,84,56
201803,서울특별시,강동구,85,44
201803,서울특별시,강동구,86,45
201803,서울특별시,강동구,87,48
201803,서울특별시,강동구,88,29
201803,서울특별시,강동구,89,27
201803,서울특별시,강동구,90,18
201803,서울특별시,강동구,91,21
201803,서울특별시,강동구,92,22
201803,서울특별시,강동구,93,5
201803,서울특별시,강동구,94,7
201803,서울특별시,강동구,95,9
201803,서울특별시,강동구,96,1
201803,서울특별시,강동구,97,2
201803,서울특별시,강동구,98,4
201803,서울특별시,강동구,99,2
201803,서울특별시,강동구,101,1
201803,부산광역시,중구,0,2
201803,부산광역시,중구,1,5
201803,부산광역시,중구,2,8
201803,부산광역시,중구,3,9
201803,부산광역시,중구,4,8
201803,부산광역시,중구,5,6
201803,부산광역시,중구,6,7
201803,부산광역시,중구,7,20
201803,부산광역시,중구,8,13
201803,부산광역시,중구,9,22
201803,부산광역시,중구,10,28
201803,부산광역시,중구,11,30
201803,부산광역시,중구,12,25
201803,부산광역시,중구,13,27
201803,부산광역시,중구,14,35
201803,부산광역시,중구,15,34
201803,부산광역시,중구,16,47
201803,부산광역시,중구,17,76
201803,부산광역시,중구,18,56
201803,부산광역시,중구,19,40
201803,부산광역시,중구,20,32
201803,부산광역시,중구,21,38
201803,부산광역시,중구,22,30
201803,부산광역시,중구,23,27
201803,부산광역시,중구,24,15
201803,부산광역시,중구,25,16
201803,부산광역시,중구,26,7
201803,부산광역시,중구,27,9
201803,부산광역시,중구,28,5
201803,부산광역시,중구,29,5
201803,부산광역시,중구,30,1
201803,부산광역시,중구,31,3
201803,부산광역시,중구,32,3
201803,부산광역시,중구,33,2
201803,부산광역시,중구,34,4
201803,부산광역시,중구,35,6
201803,부산광역시,중구,36,8
201803,부산광역시,중구,37,7
201803,부산광역시,중구,38,9
201803,부산광역시,중구,39,15
201803,부산광역시,중구,40,17
201803,부산광역시,중구,41,12
201803,부산광역시,중구,42,18
201803,부산광역시,중구,43,24
201803,부산광역시,중구,44,18
201803,부산광역시,중구,45,28
201803,부산광역시,중구,46,40
201803,부산광역시,중구,47,27
201803,부산광역시,중구,48,44
201803,부산광역시,중구,49,32
201803,부산광역시,중구,50,50
201803,부산광역시,중구,51,35
201803,부산광역시,중구,52,38
201803,부산광역시,중구,53,48
201803,부산광역시,중구,54,40
201803,부산광역시,중구,55,43
201803,부산광역시,중구,56,57
201803,부산광역시,중구,57,47
201803,부산광역시,중구,58,52
201803,부산광역시,중구,59,58
201803,부산광역시,중구,60,60
201803,부산광역시,중구,61,53
201803,부산광역시,중구,62,63
201803,부산광역시,중구,63,52
201803,부산광역시,중구,64,49
201803,부산광역시,중구,65,69
201803,부산광역시,중구,66,47
201803,부산광역시,중구,67,56
201803,부산광역시,중구,68,56
201803,부산광역시,중구,69,50
201803,부산광역시,중구,70,55
201803,부산광역시,중구,71,51
201803,부산광역시,중구,72,46
201803,부산광역시,중구,73,56
201803,부산광역시,중구,74,55
201803,부산광역시,중구,75,50
201803,부산광역시,중구,76,61
201803,부산광역시,중구,77,31
201803,부산광역시,중구,78,53
201803,부산광역시,중구,79,51
201803,부산광역시,중구,80,40
201803,부산광역시,중구,81,28
201803,부산광역시,중구,82,39
201803,부산광역시,중구,83,24
201803,부산광역시,중구,84,23
201803,부산광역시,중구,85,19
201803,부산광역시,중구,86,24
201803,부산광역시,중구,87,9
201803,부산광역시,중구,88,7
201803,부산광역시,중구,89,9
201803,부산광역시,중구,90,10
201803,부산광역시,중구,91,6
201803,부산광역시,중구,92,6
201803,부산광역시,중구,93,2
201803,부산광역시,중구,94,6
201803,부산광역시,중구,96,2
201803,부산광역시,중구,100,1
201803,부산광역시,서구,0,5
201803,부산광역시,서구,1,10
201803,부산광역시,서구,2,15
201803,부산광역시,서구,3,10
201803,부산광역시,서구,4,15
201803,부산광역시,서구,5,13
201803,부산광역시,서구,6,15
201803,부산광역시,서구,7,36
201803,부산광역시,서구,8,47
201803,부산광역시,서구,9,53
201803,부산광역시,서구,10,55
201803,부산광역시,서구,11,71
201803,부산광역시,서구,12,43
201803,부산광역시,서구,13,77
201803,부산광역시,서구,14,92
201803,부산광역시,서구,15,94
201803,부산광역시,서구,16,135
201803,부산광역시,서구,17,142
201803,부산광역시,서구,18,121
201803,부산광역시,서구,19,84
201803,부산광역시,서구,20,68
201803,부산광역시,서구,21,55
201803,부산광역시,서구,22,40
201803,부산광역시,서구,23,47
201803,부산광역시,서구,24,35
201803,부산광역시,서구,25,20
201803,부산광역시,서구,26,15
201803,부산광역시,서구,27,11
201803,부산광역시,서구,28,12
201803,부산광역시,서구,29,6
201803,부산광역시,서구,30,9
201803,부산광역시,서구,31,8
201803,부산광역시,서구,32,11
201803,부산광역시,서구,33,12
201803,부산광역시,서구,34,21
201803,부산광역시,서구,35,15
201803,부산광역시,서구,36,17
201803,부산광역시,서구,37,35
201803,부산광역시,서구,38,15
201803,부산광역시,서구,39,33
201803,부산광역시,서구,40,26
201803,부산광역시,서구,41,38
201803,부산광역시,서구,42,42
201803,부산광역시,서구,43,46
201803,부산광역시,서구,44,65
201803,부산광역시,서구,45,63
201803,부산광역시,서구,46,56
201803,부산광역시,서구,47,66
201803,부산광역시,서구,48,97
201803,부산광역시,서구,49,100
201803,부산광역시,서구,50,71
201803,부산광역시,서구,51,90
201803,부산광역시,서구,52,95
201803,부산광역시,서구,53,89
201803,부산광역시,서구,54,103
201803,부산광역시,서구,55,102
201803,부산광역시,서구,56,122
201803,부산광역시,서구,57,129
201803,부산광역시,서구,58,116
201803,부산광역시,서구,59,131
201803,부산광역시,서구,60,132
201803,부산광역시,서구,61,107
201803,부산광역시,서구,62,123
201803,부산광역시,서구,63,131
201803,부산광역시,서구,64,129
201803,부산광역시,서구,65,124
201803,부산광역시,서구,66,123
201803,부산광역시,서구,67,131
201803,부산광역시,서구,68,108
201803,부산광역시,서구,69,102
201803,부산광역시,서구,70,127
201803,부산광역시,서구,71,128
201803,부산광역시,서구,72,86
201803,부산광역시,서구,73,99
201803,부산광역시,서구,74,105
201803,부산광역시,서구,75,139
201803,부산광역시,서구,76,110
201803,부산광역시,서구,77,125
201803,부산광역시,서구,78,103
201803,부산광역시,서구,79,114
201803,부산광역시,서구,80,61
201803,부산광역시,서구,81,87
201803,부산광역시,서구,82,81
201803,부산광역시,서구,83,62
201803,부산광역시,서구,84,64
201803,부산광역시,서구,85,43
201803,부산광역시,서구,86,31
201803,부산광역시,서구,87,31
201803,부산광역시,서구,88,21
201803,부산광역시,서구,89,31
201803,부산광역시,서구,90,16
201803,부산광역시,서구,91,14
201803,부산광역시,서구,92,12
201803,부산광역시,서구,93,5
201803,부산광역시,서구,94,18
201803,부산광역시,서구,95,6
201803,부산광역시,서구,96,6
201803,부산광역시,서구,97,3
201803,부산광역시,서구,98,2
201803,부산광역시,서구,100,1
201803,부산광역시,동구,0,5
201803,부산광역시,동구,1,8
201803,부산광역시,동구,2,21
201803,부산광역시,동구,3,13
201803,부산광역시,동구,4,12
201803,부산광역시,동구,5,20
201803,부산광역시,동구,6,29
201803,부산광역시,동구,7,58
201803,부산광역시,동구,8,48
201803,부산광역시,동구,9,65
201803,부산광역시,동구,10,73
201803,부산광역시,동구,11,63
201803,부산광역시,동구,12,69
201803,부산광역시,동구,13,68
201803,부산광역시,동구,14,82
201803,부산광역시,동구,15,86
201803,부산광역시,동구,16,140
201803,부산광역시,동구,17,145
201803,부산광역시,동구,18,118
201803,부산광역시,동구,19,78
201803,부산광역시,동구,20,78
201803,부산광역시,동구,21,73
201803,부산광역시,동구,22,55
201803,부산광역시,동구,23,55
201803,부산광역시,동구,24,33
201803,부산광역시,동구,25,31
201803,부산광역시,동구,26,19
201803,부산광역시,동구,27,14
201803,부산광역시,동구,28,14
201803,부산광역시,동구,29,13
201803,부산광역시,동구,30,11
201803,부산광역시,동구,31,8
201803,부산광역시,동구,32,14
201803,부산광역시,동구,33,25
201803,부산광역시,동구,34,16
201803,부산광역시,동구,35,18
201803,부산광역시,동구,36,23
201803,부산광역시,동구,37,29
201803,부산광역시,동구,38,25
201803,부산광역시,동구,39,34
201803,부산광역시,동구,40,43
201803,부산광역시,동구,41,32
201803,부산광역시,동구,42,48
201803,부산광역시,동구,43,58
201803,부산광역시,동구,44,86
201803,부산광역시,동구,45,66
201803,부산광역시,동구,46,91
201803,부산광역시,동구,47,116
201803,부산광역시,동구,48,99
201803,부산광역시,동구,49,107
201803,부산광역시,동구,50,99
201803,부산광역시,동구,51,102
201803,부산광역시,동구,52,114
201803,부산광역시,동구,53,96
201803,부산광역시,동구,54,118
201803,부산광역시,동구,55,110
201803,부산광역시,동구,56,122
201803,부산광역시,동구,57,141
201803,부산광역시,동구,58,145
201803,부산광역시,동구,59,131
201803,부산광역시,동구,60,158
201803,부산광역시,동구,61,169
201803,부산광역시,동구,62,123
201803,부산광역시,동구,63,146
201803,부산광역시,동구,64,116
201803,부산광역시,동구,65,144
201803,부산광역시,동구,66,138
201803,부산광역시,동구,67,122
201803,부산광역시,동구,68,149
201803,부산광역시,동구,69,126
201803,부산광역시,동구,70,131
201803,부산광역시,동구,71,129
201803,부산광역시,동구,72,105
201803,부산광역시,동구,73,132
201803,부산광역시,동구,74,103
201803,부산광역시,동구,75,148
201803,부산광역시,동구,76,113
201803,부산광역시,동구,77,128
201803,부산광역시,동구,78,119
201803,부산광역시,동구,79,121
201803,부산광역시,동구,80,95
201803,부산광역시,동구,81,106
201803,부산광역시,동구,82,94
201803,부산광역시,동구,83,57
201803,부산광역시,동구,84,44
201803,부산광역시,동구,85,61
201803,부산광역시,동구,86,57
201803,부산광역시,동구,87,28
201803,부산광역시,동구,88,25
201803,부산광역시,동구,89,33
201803,부산광역시,동구,90,20
201803,부산광역시,동구,91,12
201803,부산광역시,동구,92,15
201803,부산광역시,동구,93,5
201803,부산광역시,동구,94,6
201803,부산광역시,동구,95,5
201803,부산광역시,동구,96,4
201803,부산광역시,동구,97,1
201803,부산광역시,동구,100,1
201803,부산광역시,동구,101,1
201803,부산광역시,동구,103,1
201803,부산광역시,영도구,0,5
201803,부산광역시,영도구,1,13
201803,부산광역시,영도구,2,19
201803,부산광역시,영도구,3,16
201803,부산광역시,영도구,4,24
201803,부산광역시,영도구,5,30
201803,부산광역시,영도구,6,31
201803,부산광역시,영도구,7,50
201803,부산광역시,영도구,8,54
201803,부산광역시,영도구,9,79
201803,부산광역시,영도구,10,87
201803,부산광역시,영도구,11,96
201803,부산광역시,영도구,12,113
201803,부산광역시,영도구,13,91
201803,부산광역시,영도구,14,125
201803,부산광역시,영도구,15,143
201803,부산광역시,영도구,16,172
201803,부산광역시,영도구,17,198
201803,부산광역시,영도구,18,146
201803,부산광역시,영도구,19,95
201803,부산광역시,영도구,20,80
201803,부산광역시,영도구,21,83
201803,부산광역시,영도구,22,73
201803,부산광역시,영도구,23,69
201803,부산광역시,영도구,24,45
201803,부산광역시,영도구,25,46
201803,부산광역시,영도구,26,26
201803,부산광역시,영도구,27,20
201803,부산광역시,영도구,28,14
201803,부산광역시,영도구,29,11
201803,부산광역시,영도구,30,16
201803,부산광역시,영도구,31,16
201803,부산광역시,영도구,32,11
201803,부산광역시,영도구,33,26
201803,부산광역시,영도구,34,23
201803,부산광역시,영도구,35,30
201803,부산광역시,영도구,36,43
201803,부산광역시,영도구,37,54
201803,부산광역시,영도구,38,48
201803,부산광역시,영도구,39,53
201803,부산광역시,영도구,40,56
201803,부산광역시,영도구,41,63
201803,부산광역시,영도구,42,68
201803,부산광역시,영도구,43,72
201803,부산광역시,영도구,44,103
201803,부산광역시,영도구,45,90
201803,부산광역시,영도구,46,128
201803,부산광역시,영도구,47,118
201803,부산광역시,영도구,48,142
201803,부산광역시,영도구,49,148
201803,부산광역시,영도구,50,146
201803,부산광역시,영도구,51,173
201803,부산광역시,영도구,52,162
201803,부산광역시,영도구,53,128
201803,부산광역시,영도구,54,169
201803,부산광역시,영도구,55,189
201803,부산광역시,영도구,56,172
201803,부산광역시,영도구,57,215
201803,부산광역시,영도구,58,216
201803,부산광역시,영도구,59,173
201803,부산광역시,영도구,60,206
201803,부산광역시,영도구,61,170
201803,부산광역시,영도구,62,209
201803,부산광역시,영도구,63,229
201803,부산광역시,영도구,64,157
201803,부산광역시,영도구,65,170
201803,부산광역시,영도구,66,157
201803,부산광역시,영도구,67,144
201803,부산광역시,영도구,68,165
201803,부산광역시,영도구,69,161
201803,부산광역시,영도구,70,185
201803,부산광역시,영도구,71,161
201803,부산광역시,영도구,72,116
201803,부산광역시,영도구,73,158
201803,부산광역시,영도구,74,162
201803,부산광역시,영도구,75,208
201803,부산광역시,영도구,76,168
201803,부산광역시,영도구,77,163
201803,부산광역시,영도구,78,167
201803,부산광역시,영도구,79,119
201803,부산광역시,영도구,80,127
201803,부산광역시,영도구,81,130
201803,부산광역시,영도구,82,128
201803,부산광역시,영도구,83,96
201803,부산광역시,영도구,84,81
201803,부산광역시,영도구,85,60
201803,부산광역시,영도구,86,49
201803,부산광역시,영도구,87,38
201803,부산광역시,영도구,88,44
201803,부산광역시,영도구,89,34
201803,부산광역시,영도구,90,23
201803,부산광역시,영도구,91,21
201803,부산광역시,영도구,92,12
201803,부산광역시,영도구,93,13
201803,부산광역시,영도구,94,11
201803,부산광역시,영도구,95,5
201803,부산광역시,영도구,96,5
201803,부산광역시,영도구,97,3
201803,부산광역시,영도구,98,1
201803,부산광역시,영도구,100,1
201803,부산광역시,영도구,101,2
201803,부산광역시,부산진구,0,14
201803,부산광역시,부산진구,1,16
201803,부산광역시,부산진구,2,33
201803,부산광역시,부산진구,3,34
201803,부산광역시,부산진구,4,32
201803,부산광역시,부산진구,5,45
201803,부산광역시,부산진구,6,42
201803,부산광역시,부산진구,7,83
201803,부산광역시,부산진구,8,88
201803,부산광역시,부산진구,9,120
201803,부산광역시,부산진구,10,129
201803,부산광역시,부산진구,11,156
201803,부산광역시,부산진구,12,136
201803,부산광역시,부산진구,13,175
201803,부산광역시,부산진구,14,216
201803,부산광역시,부산진구,15,222
201803,부산광역시,부산진구,16,265
201803,부산광역시,부산진구,17,366
201803,부산광역시,부산진구,18,222
201803,부산광역시,부산진구,19,190
201803,부산광역시,부산진구,20,154
201803,부산광역시,부산진구,21,145
201803,부산광역시,부산진구,22,156
201803,부산광역시,부산진구,23,124
201803,부산광역시,부산진구,24,106
201803,부산광역시,부산진구,25,64
201803,부산광역시,부산진구,26,53
201803,부산광역시,부산진구,27,47
201803,부산광역시,부산진구,28,28
201803,부산광역시,부산진구,29,36
201803,부산광역시,부산진구,30,25
201803,부산광역시,부산진구,31,33
201803,부산광역시,부산진구,32,23
201803,부산광역시,부산진구,33,40
201803,부산광역시,부산진구,34,46
201803,부산광역시,부산진구,35,48
201803,부산광역시,부산진구,36,59
201803,부산광역시,부산진구,37,76
201803,부산광역시,부산진구,38,86
201803,부산광역시,부산진구,39,68
201803,부산광역시,부산진구,40,80
201803,부산광역시,부산진구,41,83
201803,부산광역시,부산진구,42,95
201803,부산광역시,부산진구,43,141
201803,부산광역시,부산진구,44,175
201803,부산광역시,부산진구,45,172
201803,부산광역시,부산진구,46,190
201803,부산광역시,부산진구,47,199
201803,부산광역시,부산진구,48,198
201803,부산광역시,부산진구,49,253
201803,부산광역시,부산진구,50,216
201803,부산광역시,부산진구,51,231
201803,부산광역시,부산진구,52,223
201803,부산광역시,부산진구,53,242
201803,부산광역시,부산진구,54,213
201803,부산광역시,부산진구,55,277
201803,부산광역시,부산진구,56,248
201803,부산광역시,부산진구,57,302
201803,부산광역시,부산진구,58,270
201803,부산광역시,부산진구,59,275
201803,부산광역시,부산진구,60,289
201803,부산광역시,부산진구,61,260
201803,부산광역시,부산진구,62,278
201803,부산광역시,부산진구,63,280
201803,부산광역시,부산진구,64,225
201803,부산광역시,부산진구,65,250
201803,부산광역시,부산진구,66,241
201803,부산광역시,부산진구,67,209
201803,부산광역시,부산진구,68,238
201803,부산광역시,부산진구,69,263
201803,부산광역시,부산진구,70,258
201803,부산광역시,부산진구,71,228
201803,부산광역시,부산진구,72,166
201803,부산광역시,부산진구,73,204
201803,부산광역시,부산진구,74,203
201803,부산광역시,부산진구,75,249
201803,부산광역시,부산진구,76,242
201803,부산광역시,부산진구,77,199
201803,부산광역시,부산진구,78,232
201803,부산광역시,부산진구,79,191
201803,부산광역시,부산진구,80,164
201803,부산광역시,부산진구,81,173
201803,부산광역시,부산진구,82,150
201803,부산광역시,부산진구,83,136
201803,부산광역시,부산진구,84,107
201803,부산광역시,부산진구,85,84
201803,부산광역시,부산진구,86,87
201803,부산광역시,부산진구,87,50
201803,부산광역시,부산진구,88,59
201803,부산광역시,부산진구,89,50
201803,부산광역시,부산진구,90,39
201803,부산광역시,부산진구,91,24
201803,부산광역시,부산진구,92,17
201803,부산광역시,부산진구,93,8
201803,부산광역시,부산진구,94,13
201803,부산광역시,부산진구,95,11
201803,부산광역시,부산진구,96,12
201803,부산광역시,부산진구,97,5
201803,부산광역시,부산진구,98,3
201803,부산광역시,부산진구,99,2
201803,부산광역시,부산진구,103,1
201803,부산광역시,부산진구,106,1
201803,부산광역시,동래구,0,7
201803,부산광역시,동래구,1,14
201803,부산광역시,동래구,2,10
201803,부산광역시,동래구,3,9
201803,부산광역시,동래구,4,16
201803,부산광역시,동래구,5,25
201803,부산광역시,동래구,6,21
201803,부산광역시,동래구,7,48
201803,부산광역시,동래구,8,52
201803,부산광역시,동래구,9,61
201803,부산광역시,동래구,10,81
201803,부산광역시,동래구,11,93
201803,부산광역시,동래구,12,91
201803,부산광역시,동래구,13,111
201803,부산광역시,동래구,14,124
201803,부산광역시,동래구,15,147
201803,부산광역시,동래구,16,187
201803,부산광역시,동래구,17,215
201803,부산광역시,동래구,18,185
201803,부산광역시,동래구,19,125
201803,부산광역시,동래구,20,106
201803,부산광역시,동래구,21,74
201803,부산광역시,동래구,22,63
201803,부산광역시,동래구,23,62
201803,부산광역시,동래구,24,48
201803,부산광역시,동래구,25,41
201803,부산광역시,동래구,26,23
201803,부산광역시,동래구,27,14
201803,부산광역시,동래구,28,17
201803,부산광역시,동래구,29,19
201803,부산광역시,동래구,30,12
201803,부산광역시,동래구,31,11
201803,부산광역시,동래구,32,11
201803,부산광역시,동래구,33,9
201803,부산광역시,동래구,34,20
201803,부산광역시,동래구,35,34
201803,부산광역시,동래구,36,19
201803,부산광역시,동래구,37,33
201803,부산광역시,동래구,38,36
201803,부산광역시,동래구,39,37
201803,부산광역시,동래구,40,42
201803,부산광역시,동래구,41,34
201803,부산광역시,동래구,42,72
201803,부산광역시,동래구,43,76
201803,부산광역시,동래구,44,74
201803,부산광역시,동래구,45,80
201803,부산광역시,동래구,46,95
201803,부산광역시,동래구,47,111
201803,부산광역시,동래구,48,101
201803,부산광역시,동래구,49,125
201803,부산광역시,동래구,50,91
201803,부산광역시,동래구,51,90
201803,부산광역시,동래구,52,107
201803,부산광역시,동래구,53,119
201803,부산광역시,동래구,54,92
201803,부산광역시,동래구,55,127
201803,부산광역시,동래구,56,124
201803,부산광역시,동래구,57,149
201803,부산광역시,동래구,58,121
201803,부산광역시,동래구,59,125
201803,부산광역시,동래구,60,120
201803,부산광역시,동래구,61,126
201803,부산광역시,동래구,62,111
201803,부산광역시,동래구,63,118
201803,부산광역시,동래구,64,112
201803,부산광역시,동래구,65,120
201803,부산광역시,동래구,66,117
201803,부산광역시,동래구,67,92
201803,부산광역시,동래구,68,105
201803,부산광역시,동래구,69,90
201803,부산광역시,동래구,70,109
201803,부산광역시,동래구,71,82
201803,부산광역시,동래구,72,87
201803,부산광역시,동래구,73,100
201803,부산광역시,동래구,74,99
201803,부산광역시,동래구,75,112
201803,부산광역시,동래구,76,81
201803,부산광역시,동래구,77,92
201803,부산광역시,동래구,78,100
201803,부산광역시,동래구,79,82
201803,부산광역시,동래구,80,66
201803,부산광역시,동래구,81,66
201803,부산광역시,동래구,82,72
201803,부산광역시,동래구,83,70
201803,부산광역시,동래구,84,40
201803,부산광역시,동래구,85,51
201803,부산광역시,동래구,86,36
201803,부산광역시,동래구,87,33
201803,부산광역시,동래구,88,18
201803,부산광역시,동래구,89,23
201803,부산광역시,동래구,90,21
201803,부산광역시,동래구,91,11
201803,부산광역시,동래구,92,12
201803,부산광역시,동래구,93,2
201803,부산광역시,동래구,94,8
201803,부산광역시,동래구,95,7
201803,부산광역시,동래구,96,3
201803,부산광역시,동래구,97,2
201803,부산광역시,동래구,98,3
201803,부산광역시,동래구,99,1
201803,부산광역시,동래구,100,1
201803,부산광역시,남구,0,14
201803,부산광역시,남구,1,8
201803,부산광역시,남구,2,19
201803,부산광역시,남구,3,16
201803,부산광역시,남구,4,26
201803,부산광역시,남구,5,29
201803,부산광역시,남구,6,30
201803,부산광역시,남구,7,82
201803,부산광역시,남구,8,78
201803,부산광역시,남구,9,95
201803,부산광역시,남구,10,111
201803,부산광역시,남구,11,115
201803,부산광역시,남구,12,127
201803,부산광역시,남구,13,139
201803,부산광역시,남구,14,141
201803,부산광역시,남구,15,188
201803,부산광역시,남구,16,205
201803,부산광역시,남구,17,259
201803,부산광역시,남구,18,154
201803,부산광역시,남구,19,118
201803,부산광역시,남구,20,90
201803,부산광역시,남구,21,105
201803,부산광역시,남구,22,70
201803,부산광역시,남구,23,73
201803,부산광역시,남구,24,54
201803,부산광역시,남구,25,45
201803,부산광역시,남구,26,21
201803,부산광역시,남구,27,22
201803,부산광역시,남구,28,20
201803,부산광역시,남구,29,14
201803,부산광역시,남구,30,18
201803,부산광역시,남구,31,13
201803,부산광역시,남구,32,22
201803,부산광역시,남구,33,12
201803,부산광역시,남구,34,28
201803,부산광역시,남구,35,26
201803,부산광역시,남구,36,29
201803,부산광역시,남구,37,30
201803,부산광역시,남구,38,43
201803,부산광역시,남구,39,54
201803,부산광역시,남구,40,48
201803,부산광역시,남구,41,52
201803,부산광역시,남구,42,64
201803,부산광역시,남구,43,68
201803,부산광역시,남구,44,92
201803,부산광역시,남구,45,120
201803,부산광역시,남구,46,143
201803,부산광역시,남구,47,110
201803,부산광역시,남구,48,139
201803,부산광역시,남구,49,140
201803,부산광역시,남구,50,123
201803,부산광역시,남구,51,125
201803,부산광역시,남구,52,120
201803,부산광역시,남구,53,134
201803,부산광역시,남구,54,109
201803,부산광역시,남구,55,135
201803,부산광역시,남구,56,133
201803,부산광역시,남구,57,149
201803,부산광역시,남구,58,135
201803,부산광역시,남구,59,158
201803,부산광역시,남구,60,158
201803,부산광역시,남구,61,123
201803,부산광역시,남구,62,135
201803,부산광역시,남구,63,159
201803,부산광역시,남구,64,93
201803,부산광역시,남구,65,131
201803,부산광역시,남구,66,120
201803,부산광역시,남구,67,114
201803,부산광역시,남구,68,130
201803,부산광역시,남구,69,116
201803,부산광역시,남구,70,134
201803,부산광역시,남구,71,126
201803,부산광역시,남구,72,117
201803,부산광역시,남구,73,130
201803,부산광역시,남구,74,151
201803,부산광역시,남구,75,153
201803,부산광역시,남구,76,131
201803,부산광역시,남구,77,130
201803,부산광역시,남구,78,130
201803,부산광역시,남구,79,108
201803,부산광역시,남구,80,114
201803,부산광역시,남구,81,87
201803,부산광역시,남구,82,114
201803,부산광역시,남구,83,95
201803,부산광역시,남구,84,66
201803,부산광역시,남구,85,59
201803,부산광역시,남구,86,50
201803,부산광역시,남구,87,45
201803,부산광역시,남구,88,35
201803,부산광역시,남구,89,30
201803,부산광역시,남구,90,27
201803,부산광역시,남구,91,19
201803,부산광역시,남구,92,14
201803,부산광역시,남구,93,5
201803,부산광역시,남구,94,5
201803,부산광역시,남구,95,7
201803,부산광역시,남구,96,3
201803,부산광역시,남구,97,4
201803,부산광역시,남구,98,2
201803,부산광역시,남구,99,3
201803,부산광역시,남구,100,1
201803,부산광역시,남구,101,1
201803,부산광역시,남구,103,1
201803,부산광역시,북구,0,20
201803,부산광역시,북구,1,33
201803,부산광역시,북구,2,35
201803,부산광역시,북구,3,35
201803,부산광역시,북구,4,43
201803,부산광역시,북구,5,52
201803,부산광역시,북구,6,60
201803,부산광역시,북구,7,78
201803,부산광역시,북구,8,96
201803,부산광역시,북구,9,117
201803,부산광역시,북구,10,139
201803,부산광역시,북구,11,121
201803,부산광역시,북구,12,158
201803,부산광역시,북구,13,145
201803,부산광역시,북구,14,189
201803,부산광역시,북구,15,199
201803,부산광역시,북구,16,267
201803,부산광역시,북구,17,370
201803,부산광역시,북구,18,265
201803,부산광역시,북구,19,233
201803,부산광역시,북구,20,201
201803,부산광역시,북구,21,183
201803,부산광역시,북구,22,159
201803,부산광역시,북구,23,138
201803,부산광역시,북구,24,140
201803,부산광역시,북구,25,86
201803,부산광역시,북구,26,74
201803,부산광역시,북구,27,48
201803,부산광역시,북구,28,41
201803,부산광역시,북구,29,34
201803,부산광역시,북구,30,35
201803,부산광역시,북구,31,30
201803,부산광역시,북구,32,39
201803,부산광역시,북구,33,38
201803,부산광역시,북구,34,57
201803,부산광역시,북구,35,66
201803,부산광역시,북구,36,72
201803,부산광역시,북구,37,73
201803,부산광역시,북구,38,66
201803,부산광역시,북구,39,85
201803,부산광역시,북구,40,92
201803,부산광역시,북구,41,99
201803,부산광역시,북구,42,112
201803,부산광역시,북구,43,138
201803,부산광역시,북구,44,171
201803,부산광역시,북구,45,209
201803,부산광역시,북구,46,201
201803,부산광역시,북구,47,240
201803,부산광역시,북구,48,244
201803,부산광역시,북구,49,307
201803,부산광역시,북구,50,240
201803,부산광역시,북구,51,266
201803,부산광역시,북구,52,268
201803,부산광역시,북구,53,272
201803,부산광역시,북구,54,263
201803,부산광역시,북구,55,319
201803,부산광역시,북구,56,305
201803,부산광역시,북구,57,383
201803,부산광역시,북구,58,346
201803,부산광역시,북구,59,332
201803,부산광역시,북구,60,299
201803,부산광역시,북구,61,315
201803,부산광역시,북구,62,309
201803,부산광역시,북구,63,295
201803,부산광역시,북구,64,244
201803,부산광역시,북구,65,266
201803,부산광역시,북구,66,226
201803,부산광역시,북구,67,240
201803,부산광역시,북구,68,240
201803,부산광역시,북구,69,240
201803,부산광역시,북구,70,258
201803,부산광역시,북구,71,232
201803,부산광역시,북구,72,181
201803,부산광역시,북구,73,203
201803,부산광역시,북구,74,214
201803,부산광역시,북구,75,299
201803,부산광역시,북구,76,242
201803,부산광역시,북구,77,225
201803,부산광역시,북구,78,220
201803,부산광역시,북구,79,201
201803,부산광역시,북구,80,187
201803,부산광역시,북구,81,179
201803,부산광역시,북구,82,171
201803,부산광역시,북구,83,171
201803,부산광역시,북구,84,120
201803,부산광역시,북구,85,117
201803,부산광역시,북구,86,93
201803,부산광역시,북구,87,68
201803,부산광역시,북구,88,47
201803,부산광역시,북구,89,46
201803,부산광역시,북구,90,40
201803,부산광역시,북구,91,27
201803,부산광역시,북구,92,20
201803,부산광역시,북구,93,11
201803,부산광역시,북구,94,10
201803,부산광역시,북구,95,10
201803,부산광역시,북구,96,2
201803,부산광역시,북구,97,3
201803,부산광역시,북구,98,2
201803,부산광역시,북구,99,2
201803,부산광역시,북구,100,5
201803,부산광역시,북구,102,1
201803,부산광역시,북구,103,1
201803,부산광역시,해운대구,0,15
201803,부산광역시,해운대구,1,24
201803,부산광역시,해운대구,2,29
201803,부산광역시,해운대구,3,31
201803,부산광역시,해운대구,4,41
201803,부산광역시,해운대구,5,48
201803,부산광역시,해운대구,6,52
201803,부산광역시,해운대구,7,124
201803,부산광역시,해운대구,8,120
201803,부산광역시,해운대구,9,147
201803,부산광역시,해운대구,10,174
201803,부산광역시,해운대구,11,148
201803,부산광역시,해운대구,12,175
201803,부산광역시,해운대구,13,178
201803,부산광역시,해운대구,14,249
201803,부산광역시,해운대구,15,281
201803,부산광역시,해운대구,16,322
201803,부산광역시,해운대구,17,395
201803,부산광역시,해운대구,18,285
201803,부산광역시,해운대구,19,206
201803,부산광역시,해운대구,20,140
201803,부산광역시,해운대구,21,162
201803,부산광역시,해운대구,22,157
201803,부산광역시,해운대구,23,123
201803,부산광역시,해운대구,24,94
201803,부산광역시,해운대구,25,73
201803,부산광역시,해운대구,26,53
201803,부산광역시,해운대구,27,49
201803,부산광역시,해운대구,28,30
201803,부산광역시,해운대구,29,23
201803,부산광역시,해운대구,30,26
201803,부산광역시,해운대구,31,30
201803,부산광역시,해운대구,32,27
201803,부산광역시,해운대구,33,33
201803,부산광역시,해운대구,34,53
201803,부산광역시,해운대구,35,60
201803,부산광역시,해운대구,36,71
201803,부산광역시,해운대구,37,76
201803,부산광역시,해운대구,38,75
201803,부산광역시,해운대구,39,84
201803,부산광역시,해운대구,40,99
201803,부산광역시,해운대구,41,84
201803,부산광역시,해운대구,42,105
201803,부산광역시,해운대구,43,142
201803,부산광역시,해운대구,44,157
201803,부산광역시,해운대구,45,173
201803,부산광역시,해운대구,46,201
201803,부산광역시,해운대구,47,214
201803,부산광역시,해운대구,48,197
201803,부산광역시,해운대구,49,231
201803,부산광역시,해운대구,50,211
201803,부산광역시,해운대구,51,215
201803,부산광역시,해운대구,52,230
201803,부산광역시,해운대구,53,214
201803,부산광역시,해운대구,54,192
201803,부산광역시,해운대구,55,221
201803,부산광역시,해운대구,56,247
201803,부산광역시,해운대구,57,272
201803,부산광역시,해운대구,58,266
201803,부산광역시,해운대구,59,241
201803,부산광역시,해운대구,60,231
201803,부산광역시,해운대구,61,239
201803,부산광역시,해운대구,62,262
201803,부산광역시,해운대구,63,278
201803,부산광역시,해운대구,64,194
201803,부산광역시,해운대구,65,260
201803,부산광역시,해운대구,66,216
201803,부산광역시,해운대구,67,230
201803,부산광역시,해운대구,68,223
201803,부산광역시,해운대구,69,221
201803,부산광역시,해운대구,70,199
201803,부산광역시,해운대구,71,207
201803,부산광역시,해운대구,72,144
201803,부산광역시,해운대구,73,203
201803,부산광역시,해운대구,74,211
201803,부산광역시,해운대구,75,281
201803,부산광역시,해운대구,76,254
201803,부산광역시,해운대구,77,236
201803,부산광역시,해운대구,78,207
201803,부산광역시,해운대구,79,191
201803,부산광역시,해운대구,80,190
201803,부산광역시,해운대구,81,173
201803,부산광역시,해운대구,82,158
201803,부산광역시,해운대구,83,143
201803,부산광역시,해운대구,84,110
201803,부산광역시,해운대구,85,86
201803,부산광역시,해운대구,86,90
201803,부산광역시,해운대구,87,66
201803,부산광역시,해운대구,88,50
201803,부산광역시,해운대구,89,53
201803,부산광역시,해운대구,90,48
201803,부산광역시,해운대구,91,29
201803,부산광역시,해운대구,92,17
201803,부산광역시,해운대구,93,15
201803,부산광역시,해운대구,94,13
201803,부산광역시,해운대구,95,15
201803,부산광역시,해운대구,96,13
201803,부산광역시,해운대구,97,1
201803,부산광역시,해운대구,98,4
201803,부산광역시,해운대구,99,3
201803,부산광역시,해운대구,108,1
201803,부산광역시,사하구,0,17
201803,부산광역시,사하구,1,17
201803,부산광역시,사하구,2,29
201803,부산광역시,사하구,3,33
201803,부산광역시,사하구,4,39
201803,부산광역시,사하구,5,52
201803,부산광역시,사하구,6,56
201803,부산광역시,사하구,7,90
201803,부산광역시,사하구,8,104
201803,부산광역시,사하구,9,130
201803,부산광역시,사하구,10,179
201803,부산광역시,사하구,11,168
201803,부산광역시,사하구,12,160
201803,부산광역시,사하구,13,195
201803,부산광역시,사하구,14,207
201803,부산광역시,사하구,15,275
201803,부산광역시,사하구,16,269
201803,부산광역시,사하구,17,356
201803,부산광역시,사하구,18,259
201803,부산광역시,사하구,19,207
201803,부산광역시,사하구,20,199
201803,부산광역시,사하구,21,159
201803,부산광역시,사하구,22,135
201803,부산광역시,사하구,23,130
201803,부산광역시,사하구,24,92
201803,부산광역시,사하구,25,66
201803,부산광역시,사하구,26,46
201803,부산광역시,사하구,27,45
201803,부산광역시,사하구,28,25
201803,부산광역시,사하구,29,16
201803,부산광역시,사하구,30,29
201803,부산광역시,사하구,31,18
201803,부산광역시,사하구,32,39
201803,부산광역시,사하구,33,34
201803,부산광역시,사하구,34,56
201803,부산광역시,사하구,35,42
201803,부산광역시,사하구,36,84
201803,부산광역시,사하구,37,67
201803,부산광역시,사하구,38,86
201803,부산광역시,사하구,39,88
201803,부산광역시,사하구,40,86
201803,부산광역시,사하구,41,82
201803,부산광역시,사하구,42,127
201803,부산광역시,사하구,43,136
201803,부산광역시,사하구,44,166
201803,부산광역시,사하구,45,186
201803,부산광역시,사하구,46,178
201803,부산광역시,사하구,47,226
201803,부산광역시,사하구,48,220
201803,부산광역시,사하구,49,232
201803,부산광역시,사하구,50,236
201803,부산광역시,사하구,51,250
201803,부산광역시,사하구,52,218
201803,부산광역시,사하구,53,219
201803,부산광역시,사하구,54,246
201803,부산광역시,사하구,55,254
201803,부산광역시,사하구,56,306
201803,부산광역시,사하구,57,316
201803,부산광역시,사하구,58,274
201803,부산광역시,사하구,59,314
201803,부산광역시,사하구,60,298
201803,부산광역시,사하구,61,292
201803,부산광역시,사하구,62,279
201803,부산광역시,사하구,63,278
201803,부산광역시,사하구,64,219
201803,부산광역시,사하구,65,240
201803,부산광역시,사하구,66,209
201803,부산광역시,사하구,67,182
201803,부산광역시,사하구,68,204
201803,부산광역시,사하구,69,207
201803,부산광역시,사하구,70,218
201803,부산광역시,사하구,71,252
201803,부산광역시,사하구,72,142
201803,부산광역시,사하구,73,194
201803,부산광역시,사하구,74,215
201803,부산광역시,사하구,75,247
201803,부산광역시,사하구,76,244
201803,부산광역시,사하구,77,243
201803,부산광역시,사하구,78,213
201803,부산광역시,사하구,79,187
201803,부산광역시,사하구,80,188
201803,부산광역시,사하구,81,160
201803,부산광역시,사하구,82,127
201803,부산광역시,사하구,83,149
201803,부산광역시,사하구,84,106
201803,부산광역시,사하구,85,99
201803,부산광역시,사하구,86,62
201803,부산광역시,사하구,87,75
201803,부산광역시,사하구,88,59
201803,부산광역시,사하구,89,46
201803,부산광역시,사하구,90,40
201803,부산광역시,사하구,91,27
201803,부산광역시,사하구,92,28
201803,부산광역시,사하구,93,15
201803,부산광역시,사하구,94,10
201803,부산광역시,사하구,95,12
201803,부산광역시,사하구,96,6
201803,부산광역시,사하구,97,6
201803,부산광역시,사하구,98,6
201803,부산광역시,사하구,99,3
201803,부산광역시,사하구,100,1
201803,부산광역시,사하구,105,1
201803,부산광역시,금정구,0,4
201803,부산광역시,금정구,1,11
201803,부산광역시,금정구,2,15
201803,부산광역시,금정구,3,15
201803,부산광역시,금정구,4,17
201803,부산광역시,금정구,5,19
201803,부산광역시,금정구,6,36
201803,부산광역시,금정구,7,47
201803,부산광역시,금정구,8,66
201803,부산광역시,금정구,9,70
201803,부산광역시,금정구,10,90
201803,부산광역시,금정구,11,92
201803,부산광역시,금정구,12,112
201803,부산광역시,금정구,13,100
201803,부산광역시,금정구,14,137
201803,부산광역시,금정구,15,167
201803,부산광역시,금정구,16,210
201803,부산광역시,금정구,17,271
201803,부산광역시,금정구,18,192
201803,부산광역시,금정구,19,128
201803,부산광역시,금정구,20,116
201803,부산광역시,금정구,21,116
201803,부산광역시,금정구,22,94
201803,부산광역시,금정구,23,84
201803,부산광역시,금정구,24,67
201803,부산광역시,금정구,25,41
201803,부산광역시,금정구,26,36
201803,부산광역시,금정구,27,19
201803,부산광역시,금정구,28,21
201803,부산광역시,금정구,29,16
201803,부산광역시,금정구,30,15
201803,부산광역시,금정구,31,22
201803,부산광역시,금정구,32,19
201803,부산광역시,금정구,33,19
201803,부산광역시,금정구,34,19
201803,부산광역시,금정구,35,20
201803,부산광역시,금정구,36,36
201803,부산광역시,금정구,37,37
201803,부산광역시,금정구,38,42
201803,부산광역시,금정구,39,32
201803,부산광역시,금정구,40,50
201803,부산광역시,금정구,41,65
201803,부산광역시,금정구,42,61
201803,부산광역시,금정구,43,70
201803,부산광역시,금정구,44,87
201803,부산광역시,금정구,45,114
201803,부산광역시,금정구,46,123
201803,부산광역시,금정구,47,120
201803,부산광역시,금정구,48,140
201803,부산광역시,금정구,49,142
201803,부산광역시,금정구,50,148
201803,부산광역시,금정구,51,134
201803,부산광역시,금정구,52,154
201803,부산광역시,금정구,53,151
201803,부산광역시,금정구,54,156
201803,부산광역시,금정구,55,161
201803,부산광역시,금정구,56,156
201803,부산광역시,금정구,57,166
201803,부산광역시,금정구,58,167
201803,부산광역시,금정구,59,158
201803,부산광역시,금정구,60,137
201803,부산광역시,금정구,61,147
201803,부산광역시,금정구,62,159
201803,부산광역시,금정구,63,172
201803,부산광역시,금정구,64,146
201803,부산광역시,금정구,65,138
201803,부산광역시,금정구,66,138
201803,부산광역시,금정구,67,123
201803,부산광역시,금정구,68,132
201803,부산광역시,금정구,69,142
201803,부산광역시,금정구,70,132
201803,부산광역시,금정구,71,140
201803,부산광역시,금정구,72,104
201803,부산광역시,금정구,73,133
201803,부산광역시,금정구,74,132
201803,부산광역시,금정구,75,148
201803,부산광역시,금정구,76,156
201803,부산광역시,금정구,77,133
201803,부산광역시,금정구,78,130
201803,부산광역시,금정구,79,109
201803,부산광역시,금정구,80,110
201803,부산광역시,금정구,81,90
201803,부산광역시,금정구,82,72
201803,부산광역시,금정구,83,81
201803,부산광역시,금정구,84,70
201803,부산광역시,금정구,85,57
201803,부산광역시,금정구,86,56
201803,부산광역시,금정구,87,39
201803,부산광역시,금정구,88,38
201803,부산광역시,금정구,89,35
201803,부산광역시,금정구,90,20
201803,부산광역시,금정구,91,13
201803,부산광역시,금정구,92,13
201803,부산광역시,금정구,93,7
201803,부산광역시,금정구,94,2
201803,부산광역시,금정구,95,9
201803,부산광역시,금정구,96,3
201803,부산광역시,금정구,98,4
201803,부산광역시,금정구,102,1
201803,부산광역시,금정구,103,1
201803,부산광역시,강서구,0,3
201803,부산광역시,강서구,1,3
201803,부산광역시,강서구,2,11
201803,부산광역시,강서구,3,9
201803,부산광역시,강서구,4,10
201803,부산광역시,강서구,5,12
201803,부산광역시,강서구,6,13
201803,부산광역시,강서구,7,18
201803,부산광역시,강서구,8,36
201803,부산광역시,강서구,9,22
201803,부산광역시,강서구,10,23
201803,부산광역시,강서구,11,27
201803,부산광역시,강서구,12,33
201803,부산광역시,강서구,13,34
201803,부산광역시,강서구,14,28
201803,부산광역시,강서구,15,36
201803,부산광역시,강서구,16,40
201803,부산광역시,강서구,17,55
201803,부산광역시,강서구,18,37
201803,부산광역시,강서구,19,25
201803,부산광역시,강서구,20,17
201803,부산광역시,강서구,21,16
201803,부산광역시,강서구,22,14
201803,부산광역시,강서구,23,11
201803,부산광역시,강서구,24,10
201803,부산광역시,강서구,25,10
201803,부산광역시,강서구,26,8
201803,부산광역시,강서구,27,1
201803,부산광역시,강서구,28,4
201803,부산광역시,강서구,29,4
201803,부산광역시,강서구,30,8
201803,부산광역시,강서구,31,5
201803,부산광역시,강서구,32,4
201803,부산광역시,강서구,33,6
201803,부산광역시,강서구,34,6
201803,부산광역시,강서구,35,10
201803,부산광역시,강서구,36,13
201803,부산광역시,강서구,37,10
201803,부산광역시,강서구,38,15
201803,부산광역시,강서구,39,18
201803,부산광역시,강서구,40,7
201803,부산광역시,강서구,41,10
201803,부산광역시,강서구,42,8
201803,부산광역시,강서구,43,23
201803,부산광역시,강서구,44,13
201803,부산광역시,강서구,45,25
201803,부산광역시,강서구,46,14
201803,부산광역시,강서구,47,18
201803,부산광역시,강서구,48,29
201803,부산광역시,강서구,49,26
201803,부산광역시,강서구,50,18
201803,부산광역시,강서구,51,29
201803,부산광역시,강서구,52,26
201803,부산광역시,강서구,53,27
201803,부산광역시,강서구,54,30
201803,부산광역시,강서구,55,41
201803,부산광역시,강서구,56,33
201803,부산광역시,강서구,57,29
201803,부산광역시,강서구,58,31
201803,부산광역시,강서구,59,29
201803,부산광역시,강서구,60,50
201803,부산광역시,강서구,61,33
201803,부산광역시,강서구,62,33
201803,부산광역시,강서구,63,38
201803,부산광역시,강서구,64,34
201803,부산광역시,강서구,65,32
201803,부산광역시,강서구,66,35
201803,부산광역시,강서구,67,30
201803,부산광역시,강서구,68,38
201803,부산광역시,강서구,69,46
201803,부산광역시,강서구,70,32
201803,부산광역시,강서구,71,35
201803,부산광역시,강서구,72,29
201803,부산광역시,강서구,73,35
201803,부산광역시,강서구,74,30
201803,부산광역시,강서구,75,38
201803,부산광역시,강서구,76,40
201803,부산광역시,강서구,77,30
201803,부산광역시,강서구,78,39
201803,부산광역시,강서구,79,23
201803,부산광역시,강서구,80,22
201803,부산광역시,강서구,81,14
201803,부산광역시,강서구,82,17
201803,부산광역시,강서구,83,24
201803,부산광역시,강서구,84,18
201803,부산광역시,강서구,85,11
201803,부산광역시,강서구,86,15
201803,부산광역시,강서구,87,6
201803,부산광역시,강서구,88,13
201803,부산광역시,강서구,89,5
201803,부산광역시,강서구,90,6
201803,부산광역시,강서구,91,4
201803,부산광역시,강서구,92,4
201803,부산광역시,강서구,93,4
201803,부산광역시,강서구,94,2
201803,부산광역시,강서구,95,5
201803,부산광역시,강서구,96,1
201803,부산광역시,강서구,97,1
201803,부산광역시,강서구,99,1
201803,부산광역시,강서구,103,1
201803,부산광역시,연제구,0,3
201803,부산광역시,연제구,1,10
201803,부산광역시,연제구,2,20
201803,부산광역시,연제구,3,13
201803,부산광역시,연제구,4,30
201803,부산광역시,연제구,5,19
201803,부산광역시,연제구,6,30
201803,부산광역시,연제구,7,51
201803,부산광역시,연제구,8,60
201803,부산광역시,연제구,9,75
201803,부산광역시,연제구,10,80
201803,부산광역시,연제구,11,88
201803,부산광역시,연제구,12,97
201803,부산광역시,연제구,13,101
201803,부산광역시,연제구,14,104
201803,부산광역시,연제구,15,142
201803,부산광역시,연제구,16,149
201803,부산광역시,연제구,17,172
201803,부산광역시,연제구,18,155
201803,부산광역시,연제구,19,102
201803,부산광역시,연제구,20,96
201803,부산광역시,연제구,21,85
201803,부산광역시,연제구,22,76
201803,부산광역시,연제구,23,70
201803,부산광역시,연제구,24,62
201803,부산광역시,연제구,25,44
201803,부산광역시,연제구,26,41
201803,부산광역시,연제구,27,23
201803,부산광역시,연제구,28,11
201803,부산광역시,연제구,29,8
201803,부산광역시,연제구,30,11
201803,부산광역시,연제구,31,20
201803,부산광역시,연제구,32,18
201803,부산광역시,연제구,33,17
201803,부산광역시,연제구,34,16
201803,부산광역시,연제구,35,26
201803,부산광역시,연제구,36,25
201803,부산광역시,연제구,37,32
201803,부산광역시,연제구,38,32
201803,부산광역시,연제구,39,40
201803,부산광역시,연제구,40,45
201803,부산광역시,연제구,41,34
201803,부산광역시,연제구,42,34
201803,부산광역시,연제구,43,58
201803,부산광역시,연제구,44,66
201803,부산광역시,연제구,45,83
201803,부산광역시,연제구,46,97
201803,부산광역시,연제구,47,97
201803,부산광역시,연제구,48,121
201803,부산광역시,연제구,49,109
201803,부산광역시,연제구,50,137
201803,부산광역시,연제구,51,109
201803,부산광역시,연제구,52,128
201803,부산광역시,연제구,53,115
201803,부산광역시,연제구,54,113
201803,부산광역시,연제구,55,130
201803,부산광역시,연제구,56,140
201803,부산광역시,연제구,57,162
201803,부산광역시,연제구,58,116
201803,부산광역시,연제구,59,119
201803,부산광역시,연제구,60,119
201803,부산광역시,연제구,61,123
201803,부산광역시,연제구,62,120
201803,부산광역시,연제구,63,165
201803,부산광역시,연제구,64,99
201803,부산광역시,연제구,65,131
201803,부산광역시,연제구,66,97
201803,부산광역시,연제구,67,101
201803,부산광역시,연제구,68,112
201803,부산광역시,연제구,69,109
201803,부산광역시,연제구,70,117
201803,부산광역시,연제구,71,96
201803,부산광역시,연제구,72,80
201803,부산광역시,연제구,73,78
201803,부산광역시,연제구,74,86
201803,부산광역시,연제구,75,97
201803,부산광역시,연제구,76,120
201803,부산광역시,연제구,77,104
201803,부산광역시,연제구,78,80
201803,부산광역시,연제구,79,74
201803,부산광역시,연제구,80,62
201803,부산광역시,연제구,81,72
201803,부산광역시,연제구,82,60
201803,부산광역시,연제구,83,50
201803,부산광역시,연제구,84,46
201803,부산광역시,연제구,85,34
201803,부산광역시,연제구,86,24
201803,부산광역시,연제구,87,27
201803,부산광역시,연제구,88,24
201803,부산광역시,연제구,89,30
201803,부산광역시,연제구,90,20
201803,부산광역시,연제구,91,12
201803,부산광역시,연제구,92,10
201803,부산광역시,연제구,93,5
201803,부산광역시,연제구,94,5
201803,부산광역시,연제구,95,2
201803,부산광역시,연제구,96,5
201803,부산광역시,연제구,97,1
201803,부산광역시,연제구,98,1
201803,부산광역시,연제구,99,1
201803,부산광역시,연제구,101,1
201803,부산광역시,수영구,0,7
201803,부산광역시,수영구,1,4
201803,부산광역시,수영구,2,7
201803,부산광역시,수영구,3,10
201803,부산광역시,수영구,4,11
201803,부산광역시,수영구,5,24
201803,부산광역시,수영구,6,17
201803,부산광역시,수영구,7,37
201803,부산광역시,수영구,8,51
201803,부산광역시,수영구,9,45
201803,부산광역시,수영구,10,70
201803,부산광역시,수영구,11,49
201803,부산광역시,수영구,12,55
201803,부산광역시,수영구,13,76
201803,부산광역시,수영구,14,106
201803,부산광역시,수영구,15,101
201803,부산광역시,수영구,16,139
201803,부산광역시,수영구,17,173
201803,부산광역시,수영구,18,126
201803,부산광역시,수영구,19,96
201803,부산광역시,수영구,20,81
201803,부산광역시,수영구,21,71
201803,부산광역시,수영구,22,79
201803,부산광역시,수영구,23,49
201803,부산광역시,수영구,24,40
201803,부산광역시,수영구,25,30
201803,부산광역시,수영구,26,26
201803,부산광역시,수영구,27,15
201803,부산광역시,수영구,28,4
201803,부산광역시,수영구,29,12
201803,부산광역시,수영구,30,11
201803,부산광역시,수영구,31,13
201803,부산광역시,수영구,32,14
201803,부산광역시,수영구,33,11
201803,부산광역시,수영구,34,20
201803,부산광역시,수영구,35,27
201803,부산광역시,수영구,36,16
201803,부산광역시,수영구,37,24
201803,부산광역시,수영구,38,27
201803,부산광역시,수영구,39,30
201803,부산광역시,수영구,40,33
201803,부산광역시,수영구,41,31
201803,부산광역시,수영구,42,42
201803,부산광역시,수영구,43,46
201803,부산광역시,수영구,44,61
201803,부산광역시,수영구,45,61
201803,부산광역시,수영구,46,72
201803,부산광역시,수영구,47,86
201803,부산광역시,수영구,48,88
201803,부산광역시,수영구,49,94
201803,부산광역시,수영구,50,94
201803,부산광역시,수영구,51,96
201803,부산광역시,수영구,52,95
201803,부산광역시,수영구,53,117
201803,부산광역시,수영구,54,81
201803,부산광역시,수영구,55,93
201803,부산광역시,수영구,56,104
201803,부산광역시,수영구,57,114
201803,부산광역시,수영구,58,99
201803,부산광역시,수영구,59,95
201803,부산광역시,수영구,60,93
201803,부산광역시,수영구,61,108
201803,부산광역시,수영구,62,85
201803,부산광역시,수영구,63,95
201803,부산광역시,수영구,64,83
201803,부산광역시,수영구,65,90
201803,부산광역시,수영구,66,97
201803,부산광역시,수영구,67,98
201803,부산광역시,수영구,68,96
201803,부산광역시,수영구,69,96
201803,부산광역시,수영구,70,106
201803,부산광역시,수영구,71,88
201803,부산광역시,수영구,72,47
201803,부산광역시,수영구,73,86
201803,부산광역시,수영구,74,94
201803,부산광역시,수영구,75,118
201803,부산광역시,수영구,76,81
201803,부산광역시,수영구,77,75
201803,부산광역시,수영구,78,89
201803,부산광역시,수영구,79,82
201803,부산광역시,수영구,80,87
201803,부산광역시,수영구,81,56
201803,부산광역시,수영구,82,52
201803,부산광역시,수영구,83,47
201803,부산광역시,수영구,84,43
201803,부산광역시,수영구,85,35
201803,부산광역시,수영구,86,33
201803,부산광역시,수영구,87,21
201803,부산광역시,수영구,88,18
201803,부산광역시,수영구,89,25
201803,부산광역시,수영구,90,21
201803,부산광역시,수영구,91,7
201803,부산광역시,수영구,92,14
201803,부산광역시,수영구,93,6
201803,부산광역시,수영구,94,4
201803,부산광역시,수영구,95,2
201803,부산광역시,수영구,96,1
201803,부산광역시,수영구,97,1
201803,부산광역시,수영구,98,1
201803,부산광역시,수영구,99,1
201803,부산광역시,사상구,0,13
201803,부산광역시,사상구,1,27
201803,부산광역시,사상구,2,30
201803,부산광역시,사상구,3,28
201803,부산광역시,사상구,4,34
201803,부산광역시,사상구,5,46
201803,부산광역시,사상구,6,49
201803,부산광역시,사상구,7,70
201803,부산광역시,사상구,8,67
201803,부산광역시,사상구,9,103
201803,부산광역시,사상구,10,95
201803,부산광역시,사상구,11,118
201803,부산광역시,사상구,12,122
201803,부산광역시,사상구,13,139
201803,부산광역시,사상구,14,178
201803,부산광역시,사상구,15,183
201803,부산광역시,사상구,16,207
201803,부산광역시,사상구,17,237
201803,부산광역시,사상구,18,174
201803,부산광역시,사상구,19,135
201803,부산광역시,사상구,20,127
201803,부산광역시,사상구,21,93
201803,부산광역시,사상구,22,92
201803,부산광역시,사상구,23,102
201803,부산광역시,사상구,24,59
201803,부산광역시,사상구,25,43
201803,부산광역시,사상구,26,42
201803,부산광역시,사상구,27,33
201803,부산광역시,사상구,28,35
201803,부산광역시,사상구,29,28
201803,부산광역시,사상구,30,29
201803,부산광역시,사상구,31,21
201803,부산광역시,사상구,32,43
201803,부산광역시,사상구,33,32
201803,부산광역시,사상구,34,35
201803,부산광역시,사상구,35,52
201803,부산광역시,사상구,36,58
201803,부산광역시,사상구,37,77
201803,부산광역시,사상구,38,61
201803,부산광역시,사상구,39,69
201803,부산광역시,사상구,40,82
201803,부산광역시,사상구,41,74
201803,부산광역시,사상구,42,107
201803,부산광역시,사상구,43,122
201803,부산광역시,사상구,44,120
201803,부산광역시,사상구,45,149
201803,부산광역시,사상구,46,159
201803,부산광역시,사상구,47,175
201803,부산광역시,사상구,48,178
201803,부산광역시,사상구,49,239
201803,부산광역시,사상구,50,207
201803,부산광역시,사상구,51,207
201803,부산광역시,사상구,52,221
201803,부산광역시,사상구,53,180
201803,부산광역시,사상구,54,226
201803,부산광역시,사상구,55,223
201803,부산광역시,사상구,56,233
201803,부산광역시,사상구,57,271
201803,부산광역시,사상구,58,273
201803,부산광역시,사상구,59,257
201803,부산광역시,사상구,60,213
201803,부산광역시,사상구,61,214
201803,부산광역시,사상구,62,257
201803,부산광역시,사상구,63,215
201803,부산광역시,사상구,64,187
201803,부산광역시,사상구,65,204
201803,부산광역시,사상구,66,187
201803,부산광역시,사상구,67,161
201803,부산광역시,사상구,68,179
201803,부산광역시,사상구,69,186
201803,부산광역시,사상구,70,197
201803,부산광역시,사상구,71,168
201803,부산광역시,사상구,72,129
201803,부산광역시,사상구,73,147
201803,부산광역시,사상구,74,143
201803,부산광역시,사상구,75,182
201803,부산광역시,사상구,76,176
201803,부산광역시,사상구,77,141
201803,부산광역시,사상구,78,145
201803,부산광역시,사상구,79,133
201803,부산광역시,사상구,80,111
201803,부산광역시,사상구,81,114
201803,부산광역시,사상구,82,115
201803,부산광역시,사상구,83,74
201803,부산광역시,사상구,84,72
201803,부산광역시,사상구,85,57
201803,부산광역시,사상구,86,55
201803,부산광역시,사상구,87,34
201803,부산광역시,사상구,88,24
201803,부산광역시,사상구,89,31
201803,부산광역시,사상구,90,27
201803,부산광역시,사상구,91,13
201803,부산광역시,사상구,92,14
201803,부산광역시,사상구,93,10
201803,부산광역시,사상구,94,4
201803,부산광역시,사상구,95,6
201803,부산광역시,사상구,96,8
201803,부산광역시,사상구,97,4
201803,부산광역시,사상구,99,1
201803,부산광역시,사상구,102,1
201803,부산광역시,기장군,0,8
201803,부산광역시,기장군,1,18
201803,부산광역시,기장군,2,26
201803,부산광역시,기장군,3,17
201803,부산광역시,기장군,4,27
201803,부산광역시,기장군,5,42
201803,부산광역시,기장군,6,40
201803,부산광역시,기장군,7,80
201803,부산광역시,기장군,8,64
201803,부산광역시,기장군,9,80
201803,부산광역시,기장군,10,101
201803,부산광역시,기장군,11,92
201803,부산광역시,기장군,12,84
201803,부산광역시,기장군,13,82
201803,부산광역시,기장군,14,106
201803,부산광역시,기장군,15,102
201803,부산광역시,기장군,16,144
201803,부산광역시,기장군,17,132
201803,부산광역시,기장군,18,99
201803,부산광역시,기장군,19,93
201803,부산광역시,기장군,20,57
201803,부산광역시,기장군,21,49
201803,부산광역시,기장군,22,52
201803,부산광역시,기장군,23,45
201803,부산광역시,기장군,24,23
201803,부산광역시,기장군,25,28
201803,부산광역시,기장군,26,15
201803,부산광역시,기장군,27,15
201803,부산광역시,기장군,28,13
201803,부산광역시,기장군,29,11
201803,부산광역시,기장군,30,9
201803,부산광역시,기장군,31,14
201803,부산광역시,기장군,32,12
201803,부산광역시,기장군,33,17
201803,부산광역시,기장군,34,22
201803,부산광역시,기장군,35,32
201803,부산광역시,기장군,36,30
201803,부산광역시,기장군,37,42
201803,부산광역시,기장군,38,51
201803,부산광역시,기장군,39,45
201803,부산광역시,기장군,40,49
201803,부산광역시,기장군,41,50
201803,부산광역시,기장군,42,55
201803,부산광역시,기장군,43,59
201803,부산광역시,기장군,44,78
201803,부산광역시,기장군,45,64
201803,부산광역시,기장군,46,88
201803,부산광역시,기장군,47,84
201803,부산광역시,기장군,48,84
201803,부산광역시,기장군,49,90
201803,부산광역시,기장군,50,89
201803,부산광역시,기장군,51,57
201803,부산광역시,기장군,52,68
201803,부산광역시,기장군,53,70
201803,부산광역시,기장군,54,90
201803,부산광역시,기장군,55,78
201803,부산광역시,기장군,56,65
201803,부산광역시,기장군,57,94
201803,부산광역시,기장군,58,72
201803,부산광역시,기장군,59,83
201803,부산광역시,기장군,60,95
201803,부산광역시,기장군,61,75
201803,부산광역시,기장군,62,84
201803,부산광역시,기장군,63,77
201803,부산광역시,기장군,64,69
201803,부산광역시,기장군,65,83
201803,부산광역시,기장군,66,86
201803,부산광역시,기장군,67,89
201803,부산광역시,기장군,68,88
201803,부산광역시,기장군,69,80
201803,부산광역시,기장군,70,88
201803,부산광역시,기장군,71,84
201803,부산광역시,기장군,72,73
201803,부산광역시,기장군,73,102
201803,부산광역시,기장군,74,78
201803,부산광역시,기장군,75,123
201803,부산광역시,기장군,76,70
201803,부산광역시,기장군,77,85
201803,부산광역시,기장군,78,74
201803,부산광역시,기장군,79,68
201803,부산광역시,기장군,80,58
201803,부산광역시,기장군,81,46
201803,부산광역시,기장군,82,57
201803,부산광역시,기장군,83,54
201803,부산광역시,기장군,84,32
201803,부산광역시,기장군,85,47
201803,부산광역시,기장군,86,28
201803,부산광역시,기장군,87,18
201803,부산광역시,기장군,88,33
201803,부산광역시,기장군,89,19
201803,부산광역시,기장군,90,20
201803,부산광역시,기장군,91,13
201803,부산광역시,기장군,92,7
201803,부산광역시,기장군,93,7
201803,부산광역시,기장군,94,6
201803,부산광역시,기장군,95,5
201803,부산광역시,기장군,96,2
201803,부산광역시,기장군,98,3
201803,부산광역시,기장군,99,1
201803,부산광역시,기장군,100,2
201803,대구광역시,중구,0,3
201803,대구광역시,중구,1,5
201803,대구광역시,중구,2,6
201803,대구광역시,중구,3,4
201803,대구광역시,중구,4,11
201803,대구광역시,중구,5,8
201803,대구광역시,중구,6,14
201803,대구광역시,중구,7,21
201803,대구광역시,중구,8,29
201803,대구광역시,중구,9,25
201803,대구광역시,중구,10,33
201803,대구광역시,중구,11,31
201803,대구광역시,중구,12,38
201803,대구광역시,중구,13,28
201803,대구광역시,중구,14,53
201803,대구광역시,중구,15,45
201803,대구광역시,중구,16,67
201803,대구광역시,중구,17,65
201803,대구광역시,중구,18,66
201803,대구광역시,중구,19,52
201803,대구광역시,중구,20,39
201803,대구광역시,중구,21,40
201803,대구광역시,중구,22,50
201803,대구광역시,중구,23,36
201803,대구광역시,중구,24,29
201803,대구광역시,중구,25,21
201803,대구광역시,중구,26,14
201803,대구광역시,중구,27,12
201803,대구광역시,중구,28,6
201803,대구광역시,중구,29,6
201803,대구광역시,중구,30,8
201803,대구광역시,중구,31,4
201803,대구광역시,중구,32,8
201803,대구광역시,중구,33,8
201803,대구광역시,중구,34,8
201803,대구광역시,중구,35,16
201803,대구광역시,중구,36,17
201803,대구광역시,중구,37,16
201803,대구광역시,중구,38,16
201803,대구광역시,중구,39,12
201803,대구광역시,중구,40,25
201803,대구광역시,중구,41,27
201803,대구광역시,중구,42,19
201803,대구광역시,중구,43,32
201803,대구광역시,중구,44,36
201803,대구광역시,중구,45,29
201803,대구광역시,중구,46,52
201803,대구광역시,중구,47,52
201803,대구광역시,중구,48,47
201803,대구광역시,중구,49,52
201803,대구광역시,중구,50,77
201803,대구광역시,중구,51,51
201803,대구광역시,중구,52,48
201803,대구광역시,중구,53,45
201803,대구광역시,중구,54,64
201803,대구광역시,중구,55,46
201803,대구광역시,중구,56,75
201803,대구광역시,중구,57,61
201803,대구광역시,중구,58,71
201803,대구광역시,중구,59,63
201803,대구광역시,중구,60,58
201803,대구광역시,중구,61,85
201803,대구광역시,중구,62,70
201803,대구광역시,중구,63,74
201803,대구광역시,중구,64,53
201803,대구광역시,중구,65,74
201803,대구광역시,중구,66,64
201803,대구광역시,중구,67,55
201803,대구광역시,중구,68,55
201803,대구광역시,중구,69,80
201803,대구광역시,중구,70,81
201803,대구광역시,중구,71,67
201803,대구광역시,중구,72,47
201803,대구광역시,중구,73,71
201803,대구광역시,중구,74,61
201803,대구광역시,중구,75,83
201803,대구광역시,중구,76,67
201803,대구광역시,중구,77,58
201803,대구광역시,중구,78,64
201803,대구광역시,중구,79,58
201803,대구광역시,중구,80,47
201803,대구광역시,중구,81,51
201803,대구광역시,중구,82,38
201803,대구광역시,중구,83,39
201803,대구광역시,중구,84,34
201803,대구광역시,중구,85,28
201803,대구광역시,중구,86,32
201803,대구광역시,중구,87,21
201803,대구광역시,중구,88,15
201803,대구광역시,중구,89,17
201803,대구광역시,중구,90,14
201803,대구광역시,중구,91,12
201803,대구광역시,중구,92,4
201803,대구광역시,중구,93,4
201803,대구광역시,중구,94,6
201803,대구광역시,중구,95,2
201803,대구광역시,중구,96,3
201803,대구광역시,중구,97,4
201803,대구광역시,중구,99,1
201803,대구광역시,동구,0,19
201803,대구광역시,동구,1,26
201803,대구광역시,동구,2,26
201803,대구광역시,동구,3,47
201803,대구광역시,동구,4,39
201803,대구광역시,동구,5,42
201803,대구광역시,동구,6,68
201803,대구광역시,동구,7,95
201803,대구광역시,동구,8,122
201803,대구광역시,동구,9,135
201803,대구광역시,동구,10,181
201803,대구광역시,동구,11,163
201803,대구광역시,동구,12,181
201803,대구광역시,동구,13,216
201803,대구광역시,동구,14,222
201803,대구광역시,동구,15,256
201803,대구광역시,동구,16,321
201803,대구광역시,동구,17,378
201803,대구광역시,동구,18,265
201803,대구광역시,동구,19,232
201803,대구광역시,동구,20,187
201803,대구광역시,동구,21,148
201803,대구광역시,동구,22,180
201803,대구광역시,동구,23,119
201803,대구광역시,동구,24,115
201803,대구광역시,동구,25,74
201803,대구광역시,동구,26,58
201803,대구광역시,동구,27,33
201803,대구광역시,동구,28,30
201803,대구광역시,동구,29,31
201803,대구광역시,동구,30,25
201803,대구광역시,동구,31,28
201803,대구광역시,동구,32,36
201803,대구광역시,동구,33,39
201803,대구광역시,동구,34,45
201803,대구광역시,동구,35,60
201803,대구광역시,동구,36,65
201803,대구광역시,동구,37,72
201803,대구광역시,동구,38,73
201803,대구광역시,동구,39,82
201803,대구광역시,동구,40,70
201803,대구광역시,동구,41,101
201803,대구광역시,동구,42,114
201803,대구광역시,동구,43,142
201803,대구광역시,동구,44,165
201803,대구광역시,동구,45,152
201803,대구광역시,동구,46,213
201803,대구광역시,동구,47,204
201803,대구광역시,동구,48,246
201803,대구광역시,동구,49,257
201803,대구광역시,동구,50,250
201803,대구광역시,동구,51,232
201803,대구광역시,동구,52,261
201803,대구광역시,동구,53,258
201803,대구광역시,동구,54,243
201803,대구광역시,동구,55,292
201803,대구광역시,동구,56,272
201803,대구광역시,동구,57,296
201803,대구광역시,동구,58,289
201803,대구광역시,동구,59,276
201803,대구광역시,동구,60,244
201803,대구광역시,동구,61,225
201803,대구광역시,동구,62,256
201803,대구광역시,동구,63,245
201803,대구광역시,동구,64,188
201803,대구광역시,동구,65,275
201803,대구광역시,동구,66,222
201803,대구광역시,동구,67,208
201803,대구광역시,동구,68,223
201803,대구광역시,동구,69,223
201803,대구광역시,동구,70,226
201803,대구광역시,동구,71,202
201803,대구광역시,동구,72,149
201803,대구광역시,동구,73,180
201803,대구광역시,동구,74,213
201803,대구광역시,동구,75,242
201803,대구광역시,동구,76,230
201803,대구광역시,동구,77,198
201803,대구광역시,동구,78,206
201803,대구광역시,동구,79,174
201803,대구광역시,동구,80,207
201803,대구광역시,동구,81,158
201803,대구광역시,동구,82,146
201803,대구광역시,동구,83,135
201803,대구광역시,동구,84,98
201803,대구광역시,동구,85,90
201803,대구광역시,동구,86,82
201803,대구광역시,동구,87,56
201803,대구광역시,동구,88,57
201803,대구광역시,동구,89,27
201803,대구광역시,동구,90,38
201803,대구광역시,동구,91,23
201803,대구광역시,동구,92,13
201803,대구광역시,동구,93,14
201803,대구광역시,동구,94,8
201803,대구광역시,동구,95,6
201803,대구광역시,동구,96,8
201803,대구광역시,동구,97,5
201803,대구광역시,동구,98,4
201803,대구광역시,동구,99,3
201803,대구광역시,서구,0,22
201803,대구광역시,서구,1,17
201803,대구광역시,서구,2,25
201803,대구광역시,서구,3,30
201803,대구광역시,서구,4,40
201803,대구광역시,서구,5,47
201803,대구광역시,서구,6,50
201803,대구광역시,서구,7,99
201803,대구광역시,서구,8,97
201803,대구광역시,서구,9,117
201803,대구광역시,서구,10,137
201803,대구광역시,서구,11,151
201803,대구광역시,서구,12,146
201803,대구광역시,서구,13,152
201803,대구광역시,서구,14,224
201803,대구광역시,서구,15,243
201803,대구광역시,서구,16,235
201803,대구광역시,서구,17,321
201803,대구광역시,서구,18,290
201803,대구광역시,서구,19,184
201803,대구광역시,서구,20,139
201803,대구광역시,서구,21,107
201803,대구광역시,서구,22,90
201803,대구광역시,서구,23,97
201803,대구광역시,서구,24,68
201803,대구광역시,서구,25,62
201803,대구광역시,서구,26,30
201803,대구광역시,서구,27,15
201803,대구광역시,서구,28,28
201803,대구광역시,서구,29,20
201803,대구광역시,서구,30,26
201803,대구광역시,서구,31,19
201803,대구광역시,서구,32,30
201803,대구광역시,서구,33,31
201803,대구광역시,서구,34,33
201803,대구광역시,서구,35,46
201803,대구광역시,서구,36,44
201803,대구광역시,서구,37,58
201803,대구광역시,서구,38,54
201803,대구광역시,서구,39,68
201803,대구광역시,서구,40,78
201803,대구광역시,서구,41,75
201803,대구광역시,서구,42,82
201803,대구광역시,서구,43,108
201803,대구광역시,서구,44,113
201803,대구광역시,서구,45,134
201803,대구광역시,서구,46,137
201803,대구광역시,서구,47,166
201803,대구광역시,서구,48,188
201803,대구광역시,서구,49,184
201803,대구광역시,서구,50,199
201803,대구광역시,서구,51,171
201803,대구광역시,서구,52,208
201803,대구광역시,서구,53,191
201803,대구광역시,서구,54,182
201803,대구광역시,서구,55,198
201803,대구광역시,서구,56,210
201803,대구광역시,서구,57,234
201803,대구광역시,서구,58,215
201803,대구광역시,서구,59,154
201803,대구광역시,서구,60,176
201803,대구광역시,서구,61,149
201803,대구광역시,서구,62,163
201803,대구광역시,서구,63,156
201803,대구광역시,서구,64,149
201803,대구광역시,서구,65,163
201803,대구광역시,서구,66,133
201803,대구광역시,서구,67,127
201803,대구광역시,서구,68,142
201803,대구광역시,서구,69,151
201803,대구광역시,서구,70,129
201803,대구광역시,서구,71,117
201803,대구광역시,서구,72,83
201803,대구광역시,서구,73,109
201803,대구광역시,서구,74,139
201803,대구광역시,서구,75,161
201803,대구광역시,서구,76,160
201803,대구광역시,서구,77,116
201803,대구광역시,서구,78,139
201803,대구광역시,서구,79,135
201803,대구광역시,서구,80,103
201803,대구광역시,서구,81,109
201803,대구광역시,서구,82,101
201803,대구광역시,서구,83,74
201803,대구광역시,서구,84,70
201803,대구광역시,서구,85,56
201803,대구광역시,서구,86,52
201803,대구광역시,서구,87,32
201803,대구광역시,서구,88,32
201803,대구광역시,서구,89,20
201803,대구광역시,서구,90,26
201803,대구광역시,서구,91,15
201803,대구광역시,서구,92,7
201803,대구광역시,서구,93,8
201803,대구광역시,서구,94,8
201803,대구광역시,서구,95,4
201803,대구광역시,서구,96,2
201803,대구광역시,서구,97,1
201803,대구광역시,서구,98,2
201803,대구광역시,서구,100,2
201803,대구광역시,서구,101,1
201803,대구광역시,서구,104,1
201803,대구광역시,남구,0,12
201803,대구광역시,남구,1,25
201803,대구광역시,남구,2,34
201803,대구광역시,남구,3,30
201803,대구광역시,남구,4,41
201803,대구광역시,남구,5,58
201803,대구광역시,남구,6,62
201803,대구광역시,남구,7,87
201803,대구광역시,남구,8,82
201803,대구광역시,남구,9,132
201803,대구광역시,남구,10,139
201803,대구광역시,남구,11,140
201803,대구광역시,남구,12,136
201803,대구광역시,남구,13,151
201803,대구광역시,남구,14,196
201803,대구광역시,남구,15,165
201803,대구광역시,남구,16,211
201803,대구광역시,남구,17,267
201803,대구광역시,남구,18,199
201803,대구광역시,남구,19,165
201803,대구광역시,남구,20,148
201803,대구광역시,남구,21,103
201803,대구광역시,남구,22,127
201803,대구광역시,남구,23,89
201803,대구광역시,남구,24,74
201803,대구광역시,남구,25,56
201803,대구광역시,남구,26,49
201803,대구광역시,남구,27,32
201803,대구광역시,남구,28,24
201803,대구광역시,남구,29,25
201803,대구광역시,남구,30,27
201803,대구광역시,남구,31,21
201803,대구광역시,남구,32,34
201803,대구광역시,남구,33,40
201803,대구광역시,남구,34,47
201803,대구광역시,남구,35,57
201803,대구광역시,남구,36,45
201803,대구광역시,남구,37,57
201803,대구광역시,남구,38,67
201803,대구광역시,남구,39,61
201803,대구광역시,남구,40,75
201803,대구광역시,남구,41,78
201803,대구광역시,남구,42,81
201803,대구광역시,남구,43,100
201803,대구광역시,남구,44,124
201803,대구광역시,남구,45,129
201803,대구광역시,남구,46,149
201803,대구광역시,남구,47,131
201803,대구광역시,남구,48,183
201803,대구광역시,남구,49,194
201803,대구광역시,남구,50,180
201803,대구광역시,남구,51,165
201803,대구광역시,남구,52,165
201803,대구광역시,남구,53,156
201803,대구광역시,남구,54,146
201803,대구광역시,남구,55,199
201803,대구광역시,남구,56,154
201803,대구광역시,남구,57,211
201803,대구광역시,남구,58,198
201803,대구광역시,남구,59,174
201803,대구광역시,남구,60,176
201803,대구광역시,남구,61,171
201803,대구광역시,남구,62,189
201803,대구광역시,남구,63,151
201803,대구광역시,남구,64,134
201803,대구광역시,남구,65,154
201803,대구광역시,남구,66,162
201803,대구광역시,남구,67,125
201803,대구광역시,남구,68,171
201803,대구광역시,남구,69,169
201803,대구광역시,남구,70,158
201803,대구광역시,남구,71,162
201803,대구광역시,남구,72,114
201803,대구광역시,남구,73,115
201803,대구광역시,남구,74,144
201803,대구광역시,남구,75,177
201803,대구광역시,남구,76,156
201803,대구광역시,남구,77,120
201803,대구광역시,남구,78,124
201803,대구광역시,남구,79,117
201803,대구광역시,남구,80,110
201803,대구광역시,남구,81,101
201803,대구광역시,남구,82,100
201803,대구광역시,남구,83,94
201803,대구광역시,남구,84,66
201803,대구광역시,남구,85,63
201803,대구광역시,남구,86,66
201803,대구광역시,남구,87,38
201803,대구광역시,남구,88,26
201803,대구광역시,남구,89,41
201803,대구광역시,남구,90,25
201803,대구광역시,남구,91,12
201803,대구광역시,남구,92,8
201803,대구광역시,남구,93,3
201803,대구광역시,남구,94,7
201803,대구광역시,남구,95,4
201803,대구광역시,남구,96,3
201803,대구광역시,남구,97,2
201803,대구광역시,남구,100,2
201803,대구광역시,남구,102,1
201803,대구광역시,북구,0,20
201803,대구광역시,북구,1,19
201803,대구광역시,북구,2,35
201803,대구광역시,북구,3,37
201803,대구광역시,북구,4,44
201803,대구광역시,북구,5,62
201803,대구광역시,북구,6,72
201803,대구광역시,북구,7,119
201803,대구광역시,북구,8,139
201803,대구광역시,북구,9,186
201803,대구광역시,북구,10,231
201803,대구광역시,북구,11,234
201803,대구광역시,북구,12,235
201803,대구광역시,북구,13,247
201803,대구광역시,북구,14,310
201803,대구광역시,북구,15,298
201803,대구광역시,북구,16,344
201803,대구광역시,북구,17,456
201803,대구광역시,북구,18,344
201803,대구광역시,북구,19,259
201803,대구광역시,북구,20,193
201803,대구광역시,북구,21,145
201803,대구광역시,북구,22,146
201803,대구광역시,북구,23,113
201803,대구광역시,북구,24,100
201803,대구광역시,북구,25,55
201803,대구광역시,북구,26,41
201803,대구광역시,북구,27,36
201803,대구광역시,북구,28,17
201803,대구광역시,북구,29,21
201803,대구광역시,북구,30,22
201803,대구광역시,북구,31,40
201803,대구광역시,북구,32,30
201803,대구광역시,북구,33,19
201803,대구광역시,북구,34,33
201803,대구광역시,북구,35,46
201803,대구광역시,북구,36,75
201803,대구광역시,북구,37,70
201803,대구광역시,북구,38,83
201803,대구광역시,북구,39,93
201803,대구광역시,북구,40,83
201803,대구광역시,북구,41,97
201803,대구광역시,북구,42,130
201803,대구광역시,북구,43,166
201803,대구광역시,북구,44,150
201803,대구광역시,북구,45,163
201803,대구광역시,북구,46,218
201803,대구광역시,북구,47,235
201803,대구광역시,북구,48,220
201803,대구광역시,북구,49,242
201803,대구광역시,북구,50,233
201803,대구광역시,북구,51,229
201803,대구광역시,북구,52,219
201803,대구광역시,북구,53,209
201803,대구광역시,북구,54,227
201803,대구광역시,북구,55,253
201803,대구광역시,북구,56,246
201803,대구광역시,북구,57,267
201803,대구광역시,북구,58,245
201803,대구광역시,북구,59,205
201803,대구광역시,북구,60,204
201803,대구광역시,북구,61,183
201803,대구광역시,북구,62,163
201803,대구광역시,북구,63,175
201803,대구광역시,북구,64,166
201803,대구광역시,북구,65,180
201803,대구광역시,북구,66,157
201803,대구광역시,북구,67,163
201803,대구광역시,북구,68,166
201803,대구광역시,북구,69,201
201803,대구광역시,북구,70,181
201803,대구광역시,북구,71,145
201803,대구광역시,북구,72,117
201803,대구광역시,북구,73,172
201803,대구광역시,북구,74,158
201803,대구광역시,북구,75,225
201803,대구광역시,북구,76,199
201803,대구광역시,북구,77,196
201803,대구광역시,북구,78,164
201803,대구광역시,북구,79,161
201803,대구광역시,북구,80,135
201803,대구광역시,북구,81,143
201803,대구광역시,북구,82,132
201803,대구광역시,북구,83,112
201803,대구광역시,북구,84,85
201803,대구광역시,북구,85,85
201803,대구광역시,북구,86,63
201803,대구광역시,북구,87,59
201803,대구광역시,북구,88,43
201803,대구광역시,북구,89,34
201803,대구광역시,북구,90,28
201803,대구광역시,북구,91,21
201803,대구광역시,북구,92,13
201803,대구광역시,북구,93,11
201803,대구광역시,북구,94,9
201803,대구광역시,북구,95,8
201803,대구광역시,북구,96,5
201803,대구광역시,북구,97,4
201803,대구광역시,북구,98,1
201803,대구광역시,북구,99,1
201803,대구광역시,북구,100,1
201803,대구광역시,북구,102,1
201803,대구광역시,수성구,0,12
201803,대구광역시,수성구,1,18
201803,대구광역시,수성구,2,27
201803,대구광역시,수성구,3,23
201803,대구광역시,수성구,4,45
201803,대구광역시,수성구,5,52
201803,대구광역시,수성구,6,65
201803,대구광역시,수성구,7,120
201803,대구광역시,수성구,8,147
201803,대구광역시,수성구,9,135
201803,대구광역시,수성구,10,184
201803,대구광역시,수성구,11,202
201803,대구광역시,수성구,12,202
201803,대구광역시,수성구,13,244
201803,대구광역시,수성구,14,296
201803,대구광역시,수성구,15,304
201803,대구광역시,수성구,16,363
201803,대구광역시,수성구,17,454
201803,대구광역시,수성구,18,411
201803,대구광역시,수성구,19,346
201803,대구광역시,수성구,20,259
201803,대구광역시,수성구,21,247
201803,대구광역시,수성구,22,208
201803,대구광역시,수성구,23,211
201803,대구광역시,수성구,24,184
201803,대구광역시,수성구,25,135
201803,대구광역시,수성구,26,92
201803,대구광역시,수성구,27,64
201803,대구광역시,수성구,28,53
201803,대구광역시,수성구,29,36
201803,대구광역시,수성구,30,35
201803,대구광역시,수성구,31,30
201803,대구광역시,수성구,32,35
201803,대구광역시,수성구,33,46
201803,대구광역시,수성구,34,42
201803,대구광역시,수성구,35,47
201803,대구광역시,수성구,36,57
201803,대구광역시,수성구,37,70
201803,대구광역시,수성구,38,74
201803,대구광역시,수성구,39,66
201803,대구광역시,수성구,40,91
201803,대구광역시,수성구,41,78
201803,대구광역시,수성구,42,140
201803,대구광역시,수성구,43,127
201803,대구광역시,수성구,44,173
201803,대구광역시,수성구,45,209
201803,대구광역시,수성구,46,255
201803,대구광역시,수성구,47,269
201803,대구광역시,수성구,48,269
201803,대구광역시,수성구,49,316
201803,대구광역시,수성구,50,273
201803,대구광역시,수성구,51,238
201803,대구광역시,수성구,52,304
201803,대구광역시,수성구,53,297
201803,대구광역시,수성구,54,250
201803,대구광역시,수성구,55,311
201803,대구광역시,수성구,56,297
201803,대구광역시,수성구,57,334
201803,대구광역시,수성구,58,295
201803,대구광역시,수성구,59,243
201803,대구광역시,수성구,60,263
201803,대구광역시,수성구,61,253
201803,대구광역시,수성구,62,227
201803,대구광역시,수성구,63,256
201803,대구광역시,수성구,64,211
201803,대구광역시,수성구,65,244
201803,대구광역시,수성구,66,189
201803,대구광역시,수성구,67,195
201803,대구광역시,수성구,68,197
201803,대구광역시,수성구,69,187
201803,대구광역시,수성구,70,226
201803,대구광역시,수성구,71,175
201803,대구광역시,수성구,72,126
201803,대구광역시,수성구,73,172
201803,대구광역시,수성구,74,199
201803,대구광역시,수성구,75,257
201803,대구광역시,수성구,76,213
201803,대구광역시,수성구,77,186
201803,대구광역시,수성구,78,167
201803,대구광역시,수성구,79,159
201803,대구광역시,수성구,80,171
201803,대구광역시,수성구,81,146
201803,대구광역시,수성구,82,136
201803,대구광역시,수성구,83,136
201803,대구광역시,수성구,84,100
201803,대구광역시,수성구,85,92
201803,대구광역시,수성구,86,79
201803,대구광역시,수성구,87,56
201803,대구광역시,수성구,88,52
201803,대구광역시,수성구,89,42
201803,대구광역시,수성구,90,38
201803,대구광역시,수성구,91,25
201803,대구광역시,수성구,92,21
201803,대구광역시,수성구,93,9
201803,대구광역시,수성구,94,6
201803,대구광역시,수성구,95,3
201803,대구광역시,수성구,96,5
201803,대구광역시,수성구,97,2
201803,대구광역시,수성구,98,1
201803,대구광역시,수성구,100,1
201803,대구광역시,수성구,101,2
201803,대구광역시,수성구,103,1
201803,대구광역시,수성구,109,1
201803,대구광역시,달서구,0,31
201803,대구광역시,달서구,1,50
201803,대구광역시,달서구,2,53
201803,대구광역시,달서구,3,77
201803,대구광역시,달서구,4,62
201803,대구광역시,달서구,5,111
201803,대구광역시,달서구,6,105
201803,대구광역시,달서구,7,164
201803,대구광역시,달서구,8,178
201803,대구광역시,달서구,9,181
201803,대구광역시,달서구,10,261
201803,대구광역시,달서구,11,256
201803,대구광역시,달서구,12,304
201803,대구광역시,달서구,13,310
201803,대구광역시,달서구,14,350
201803,대구광역시,달서구,15,427
201803,대구광역시,달서구,16,497
201803,대구광역시,달서구,17,568
201803,대구광역시,달서구,18,548
201803,대구광역시,달서구,19,421
201803,대구광역시,달서구,20,355
201803,대구광역시,달서구,21,293
201803,대구광역시,달서구,22,307
201803,대구광역시,달서구,23,273
201803,대구광역시,달서구,24,196
201803,대구광역시,달서구,25,159
201803,대구광역시,달서구,26,106
201803,대구광역시,달서구,27,82
201803,대구광역시,달서구,28,60
201803,대구광역시,달서구,29,61
201803,대구광역시,달서구,30,61
201803,대구광역시,달서구,31,54
201803,대구광역시,달서구,32,54
201803,대구광역시,달서구,33,53
201803,대구광역시,달서구,34,82
201803,대구광역시,달서구,35,94
201803,대구광역시,달서구,36,119
201803,대구광역시,달서구,37,123
201803,대구광역시,달서구,38,117
201803,대구광역시,달서구,39,149
201803,대구광역시,달서구,40,171
201803,대구광역시,달서구,41,144
201803,대구광역시,달서구,42,223
201803,대구광역시,달서구,43,265
201803,대구광역시,달서구,44,326
201803,대구광역시,달서구,45,311
201803,대구광역시,달서구,46,364
201803,대구광역시,달서구,47,390
201803,대구광역시,달서구,48,409
201803,대구광역시,달서구,49,475
201803,대구광역시,달서구,50,435
201803,대구광역시,달서구,51,458
201803,대구광역시,달서구,52,429
201803,대구광역시,달서구,53,424
201803,대구광역시,달서구,54,392
201803,대구광역시,달서구,55,526
201803,대구광역시,달서구,56,467
201803,대구광역시,달서구,57,462
201803,대구광역시,달서구,58,494
201803,대구광역시,달서구,59,358
201803,대구광역시,달서구,60,418
201803,대구광역시,달서구,61,404
201803,대구광역시,달서구,62,320
201803,대구광역시,달서구,63,370
201803,대구광역시,달서구,64,263
201803,대구광역시,달서구,65,358
201803,대구광역시,달서구,66,276
201803,대구광역시,달서구,67,292
201803,대구광역시,달서구,68,290
201803,대구광역시,달서구,69,270
201803,대구광역시,달서구,70,263
201803,대구광역시,달서구,71,242
201803,대구광역시,달서구,72,211
201803,대구광역시,달서구,73,246
201803,대구광역시,달서구,74,271
201803,대구광역시,달서구,75,307
201803,대구광역시,달서구,76,305
201803,대구광역시,달서구,77,253
201803,대구광역시,달서구,78,243
201803,대구광역시,달서구,79,234
201803,대구광역시,달서구,80,234
201803,대구광역시,달서구,81,204
201803,대구광역시,달서구,82,199
201803,대구광역시,달서구,83,144
201803,대구광역시,달서구,84,139
201803,대구광역시,달서구,85,118
201803,대구광역시,달서구,86,89
201803,대구광역시,달서구,87,90
201803,대구광역시,달서구,88,61
201803,대구광역시,달서구,89,52
201803,대구광역시,달서구,90,47
201803,대구광역시,달서구,91,31
201803,대구광역시,달서구,92,26
201803,대구광역시,달서구,93,10
201803,대구광역시,달서구,94,14
201803,대구광역시,달서구,95,7
201803,대구광역시,달서구,96,6
201803,대구광역시,달서구,97,3
201803,대구광역시,달서구,98,1
201803,대구광역시,달서구,99,3
201803,대구광역시,달서구,100,2
201803,대구광역시,달서구,101,1
201803,대구광역시,달성군,0,16
201803,대구광역시,달성군,1,19
201803,대구광역시,달성군,2,30
201803,대구광역시,달성군,3,35
201803,대구광역시,달성군,4,24
201803,대구광역시,달성군,5,36
201803,대구광역시,달성군,6,45
201803,대구광역시,달성군,7,85
201803,대구광역시,달성군,8,86
201803,대구광역시,달성군,9,102
201803,대구광역시,달성군,10,113
201803,대구광역시,달성군,11,100
201803,대구광역시,달성군,12,117
201803,대구광역시,달성군,13,133
201803,대구광역시,달성군,14,144
201803,대구광역시,달성군,15,125
201803,대구광역시,달성군,16,163
201803,대구광역시,달성군,17,198
201803,대구광역시,달성군,18,153
201803,대구광역시,달성군,19,127
201803,대구광역시,달성군,20,84
201803,대구광역시,달성군,21,73
201803,대구광역시,달성군,22,70
201803,대구광역시,달성군,23,61
201803,대구광역시,달성군,24,50
201803,대구광역시,달성군,25,37
201803,대구광역시,달성군,26,23
201803,대구광역시,달성군,27,19
201803,대구광역시,달성군,28,20
201803,대구광역시,달성군,29,23
201803,대구광역시,달성군,30,13
201803,대구광역시,달성군,31,21
201803,대구광역시,달성군,32,22
201803,대구광역시,달성군,33,23
201803,대구광역시,달성군,34,34
201803,대구광역시,달성군,35,34
201803,대구광역시,달성군,36,42
201803,대구광역시,달성군,37,46
201803,대구광역시,달성군,38,44
201803,대구광역시,달성군,39,52
201803,대구광역시,달성군,40,39
201803,대구광역시,달성군,41,42
201803,대구광역시,달성군,42,51
201803,대구광역시,달성군,43,72
201803,대구광역시,달성군,44,83
201803,대구광역시,달성군,45,93
201803,대구광역시,달성군,46,115
201803,대구광역시,달성군,47,112
201803,대구광역시,달성군,48,102
201803,대구광역시,달성군,49,119
201803,대구광역시,달성군,50,110
201803,대구광역시,달성군,51,95
201803,대구광역시,달성군,52,112
201803,대구광역시,달성군,53,97
201803,대구광역시,달성군,54,107
201803,대구광역시,달성군,55,118
201803,대구광역시,달성군,56,100
201803,대구광역시,달성군,57,124
201803,대구광역시,달성군,58,120
201803,대구광역시,달성군,59,102
201803,대구광역시,달성군,60,80
201803,대구광역시,달성군,61,96
201803,대구광역시,달성군,62,84
201803,대구광역시,달성군,63,77
201803,대구광역시,달성군,64,59
201803,대구광역시,달성군,65,82
201803,대구광역시,달성군,66,88
201803,대구광역시,달성군,67,73
201803,대구광역시,달성군,68,72
201803,대구광역시,달성군,69,71
201803,대구광역시,달성군,70,78
201803,대구광역시,달성군,71,76
201803,대구광역시,달성군,72,61
201803,대구광역시,달성군,73,60
201803,대구광역시,달성군,74,61
201803,대구광역시,달성군,75,104
201803,대구광역시,달성군,76,80
201803,대구광역시,달성군,77,82
201803,대구광역시,달성군,78,73
201803,대구광역시,달성군,79,77
201803,대구광역시,달성군,80,58
201803,대구광역시,달성군,81,54
201803,대구광역시,달성군,82,52
201803,대구광역시,달성군,83,41
201803,대구광역시,달성군,84,42
201803,대구광역시,달성군,85,31
201803,대구광역시,달성군,86,34
201803,대구광역시,달성군,87,27
201803,대구광역시,달성군,88,16
201803,대구광역시,달성군,89,10
201803,대구광역시,달성군,90,18
201803,대구광역시,달성군,91,11
201803,대구광역시,달성군,92,5
201803,대구광역시,달성군,93,3
201803,대구광역시,달성군,94,3
201803,대구광역시,달성군,95,4
201803,대구광역시,달성군,96,2
201803,대구광역시,달성군,97,2
201803,대구광역시,달성군,98,2
201803,대구광역시,달성군,99,1
201803,인천광역시,중구,0,5
201803,인천광역시,중구,1,6
201803,인천광역시,중구,2,13
201803,인천광역시,중구,3,12
201803,인천광역시,중구,4,10
201803,인천광역시,중구,5,14
201803,인천광역시,중구,6,24
201803,인천광역시,중구,7,43
201803,인천광역시,중구,8,42
201803,인천광역시,중구,9,44
201803,인천광역시,중구,10,58
201803,인천광역시,중구,11,52
201803,인천광역시,중구,12,53
201803,인천광역시,중구,13,67
201803,인천광역시,중구,14,61
201803,인천광역시,중구,15,62
201803,인천광역시,중구,16,70
201803,인천광역시,중구,17,108
201803,인천광역시,중구,18,91
201803,인천광역시,중구,19,44
201803,인천광역시,중구,20,38
201803,인천광역시,중구,21,29
201803,인천광역시,중구,22,27
201803,인천광역시,중구,23,19
201803,인천광역시,중구,24,16
201803,인천광역시,중구,25,12
201803,인천광역시,중구,26,6
201803,인천광역시,중구,27,1
201803,인천광역시,중구,28,9
201803,인천광역시,중구,29,4
201803,인천광역시,중구,30,11
201803,인천광역시,중구,31,8
201803,인천광역시,중구,32,11
201803,인천광역시,중구,33,7
201803,인천광역시,중구,34,8
201803,인천광역시,중구,35,13
201803,인천광역시,중구,36,10
201803,인천광역시,중구,37,24
201803,인천광역시,중구,38,21
201803,인천광역시,중구,39,20
201803,인천광역시,중구,40,21
201803,인천광역시,중구,41,22
201803,인천광역시,중구,42,25
201803,인천광역시,중구,43,24
201803,인천광역시,중구,44,25
201803,인천광역시,중구,45,49
201803,인천광역시,중구,46,44
201803,인천광역시,중구,47,50
201803,인천광역시,중구,48,55
201803,인천광역시,중구,49,48
201803,인천광역시,중구,50,51
201803,인천광역시,중구,51,49
201803,인천광역시,중구,52,53
201803,인천광역시,중구,53,63
201803,인천광역시,중구,54,43
201803,인천광역시,중구,55,52
201803,인천광역시,중구,56,58
201803,인천광역시,중구,57,59
201803,인천광역시,중구,58,73
201803,인천광역시,중구,59,67
201803,인천광역시,중구,60,69
201803,인천광역시,중구,61,62
201803,인천광역시,중구,62,59
201803,인천광역시,중구,63,71
201803,인천광역시,중구,64,50
201803,인천광역시,중구,65,56
201803,인천광역시,중구,66,62
201803,인천광역시,중구,67,47
201803,인천광역시,중구,68,61
201803,인천광역시,중구,69,76
201803,인천광역시,중구,70,67
201803,인천광역시,중구,71,76
201803,인천광역시,중구,72,60
201803,인천광역시,중구,73,69
201803,인천광역시,중구,74,59
201803,인천광역시,중구,75,87
201803,인천광역시,중구,76,78
201803,인천광역시,중구,77,63
201803,인천광역시,중구,78,54
201803,인천광역시,중구,79,56
201803,인천광역시,중구,80,53
201803,인천광역시,중구,81,45
201803,인천광역시,중구,82,43
201803,인천광역시,중구,83,34
201803,인천광역시,중구,84,32
201803,인천광역시,중구,85,36
201803,인천광역시,중구,86,20
201803,인천광역시,중구,87,17
201803,인천광역시,중구,88,16
201803,인천광역시,중구,89,17
201803,인천광역시,중구,90,14
201803,인천광역시,중구,91,10
201803,인천광역시,중구,92,6
201803,인천광역시,중구,93,5
201803,인천광역시,중구,94,2
201803,인천광역시,중구,95,4
201803,인천광역시,중구,96,2
201803,인천광역시,중구,97,3
201803,인천광역시,중구,98,2
201803,인천광역시,동구,0,5
201803,인천광역시,동구,1,3
201803,인천광역시,동구,2,7
201803,인천광역시,동구,3,8
201803,인천광역시,동구,4,7
201803,인천광역시,동구,5,8
201803,인천광역시,동구,6,17
201803,인천광역시,동구,7,26
201803,인천광역시,동구,8,32
201803,인천광역시,동구,9,20
201803,인천광역시,동구,10,41
201803,인천광역시,동구,11,26
201803,인천광역시,동구,12,32
201803,인천광역시,동구,13,32
201803,인천광역시,동구,14,44
201803,인천광역시,동구,15,51
201803,인천광역시,동구,16,59
201803,인천광역시,동구,17,78
201803,인천광역시,동구,18,65
201803,인천광역시,동구,19,35
201803,인천광역시,동구,20,23
201803,인천광역시,동구,21,19
201803,인천광역시,동구,22,23
201803,인천광역시,동구,23,13
201803,인천광역시,동구,24,12
201803,인천광역시,동구,25,6
201803,인천광역시,동구,26,5
201803,인천광역시,동구,27,5
201803,인천광역시,동구,28,6
201803,인천광역시,동구,29,5
201803,인천광역시,동구,30,1
201803,인천광역시,동구,31,7
201803,인천광역시,동구,32,7
201803,인천광역시,동구,33,4
201803,인천광역시,동구,34,6
201803,인천광역시,동구,35,10
201803,인천광역시,동구,36,11
201803,인천광역시,동구,37,9
201803,인천광역시,동구,38,9
201803,인천광역시,동구,39,14
201803,인천광역시,동구,40,19
201803,인천광역시,동구,41,12
201803,인천광역시,동구,42,15
201803,인천광역시,동구,43,34
201803,인천광역시,동구,44,27
201803,인천광역시,동구,45,32
201803,인천광역시,동구,46,36
201803,인천광역시,동구,47,26
201803,인천광역시,동구,48,32
201803,인천광역시,동구,49,34
201803,인천광역시,동구,50,27
201803,인천광역시,동구,51,35
201803,인천광역시,동구,52,38
201803,인천광역시,동구,53,40
201803,인천광역시,동구,54,49
201803,인천광역시,동구,55,35
201803,인천광역시,동구,56,49
201803,인천광역시,동구,57,39
201803,인천광역시,동구,58,64
201803,인천광역시,동구,59,34
201803,인천광역시,동구,60,69
201803,인천광역시,동구,61,58
201803,인천광역시,동구,62,51
201803,인천광역시,동구,63,49
201803,인천광역시,동구,64,46
201803,인천광역시,동구,65,61
201803,인천광역시,동구,66,43
201803,인천광역시,동구,67,39
201803,인천광역시,동구,68,48
201803,인천광역시,동구,69,39
201803,인천광역시,동구,70,55
201803,인천광역시,동구,71,62
201803,인천광역시,동구,72,36
201803,인천광역시,동구,73,43
201803,인천광역시,동구,74,46
201803,인천광역시,동구,75,61
201803,인천광역시,동구,76,52
201803,인천광역시,동구,77,38
201803,인천광역시,동구,78,56
201803,인천광역시,동구,79,45
201803,인천광역시,동구,80,32
201803,인천광역시,동구,81,30
201803,인천광역시,동구,82,38
201803,인천광역시,동구,83,30
201803,인천광역시,동구,84,21
201803,인천광역시,동구,85,27
201803,인천광역시,동구,86,21
201803,인천광역시,동구,87,17
201803,인천광역시,동구,88,14
201803,인천광역시,동구,89,10
201803,인천광역시,동구,90,14
201803,인천광역시,동구,91,9
201803,인천광역시,동구,92,2
201803,인천광역시,동구,93,10
201803,인천광역시,동구,94,4
201803,인천광역시,동구,95,2
201803,인천광역시,동구,96,3
201803,인천광역시,동구,98,1
201803,인천광역시,동구,99,1
201803,인천광역시,동구,101,1
201803,인천광역시,남구,0,40
201803,인천광역시,남구,1,53
201803,인천광역시,남구,2,70
201803,인천광역시,남구,3,63
201803,인천광역시,남구,4,79
201803,인천광역시,남구,5,89
201803,인천광역시,남구,6,103
201803,인천광역시,남구,7,127
201803,인천광역시,남구,8,147
201803,인천광역시,남구,9,174
201803,인천광역시,남구,10,205
201803,인천광역시,남구,11,173
201803,인천광역시,남구,12,185
201803,인천광역시,남구,13,212
201803,인천광역시,남구,14,231
201803,인천광역시,남구,15,230
201803,인천광역시,남구,16,286
201803,인천광역시,남구,17,337
201803,인천광역시,남구,18,283
201803,인천광역시,남구,19,215
201803,인천광역시,남구,20,178
201803,인천광역시,남구,21,155
201803,인천광역시,남구,22,142
201803,인천광역시,남구,23,104
201803,인천광역시,남구,24,86
201803,인천광역시,남구,25,74
201803,인천광역시,남구,26,61
201803,인천광역시,남구,27,53
201803,인천광역시,남구,28,48
201803,인천광역시,남구,29,29
201803,인천광역시,남구,30,37
201803,인천광역시,남구,31,36
201803,인천광역시,남구,32,50
201803,인천광역시,남구,33,51
201803,인천광역시,남구,34,72
201803,인천광역시,남구,35,71
201803,인천광역시,남구,36,65
201803,인천광역시,남구,37,76
201803,인천광역시,남구,38,90
201803,인천광역시,남구,39,90
201803,인천광역시,남구,40,96
201803,인천광역시,남구,41,124
201803,인천광역시,남구,42,133
201803,인천광역시,남구,43,152
201803,인천광역시,남구,44,185
201803,인천광역시,남구,45,175
201803,인천광역시,남구,46,201
201803,인천광역시,남구,47,214
201803,인천광역시,남구,48,203
201803,인천광역시,남구,49,222
201803,인천광역시,남구,50,203
201803,인천광역시,남구,51,184
201803,인천광역시,남구,52,207
201803,인천광역시,남구,53,209
201803,인천광역시,남구,54,234
201803,인천광역시,남구,55,250
201803,인천광역시,남구,56,247
201803,인천광역시,남구,57,248
201803,인천광역시,남구,58,238
201803,인천광역시,남구,59,240
201803,인천광역시,남구,60,233
201803,인천광역시,남구,61,193
201803,인천광역시,남구,62,214
201803,인천광역시,남구,63,233
201803,인천광역시,남구,64,149
201803,인천광역시,남구,65,202
201803,인천광역시,남구,66,173
201803,인천광역시,남구,67,173
201803,인천광역시,남구,68,205
201803,인천광역시,남구,69,194
201803,인천광역시,남구,70,201
201803,인천광역시,남구,71,209
201803,인천광역시,남구,72,166
201803,인천광역시,남구,73,166
201803,인천광역시,남구,74,159
201803,인천광역시,남구,75,212
201803,인천광역시,남구,76,239
201803,인천광역시,남구,77,163
201803,인천광역시,남구,78,173
201803,인천광역시,남구,79,148
201803,인천광역시,남구,80,158
201803,인천광역시,남구,81,138
201803,인천광역시,남구,82,120
201803,인천광역시,남구,83,128
201803,인천광역시,남구,84,105
201803,인천광역시,남구,85,75
201803,인천광역시,남구,86,63
201803,인천광역시,남구,87,67
201803,인천광역시,남구,88,55
201803,인천광역시,남구,89,48
201803,인천광역시,남구,90,24
201803,인천광역시,남구,91,29
201803,인천광역시,남구,92,17
201803,인천광역시,남구,93,18
201803,인천광역시,남구,94,7
201803,인천광역시,남구,95,14
201803,인천광역시,남구,96,6
201803,인천광역시,남구,97,6
201803,인천광역시,남구,99,2
201803,인천광역시,남구,100,3
201803,인천광역시,남구,101,2
201803,인천광역시,남구,102,1
201803,인천광역시,남구,104,1
201803,인천광역시,남구,106,1
201803,인천광역시,남구,116,1
201803,인천광역시,연수구,0,11
201803,인천광역시,연수구,1,25
201803,인천광역시,연수구,2,32
201803,인천광역시,연수구,3,23
201803,인천광역시,연수구,4,47
201803,인천광역시,연수구,5,42
201803,인천광역시,연수구,6,47
201803,인천광역시,연수구,7,106
201803,인천광역시,연수구,8,93
201803,인천광역시,연수구,9,112
201803,인천광역시,연수구,10,109
201803,인천광역시,연수구,11,104
201803,인천광역시,연수구,12,116
201803,인천광역시,연수구,13,149
201803,인천광역시,연수구,14,142
201803,인천광역시,연수구,15,181
201803,인천광역시,연수구,16,205
201803,인천광역시,연수구,17,268
201803,인천광역시,연수구,18,189
201803,인천광역시,연수구,19,135
201803,인천광역시,연수구,20,107
201803,인천광역시,연수구,21,85
201803,인천광역시,연수구,22,89
201803,인천광역시,연수구,23,60
201803,인천광역시,연수구,24,59
201803,인천광역시,연수구,25,40
201803,인천광역시,연수구,26,21
201803,인천광역시,연수구,27,24
201803,인천광역시,연수구,28,26
201803,인천광역시,연수구,29,23
201803,인천광역시,연수구,30,27
201803,인천광역시,연수구,31,24
201803,인천광역시,연수구,32,22
201803,인천광역시,연수구,33,24
201803,인천광역시,연수구,34,27
201803,인천광역시,연수구,35,38
201803,인천광역시,연수구,36,37
201803,인천광역시,연수구,37,47
201803,인천광역시,연수구,38,50
201803,인천광역시,연수구,39,52
201803,인천광역시,연수구,40,49
201803,인천광역시,연수구,41,54
201803,인천광역시,연수구,42,61
201803,인천광역시,연수구,43,79
201803,인천광역시,연수구,44,99
201803,인천광역시,연수구,45,101
201803,인천광역시,연수구,46,120
201803,인천광역시,연수구,47,120
201803,인천광역시,연수구,48,113
201803,인천광역시,연수구,49,130
201803,인천광역시,연수구,50,138
201803,인천광역시,연수구,51,106
201803,인천광역시,연수구,52,172
201803,인천광역시,연수구,53,126
201803,인천광역시,연수구,54,132
201803,인천광역시,연수구,55,178
201803,인천광역시,연수구,56,166
201803,인천광역시,연수구,57,163
201803,인천광역시,연수구,58,149
201803,인천광역시,연수구,59,137
201803,인천광역시,연수구,60,154
201803,인천광역시,연수구,61,152
201803,인천광역시,연수구,62,159
201803,인천광역시,연수구,63,126
201803,인천광역시,연수구,64,119
201803,인천광역시,연수구,65,113
201803,인천광역시,연수구,66,85
201803,인천광역시,연수구,67,78
201803,인천광역시,연수구,68,108
201803,인천광역시,연수구,69,128
201803,인천광역시,연수구,70,124
201803,인천광역시,연수구,71,112
201803,인천광역시,연수구,72,89
201803,인천광역시,연수구,73,97
201803,인천광역시,연수구,74,105
201803,인천광역시,연수구,75,133
201803,인천광역시,연수구,76,112
201803,인천광역시,연수구,77,105
201803,인천광역시,연수구,78,117
201803,인천광역시,연수구,79,110
201803,인천광역시,연수구,80,93
201803,인천광역시,연수구,81,87
201803,인천광역시,연수구,82,83
201803,인천광역시,연수구,83,77
201803,인천광역시,연수구,84,63
201803,인천광역시,연수구,85,62
201803,인천광역시,연수구,86,44
201803,인천광역시,연수구,87,33
201803,인천광역시,연수구,88,32
201803,인천광역시,연수구,89,36
201803,인천광역시,연수구,90,31
201803,인천광역시,연수구,91,18
201803,인천광역시,연수구,92,21
201803,인천광역시,연수구,93,7
201803,인천광역시,연수구,94,5
201803,인천광역시,연수구,95,6
201803,인천광역시,연수구,96,1
201803,인천광역시,연수구,97,3
201803,인천광역시,연수구,98,2
201803,인천광역시,연수구,99,2
201803,인천광역시,연수구,100,1
201803,인천광역시,연수구,106,1
201803,인천광역시,남동구,0,50
201803,인천광역시,남동구,1,87
201803,인천광역시,남동구,2,98
201803,인천광역시,남동구,3,94
201803,인천광역시,남동구,4,92
201803,인천광역시,남동구,5,138
201803,인천광역시,남동구,6,145
201803,인천광역시,남동구,7,216
201803,인천광역시,남동구,8,234
201803,인천광역시,남동구,9,285
201803,인천광역시,남동구,10,322
201803,인천광역시,남동구,11,280
201803,인천광역시,남동구,12,285
201803,인천광역시,남동구,13,310
201803,인천광역시,남동구,14,360
201803,인천광역시,남동구,15,446
201803,인천광역시,남동구,16,440
201803,인천광역시,남동구,17,561
201803,인천광역시,남동구,18,433
201803,인천광역시,남동구,19,270
201803,인천광역시,남동구,20,232
201803,인천광역시,남동구,21,205
201803,인천광역시,남동구,22,193
201803,인천광역시,남동구,23,171
201803,인천광역시,남동구,24,113
201803,인천광역시,남동구,25,105
201803,인천광역시,남동구,26,74
201803,인천광역시,남동구,27,98
201803,인천광역시,남동구,28,41
201803,인천광역시,남동구,29,53
201803,인천광역시,남동구,30,65
201803,인천광역시,남동구,31,66
201803,인천광역시,남동구,32,67
201803,인천광역시,남동구,33,68
201803,인천광역시,남동구,34,78
201803,인천광역시,남동구,35,113
201803,인천광역시,남동구,36,108
201803,인천광역시,남동구,37,122
201803,인천광역시,남동구,38,108
201803,인천광역시,남동구,39,118
201803,인천광역시,남동구,40,163
201803,인천광역시,남동구,41,138
201803,인천광역시,남동구,42,179
201803,인천광역시,남동구,43,205
201803,인천광역시,남동구,44,236
201803,인천광역시,남동구,45,249
201803,인천광역시,남동구,46,239
201803,인천광역시,남동구,47,275
201803,인천광역시,남동구,48,300
201803,인천광역시,남동구,49,279
201803,인천광역시,남동구,50,306
201803,인천광역시,남동구,51,290
201803,인천광역시,남동구,52,234
201803,인천광역시,남동구,53,270
201803,인천광역시,남동구,54,274
201803,인천광역시,남동구,55,304
201803,인천광역시,남동구,56,281
201803,인천광역시,남동구,57,320
201803,인천광역시,남동구,58,296
201803,인천광역시,남동구,59,296
201803,인천광역시,남동구,60,301
201803,인천광역시,남동구,61,233
201803,인천광역시,남동구,62,257
201803,인천광역시,남동구,63,284
201803,인천광역시,남동구,64,201
201803,인천광역시,남동구,65,251
201803,인천광역시,남동구,66,192
201803,인천광역시,남동구,67,230
201803,인천광역시,남동구,68,242
201803,인천광역시,남동구,69,218
201803,인천광역시,남동구,70,266
201803,인천광역시,남동구,71,246
201803,인천광역시,남동구,72,198
201803,인천광역시,남동구,73,275
201803,인천광역시,남동구,74,260
201803,인천광역시,남동구,75,359
201803,인천광역시,남동구,76,298
201803,인천광역시,남동구,77,265
201803,인천광역시,남동구,78,233
201803,인천광역시,남동구,79,246
201803,인천광역시,남동구,80,222
201803,인천광역시,남동구,81,195
201803,인천광역시,남동구,82,168
201803,인천광역시,남동구,83,148
201803,인천광역시,남동구,84,128
201803,인천광역시,남동구,85,101
201803,인천광역시,남동구,86,75
201803,인천광역시,남동구,87,57
201803,인천광역시,남동구,88,75
201803,인천광역시,남동구,89,45
201803,인천광역시,남동구,90,37
201803,인천광역시,남동구,91,28
201803,인천광역시,남동구,92,16
201803,인천광역시,남동구,93,16
201803,인천광역시,남동구,94,11
201803,인천광역시,남동구,95,9
201803,인천광역시,남동구,96,5
201803,인천광역시,남동구,97,1
201803,인천광역시,남동구,98,3
201803,인천광역시,남동구,100,1
201803,인천광역시,남동구,101,1
201803,인천광역시,남동구,105,1
201803,인천광역시,부평구,0,26
201803,인천광역시,부평구,1,44
201803,인천광역시,부평구,2,64
201803,인천광역시,부평구,3,84
201803,인천광역시,부평구,4,93
201803,인천광역시,부평구,5,93
201803,인천광역시,부평구,6,128
201803,인천광역시,부평구,7,214
201803,인천광역시,부평구,8,243
201803,인천광역시,부평구,9,292
201803,인천광역시,부평구,10,333
201803,인천광역시,부평구,11,332
201803,인천광역시,부평구,12,336
201803,인천광역시,부평구,13,366
201803,인천광역시,부평구,14,475
201803,인천광역시,부평구,15,492
201803,인천광역시,부평구,16,606
201803,인천광역시,부평구,17,659
201803,인천광역시,부평구,18,586
201803,인천광역시,부평구,19,375
201803,인천광역시,부평구,20,272
201803,인천광역시,부평구,21,235
201803,인천광역시,부평구,22,220
201803,인천광역시,부평구,23,194
201803,인천광역시,부평구,24,162
201803,인천광역시,부평구,25,116
201803,인천광역시,부평구,26,88
201803,인천광역시,부평구,27,61
201803,인천광역시,부평구,28,55
201803,인천광역시,부평구,29,47
201803,인천광역시,부평구,30,56
201803,인천광역시,부평구,31,56
201803,인천광역시,부평구,32,52
201803,인천광역시,부평구,33,50
201803,인천광역시,부평구,34,77
201803,인천광역시,부평구,35,108
201803,인천광역시,부평구,36,118
201803,인천광역시,부평구,37,110
201803,인천광역시,부평구,38,114
201803,인천광역시,부평구,39,135
201803,인천광역시,부평구,40,180
201803,인천광역시,부평구,41,172
201803,인천광역시,부평구,42,195
201803,인천광역시,부평구,43,222
201803,인천광역시,부평구,44,241
201803,인천광역시,부평구,45,298
201803,인천광역시,부평구,46,325
201803,인천광역시,부평구,47,324
201803,인천광역시,부평구,48,372
201803,인천광역시,부평구,49,354
201803,인천광역시,부평구,50,318
201803,인천광역시,부평구,51,328
201803,인천광역시,부평구,52,343
201803,인천광역시,부평구,53,311
201803,인천광역시,부평구,54,312
201803,인천광역시,부평구,55,359
201803,인천광역시,부평구,56,377
201803,인천광역시,부평구,57,397
201803,인천광역시,부평구,58,350
201803,인천광역시,부평구,59,367
201803,인천광역시,부평구,60,381
201803,인천광역시,부평구,61,324
201803,인천광역시,부평구,62,332
201803,인천광역시,부평구,63,323
201803,인천광역시,부평구,64,254
201803,인천광역시,부평구,65,314
201803,인천광역시,부평구,66,265
201803,인천광역시,부평구,67,286
201803,인천광역시,부평구,68,258
201803,인천광역시,부평구,69,280
201803,인천광역시,부평구,70,295
201803,인천광역시,부평구,71,273
201803,인천광역시,부평구,72,223
201803,인천광역시,부평구,73,250
201803,인천광역시,부평구,74,260
201803,인천광역시,부평구,75,304
201803,인천광역시,부평구,76,262
201803,인천광역시,부평구,77,262
201803,인천광역시,부평구,78,266
201803,인천광역시,부평구,79,263
201803,인천광역시,부평구,80,227
201803,인천광역시,부평구,81,227
201803,인천광역시,부평구,82,201
201803,인천광역시,부평구,83,187
201803,인천광역시,부평구,84,145
201803,인천광역시,부평구,85,130
201803,인천광역시,부평구,86,99
201803,인천광역시,부평구,87,97
201803,인천광역시,부평구,88,73
201803,인천광역시,부평구,89,55
201803,인천광역시,부평구,90,53
201803,인천광역시,부평구,91,47
201803,인천광역시,부평구,92,27
201803,인천광역시,부평구,93,21
201803,인천광역시,부평구,94,13
201803,인천광역시,부평구,95,15
201803,인천광역시,부평구,96,11
201803,인천광역시,부평구,97,5
201803,인천광역시,부평구,98,1
201803,인천광역시,부평구,100,2
201803,인천광역시,부평구,101,2
201803,인천광역시,부평구,102,1
201803,인천광역시,부평구,104,1
201803,인천광역시,부평구,106,2
201803,인천광역시,계양구,0,10
201803,인천광역시,계양구,1,24
201803,인천광역시,계양구,2,16
201803,인천광역시,계양구,3,35
201803,인천광역시,계양구,4,39
201803,인천광역시,계양구,5,47
201803,인천광역시,계양구,6,54
201803,인천광역시,계양구,7,107
201803,인천광역시,계양구,8,152
201803,인천광역시,계양구,9,138
201803,인천광역시,계양구,10,197
201803,인천광역시,계양구,11,192
201803,인천광역시,계양구,12,168
201803,인천광역시,계양구,13,213
201803,인천광역시,계양구,14,260
201803,인천광역시,계양구,15,253
201803,인천광역시,계양구,16,351
201803,인천광역시,계양구,17,402
201803,인천광역시,계양구,18,251
201803,인천광역시,계양구,19,139
201803,인천광역시,계양구,20,111
201803,인천광역시,계양구,21,106
201803,인천광역시,계양구,22,78
201803,인천광역시,계양구,23,68
201803,인천광역시,계양구,24,61
201803,인천광역시,계양구,25,49
201803,인천광역시,계양구,26,44
201803,인천광역시,계양구,27,30
201803,인천광역시,계양구,28,36
201803,인천광역시,계양구,29,28
201803,인천광역시,계양구,30,20
201803,인천광역시,계양구,31,39
201803,인천광역시,계양구,32,25
201803,인천광역시,계양구,33,28
201803,인천광역시,계양구,34,25
201803,인천광역시,계양구,35,45
201803,인천광역시,계양구,36,44
201803,인천광역시,계양구,37,54
201803,인천광역시,계양구,38,61
201803,인천광역시,계양구,39,48
201803,인천광역시,계양구,40,60
201803,인천광역시,계양구,41,68
201803,인천광역시,계양구,42,73
201803,인천광역시,계양구,43,100
201803,인천광역시,계양구,44,128
201803,인천광역시,계양구,45,145
201803,인천광역시,계양구,46,137
201803,인천광역시,계양구,47,144
201803,인천광역시,계양구,48,128
201803,인천광역시,계양구,49,151
201803,인천광역시,계양구,50,148
201803,인천광역시,계양구,51,126
201803,인천광역시,계양구,52,155
201803,인천광역시,계양구,53,153
201803,인천광역시,계양구,54,142
201803,인천광역시,계양구,55,132
201803,인천광역시,계양구,56,154
201803,인천광역시,계양구,57,147
201803,인천광역시,계양구,58,137
201803,인천광역시,계양구,59,118
201803,인천광역시,계양구,60,128
201803,인천광역시,계양구,61,94
201803,인천광역시,계양구,62,119
201803,인천광역시,계양구,63,117
201803,인천광역시,계양구,64,84
201803,인천광역시,계양구,65,106
201803,인천광역시,계양구,66,98
201803,인천광역시,계양구,67,88
201803,인천광역시,계양구,68,102
201803,인천광역시,계양구,69,82
201803,인천광역시,계양구,70,103
201803,인천광역시,계양구,71,95
201803,인천광역시,계양구,72,83
201803,인천광역시,계양구,73,90
201803,인천광역시,계양구,74,96
201803,인천광역시,계양구,75,112
201803,인천광역시,계양구,76,113
201803,인천광역시,계양구,77,91
201803,인천광역시,계양구,78,107
201803,인천광역시,계양구,79,108
201803,인천광역시,계양구,80,80
201803,인천광역시,계양구,81,76
201803,인천광역시,계양구,82,68
201803,인천광역시,계양구,83,77
201803,인천광역시,계양구,84,71
201803,인천광역시,계양구,85,49
201803,인천광역시,계양구,86,43
201803,인천광역시,계양구,87,29
201803,인천광역시,계양구,88,26
201803,인천광역시,계양구,89,19
201803,인천광역시,계양구,90,22
201803,인천광역시,계양구,91,19
201803,인천광역시,계양구,92,8
201803,인천광역시,계양구,93,10
201803,인천광역시,계양구,94,10
201803,인천광역시,계양구,95,1
201803,인천광역시,계양구,96,6
201803,인천광역시,계양구,97,4
201803,인천광역시,계양구,99,1
201803,인천광역시,계양구,100,1
201803,인천광역시,서구,0,25
201803,인천광역시,서구,1,40
201803,인천광역시,서구,2,59
201803,인천광역시,서구,3,68
201803,인천광역시,서구,4,65
201803,인천광역시,서구,5,91
201803,인천광역시,서구,6,105
201803,인천광역시,서구,7,176
201803,인천광역시,서구,8,187
201803,인천광역시,서구,9,212
201803,인천광역시,서구,10,262
201803,인천광역시,서구,11,261
201803,인천광역시,서구,12,278
201803,인천광역시,서구,13,295
201803,인천광역시,서구,14,324
201803,인천광역시,서구,15,373
201803,인천광역시,서구,16,400
201803,인천광역시,서구,17,469
201803,인천광역시,서구,18,341
201803,인천광역시,서구,19,213
201803,인천광역시,서구,20,167
201803,인천광역시,서구,21,130
201803,인천광역시,서구,22,114
201803,인천광역시,서구,23,104
201803,인천광역시,서구,24,89
201803,인천광역시,서구,25,41
201803,인천광역시,서구,26,43
201803,인천광역시,서구,27,35
201803,인천광역시,서구,28,29
201803,인천광역시,서구,29,35
201803,인천광역시,서구,30,35
201803,인천광역시,서구,31,39
201803,인천광역시,서구,32,30
201803,인천광역시,서구,33,41
201803,인천광역시,서구,34,59
201803,인천광역시,서구,35,75
201803,인천광역시,서구,36,82
201803,인천광역시,서구,37,81
201803,인천광역시,서구,38,102
201803,인천광역시,서구,39,83
201803,인천광역시,서구,40,119
201803,인천광역시,서구,41,100
201803,인천광역시,서구,42,115
201803,인천광역시,서구,43,119
201803,인천광역시,서구,44,161
201803,인천광역시,서구,45,168
201803,인천광역시,서구,46,191
201803,인천광역시,서구,47,179
201803,인천광역시,서구,48,178
201803,인천광역시,서구,49,202
201803,인천광역시,서구,50,182
201803,인천광역시,서구,51,172
201803,인천광역시,서구,52,188
201803,인천광역시,서구,53,182
201803,인천광역시,서구,54,160
201803,인천광역시,서구,55,183
201803,인천광역시,서구,56,183
201803,인천광역시,서구,57,206
201803,인천광역시,서구,58,202
201803,인천광역시,서구,59,180
201803,인천광역시,서구,60,152
201803,인천광역시,서구,61,155
201803,인천광역시,서구,62,148
201803,인천광역시,서구,63,177
201803,인천광역시,서구,64,122
201803,인천광역시,서구,65,132
201803,인천광역시,서구,66,132
201803,인천광역시,서구,67,116
201803,인천광역시,서구,68,147
201803,인천광역시,서구,69,153
201803,인천광역시,서구,70,146
201803,인천광역시,서구,71,131
201803,인천광역시,서구,72,99
201803,인천광역시,서구,73,125
201803,인천광역시,서구,74,116
201803,인천광역시,서구,75,152
201803,인천광역시,서구,76,148
201803,인천광역시,서구,77,108
201803,인천광역시,서구,78,113
201803,인천광역시,서구,79,115
201803,인천광역시,서구,80,132
201803,인천광역시,서구,81,105
201803,인천광역시,서구,82,98
201803,인천광역시,서구,83,93
201803,인천광역시,서구,84,90
201803,인천광역시,서구,85,68
201803,인천광역시,서구,86,39
201803,인천광역시,서구,87,50
201803,인천광역시,서구,88,37
201803,인천광역시,서구,89,38
201803,인천광역시,서구,90,25
201803,인천광역시,서구,91,16
201803,인천광역시,서구,92,20
201803,인천광역시,서구,93,8
201803,인천광역시,서구,94,8
201803,인천광역시,서구,95,3
201803,인천광역시,서구,96,6
201803,인천광역시,서구,97,3
201803,인천광역시,서구,99,2
201803,인천광역시,서구,100,2
201803,인천광역시,서구,104,1
201803,인천광역시,강화군,0,2
201803,인천광역시,강화군,1,3
201803,인천광역시,강화군,2,6
201803,인천광역시,강화군,3,9
201803,인천광역시,강화군,4,5
201803,인천광역시,강화군,5,7
201803,인천광역시,강화군,6,3
201803,인천광역시,강화군,7,16
201803,인천광역시,강화군,8,23
201803,인천광역시,강화군,9,29
201803,인천광역시,강화군,10,20
201803,인천광역시,강화군,11,35
201803,인천광역시,강화군,12,30
201803,인천광역시,강화군,13,26
201803,인천광역시,강화군,14,29
201803,인천광역시,강화군,15,39
201803,인천광역시,강화군,16,30
201803,인천광역시,강화군,17,60
201803,인천광역시,강화군,18,30
201803,인천광역시,강화군,19,34
201803,인천광역시,강화군,20,16
201803,인천광역시,강화군,21,21
201803,인천광역시,강화군,22,14
201803,인천광역시,강화군,23,15
201803,인천광역시,강화군,24,13
201803,인천광역시,강화군,25,7
201803,인천광역시,강화군,26,4
201803,인천광역시,강화군,27,7
201803,인천광역시,강화군,28,5
201803,인천광역시,강화군,29,1
201803,인천광역시,강화군,30,5
201803,인천광역시,강화군,31,5
201803,인천광역시,강화군,32,4
201803,인천광역시,강화군,33,5
201803,인천광역시,강화군,34,2
201803,인천광역시,강화군,35,9
201803,인천광역시,강화군,36,7
201803,인천광역시,강화군,37,7
201803,인천광역시,강화군,38,11
201803,인천광역시,강화군,39,6
201803,인천광역시,강화군,40,13
201803,인천광역시,강화군,41,16
201803,인천광역시,강화군,42,15
201803,인천광역시,강화군,43,14
201803,인천광역시,강화군,44,28
201803,인천광역시,강화군,45,29
201803,인천광역시,강화군,46,19
201803,인천광역시,강화군,47,32
201803,인천광역시,강화군,48,33
201803,인천광역시,강화군,49,35
201803,인천광역시,강화군,50,26
201803,인천광역시,강화군,51,36
201803,인천광역시,강화군,52,51
201803,인천광역시,강화군,53,33
201803,인천광역시,강화군,54,32
201803,인천광역시,강화군,55,39
201803,인천광역시,강화군,56,52
201803,인천광역시,강화군,57,52
201803,인천광역시,강화군,58,39
201803,인천광역시,강화군,59,47
201803,인천광역시,강화군,60,40
201803,인천광역시,강화군,61,52
201803,인천광역시,강화군,62,40
201803,인천광역시,강화군,63,58
201803,인천광역시,강화군,64,43
201803,인천광역시,강화군,65,41
201803,인천광역시,강화군,66,36
201803,인천광역시,강화군,67,42
201803,인천광역시,강화군,68,40
201803,인천광역시,강화군,69,50
201803,인천광역시,강화군,70,43
201803,인천광역시,강화군,71,51
201803,인천광역시,강화군,72,45
201803,인천광역시,강화군,73,41
201803,인천광역시,강화군,74,48
201803,인천광역시,강화군,75,48
201803,인천광역시,강화군,76,61
201803,인천광역시,강화군,77,40
201803,인천광역시,강화군,78,56
201803,인천광역시,강화군,79,49
201803,인천광역시,강화군,80,37
201803,인천광역시,강화군,81,40
201803,인천광역시,강화군,82,25
201803,인천광역시,강화군,83,33
201803,인천광역시,강화군,84,32
201803,인천광역시,강화군,85,26
201803,인천광역시,강화군,86,23
201803,인천광역시,강화군,87,21
201803,인천광역시,강화군,88,15
201803,인천광역시,강화군,89,17
201803,인천광역시,강화군,90,9
201803,인천광역시,강화군,91,8
201803,인천광역시,강화군,92,12
201803,인천광역시,강화군,93,9
201803,인천광역시,강화군,94,4
201803,인천광역시,강화군,95,2
201803,인천광역시,강화군,96,2
201803,인천광역시,강화군,97,1
201803,인천광역시,강화군,98,2
201803,인천광역시,강화군,99,1
201803,인천광역시,옹진군,0,1
201803,인천광역시,옹진군,1,3
201803,인천광역시,옹진군,2,1
201803,인천광역시,옹진군,5,4
201803,인천광역시,옹진군,6,1
201803,인천광역시,옹진군,7,6
201803,인천광역시,옹진군,8,2
201803,인천광역시,옹진군,9,3
201803,인천광역시,옹진군,11,6
201803,인천광역시,옹진군,12,5
201803,인천광역시,옹진군,13,9
201803,인천광역시,옹진군,14,4
201803,인천광역시,옹진군,15,7
201803,인천광역시,옹진군,16,7
201803,인천광역시,옹진군,17,11
201803,인천광역시,옹진군,18,10
201803,인천광역시,옹진군,19,9
201803,인천광역시,옹진군,20,4
201803,인천광역시,옹진군,21,2
201803,인천광역시,옹진군,22,2
201803,인천광역시,옹진군,25,5
201803,인천광역시,옹진군,28,1
201803,인천광역시,옹진군,29,2
201803,인천광역시,옹진군,30,3
201803,인천광역시,옹진군,32,1
201803,인천광역시,옹진군,37,3
201803,인천광역시,옹진군,38,1
201803,인천광역시,옹진군,40,5
201803,인천광역시,옹진군,41,1
201803,인천광역시,옹진군,42,3
201803,인천광역시,옹진군,43,3
201803,인천광역시,옹진군,44,2
201803,인천광역시,옹진군,45,4
201803,인천광역시,옹진군,46,3
201803,인천광역시,옹진군,47,4
201803,인천광역시,옹진군,48,2
201803,인천광역시,옹진군,49,7
201803,인천광역시,옹진군,50,3
201803,인천광역시,옹진군,51,8
201803,인천광역시,옹진군,52,3
201803,인천광역시,옹진군,53,9
201803,인천광역시,옹진군,54,10
201803,인천광역시,옹진군,55,6
201803,인천광역시,옹진군,56,9
201803,인천광역시,옹진군,57,9
201803,인천광역시,옹진군,58,8
201803,인천광역시,옹진군,59,13
201803,인천광역시,옹진군,60,6
201803,인천광역시,옹진군,61,5
201803,인천광역시,옹진군,62,15
201803,인천광역시,옹진군,63,9
201803,인천광역시,옹진군,64,8
201803,인천광역시,옹진군,65,5
201803,인천광역시,옹진군,66,10
201803,인천광역시,옹진군,67,4
201803,인천광역시,옹진군,68,4
201803,인천광역시,옹진군,69,6
201803,인천광역시,옹진군,70,5
201803,인천광역시,옹진군,71,5
201803,인천광역시,옹진군,72,6
201803,인천광역시,옹진군,73,9
201803,인천광역시,옹진군,74,8
201803,인천광역시,옹진군,75,8
201803,인천광역시,옹진군,76,6
201803,인천광역시,옹진군,77,5
201803,인천광역시,옹진군,78,8
201803,인천광역시,옹진군,79,4
201803,인천광역시,옹진군,80,7
201803,인천광역시,옹진군,81,10
201803,인천광역시,옹진군,82,5
201803,인천광역시,옹진군,83,4
201803,인천광역시,옹진군,84,5
201803,인천광역시,옹진군,85,3
201803,인천광역시,옹진군,86,10
201803,인천광역시,옹진군,87,4
201803,인천광역시,옹진군,88,1
201803,인천광역시,옹진군,89,3
201803,인천광역시,옹진군,90,2
201803,인천광역시,옹진군,91,2
201803,인천광역시,옹진군,92,4
201803,인천광역시,옹진군,93,3
201803,인천광역시,옹진군,95,2
201803,인천광역시,옹진군,96,3
201803,인천광역시,옹진군,97,1
201803,광주광역시,동구,0,14
201803,광주광역시,동구,1,15
201803,광주광역시,동구,2,23
201803,광주광역시,동구,3,22
201803,광주광역시,동구,4,32
201803,광주광역시,동구,5,38
201803,광주광역시,동구,6,32
201803,광주광역시,동구,7,59
201803,광주광역시,동구,8,53
201803,광주광역시,동구,9,52
201803,광주광역시,동구,10,53
201803,광주광역시,동구,11,58
201803,광주광역시,동구,12,53
201803,광주광역시,동구,13,88
201803,광주광역시,동구,14,85
201803,광주광역시,동구,15,88
201803,광주광역시,동구,16,120
201803,광주광역시,동구,17,131
201803,광주광역시,동구,18,127
201803,광주광역시,동구,19,109
201803,광주광역시,동구,20,75
201803,광주광역시,동구,21,84
201803,광주광역시,동구,22,100
201803,광주광역시,동구,23,74
201803,광주광역시,동구,24,57
201803,광주광역시,동구,25,42
201803,광주광역시,동구,26,31
201803,광주광역시,동구,27,16
201803,광주광역시,동구,28,23
201803,광주광역시,동구,29,17
201803,광주광역시,동구,30,10
201803,광주광역시,동구,31,15
201803,광주광역시,동구,32,13
201803,광주광역시,동구,33,16
201803,광주광역시,동구,34,21
201803,광주광역시,동구,35,24
201803,광주광역시,동구,36,24
201803,광주광역시,동구,37,19
201803,광주광역시,동구,38,27
201803,광주광역시,동구,39,32
201803,광주광역시,동구,40,39
201803,광주광역시,동구,41,49
201803,광주광역시,동구,42,43
201803,광주광역시,동구,43,44
201803,광주광역시,동구,44,61
201803,광주광역시,동구,45,70
201803,광주광역시,동구,46,84
201803,광주광역시,동구,47,95
201803,광주광역시,동구,48,96
201803,광주광역시,동구,49,75
201803,광주광역시,동구,50,90
201803,광주광역시,동구,51,88
201803,광주광역시,동구,52,91
201803,광주광역시,동구,53,73
201803,광주광역시,동구,54,76
201803,광주광역시,동구,55,88
201803,광주광역시,동구,56,102
201803,광주광역시,동구,57,125
201803,광주광역시,동구,58,93
201803,광주광역시,동구,59,83
201803,광주광역시,동구,60,105
201803,광주광역시,동구,61,84
201803,광주광역시,동구,62,82
201803,광주광역시,동구,63,81
201803,광주광역시,동구,64,70
201803,광주광역시,동구,65,88
201803,광주광역시,동구,66,78
201803,광주광역시,동구,67,58
201803,광주광역시,동구,68,66
201803,광주광역시,동구,69,82
201803,광주광역시,동구,70,71
201803,광주광역시,동구,71,80
201803,광주광역시,동구,72,49
201803,광주광역시,동구,73,53
201803,광주광역시,동구,74,55
201803,광주광역시,동구,75,73
201803,광주광역시,동구,76,71
201803,광주광역시,동구,77,51
201803,광주광역시,동구,78,51
201803,광주광역시,동구,79,50
201803,광주광역시,동구,80,38
201803,광주광역시,동구,81,41
201803,광주광역시,동구,82,36
201803,광주광역시,동구,83,27
201803,광주광역시,동구,84,39
201803,광주광역시,동구,85,17
201803,광주광역시,동구,86,18
201803,광주광역시,동구,87,22
201803,광주광역시,동구,88,19
201803,광주광역시,동구,89,15
201803,광주광역시,동구,90,10
201803,광주광역시,동구,91,10
201803,광주광역시,동구,92,6
201803,광주광역시,동구,93,4
201803,광주광역시,동구,94,4
201803,광주광역시,동구,95,6
201803,광주광역시,동구,96,1
201803,광주광역시,동구,97,1
201803,광주광역시,동구,100,2
201803,광주광역시,동구,102,2
201803,광주광역시,서구,0,23
201803,광주광역시,서구,1,42
201803,광주광역시,서구,2,44
201803,광주광역시,서구,3,58
201803,광주광역시,서구,4,62
201803,광주광역시,서구,5,80
201803,광주광역시,서구,6,98
201803,광주광역시,서구,7,140
201803,광주광역시,서구,8,152
201803,광주광역시,서구,9,157
201803,광주광역시,서구,10,210
201803,광주광역시,서구,11,205
201803,광주광역시,서구,12,206
201803,광주광역시,서구,13,216
201803,광주광역시,서구,14,283
201803,광주광역시,서구,15,287
201803,광주광역시,서구,16,354
201803,광주광역시,서구,17,449
201803,광주광역시,서구,18,294
201803,광주광역시,서구,19,311
201803,광주광역시,서구,20,234
201803,광주광역시,서구,21,206
201803,광주광역시,서구,22,215
201803,광주광역시,서구,23,177
201803,광주광역시,서구,24,163
201803,광주광역시,서구,25,100
201803,광주광역시,서구,26,83
201803,광주광역시,서구,27,43
201803,광주광역시,서구,28,39
201803,광주광역시,서구,29,42
201803,광주광역시,서구,30,32
201803,광주광역시,서구,31,36
201803,광주광역시,서구,32,34
201803,광주광역시,서구,33,34
201803,광주광역시,서구,34,59
201803,광주광역시,서구,35,61
201803,광주광역시,서구,36,91
201803,광주광역시,서구,37,63
201803,광주광역시,서구,38,82
201803,광주광역시,서구,39,88
201803,광주광역시,서구,40,120
201803,광주광역시,서구,41,105
201803,광주광역시,서구,42,117
201803,광주광역시,서구,43,139
201803,광주광역시,서구,44,163
201803,광주광역시,서구,45,178
201803,광주광역시,서구,46,187
201803,광주광역시,서구,47,207
201803,광주광역시,서구,48,206
201803,광주광역시,서구,49,252
201803,광주광역시,서구,50,242
201803,광주광역시,서구,51,239
201803,광주광역시,서구,52,219
201803,광주광역시,서구,53,216
201803,광주광역시,서구,54,205
201803,광주광역시,서구,55,216
201803,광주광역시,서구,56,226
201803,광주광역시,서구,57,237
201803,광주광역시,서구,58,223
201803,광주광역시,서구,59,189
201803,광주광역시,서구,60,200
201803,광주광역시,서구,61,181
201803,광주광역시,서구,62,162
201803,광주광역시,서구,63,184
201803,광주광역시,서구,64,120
201803,광주광역시,서구,65,149
201803,광주광역시,서구,66,145
201803,광주광역시,서구,67,144
201803,광주광역시,서구,68,152
201803,광주광역시,서구,69,137
201803,광주광역시,서구,70,154
201803,광주광역시,서구,71,142
201803,광주광역시,서구,72,105
201803,광주광역시,서구,73,104
201803,광주광역시,서구,74,116
201803,광주광역시,서구,75,133
201803,광주광역시,서구,76,132
201803,광주광역시,서구,77,120
201803,광주광역시,서구,78,112
201803,광주광역시,서구,79,95
201803,광주광역시,서구,80,98
201803,광주광역시,서구,81,89
201803,광주광역시,서구,82,69
201803,광주광역시,서구,83,64
201803,광주광역시,서구,84,64
201803,광주광역시,서구,85,47
201803,광주광역시,서구,86,43
201803,광주광역시,서구,87,34
201803,광주광역시,서구,88,33
201803,광주광역시,서구,89,30
201803,광주광역시,서구,90,25
201803,광주광역시,서구,91,10
201803,광주광역시,서구,92,7
201803,광주광역시,서구,93,8
201803,광주광역시,서구,94,10
201803,광주광역시,서구,95,6
201803,광주광역시,서구,96,4
201803,광주광역시,서구,97,1
201803,광주광역시,서구,98,2
201803,광주광역시,서구,99,4
201803,광주광역시,서구,101,2
201803,광주광역시,남구,0,19
201803,광주광역시,남구,1,26
201803,광주광역시,남구,2,26
201803,광주광역시,남구,3,39
201803,광주광역시,남구,4,39
201803,광주광역시,남구,5,55
201803,광주광역시,남구,6,60
201803,광주광역시,남구,7,115
201803,광주광역시,남구,8,138
201803,광주광역시,남구,9,128
201803,광주광역시,남구,10,152
201803,광주광역시,남구,11,154
201803,광주광역시,남구,12,175
201803,광주광역시,남구,13,201
201803,광주광역시,남구,14,196
201803,광주광역시,남구,15,203
201803,광주광역시,남구,16,279
201803,광주광역시,남구,17,304
201803,광주광역시,남구,18,227
201803,광주광역시,남구,19,226
201803,광주광역시,남구,20,165
201803,광주광역시,남구,21,141
201803,광주광역시,남구,22,157
201803,광주광역시,남구,23,133
201803,광주광역시,남구,24,96
201803,광주광역시,남구,25,56
201803,광주광역시,남구,26,62
201803,광주광역시,남구,27,31
201803,광주광역시,남구,28,21
201803,광주광역시,남구,29,18
201803,광주광역시,남구,30,21
201803,광주광역시,남구,31,25
201803,광주광역시,남구,32,21
201803,광주광역시,남구,33,35
201803,광주광역시,남구,34,35
201803,광주광역시,남구,35,34
201803,광주광역시,남구,36,53
201803,광주광역시,남구,37,57
201803,광주광역시,남구,38,57
201803,광주광역시,남구,39,57
201803,광주광역시,남구,40,77
201803,광주광역시,남구,41,73
201803,광주광역시,남구,42,81
201803,광주광역시,남구,43,98
201803,광주광역시,남구,44,115
201803,광주광역시,남구,45,154
201803,광주광역시,남구,46,129
201803,광주광역시,남구,47,153
201803,광주광역시,남구,48,135
201803,광주광역시,남구,49,176
201803,광주광역시,남구,50,166
201803,광주광역시,남구,51,152
201803,광주광역시,남구,52,163
201803,광주광역시,남구,53,156
201803,광주광역시,남구,54,130
201803,광주광역시,남구,55,153
201803,광주광역시,남구,56,142
201803,광주광역시,남구,57,132
201803,광주광역시,남구,58,166
201803,광주광역시,남구,59,118
201803,광주광역시,남구,60,124
201803,광주광역시,남구,61,122
201803,광주광역시,남구,62,103
201803,광주광역시,남구,63,100
201803,광주광역시,남구,64,64
201803,광주광역시,남구,65,79
201803,광주광역시,남구,66,83
201803,광주광역시,남구,67,86
201803,광주광역시,남구,68,86
201803,광주광역시,남구,69,81
201803,광주광역시,남구,70,83
201803,광주광역시,남구,71,83
201803,광주광역시,남구,72,78
201803,광주광역시,남구,73,68
201803,광주광역시,남구,74,76
201803,광주광역시,남구,75,99
201803,광주광역시,남구,76,73
201803,광주광역시,남구,77,74
201803,광주광역시,남구,78,85
201803,광주광역시,남구,79,75
201803,광주광역시,남구,80,56
201803,광주광역시,남구,81,52
201803,광주광역시,남구,82,56
201803,광주광역시,남구,83,49
201803,광주광역시,남구,84,50
201803,광주광역시,남구,85,36
201803,광주광역시,남구,86,40
201803,광주광역시,남구,87,34
201803,광주광역시,남구,88,22
201803,광주광역시,남구,89,20
201803,광주광역시,남구,90,21
201803,광주광역시,남구,91,15
201803,광주광역시,남구,92,8
201803,광주광역시,남구,93,4
201803,광주광역시,남구,94,4
201803,광주광역시,남구,95,3
201803,광주광역시,남구,96,5
201803,광주광역시,남구,97,3
201803,광주광역시,남구,98,2
201803,광주광역시,남구,106,1
201803,광주광역시,북구,0,39
201803,광주광역시,북구,1,57
201803,광주광역시,북구,2,84
201803,광주광역시,북구,3,91
201803,광주광역시,북구,4,108
201803,광주광역시,북구,5,113
201803,광주광역시,북구,6,119
201803,광주광역시,북구,7,250
201803,광주광역시,북구,8,254
201803,광주광역시,북구,9,301
201803,광주광역시,북구,10,311
201803,광주광역시,북구,11,307
201803,광주광역시,북구,12,331
201803,광주광역시,북구,13,350
201803,광주광역시,북구,14,407
201803,광주광역시,북구,15,446
201803,광주광역시,북구,16,574
201803,광주광역시,북구,17,632
201803,광주광역시,북구,18,533
201803,광주광역시,북구,19,386
201803,광주광역시,북구,20,358
201803,광주광역시,북구,21,337
201803,광주광역시,북구,22,300
201803,광주광역시,북구,23,314
201803,광주광역시,북구,24,201
201803,광주광역시,북구,25,178
201803,광주광역시,북구,26,121
201803,광주광역시,북구,27,97
201803,광주광역시,북구,28,72
201803,광주광역시,북구,29,66
201803,광주광역시,북구,30,63
201803,광주광역시,북구,31,69
201803,광주광역시,북구,32,76
201803,광주광역시,북구,33,71
201803,광주광역시,북구,34,69
201803,광주광역시,북구,35,99
201803,광주광역시,북구,36,129
201803,광주광역시,북구,37,147
201803,광주광역시,북구,38,134
201803,광주광역시,북구,39,150
201803,광주광역시,북구,40,172
201803,광주광역시,북구,41,151
201803,광주광역시,북구,42,207
201803,광주광역시,북구,43,240
201803,광주광역시,북구,44,264
201803,광주광역시,북구,45,281
201803,광주광역시,북구,46,327
201803,광주광역시,북구,47,346
201803,광주광역시,북구,48,397
201803,광주광역시,북구,49,398
201803,광주광역시,북구,50,389
201803,광주광역시,북구,51,365
201803,광주광역시,북구,52,388
201803,광주광역시,북구,53,361
201803,광주광역시,북구,54,375
201803,광주광역시,북구,55,355
201803,광주광역시,북구,56,356
201803,광주광역시,북구,57,416
201803,광주광역시,북구,58,397
201803,광주광역시,북구,59,316
201803,광주광역시,북구,60,324
201803,광주광역시,북구,61,320
201803,광주광역시,북구,62,318
201803,광주광역시,북구,63,292
201803,광주광역시,북구,64,204
201803,광주광역시,북구,65,273
201803,광주광역시,북구,66,248
201803,광주광역시,북구,67,216
201803,광주광역시,북구,68,249
201803,광주광역시,북구,69,226
201803,광주광역시,북구,70,235
201803,광주광역시,북구,71,238
201803,광주광역시,북구,72,171
201803,광주광역시,북구,73,191
201803,광주광역시,북구,74,157
201803,광주광역시,북구,75,253
201803,광주광역시,북구,76,207
201803,광주광역시,북구,77,203
201803,광주광역시,북구,78,173
201803,광주광역시,북구,79,180
201803,광주광역시,북구,80,148
201803,광주광역시,북구,81,140
201803,광주광역시,북구,82,135
201803,광주광역시,북구,83,116
201803,광주광역시,북구,84,118
201803,광주광역시,북구,85,71
201803,광주광역시,북구,86,78
201803,광주광역시,북구,87,70
201803,광주광역시,북구,88,68
201803,광주광역시,북구,89,40
201803,광주광역시,북구,90,28
201803,광주광역시,북구,91,33
201803,광주광역시,북구,92,13
201803,광주광역시,북구,93,19
201803,광주광역시,북구,94,11
201803,광주광역시,북구,95,11
201803,광주광역시,북구,96,8
201803,광주광역시,북구,97,4
201803,광주광역시,북구,98,1
201803,광주광역시,북구,99,3
201803,광주광역시,북구,101,1
201803,광주광역시,광산구,0,33
201803,광주광역시,광산구,1,71
201803,광주광역시,광산구,2,88
201803,광주광역시,광산구,3,94
201803,광주광역시,광산구,4,100
201803,광주광역시,광산구,5,128
201803,광주광역시,광산구,6,124
201803,광주광역시,광산구,7,213
201803,광주광역시,광산구,8,261
201803,광주광역시,광산구,9,251
201803,광주광역시,광산구,10,287
201803,광주광역시,광산구,11,286
201803,광주광역시,광산구,12,272
201803,광주광역시,광산구,13,282
201803,광주광역시,광산구,14,319
201803,광주광역시,광산구,15,361
201803,광주광역시,광산구,16,413
201803,광주광역시,광산구,17,483
201803,광주광역시,광산구,18,372
201803,광주광역시,광산구,19,284
201803,광주광역시,광산구,20,263
201803,광주광역시,광산구,21,244
201803,광주광역시,광산구,22,217
201803,광주광역시,광산구,23,134
201803,광주광역시,광산구,24,138
201803,광주광역시,광산구,25,97
201803,광주광역시,광산구,26,68
201803,광주광역시,광산구,27,50
201803,광주광역시,광산구,28,61
201803,광주광역시,광산구,29,44
201803,광주광역시,광산구,30,52
201803,광주광역시,광산구,31,62
201803,광주광역시,광산구,32,66
201803,광주광역시,광산구,33,70
201803,광주광역시,광산구,34,62
201803,광주광역시,광산구,35,82
201803,광주광역시,광산구,36,89
201803,광주광역시,광산구,37,105
201803,광주광역시,광산구,38,141
201803,광주광역시,광산구,39,117
201803,광주광역시,광산구,40,141
201803,광주광역시,광산구,41,140
201803,광주광역시,광산구,42,141
201803,광주광역시,광산구,43,180
201803,광주광역시,광산구,44,208
201803,광주광역시,광산구,45,227
201803,광주광역시,광산구,46,239
201803,광주광역시,광산구,47,245
201803,광주광역시,광산구,48,223
201803,광주광역시,광산구,49,252
201803,광주광역시,광산구,50,239
201803,광주광역시,광산구,51,225
201803,광주광역시,광산구,52,220
201803,광주광역시,광산구,53,193
201803,광주광역시,광산구,54,211
201803,광주광역시,광산구,55,203
201803,광주광역시,광산구,56,210
201803,광주광역시,광산구,57,211
201803,광주광역시,광산구,58,190
201803,광주광역시,광산구,59,195
201803,광주광역시,광산구,60,165
201803,광주광역시,광산구,61,162
201803,광주광역시,광산구,62,150
201803,광주광역시,광산구,63,148
201803,광주광역시,광산구,64,124
201803,광주광역시,광산구,65,112
201803,광주광역시,광산구,66,120
201803,광주광역시,광산구,67,117
201803,광주광역시,광산구,68,130
201803,광주광역시,광산구,69,133
201803,광주광역시,광산구,70,123
201803,광주광역시,광산구,71,113
201803,광주광역시,광산구,72,99
201803,광주광역시,광산구,73,92
201803,광주광역시,광산구,74,91
201803,광주광역시,광산구,75,122
201803,광주광역시,광산구,76,127
201803,광주광역시,광산구,77,108
201803,광주광역시,광산구,78,103
201803,광주광역시,광산구,79,99
201803,광주광역시,광산구,80,80
201803,광주광역시,광산구,81,80
201803,광주광역시,광산구,82,82
201803,광주광역시,광산구,83,69
201803,광주광역시,광산구,84,48
201803,광주광역시,광산구,85,48
201803,광주광역시,광산구,86,34
201803,광주광역시,광산구,87,41
201803,광주광역시,광산구,88,35
201803,광주광역시,광산구,89,33
201803,광주광역시,광산구,90,23
201803,광주광역시,광산구,91,21
201803,광주광역시,광산구,92,12
201803,광주광역시,광산구,93,6
201803,광주광역시,광산구,94,8
201803,광주광역시,광산구,95,8
201803,광주광역시,광산구,96,6
201803,광주광역시,광산구,97,5
201803,광주광역시,광산구,98,3
201803,광주광역시,광산구,101,2
201803,광주광역시,광산구,104,1
201803,대전광역시,동구,0,20
201803,대전광역시,동구,1,17
201803,대전광역시,동구,2,25
201803,대전광역시,동구,3,52
201803,대전광역시,동구,4,40
201803,대전광역시,동구,5,50
201803,대전광역시,동구,6,76
201803,대전광역시,동구,7,119
201803,대전광역시,동구,8,136
201803,대전광역시,동구,9,158
201803,대전광역시,동구,10,194
201803,대전광역시,동구,11,173
201803,대전광역시,동구,12,183
201803,대전광역시,동구,13,219
201803,대전광역시,동구,14,253
201803,대전광역시,동구,15,280
201803,대전광역시,동구,16,312
201803,대전광역시,동구,17,364
201803,대전광역시,동구,18,253
201803,대전광역시,동구,19,164
201803,대전광역시,동구,20,152
201803,대전광역시,동구,21,141
201803,대전광역시,동구,22,127
201803,대전광역시,동구,23,112
201803,대전광역시,동구,24,64
201803,대전광역시,동구,25,63
201803,대전광역시,동구,26,45
201803,대전광역시,동구,27,36
201803,대전광역시,동구,28,40
201803,대전광역시,동구,29,33
201803,대전광역시,동구,30,23
201803,대전광역시,동구,31,38
201803,대전광역시,동구,32,30
201803,대전광역시,동구,33,35
201803,대전광역시,동구,34,33
201803,대전광역시,동구,35,40
201803,대전광역시,동구,36,60
201803,대전광역시,동구,37,56
201803,대전광역시,동구,38,69
201803,대전광역시,동구,39,84
201803,대전광역시,동구,40,79
201803,대전광역시,동구,41,83
201803,대전광역시,동구,42,115
201803,대전광역시,동구,43,123
201803,대전광역시,동구,44,141
201803,대전광역시,동구,45,162
201803,대전광역시,동구,46,165
201803,대전광역시,동구,47,183
201803,대전광역시,동구,48,173
201803,대전광역시,동구,49,221
201803,대전광역시,동구,50,200
201803,대전광역시,동구,51,175
201803,대전광역시,동구,52,193
201803,대전광역시,동구,53,220
201803,대전광역시,동구,54,175
201803,대전광역시,동구,55,213
201803,대전광역시,동구,56,215
201803,대전광역시,동구,57,228
201803,대전광역시,동구,58,227
201803,대전광역시,동구,59,231
201803,대전광역시,동구,60,204
201803,대전광역시,동구,61,222
201803,대전광역시,동구,62,209
201803,대전광역시,동구,63,221
201803,대전광역시,동구,64,157
201803,대전광역시,동구,65,192
201803,대전광역시,동구,66,187
201803,대전광역시,동구,67,182
201803,대전광역시,동구,68,190
201803,대전광역시,동구,69,205
201803,대전광역시,동구,70,168
201803,대전광역시,동구,71,210
201803,대전광역시,동구,72,138
201803,대전광역시,동구,73,173
201803,대전광역시,동구,74,160
201803,대전광역시,동구,75,249
201803,대전광역시,동구,76,204
201803,대전광역시,동구,77,155
201803,대전광역시,동구,78,166
201803,대전광역시,동구,79,151
201803,대전광역시,동구,80,121
201803,대전광역시,동구,81,121
201803,대전광역시,동구,82,105
201803,대전광역시,동구,83,92
201803,대전광역시,동구,84,103
201803,대전광역시,동구,85,82
201803,대전광역시,동구,86,56
201803,대전광역시,동구,87,45
201803,대전광역시,동구,88,47
201803,대전광역시,동구,89,29
201803,대전광역시,동구,90,34
201803,대전광역시,동구,91,18
201803,대전광역시,동구,92,18
201803,대전광역시,동구,93,14
201803,대전광역시,동구,94,6
201803,대전광역시,동구,95,4
201803,대전광역시,동구,96,3
201803,대전광역시,동구,97,3
201803,대전광역시,동구,98,3
201803,대전광역시,동구,101,2
201803,대전광역시,동구,108,1
201803,대전광역시,중구,0,31
201803,대전광역시,중구,1,36
201803,대전광역시,중구,2,43
201803,대전광역시,중구,3,41
201803,대전광역시,중구,4,38
201803,대전광역시,중구,5,57
201803,대전광역시,중구,6,50
201803,대전광역시,중구,7,94
201803,대전광역시,중구,8,117
201803,대전광역시,중구,9,107
201803,대전광역시,중구,10,161
201803,대전광역시,중구,11,149
201803,대전광역시,중구,12,173
201803,대전광역시,중구,13,177
201803,대전광역시,중구,14,193
201803,대전광역시,중구,15,261
201803,대전광역시,중구,16,306
201803,대전광역시,중구,17,350
201803,대전광역시,중구,18,230
201803,대전광역시,중구,19,184
201803,대전광역시,중구,20,139
201803,대전광역시,중구,21,124
201803,대전광역시,중구,22,126
201803,대전광역시,중구,23,108
201803,대전광역시,중구,24,79
201803,대전광역시,중구,25,75
201803,대전광역시,중구,26,44
201803,대전광역시,중구,27,34
201803,대전광역시,중구,28,34
201803,대전광역시,중구,29,28
201803,대전광역시,중구,30,23
201803,대전광역시,중구,31,25
201803,대전광역시,중구,32,21
201803,대전광역시,중구,33,24
201803,대전광역시,중구,34,22
201803,대전광역시,중구,35,47
201803,대전광역시,중구,36,55
201803,대전광역시,중구,37,54
201803,대전광역시,중구,38,70
201803,대전광역시,중구,39,57
201803,대전광역시,중구,40,74
201803,대전광역시,중구,41,90
201803,대전광역시,중구,42,89
201803,대전광역시,중구,43,107
201803,대전광역시,중구,44,132
201803,대전광역시,중구,45,135
201803,대전광역시,중구,46,140
201803,대전광역시,중구,47,152
201803,대전광역시,중구,48,148
201803,대전광역시,중구,49,168
201803,대전광역시,중구,50,183
201803,대전광역시,중구,51,179
201803,대전광역시,중구,52,159
201803,대전광역시,중구,53,139
201803,대전광역시,중구,54,164
201803,대전광역시,중구,55,186
201803,대전광역시,중구,56,162
201803,대전광역시,중구,57,220
201803,대전광역시,중구,58,215
201803,대전광역시,중구,59,170
201803,대전광역시,중구,60,180
201803,대전광역시,중구,61,174
201803,대전광역시,중구,62,135
201803,대전광역시,중구,63,147
201803,대전광역시,중구,64,135
201803,대전광역시,중구,65,145
201803,대전광역시,중구,66,143
201803,대전광역시,중구,67,136
201803,대전광역시,중구,68,144
201803,대전광역시,중구,69,132
201803,대전광역시,중구,70,112
201803,대전광역시,중구,71,138
201803,대전광역시,중구,72,130
201803,대전광역시,중구,73,115
201803,대전광역시,중구,74,96
201803,대전광역시,중구,75,143
201803,대전광역시,중구,76,145
201803,대전광역시,중구,77,88
201803,대전광역시,중구,78,117
201803,대전광역시,중구,79,115
201803,대전광역시,중구,80,90
201803,대전광역시,중구,81,80
201803,대전광역시,중구,82,72
201803,대전광역시,중구,83,77
201803,대전광역시,중구,84,57
201803,대전광역시,중구,85,46
201803,대전광역시,중구,86,49
201803,대전광역시,중구,87,40
201803,대전광역시,중구,88,35
201803,대전광역시,중구,89,23
201803,대전광역시,중구,90,16
201803,대전광역시,중구,91,19
201803,대전광역시,중구,92,16
201803,대전광역시,중구,93,10
201803,대전광역시,중구,94,8
201803,대전광역시,중구,95,4
201803,대전광역시,중구,96,5
201803,대전광역시,중구,97,1
201803,대전광역시,중구,102,1
201803,대전광역시,서구,0,23
201803,대전광역시,서구,1,48
201803,대전광역시,서구,2,61
201803,대전광역시,서구,3,57
201803,대전광역시,서구,4,65
201803,대전광역시,서구,5,67
201803,대전광역시,서구,6,116
201803,대전광역시,서구,7,130
201803,대전광역시,서구,8,144
201803,대전광역시,서구,9,155
201803,대전광역시,서구,10,208
201803,대전광역시,서구,11,204
201803,대전광역시,서구,12,217
201803,대전광역시,서구,13,238
201803,대전광역시,서구,14,280
201803,대전광역시,서구,15,298
201803,대전광역시,서구,16,331
201803,대전광역시,서구,17,435
201803,대전광역시,서구,18,350
201803,대전광역시,서구,19,243
201803,대전광역시,서구,20,225
201803,대전광역시,서구,21,162
201803,대전광역시,서구,22,173
201803,대전광역시,서구,23,154
201803,대전광역시,서구,24,139
201803,대전광역시,서구,25,83
201803,대전광역시,서구,26,64
201803,대전광역시,서구,27,44
201803,대전광역시,서구,28,52
201803,대전광역시,서구,29,33
201803,대전광역시,서구,30,43
201803,대전광역시,서구,31,36
201803,대전광역시,서구,32,32
201803,대전광역시,서구,33,37
201803,대전광역시,서구,34,42
201803,대전광역시,서구,35,67
201803,대전광역시,서구,36,67
201803,대전광역시,서구,37,66
201803,대전광역시,서구,38,88
201803,대전광역시,서구,39,64
201803,대전광역시,서구,40,75
201803,대전광역시,서구,41,114
201803,대전광역시,서구,42,103
201803,대전광역시,서구,43,130
201803,대전광역시,서구,44,188
201803,대전광역시,서구,45,185
201803,대전광역시,서구,46,178
201803,대전광역시,서구,47,213
201803,대전광역시,서구,48,235
201803,대전광역시,서구,49,292
201803,대전광역시,서구,50,223
201803,대전광역시,서구,51,236
201803,대전광역시,서구,52,202
201803,대전광역시,서구,53,197
201803,대전광역시,서구,54,175
201803,대전광역시,서구,55,216
201803,대전광역시,서구,56,248
201803,대전광역시,서구,57,229
201803,대전광역시,서구,58,218
201803,대전광역시,서구,59,213
201803,대전광역시,서구,60,203
201803,대전광역시,서구,61,184
201803,대전광역시,서구,62,165
201803,대전광역시,서구,63,176
201803,대전광역시,서구,64,143
201803,대전광역시,서구,65,177
201803,대전광역시,서구,66,126
201803,대전광역시,서구,67,153
201803,대전광역시,서구,68,154
201803,대전광역시,서구,69,144
201803,대전광역시,서구,70,134
201803,대전광역시,서구,71,156
201803,대전광역시,서구,72,121
201803,대전광역시,서구,73,129
201803,대전광역시,서구,74,135
201803,대전광역시,서구,75,164
201803,대전광역시,서구,76,153
201803,대전광역시,서구,77,110
201803,대전광역시,서구,78,133
201803,대전광역시,서구,79,129
201803,대전광역시,서구,80,98
201803,대전광역시,서구,81,102
201803,대전광역시,서구,82,89
201803,대전광역시,서구,83,91
201803,대전광역시,서구,84,72
201803,대전광역시,서구,85,64
201803,대전광역시,서구,86,38
201803,대전광역시,서구,87,34
201803,대전광역시,서구,88,26
201803,대전광역시,서구,89,36
201803,대전광역시,서구,90,32
201803,대전광역시,서구,91,18
201803,대전광역시,서구,92,13
201803,대전광역시,서구,93,10
201803,대전광역시,서구,94,9
201803,대전광역시,서구,95,10
201803,대전광역시,서구,96,5
201803,대전광역시,서구,97,1
201803,대전광역시,서구,99,1
201803,대전광역시,서구,100,1
201803,대전광역시,유성구,0,9
201803,대전광역시,유성구,1,18
201803,대전광역시,유성구,2,26
201803,대전광역시,유성구,3,29
201803,대전광역시,유성구,4,24
201803,대전광역시,유성구,5,24
201803,대전광역시,유성구,6,38
201803,대전광역시,유성구,7,56
201803,대전광역시,유성구,8,65
201803,대전광역시,유성구,9,80
201803,대전광역시,유성구,10,77
201803,대전광역시,유성구,11,83
201803,대전광역시,유성구,12,86
201803,대전광역시,유성구,13,105
201803,대전광역시,유성구,14,112
201803,대전광역시,유성구,15,99
201803,대전광역시,유성구,16,129
201803,대전광역시,유성구,17,172
201803,대전광역시,유성구,18,124
201803,대전광역시,유성구,19,99
201803,대전광역시,유성구,20,87
201803,대전광역시,유성구,21,95
201803,대전광역시,유성구,22,65
201803,대전광역시,유성구,23,56
201803,대전광역시,유성구,24,44
201803,대전광역시,유성구,25,35
201803,대전광역시,유성구,26,21
201803,대전광역시,유성구,27,18
201803,대전광역시,유성구,28,15
201803,대전광역시,유성구,29,8
201803,대전광역시,유성구,30,17
201803,대전광역시,유성구,31,16
201803,대전광역시,유성구,32,16
201803,대전광역시,유성구,33,26
201803,대전광역시,유성구,34,19
201803,대전광역시,유성구,35,23
201803,대전광역시,유성구,36,21
201803,대전광역시,유성구,37,47
201803,대전광역시,유성구,38,30
201803,대전광역시,유성구,39,33
201803,대전광역시,유성구,40,37
201803,대전광역시,유성구,41,58
201803,대전광역시,유성구,42,54
201803,대전광역시,유성구,43,70
201803,대전광역시,유성구,44,67
201803,대전광역시,유성구,45,88
201803,대전광역시,유성구,46,76
201803,대전광역시,유성구,47,92
201803,대전광역시,유성구,48,101
201803,대전광역시,유성구,49,99
201803,대전광역시,유성구,50,74
201803,대전광역시,유성구,51,84
201803,대전광역시,유성구,52,76
201803,대전광역시,유성구,53,85
201803,대전광역시,유성구,54,60
201803,대전광역시,유성구,55,87
201803,대전광역시,유성구,56,87
201803,대전광역시,유성구,57,105
201803,대전광역시,유성구,58,97
201803,대전광역시,유성구,59,80
201803,대전광역시,유성구,60,76
201803,대전광역시,유성구,61,95
201803,대전광역시,유성구,62,75
201803,대전광역시,유성구,63,79
201803,대전광역시,유성구,64,55
201803,대전광역시,유성구,65,57
201803,대전광역시,유성구,66,63
201803,대전광역시,유성구,67,70
201803,대전광역시,유성구,68,51
201803,대전광역시,유성구,69,68
201803,대전광역시,유성구,70,66
201803,대전광역시,유성구,71,52
201803,대전광역시,유성구,72,43
201803,대전광역시,유성구,73,48
201803,대전광역시,유성구,74,54
201803,대전광역시,유성구,75,64
201803,대전광역시,유성구,76,56
201803,대전광역시,유성구,77,47
201803,대전광역시,유성구,78,42
201803,대전광역시,유성구,79,47
201803,대전광역시,유성구,80,54
201803,대전광역시,유성구,81,32
201803,대전광역시,유성구,82,32
201803,대전광역시,유성구,83,36
201803,대전광역시,유성구,84,24
201803,대전광역시,유성구,85,19
201803,대전광역시,유성구,86,18
201803,대전광역시,유성구,87,15
201803,대전광역시,유성구,88,13
201803,대전광역시,유성구,89,14
201803,대전광역시,유성구,90,4
201803,대전광역시,유성구,91,7
201803,대전광역시,유성구,92,4
201803,대전광역시,유성구,93,5
201803,대전광역시,유성구,94,8
201803,대전광역시,유성구,95,4
201803,대전광역시,유성구,96,2
201803,대전광역시,유성구,97,3
201803,대전광역시,유성구,117,1
201803,대전광역시,대덕구,0,13
201803,대전광역시,대덕구,1,28
201803,대전광역시,대덕구,2,22
201803,대전광역시,대덕구,3,25
201803,대전광역시,대덕구,4,28
201803,대전광역시,대덕구,5,41
201803,대전광역시,대덕구,6,40
201803,대전광역시,대덕구,7,97
201803,대전광역시,대덕구,8,118
201803,대전광역시,대덕구,9,134
201803,대전광역시,대덕구,10,142
201803,대전광역시,대덕구,11,137
201803,대전광역시,대덕구,12,165
201803,대전광역시,대덕구,13,153
201803,대전광역시,대덕구,14,181
201803,대전광역시,대덕구,15,178
201803,대전광역시,대덕구,16,244
201803,대전광역시,대덕구,17,264
201803,대전광역시,대덕구,18,169
201803,대전광역시,대덕구,19,119
201803,대전광역시,대덕구,20,99
201803,대전광역시,대덕구,21,82
201803,대전광역시,대덕구,22,89
201803,대전광역시,대덕구,23,74
201803,대전광역시,대덕구,24,50
201803,대전광역시,대덕구,25,38
201803,대전광역시,대덕구,26,24
201803,대전광역시,대덕구,27,26
201803,대전광역시,대덕구,28,14
201803,대전광역시,대덕구,29,14
201803,대전광역시,대덕구,30,19
201803,대전광역시,대덕구,31,13
201803,대전광역시,대덕구,32,13
201803,대전광역시,대덕구,33,23
201803,대전광역시,대덕구,34,30
201803,대전광역시,대덕구,35,41
201803,대전광역시,대덕구,36,42
201803,대전광역시,대덕구,37,56
201803,대전광역시,대덕구,38,58
201803,대전광역시,대덕구,39,52
201803,대전광역시,대덕구,40,60
201803,대전광역시,대덕구,41,67
201803,대전광역시,대덕구,42,75
201803,대전광역시,대덕구,43,75
201803,대전광역시,대덕구,44,102
201803,대전광역시,대덕구,45,78
201803,대전광역시,대덕구,46,123
201803,대전광역시,대덕구,47,126
201803,대전광역시,대덕구,48,121
201803,대전광역시,대덕구,49,129
201803,대전광역시,대덕구,50,119
201803,대전광역시,대덕구,51,117
201803,대전광역시,대덕구,52,98
201803,대전광역시,대덕구,53,121
201803,대전광역시,대덕구,54,78
201803,대전광역시,대덕구,55,136
201803,대전광역시,대덕구,56,120
201803,대전광역시,대덕구,57,150
201803,대전광역시,대덕구,58,136
201803,대전광역시,대덕구,59,133
201803,대전광역시,대덕구,60,114
201803,대전광역시,대덕구,61,125
201803,대전광역시,대덕구,62,118
201803,대전광역시,대덕구,63,113
201803,대전광역시,대덕구,64,91
201803,대전광역시,대덕구,65,110
201803,대전광역시,대덕구,66,93
201803,대전광역시,대덕구,67,82
201803,대전광역시,대덕구,68,80
201803,대전광역시,대덕구,69,101
201803,대전광역시,대덕구,70,99
201803,대전광역시,대덕구,71,96
201803,대전광역시,대덕구,72,59
201803,대전광역시,대덕구,73,98
201803,대전광역시,대덕구,74,79
201803,대전광역시,대덕구,75,116
201803,대전광역시,대덕구,76,97
201803,대전광역시,대덕구,77,85
201803,대전광역시,대덕구,78,80
201803,대전광역시,대덕구,79,77
201803,대전광역시,대덕구,80,62
201803,대전광역시,대덕구,81,75
201803,대전광역시,대덕구,82,61
201803,대전광역시,대덕구,83,60
201803,대전광역시,대덕구,84,50
201803,대전광역시,대덕구,85,46
201803,대전광역시,대덕구,86,31
201803,대전광역시,대덕구,87,30
201803,대전광역시,대덕구,88,30
201803,대전광역시,대덕구,89,22
201803,대전광역시,대덕구,90,19
201803,대전광역시,대덕구,91,16
201803,대전광역시,대덕구,92,8
201803,대전광역시,대덕구,93,7
201803,대전광역시,대덕구,94,9
201803,대전광역시,대덕구,95,7
201803,대전광역시,대덕구,96,5
201803,대전광역시,대덕구,97,1
201803,대전광역시,대덕구,99,2
201803,대전광역시,대덕구,101,1
201803,대전광역시,대덕구,103,1
201803,울산광역시,중구,0,9
201803,울산광역시,중구,1,8
201803,울산광역시,중구,2,8
201803,울산광역시,중구,3,9
201803,울산광역시,중구,4,15
201803,울산광역시,중구,5,17
201803,울산광역시,중구,6,25
201803,울산광역시,중구,7,28
201803,울산광역시,중구,8,35
201803,울산광역시,중구,9,37
201803,울산광역시,중구,10,55
201803,울산광역시,중구,11,57
201803,울산광역시,중구,12,56
201803,울산광역시,중구,13,68
201803,울산광역시,중구,14,68
201803,울산광역시,중구,15,73
201803,울산광역시,중구,16,95
201803,울산광역시,중구,17,101
201803,울산광역시,중구,18,101
201803,울산광역시,중구,19,67
201803,울산광역시,중구,20,52
201803,울산광역시,중구,21,34
201803,울산광역시,중구,22,40
201803,울산광역시,중구,23,31
201803,울산광역시,중구,24,18
201803,울산광역시,중구,25,16
201803,울산광역시,중구,26,11
201803,울산광역시,중구,27,4
201803,울산광역시,중구,28,6
201803,울산광역시,중구,29,7
201803,울산광역시,중구,30,12
201803,울산광역시,중구,31,6
201803,울산광역시,중구,32,18
201803,울산광역시,중구,33,13
201803,울산광역시,중구,34,13
201803,울산광역시,중구,35,20
201803,울산광역시,중구,36,15
201803,울산광역시,중구,37,24
201803,울산광역시,중구,38,27
201803,울산광역시,중구,39,35
201803,울산광역시,중구,40,36
201803,울산광역시,중구,41,18
201803,울산광역시,중구,42,36
201803,울산광역시,중구,43,55
201803,울산광역시,중구,44,51
201803,울산광역시,중구,45,62
201803,울산광역시,중구,46,69
201803,울산광역시,중구,47,66
201803,울산광역시,중구,48,65
201803,울산광역시,중구,49,82
201803,울산광역시,중구,50,60
201803,울산광역시,중구,51,66
201803,울산광역시,중구,52,71
201803,울산광역시,중구,53,69
201803,울산광역시,중구,54,67
201803,울산광역시,중구,55,83
201803,울산광역시,중구,56,93
201803,울산광역시,중구,57,100
201803,울산광역시,중구,58,78
201803,울산광역시,중구,59,103
201803,울산광역시,중구,60,85
201803,울산광역시,중구,61,75
201803,울산광역시,중구,62,83
201803,울산광역시,중구,63,85
201803,울산광역시,중구,64,87
201803,울산광역시,중구,65,94
201803,울산광역시,중구,66,83
201803,울산광역시,중구,67,71
201803,울산광역시,중구,68,80
201803,울산광역시,중구,69,81
201803,울산광역시,중구,70,89
201803,울산광역시,중구,71,66
201803,울산광역시,중구,72,41
201803,울산광역시,중구,73,88
201803,울산광역시,중구,74,75
201803,울산광역시,중구,75,97
201803,울산광역시,중구,76,77
201803,울산광역시,중구,77,47
201803,울산광역시,중구,78,70
201803,울산광역시,중구,79,54
201803,울산광역시,중구,80,55
201803,울산광역시,중구,81,40
201803,울산광역시,중구,82,35
201803,울산광역시,중구,83,34
201803,울산광역시,중구,84,36
201803,울산광역시,중구,85,34
201803,울산광역시,중구,86,23
201803,울산광역시,중구,87,15
201803,울산광역시,중구,88,18
201803,울산광역시,중구,89,16
201803,울산광역시,중구,90,8
201803,울산광역시,중구,91,5
201803,울산광역시,중구,92,3
201803,울산광역시,중구,93,2
201803,울산광역시,중구,94,6
201803,울산광역시,중구,95,6
201803,울산광역시,중구,97,4
201803,울산광역시,중구,99,2
201803,울산광역시,중구,110,1
201803,울산광역시,남구,0,9
201803,울산광역시,남구,1,12
201803,울산광역시,남구,2,19
201803,울산광역시,남구,3,10
201803,울산광역시,남구,4,19
201803,울산광역시,남구,5,12
201803,울산광역시,남구,6,22
201803,울산광역시,남구,7,21
201803,울산광역시,남구,8,32
201803,울산광역시,남구,9,43
201803,울산광역시,남구,10,55
201803,울산광역시,남구,11,59
201803,울산광역시,남구,12,58
201803,울산광역시,남구,13,45
201803,울산광역시,남구,14,67
201803,울산광역시,남구,15,68
201803,울산광역시,남구,16,73
201803,울산광역시,남구,17,114
201803,울산광역시,남구,18,82
201803,울산광역시,남구,19,71
201803,울산광역시,남구,20,38
201803,울산광역시,남구,21,39
201803,울산광역시,남구,22,41
201803,울산광역시,남구,23,42
201803,울산광역시,남구,24,32
201803,울산광역시,남구,25,15
201803,울산광역시,남구,26,18
201803,울산광역시,남구,27,18
201803,울산광역시,남구,28,12
201803,울산광역시,남구,29,10
201803,울산광역시,남구,30,9
201803,울산광역시,남구,31,9
201803,울산광역시,남구,32,19
201803,울산광역시,남구,33,14
201803,울산광역시,남구,34,17
201803,울산광역시,남구,35,25
201803,울산광역시,남구,36,23
201803,울산광역시,남구,37,35
201803,울산광역시,남구,38,29
201803,울산광역시,남구,39,32
201803,울산광역시,남구,40,30
201803,울산광역시,남구,41,42
201803,울산광역시,남구,42,44
201803,울산광역시,남구,43,62
201803,울산광역시,남구,44,55
201803,울산광역시,남구,45,66
201803,울산광역시,남구,46,69
201803,울산광역시,남구,47,87
201803,울산광역시,남구,48,84
201803,울산광역시,남구,49,76
201803,울산광역시,남구,50,78
201803,울산광역시,남구,51,90
201803,울산광역시,남구,52,86
201803,울산광역시,남구,53,64
201803,울산광역시,남구,54,90
201803,울산광역시,남구,55,104
201803,울산광역시,남구,56,98
201803,울산광역시,남구,57,118
201803,울산광역시,남구,58,113
201803,울산광역시,남구,59,89
201803,울산광역시,남구,60,118
201803,울산광역시,남구,61,115
201803,울산광역시,남구,62,99
201803,울산광역시,남구,63,86
201803,울산광역시,남구,64,75
201803,울산광역시,남구,65,106
201803,울산광역시,남구,66,84
201803,울산광역시,남구,67,99
201803,울산광역시,남구,68,57
201803,울산광역시,남구,69,96
201803,울산광역시,남구,70,70
201803,울산광역시,남구,71,72
201803,울산광역시,남구,72,61
201803,울산광역시,남구,73,60
201803,울산광역시,남구,74,51
201803,울산광역시,남구,75,70
201803,울산광역시,남구,76,102
201803,울산광역시,남구,77,70
201803,울산광역시,남구,78,73
201803,울산광역시,남구,79,57
201803,울산광역시,남구,80,50
201803,울산광역시,남구,81,52
201803,울산광역시,남구,82,52
201803,울산광역시,남구,83,47
201803,울산광역시,남구,84,42
201803,울산광역시,남구,85,28
201803,울산광역시,남구,86,26
201803,울산광역시,남구,87,27
201803,울산광역시,남구,88,13
201803,울산광역시,남구,89,13
201803,울산광역시,남구,90,13
201803,울산광역시,남구,91,10
201803,울산광역시,남구,92,7
201803,울산광역시,남구,93,9
201803,울산광역시,남구,94,3
201803,울산광역시,남구,95,4
201803,울산광역시,남구,96,2
201803,울산광역시,남구,98,1
201803,울산광역시,동구,0,11
201803,울산광역시,동구,1,7
201803,울산광역시,동구,2,10
201803,울산광역시,동구,3,14
201803,울산광역시,동구,4,6
201803,울산광역시,동구,5,10
201803,울산광역시,동구,6,11
201803,울산광역시,동구,7,28
201803,울산광역시,동구,8,14
201803,울산광역시,동구,9,28
201803,울산광역시,동구,10,31
201803,울산광역시,동구,11,23
201803,울산광역시,동구,12,24
201803,울산광역시,동구,13,31
201803,울산광역시,동구,14,23
201803,울산광역시,동구,15,33
201803,울산광역시,동구,16,39
201803,울산광역시,동구,17,64
201803,울산광역시,동구,18,45
201803,울산광역시,동구,19,27
201803,울산광역시,동구,20,26
201803,울산광역시,동구,21,23
201803,울산광역시,동구,22,14
201803,울산광역시,동구,23,13
201803,울산광역시,동구,24,8
201803,울산광역시,동구,25,9
201803,울산광역시,동구,26,4
201803,울산광역시,동구,27,3
201803,울산광역시,동구,28,2
201803,울산광역시,동구,29,5
201803,울산광역시,동구,30,5
201803,울산광역시,동구,31,4
201803,울산광역시,동구,32,8
201803,울산광역시,동구,33,10
201803,울산광역시,동구,34,11
201803,울산광역시,동구,35,12
201803,울산광역시,동구,36,14
201803,울산광역시,동구,37,10
201803,울산광역시,동구,38,17
201803,울산광역시,동구,39,17
201803,울산광역시,동구,40,16
201803,울산광역시,동구,41,24
201803,울산광역시,동구,42,21
201803,울산광역시,동구,43,29
201803,울산광역시,동구,44,24
201803,울산광역시,동구,45,27
201803,울산광역시,동구,46,28
201803,울산광역시,동구,47,40
201803,울산광역시,동구,48,34
201803,울산광역시,동구,49,40
201803,울산광역시,동구,50,29
201803,울산광역시,동구,51,31
201803,울산광역시,동구,52,43
201803,울산광역시,동구,53,49
201803,울산광역시,동구,54,42
201803,울산광역시,동구,55,45
201803,울산광역시,동구,56,42
201803,울산광역시,동구,57,43
201803,울산광역시,동구,58,49
201803,울산광역시,동구,59,54
201803,울산광역시,동구,60,46
201803,울산광역시,동구,61,40
201803,울산광역시,동구,62,39
201803,울산광역시,동구,63,44
201803,울산광역시,동구,64,30
201803,울산광역시,동구,65,42
201803,울산광역시,동구,66,37
201803,울산광역시,동구,67,34
201803,울산광역시,동구,68,44
201803,울산광역시,동구,69,34
201803,울산광역시,동구,70,39
201803,울산광역시,동구,71,45
201803,울산광역시,동구,72,15
201803,울산광역시,동구,73,25
201803,울산광역시,동구,74,35
201803,울산광역시,동구,75,45
201803,울산광역시,동구,76,29
201803,울산광역시,동구,77,32
201803,울산광역시,동구,78,44
201803,울산광역시,동구,79,24
201803,울산광역시,동구,80,32
201803,울산광역시,동구,81,22
201803,울산광역시,동구,82,20
201803,울산광역시,동구,83,15
201803,울산광역시,동구,84,12
201803,울산광역시,동구,85,15
201803,울산광역시,동구,86,9
201803,울산광역시,동구,87,12
201803,울산광역시,동구,88,9
201803,울산광역시,동구,89,9
201803,울산광역시,동구,90,3
201803,울산광역시,동구,91,4
201803,울산광역시,동구,92,6
201803,울산광역시,동구,93,2
201803,울산광역시,동구,94,3
201803,울산광역시,동구,95,2
201803,울산광역시,동구,96,4
201803,울산광역시,동구,97,1
201803,울산광역시,동구,100,1
201803,울산광역시,동구,101,1
201803,울산광역시,북구,0,4
201803,울산광역시,북구,1,5
201803,울산광역시,북구,2,17
201803,울산광역시,북구,3,18
201803,울산광역시,북구,4,20
201803,울산광역시,북구,5,21
201803,울산광역시,북구,6,19
201803,울산광역시,북구,7,36
201803,울산광역시,북구,8,39
201803,울산광역시,북구,9,38
201803,울산광역시,북구,10,36
201803,울산광역시,북구,11,53
201803,울산광역시,북구,12,47
201803,울산광역시,북구,13,54
201803,울산광역시,북구,14,59
201803,울산광역시,북구,15,66
201803,울산광역시,북구,16,63
201803,울산광역시,북구,17,69
201803,울산광역시,북구,18,60
201803,울산광역시,북구,19,47
201803,울산광역시,북구,20,21
201803,울산광역시,북구,21,23
201803,울산광역시,북구,22,31
201803,울산광역시,북구,23,15
201803,울산광역시,북구,24,12
201803,울산광역시,북구,25,12
201803,울산광역시,북구,26,5
201803,울산광역시,북구,27,6
201803,울산광역시,북구,28,5
201803,울산광역시,북구,29,8
201803,울산광역시,북구,30,3
201803,울산광역시,북구,31,7
201803,울산광역시,북구,32,7
201803,울산광역시,북구,33,10
201803,울산광역시,북구,34,11
201803,울산광역시,북구,35,19
201803,울산광역시,북구,36,21
201803,울산광역시,북구,37,20
201803,울산광역시,북구,38,13
201803,울산광역시,북구,39,17
201803,울산광역시,북구,40,28
201803,울산광역시,북구,41,16
201803,울산광역시,북구,42,21
201803,울산광역시,북구,43,37
201803,울산광역시,북구,44,30
201803,울산광역시,북구,45,40
201803,울산광역시,북구,46,43
201803,울산광역시,북구,47,40
201803,울산광역시,북구,48,38
201803,울산광역시,북구,49,44
201803,울산광역시,북구,50,45
201803,울산광역시,북구,51,39
201803,울산광역시,북구,52,35
201803,울산광역시,북구,53,25
201803,울산광역시,북구,54,34
201803,울산광역시,북구,55,26
201803,울산광역시,북구,56,30
201803,울산광역시,북구,57,42
201803,울산광역시,북구,58,40
201803,울산광역시,북구,59,33
201803,울산광역시,북구,60,34
201803,울산광역시,북구,61,31
201803,울산광역시,북구,62,42
201803,울산광역시,북구,63,43
201803,울산광역시,북구,64,20
201803,울산광역시,북구,65,24
201803,울산광역시,북구,66,33
201803,울산광역시,북구,67,31
201803,울산광역시,북구,68,30
201803,울산광역시,북구,69,36
201803,울산광역시,북구,70,26
201803,울산광역시,북구,71,38
201803,울산광역시,북구,72,21
201803,울산광역시,북구,73,34
201803,울산광역시,북구,74,24
201803,울산광역시,북구,75,47
201803,울산광역시,북구,76,37
201803,울산광역시,북구,77,30
201803,울산광역시,북구,78,20
201803,울산광역시,북구,79,27
201803,울산광역시,북구,80,19
201803,울산광역시,북구,81,14
201803,울산광역시,북구,82,15
201803,울산광역시,북구,83,12
201803,울산광역시,북구,84,13
201803,울산광역시,북구,85,13
201803,울산광역시,북구,86,8
201803,울산광역시,북구,87,11
201803,울산광역시,북구,88,5
201803,울산광역시,북구,89,5
201803,울산광역시,북구,90,5
201803,울산광역시,북구,91,3
201803,울산광역시,북구,92,5
201803,울산광역시,북구,93,3
201803,울산광역시,북구,94,3
201803,울산광역시,북구,95,2
201803,울산광역시,북구,96,1
201803,울산광역시,북구,97,1
201803,울산광역시,울주군,0,4
201803,울산광역시,울주군,1,9
201803,울산광역시,울주군,2,5
201803,울산광역시,울주군,3,9
201803,울산광역시,울주군,4,10
201803,울산광역시,울주군,5,12
201803,울산광역시,울주군,6,7
201803,울산광역시,울주군,7,24
201803,울산광역시,울주군,8,32
201803,울산광역시,울주군,9,29
201803,울산광역시,울주군,10,49
201803,울산광역시,울주군,11,38
201803,울산광역시,울주군,12,40
201803,울산광역시,울주군,13,51
201803,울산광역시,울주군,14,55
201803,울산광역시,울주군,15,51
201803,울산광역시,울주군,16,63
201803,울산광역시,울주군,17,91
201803,울산광역시,울주군,18,59
201803,울산광역시,울주군,19,51
201803,울산광역시,울주군,20,36
201803,울산광역시,울주군,21,25
201803,울산광역시,울주군,22,23
201803,울산광역시,울주군,23,21
201803,울산광역시,울주군,24,13
201803,울산광역시,울주군,25,9
201803,울산광역시,울주군,26,10
201803,울산광역시,울주군,27,4
201803,울산광역시,울주군,28,6
201803,울산광역시,울주군,29,8
201803,울산광역시,울주군,30,6
201803,울산광역시,울주군,31,8
201803,울산광역시,울주군,32,5
201803,울산광역시,울주군,33,4
201803,울산광역시,울주군,34,13
201803,울산광역시,울주군,35,15
201803,울산광역시,울주군,36,17
201803,울산광역시,울주군,37,15
201803,울산광역시,울주군,38,12
201803,울산광역시,울주군,39,17
201803,울산광역시,울주군,40,22
201803,울산광역시,울주군,41,30
201803,울산광역시,울주군,42,34
201803,울산광역시,울주군,43,32
201803,울산광역시,울주군,44,47
201803,울산광역시,울주군,45,50
201803,울산광역시,울주군,46,46
201803,울산광역시,울주군,47,49
201803,울산광역시,울주군,48,46
201803,울산광역시,울주군,49,55
201803,울산광역시,울주군,50,66
201803,울산광역시,울주군,51,67
201803,울산광역시,울주군,52,61
201803,울산광역시,울주군,53,75
201803,울산광역시,울주군,54,49
201803,울산광역시,울주군,55,61
201803,울산광역시,울주군,56,67
201803,울산광역시,울주군,57,60
201803,울산광역시,울주군,58,69
201803,울산광역시,울주군,59,72
201803,울산광역시,울주군,60,55
201803,울산광역시,울주군,61,65
201803,울산광역시,울주군,62,60
201803,울산광역시,울주군,63,62
201803,울산광역시,울주군,64,54
201803,울산광역시,울주군,65,65
201803,울산광역시,울주군,66,44
201803,울산광역시,울주군,67,58
201803,울산광역시,울주군,68,50
201803,울산광역시,울주군,69,46
201803,울산광역시,울주군,70,53
201803,울산광역시,울주군,71,54
201803,울산광역시,울주군,72,43
201803,울산광역시,울주군,73,50
201803,울산광역시,울주군,74,55
201803,울산광역시,울주군,75,70
201803,울산광역시,울주군,76,60
201803,울산광역시,울주군,77,40
201803,울산광역시,울주군,78,60
201803,울산광역시,울주군,79,56
201803,울산광역시,울주군,80,44
201803,울산광역시,울주군,81,44
201803,울산광역시,울주군,82,42
201803,울산광역시,울주군,83,38
201803,울산광역시,울주군,84,30
201803,울산광역시,울주군,85,30
201803,울산광역시,울주군,86,31
201803,울산광역시,울주군,87,16
201803,울산광역시,울주군,88,18
201803,울산광역시,울주군,89,10
201803,울산광역시,울주군,90,9
201803,울산광역시,울주군,91,7
201803,울산광역시,울주군,92,9
201803,울산광역시,울주군,93,4
201803,울산광역시,울주군,94,4
201803,울산광역시,울주군,95,1
201803,울산광역시,울주군,96,1
201803,울산광역시,울주군,97,1
201803,울산광역시,울주군,98,2
201803,울산광역시,울주군,102,1
201803,세종특별자치시,세종특별자치시,0,3
201803,세종특별자치시,세종특별자치시,1,10
201803,세종특별자치시,세종특별자치시,2,14
201803,세종특별자치시,세종특별자치시,3,12
201803,세종특별자치시,세종특별자치시,4,11
201803,세종특별자치시,세종특별자치시,5,11
201803,세종특별자치시,세종특별자치시,6,26
201803,세종특별자치시,세종특별자치시,7,46
201803,세종특별자치시,세종특별자치시,8,57
201803,세종특별자치시,세종특별자치시,9,61
201803,세종특별자치시,세종특별자치시,10,83
201803,세종특별자치시,세종특별자치시,11,79
201803,세종특별자치시,세종특별자치시,12,82
201803,세종특별자치시,세종특별자치시,13,83
201803,세종특별자치시,세종특별자치시,14,73
201803,세종특별자치시,세종특별자치시,15,91
201803,세종특별자치시,세종특별자치시,16,98
201803,세종특별자치시,세종특별자치시,17,111
201803,세종특별자치시,세종특별자치시,18,80
201803,세종특별자치시,세종특별자치시,19,59
201803,세종특별자치시,세종특별자치시,20,50
201803,세종특별자치시,세종특별자치시,21,33
201803,세종특별자치시,세종특별자치시,22,30
201803,세종특별자치시,세종특별자치시,23,29
201803,세종특별자치시,세종특별자치시,24,15
201803,세종특별자치시,세종특별자치시,25,5
201803,세종특별자치시,세종특별자치시,26,12
201803,세종특별자치시,세종특별자치시,27,4
201803,세종특별자치시,세종특별자치시,28,8
201803,세종특별자치시,세종특별자치시,29,4
201803,세종특별자치시,세종특별자치시,30,5
201803,세종특별자치시,세종특별자치시,31,11
201803,세종특별자치시,세종특별자치시,32,11
201803,세종특별자치시,세종특별자치시,33,16
201803,세종특별자치시,세종특별자치시,34,17
201803,세종특별자치시,세종특별자치시,35,22
201803,세종특별자치시,세종특별자치시,36,15
201803,세종특별자치시,세종특별자치시,37,25
201803,세종특별자치시,세종특별자치시,38,18
201803,세종특별자치시,세종특별자치시,39,25
201803,세종특별자치시,세종특별자치시,40,26
201803,세종특별자치시,세종특별자치시,41,28
201803,세종특별자치시,세종특별자치시,42,30
201803,세종특별자치시,세종특별자치시,43,25
201803,세종특별자치시,세종특별자치시,44,44
201803,세종특별자치시,세종특별자치시,45,46
201803,세종특별자치시,세종특별자치시,46,42
201803,세종특별자치시,세종특별자치시,47,56
201803,세종특별자치시,세종특별자치시,48,57
201803,세종특별자치시,세종특별자치시,49,53
201803,세종특별자치시,세종특별자치시,50,49
201803,세종특별자치시,세종특별자치시,51,49
201803,세종특별자치시,세종특별자치시,52,39
201803,세종특별자치시,세종특별자치시,53,47
201803,세종특별자치시,세종특별자치시,54,46
201803,세종특별자치시,세종특별자치시,55,56
201803,세종특별자치시,세종특별자치시,56,57
201803,세종특별자치시,세종특별자치시,57,41
201803,세종특별자치시,세종특별자치시,58,73
201803,세종특별자치시,세종특별자치시,59,59
201803,세종특별자치시,세종특별자치시,60,56
201803,세종특별자치시,세종특별자치시,61,50
201803,세종특별자치시,세종특별자치시,62,61
201803,세종특별자치시,세종특별자치시,63,52
201803,세종특별자치시,세종특별자치시,64,50
201803,세종특별자치시,세종특별자치시,65,43
201803,세종특별자치시,세종특별자치시,66,46
201803,세종특별자치시,세종특별자치시,67,51
201803,세종특별자치시,세종특별자치시,68,47
201803,세종특별자치시,세종특별자치시,69,44
201803,세종특별자치시,세종특별자치시,70,53
201803,세종특별자치시,세종특별자치시,71,38
201803,세종특별자치시,세종특별자치시,72,44
201803,세종특별자치시,세종특별자치시,73,49
201803,세종특별자치시,세종특별자치시,74,51
201803,세종특별자치시,세종특별자치시,75,59
201803,세종특별자치시,세종특별자치시,76,57
201803,세종특별자치시,세종특별자치시,77,61
201803,세종특별자치시,세종특별자치시,78,57
201803,세종특별자치시,세종특별자치시,79,64
201803,세종특별자치시,세종특별자치시,80,53
201803,세종특별자치시,세종특별자치시,81,36
201803,세종특별자치시,세종특별자치시,82,53
201803,세종특별자치시,세종특별자치시,83,36
201803,세종특별자치시,세종특별자치시,84,35
201803,세종특별자치시,세종특별자치시,85,34
201803,세종특별자치시,세종특별자치시,86,26
201803,세종특별자치시,세종특별자치시,87,35
201803,세종특별자치시,세종특별자치시,88,21
201803,세종특별자치시,세종특별자치시,89,21
201803,세종특별자치시,세종특별자치시,90,13
201803,세종특별자치시,세종특별자치시,91,9
201803,세종특별자치시,세종특별자치시,92,7
201803,세종특별자치시,세종특별자치시,93,3
201803,세종특별자치시,세종특별자치시,94,8
201803,세종특별자치시,세종특별자치시,95,4
201803,세종특별자치시,세종특별자치시,97,2
201803,세종특별자치시,세종특별자치시,101,1
201803,경기도,수원시,0,19
201803,경기도,수원시,1,41
201803,경기도,수원시,2,48
201803,경기도,수원시,3,58
201803,경기도,수원시,4,50
201803,경기도,수원시,5,66
201803,경기도,수원시,6,68
201803,경기도,수원시,7,165
201803,경기도,수원시,8,194
201803,경기도,수원시,9,255
201803,경기도,수원시,10,278
201803,경기도,수원시,11,263
201803,경기도,수원시,12,261
201803,경기도,수원시,13,320
201803,경기도,수원시,14,330
201803,경기도,수원시,15,392
201803,경기도,수원시,16,481
201803,경기도,수원시,17,553
201803,경기도,수원시,18,419
201803,경기도,수원시,19,256
201803,경기도,수원시,20,192
201803,경기도,수원시,21,140
201803,경기도,수원시,22,139
201803,경기도,수원시,23,121
201803,경기도,수원시,24,97
201803,경기도,수원시,25,72
201803,경기도,수원시,26,58
201803,경기도,수원시,27,35
201803,경기도,수원시,28,26
201803,경기도,수원시,29,36
201803,경기도,수원시,30,35
201803,경기도,수원시,31,45
201803,경기도,수원시,32,45
201803,경기도,수원시,33,50
201803,경기도,수원시,34,51
201803,경기도,수원시,35,86
201803,경기도,수원시,36,77
201803,경기도,수원시,37,99
201803,경기도,수원시,38,124
201803,경기도,수원시,39,84
201803,경기도,수원시,40,119
201803,경기도,수원시,41,114
201803,경기도,수원시,42,139
201803,경기도,수원시,43,172
201803,경기도,수원시,44,203
201803,경기도,수원시,45,193
201803,경기도,수원시,46,233
201803,경기도,수원시,47,227
201803,경기도,수원시,48,254
201803,경기도,수원시,49,267
201803,경기도,수원시,50,258
201803,경기도,수원시,51,236
201803,경기도,수원시,52,257
201803,경기도,수원시,53,269
201803,경기도,수원시,54,265
201803,경기도,수원시,55,269
201803,경기도,수원시,56,292
201803,경기도,수원시,57,337
201803,경기도,수원시,58,313
201803,경기도,수원시,59,296
201803,경기도,수원시,60,256
201803,경기도,수원시,61,268
201803,경기도,수원시,62,264
201803,경기도,수원시,63,247
201803,경기도,수원시,64,246
201803,경기도,수원시,65,238
201803,경기도,수원시,66,244
201803,경기도,수원시,67,232
201803,경기도,수원시,68,258
201803,경기도,수원시,69,271
201803,경기도,수원시,70,293
201803,경기도,수원시,71,273
201803,경기도,수원시,72,199
201803,경기도,수원시,73,245
201803,경기도,수원시,74,272
201803,경기도,수원시,75,302
201803,경기도,수원시,76,262
201803,경기도,수원시,77,233
201803,경기도,수원시,78,235
201803,경기도,수원시,79,251
201803,경기도,수원시,80,206
201803,경기도,수원시,81,188
201803,경기도,수원시,82,192
201803,경기도,수원시,83,129
201803,경기도,수원시,84,127
201803,경기도,수원시,85,110
201803,경기도,수원시,86,98
201803,경기도,수원시,87,99
201803,경기도,수원시,88,62
201803,경기도,수원시,89,57
201803,경기도,수원시,90,45
201803,경기도,수원시,91,41
201803,경기도,수원시,92,15
201803,경기도,수원시,93,16
201803,경기도,수원시,94,10
201803,경기도,수원시,95,13
201803,경기도,수원시,96,9
201803,경기도,수원시,97,5
201803,경기도,수원시,98,4
201803,경기도,수원시,99,2
201803,경기도,수원시,101,2
201803,경기도,수원시,103,1
201803,경기도,성남시,0,16
201803,경기도,성남시,1,43
201803,경기도,성남시,2,53
201803,경기도,성남시,3,68
201803,경기도,성남시,4,77
201803,경기도,성남시,5,83
201803,경기도,성남시,6,99
201803,경기도,성남시,7,217
201803,경기도,성남시,8,239
201803,경기도,성남시,9,271
201803,경기도,성남시,10,349
201803,경기도,성남시,11,292
201803,경기도,성남시,12,313
201803,경기도,성남시,13,361
201803,경기도,성남시,14,416
201803,경기도,성남시,15,461
201803,경기도,성남시,16,533
201803,경기도,성남시,17,658
201803,경기도,성남시,18,541
201803,경기도,성남시,19,317
201803,경기도,성남시,20,244
201803,경기도,성남시,21,173
201803,경기도,성남시,22,172
201803,경기도,성남시,23,145
201803,경기도,성남시,24,140
201803,경기도,성남시,25,112
201803,경기도,성남시,26,97
201803,경기도,성남시,27,59
201803,경기도,성남시,28,45
201803,경기도,성남시,29,43
201803,경기도,성남시,30,40
201803,경기도,성남시,31,51
201803,경기도,성남시,32,43
201803,경기도,성남시,33,54
201803,경기도,성남시,34,63
201803,경기도,성남시,35,87
201803,경기도,성남시,36,99
201803,경기도,성남시,37,106
201803,경기도,성남시,38,111
201803,경기도,성남시,39,115
201803,경기도,성남시,40,102
201803,경기도,성남시,41,134
201803,경기도,성남시,42,142
201803,경기도,성남시,43,147
201803,경기도,성남시,44,215
201803,경기도,성남시,45,232
201803,경기도,성남시,46,247
201803,경기도,성남시,47,281
201803,경기도,성남시,48,318
201803,경기도,성남시,49,320
201803,경기도,성남시,50,314
201803,경기도,성남시,51,318
201803,경기도,성남시,52,318
201803,경기도,성남시,53,307
201803,경기도,성남시,54,296
201803,경기도,성남시,55,372
201803,경기도,성남시,56,339
201803,경기도,성남시,57,392
201803,경기도,성남시,58,361
201803,경기도,성남시,59,362
201803,경기도,성남시,60,353
201803,경기도,성남시,61,351
201803,경기도,성남시,62,303
201803,경기도,성남시,63,305
201803,경기도,성남시,64,254
201803,경기도,성남시,65,288
201803,경기도,성남시,66,240
201803,경기도,성남시,67,280
201803,경기도,성남시,68,288
201803,경기도,성남시,69,285
201803,경기도,성남시,70,297
201803,경기도,성남시,71,292
201803,경기도,성남시,72,258
201803,경기도,성남시,73,276
201803,경기도,성남시,74,280
201803,경기도,성남시,75,339
201803,경기도,성남시,76,309
201803,경기도,성남시,77,242
201803,경기도,성남시,78,287
201803,경기도,성남시,79,262
201803,경기도,성남시,80,222
201803,경기도,성남시,81,195
201803,경기도,성남시,82,183
201803,경기도,성남시,83,187
201803,경기도,성남시,84,154
201803,경기도,성남시,85,123
201803,경기도,성남시,86,95
201803,경기도,성남시,87,89
201803,경기도,성남시,88,92
201803,경기도,성남시,89,54
201803,경기도,성남시,90,64
201803,경기도,성남시,91,49
201803,경기도,성남시,92,35
201803,경기도,성남시,93,26
201803,경기도,성남시,94,20
201803,경기도,성남시,95,13
201803,경기도,성남시,96,12
201803,경기도,성남시,97,9
201803,경기도,성남시,98,3
201803,경기도,성남시,100,1
201803,경기도,성남시,101,1
201803,경기도,성남시,102,1
201803,경기도,성남시,105,2
201803,경기도,성남시,106,1
201803,경기도,의정부시,0,31
201803,경기도,의정부시,1,26
201803,경기도,의정부시,2,39
201803,경기도,의정부시,3,48
201803,경기도,의정부시,4,49
201803,경기도,의정부시,5,47
201803,경기도,의정부시,6,67
201803,경기도,의정부시,7,119
201803,경기도,의정부시,8,163
201803,경기도,의정부시,9,191
201803,경기도,의정부시,10,212
201803,경기도,의정부시,11,212
201803,경기도,의정부시,12,247
201803,경기도,의정부시,13,258
201803,경기도,의정부시,14,314
201803,경기도,의정부시,15,369
201803,경기도,의정부시,16,393
201803,경기도,의정부시,17,418
201803,경기도,의정부시,18,350
201803,경기도,의정부시,19,217
201803,경기도,의정부시,20,184
201803,경기도,의정부시,21,121
201803,경기도,의정부시,22,117
201803,경기도,의정부시,23,87
201803,경기도,의정부시,24,67
201803,경기도,의정부시,25,54
201803,경기도,의정부시,26,58
201803,경기도,의정부시,27,34
201803,경기도,의정부시,28,28
201803,경기도,의정부시,29,21
201803,경기도,의정부시,30,34
201803,경기도,의정부시,31,23
201803,경기도,의정부시,32,26
201803,경기도,의정부시,33,31
201803,경기도,의정부시,34,46
201803,경기도,의정부시,35,55
201803,경기도,의정부시,36,49
201803,경기도,의정부시,37,66
201803,경기도,의정부시,38,64
201803,경기도,의정부시,39,72
201803,경기도,의정부시,40,66
201803,경기도,의정부시,41,81
201803,경기도,의정부시,42,91
201803,경기도,의정부시,43,141
201803,경기도,의정부시,44,133
201803,경기도,의정부시,45,158
201803,경기도,의정부시,46,180
201803,경기도,의정부시,47,166
201803,경기도,의정부시,48,162
201803,경기도,의정부시,49,181
201803,경기도,의정부시,50,180
201803,경기도,의정부시,51,199
201803,경기도,의정부시,52,196
201803,경기도,의정부시,53,182
201803,경기도,의정부시,54,173
201803,경기도,의정부시,55,186
201803,경기도,의정부시,56,211
201803,경기도,의정부시,57,248
201803,경기도,의정부시,58,215
201803,경기도,의정부시,59,221
201803,경기도,의정부시,60,195
201803,경기도,의정부시,61,183
201803,경기도,의정부시,62,187
201803,경기도,의정부시,63,189
201803,경기도,의정부시,64,147
201803,경기도,의정부시,65,196
201803,경기도,의정부시,66,149
201803,경기도,의정부시,67,163
201803,경기도,의정부시,68,169
201803,경기도,의정부시,69,204
201803,경기도,의정부시,70,197
201803,경기도,의정부시,71,189
201803,경기도,의정부시,72,157
201803,경기도,의정부시,73,174
201803,경기도,의정부시,74,169
201803,경기도,의정부시,75,234
201803,경기도,의정부시,76,220
201803,경기도,의정부시,77,172
201803,경기도,의정부시,78,176
201803,경기도,의정부시,79,191
201803,경기도,의정부시,80,144
201803,경기도,의정부시,81,137
201803,경기도,의정부시,82,111
201803,경기도,의정부시,83,103
201803,경기도,의정부시,84,86
201803,경기도,의정부시,85,76
201803,경기도,의정부시,86,52
201803,경기도,의정부시,87,46
201803,경기도,의정부시,88,54
201803,경기도,의정부시,89,42
201803,경기도,의정부시,90,34
201803,경기도,의정부시,91,24
201803,경기도,의정부시,92,27
201803,경기도,의정부시,93,12
201803,경기도,의정부시,94,5
201803,경기도,의정부시,95,7
201803,경기도,의정부시,96,3
201803,경기도,의정부시,97,3
201803,경기도,의정부시,98,2
201803,경기도,의정부시,99,4
201803,경기도,안양시,0,15
201803,경기도,안양시,1,15
201803,경기도,안양시,2,24
201803,경기도,안양시,3,13
201803,경기도,안양시,4,20
201803,경기도,안양시,5,20
201803,경기도,안양시,6,34
201803,경기도,안양시,7,90
201803,경기도,안양시,8,99
201803,경기도,안양시,9,94
201803,경기도,안양시,10,128
201803,경기도,안양시,11,142
201803,경기도,안양시,12,127
201803,경기도,안양시,13,146
201803,경기도,안양시,14,193
201803,경기도,안양시,15,192
201803,경기도,안양시,16,240
201803,경기도,안양시,17,278
201803,경기도,안양시,18,261
201803,경기도,안양시,19,145
201803,경기도,안양시,20,118
201803,경기도,안양시,21,99
201803,경기도,안양시,22,74
201803,경기도,안양시,23,83
201803,경기도,안양시,24,61
201803,경기도,안양시,25,35
201803,경기도,안양시,26,29
201803,경기도,안양시,27,22
201803,경기도,안양시,28,22
201803,경기도,안양시,29,12
201803,경기도,안양시,30,15
201803,경기도,안양시,31,15
201803,경기도,안양시,32,24
201803,경기도,안양시,33,22
201803,경기도,안양시,34,29
201803,경기도,안양시,35,29
201803,경기도,안양시,36,38
201803,경기도,안양시,37,31
201803,경기도,안양시,38,46
201803,경기도,안양시,39,46
201803,경기도,안양시,40,43
201803,경기도,안양시,41,58
201803,경기도,안양시,42,60
201803,경기도,안양시,43,72
201803,경기도,안양시,44,88
201803,경기도,안양시,45,105
201803,경기도,안양시,46,125
201803,경기도,안양시,47,125
201803,경기도,안양시,48,129
201803,경기도,안양시,49,145
201803,경기도,안양시,50,130
201803,경기도,안양시,51,127
201803,경기도,안양시,52,131
201803,경기도,안양시,53,140
201803,경기도,안양시,54,160
201803,경기도,안양시,55,145
201803,경기도,안양시,56,170
201803,경기도,안양시,57,175
201803,경기도,안양시,58,166
201803,경기도,안양시,59,134
201803,경기도,안양시,60,149
201803,경기도,안양시,61,165
201803,경기도,안양시,62,137
201803,경기도,안양시,63,135
201803,경기도,안양시,64,108
201803,경기도,안양시,65,132
201803,경기도,안양시,66,106
201803,경기도,안양시,67,110
201803,경기도,안양시,68,127
201803,경기도,안양시,69,113
201803,경기도,안양시,70,109
201803,경기도,안양시,71,118
201803,경기도,안양시,72,116
201803,경기도,안양시,73,109
201803,경기도,안양시,74,111
201803,경기도,안양시,75,136
201803,경기도,안양시,76,128
201803,경기도,안양시,77,104
201803,경기도,안양시,78,120
201803,경기도,안양시,79,83
201803,경기도,안양시,80,92
201803,경기도,안양시,81,84
201803,경기도,안양시,82,74
201803,경기도,안양시,83,86
201803,경기도,안양시,84,55
201803,경기도,안양시,85,45
201803,경기도,안양시,86,54
201803,경기도,안양시,87,40
201803,경기도,안양시,88,25
201803,경기도,안양시,89,25
201803,경기도,안양시,90,30
201803,경기도,안양시,91,15
201803,경기도,안양시,92,18
201803,경기도,안양시,93,5
201803,경기도,안양시,94,13
201803,경기도,안양시,95,3
201803,경기도,안양시,96,2
201803,경기도,안양시,97,5
201803,경기도,안양시,98,2
201803,경기도,안양시,99,1
201803,경기도,안양시,100,1
201803,경기도,안양시,103,1
201803,경기도,안양시,106,1
201803,경기도,부천시,0,18
201803,경기도,부천시,1,29
201803,경기도,부천시,2,27
201803,경기도,부천시,3,43
201803,경기도,부천시,4,49
201803,경기도,부천시,5,51
201803,경기도,부천시,6,60
201803,경기도,부천시,7,122
201803,경기도,부천시,8,171
201803,경기도,부천시,9,203
201803,경기도,부천시,10,249
201803,경기도,부천시,11,247
201803,경기도,부천시,12,247
201803,경기도,부천시,13,274
201803,경기도,부천시,14,302
201803,경기도,부천시,15,391
201803,경기도,부천시,16,414
201803,경기도,부천시,17,520
201803,경기도,부천시,18,430
201803,경기도,부천시,19,260
201803,경기도,부천시,20,190
201803,경기도,부천시,21,170
201803,경기도,부천시,22,176
201803,경기도,부천시,23,143
201803,경기도,부천시,24,101
201803,경기도,부천시,25,73
201803,경기도,부천시,26,59
201803,경기도,부천시,27,40
201803,경기도,부천시,28,43
201803,경기도,부천시,29,32
201803,경기도,부천시,30,30
201803,경기도,부천시,31,28
201803,경기도,부천시,32,40
201803,경기도,부천시,33,42
201803,경기도,부천시,34,69
201803,경기도,부천시,35,60
201803,경기도,부천시,36,73
201803,경기도,부천시,37,65
201803,경기도,부천시,38,77
201803,경기도,부천시,39,76
201803,경기도,부천시,40,97
201803,경기도,부천시,41,95
201803,경기도,부천시,42,117
201803,경기도,부천시,43,146
201803,경기도,부천시,44,168
201803,경기도,부천시,45,197
201803,경기도,부천시,46,202
201803,경기도,부천시,47,227
201803,경기도,부천시,48,250
201803,경기도,부천시,49,288
201803,경기도,부천시,50,265
201803,경기도,부천시,51,263
201803,경기도,부천시,52,277
201803,경기도,부천시,53,273
201803,경기도,부천시,54,260
201803,경기도,부천시,55,277
201803,경기도,부천시,56,308
201803,경기도,부천시,57,334
201803,경기도,부천시,58,283
201803,경기도,부천시,59,301
201803,경기도,부천시,60,277
201803,경기도,부천시,61,282
201803,경기도,부천시,62,292
201803,경기도,부천시,63,285
201803,경기도,부천시,64,205
201803,경기도,부천시,65,231
201803,경기도,부천시,66,242
201803,경기도,부천시,67,239
201803,경기도,부천시,68,233
201803,경기도,부천시,69,252
201803,경기도,부천시,70,247
201803,경기도,부천시,71,261
201803,경기도,부천시,72,202
201803,경기도,부천시,73,223
201803,경기도,부천시,74,236
201803,경기도,부천시,75,302
201803,경기도,부천시,76,263
201803,경기도,부천시,77,236
201803,경기도,부천시,78,248
201803,경기도,부천시,79,211
201803,경기도,부천시,80,194
201803,경기도,부천시,81,163
201803,경기도,부천시,82,179
201803,경기도,부천시,83,160
201803,경기도,부천시,84,170
201803,경기도,부천시,85,117
201803,경기도,부천시,86,92
201803,경기도,부천시,87,94
201803,경기도,부천시,88,67
201803,경기도,부천시,89,59
201803,경기도,부천시,90,54
201803,경기도,부천시,91,28
201803,경기도,부천시,92,29
201803,경기도,부천시,93,10
201803,경기도,부천시,94,21
201803,경기도,부천시,95,17
201803,경기도,부천시,96,8
201803,경기도,부천시,97,5
201803,경기도,부천시,98,2
201803,경기도,부천시,99,2
201803,경기도,부천시,100,3
201803,경기도,부천시,103,1
201803,경기도,광명시,0,6
201803,경기도,광명시,1,12
201803,경기도,광명시,2,12
201803,경기도,광명시,3,19
201803,경기도,광명시,4,21
201803,경기도,광명시,5,21
201803,경기도,광명시,6,38
201803,경기도,광명시,7,82
201803,경기도,광명시,8,74
201803,경기도,광명시,9,115
201803,경기도,광명시,10,122
201803,경기도,광명시,11,123
201803,경기도,광명시,12,117
201803,경기도,광명시,13,131
201803,경기도,광명시,14,157
201803,경기도,광명시,15,176
201803,경기도,광명시,16,206
201803,경기도,광명시,17,226
201803,경기도,광명시,18,193
201803,경기도,광명시,19,106
201803,경기도,광명시,20,87
201803,경기도,광명시,21,77
201803,경기도,광명시,22,59
201803,경기도,광명시,23,54
201803,경기도,광명시,24,41
201803,경기도,광명시,25,25
201803,경기도,광명시,26,18
201803,경기도,광명시,27,18
201803,경기도,광명시,28,19
201803,경기도,광명시,29,16
201803,경기도,광명시,30,11
201803,경기도,광명시,31,17
201803,경기도,광명시,32,15
201803,경기도,광명시,33,18
201803,경기도,광명시,34,25
201803,경기도,광명시,35,35
201803,경기도,광명시,36,37
201803,경기도,광명시,37,49
201803,경기도,광명시,38,36
201803,경기도,광명시,39,37
201803,경기도,광명시,40,40
201803,경기도,광명시,41,43
201803,경기도,광명시,42,46
201803,경기도,광명시,43,62
201803,경기도,광명시,44,75
201803,경기도,광명시,45,75
201803,경기도,광명시,46,85
201803,경기도,광명시,47,89
201803,경기도,광명시,48,97
201803,경기도,광명시,49,96
201803,경기도,광명시,50,99
201803,경기도,광명시,51,87
201803,경기도,광명시,52,93
201803,경기도,광명시,53,95
201803,경기도,광명시,54,87
201803,경기도,광명시,55,107
201803,경기도,광명시,56,97
201803,경기도,광명시,57,94
201803,경기도,광명시,58,102
201803,경기도,광명시,59,103
201803,경기도,광명시,60,75
201803,경기도,광명시,61,109
201803,경기도,광명시,62,86
201803,경기도,광명시,63,91
201803,경기도,광명시,64,67
201803,경기도,광명시,65,86
201803,경기도,광명시,66,86
201803,경기도,광명시,67,65
201803,경기도,광명시,68,85
201803,경기도,광명시,69,92
201803,경기도,광명시,70,96
201803,경기도,광명시,71,102
201803,경기도,광명시,72,77
201803,경기도,광명시,73,81
201803,경기도,광명시,74,64
201803,경기도,광명시,75,99
201803,경기도,광명시,76,113
201803,경기도,광명시,77,83
201803,경기도,광명시,78,77
201803,경기도,광명시,79,91
201803,경기도,광명시,80,72
201803,경기도,광명시,81,80
201803,경기도,광명시,82,69
201803,경기도,광명시,83,45
201803,경기도,광명시,84,46
201803,경기도,광명시,85,37
201803,경기도,광명시,86,38
201803,경기도,광명시,87,31
201803,경기도,광명시,88,38
201803,경기도,광명시,89,18
201803,경기도,광명시,90,15
201803,경기도,광명시,91,6
201803,경기도,광명시,92,14
201803,경기도,광명시,93,8
201803,경기도,광명시,94,1
201803,경기도,광명시,95,7
201803,경기도,광명시,96,5
201803,경기도,광명시,98,1
201803,경기도,광명시,99,4
201803,경기도,광명시,101,1
201803,경기도,광명시,102,1
201803,경기도,광명시,103,1
201803,경기도,광명시,105,1
201803,경기도,평택시,0,22
201803,경기도,평택시,1,32
201803,경기도,평택시,2,47
201803,경기도,평택시,3,43
201803,경기도,평택시,4,56
201803,경기도,평택시,5,49
201803,경기도,평택시,6,63
201803,경기도,평택시,7,128
201803,경기도,평택시,8,138
201803,경기도,평택시,9,136
201803,경기도,평택시,10,180
201803,경기도,평택시,11,178
201803,경기도,평택시,12,175
201803,경기도,평택시,13,184
201803,경기도,평택시,14,215
201803,경기도,평택시,15,213
201803,경기도,평택시,16,262
201803,경기도,평택시,17,297
201803,경기도,평택시,18,223
201803,경기도,평택시,19,147
201803,경기도,평택시,20,113
201803,경기도,평택시,21,73
201803,경기도,평택시,22,64
201803,경기도,평택시,23,64
201803,경기도,평택시,24,49
201803,경기도,평택시,25,39
201803,경기도,평택시,26,30
201803,경기도,평택시,27,26
201803,경기도,평택시,28,27
201803,경기도,평택시,29,18
201803,경기도,평택시,30,25
201803,경기도,평택시,31,50
201803,경기도,평택시,32,38
201803,경기도,평택시,33,35
201803,경기도,평택시,34,44
201803,경기도,평택시,35,53
201803,경기도,평택시,36,58
201803,경기도,평택시,37,61
201803,경기도,평택시,38,69
201803,경기도,평택시,39,82
201803,경기도,평택시,40,57
201803,경기도,평택시,41,60
201803,경기도,평택시,42,80
201803,경기도,평택시,43,105
201803,경기도,평택시,44,110
201803,경기도,평택시,45,109
201803,경기도,평택시,46,136
201803,경기도,평택시,47,113
201803,경기도,평택시,48,145
201803,경기도,평택시,49,144
201803,경기도,평택시,50,133
201803,경기도,평택시,51,141
201803,경기도,평택시,52,133
201803,경기도,평택시,53,130
201803,경기도,평택시,54,135
201803,경기도,평택시,55,186
201803,경기도,평택시,56,175
201803,경기도,평택시,57,184
201803,경기도,평택시,58,184
201803,경기도,평택시,59,178
201803,경기도,평택시,60,168
201803,경기도,평택시,61,151
201803,경기도,평택시,62,148
201803,경기도,평택시,63,140
201803,경기도,평택시,64,111
201803,경기도,평택시,65,142
201803,경기도,평택시,66,128
201803,경기도,평택시,67,140
201803,경기도,평택시,68,149
201803,경기도,평택시,69,128
201803,경기도,평택시,70,150
201803,경기도,평택시,71,162
201803,경기도,평택시,72,115
201803,경기도,평택시,73,139
201803,경기도,평택시,74,152
201803,경기도,평택시,75,164
201803,경기도,평택시,76,150
201803,경기도,평택시,77,150
201803,경기도,평택시,78,144
201803,경기도,평택시,79,136
201803,경기도,평택시,80,128
201803,경기도,평택시,81,120
201803,경기도,평택시,82,93
201803,경기도,평택시,83,80
201803,경기도,평택시,84,63
201803,경기도,평택시,85,63
201803,경기도,평택시,86,45
201803,경기도,평택시,87,65
201803,경기도,평택시,88,26
201803,경기도,평택시,89,45
201803,경기도,평택시,90,33
201803,경기도,평택시,91,15
201803,경기도,평택시,92,8
201803,경기도,평택시,93,8
201803,경기도,평택시,94,8
201803,경기도,평택시,95,7
201803,경기도,평택시,96,5
201803,경기도,평택시,97,2
201803,경기도,평택시,98,3
201803,경기도,평택시,99,1
201803,경기도,평택시,102,1
201803,경기도,평택시,105,1
201803,경기도,동두천시,0,12
201803,경기도,동두천시,1,8
201803,경기도,동두천시,2,6
201803,경기도,동두천시,3,13
201803,경기도,동두천시,4,22
201803,경기도,동두천시,5,17
201803,경기도,동두천시,6,23
201803,경기도,동두천시,7,58
201803,경기도,동두천시,8,52
201803,경기도,동두천시,9,64
201803,경기도,동두천시,10,74
201803,경기도,동두천시,11,78
201803,경기도,동두천시,12,78
201803,경기도,동두천시,13,75
201803,경기도,동두천시,14,103
201803,경기도,동두천시,15,101
201803,경기도,동두천시,16,107
201803,경기도,동두천시,17,139
201803,경기도,동두천시,18,118
201803,경기도,동두천시,19,49
201803,경기도,동두천시,20,47
201803,경기도,동두천시,21,28
201803,경기도,동두천시,22,22
201803,경기도,동두천시,23,19
201803,경기도,동두천시,24,15
201803,경기도,동두천시,25,6
201803,경기도,동두천시,26,10
201803,경기도,동두천시,27,6
201803,경기도,동두천시,28,7
201803,경기도,동두천시,29,4
201803,경기도,동두천시,30,7
201803,경기도,동두천시,31,8
201803,경기도,동두천시,32,9
201803,경기도,동두천시,33,8
201803,경기도,동두천시,34,12
201803,경기도,동두천시,35,15
201803,경기도,동두천시,36,15
201803,경기도,동두천시,37,17
201803,경기도,동두천시,38,22
201803,경기도,동두천시,39,19
201803,경기도,동두천시,40,20
201803,경기도,동두천시,41,24
201803,경기도,동두천시,42,26
201803,경기도,동두천시,43,30
201803,경기도,동두천시,44,44
201803,경기도,동두천시,45,45
201803,경기도,동두천시,46,49
201803,경기도,동두천시,47,43
201803,경기도,동두천시,48,64
201803,경기도,동두천시,49,53
201803,경기도,동두천시,50,57
201803,경기도,동두천시,51,71
201803,경기도,동두천시,52,57
201803,경기도,동두천시,53,65
201803,경기도,동두천시,54,60
201803,경기도,동두천시,55,64
201803,경기도,동두천시,56,73
201803,경기도,동두천시,57,86
201803,경기도,동두천시,58,62
201803,경기도,동두천시,59,68
201803,경기도,동두천시,60,76
201803,경기도,동두천시,61,76
201803,경기도,동두천시,62,64
201803,경기도,동두천시,63,62
201803,경기도,동두천시,64,51
201803,경기도,동두천시,65,73
201803,경기도,동두천시,66,51
201803,경기도,동두천시,67,55
201803,경기도,동두천시,68,76
201803,경기도,동두천시,69,62
201803,경기도,동두천시,70,71
201803,경기도,동두천시,71,89
201803,경기도,동두천시,72,59
201803,경기도,동두천시,73,69
201803,경기도,동두천시,74,82
201803,경기도,동두천시,75,98
201803,경기도,동두천시,76,83
201803,경기도,동두천시,77,89
201803,경기도,동두천시,78,73
201803,경기도,동두천시,79,62
201803,경기도,동두천시,80,56
201803,경기도,동두천시,81,52
201803,경기도,동두천시,82,52
201803,경기도,동두천시,83,37
201803,경기도,동두천시,84,36
201803,경기도,동두천시,85,36
201803,경기도,동두천시,86,23
201803,경기도,동두천시,87,26
201803,경기도,동두천시,88,17
201803,경기도,동두천시,89,12
201803,경기도,동두천시,90,18
201803,경기도,동두천시,91,9
201803,경기도,동두천시,92,6
201803,경기도,동두천시,93,3
201803,경기도,동두천시,94,5
201803,경기도,동두천시,95,1
201803,경기도,동두천시,96,1
201803,경기도,동두천시,97,3
201803,경기도,동두천시,98,1
201803,경기도,동두천시,103,1
201803,경기도,동두천시,107,1
201803,경기도,안산시,0,23
201803,경기도,안산시,1,50
201803,경기도,안산시,2,59
201803,경기도,안산시,3,85
201803,경기도,안산시,4,73
201803,경기도,안산시,5,101
201803,경기도,안산시,6,118
201803,경기도,안산시,7,246
201803,경기도,안산시,8,254
201803,경기도,안산시,9,331
201803,경기도,안산시,10,346
201803,경기도,안산시,11,424
201803,경기도,안산시,12,376
201803,경기도,안산시,13,399
201803,경기도,안산시,14,482
201803,경기도,안산시,15,511
201803,경기도,안산시,16,650
201803,경기도,안산시,17,832
201803,경기도,안산시,18,660
201803,경기도,안산시,19,359
201803,경기도,안산시,20,278
201803,경기도,안산시,21,246
201803,경기도,안산시,22,200
201803,경기도,안산시,23,151
201803,경기도,안산시,24,113
201803,경기도,안산시,25,94
201803,경기도,안산시,26,55
201803,경기도,안산시,27,52
201803,경기도,안산시,28,51
201803,경기도,안산시,29,36
201803,경기도,안산시,30,54
201803,경기도,안산시,31,54
201803,경기도,안산시,32,45
201803,경기도,안산시,33,51
201803,경기도,안산시,34,77
201803,경기도,안산시,35,74
201803,경기도,안산시,36,85
201803,경기도,안산시,37,110
201803,경기도,안산시,38,115
201803,경기도,안산시,39,111
201803,경기도,안산시,40,149
201803,경기도,안산시,41,141
201803,경기도,안산시,42,165
201803,경기도,안산시,43,205
201803,경기도,안산시,44,240
201803,경기도,안산시,45,237
201803,경기도,안산시,46,269
201803,경기도,안산시,47,276
201803,경기도,안산시,48,280
201803,경기도,안산시,49,333
201803,경기도,안산시,50,270
201803,경기도,안산시,51,304
201803,경기도,안산시,52,278
201803,경기도,안산시,53,321
201803,경기도,안산시,54,276
201803,경기도,안산시,55,269
201803,경기도,안산시,56,273
201803,경기도,안산시,57,285
201803,경기도,안산시,58,278
201803,경기도,안산시,59,269
201803,경기도,안산시,60,232
201803,경기도,안산시,61,202
201803,경기도,안산시,62,205
201803,경기도,안산시,63,230
201803,경기도,안산시,64,188
201803,경기도,안산시,65,187
201803,경기도,안산시,66,182
201803,경기도,안산시,67,188
201803,경기도,안산시,68,229
201803,경기도,안산시,69,227
201803,경기도,안산시,70,224
201803,경기도,안산시,71,245
201803,경기도,안산시,72,180
201803,경기도,안산시,73,218
201803,경기도,안산시,74,237
201803,경기도,안산시,75,288
201803,경기도,안산시,76,271
201803,경기도,안산시,77,249
201803,경기도,안산시,78,256
201803,경기도,안산시,79,269
201803,경기도,안산시,80,219
201803,경기도,안산시,81,232
201803,경기도,안산시,82,247
201803,경기도,안산시,83,200
201803,경기도,안산시,84,168
201803,경기도,안산시,85,135
201803,경기도,안산시,86,110
201803,경기도,안산시,87,81
201803,경기도,안산시,88,86
201803,경기도,안산시,89,58
201803,경기도,안산시,90,39
201803,경기도,안산시,91,43
201803,경기도,안산시,92,31
201803,경기도,안산시,93,20
201803,경기도,안산시,94,15
201803,경기도,안산시,95,18
201803,경기도,안산시,96,8
201803,경기도,안산시,97,7
201803,경기도,안산시,98,1
201803,경기도,안산시,99,1
201803,경기도,안산시,100,3
201803,경기도,안산시,101,2
201803,경기도,안산시,107,1
201803,경기도,안산시,116,1
201803,경기도,고양시,0,25
201803,경기도,고양시,1,49
201803,경기도,고양시,2,41
201803,경기도,고양시,3,53
201803,경기도,고양시,4,75
201803,경기도,고양시,5,70
201803,경기도,고양시,6,108
201803,경기도,고양시,7,174
201803,경기도,고양시,8,230
201803,경기도,고양시,9,263
201803,경기도,고양시,10,327
201803,경기도,고양시,11,302
201803,경기도,고양시,12,318
201803,경기도,고양시,13,361
201803,경기도,고양시,14,421
201803,경기도,고양시,15,450
201803,경기도,고양시,16,551
201803,경기도,고양시,17,650
201803,경기도,고양시,18,485
201803,경기도,고양시,19,339
201803,경기도,고양시,20,266
201803,경기도,고양시,21,179
201803,경기도,고양시,22,196
201803,경기도,고양시,23,177
201803,경기도,고양시,24,125
201803,경기도,고양시,25,110
201803,경기도,고양시,26,65
201803,경기도,고양시,27,55
201803,경기도,고양시,28,48
201803,경기도,고양시,29,46
201803,경기도,고양시,30,51
201803,경기도,고양시,31,39
201803,경기도,고양시,32,49
201803,경기도,고양시,33,47
201803,경기도,고양시,34,50
201803,경기도,고양시,35,70
201803,경기도,고양시,36,82
201803,경기도,고양시,37,86
201803,경기도,고양시,38,89
201803,경기도,고양시,39,75
201803,경기도,고양시,40,131
201803,경기도,고양시,41,116
201803,경기도,고양시,42,156
201803,경기도,고양시,43,152
201803,경기도,고양시,44,191
201803,경기도,고양시,45,211
201803,경기도,고양시,46,285
201803,경기도,고양시,47,268
201803,경기도,고양시,48,311
201803,경기도,고양시,49,300
201803,경기도,고양시,50,293
201803,경기도,고양시,51,301
201803,경기도,고양시,52,320
201803,경기도,고양시,53,302
201803,경기도,고양시,54,300
201803,경기도,고양시,55,323
201803,경기도,고양시,56,315
201803,경기도,고양시,57,347
201803,경기도,고양시,58,333
201803,경기도,고양시,59,299
201803,경기도,고양시,60,290
201803,경기도,고양시,61,273
201803,경기도,고양시,62,296
201803,경기도,고양시,63,266
201803,경기도,고양시,64,233
201803,경기도,고양시,65,282
201803,경기도,고양시,66,179
201803,경기도,고양시,67,210
201803,경기도,고양시,68,242
201803,경기도,고양시,69,262
201803,경기도,고양시,70,236
201803,경기도,고양시,71,262
201803,경기도,고양시,72,199
201803,경기도,고양시,73,252
201803,경기도,고양시,74,268
201803,경기도,고양시,75,315
201803,경기도,고양시,76,304
201803,경기도,고양시,77,266
201803,경기도,고양시,78,292
201803,경기도,고양시,79,273
201803,경기도,고양시,80,236
201803,경기도,고양시,81,226
201803,경기도,고양시,82,196
201803,경기도,고양시,83,197
201803,경기도,고양시,84,154
201803,경기도,고양시,85,140
201803,경기도,고양시,86,127
201803,경기도,고양시,87,109
201803,경기도,고양시,88,101
201803,경기도,고양시,89,61
201803,경기도,고양시,90,41
201803,경기도,고양시,91,37
201803,경기도,고양시,92,33
201803,경기도,고양시,93,27
201803,경기도,고양시,94,21
201803,경기도,고양시,95,9
201803,경기도,고양시,96,10
201803,경기도,고양시,97,6
201803,경기도,고양시,98,3
201803,경기도,고양시,99,4
201803,경기도,고양시,100,1
201803,경기도,고양시,101,1
201803,경기도,고양시,102,1
201803,경기도,고양시,103,1
201803,경기도,고양시,104,2
201803,경기도,과천시,1,1
201803,경기도,과천시,4,1
201803,경기도,과천시,5,1
201803,경기도,과천시,6,1
201803,경기도,과천시,7,6
201803,경기도,과천시,8,7
201803,경기도,과천시,9,7
201803,경기도,과천시,10,5
201803,경기도,과천시,11,9
201803,경기도,과천시,12,13
201803,경기도,과천시,13,18
201803,경기도,과천시,14,13
201803,경기도,과천시,15,16
201803,경기도,과천시,16,20
201803,경기도,과천시,17,24
201803,경기도,과천시,18,17
201803,경기도,과천시,19,10
201803,경기도,과천시,20,7
201803,경기도,과천시,21,8
201803,경기도,과천시,22,9
201803,경기도,과천시,23,5
201803,경기도,과천시,24,7
201803,경기도,과천시,25,6
201803,경기도,과천시,26,5
201803,경기도,과천시,27,3
201803,경기도,과천시,28,2
201803,경기도,과천시,30,2
201803,경기도,과천시,31,1
201803,경기도,과천시,32,2
201803,경기도,과천시,33,3
201803,경기도,과천시,34,1
201803,경기도,과천시,35,2
201803,경기도,과천시,37,4
201803,경기도,과천시,38,2
201803,경기도,과천시,39,2
201803,경기도,과천시,40,2
201803,경기도,과천시,41,3
201803,경기도,과천시,42,2
201803,경기도,과천시,43,8
201803,경기도,과천시,44,3
201803,경기도,과천시,45,5
201803,경기도,과천시,46,7
201803,경기도,과천시,47,12
201803,경기도,과천시,48,11
201803,경기도,과천시,49,8
201803,경기도,과천시,50,14
201803,경기도,과천시,51,6
201803,경기도,과천시,52,9
201803,경기도,과천시,53,6
201803,경기도,과천시,54,9
201803,경기도,과천시,55,16
201803,경기도,과천시,56,7
201803,경기도,과천시,57,12
201803,경기도,과천시,58,12
201803,경기도,과천시,59,19
201803,경기도,과천시,60,11
201803,경기도,과천시,61,10
201803,경기도,과천시,62,21
201803,경기도,과천시,63,7
201803,경기도,과천시,64,13
201803,경기도,과천시,65,15
201803,경기도,과천시,66,8
201803,경기도,과천시,67,16
201803,경기도,과천시,68,11
201803,경기도,과천시,69,7
201803,경기도,과천시,70,15
201803,경기도,과천시,71,10
201803,경기도,과천시,72,17
201803,경기도,과천시,73,17
201803,경기도,과천시,74,20
201803,경기도,과천시,75,15
201803,경기도,과천시,76,10
201803,경기도,과천시,77,17
201803,경기도,과천시,78,7
201803,경기도,과천시,79,9
201803,경기도,과천시,80,9
201803,경기도,과천시,81,8
201803,경기도,과천시,82,13
201803,경기도,과천시,83,8
201803,경기도,과천시,84,5
201803,경기도,과천시,85,5
201803,경기도,과천시,86,4
201803,경기도,과천시,87,5
201803,경기도,과천시,88,5
201803,경기도,과천시,89,1
201803,경기도,과천시,90,2
201803,경기도,과천시,91,2
201803,경기도,과천시,92,2
201803,경기도,과천시,93,1
201803,경기도,과천시,95,1
201803,경기도,과천시,96,1
201803,경기도,구리시,0,11
201803,경기도,구리시,1,5
201803,경기도,구리시,2,13
201803,경기도,구리시,3,11
201803,경기도,구리시,4,14
201803,경기도,구리시,5,22
201803,경기도,구리시,6,28
201803,경기도,구리시,7,42
201803,경기도,구리시,8,57
201803,경기도,구리시,9,60
201803,경기도,구리시,10,84
201803,경기도,구리시,11,71
201803,경기도,구리시,12,78
201803,경기도,구리시,13,86
201803,경기도,구리시,14,96
201803,경기도,구리시,15,104
201803,경기도,구리시,16,145
201803,경기도,구리시,17,173
201803,경기도,구리시,18,164
201803,경기도,구리시,19,105
201803,경기도,구리시,20,81
201803,경기도,구리시,21,60
201803,경기도,구리시,22,59
201803,경기도,구리시,23,37
201803,경기도,구리시,24,46
201803,경기도,구리시,25,29
201803,경기도,구리시,26,30
201803,경기도,구리시,27,21
201803,경기도,구리시,28,13
201803,경기도,구리시,29,13
201803,경기도,구리시,30,9
201803,경기도,구리시,31,18
201803,경기도,구리시,32,13
201803,경기도,구리시,33,16
201803,경기도,구리시,34,15
201803,경기도,구리시,35,20
201803,경기도,구리시,36,17
201803,경기도,구리시,37,26
201803,경기도,구리시,38,24
201803,경기도,구리시,39,20
201803,경기도,구리시,40,32
201803,경기도,구리시,41,26
201803,경기도,구리시,42,38
201803,경기도,구리시,43,39
201803,경기도,구리시,44,60
201803,경기도,구리시,45,58
201803,경기도,구리시,46,64
201803,경기도,구리시,47,68
201803,경기도,구리시,48,70
201803,경기도,구리시,49,75
201803,경기도,구리시,50,68
201803,경기도,구리시,51,99
201803,경기도,구리시,52,73
201803,경기도,구리시,53,81
201803,경기도,구리시,54,76
201803,경기도,구리시,55,104
201803,경기도,구리시,56,92
201803,경기도,구리시,57,104
201803,경기도,구리시,58,98
201803,경기도,구리시,59,108
201803,경기도,구리시,60,102
201803,경기도,구리시,61,70
201803,경기도,구리시,62,83
201803,경기도,구리시,63,90
201803,경기도,구리시,64,70
201803,경기도,구리시,65,99
201803,경기도,구리시,66,72
201803,경기도,구리시,67,69
201803,경기도,구리시,68,72
201803,경기도,구리시,69,62
201803,경기도,구리시,70,73
201803,경기도,구리시,71,66
201803,경기도,구리시,72,50
201803,경기도,구리시,73,59
201803,경기도,구리시,74,52
201803,경기도,구리시,75,84
201803,경기도,구리시,76,74
201803,경기도,구리시,77,80
201803,경기도,구리시,78,48
201803,경기도,구리시,79,60
201803,경기도,구리시,80,56
201803,경기도,구리시,81,43
201803,경기도,구리시,82,56
201803,경기도,구리시,83,44
201803,경기도,구리시,84,24
201803,경기도,구리시,85,29
201803,경기도,구리시,86,19
201803,경기도,구리시,87,24
201803,경기도,구리시,88,22
201803,경기도,구리시,89,16
201803,경기도,구리시,90,8
201803,경기도,구리시,91,12
201803,경기도,구리시,92,5
201803,경기도,구리시,93,5
201803,경기도,구리시,94,3
201803,경기도,구리시,95,2
201803,경기도,구리시,96,1
201803,경기도,구리시,98,3
201803,경기도,구리시,99,1
201803,경기도,구리시,100,1
201803,경기도,남양주시,0,12
201803,경기도,남양주시,1,25
201803,경기도,남양주시,2,39
201803,경기도,남양주시,3,49
201803,경기도,남양주시,4,53
201803,경기도,남양주시,5,62
201803,경기도,남양주시,6,77
201803,경기도,남양주시,7,159
201803,경기도,남양주시,8,186
201803,경기도,남양주시,9,201
201803,경기도,남양주시,10,262
201803,경기도,남양주시,11,239
201803,경기도,남양주시,12,248
201803,경기도,남양주시,13,271
201803,경기도,남양주시,14,315
201803,경기도,남양주시,15,350
201803,경기도,남양주시,16,386
201803,경기도,남양주시,17,484
201803,경기도,남양주시,18,339
201803,경기도,남양주시,19,205
201803,경기도,남양주시,20,133
201803,경기도,남양주시,21,104
201803,경기도,남양주시,22,112
201803,경기도,남양주시,23,74
201803,경기도,남양주시,24,62
201803,경기도,남양주시,25,53
201803,경기도,남양주시,26,37
201803,경기도,남양주시,27,34
201803,경기도,남양주시,28,26
201803,경기도,남양주시,29,25
201803,경기도,남양주시,30,27
201803,경기도,남양주시,31,33
201803,경기도,남양주시,32,37
201803,경기도,남양주시,33,39
201803,경기도,남양주시,34,42
201803,경기도,남양주시,35,47
201803,경기도,남양주시,36,67
201803,경기도,남양주시,37,68
201803,경기도,남양주시,38,76
201803,경기도,남양주시,39,86
201803,경기도,남양주시,40,88
201803,경기도,남양주시,41,101
201803,경기도,남양주시,42,93
201803,경기도,남양주시,43,134
201803,경기도,남양주시,44,145
201803,경기도,남양주시,45,146
201803,경기도,남양주시,46,179
201803,경기도,남양주시,47,175
201803,경기도,남양주시,48,174
201803,경기도,남양주시,49,187
201803,경기도,남양주시,50,175
201803,경기도,남양주시,51,170
201803,경기도,남양주시,52,176
201803,경기도,남양주시,53,195
201803,경기도,남양주시,54,200
201803,경기도,남양주시,55,210
201803,경기도,남양주시,56,174
201803,경기도,남양주시,57,190
201803,경기도,남양주시,58,199
201803,경기도,남양주시,59,199
201803,경기도,남양주시,60,191
201803,경기도,남양주시,61,197
201803,경기도,남양주시,62,188
201803,경기도,남양주시,63,187
201803,경기도,남양주시,64,159
201803,경기도,남양주시,65,168
201803,경기도,남양주시,66,151
201803,경기도,남양주시,67,160
201803,경기도,남양주시,68,153
201803,경기도,남양주시,69,160
201803,경기도,남양주시,70,213
201803,경기도,남양주시,71,196
201803,경기도,남양주시,72,173
201803,경기도,남양주시,73,183
201803,경기도,남양주시,74,157
201803,경기도,남양주시,75,229
201803,경기도,남양주시,76,235
201803,경기도,남양주시,77,205
201803,경기도,남양주시,78,168
201803,경기도,남양주시,79,172
201803,경기도,남양주시,80,171
201803,경기도,남양주시,81,141
201803,경기도,남양주시,82,146
201803,경기도,남양주시,83,120
201803,경기도,남양주시,84,81
201803,경기도,남양주시,85,92
201803,경기도,남양주시,86,77
201803,경기도,남양주시,87,46
201803,경기도,남양주시,88,48
201803,경기도,남양주시,89,45
201803,경기도,남양주시,90,35
201803,경기도,남양주시,91,23
201803,경기도,남양주시,92,17
201803,경기도,남양주시,93,11
201803,경기도,남양주시,94,12
201803,경기도,남양주시,95,10
201803,경기도,남양주시,96,9
201803,경기도,남양주시,97,3
201803,경기도,남양주시,98,8
201803,경기도,남양주시,99,1
201803,경기도,남양주시,100,1
201803,경기도,남양주시,101,4
201803,경기도,남양주시,106,1
201803,경기도,오산시,0,7
201803,경기도,오산시,1,10
201803,경기도,오산시,2,9
201803,경기도,오산시,3,10
201803,경기도,오산시,4,18
201803,경기도,오산시,5,16
201803,경기도,오산시,6,21
201803,경기도,오산시,7,43
201803,경기도,오산시,8,58
201803,경기도,오산시,9,72
201803,경기도,오산시,10,88
201803,경기도,오산시,11,73
201803,경기도,오산시,12,90
201803,경기도,오산시,13,72
201803,경기도,오산시,14,86
201803,경기도,오산시,15,95
201803,경기도,오산시,16,100
201803,경기도,오산시,17,125
201803,경기도,오산시,18,106
201803,경기도,오산시,19,37
201803,경기도,오산시,20,40
201803,경기도,오산시,21,27
201803,경기도,오산시,22,17
201803,경기도,오산시,23,25
201803,경기도,오산시,24,14
201803,경기도,오산시,25,12
201803,경기도,오산시,26,8
201803,경기도,오산시,27,11
201803,경기도,오산시,28,13
201803,경기도,오산시,29,11
201803,경기도,오산시,30,6
201803,경기도,오산시,31,10
201803,경기도,오산시,32,14
201803,경기도,오산시,33,9
201803,경기도,오산시,34,10
201803,경기도,오산시,35,21
201803,경기도,오산시,36,22
201803,경기도,오산시,37,18
201803,경기도,오산시,38,25
201803,경기도,오산시,39,20
201803,경기도,오산시,40,15
201803,경기도,오산시,41,22
201803,경기도,오산시,42,29
201803,경기도,오산시,43,26
201803,경기도,오산시,44,47
201803,경기도,오산시,45,37
201803,경기도,오산시,46,31
201803,경기도,오산시,47,46
201803,경기도,오산시,48,61
201803,경기도,오산시,49,40
201803,경기도,오산시,50,41
201803,경기도,오산시,51,52
201803,경기도,오산시,52,62
201803,경기도,오산시,53,47
201803,경기도,오산시,54,52
201803,경기도,오산시,55,47
201803,경기도,오산시,56,49
201803,경기도,오산시,57,58
201803,경기도,오산시,58,59
201803,경기도,오산시,59,37
201803,경기도,오산시,60,51
201803,경기도,오산시,61,47
201803,경기도,오산시,62,31
201803,경기도,오산시,63,47
201803,경기도,오산시,64,34
201803,경기도,오산시,65,44
201803,경기도,오산시,66,37
201803,경기도,오산시,67,40
201803,경기도,오산시,68,41
201803,경기도,오산시,69,28
201803,경기도,오산시,70,36
201803,경기도,오산시,71,46
201803,경기도,오산시,72,36
201803,경기도,오산시,73,53
201803,경기도,오산시,74,46
201803,경기도,오산시,75,66
201803,경기도,오산시,76,43
201803,경기도,오산시,77,54
201803,경기도,오산시,78,38
201803,경기도,오산시,79,45
201803,경기도,오산시,80,21
201803,경기도,오산시,81,36
201803,경기도,오산시,82,26
201803,경기도,오산시,83,28
201803,경기도,오산시,84,22
201803,경기도,오산시,85,15
201803,경기도,오산시,86,17
201803,경기도,오산시,87,11
201803,경기도,오산시,88,12
201803,경기도,오산시,89,10
201803,경기도,오산시,90,9
201803,경기도,오산시,91,6
201803,경기도,오산시,92,4
201803,경기도,오산시,93,3
201803,경기도,오산시,94,1
201803,경기도,오산시,99,1
201803,경기도,시흥시,0,8
201803,경기도,시흥시,1,22
201803,경기도,시흥시,2,24
201803,경기도,시흥시,3,20
201803,경기도,시흥시,4,32
201803,경기도,시흥시,5,41
201803,경기도,시흥시,6,49
201803,경기도,시흥시,7,109
201803,경기도,시흥시,8,117
201803,경기도,시흥시,9,177
201803,경기도,시흥시,10,168
201803,경기도,시흥시,11,149
201803,경기도,시흥시,12,175
201803,경기도,시흥시,13,193
201803,경기도,시흥시,14,188
201803,경기도,시흥시,15,213
201803,경기도,시흥시,16,243
201803,경기도,시흥시,17,291
201803,경기도,시흥시,18,255
201803,경기도,시흥시,19,148
201803,경기도,시흥시,20,111
201803,경기도,시흥시,21,98
201803,경기도,시흥시,22,83
201803,경기도,시흥시,23,72
201803,경기도,시흥시,24,66
201803,경기도,시흥시,25,40
201803,경기도,시흥시,26,26
201803,경기도,시흥시,27,19
201803,경기도,시흥시,28,19
201803,경기도,시흥시,29,16
201803,경기도,시흥시,30,17
201803,경기도,시흥시,31,22
201803,경기도,시흥시,32,22
201803,경기도,시흥시,33,19
201803,경기도,시흥시,34,31
201803,경기도,시흥시,35,40
201803,경기도,시흥시,36,53
201803,경기도,시흥시,37,32
201803,경기도,시흥시,38,39
201803,경기도,시흥시,39,58
201803,경기도,시흥시,40,67
201803,경기도,시흥시,41,72
201803,경기도,시흥시,42,67
201803,경기도,시흥시,43,80
201803,경기도,시흥시,44,91
201803,경기도,시흥시,45,95
201803,경기도,시흥시,46,116
201803,경기도,시흥시,47,132
201803,경기도,시흥시,48,132
201803,경기도,시흥시,49,141
201803,경기도,시흥시,50,131
201803,경기도,시흥시,51,137
201803,경기도,시흥시,52,150
201803,경기도,시흥시,53,135
201803,경기도,시흥시,54,126
201803,경기도,시흥시,55,150
201803,경기도,시흥시,56,110
201803,경기도,시흥시,57,156
201803,경기도,시흥시,58,143
201803,경기도,시흥시,59,115
201803,경기도,시흥시,60,111
201803,경기도,시흥시,61,126
201803,경기도,시흥시,62,100
201803,경기도,시흥시,63,110
201803,경기도,시흥시,64,94
201803,경기도,시흥시,65,89
201803,경기도,시흥시,66,76
201803,경기도,시흥시,67,89
201803,경기도,시흥시,68,95
201803,경기도,시흥시,69,81
201803,경기도,시흥시,70,99
201803,경기도,시흥시,71,93
201803,경기도,시흥시,72,80
201803,경기도,시흥시,73,72
201803,경기도,시흥시,74,76
201803,경기도,시흥시,75,112
201803,경기도,시흥시,76,85
201803,경기도,시흥시,77,63
201803,경기도,시흥시,78,92
201803,경기도,시흥시,79,87
201803,경기도,시흥시,80,86
201803,경기도,시흥시,81,64
201803,경기도,시흥시,82,51
201803,경기도,시흥시,83,64
201803,경기도,시흥시,84,43
201803,경기도,시흥시,85,56
201803,경기도,시흥시,86,32
201803,경기도,시흥시,87,28
201803,경기도,시흥시,88,35
201803,경기도,시흥시,89,20
201803,경기도,시흥시,90,21
201803,경기도,시흥시,91,13
201803,경기도,시흥시,92,7
201803,경기도,시흥시,93,3
201803,경기도,시흥시,94,2
201803,경기도,시흥시,95,6
201803,경기도,시흥시,96,2
201803,경기도,시흥시,97,3
201803,경기도,시흥시,99,1
201803,경기도,시흥시,103,1
201803,경기도,군포시,0,4
201803,경기도,군포시,1,18
201803,경기도,군포시,2,12
201803,경기도,군포시,3,14
201803,경기도,군포시,4,14
201803,경기도,군포시,5,19
201803,경기도,군포시,6,27
201803,경기도,군포시,7,49
201803,경기도,군포시,8,64
201803,경기도,군포시,9,87
201803,경기도,군포시,10,82
201803,경기도,군포시,11,75
201803,경기도,군포시,12,106
201803,경기도,군포시,13,93
201803,경기도,군포시,14,104
201803,경기도,군포시,15,130
201803,경기도,군포시,16,136
201803,경기도,군포시,17,170
201803,경기도,군포시,18,153
201803,경기도,군포시,19,92
201803,경기도,군포시,20,62
201803,경기도,군포시,21,39
201803,경기도,군포시,22,49
201803,경기도,군포시,23,44
201803,경기도,군포시,24,45
201803,경기도,군포시,25,23
201803,경기도,군포시,26,20
201803,경기도,군포시,27,11
201803,경기도,군포시,28,13
201803,경기도,군포시,29,10
201803,경기도,군포시,30,14
201803,경기도,군포시,31,11
201803,경기도,군포시,32,15
201803,경기도,군포시,33,11
201803,경기도,군포시,34,18
201803,경기도,군포시,35,25
201803,경기도,군포시,36,24
201803,경기도,군포시,37,32
201803,경기도,군포시,38,24
201803,경기도,군포시,39,20
201803,경기도,군포시,40,33
201803,경기도,군포시,41,34
201803,경기도,군포시,42,36
201803,경기도,군포시,43,37
201803,경기도,군포시,44,54
201803,경기도,군포시,45,63
201803,경기도,군포시,46,68
201803,경기도,군포시,47,56
201803,경기도,군포시,48,78
201803,경기도,군포시,49,86
201803,경기도,군포시,50,75
201803,경기도,군포시,51,72
201803,경기도,군포시,52,66
201803,경기도,군포시,53,79
201803,경기도,군포시,54,89
201803,경기도,군포시,55,87
201803,경기도,군포시,56,115
201803,경기도,군포시,57,101
201803,경기도,군포시,58,94
201803,경기도,군포시,59,98
201803,경기도,군포시,60,90
201803,경기도,군포시,61,75
201803,경기도,군포시,62,85
201803,경기도,군포시,63,70
201803,경기도,군포시,64,58
201803,경기도,군포시,65,74
201803,경기도,군포시,66,64
201803,경기도,군포시,67,72
201803,경기도,군포시,68,85
201803,경기도,군포시,69,81
201803,경기도,군포시,70,81
201803,경기도,군포시,71,71
201803,경기도,군포시,72,51
201803,경기도,군포시,73,59
201803,경기도,군포시,74,63
201803,경기도,군포시,75,86
201803,경기도,군포시,76,96
201803,경기도,군포시,77,80
201803,경기도,군포시,78,74
201803,경기도,군포시,79,68
201803,경기도,군포시,80,67
201803,경기도,군포시,81,50
201803,경기도,군포시,82,63
201803,경기도,군포시,83,47
201803,경기도,군포시,84,44
201803,경기도,군포시,85,27
201803,경기도,군포시,86,30
201803,경기도,군포시,87,30
201803,경기도,군포시,88,26
201803,경기도,군포시,89,19
201803,경기도,군포시,90,18
201803,경기도,군포시,91,9
201803,경기도,군포시,92,7
201803,경기도,군포시,93,5
201803,경기도,군포시,94,10
201803,경기도,군포시,95,4
201803,경기도,군포시,96,5
201803,경기도,군포시,97,1
201803,경기도,군포시,100,1
201803,경기도,군포시,102,1
201803,경기도,의왕시,0,3
201803,경기도,의왕시,1,6
201803,경기도,의왕시,2,5
201803,경기도,의왕시,3,7
201803,경기도,의왕시,4,8
201803,경기도,의왕시,5,6
201803,경기도,의왕시,6,8
201803,경기도,의왕시,7,26
201803,경기도,의왕시,8,27
201803,경기도,의왕시,9,39
201803,경기도,의왕시,10,28
201803,경기도,의왕시,11,35
201803,경기도,의왕시,12,29
201803,경기도,의왕시,13,22
201803,경기도,의왕시,14,33
201803,경기도,의왕시,15,25
201803,경기도,의왕시,16,46
201803,경기도,의왕시,17,61
201803,경기도,의왕시,18,41
201803,경기도,의왕시,19,28
201803,경기도,의왕시,20,29
201803,경기도,의왕시,21,36
201803,경기도,의왕시,22,22
201803,경기도,의왕시,23,20
201803,경기도,의왕시,24,18
201803,경기도,의왕시,25,6
201803,경기도,의왕시,26,8
201803,경기도,의왕시,28,9
201803,경기도,의왕시,29,6
201803,경기도,의왕시,30,5
201803,경기도,의왕시,31,6
201803,경기도,의왕시,32,4
201803,경기도,의왕시,33,5
201803,경기도,의왕시,34,6
201803,경기도,의왕시,35,8
201803,경기도,의왕시,36,11
201803,경기도,의왕시,37,3
201803,경기도,의왕시,38,14
201803,경기도,의왕시,39,4
201803,경기도,의왕시,40,9
201803,경기도,의왕시,41,9
201803,경기도,의왕시,42,14
201803,경기도,의왕시,43,19
201803,경기도,의왕시,44,23
201803,경기도,의왕시,45,20
201803,경기도,의왕시,46,25
201803,경기도,의왕시,47,28
201803,경기도,의왕시,48,31
201803,경기도,의왕시,49,34
201803,경기도,의왕시,50,36
201803,경기도,의왕시,51,31
201803,경기도,의왕시,52,28
201803,경기도,의왕시,53,36
201803,경기도,의왕시,54,22
201803,경기도,의왕시,55,36
201803,경기도,의왕시,56,39
201803,경기도,의왕시,57,31
201803,경기도,의왕시,58,26
201803,경기도,의왕시,59,22
201803,경기도,의왕시,60,34
201803,경기도,의왕시,61,34
201803,경기도,의왕시,62,35
201803,경기도,의왕시,63,31
201803,경기도,의왕시,64,31
201803,경기도,의왕시,65,29
201803,경기도,의왕시,66,26
201803,경기도,의왕시,67,29
201803,경기도,의왕시,68,32
201803,경기도,의왕시,69,27
201803,경기도,의왕시,70,31
201803,경기도,의왕시,71,34
201803,경기도,의왕시,72,26
201803,경기도,의왕시,73,24
201803,경기도,의왕시,74,27
201803,경기도,의왕시,75,46
201803,경기도,의왕시,76,36
201803,경기도,의왕시,77,38
201803,경기도,의왕시,78,31
201803,경기도,의왕시,79,34
201803,경기도,의왕시,80,23
201803,경기도,의왕시,81,23
201803,경기도,의왕시,82,18
201803,경기도,의왕시,83,15
201803,경기도,의왕시,84,18
201803,경기도,의왕시,85,16
201803,경기도,의왕시,86,12
201803,경기도,의왕시,87,11
201803,경기도,의왕시,88,17
201803,경기도,의왕시,89,11
201803,경기도,의왕시,90,8
201803,경기도,의왕시,91,4
201803,경기도,의왕시,92,6
201803,경기도,의왕시,93,1
201803,경기도,의왕시,94,2
201803,경기도,의왕시,95,3
201803,경기도,의왕시,96,2
201803,경기도,의왕시,98,2
201803,경기도,의왕시,99,3
201803,경기도,하남시,0,6
201803,경기도,하남시,1,7
201803,경기도,하남시,2,10
201803,경기도,하남시,3,17
201803,경기도,하남시,4,17
201803,경기도,하남시,5,15
201803,경기도,하남시,6,22
201803,경기도,하남시,7,43
201803,경기도,하남시,8,54
201803,경기도,하남시,9,54
201803,경기도,하남시,10,61
201803,경기도,하남시,11,57
201803,경기도,하남시,12,59
201803,경기도,하남시,13,63
201803,경기도,하남시,14,81
201803,경기도,하남시,15,67
201803,경기도,하남시,16,94
201803,경기도,하남시,17,113
201803,경기도,하남시,18,94
201803,경기도,하남시,19,59
201803,경기도,하남시,20,40
201803,경기도,하남시,21,29
201803,경기도,하남시,22,26
201803,경기도,하남시,23,30
201803,경기도,하남시,24,26
201803,경기도,하남시,25,15
201803,경기도,하남시,26,11
201803,경기도,하남시,27,7
201803,경기도,하남시,28,15
201803,경기도,하남시,29,7
201803,경기도,하남시,30,7
201803,경기도,하남시,31,11
201803,경기도,하남시,32,11
201803,경기도,하남시,33,8
201803,경기도,하남시,34,10
201803,경기도,하남시,35,12
201803,경기도,하남시,36,24
201803,경기도,하남시,37,22
201803,경기도,하남시,38,22
201803,경기도,하남시,39,17
201803,경기도,하남시,40,23
201803,경기도,하남시,41,16
201803,경기도,하남시,42,29
201803,경기도,하남시,43,34
201803,경기도,하남시,44,35
201803,경기도,하남시,45,33
201803,경기도,하남시,46,46
201803,경기도,하남시,47,31
201803,경기도,하남시,48,49
201803,경기도,하남시,49,47
201803,경기도,하남시,50,47
201803,경기도,하남시,51,48
201803,경기도,하남시,52,55
201803,경기도,하남시,53,45
201803,경기도,하남시,54,42
201803,경기도,하남시,55,53
201803,경기도,하남시,56,52
201803,경기도,하남시,57,69
201803,경기도,하남시,58,72
201803,경기도,하남시,59,62
201803,경기도,하남시,60,65
201803,경기도,하남시,61,60
201803,경기도,하남시,62,51
201803,경기도,하남시,63,49
201803,경기도,하남시,64,44
201803,경기도,하남시,65,60
201803,경기도,하남시,66,49
201803,경기도,하남시,67,58
201803,경기도,하남시,68,57
201803,경기도,하남시,69,51
201803,경기도,하남시,70,59
201803,경기도,하남시,71,58
201803,경기도,하남시,72,45
201803,경기도,하남시,73,54
201803,경기도,하남시,74,57
201803,경기도,하남시,75,40
201803,경기도,하남시,76,64
201803,경기도,하남시,77,38
201803,경기도,하남시,78,51
201803,경기도,하남시,79,46
201803,경기도,하남시,80,37
201803,경기도,하남시,81,48
201803,경기도,하남시,82,41
201803,경기도,하남시,83,29
201803,경기도,하남시,84,24
201803,경기도,하남시,85,13
201803,경기도,하남시,86,22
201803,경기도,하남시,87,12
201803,경기도,하남시,88,19
201803,경기도,하남시,89,8
201803,경기도,하남시,90,11
201803,경기도,하남시,91,4
201803,경기도,하남시,92,5
201803,경기도,하남시,93,7
201803,경기도,하남시,94,3
201803,경기도,하남시,95,5
201803,경기도,하남시,99,1
201803,경기도,하남시,103,1
201803,경기도,용인시,0,16
201803,경기도,용인시,1,20
201803,경기도,용인시,2,25
201803,경기도,용인시,3,28
201803,경기도,용인시,4,26
201803,경기도,용인시,5,30
201803,경기도,용인시,6,39
201803,경기도,용인시,7,72
201803,경기도,용인시,8,92
201803,경기도,용인시,9,72
201803,경기도,용인시,10,126
201803,경기도,용인시,11,93
201803,경기도,용인시,12,115
201803,경기도,용인시,13,138
201803,경기도,용인시,14,137
201803,경기도,용인시,15,153
201803,경기도,용인시,16,176
201803,경기도,용인시,17,244
201803,경기도,용인시,18,178
201803,경기도,용인시,19,123
201803,경기도,용인시,20,97
201803,경기도,용인시,21,62
201803,경기도,용인시,22,55
201803,경기도,용인시,23,64
201803,경기도,용인시,24,44
201803,경기도,용인시,25,38
201803,경기도,용인시,26,30
201803,경기도,용인시,27,22
201803,경기도,용인시,28,16
201803,경기도,용인시,29,12
201803,경기도,용인시,30,17
201803,경기도,용인시,31,16
201803,경기도,용인시,32,23
201803,경기도,용인시,33,27
201803,경기도,용인시,34,32
201803,경기도,용인시,35,33
201803,경기도,용인시,36,34
201803,경기도,용인시,37,47
201803,경기도,용인시,38,52
201803,경기도,용인시,39,32
201803,경기도,용인시,40,47
201803,경기도,용인시,41,34
201803,경기도,용인시,42,69
201803,경기도,용인시,43,78
201803,경기도,용인시,44,90
201803,경기도,용인시,45,91
201803,경기도,용인시,46,90
201803,경기도,용인시,47,109
201803,경기도,용인시,48,94
201803,경기도,용인시,49,109
201803,경기도,용인시,50,123
201803,경기도,용인시,51,104
201803,경기도,용인시,52,106
201803,경기도,용인시,53,95
201803,경기도,용인시,54,100
201803,경기도,용인시,55,110
201803,경기도,용인시,56,125
201803,경기도,용인시,57,126
201803,경기도,용인시,58,102
201803,경기도,용인시,59,83
201803,경기도,용인시,60,98
201803,경기도,용인시,61,101
201803,경기도,용인시,62,103
201803,경기도,용인시,63,91
201803,경기도,용인시,64,75
201803,경기도,용인시,65,96
201803,경기도,용인시,66,64
201803,경기도,용인시,67,94
201803,경기도,용인시,68,107
201803,경기도,용인시,69,95
201803,경기도,용인시,70,107
201803,경기도,용인시,71,111
201803,경기도,용인시,72,93
201803,경기도,용인시,73,123
201803,경기도,용인시,74,83
201803,경기도,용인시,75,147
201803,경기도,용인시,76,138
201803,경기도,용인시,77,123
201803,경기도,용인시,78,107
201803,경기도,용인시,79,106
201803,경기도,용인시,80,91
201803,경기도,용인시,81,82
201803,경기도,용인시,82,87
201803,경기도,용인시,83,79
201803,경기도,용인시,84,83
201803,경기도,용인시,85,54
201803,경기도,용인시,86,55
201803,경기도,용인시,87,38
201803,경기도,용인시,88,53
201803,경기도,용인시,89,33
201803,경기도,용인시,90,19
201803,경기도,용인시,91,20
201803,경기도,용인시,92,18
201803,경기도,용인시,93,10
201803,경기도,용인시,94,12
201803,경기도,용인시,95,7
201803,경기도,용인시,96,4
201803,경기도,용인시,97,7
201803,경기도,용인시,98,2
201803,경기도,용인시,99,4
201803,경기도,용인시,106,2
201803,경기도,파주시,0,9
201803,경기도,파주시,1,21
201803,경기도,파주시,2,29
201803,경기도,파주시,3,35
201803,경기도,파주시,4,47
201803,경기도,파주시,5,48
201803,경기도,파주시,6,59
201803,경기도,파주시,7,135
201803,경기도,파주시,8,139
201803,경기도,파주시,9,198
201803,경기도,파주시,10,203
201803,경기도,파주시,11,206
201803,경기도,파주시,12,207
201803,경기도,파주시,13,217
201803,경기도,파주시,14,219
201803,경기도,파주시,15,260
201803,경기도,파주시,16,301
201803,경기도,파주시,17,338
201803,경기도,파주시,18,277
201803,경기도,파주시,19,166
201803,경기도,파주시,20,115
201803,경기도,파주시,21,87
201803,경기도,파주시,22,81
201803,경기도,파주시,23,70
201803,경기도,파주시,24,43
201803,경기도,파주시,25,32
201803,경기도,파주시,26,23
201803,경기도,파주시,27,22
201803,경기도,파주시,28,13
201803,경기도,파주시,29,23
201803,경기도,파주시,30,13
201803,경기도,파주시,31,24
201803,경기도,파주시,32,17
201803,경기도,파주시,33,20
201803,경기도,파주시,34,27
201803,경기도,파주시,35,38
201803,경기도,파주시,36,35
201803,경기도,파주시,37,38
201803,경기도,파주시,38,49
201803,경기도,파주시,39,59
201803,경기도,파주시,40,65
201803,경기도,파주시,41,79
201803,경기도,파주시,42,68
201803,경기도,파주시,43,108
201803,경기도,파주시,44,108
201803,경기도,파주시,45,121
201803,경기도,파주시,46,126
201803,경기도,파주시,47,146
201803,경기도,파주시,48,144
201803,경기도,파주시,49,147
201803,경기도,파주시,50,135
201803,경기도,파주시,51,142
201803,경기도,파주시,52,131
201803,경기도,파주시,53,134
201803,경기도,파주시,54,139
201803,경기도,파주시,55,164
201803,경기도,파주시,56,149
201803,경기도,파주시,57,161
201803,경기도,파주시,58,154
201803,경기도,파주시,59,135
201803,경기도,파주시,60,152
201803,경기도,파주시,61,145
201803,경기도,파주시,62,146
201803,경기도,파주시,63,135
201803,경기도,파주시,64,119
201803,경기도,파주시,65,153
201803,경기도,파주시,66,102
201803,경기도,파주시,67,129
201803,경기도,파주시,68,148
201803,경기도,파주시,69,147
201803,경기도,파주시,70,150
201803,경기도,파주시,71,164
201803,경기도,파주시,72,152
201803,경기도,파주시,73,215
201803,경기도,파주시,74,180
201803,경기도,파주시,75,211
201803,경기도,파주시,76,199
201803,경기도,파주시,77,165
201803,경기도,파주시,78,165
201803,경기도,파주시,79,141
201803,경기도,파주시,80,141
201803,경기도,파주시,81,137
201803,경기도,파주시,82,116
201803,경기도,파주시,83,100
201803,경기도,파주시,84,94
201803,경기도,파주시,85,84
201803,경기도,파주시,86,65
201803,경기도,파주시,87,51
201803,경기도,파주시,88,51
201803,경기도,파주시,89,39
201803,경기도,파주시,90,30
201803,경기도,파주시,91,23
201803,경기도,파주시,92,15
201803,경기도,파주시,93,10
201803,경기도,파주시,94,7
201803,경기도,파주시,95,4
201803,경기도,파주시,96,5
201803,경기도,파주시,97,2
201803,경기도,파주시,98,6
201803,경기도,파주시,99,2
201803,경기도,파주시,100,2
201803,경기도,파주시,101,2
201803,경기도,이천시,0,7
201803,경기도,이천시,1,6
201803,경기도,이천시,2,11
201803,경기도,이천시,3,14
201803,경기도,이천시,4,11
201803,경기도,이천시,5,18
201803,경기도,이천시,6,15
201803,경기도,이천시,7,45
201803,경기도,이천시,8,36
201803,경기도,이천시,9,68
201803,경기도,이천시,10,71
201803,경기도,이천시,11,62
201803,경기도,이천시,12,52
201803,경기도,이천시,13,70
201803,경기도,이천시,14,81
201803,경기도,이천시,15,90
201803,경기도,이천시,16,100
201803,경기도,이천시,17,123
201803,경기도,이천시,18,125
201803,경기도,이천시,19,66
201803,경기도,이천시,20,54
201803,경기도,이천시,21,31
201803,경기도,이천시,22,34
201803,경기도,이천시,23,20
201803,경기도,이천시,24,22
201803,경기도,이천시,25,12
201803,경기도,이천시,26,15
201803,경기도,이천시,27,6
201803,경기도,이천시,28,7
201803,경기도,이천시,29,8
201803,경기도,이천시,30,8
201803,경기도,이천시,31,10
201803,경기도,이천시,32,6
201803,경기도,이천시,33,11
201803,경기도,이천시,34,9
201803,경기도,이천시,35,14
201803,경기도,이천시,36,16
201803,경기도,이천시,37,24
201803,경기도,이천시,38,18
201803,경기도,이천시,39,31
201803,경기도,이천시,40,31
201803,경기도,이천시,41,24
201803,경기도,이천시,42,33
201803,경기도,이천시,43,50
201803,경기도,이천시,44,48
201803,경기도,이천시,45,33
201803,경기도,이천시,46,41
201803,경기도,이천시,47,56
201803,경기도,이천시,48,60
201803,경기도,이천시,49,54
201803,경기도,이천시,50,62
201803,경기도,이천시,51,71
201803,경기도,이천시,52,51
201803,경기도,이천시,53,72
201803,경기도,이천시,54,61
201803,경기도,이천시,55,67
201803,경기도,이천시,56,84
201803,경기도,이천시,57,78
201803,경기도,이천시,58,70
201803,경기도,이천시,59,67
201803,경기도,이천시,60,60
201803,경기도,이천시,61,47
201803,경기도,이천시,62,55
201803,경기도,이천시,63,50
201803,경기도,이천시,64,64
201803,경기도,이천시,65,69
201803,경기도,이천시,66,50
201803,경기도,이천시,67,51
201803,경기도,이천시,68,61
201803,경기도,이천시,69,60
201803,경기도,이천시,70,53
201803,경기도,이천시,71,49
201803,경기도,이천시,72,49
201803,경기도,이천시,73,64
201803,경기도,이천시,74,60
201803,경기도,이천시,75,73
201803,경기도,이천시,76,60
201803,경기도,이천시,77,49
201803,경기도,이천시,78,57
201803,경기도,이천시,79,65
201803,경기도,이천시,80,54
201803,경기도,이천시,81,41
201803,경기도,이천시,82,48
201803,경기도,이천시,83,47
201803,경기도,이천시,84,29
201803,경기도,이천시,85,25
201803,경기도,이천시,86,34
201803,경기도,이천시,87,20
201803,경기도,이천시,88,21
201803,경기도,이천시,89,15
201803,경기도,이천시,90,11
201803,경기도,이천시,91,6
201803,경기도,이천시,92,4
201803,경기도,이천시,93,6
201803,경기도,이천시,94,3
201803,경기도,이천시,95,5
201803,경기도,이천시,96,4
201803,경기도,이천시,97,6
201803,경기도,이천시,98,1
201803,경기도,이천시,100,1
201803,경기도,안성시,0,6
201803,경기도,안성시,1,9
201803,경기도,안성시,2,20
201803,경기도,안성시,3,17
201803,경기도,안성시,4,17
201803,경기도,안성시,5,29
201803,경기도,안성시,6,40
201803,경기도,안성시,7,52
201803,경기도,안성시,8,46
201803,경기도,안성시,9,63
201803,경기도,안성시,10,102
201803,경기도,안성시,11,81
201803,경기도,안성시,12,75
201803,경기도,안성시,13,64
201803,경기도,안성시,14,97
201803,경기도,안성시,15,114
201803,경기도,안성시,16,130
201803,경기도,안성시,17,155
201803,경기도,안성시,18,111
201803,경기도,안성시,19,77
201803,경기도,안성시,20,58
201803,경기도,안성시,21,53
201803,경기도,안성시,22,37
201803,경기도,안성시,23,34
201803,경기도,안성시,24,26
201803,경기도,안성시,25,24
201803,경기도,안성시,26,12
201803,경기도,안성시,27,16
201803,경기도,안성시,28,11
201803,경기도,안성시,29,16
201803,경기도,안성시,30,11
201803,경기도,안성시,31,12
201803,경기도,안성시,32,9
201803,경기도,안성시,33,12
201803,경기도,안성시,34,18
201803,경기도,안성시,35,24
201803,경기도,안성시,36,33
201803,경기도,안성시,37,23
201803,경기도,안성시,38,26
201803,경기도,안성시,39,34
201803,경기도,안성시,40,39
201803,경기도,안성시,41,25
201803,경기도,안성시,42,39
201803,경기도,안성시,43,41
201803,경기도,안성시,44,49
201803,경기도,안성시,45,58
201803,경기도,안성시,46,59
201803,경기도,안성시,47,56
201803,경기도,안성시,48,66
201803,경기도,안성시,49,67
201803,경기도,안성시,50,74
201803,경기도,안성시,51,69
201803,경기도,안성시,52,68
201803,경기도,안성시,53,75
201803,경기도,안성시,54,70
201803,경기도,안성시,55,73
201803,경기도,안성시,56,87
201803,경기도,안성시,57,99
201803,경기도,안성시,58,91
201803,경기도,안성시,59,81
201803,경기도,안성시,60,82
201803,경기도,안성시,61,64
201803,경기도,안성시,62,74
201803,경기도,안성시,63,71
201803,경기도,안성시,64,55
201803,경기도,안성시,65,73
201803,경기도,안성시,66,71
201803,경기도,안성시,67,64
201803,경기도,안성시,68,56
201803,경기도,안성시,69,64
201803,경기도,안성시,70,65
201803,경기도,안성시,71,61
201803,경기도,안성시,72,60
201803,경기도,안성시,73,74
201803,경기도,안성시,74,60
201803,경기도,안성시,75,83
201803,경기도,안성시,76,70
201803,경기도,안성시,77,75
201803,경기도,안성시,78,84
201803,경기도,안성시,79,87
201803,경기도,안성시,80,71
201803,경기도,안성시,81,61
201803,경기도,안성시,82,53
201803,경기도,안성시,83,51
201803,경기도,안성시,84,48
201803,경기도,안성시,85,43
201803,경기도,안성시,86,32
201803,경기도,안성시,87,16
201803,경기도,안성시,88,19
201803,경기도,안성시,89,12
201803,경기도,안성시,90,17
201803,경기도,안성시,91,12
201803,경기도,안성시,92,9
201803,경기도,안성시,93,8
201803,경기도,안성시,94,5
201803,경기도,안성시,95,3
201803,경기도,안성시,96,3
201803,경기도,안성시,97,1
201803,경기도,안성시,98,3
201803,경기도,안성시,100,1
201803,경기도,안성시,102,1
201803,경기도,안성시,103,1
201803,경기도,김포시,0,9
201803,경기도,김포시,1,22
201803,경기도,김포시,2,19
201803,경기도,김포시,3,24
201803,경기도,김포시,4,25
201803,경기도,김포시,5,37
201803,경기도,김포시,6,40
201803,경기도,김포시,7,63
201803,경기도,김포시,8,82
201803,경기도,김포시,9,98
201803,경기도,김포시,10,93
201803,경기도,김포시,11,111
201803,경기도,김포시,12,100
201803,경기도,김포시,13,112
201803,경기도,김포시,14,109
201803,경기도,김포시,15,113
201803,경기도,김포시,16,137
201803,경기도,김포시,17,174
201803,경기도,김포시,18,122
201803,경기도,김포시,19,79
201803,경기도,김포시,20,58
201803,경기도,김포시,21,55
201803,경기도,김포시,22,43
201803,경기도,김포시,23,41
201803,경기도,김포시,24,27
201803,경기도,김포시,25,34
201803,경기도,김포시,26,24
201803,경기도,김포시,27,15
201803,경기도,김포시,28,15
201803,경기도,김포시,29,15
201803,경기도,김포시,30,20
201803,경기도,김포시,31,22
201803,경기도,김포시,32,17
201803,경기도,김포시,33,17
201803,경기도,김포시,34,23
201803,경기도,김포시,35,23
201803,경기도,김포시,36,27
201803,경기도,김포시,37,36
201803,경기도,김포시,38,35
201803,경기도,김포시,39,32
201803,경기도,김포시,40,38
201803,경기도,김포시,41,42
201803,경기도,김포시,42,41
201803,경기도,김포시,43,52
201803,경기도,김포시,44,58
201803,경기도,김포시,45,72
201803,경기도,김포시,46,79
201803,경기도,김포시,47,68
201803,경기도,김포시,48,90
201803,경기도,김포시,49,83
201803,경기도,김포시,50,76
201803,경기도,김포시,51,78
201803,경기도,김포시,52,98
201803,경기도,김포시,53,89
201803,경기도,김포시,54,83
201803,경기도,김포시,55,93
201803,경기도,김포시,56,112
201803,경기도,김포시,57,104
201803,경기도,김포시,58,95
201803,경기도,김포시,59,106
201803,경기도,김포시,60,110
201803,경기도,김포시,61,84
201803,경기도,김포시,62,90
201803,경기도,김포시,63,95
201803,경기도,김포시,64,81
201803,경기도,김포시,65,91
201803,경기도,김포시,66,88
201803,경기도,김포시,67,69
201803,경기도,김포시,68,104
201803,경기도,김포시,69,111
201803,경기도,김포시,70,122
201803,경기도,김포시,71,92
201803,경기도,김포시,72,105
201803,경기도,김포시,73,144
201803,경기도,김포시,74,121
201803,경기도,김포시,75,118
201803,경기도,김포시,76,130
201803,경기도,김포시,77,81
201803,경기도,김포시,78,96
201803,경기도,김포시,79,108
201803,경기도,김포시,80,79
201803,경기도,김포시,81,62
201803,경기도,김포시,82,65
201803,경기도,김포시,83,65
201803,경기도,김포시,84,46
201803,경기도,김포시,85,38
201803,경기도,김포시,86,37
201803,경기도,김포시,87,29
201803,경기도,김포시,88,22
201803,경기도,김포시,89,26
201803,경기도,김포시,90,18
201803,경기도,김포시,91,18
201803,경기도,김포시,92,8
201803,경기도,김포시,93,9
201803,경기도,김포시,94,5
201803,경기도,김포시,95,6
201803,경기도,김포시,96,3
201803,경기도,김포시,97,5
201803,경기도,김포시,99,1
201803,경기도,화성시,0,13
201803,경기도,화성시,1,27
201803,경기도,화성시,2,30
201803,경기도,화성시,3,30
201803,경기도,화성시,4,32
201803,경기도,화성시,5,35
201803,경기도,화성시,6,51
201803,경기도,화성시,7,97
201803,경기도,화성시,8,105
201803,경기도,화성시,9,143
201803,경기도,화성시,10,149
201803,경기도,화성시,11,141
201803,경기도,화성시,12,152
201803,경기도,화성시,13,154
201803,경기도,화성시,14,137
201803,경기도,화성시,15,185
201803,경기도,화성시,16,205
201803,경기도,화성시,17,249
201803,경기도,화성시,18,198
201803,경기도,화성시,19,100
201803,경기도,화성시,20,75
201803,경기도,화성시,21,57
201803,경기도,화성시,22,55
201803,경기도,화성시,23,41
201803,경기도,화성시,24,26
201803,경기도,화성시,25,15
201803,경기도,화성시,26,24
201803,경기도,화성시,27,18
201803,경기도,화성시,28,15
201803,경기도,화성시,29,11
201803,경기도,화성시,30,25
201803,경기도,화성시,31,20
201803,경기도,화성시,32,22
201803,경기도,화성시,33,23
201803,경기도,화성시,34,36
201803,경기도,화성시,35,42
201803,경기도,화성시,36,41
201803,경기도,화성시,37,34
201803,경기도,화성시,38,43
201803,경기도,화성시,39,39
201803,경기도,화성시,40,51
201803,경기도,화성시,41,38
201803,경기도,화성시,42,67
201803,경기도,화성시,43,80
201803,경기도,화성시,44,88
201803,경기도,화성시,45,109
201803,경기도,화성시,46,78
201803,경기도,화성시,47,95
201803,경기도,화성시,48,94
201803,경기도,화성시,49,113
201803,경기도,화성시,50,108
201803,경기도,화성시,51,100
201803,경기도,화성시,52,105
201803,경기도,화성시,53,105
201803,경기도,화성시,54,89
201803,경기도,화성시,55,106
201803,경기도,화성시,56,91
201803,경기도,화성시,57,99
201803,경기도,화성시,58,96
201803,경기도,화성시,59,102
201803,경기도,화성시,60,91
201803,경기도,화성시,61,80
201803,경기도,화성시,62,88
201803,경기도,화성시,63,93
201803,경기도,화성시,64,81
201803,경기도,화성시,65,100
201803,경기도,화성시,66,68
201803,경기도,화성시,67,80
201803,경기도,화성시,68,76
201803,경기도,화성시,69,94
201803,경기도,화성시,70,84
201803,경기도,화성시,71,110
201803,경기도,화성시,72,76
201803,경기도,화성시,73,93
201803,경기도,화성시,74,103
201803,경기도,화성시,75,112
201803,경기도,화성시,76,112
201803,경기도,화성시,77,112
201803,경기도,화성시,78,80
201803,경기도,화성시,79,76
201803,경기도,화성시,80,87
201803,경기도,화성시,81,58
201803,경기도,화성시,82,68
201803,경기도,화성시,83,68
201803,경기도,화성시,84,53
201803,경기도,화성시,85,49
201803,경기도,화성시,86,39
201803,경기도,화성시,87,29
201803,경기도,화성시,88,29
201803,경기도,화성시,89,22
201803,경기도,화성시,90,19
201803,경기도,화성시,91,14
201803,경기도,화성시,92,9
201803,경기도,화성시,93,9
201803,경기도,화성시,94,6
201803,경기도,화성시,95,5
201803,경기도,화성시,96,6
201803,경기도,화성시,97,1
201803,경기도,화성시,99,1
201803,경기도,화성시,100,1
201803,경기도,화성시,105,1
201803,경기도,광주시,0,11
201803,경기도,광주시,1,16
201803,경기도,광주시,2,15
201803,경기도,광주시,3,12
201803,경기도,광주시,4,16
201803,경기도,광주시,5,12
201803,경기도,광주시,6,23
201803,경기도,광주시,7,71
201803,경기도,광주시,8,67
201803,경기도,광주시,9,81
201803,경기도,광주시,10,112
201803,경기도,광주시,11,98
201803,경기도,광주시,12,104
201803,경기도,광주시,13,113
201803,경기도,광주시,14,141
201803,경기도,광주시,15,129
201803,경기도,광주시,16,124
201803,경기도,광주시,17,178
201803,경기도,광주시,18,116
201803,경기도,광주시,19,73
201803,경기도,광주시,20,45
201803,경기도,광주시,21,32
201803,경기도,광주시,22,34
201803,경기도,광주시,23,33
201803,경기도,광주시,24,22
201803,경기도,광주시,25,17
201803,경기도,광주시,26,12
201803,경기도,광주시,27,12
201803,경기도,광주시,28,11
201803,경기도,광주시,29,6
201803,경기도,광주시,30,10
201803,경기도,광주시,31,7
201803,경기도,광주시,32,21
201803,경기도,광주시,33,6
201803,경기도,광주시,34,19
201803,경기도,광주시,35,25
201803,경기도,광주시,36,30
201803,경기도,광주시,37,25
201803,경기도,광주시,38,25
201803,경기도,광주시,39,24
201803,경기도,광주시,40,38
201803,경기도,광주시,41,33
201803,경기도,광주시,42,41
201803,경기도,광주시,43,28
201803,경기도,광주시,44,47
201803,경기도,광주시,45,51
201803,경기도,광주시,46,51
201803,경기도,광주시,47,68
201803,경기도,광주시,48,71
201803,경기도,광주시,49,47
201803,경기도,광주시,50,62
201803,경기도,광주시,51,57
201803,경기도,광주시,52,69
201803,경기도,광주시,53,65
201803,경기도,광주시,54,62
201803,경기도,광주시,55,69
201803,경기도,광주시,56,66
201803,경기도,광주시,57,72
201803,경기도,광주시,58,75
201803,경기도,광주시,59,63
201803,경기도,광주시,60,58
201803,경기도,광주시,61,61
201803,경기도,광주시,62,70
201803,경기도,광주시,63,61
201803,경기도,광주시,64,58
201803,경기도,광주시,65,75
201803,경기도,광주시,66,48
201803,경기도,광주시,67,49
201803,경기도,광주시,68,65
201803,경기도,광주시,69,61
201803,경기도,광주시,70,60
201803,경기도,광주시,71,59
201803,경기도,광주시,72,52
201803,경기도,광주시,73,56
201803,경기도,광주시,74,79
201803,경기도,광주시,75,82
201803,경기도,광주시,76,60
201803,경기도,광주시,77,51
201803,경기도,광주시,78,57
201803,경기도,광주시,79,57
201803,경기도,광주시,80,59
201803,경기도,광주시,81,49
201803,경기도,광주시,82,44
201803,경기도,광주시,83,51
201803,경기도,광주시,84,33
201803,경기도,광주시,85,25
201803,경기도,광주시,86,18
201803,경기도,광주시,87,18
201803,경기도,광주시,88,21
201803,경기도,광주시,89,28
201803,경기도,광주시,90,17
201803,경기도,광주시,91,9
201803,경기도,광주시,92,16
201803,경기도,광주시,93,5
201803,경기도,광주시,94,4
201803,경기도,광주시,95,3
201803,경기도,광주시,96,2
201803,경기도,광주시,97,1
201803,경기도,광주시,98,3
201803,경기도,광주시,107,1
201803,경기도,광주시,109,1
201803,경기도,양주시,0,10
201803,경기도,양주시,1,15
201803,경기도,양주시,2,8
201803,경기도,양주시,3,18
201803,경기도,양주시,4,20
201803,경기도,양주시,5,18
201803,경기도,양주시,6,38
201803,경기도,양주시,7,67
201803,경기도,양주시,8,72
201803,경기도,양주시,9,106
201803,경기도,양주시,10,112
201803,경기도,양주시,11,124
201803,경기도,양주시,12,103
201803,경기도,양주시,13,134
201803,경기도,양주시,14,145
201803,경기도,양주시,15,148
201803,경기도,양주시,16,176
201803,경기도,양주시,17,188
201803,경기도,양주시,18,148
201803,경기도,양주시,19,78
201803,경기도,양주시,20,53
201803,경기도,양주시,21,48
201803,경기도,양주시,22,34
201803,경기도,양주시,23,23
201803,경기도,양주시,24,20
201803,경기도,양주시,25,15
201803,경기도,양주시,26,16
201803,경기도,양주시,27,9
201803,경기도,양주시,28,17
201803,경기도,양주시,29,7
201803,경기도,양주시,30,12
201803,경기도,양주시,31,9
201803,경기도,양주시,32,20
201803,경기도,양주시,33,12
201803,경기도,양주시,34,19
201803,경기도,양주시,35,23
201803,경기도,양주시,36,28
201803,경기도,양주시,37,23
201803,경기도,양주시,38,42
201803,경기도,양주시,39,30
201803,경기도,양주시,40,39
201803,경기도,양주시,41,36
201803,경기도,양주시,42,54
201803,경기도,양주시,43,55
201803,경기도,양주시,44,61
201803,경기도,양주시,45,77
201803,경기도,양주시,46,70
201803,경기도,양주시,47,84
201803,경기도,양주시,48,66
201803,경기도,양주시,49,77
201803,경기도,양주시,50,76
201803,경기도,양주시,51,61
201803,경기도,양주시,52,72
201803,경기도,양주시,53,77
201803,경기도,양주시,54,60
201803,경기도,양주시,55,75
201803,경기도,양주시,56,93
201803,경기도,양주시,57,104
201803,경기도,양주시,58,92
201803,경기도,양주시,59,71
201803,경기도,양주시,60,80
201803,경기도,양주시,61,72
201803,경기도,양주시,62,70
201803,경기도,양주시,63,71
201803,경기도,양주시,64,57
201803,경기도,양주시,65,85
201803,경기도,양주시,66,68
201803,경기도,양주시,67,70
201803,경기도,양주시,68,71
201803,경기도,양주시,69,95
201803,경기도,양주시,70,109
201803,경기도,양주시,71,104
201803,경기도,양주시,72,104
201803,경기도,양주시,73,101
201803,경기도,양주시,74,109
201803,경기도,양주시,75,94
201803,경기도,양주시,76,105
201803,경기도,양주시,77,98
201803,경기도,양주시,78,74
201803,경기도,양주시,79,99
201803,경기도,양주시,80,91
201803,경기도,양주시,81,58
201803,경기도,양주시,82,61
201803,경기도,양주시,83,58
201803,경기도,양주시,84,53
201803,경기도,양주시,85,39
201803,경기도,양주시,86,46
201803,경기도,양주시,87,30
201803,경기도,양주시,88,29
201803,경기도,양주시,89,19
201803,경기도,양주시,90,13
201803,경기도,양주시,91,11
201803,경기도,양주시,92,10
201803,경기도,양주시,93,5
201803,경기도,양주시,94,6
201803,경기도,양주시,95,1
201803,경기도,양주시,96,5
201803,경기도,양주시,97,3
201803,경기도,양주시,98,1
201803,경기도,양주시,99,1
201803,경기도,양주시,100,1
201803,경기도,양주시,101,1
201803,경기도,포천시,0,9
201803,경기도,포천시,1,12
201803,경기도,포천시,2,11
201803,경기도,포천시,3,19
201803,경기도,포천시,4,15
201803,경기도,포천시,5,29
201803,경기도,포천시,6,23
201803,경기도,포천시,7,41
201803,경기도,포천시,8,50
201803,경기도,포천시,9,75
201803,경기도,포천시,10,68
201803,경기도,포천시,11,93
201803,경기도,포천시,12,76
201803,경기도,포천시,13,88
201803,경기도,포천시,14,110
201803,경기도,포천시,15,108
201803,경기도,포천시,16,132
201803,경기도,포천시,17,147
201803,경기도,포천시,18,112
201803,경기도,포천시,19,75
201803,경기도,포천시,20,59
201803,경기도,포천시,21,34
201803,경기도,포천시,22,39
201803,경기도,포천시,23,21
201803,경기도,포천시,24,24
201803,경기도,포천시,25,13
201803,경기도,포천시,26,12
201803,경기도,포천시,27,11
201803,경기도,포천시,28,12
201803,경기도,포천시,29,18
201803,경기도,포천시,30,9
201803,경기도,포천시,31,13
201803,경기도,포천시,32,16
201803,경기도,포천시,33,14
201803,경기도,포천시,34,18
201803,경기도,포천시,35,19
201803,경기도,포천시,36,28
201803,경기도,포천시,37,27
201803,경기도,포천시,38,32
201803,경기도,포천시,39,26
201803,경기도,포천시,40,35
201803,경기도,포천시,41,36
201803,경기도,포천시,42,47
201803,경기도,포천시,43,37
201803,경기도,포천시,44,68
201803,경기도,포천시,45,62
201803,경기도,포천시,46,64
201803,경기도,포천시,47,71
201803,경기도,포천시,48,66
201803,경기도,포천시,49,73
201803,경기도,포천시,50,63
201803,경기도,포천시,51,84
201803,경기도,포천시,52,86
201803,경기도,포천시,53,76
201803,경기도,포천시,54,73
201803,경기도,포천시,55,90
201803,경기도,포천시,56,100
201803,경기도,포천시,57,100
201803,경기도,포천시,58,95
201803,경기도,포천시,59,109
201803,경기도,포천시,60,100
201803,경기도,포천시,61,94
201803,경기도,포천시,62,77
201803,경기도,포천시,63,74
201803,경기도,포천시,64,58
201803,경기도,포천시,65,84
201803,경기도,포천시,66,76
201803,경기도,포천시,67,81
201803,경기도,포천시,68,83
201803,경기도,포천시,69,88
201803,경기도,포천시,70,102
201803,경기도,포천시,71,89
201803,경기도,포천시,72,70
201803,경기도,포천시,73,78
201803,경기도,포천시,74,85
201803,경기도,포천시,75,95
201803,경기도,포천시,76,86
201803,경기도,포천시,77,97
201803,경기도,포천시,78,93
201803,경기도,포천시,79,77
201803,경기도,포천시,80,76
201803,경기도,포천시,81,65
201803,경기도,포천시,82,58
201803,경기도,포천시,83,47
201803,경기도,포천시,84,38
201803,경기도,포천시,85,31
201803,경기도,포천시,86,27
201803,경기도,포천시,87,24
201803,경기도,포천시,88,17
201803,경기도,포천시,89,22
201803,경기도,포천시,90,14
201803,경기도,포천시,91,17
201803,경기도,포천시,92,8
201803,경기도,포천시,93,8
201803,경기도,포천시,94,6
201803,경기도,포천시,95,4
201803,경기도,포천시,96,3
201803,경기도,포천시,97,3
201803,경기도,포천시,98,1
201803,경기도,포천시,99,3
201803,경기도,포천시,100,2
201803,경기도,포천시,105,1
201803,경기도,여주시,0,6
201803,경기도,여주시,1,10
201803,경기도,여주시,2,15
201803,경기도,여주시,3,9
201803,경기도,여주시,4,8
201803,경기도,여주시,5,24
201803,경기도,여주시,6,16
201803,경기도,여주시,7,42
201803,경기도,여주시,8,38
201803,경기도,여주시,9,53
201803,경기도,여주시,10,54
201803,경기도,여주시,11,59
201803,경기도,여주시,12,53
201803,경기도,여주시,13,43
201803,경기도,여주시,14,78
201803,경기도,여주시,15,68
201803,경기도,여주시,16,85
201803,경기도,여주시,17,104
201803,경기도,여주시,18,93
201803,경기도,여주시,19,49
201803,경기도,여주시,20,44
201803,경기도,여주시,21,40
201803,경기도,여주시,22,30
201803,경기도,여주시,23,17
201803,경기도,여주시,24,18
201803,경기도,여주시,25,13
201803,경기도,여주시,26,8
201803,경기도,여주시,27,7
201803,경기도,여주시,28,3
201803,경기도,여주시,29,8
201803,경기도,여주시,30,8
201803,경기도,여주시,31,7
201803,경기도,여주시,32,7
201803,경기도,여주시,33,8
201803,경기도,여주시,34,9
201803,경기도,여주시,35,10
201803,경기도,여주시,36,17
201803,경기도,여주시,37,15
201803,경기도,여주시,38,25
201803,경기도,여주시,39,18
201803,경기도,여주시,40,20
201803,경기도,여주시,41,25
201803,경기도,여주시,42,35
201803,경기도,여주시,43,32
201803,경기도,여주시,44,39
201803,경기도,여주시,45,49
201803,경기도,여주시,46,34
201803,경기도,여주시,47,43
201803,경기도,여주시,48,42
201803,경기도,여주시,49,57
201803,경기도,여주시,50,38
201803,경기도,여주시,51,59
201803,경기도,여주시,52,62
201803,경기도,여주시,53,50
201803,경기도,여주시,54,59
201803,경기도,여주시,55,65
201803,경기도,여주시,56,57
201803,경기도,여주시,57,84
201803,경기도,여주시,58,51
201803,경기도,여주시,59,60
201803,경기도,여주시,60,59
201803,경기도,여주시,61,56
201803,경기도,여주시,62,73
201803,경기도,여주시,63,60
201803,경기도,여주시,64,53
201803,경기도,여주시,65,70
201803,경기도,여주시,66,48
201803,경기도,여주시,67,51
201803,경기도,여주시,68,42
201803,경기도,여주시,69,52
201803,경기도,여주시,70,63
201803,경기도,여주시,71,59
201803,경기도,여주시,72,54
201803,경기도,여주시,73,59
201803,경기도,여주시,74,51
201803,경기도,여주시,75,70
201803,경기도,여주시,76,75
201803,경기도,여주시,77,52
201803,경기도,여주시,78,60
201803,경기도,여주시,79,59
201803,경기도,여주시,80,51
201803,경기도,여주시,81,33
201803,경기도,여주시,82,50
201803,경기도,여주시,83,35
201803,경기도,여주시,84,32
201803,경기도,여주시,85,31
201803,경기도,여주시,86,16
201803,경기도,여주시,87,21
201803,경기도,여주시,88,17
201803,경기도,여주시,89,13
201803,경기도,여주시,90,6
201803,경기도,여주시,91,13
201803,경기도,여주시,92,7
201803,경기도,여주시,93,4
201803,경기도,여주시,94,4
201803,경기도,여주시,95,3
201803,경기도,여주시,96,4
201803,경기도,여주시,97,3
201803,경기도,여주시,99,1
201803,경기도,여주시,100,1
201803,경기도,여주시,101,2
201803,경기도,여주시,103,1
201803,경기도,연천군,0,2
201803,경기도,연천군,1,3
201803,경기도,연천군,2,7
201803,경기도,연천군,3,8
201803,경기도,연천군,4,6
201803,경기도,연천군,5,10
201803,경기도,연천군,6,5
201803,경기도,연천군,7,28
201803,경기도,연천군,8,25
201803,경기도,연천군,9,33
201803,경기도,연천군,10,30
201803,경기도,연천군,11,25
201803,경기도,연천군,12,37
201803,경기도,연천군,13,28
201803,경기도,연천군,14,37
201803,경기도,연천군,15,51
201803,경기도,연천군,16,41
201803,경기도,연천군,17,58
201803,경기도,연천군,18,45
201803,경기도,연천군,19,23
201803,경기도,연천군,20,17
201803,경기도,연천군,21,21
201803,경기도,연천군,22,11
201803,경기도,연천군,23,5
201803,경기도,연천군,24,13
201803,경기도,연천군,25,6
201803,경기도,연천군,26,1
201803,경기도,연천군,27,3
201803,경기도,연천군,28,2
201803,경기도,연천군,29,5
201803,경기도,연천군,30,5
201803,경기도,연천군,31,5
201803,경기도,연천군,32,2
201803,경기도,연천군,33,10
201803,경기도,연천군,34,6
201803,경기도,연천군,35,3
201803,경기도,연천군,36,8
201803,경기도,연천군,37,8
201803,경기도,연천군,38,13
201803,경기도,연천군,39,6
201803,경기도,연천군,40,16
201803,경기도,연천군,41,10
201803,경기도,연천군,42,8
201803,경기도,연천군,43,9
201803,경기도,연천군,44,13
201803,경기도,연천군,45,20
201803,경기도,연천군,46,10
201803,경기도,연천군,47,28
201803,경기도,연천군,48,25
201803,경기도,연천군,49,20
201803,경기도,연천군,50,27
201803,경기도,연천군,51,31
201803,경기도,연천군,52,34
201803,경기도,연천군,53,30
201803,경기도,연천군,54,30
201803,경기도,연천군,55,35
201803,경기도,연천군,56,23
201803,경기도,연천군,57,41
201803,경기도,연천군,58,45
201803,경기도,연천군,59,39
201803,경기도,연천군,60,39
201803,경기도,연천군,61,31
201803,경기도,연천군,62,34
201803,경기도,연천군,63,43
201803,경기도,연천군,64,43
201803,경기도,연천군,65,34
201803,경기도,연천군,66,36
201803,경기도,연천군,67,21
201803,경기도,연천군,68,40
201803,경기도,연천군,69,38
201803,경기도,연천군,70,53
201803,경기도,연천군,71,49
201803,경기도,연천군,72,21
201803,경기도,연천군,73,32
201803,경기도,연천군,74,44
201803,경기도,연천군,75,43
201803,경기도,연천군,76,56
201803,경기도,연천군,77,55
201803,경기도,연천군,78,54
201803,경기도,연천군,79,35
201803,경기도,연천군,80,41
201803,경기도,연천군,81,30
201803,경기도,연천군,82,42
201803,경기도,연천군,83,35
201803,경기도,연천군,84,27
201803,경기도,연천군,85,23
201803,경기도,연천군,86,23
201803,경기도,연천군,87,14
201803,경기도,연천군,88,14
201803,경기도,연천군,89,11
201803,경기도,연천군,90,10
201803,경기도,연천군,91,6
201803,경기도,연천군,92,4
201803,경기도,연천군,93,6
201803,경기도,연천군,94,6
201803,경기도,연천군,95,3
201803,경기도,연천군,96,1
201803,경기도,연천군,97,1
201803,경기도,연천군,98,1
201803,경기도,연천군,100,2
201803,경기도,가평군,0,1
201803,경기도,가평군,1,2
201803,경기도,가평군,2,3
201803,경기도,가평군,3,3
201803,경기도,가평군,4,2
201803,경기도,가평군,5,8
201803,경기도,가평군,6,9
201803,경기도,가평군,7,18
201803,경기도,가평군,8,21
201803,경기도,가평군,9,25
201803,경기도,가평군,10,30
201803,경기도,가평군,11,19
201803,경기도,가평군,12,36
201803,경기도,가평군,13,33
201803,경기도,가평군,14,35
201803,경기도,가평군,15,42
201803,경기도,가평군,16,42
201803,경기도,가평군,17,62
201803,경기도,가평군,18,64
201803,경기도,가평군,19,26
201803,경기도,가평군,20,15
201803,경기도,가평군,21,13
201803,경기도,가평군,22,5
201803,경기도,가평군,23,6
201803,경기도,가평군,24,3
201803,경기도,가평군,25,3
201803,경기도,가평군,26,3
201803,경기도,가평군,27,1
201803,경기도,가평군,28,2
201803,경기도,가평군,29,2
201803,경기도,가평군,30,4
201803,경기도,가평군,31,5
201803,경기도,가평군,32,4
201803,경기도,가평군,33,3
201803,경기도,가평군,34,3
201803,경기도,가평군,35,5
201803,경기도,가평군,36,9
201803,경기도,가평군,37,5
201803,경기도,가평군,38,8
201803,경기도,가평군,39,13
201803,경기도,가평군,40,10
201803,경기도,가평군,41,10
201803,경기도,가평군,42,12
201803,경기도,가평군,43,16
201803,경기도,가평군,44,17
201803,경기도,가평군,45,18
201803,경기도,가평군,46,14
201803,경기도,가평군,47,32
201803,경기도,가평군,48,25
201803,경기도,가평군,49,27
201803,경기도,가평군,50,22
201803,경기도,가평군,51,22
201803,경기도,가평군,52,30
201803,경기도,가평군,53,31
201803,경기도,가평군,54,33
201803,경기도,가평군,55,39
201803,경기도,가평군,56,34
201803,경기도,가평군,57,37
201803,경기도,가평군,58,40
201803,경기도,가평군,59,31
201803,경기도,가평군,60,48
201803,경기도,가평군,61,28
201803,경기도,가평군,62,42
201803,경기도,가평군,63,40
201803,경기도,가평군,64,29
201803,경기도,가평군,65,39
201803,경기도,가평군,66,34
201803,경기도,가평군,67,22
201803,경기도,가평군,68,37
201803,경기도,가평군,69,40
201803,경기도,가평군,70,41
201803,경기도,가평군,71,44
201803,경기도,가평군,72,42
201803,경기도,가평군,73,40
201803,경기도,가평군,74,33
201803,경기도,가평군,75,56
201803,경기도,가평군,76,51
201803,경기도,가평군,77,49
201803,경기도,가평군,78,39
201803,경기도,가평군,79,42
201803,경기도,가평군,80,36
201803,경기도,가평군,81,36
201803,경기도,가평군,82,30
201803,경기도,가평군,83,35
201803,경기도,가평군,84,25
201803,경기도,가평군,85,29
201803,경기도,가평군,86,23
201803,경기도,가평군,87,15
201803,경기도,가평군,88,13
201803,경기도,가평군,89,25
201803,경기도,가평군,90,10
201803,경기도,가평군,91,3
201803,경기도,가평군,92,6
201803,경기도,가평군,93,6
201803,경기도,가평군,94,5
201803,경기도,가평군,95,3
201803,경기도,가평군,96,1
201803,경기도,가평군,97,2
201803,경기도,가평군,98,2
201803,경기도,양평군,0,4
201803,경기도,양평군,1,6
201803,경기도,양평군,2,6
201803,경기도,양평군,3,7
201803,경기도,양평군,4,4
201803,경기도,양평군,5,10
201803,경기도,양평군,6,11
201803,경기도,양평군,7,31
201803,경기도,양평군,8,30
201803,경기도,양평군,9,44
201803,경기도,양평군,10,36
201803,경기도,양평군,11,49
201803,경기도,양평군,12,50
201803,경기도,양평군,13,59
201803,경기도,양평군,14,54
201803,경기도,양평군,15,55
201803,경기도,양평군,16,78
201803,경기도,양평군,17,90
201803,경기도,양평군,18,53
201803,경기도,양평군,19,37
201803,경기도,양평군,20,25
201803,경기도,양평군,21,33
201803,경기도,양평군,22,23
201803,경기도,양평군,23,15
201803,경기도,양평군,24,11
201803,경기도,양평군,25,10
201803,경기도,양평군,26,6
201803,경기도,양평군,27,7
201803,경기도,양평군,28,6
201803,경기도,양평군,29,8
201803,경기도,양평군,30,5
201803,경기도,양평군,31,6
201803,경기도,양평군,32,6
201803,경기도,양평군,33,3
201803,경기도,양평군,34,6
201803,경기도,양평군,35,15
201803,경기도,양평군,36,10
201803,경기도,양평군,37,14
201803,경기도,양평군,38,8
201803,경기도,양평군,39,11
201803,경기도,양평군,40,15
201803,경기도,양평군,41,12
201803,경기도,양평군,42,19
201803,경기도,양평군,43,21
201803,경기도,양평군,44,22
201803,경기도,양평군,45,25
201803,경기도,양평군,46,30
201803,경기도,양평군,47,28
201803,경기도,양평군,48,42
201803,경기도,양평군,49,44
201803,경기도,양평군,50,41
201803,경기도,양평군,51,39
201803,경기도,양평군,52,41
201803,경기도,양평군,53,54
201803,경기도,양평군,54,52
201803,경기도,양평군,55,49
201803,경기도,양평군,56,45
201803,경기도,양평군,57,68
201803,경기도,양평군,58,52
201803,경기도,양평군,59,49
201803,경기도,양평군,60,61
201803,경기도,양평군,61,51
201803,경기도,양평군,62,56
201803,경기도,양평군,63,48
201803,경기도,양평군,64,39
201803,경기도,양평군,65,51
201803,경기도,양평군,66,48
201803,경기도,양평군,67,44
201803,경기도,양평군,68,34
201803,경기도,양평군,69,46
201803,경기도,양평군,70,53
201803,경기도,양평군,71,49
201803,경기도,양평군,72,47
201803,경기도,양평군,73,64
201803,경기도,양평군,74,47
201803,경기도,양평군,75,66
201803,경기도,양평군,76,54
201803,경기도,양평군,77,49
201803,경기도,양평군,78,59
201803,경기도,양평군,79,42
201803,경기도,양평군,80,35
201803,경기도,양평군,81,43
201803,경기도,양평군,82,45
201803,경기도,양평군,83,47
201803,경기도,양평군,84,30
201803,경기도,양평군,85,36
201803,경기도,양평군,86,31
201803,경기도,양평군,87,23
201803,경기도,양평군,88,10
201803,경기도,양평군,89,15
201803,경기도,양평군,90,13
201803,경기도,양평군,91,9
201803,경기도,양평군,92,4
201803,경기도,양평군,93,2
201803,경기도,양평군,94,3
201803,경기도,양평군,95,4
201803,경기도,양평군,96,1
201803,경기도,양평군,97,1
201803,경기도,양평군,98,2
201803,경기도,양평군,99,1
201803,경기도,양평군,103,1
201803,강원도,춘천시,0,12
201803,강원도,춘천시,1,25
201803,강원도,춘천시,2,32
201803,강원도,춘천시,3,32
201803,강원도,춘천시,4,39
201803,강원도,춘천시,5,59
201803,강원도,춘천시,6,60
201803,강원도,춘천시,7,104
201803,강원도,춘천시,8,102
201803,강원도,춘천시,9,143
201803,강원도,춘천시,10,184
201803,강원도,춘천시,11,148
201803,강원도,춘천시,12,189
201803,강원도,춘천시,13,164
201803,강원도,춘천시,14,193
201803,강원도,춘천시,15,247
201803,강원도,춘천시,16,281
201803,강원도,춘천시,17,338
201803,강원도,춘천시,18,248
201803,강원도,춘천시,19,198
201803,강원도,춘천시,20,154
201803,강원도,춘천시,21,125
201803,강원도,춘천시,22,123
201803,강원도,춘천시,23,91
201803,강원도,춘천시,24,69
201803,강원도,춘천시,25,68
201803,강원도,춘천시,26,41
201803,강원도,춘천시,27,23
201803,강원도,춘천시,28,20
201803,강원도,춘천시,29,27
201803,강원도,춘천시,30,25
201803,강원도,춘천시,31,25
201803,강원도,춘천시,32,23
201803,강원도,춘천시,33,35
201803,강원도,춘천시,34,38
201803,강원도,춘천시,35,52
201803,강원도,춘천시,36,54
201803,강원도,춘천시,37,52
201803,강원도,춘천시,38,56
201803,강원도,춘천시,39,65
201803,강원도,춘천시,40,76
201803,강원도,춘천시,41,79
201803,강원도,춘천시,42,96
201803,강원도,춘천시,43,115
201803,강원도,춘천시,44,136
201803,강원도,춘천시,45,136
201803,강원도,춘천시,46,167
201803,강원도,춘천시,47,162
201803,강원도,춘천시,48,174
201803,강원도,춘천시,49,196
201803,강원도,춘천시,50,169
201803,강원도,춘천시,51,178
201803,강원도,춘천시,52,200
201803,강원도,춘천시,53,182
201803,강원도,춘천시,54,204
201803,강원도,춘천시,55,238
201803,강원도,춘천시,56,221
201803,강원도,춘천시,57,248
201803,강원도,춘천시,58,186
201803,강원도,춘천시,59,219
201803,강원도,춘천시,60,197
201803,강원도,춘천시,61,206
201803,강원도,춘천시,62,202
201803,강원도,춘천시,63,177
201803,강원도,춘천시,64,161
201803,강원도,춘천시,65,156
201803,강원도,춘천시,66,111
201803,강원도,춘천시,67,119
201803,강원도,춘천시,68,143
201803,강원도,춘천시,69,149
201803,강원도,춘천시,70,164
201803,강원도,춘천시,71,150
201803,강원도,춘천시,72,130
201803,강원도,춘천시,73,151
201803,강원도,춘천시,74,135
201803,강원도,춘천시,75,186
201803,강원도,춘천시,76,179
201803,강원도,춘천시,77,164
201803,강원도,춘천시,78,146
201803,강원도,춘천시,79,164
201803,강원도,춘천시,80,132
201803,강원도,춘천시,81,131
201803,강원도,춘천시,82,129
201803,강원도,춘천시,83,97
201803,강원도,춘천시,84,103
201803,강원도,춘천시,85,71
201803,강원도,춘천시,86,70
201803,강원도,춘천시,87,47
201803,강원도,춘천시,88,53
201803,강원도,춘천시,89,43
201803,강원도,춘천시,90,35
201803,강원도,춘천시,91,26
201803,강원도,춘천시,92,15
201803,강원도,춘천시,93,16
201803,강원도,춘천시,94,7
201803,강원도,춘천시,95,10
201803,강원도,춘천시,96,5
201803,강원도,춘천시,97,4
201803,강원도,춘천시,98,3
201803,강원도,춘천시,99,2
201803,강원도,춘천시,100,1
201803,강원도,춘천시,101,1
201803,강원도,춘천시,121,1
201803,강원도,원주시,0,14
201803,강원도,원주시,1,24
201803,강원도,원주시,2,38
201803,강원도,원주시,3,27
201803,강원도,원주시,4,44
201803,강원도,원주시,5,43
201803,강원도,원주시,6,82
201803,강원도,원주시,7,115
201803,강원도,원주시,8,151
201803,강원도,원주시,9,148
201803,강원도,원주시,10,165
201803,강원도,원주시,11,141
201803,강원도,원주시,12,191
201803,강원도,원주시,13,196
201803,강원도,원주시,14,201
201803,강원도,원주시,15,239
201803,강원도,원주시,16,262
201803,강원도,원주시,17,311
201803,강원도,원주시,18,253
201803,강원도,원주시,19,165
201803,강원도,원주시,20,138
201803,강원도,원주시,21,113
201803,강원도,원주시,22,94
201803,강원도,원주시,23,100
201803,강원도,원주시,24,62
201803,강원도,원주시,25,44
201803,강원도,원주시,26,19
201803,강원도,원주시,27,20
201803,강원도,원주시,28,27
201803,강원도,원주시,29,27
201803,강원도,원주시,30,26
201803,강원도,원주시,31,32
201803,강원도,원주시,32,33
201803,강원도,원주시,33,41
201803,강원도,원주시,34,35
201803,강원도,원주시,35,37
201803,강원도,원주시,36,52
201803,강원도,원주시,37,62
201803,강원도,원주시,38,62
201803,강원도,원주시,39,58
201803,강원도,원주시,40,69
201803,강원도,원주시,41,88
201803,강원도,원주시,42,101
201803,강원도,원주시,43,100
201803,강원도,원주시,44,124
201803,강원도,원주시,45,120
201803,강원도,원주시,46,154
201803,강원도,원주시,47,149
201803,강원도,원주시,48,134
201803,강원도,원주시,49,182
201803,강원도,원주시,50,168
201803,강원도,원주시,51,187
201803,강원도,원주시,52,155
201803,강원도,원주시,53,168
201803,강원도,원주시,54,178
201803,강원도,원주시,55,209
201803,강원도,원주시,56,185
201803,강원도,원주시,57,195
201803,강원도,원주시,58,219
201803,강원도,원주시,59,153
201803,강원도,원주시,60,203
201803,강원도,원주시,61,183
201803,강원도,원주시,62,171
201803,강원도,원주시,63,155
201803,강원도,원주시,64,114
201803,강원도,원주시,65,145
201803,강원도,원주시,66,138
201803,강원도,원주시,67,122
201803,강원도,원주시,68,112
201803,강원도,원주시,69,126
201803,강원도,원주시,70,134
201803,강원도,원주시,71,147
201803,강원도,원주시,72,118
201803,강원도,원주시,73,119
201803,강원도,원주시,74,113
201803,강원도,원주시,75,165
201803,강원도,원주시,76,181
201803,강원도,원주시,77,144
201803,강원도,원주시,78,116
201803,강원도,원주시,79,114
201803,강원도,원주시,80,120
201803,강원도,원주시,81,117
201803,강원도,원주시,82,92
201803,강원도,원주시,83,99
201803,강원도,원주시,84,73
201803,강원도,원주시,85,65
201803,강원도,원주시,86,65
201803,강원도,원주시,87,36
201803,강원도,원주시,88,29
201803,강원도,원주시,89,32
201803,강원도,원주시,90,29
201803,강원도,원주시,91,20
201803,강원도,원주시,92,16
201803,강원도,원주시,93,13
201803,강원도,원주시,94,11
201803,강원도,원주시,95,9
201803,강원도,원주시,96,2
201803,강원도,원주시,97,4
201803,강원도,원주시,98,2
201803,강원도,원주시,101,1
201803,강원도,원주시,103,1
201803,강원도,원주시,105,1
201803,강원도,강릉시,0,9
201803,강원도,강릉시,1,16
201803,강원도,강릉시,2,15
201803,강원도,강릉시,3,23
201803,강원도,강릉시,4,26
201803,강원도,강릉시,5,31
201803,강원도,강릉시,6,27
201803,강원도,강릉시,7,57
201803,강원도,강릉시,8,82
201803,강원도,강릉시,9,75
201803,강원도,강릉시,10,101
201803,강원도,강릉시,11,95
201803,강원도,강릉시,12,111
201803,강원도,강릉시,13,123
201803,강원도,강릉시,14,151
201803,강원도,강릉시,15,158
201803,강원도,강릉시,16,188
201803,강원도,강릉시,17,234
201803,강원도,강릉시,18,152
201803,강원도,강릉시,19,131
201803,강원도,강릉시,20,125
201803,강원도,강릉시,21,111
201803,강원도,강릉시,22,99
201803,강원도,강릉시,23,68
201803,강원도,강릉시,24,46
201803,강원도,강릉시,25,30
201803,강원도,강릉시,26,19
201803,강원도,강릉시,27,12
201803,강원도,강릉시,28,9
201803,강원도,강릉시,29,13
201803,강원도,강릉시,30,9
201803,강원도,강릉시,31,19
201803,강원도,강릉시,32,22
201803,강원도,강릉시,33,10
201803,강원도,강릉시,34,26
201803,강원도,강릉시,35,25
201803,강원도,강릉시,36,31
201803,강원도,강릉시,37,31
201803,강원도,강릉시,38,43
201803,강원도,강릉시,39,48
201803,강원도,강릉시,40,39
201803,강원도,강릉시,41,54
201803,강원도,강릉시,42,64
201803,강원도,강릉시,43,65
201803,강원도,강릉시,44,90
201803,강원도,강릉시,45,91
201803,강원도,강릉시,46,100
201803,강원도,강릉시,47,98
201803,강원도,강릉시,48,119
201803,강원도,강릉시,49,107
201803,강원도,강릉시,50,131
201803,강원도,강릉시,51,116
201803,강원도,강릉시,52,130
201803,강원도,강릉시,53,112
201803,강원도,강릉시,54,103
201803,강원도,강릉시,55,171
201803,강원도,강릉시,56,142
201803,강원도,강릉시,57,150
201803,강원도,강릉시,58,140
201803,강원도,강릉시,59,130
201803,강원도,강릉시,60,124
201803,강원도,강릉시,61,137
201803,강원도,강릉시,62,118
201803,강원도,강릉시,63,120
201803,강원도,강릉시,64,94
201803,강원도,강릉시,65,120
201803,강원도,강릉시,66,99
201803,강원도,강릉시,67,113
201803,강원도,강릉시,68,115
201803,강원도,강릉시,69,117
201803,강원도,강릉시,70,140
201803,강원도,강릉시,71,131
201803,강원도,강릉시,72,94
201803,강원도,강릉시,73,109
201803,강원도,강릉시,74,110
201803,강원도,강릉시,75,118
201803,강원도,강릉시,76,122
201803,강원도,강릉시,77,119
201803,강원도,강릉시,78,120
201803,강원도,강릉시,79,103
201803,강원도,강릉시,80,100
201803,강원도,강릉시,81,88
201803,강원도,강릉시,82,75
201803,강원도,강릉시,83,61
201803,강원도,강릉시,84,67
201803,강원도,강릉시,85,58
201803,강원도,강릉시,86,38
201803,강원도,강릉시,87,40
201803,강원도,강릉시,88,37
201803,강원도,강릉시,89,32
201803,강원도,강릉시,90,21
201803,강원도,강릉시,91,22
201803,강원도,강릉시,92,9
201803,강원도,강릉시,93,3
201803,강원도,강릉시,94,9
201803,강원도,강릉시,95,11
201803,강원도,강릉시,96,5
201803,강원도,강릉시,97,3
201803,강원도,강릉시,98,3
201803,강원도,강릉시,99,4
201803,강원도,강릉시,100,1
201803,강원도,강릉시,101,2
201803,강원도,강릉시,104,1
201803,강원도,동해시,0,6
201803,강원도,동해시,1,7
201803,강원도,동해시,2,14
201803,강원도,동해시,3,10
201803,강원도,동해시,4,8
201803,강원도,동해시,5,14
201803,강원도,동해시,6,8
201803,강원도,동해시,7,36
201803,강원도,동해시,8,32
201803,강원도,동해시,9,43
201803,강원도,동해시,10,34
201803,강원도,동해시,11,41
201803,강원도,동해시,12,52
201803,강원도,동해시,13,50
201803,강원도,동해시,14,44
201803,강원도,동해시,15,55
201803,강원도,동해시,16,68
201803,강원도,동해시,17,76
201803,강원도,동해시,18,62
201803,강원도,동해시,19,53
201803,강원도,동해시,20,35
201803,강원도,동해시,21,36
201803,강원도,동해시,22,28
201803,강원도,동해시,23,22
201803,강원도,동해시,24,9
201803,강원도,동해시,25,22
201803,강원도,동해시,26,3
201803,강원도,동해시,27,3
201803,강원도,동해시,28,6
201803,강원도,동해시,29,5
201803,강원도,동해시,30,8
201803,강원도,동해시,31,8
201803,강원도,동해시,32,19
201803,강원도,동해시,33,12
201803,강원도,동해시,34,8
201803,강원도,동해시,35,13
201803,강원도,동해시,36,14
201803,강원도,동해시,37,16
201803,강원도,동해시,38,20
201803,강원도,동해시,39,19
201803,강원도,동해시,40,25
201803,강원도,동해시,41,26
201803,강원도,동해시,42,30
201803,강원도,동해시,43,25
201803,강원도,동해시,44,42
201803,강원도,동해시,45,37
201803,강원도,동해시,46,40
201803,강원도,동해시,47,49
201803,강원도,동해시,48,44
201803,강원도,동해시,49,47
201803,강원도,동해시,50,41
201803,강원도,동해시,51,47
201803,강원도,동해시,52,47
201803,강원도,동해시,53,56
201803,강원도,동해시,54,49
201803,강원도,동해시,55,56
201803,강원도,동해시,56,61
201803,강원도,동해시,57,79
201803,강원도,동해시,58,68
201803,강원도,동해시,59,55
201803,강원도,동해시,60,61
201803,강원도,동해시,61,55
201803,강원도,동해시,62,56
201803,강원도,동해시,63,59
201803,강원도,동해시,64,58
201803,강원도,동해시,65,59
201803,강원도,동해시,66,34
201803,강원도,동해시,67,33
201803,강원도,동해시,68,53
201803,강원도,동해시,69,65
201803,강원도,동해시,70,52
201803,강원도,동해시,71,49
201803,강원도,동해시,72,56
201803,강원도,동해시,73,60
201803,강원도,동해시,74,57
201803,강원도,동해시,75,64
201803,강원도,동해시,76,63
201803,강원도,동해시,77,52
201803,강원도,동해시,78,55
201803,강원도,동해시,79,52
201803,강원도,동해시,80,38
201803,강원도,동해시,81,34
201803,강원도,동해시,82,32
201803,강원도,동해시,83,30
201803,강원도,동해시,84,33
201803,강원도,동해시,85,20
201803,강원도,동해시,86,24
201803,강원도,동해시,87,20
201803,강원도,동해시,88,15
201803,강원도,동해시,89,11
201803,강원도,동해시,90,10
201803,강원도,동해시,91,7
201803,강원도,동해시,92,7
201803,강원도,동해시,93,10
201803,강원도,동해시,94,8
201803,강원도,동해시,95,3
201803,강원도,동해시,96,2
201803,강원도,동해시,98,1
201803,강원도,동해시,100,1
201803,강원도,태백시,0,1
201803,강원도,태백시,1,2
201803,강원도,태백시,2,6
201803,강원도,태백시,3,9
201803,강원도,태백시,4,4
201803,강원도,태백시,5,7
201803,강원도,태백시,6,15
201803,강원도,태백시,7,24
201803,강원도,태백시,8,20
201803,강원도,태백시,9,32
201803,강원도,태백시,10,22
201803,강원도,태백시,11,21
201803,강원도,태백시,12,30
201803,강원도,태백시,13,27
201803,강원도,태백시,14,32
201803,강원도,태백시,15,28
201803,강원도,태백시,16,43
201803,강원도,태백시,17,52
201803,강원도,태백시,18,43
201803,강원도,태백시,19,27
201803,강원도,태백시,20,17
201803,강원도,태백시,21,19
201803,강원도,태백시,22,14
201803,강원도,태백시,23,10
201803,강원도,태백시,24,5
201803,강원도,태백시,25,5
201803,강원도,태백시,26,4
201803,강원도,태백시,27,2
201803,강원도,태백시,28,4
201803,강원도,태백시,29,3
201803,강원도,태백시,30,3
201803,강원도,태백시,31,2
201803,강원도,태백시,32,2
201803,강원도,태백시,33,4
201803,강원도,태백시,34,8
201803,강원도,태백시,35,12
201803,강원도,태백시,36,5
201803,강원도,태백시,37,11
201803,강원도,태백시,38,11
201803,강원도,태백시,39,14
201803,강원도,태백시,40,14
201803,강원도,태백시,41,11
201803,강원도,태백시,42,17
201803,강원도,태백시,43,15
201803,강원도,태백시,44,13
201803,강원도,태백시,45,29
201803,강원도,태백시,46,24
201803,강원도,태백시,47,21
201803,강원도,태백시,48,27
201803,강원도,태백시,49,30
201803,강원도,태백시,50,24
201803,강원도,태백시,51,32
201803,강원도,태백시,52,31
201803,강원도,태백시,53,21
201803,강원도,태백시,54,21
201803,강원도,태백시,55,28
201803,강원도,태백시,56,30
201803,강원도,태백시,57,23
201803,강원도,태백시,58,34
201803,강원도,태백시,59,28
201803,강원도,태백시,60,31
201803,강원도,태백시,61,23
201803,강원도,태백시,62,32
201803,강원도,태백시,63,30
201803,강원도,태백시,64,24
201803,강원도,태백시,65,27
201803,강원도,태백시,66,27
201803,강원도,태백시,67,29
201803,강원도,태백시,68,32
201803,강원도,태백시,69,25
201803,강원도,태백시,70,32
201803,강원도,태백시,71,27
201803,강원도,태백시,72,29
201803,강원도,태백시,73,26
201803,강원도,태백시,74,26
201803,강원도,태백시,75,29
201803,강원도,태백시,76,26
201803,강원도,태백시,77,33
201803,강원도,태백시,78,24
201803,강원도,태백시,79,31
201803,강원도,태백시,80,22
201803,강원도,태백시,81,22
201803,강원도,태백시,82,21
201803,강원도,태백시,83,17
201803,강원도,태백시,84,22
201803,강원도,태백시,85,14
201803,강원도,태백시,86,7
201803,강원도,태백시,87,10
201803,강원도,태백시,88,5
201803,강원도,태백시,89,4
201803,강원도,태백시,90,7
201803,강원도,태백시,91,7
201803,강원도,태백시,92,3
201803,강원도,태백시,94,2
201803,강원도,태백시,95,1
201803,강원도,태백시,97,1
201803,강원도,태백시,100,1
201803,강원도,속초시,0,3
201803,강원도,속초시,1,3
201803,강원도,속초시,2,6
201803,강원도,속초시,3,10
201803,강원도,속초시,4,13
201803,강원도,속초시,5,14
201803,강원도,속초시,6,19
201803,강원도,속초시,7,27
201803,강원도,속초시,8,41
201803,강원도,속초시,9,44
201803,강원도,속초시,10,50
201803,강원도,속초시,11,34
201803,강원도,속초시,12,52
201803,강원도,속초시,13,60
201803,강원도,속초시,14,68
201803,강원도,속초시,15,85
201803,강원도,속초시,16,90
201803,강원도,속초시,17,120
201803,강원도,속초시,18,78
201803,강원도,속초시,19,63
201803,강원도,속초시,20,51
201803,강원도,속초시,21,45
201803,강원도,속초시,22,59
201803,강원도,속초시,23,30
201803,강원도,속초시,24,28
201803,강원도,속초시,25,11
201803,강원도,속초시,26,12
201803,강원도,속초시,27,7
201803,강원도,속초시,28,9
201803,강원도,속초시,29,12
201803,강원도,속초시,30,8
201803,강원도,속초시,31,10
201803,강원도,속초시,32,4
201803,강원도,속초시,33,7
201803,강원도,속초시,34,6
201803,강원도,속초시,35,14
201803,강원도,속초시,36,24
201803,강원도,속초시,37,18
201803,강원도,속초시,38,18
201803,강원도,속초시,39,30
201803,강원도,속초시,40,23
201803,강원도,속초시,41,26
201803,강원도,속초시,42,24
201803,강원도,속초시,43,22
201803,강원도,속초시,44,32
201803,강원도,속초시,45,54
201803,강원도,속초시,46,45
201803,강원도,속초시,47,73
201803,강원도,속초시,48,49
201803,강원도,속초시,49,84
201803,강원도,속초시,50,60
201803,강원도,속초시,51,55
201803,강원도,속초시,52,67
201803,강원도,속초시,53,67
201803,강원도,속초시,54,79
201803,강원도,속초시,55,62
201803,강원도,속초시,56,72
201803,강원도,속초시,57,75
201803,강원도,속초시,58,93
201803,강원도,속초시,59,77
201803,강원도,속초시,60,77
201803,강원도,속초시,61,71
201803,강원도,속초시,62,73
201803,강원도,속초시,63,77
201803,강원도,속초시,64,68
201803,강원도,속초시,65,68
201803,강원도,속초시,66,49
201803,강원도,속초시,67,63
201803,강원도,속초시,68,62
201803,강원도,속초시,69,61
201803,강원도,속초시,70,67
201803,강원도,속초시,71,80
201803,강원도,속초시,72,70
201803,강원도,속초시,73,60
201803,강원도,속초시,74,78
201803,강원도,속초시,75,101
201803,강원도,속초시,76,74
201803,강원도,속초시,77,80
201803,강원도,속초시,78,77
201803,강원도,속초시,79,62
201803,강원도,속초시,80,55
201803,강원도,속초시,81,57
201803,강원도,속초시,82,46
201803,강원도,속초시,83,42
201803,강원도,속초시,84,30
201803,강원도,속초시,85,33
201803,강원도,속초시,86,30
201803,강원도,속초시,87,28
201803,강원도,속초시,88,28
201803,강원도,속초시,89,17
201803,강원도,속초시,90,16
201803,강원도,속초시,91,13
201803,강원도,속초시,92,14
201803,강원도,속초시,93,6
201803,강원도,속초시,94,6
201803,강원도,속초시,95,4
201803,강원도,속초시,96,2
201803,강원도,속초시,97,2
201803,강원도,삼척시,0,6
201803,강원도,삼척시,1,6
201803,강원도,삼척시,2,3
201803,강원도,삼척시,3,9
201803,강원도,삼척시,4,13
201803,강원도,삼척시,5,14
201803,강원도,삼척시,6,21
201803,강원도,삼척시,7,15
201803,강원도,삼척시,8,19
201803,강원도,삼척시,9,22
201803,강원도,삼척시,10,29
201803,강원도,삼척시,11,36
201803,강원도,삼척시,12,29
201803,강원도,삼척시,13,36
201803,강원도,삼척시,14,33
201803,강원도,삼척시,15,63
201803,강원도,삼척시,16,49
201803,강원도,삼척시,17,67
201803,강원도,삼척시,18,65
201803,강원도,삼척시,19,48
201803,강원도,삼척시,20,42
201803,강원도,삼척시,21,41
201803,강원도,삼척시,22,42
201803,강원도,삼척시,23,23
201803,강원도,삼척시,24,17
201803,강원도,삼척시,25,11
201803,강원도,삼척시,26,6
201803,강원도,삼척시,27,6
201803,강원도,삼척시,28,2
201803,강원도,삼척시,29,3
201803,강원도,삼척시,30,4
201803,강원도,삼척시,31,7
201803,강원도,삼척시,32,6
201803,강원도,삼척시,33,11
201803,강원도,삼척시,34,12
201803,강원도,삼척시,35,15
201803,강원도,삼척시,36,17
201803,강원도,삼척시,37,18
201803,강원도,삼척시,38,19
201803,강원도,삼척시,39,26
201803,강원도,삼척시,40,18
201803,강원도,삼척시,41,14
201803,강원도,삼척시,42,26
201803,강원도,삼척시,43,35
201803,강원도,삼척시,44,36
201803,강원도,삼척시,45,37
201803,강원도,삼척시,46,38
201803,강원도,삼척시,47,30
201803,강원도,삼척시,48,54
201803,강원도,삼척시,49,50
201803,강원도,삼척시,50,52
201803,강원도,삼척시,51,47
201803,강원도,삼척시,52,64
201803,강원도,삼척시,53,51
201803,강원도,삼척시,54,54
201803,강원도,삼척시,55,52
201803,강원도,삼척시,56,71
201803,강원도,삼척시,57,70
201803,강원도,삼척시,58,74
201803,강원도,삼척시,59,47
201803,강원도,삼척시,60,58
201803,강원도,삼척시,61,65
201803,강원도,삼척시,62,57
201803,강원도,삼척시,63,61
201803,강원도,삼척시,64,26
201803,강원도,삼척시,65,58
201803,강원도,삼척시,66,44
201803,강원도,삼척시,67,38
201803,강원도,삼척시,68,52
201803,강원도,삼척시,69,53
201803,강원도,삼척시,70,49
201803,강원도,삼척시,71,39
201803,강원도,삼척시,72,26
201803,강원도,삼척시,73,35
201803,강원도,삼척시,74,45
201803,강원도,삼척시,75,57
201803,강원도,삼척시,76,38
201803,강원도,삼척시,77,63
201803,강원도,삼척시,78,43
201803,강원도,삼척시,79,51
201803,강원도,삼척시,80,43
201803,강원도,삼척시,81,29
201803,강원도,삼척시,82,30
201803,강원도,삼척시,83,35
201803,강원도,삼척시,84,24
201803,강원도,삼척시,85,20
201803,강원도,삼척시,86,18
201803,강원도,삼척시,87,26
201803,강원도,삼척시,88,22
201803,강원도,삼척시,89,8
201803,강원도,삼척시,90,9
201803,강원도,삼척시,91,14
201803,강원도,삼척시,92,6
201803,강원도,삼척시,93,4
201803,강원도,삼척시,94,2
201803,강원도,삼척시,95,3
201803,강원도,삼척시,96,2
201803,강원도,삼척시,97,1
201803,강원도,삼척시,101,1
201803,강원도,홍천군,0,2
201803,강원도,홍천군,1,3
201803,강원도,홍천군,2,5
201803,강원도,홍천군,3,6
201803,강원도,홍천군,4,5
201803,강원도,홍천군,5,4
201803,강원도,홍천군,6,6
201803,강원도,홍천군,7,7
201803,강원도,홍천군,8,12
201803,강원도,홍천군,9,17
201803,강원도,홍천군,10,20
201803,강원도,홍천군,11,20
201803,강원도,홍천군,12,20
201803,강원도,홍천군,13,28
201803,강원도,홍천군,14,33
201803,강원도,홍천군,15,27
201803,강원도,홍천군,16,51
201803,강원도,홍천군,17,35
201803,강원도,홍천군,18,36
201803,강원도,홍천군,19,22
201803,강원도,홍천군,20,17
201803,강원도,홍천군,21,8
201803,강원도,홍천군,22,10
201803,강원도,홍천군,23,7
201803,강원도,홍천군,24,5
201803,강원도,홍천군,25,4
201803,강원도,홍천군,26,3
201803,강원도,홍천군,27,2
201803,강원도,홍천군,28,4
201803,강원도,홍천군,29,1
201803,강원도,홍천군,30,3
201803,강원도,홍천군,32,3
201803,강원도,홍천군,33,2
201803,강원도,홍천군,34,9
201803,강원도,홍천군,35,12
201803,강원도,홍천군,36,6
201803,강원도,홍천군,37,6
201803,강원도,홍천군,38,11
201803,강원도,홍천군,39,12
201803,강원도,홍천군,40,9
201803,강원도,홍천군,41,8
201803,강원도,홍천군,42,10
201803,강원도,홍천군,43,14
201803,강원도,홍천군,44,9
201803,강원도,홍천군,45,20
201803,강원도,홍천군,46,19
201803,강원도,홍천군,47,26
201803,강원도,홍천군,48,31
201803,강원도,홍천군,49,27
201803,강원도,홍천군,50,24
201803,강원도,홍천군,51,37
201803,강원도,홍천군,52,33
201803,강원도,홍천군,53,23
201803,강원도,홍천군,54,26
201803,강원도,홍천군,55,31
201803,강원도,홍천군,56,41
201803,강원도,홍천군,57,43
201803,강원도,홍천군,58,44
201803,강원도,홍천군,59,39
201803,강원도,홍천군,60,38
201803,강원도,홍천군,61,31
201803,강원도,홍천군,62,41
201803,강원도,홍천군,63,29
201803,강원도,홍천군,64,20
201803,강원도,홍천군,65,30
201803,강원도,홍천군,66,29
201803,강원도,홍천군,67,31
201803,강원도,홍천군,68,20
201803,강원도,홍천군,69,21
201803,강원도,홍천군,70,29
201803,강원도,홍천군,71,27
201803,강원도,홍천군,72,30
201803,강원도,홍천군,73,33
201803,강원도,홍천군,74,24
201803,강원도,홍천군,75,27
201803,강원도,홍천군,76,31
201803,강원도,홍천군,77,25
201803,강원도,홍천군,78,38
201803,강원도,홍천군,79,36
201803,강원도,홍천군,80,33
201803,강원도,홍천군,81,28
201803,강원도,홍천군,82,22
201803,강원도,홍천군,83,23
201803,강원도,홍천군,84,21
201803,강원도,홍천군,85,11
201803,강원도,홍천군,86,11
201803,강원도,홍천군,87,10
201803,강원도,홍천군,88,14
201803,강원도,홍천군,89,6
201803,강원도,홍천군,90,7
201803,강원도,홍천군,91,6
201803,강원도,홍천군,92,7
201803,강원도,홍천군,93,6
201803,강원도,홍천군,94,1
201803,강원도,홍천군,95,2
201803,강원도,홍천군,96,2
201803,강원도,홍천군,98,3
201803,강원도,횡성군,0,1
201803,강원도,횡성군,1,5
201803,강원도,횡성군,2,1
201803,강원도,횡성군,3,1
201803,강원도,횡성군,4,3
201803,강원도,횡성군,5,2
201803,강원도,횡성군,6,3
201803,강원도,횡성군,7,8
201803,강원도,횡성군,8,12
201803,강원도,횡성군,9,16
201803,강원도,횡성군,10,18
201803,강원도,횡성군,11,24
201803,강원도,횡성군,12,24
201803,강원도,횡성군,13,17
201803,강원도,횡성군,14,14
201803,강원도,횡성군,15,23
201803,강원도,횡성군,16,20
201803,강원도,횡성군,17,30
201803,강원도,횡성군,18,24
201803,강원도,횡성군,19,23
201803,강원도,횡성군,20,13
201803,강원도,횡성군,21,16
201803,강원도,횡성군,22,10
201803,강원도,횡성군,23,5
201803,강원도,횡성군,24,5
201803,강원도,횡성군,25,2
201803,강원도,횡성군,26,3
201803,강원도,횡성군,27,4
201803,강원도,횡성군,29,3
201803,강원도,횡성군,30,2
201803,강원도,횡성군,31,2
201803,강원도,횡성군,32,1
201803,강원도,횡성군,33,3
201803,강원도,횡성군,34,4
201803,강원도,횡성군,35,5
201803,강원도,횡성군,36,6
201803,강원도,횡성군,37,8
201803,강원도,횡성군,38,8
201803,강원도,횡성군,39,3
201803,강원도,횡성군,40,5
201803,강원도,횡성군,41,8
201803,강원도,횡성군,42,17
201803,강원도,횡성군,43,12
201803,강원도,횡성군,44,13
201803,강원도,횡성군,45,15
201803,강원도,횡성군,46,10
201803,강원도,횡성군,47,18
201803,강원도,횡성군,48,26
201803,강원도,횡성군,49,19
201803,강원도,횡성군,50,11
201803,강원도,횡성군,51,27
201803,강원도,횡성군,52,19
201803,강원도,횡성군,53,24
201803,강원도,횡성군,54,15
201803,강원도,횡성군,55,30
201803,강원도,횡성군,56,25
201803,강원도,횡성군,57,22
201803,강원도,횡성군,58,30
201803,강원도,횡성군,59,20
201803,강원도,횡성군,60,25
201803,강원도,횡성군,61,26
201803,강원도,횡성군,62,26
201803,강원도,횡성군,63,17
201803,강원도,횡성군,64,21
201803,강원도,횡성군,65,22
201803,강원도,횡성군,66,18
201803,강원도,횡성군,67,18
201803,강원도,횡성군,68,18
201803,강원도,횡성군,69,21
201803,강원도,횡성군,70,16
201803,강원도,횡성군,71,21
201803,강원도,횡성군,72,14
201803,강원도,횡성군,73,17
201803,강원도,횡성군,74,24
201803,강원도,횡성군,75,27
201803,강원도,횡성군,76,28
201803,강원도,횡성군,77,34
201803,강원도,횡성군,78,34
201803,강원도,횡성군,79,32
201803,강원도,횡성군,80,24
201803,강원도,횡성군,81,18
201803,강원도,횡성군,82,19
201803,강원도,횡성군,83,23
201803,강원도,횡성군,84,19
201803,강원도,횡성군,85,13
201803,강원도,횡성군,86,12
201803,강원도,횡성군,87,6
201803,강원도,횡성군,88,11
201803,강원도,횡성군,89,11
201803,강원도,횡성군,90,7
201803,강원도,횡성군,91,6
201803,강원도,횡성군,92,5
201803,강원도,횡성군,93,3
201803,강원도,횡성군,94,3
201803,강원도,횡성군,95,2
201803,강원도,횡성군,97,1
201803,강원도,횡성군,100,2
201803,강원도,영월군,0,1
201803,강원도,영월군,1,1
201803,강원도,영월군,2,1
201803,강원도,영월군,3,3
201803,강원도,영월군,4,4
201803,강원도,영월군,5,1
201803,강원도,영월군,6,5
201803,강원도,영월군,7,13
201803,강원도,영월군,8,12
201803,강원도,영월군,9,11
201803,강원도,영월군,10,20
201803,강원도,영월군,11,22
201803,강원도,영월군,12,15
201803,강원도,영월군,13,24
201803,강원도,영월군,14,18
201803,강원도,영월군,15,36
201803,강원도,영월군,16,27
201803,강원도,영월군,17,32
201803,강원도,영월군,18,24
201803,강원도,영월군,19,24
201803,강원도,영월군,20,16
201803,강원도,영월군,21,15
201803,강원도,영월군,22,15
201803,강원도,영월군,23,5
201803,강원도,영월군,24,6
201803,강원도,영월군,25,3
201803,강원도,영월군,26,3
201803,강원도,영월군,27,1
201803,강원도,영월군,28,2
201803,강원도,영월군,29,1
201803,강원도,영월군,30,1
201803,강원도,영월군,31,4
201803,강원도,영월군,32,1
201803,강원도,영월군,33,3
201803,강원도,영월군,34,4
201803,강원도,영월군,35,5
201803,강원도,영월군,36,4
201803,강원도,영월군,37,5
201803,강원도,영월군,38,3
201803,강원도,영월군,39,4
201803,강원도,영월군,40,5
201803,강원도,영월군,41,9
201803,강원도,영월군,42,10
201803,강원도,영월군,43,12
201803,강원도,영월군,44,9
201803,강원도,영월군,45,10
201803,강원도,영월군,46,12
201803,강원도,영월군,47,14
201803,강원도,영월군,48,15
201803,강원도,영월군,49,20
201803,강원도,영월군,50,21
201803,강원도,영월군,51,16
201803,강원도,영월군,52,27
201803,강원도,영월군,53,16
201803,강원도,영월군,54,17
201803,강원도,영월군,55,25
201803,강원도,영월군,56,22
201803,강원도,영월군,57,27
201803,강원도,영월군,58,23
201803,강원도,영월군,59,26
201803,강원도,영월군,60,17
201803,강원도,영월군,61,22
201803,강원도,영월군,62,23
201803,강원도,영월군,63,29
201803,강원도,영월군,64,20
201803,강원도,영월군,65,21
201803,강원도,영월군,66,16
201803,강원도,영월군,67,18
201803,강원도,영월군,68,19
201803,강원도,영월군,69,20
201803,강원도,영월군,70,12
201803,강원도,영월군,71,14
201803,강원도,영월군,72,20
201803,강원도,영월군,73,20
201803,강원도,영월군,74,19
201803,강원도,영월군,75,16
201803,강원도,영월군,76,26
201803,강원도,영월군,77,29
201803,강원도,영월군,78,17
201803,강원도,영월군,79,22
201803,강원도,영월군,80,22
201803,강원도,영월군,81,11
201803,강원도,영월군,82,8
201803,강원도,영월군,83,12
201803,강원도,영월군,84,18
201803,강원도,영월군,85,8
201803,강원도,영월군,86,8
201803,강원도,영월군,87,5
201803,강원도,영월군,88,8
201803,강원도,영월군,89,3
201803,강원도,영월군,90,6
201803,강원도,영월군,91,3
201803,강원도,영월군,92,3
201803,강원도,영월군,93,3
201803,강원도,영월군,94,2
201803,강원도,영월군,95,3
201803,강원도,영월군,97,1
201803,강원도,영월군,99,1
201803,강원도,평창군,0,1
201803,강원도,평창군,1,1
201803,강원도,평창군,2,2
201803,강원도,평창군,3,1
201803,강원도,평창군,5,4
201803,강원도,평창군,6,7
201803,강원도,평창군,7,6
201803,강원도,평창군,8,13
201803,강원도,평창군,9,10
201803,강원도,평창군,10,13
201803,강원도,평창군,11,17
201803,강원도,평창군,12,20
201803,강원도,평창군,13,19
201803,강원도,평창군,14,20
201803,강원도,평창군,15,32
201803,강원도,평창군,16,32
201803,강원도,평창군,17,40
201803,강원도,평창군,18,28
201803,강원도,평창군,19,22
201803,강원도,평창군,20,12
201803,강원도,평창군,21,4
201803,강원도,평창군,22,15
201803,강원도,평창군,23,3
201803,강원도,평창군,24,4
201803,강원도,평창군,25,5
201803,강원도,평창군,26,1
201803,강원도,평창군,27,1
201803,강원도,평창군,28,1
201803,강원도,평창군,29,1
201803,강원도,평창군,30,1
201803,강원도,평창군,31,4
201803,강원도,평창군,32,1
201803,강원도,평창군,33,1
201803,강원도,평창군,34,2
201803,강원도,평창군,35,6
201803,강원도,평창군,36,5
201803,강원도,평창군,37,6
201803,강원도,평창군,38,3
201803,강원도,평창군,39,6
201803,강원도,평창군,40,4
201803,강원도,평창군,41,8
201803,강원도,평창군,42,8
201803,강원도,평창군,43,9
201803,강원도,평창군,44,19
201803,강원도,평창군,45,15
201803,강원도,평창군,46,12
201803,강원도,평창군,47,16
201803,강원도,평창군,48,18
201803,강원도,평창군,49,23
201803,강원도,평창군,50,13
201803,강원도,평창군,51,19
201803,강원도,평창군,52,8
201803,강원도,평창군,53,18
201803,강원도,평창군,54,13
201803,강원도,평창군,55,22
201803,강원도,평창군,56,23
201803,강원도,평창군,57,23
201803,강원도,평창군,58,23
201803,강원도,평창군,59,22
201803,강원도,평창군,60,21
201803,강원도,평창군,61,13
201803,강원도,평창군,62,19
201803,강원도,평창군,63,17
201803,강원도,평창군,64,10
201803,강원도,평창군,65,18
201803,강원도,평창군,66,14
201803,강원도,평창군,67,19
201803,강원도,평창군,68,22
201803,강원도,평창군,69,20
201803,강원도,평창군,70,28
201803,강원도,평창군,71,19
201803,강원도,평창군,72,28
201803,강원도,평창군,73,25
201803,강원도,평창군,74,18
201803,강원도,평창군,75,23
201803,강원도,평창군,76,31
201803,강원도,평창군,77,24
201803,강원도,평창군,78,32
201803,강원도,평창군,79,25
201803,강원도,평창군,80,26
201803,강원도,평창군,81,11
201803,강원도,평창군,82,14
201803,강원도,평창군,83,16
201803,강원도,평창군,84,5
201803,강원도,평창군,85,15
201803,강원도,평창군,86,8
201803,강원도,평창군,87,11
201803,강원도,평창군,88,6
201803,강원도,평창군,89,6
201803,강원도,평창군,90,4
201803,강원도,평창군,91,5
201803,강원도,평창군,92,5
201803,강원도,평창군,93,5
201803,강원도,평창군,94,4
201803,강원도,평창군,95,1
201803,강원도,평창군,96,3
201803,강원도,평창군,97,1
201803,강원도,평창군,98,1
201803,강원도,평창군,99,1
201803,강원도,평창군,100,2
201803,강원도,평창군,101,1
201803,강원도,평창군,105,1
201803,강원도,정선군,0,1
201803,강원도,정선군,3,1
201803,강원도,정선군,4,3
201803,강원도,정선군,5,3
201803,강원도,정선군,6,4
201803,강원도,정선군,7,6
201803,강원도,정선군,8,10
201803,강원도,정선군,9,7
201803,강원도,정선군,10,17
201803,강원도,정선군,11,15
201803,강원도,정선군,12,14
201803,강원도,정선군,13,13
201803,강원도,정선군,14,15
201803,강원도,정선군,15,31
201803,강원도,정선군,16,26
201803,강원도,정선군,17,38
201803,강원도,정선군,18,21
201803,강원도,정선군,19,16
201803,강원도,정선군,20,11
201803,강원도,정선군,21,7
201803,강원도,정선군,22,5
201803,강원도,정선군,23,3
201803,강원도,정선군,24,2
201803,강원도,정선군,25,2
201803,강원도,정선군,26,2
201803,강원도,정선군,27,4
201803,강원도,정선군,29,4
201803,강원도,정선군,30,5
201803,강원도,정선군,31,5
201803,강원도,정선군,32,1
201803,강원도,정선군,33,6
201803,강원도,정선군,34,4
201803,강원도,정선군,35,6
201803,강원도,정선군,36,6
201803,강원도,정선군,37,8
201803,강원도,정선군,38,2
201803,강원도,정선군,39,9
201803,강원도,정선군,40,12
201803,강원도,정선군,41,10
201803,강원도,정선군,42,5
201803,강원도,정선군,43,10
201803,강원도,정선군,44,9
201803,강원도,정선군,45,7
201803,강원도,정선군,46,12
201803,강원도,정선군,47,14
201803,강원도,정선군,48,19
201803,강원도,정선군,49,20
201803,강원도,정선군,50,18
201803,강원도,정선군,51,17
201803,강원도,정선군,52,12
201803,강원도,정선군,53,12
201803,강원도,정선군,54,15
201803,강원도,정선군,55,21
201803,강원도,정선군,56,16
201803,강원도,정선군,57,24
201803,강원도,정선군,58,24
201803,강원도,정선군,59,21
201803,강원도,정선군,60,26
201803,강원도,정선군,61,27
201803,강원도,정선군,62,22
201803,강원도,정선군,63,20
201803,강원도,정선군,64,26
201803,강원도,정선군,65,28
201803,강원도,정선군,66,30
201803,강원도,정선군,67,23
201803,강원도,정선군,68,20
201803,강원도,정선군,69,20
201803,강원도,정선군,70,30
201803,강원도,정선군,71,21
201803,강원도,정선군,72,19
201803,강원도,정선군,73,28
201803,강원도,정선군,74,27
201803,강원도,정선군,75,21
201803,강원도,정선군,76,21
201803,강원도,정선군,77,21
201803,강원도,정선군,78,23
201803,강원도,정선군,79,20
201803,강원도,정선군,80,20
201803,강원도,정선군,81,15
201803,강원도,정선군,82,12
201803,강원도,정선군,83,13
201803,강원도,정선군,84,15
201803,강원도,정선군,85,19
201803,강원도,정선군,86,15
201803,강원도,정선군,87,5
201803,강원도,정선군,88,10
201803,강원도,정선군,89,5
201803,강원도,정선군,90,11
201803,강원도,정선군,91,4
201803,강원도,정선군,92,4
201803,강원도,정선군,93,2
201803,강원도,정선군,94,4
201803,강원도,정선군,95,1
201803,강원도,정선군,99,1
201803,강원도,정선군,100,1
201803,강원도,정선군,101,1
201803,강원도,철원군,0,1
201803,강원도,철원군,1,6
201803,강원도,철원군,2,4
201803,강원도,철원군,3,5
201803,강원도,철원군,4,2
201803,강원도,철원군,5,5
201803,강원도,철원군,6,5
201803,강원도,철원군,7,12
201803,강원도,철원군,8,13
201803,강원도,철원군,9,28
201803,강원도,철원군,10,24
201803,강원도,철원군,11,21
201803,강원도,철원군,12,24
201803,강원도,철원군,13,30
201803,강원도,철원군,14,24
201803,강원도,철원군,15,38
201803,강원도,철원군,16,53
201803,강원도,철원군,17,46
201803,강원도,철원군,18,36
201803,강원도,철원군,19,31
201803,강원도,철원군,20,17
201803,강원도,철원군,21,19
201803,강원도,철원군,22,13
201803,강원도,철원군,23,5
201803,강원도,철원군,24,5
201803,강원도,철원군,25,5
201803,강원도,철원군,26,1
201803,강원도,철원군,27,2
201803,강원도,철원군,28,2
201803,강원도,철원군,29,2
201803,강원도,철원군,30,4
201803,강원도,철원군,31,3
201803,강원도,철원군,32,3
201803,강원도,철원군,33,1
201803,강원도,철원군,34,5
201803,강원도,철원군,35,3
201803,강원도,철원군,36,7
201803,강원도,철원군,37,5
201803,강원도,철원군,38,11
201803,강원도,철원군,39,4
201803,강원도,철원군,40,8
201803,강원도,철원군,41,8
201803,강원도,철원군,42,14
201803,강원도,철원군,43,20
201803,강원도,철원군,44,12
201803,강원도,철원군,45,8
201803,강원도,철원군,46,20
201803,강원도,철원군,47,24
201803,강원도,철원군,48,15
201803,강원도,철원군,49,22
201803,강원도,철원군,50,23
201803,강원도,철원군,51,21
201803,강원도,철원군,52,22
201803,강원도,철원군,53,32
201803,강원도,철원군,54,21
201803,강원도,철원군,55,27
201803,강원도,철원군,56,37
201803,강원도,철원군,57,33
201803,강원도,철원군,58,33
201803,강원도,철원군,59,36
201803,강원도,철원군,60,31
201803,강원도,철원군,61,27
201803,강원도,철원군,62,32
201803,강원도,철원군,63,34
201803,강원도,철원군,64,21
201803,강원도,철원군,65,22
201803,강원도,철원군,66,21
201803,강원도,철원군,67,29
201803,강원도,철원군,68,24
201803,강원도,철원군,69,24
201803,강원도,철원군,70,26
201803,강원도,철원군,71,32
201803,강원도,철원군,72,30
201803,강원도,철원군,73,39
201803,강원도,철원군,74,29
201803,강원도,철원군,75,44
201803,강원도,철원군,76,44
201803,강원도,철원군,77,45
201803,강원도,철원군,78,39
201803,강원도,철원군,79,39
201803,강원도,철원군,80,26
201803,강원도,철원군,81,20
201803,강원도,철원군,82,19
201803,강원도,철원군,83,21
201803,강원도,철원군,84,22
201803,강원도,철원군,85,13
201803,강원도,철원군,86,14
201803,강원도,철원군,87,10
201803,강원도,철원군,88,13
201803,강원도,철원군,89,15
201803,강원도,철원군,90,7
201803,강원도,철원군,91,7
201803,강원도,철원군,92,5
201803,강원도,철원군,93,4
201803,강원도,철원군,94,3
201803,강원도,철원군,95,4
201803,강원도,철원군,96,1
201803,강원도,철원군,97,1
201803,강원도,철원군,100,1
201803,강원도,철원군,102,2
201803,강원도,화천군,0,1
201803,강원도,화천군,1,3
201803,강원도,화천군,2,2
201803,강원도,화천군,3,2
201803,강원도,화천군,5,1
201803,강원도,화천군,6,5
201803,강원도,화천군,7,5
201803,강원도,화천군,8,5
201803,강원도,화천군,9,8
201803,강원도,화천군,10,12
201803,강원도,화천군,11,5
201803,강원도,화천군,12,10
201803,강원도,화천군,13,11
201803,강원도,화천군,14,14
201803,강원도,화천군,15,10
201803,강원도,화천군,16,17
201803,강원도,화천군,17,24
201803,강원도,화천군,18,15
201803,강원도,화천군,19,15
201803,강원도,화천군,20,8
201803,강원도,화천군,21,6
201803,강원도,화천군,22,6
201803,강원도,화천군,23,5
201803,강원도,화천군,24,3
201803,강원도,화천군,25,5
201803,강원도,화천군,27,2
201803,강원도,화천군,30,4
201803,강원도,화천군,31,1
201803,강원도,화천군,32,1
201803,강원도,화천군,33,4
201803,강원도,화천군,34,2
201803,강원도,화천군,35,1
201803,강원도,화천군,37,1
201803,강원도,화천군,38,4
201803,강원도,화천군,40,6
201803,강원도,화천군,41,2
201803,강원도,화천군,42,2
201803,강원도,화천군,43,11
201803,강원도,화천군,44,8
201803,강원도,화천군,45,13
201803,강원도,화천군,46,12
201803,강원도,화천군,47,3
201803,강원도,화천군,48,12
201803,강원도,화천군,49,12
201803,강원도,화천군,50,10
201803,강원도,화천군,51,9
201803,강원도,화천군,52,16
201803,강원도,화천군,53,7
201803,강원도,화천군,54,10
201803,강원도,화천군,55,21
201803,강원도,화천군,56,18
201803,강원도,화천군,57,21
201803,강원도,화천군,58,14
201803,강원도,화천군,59,21
201803,강원도,화천군,60,9
201803,강원도,화천군,61,19
201803,강원도,화천군,62,11
201803,강원도,화천군,63,13
201803,강원도,화천군,64,13
201803,강원도,화천군,65,7
201803,강원도,화천군,66,4
201803,강원도,화천군,67,6
201803,강원도,화천군,68,12
201803,강원도,화천군,69,12
201803,강원도,화천군,70,20
201803,강원도,화천군,71,12
201803,강원도,화천군,72,10
201803,강원도,화천군,73,4
201803,강원도,화천군,74,12
201803,강원도,화천군,75,25
201803,강원도,화천군,76,20
201803,강원도,화천군,77,22
201803,강원도,화천군,78,19
201803,강원도,화천군,79,24
201803,강원도,화천군,80,25
201803,강원도,화천군,81,19
201803,강원도,화천군,82,8
201803,강원도,화천군,83,12
201803,강원도,화천군,84,10
201803,강원도,화천군,85,8
201803,강원도,화천군,86,2
201803,강원도,화천군,87,11
201803,강원도,화천군,88,4
201803,강원도,화천군,89,5
201803,강원도,화천군,90,9
201803,강원도,화천군,91,3
201803,강원도,화천군,92,1
201803,강원도,화천군,93,1
201803,강원도,화천군,94,3
201803,강원도,화천군,95,1
201803,강원도,화천군,98,1
201803,강원도,양구군,0,1
201803,강원도,양구군,1,1
201803,강원도,양구군,3,5
201803,강원도,양구군,4,4
201803,강원도,양구군,5,5
201803,강원도,양구군,6,4
201803,강원도,양구군,7,7
201803,강원도,양구군,8,9
201803,강원도,양구군,9,10
201803,강원도,양구군,10,17
201803,강원도,양구군,11,10
201803,강원도,양구군,12,13
201803,강원도,양구군,13,18
201803,강원도,양구군,14,15
201803,강원도,양구군,15,20
201803,강원도,양구군,16,19
201803,강원도,양구군,17,25
201803,강원도,양구군,18,14
201803,강원도,양구군,19,18
201803,강원도,양구군,20,8
201803,강원도,양구군,21,15
201803,강원도,양구군,22,8
201803,강원도,양구군,23,5
201803,강원도,양구군,24,1
201803,강원도,양구군,25,2
201803,강원도,양구군,26,2
201803,강원도,양구군,27,2
201803,강원도,양구군,28,3
201803,강원도,양구군,30,3
201803,강원도,양구군,31,1
201803,강원도,양구군,32,1
201803,강원도,양구군,33,1
201803,강원도,양구군,34,5
201803,강원도,양구군,35,3
201803,강원도,양구군,36,6
201803,강원도,양구군,37,5
201803,강원도,양구군,38,3
201803,강원도,양구군,39,8
201803,강원도,양구군,40,3
201803,강원도,양구군,41,3
201803,강원도,양구군,42,4
201803,강원도,양구군,43,5
201803,강원도,양구군,44,3
201803,강원도,양구군,45,5
201803,강원도,양구군,46,7
201803,강원도,양구군,47,17
201803,강원도,양구군,48,9
201803,강원도,양구군,49,12
201803,강원도,양구군,50,18
201803,강원도,양구군,51,9
201803,강원도,양구군,52,14
201803,강원도,양구군,53,9
201803,강원도,양구군,54,31
201803,강원도,양구군,55,26
201803,강원도,양구군,56,29
201803,강원도,양구군,57,34
201803,강원도,양구군,58,23
201803,강원도,양구군,59,21
201803,강원도,양구군,60,24
201803,강원도,양구군,61,14
201803,강원도,양구군,62,26
201803,강원도,양구군,63,19
201803,강원도,양구군,64,19
201803,강원도,양구군,65,20
201803,강원도,양구군,66,14
201803,강원도,양구군,67,16
201803,강원도,양구군,68,17
201803,강원도,양구군,69,16
201803,강원도,양구군,70,17
201803,강원도,양구군,71,18
201803,강원도,양구군,72,17
201803,강원도,양구군,73,12
201803,강원도,양구군,74,16
201803,강원도,양구군,75,18
201803,강원도,양구군,76,25
201803,강원도,양구군,77,23
201803,강원도,양구군,78,20
201803,강원도,양구군,79,15
201803,강원도,양구군,80,23
201803,강원도,양구군,81,14
201803,강원도,양구군,82,17
201803,강원도,양구군,83,7
201803,강원도,양구군,84,8
201803,강원도,양구군,85,9
201803,강원도,양구군,86,7
201803,강원도,양구군,87,10
201803,강원도,양구군,88,2
201803,강원도,양구군,89,8
201803,강원도,양구군,90,5
201803,강원도,양구군,91,6
201803,강원도,양구군,92,1
201803,강원도,양구군,93,5
201803,강원도,양구군,94,2
201803,강원도,양구군,95,1
201803,강원도,양구군,96,1
201803,강원도,양구군,97,1
201803,강원도,인제군,0,2
201803,강원도,인제군,1,1
201803,강원도,인제군,2,4
201803,강원도,인제군,3,2
201803,강원도,인제군,4,4
201803,강원도,인제군,5,3
201803,강원도,인제군,6,3
201803,강원도,인제군,7,7
201803,강원도,인제군,8,8
201803,강원도,인제군,9,5
201803,강원도,인제군,10,7
201803,강원도,인제군,11,8
201803,강원도,인제군,12,8
201803,강원도,인제군,13,11
201803,강원도,인제군,14,12
201803,강원도,인제군,15,13
201803,강원도,인제군,16,14
201803,강원도,인제군,17,19
201803,강원도,인제군,18,25
201803,강원도,인제군,19,11
201803,강원도,인제군,20,10
201803,강원도,인제군,21,8
201803,강원도,인제군,22,10
201803,강원도,인제군,23,9
201803,강원도,인제군,24,5
201803,강원도,인제군,25,4
201803,강원도,인제군,26,2
201803,강원도,인제군,27,1
201803,강원도,인제군,28,2
201803,강원도,인제군,29,1
201803,강원도,인제군,30,3
201803,강원도,인제군,31,1
201803,강원도,인제군,32,6
201803,강원도,인제군,34,1
201803,강원도,인제군,35,4
201803,강원도,인제군,36,6
201803,강원도,인제군,37,1
201803,강원도,인제군,38,4
201803,강원도,인제군,39,4
201803,강원도,인제군,40,8
201803,강원도,인제군,41,4
201803,강원도,인제군,42,9
201803,강원도,인제군,43,7
201803,강원도,인제군,44,11
201803,강원도,인제군,45,12
201803,강원도,인제군,46,7
201803,강원도,인제군,47,12
201803,강원도,인제군,48,14
201803,강원도,인제군,49,6
201803,강원도,인제군,50,12
201803,강원도,인제군,51,12
201803,강원도,인제군,52,14
201803,강원도,인제군,53,9
201803,강원도,인제군,54,14
201803,강원도,인제군,55,16
201803,강원도,인제군,56,25
201803,강원도,인제군,57,18
201803,강원도,인제군,58,15
201803,강원도,인제군,59,14
201803,강원도,인제군,60,17
201803,강원도,인제군,61,10
201803,강원도,인제군,62,24
201803,강원도,인제군,63,16
201803,강원도,인제군,64,9
201803,강원도,인제군,65,23
201803,강원도,인제군,66,10
201803,강원도,인제군,67,11
201803,강원도,인제군,68,14
201803,강원도,인제군,69,17
201803,강원도,인제군,70,15
201803,강원도,인제군,71,16
201803,강원도,인제군,72,21
201803,강원도,인제군,73,21
201803,강원도,인제군,74,14
201803,강원도,인제군,75,24
201803,강원도,인제군,76,22
201803,강원도,인제군,77,21
201803,강원도,인제군,78,23
201803,강원도,인제군,79,21
201803,강원도,인제군,80,15
201803,강원도,인제군,81,17
201803,강원도,인제군,82,15
201803,강원도,인제군,83,14
201803,강원도,인제군,84,6
201803,강원도,인제군,85,13
201803,강원도,인제군,86,11
201803,강원도,인제군,87,9
201803,강원도,인제군,88,11
201803,강원도,인제군,89,8
201803,강원도,인제군,90,5
201803,강원도,인제군,91,7
201803,강원도,인제군,92,1
201803,강원도,인제군,93,2
201803,강원도,인제군,95,5
201803,강원도,인제군,97,1
201803,강원도,인제군,100,1
201803,강원도,고성군,3,1
201803,강원도,고성군,4,3
201803,강원도,고성군,5,5
201803,강원도,고성군,6,3
201803,강원도,고성군,7,11
201803,강원도,고성군,8,7
201803,강원도,고성군,9,11
201803,강원도,고성군,10,15
201803,강원도,고성군,11,15
201803,강원도,고성군,12,15
201803,강원도,고성군,13,17
201803,강원도,고성군,14,12
201803,강원도,고성군,15,21
201803,강원도,고성군,16,19
201803,강원도,고성군,17,31
201803,강원도,고성군,18,30
201803,강원도,고성군,19,16
201803,강원도,고성군,20,9
201803,강원도,고성군,21,6
201803,강원도,고성군,22,6
201803,강원도,고성군,23,2
201803,강원도,고성군,24,1
201803,강원도,고성군,25,5
201803,강원도,고성군,26,1
201803,강원도,고성군,27,1
201803,강원도,고성군,28,1
201803,강원도,고성군,30,1
201803,강원도,고성군,31,2
201803,강원도,고성군,32,2
201803,강원도,고성군,33,3
201803,강원도,고성군,34,5
201803,강원도,고성군,35,8
201803,강원도,고성군,36,4
201803,강원도,고성군,37,1
201803,강원도,고성군,38,5
201803,강원도,고성군,39,6
201803,강원도,고성군,40,5
201803,강원도,고성군,41,6
201803,강원도,고성군,42,4
201803,강원도,고성군,43,4
201803,강원도,고성군,44,10
201803,강원도,고성군,45,12
201803,강원도,고성군,46,19
201803,강원도,고성군,47,17
201803,강원도,고성군,48,17
201803,강원도,고성군,49,13
201803,강원도,고성군,50,19
201803,강원도,고성군,51,12
201803,강원도,고성군,52,13
201803,강원도,고성군,53,17
201803,강원도,고성군,54,18
201803,강원도,고성군,55,20
201803,강원도,고성군,56,17
201803,강원도,고성군,57,26
201803,강원도,고성군,58,26
201803,강원도,고성군,59,21
201803,강원도,고성군,60,15
201803,강원도,고성군,61,30
201803,강원도,고성군,62,20
201803,강원도,고성군,63,20
201803,강원도,고성군,64,17
201803,강원도,고성군,65,22
201803,강원도,고성군,66,9
201803,강원도,고성군,67,18
201803,강원도,고성군,68,16
201803,강원도,고성군,69,20
201803,강원도,고성군,70,18
201803,강원도,고성군,71,16
201803,강원도,고성군,72,14
201803,강원도,고성군,73,28
201803,강원도,고성군,74,16
201803,강원도,고성군,75,29
201803,강원도,고성군,76,29
201803,강원도,고성군,77,23
201803,강원도,고성군,78,21
201803,강원도,고성군,79,20
201803,강원도,고성군,80,21
201803,강원도,고성군,81,12
201803,강원도,고성군,82,10
201803,강원도,고성군,83,15
201803,강원도,고성군,84,14
201803,강원도,고성군,85,15
201803,강원도,고성군,86,7
201803,강원도,고성군,87,11
201803,강원도,고성군,88,8
201803,강원도,고성군,89,7
201803,강원도,고성군,90,13
201803,강원도,고성군,91,4
201803,강원도,고성군,92,4
201803,강원도,고성군,93,3
201803,강원도,고성군,94,4
201803,강원도,고성군,95,1
201803,강원도,고성군,98,1
201803,강원도,고성군,99,1
201803,강원도,양양군,0,1
201803,강원도,양양군,1,1
201803,강원도,양양군,2,3
201803,강원도,양양군,3,2
201803,강원도,양양군,4,2
201803,강원도,양양군,5,3
201803,강원도,양양군,6,2
201803,강원도,양양군,7,7
201803,강원도,양양군,8,8
201803,강원도,양양군,9,10
201803,강원도,양양군,10,13
201803,강원도,양양군,11,17
201803,강원도,양양군,12,14
201803,강원도,양양군,13,13
201803,강원도,양양군,14,21
201803,강원도,양양군,15,19
201803,강원도,양양군,16,22
201803,강원도,양양군,17,33
201803,강원도,양양군,18,23
201803,강원도,양양군,19,22
201803,강원도,양양군,20,13
201803,강원도,양양군,21,7
201803,강원도,양양군,22,5
201803,강원도,양양군,23,2
201803,강원도,양양군,24,3
201803,강원도,양양군,26,1
201803,강원도,양양군,27,1
201803,강원도,양양군,28,1
201803,강원도,양양군,29,1
201803,강원도,양양군,30,1
201803,강원도,양양군,31,5
201803,강원도,양양군,32,2
201803,강원도,양양군,33,1
201803,강원도,양양군,34,2
201803,강원도,양양군,35,4
201803,강원도,양양군,36,4
201803,강원도,양양군,37,2
201803,강원도,양양군,38,8
201803,강원도,양양군,39,5
201803,강원도,양양군,40,7
201803,강원도,양양군,41,8
201803,강원도,양양군,42,3
201803,강원도,양양군,43,9
201803,강원도,양양군,44,11
201803,강원도,양양군,45,13
201803,강원도,양양군,46,19
201803,강원도,양양군,47,12
201803,강원도,양양군,48,12
201803,강원도,양양군,49,8
201803,강원도,양양군,50,10
201803,강원도,양양군,51,20
201803,강원도,양양군,52,29
201803,강원도,양양군,53,12
201803,강원도,양양군,54,13
201803,강원도,양양군,55,27
201803,강원도,양양군,56,19
201803,강원도,양양군,57,24
201803,강원도,양양군,58,13
201803,강원도,양양군,59,16
201803,강원도,양양군,60,29
201803,강원도,양양군,61,23
201803,강원도,양양군,62,22
201803,강원도,양양군,63,24
201803,강원도,양양군,64,16
201803,강원도,양양군,65,21
201803,강원도,양양군,66,9
201803,강원도,양양군,67,23
201803,강원도,양양군,68,19
201803,강원도,양양군,69,17
201803,강원도,양양군,70,28
201803,강원도,양양군,71,21
201803,강원도,양양군,72,18
201803,강원도,양양군,73,23
201803,강원도,양양군,74,30
201803,강원도,양양군,75,34
201803,강원도,양양군,76,27
201803,강원도,양양군,77,24
201803,강원도,양양군,78,21
201803,강원도,양양군,79,24
201803,강원도,양양군,80,20
201803,강원도,양양군,81,19
201803,강원도,양양군,82,21
201803,강원도,양양군,83,16
201803,강원도,양양군,84,9
201803,강원도,양양군,85,14
201803,강원도,양양군,86,10
201803,강원도,양양군,87,8
201803,강원도,양양군,88,5
201803,강원도,양양군,89,14
201803,강원도,양양군,90,9
201803,강원도,양양군,91,5
201803,강원도,양양군,92,5
201803,강원도,양양군,93,1
201803,강원도,양양군,94,1
201803,강원도,양양군,95,2
201803,강원도,양양군,96,1
201803,강원도,양양군,97,1
201803,강원도,양양군,98,1
201803,강원도,양양군,102,2
201803,충청북도,청주시,0,41
201803,충청북도,청주시,1,58
201803,충청북도,청주시,2,75
201803,충청북도,청주시,3,82
201803,충청북도,청주시,4,76
201803,충청북도,청주시,5,122
201803,충청북도,청주시,6,128
201803,충청북도,청주시,7,243
201803,충청북도,청주시,8,326
201803,충청북도,청주시,9,317
201803,충청북도,청주시,10,368
201803,충청북도,청주시,11,364
201803,충청북도,청주시,12,390
201803,충청북도,청주시,13,427
201803,충청북도,청주시,14,429
201803,충청북도,청주시,15,517
201803,충청북도,청주시,16,573
201803,충청북도,청주시,17,654
201803,충청북도,청주시,18,424
201803,충청북도,청주시,19,273
201803,충청북도,청주시,20,226
201803,충청북도,청주시,21,212
201803,충청북도,청주시,22,146
201803,충청북도,청주시,23,130
201803,충청북도,청주시,24,102
201803,충청북도,청주시,25,70
201803,충청북도,청주시,26,59
201803,충청북도,청주시,27,54
201803,충청북도,청주시,28,43
201803,충청북도,청주시,29,44
201803,충청북도,청주시,30,87
201803,충청북도,청주시,31,68
201803,충청북도,청주시,32,75
201803,충청북도,청주시,33,61
201803,충청북도,청주시,34,82
201803,충청북도,청주시,35,105
201803,충청북도,청주시,36,120
201803,충청북도,청주시,37,112
201803,충청북도,청주시,38,137
201803,충청북도,청주시,39,135
201803,충청북도,청주시,40,143
201803,충청북도,청주시,41,149
201803,충청북도,청주시,42,177
201803,충청북도,청주시,43,178
201803,충청북도,청주시,44,228
201803,충청북도,청주시,45,240
201803,충청북도,청주시,46,237
201803,충청북도,청주시,47,279
201803,충청북도,청주시,48,271
201803,충청북도,청주시,49,357
201803,충청북도,청주시,50,307
201803,충청북도,청주시,51,292
201803,충청북도,청주시,52,313
201803,충청북도,청주시,53,301
201803,충청북도,청주시,54,291
201803,충청북도,청주시,55,323
201803,충청북도,청주시,56,326
201803,충청북도,청주시,57,383
201803,충청북도,청주시,58,313
201803,충청북도,청주시,59,370
201803,충청북도,청주시,60,362
201803,충청북도,청주시,61,294
201803,충청북도,청주시,62,270
201803,충청북도,청주시,63,288
201803,충청북도,청주시,64,242
201803,충청북도,청주시,65,270
201803,충청북도,청주시,66,266
201803,충청북도,청주시,67,210
201803,충청북도,청주시,68,200
201803,충청북도,청주시,69,261
201803,충청북도,청주시,70,266
201803,충청북도,청주시,71,262
201803,충청북도,청주시,72,214
201803,충청북도,청주시,73,227
201803,충청북도,청주시,74,242
201803,충청북도,청주시,75,305
201803,충청북도,청주시,76,255
201803,충청북도,청주시,77,191
201803,충청북도,청주시,78,217
201803,충청북도,청주시,79,218
201803,충청북도,청주시,80,211
201803,충청북도,청주시,81,191
201803,충청북도,청주시,82,178
201803,충청북도,청주시,83,156
201803,충청북도,청주시,84,102
201803,충청북도,청주시,85,100
201803,충청북도,청주시,86,92
201803,충청북도,청주시,87,71
201803,충청북도,청주시,88,64
201803,충청북도,청주시,89,66
201803,충청북도,청주시,90,36
201803,충청북도,청주시,91,39
201803,충청북도,청주시,92,23
201803,충청북도,청주시,93,20
201803,충청북도,청주시,94,12
201803,충청북도,청주시,95,8
201803,충청북도,청주시,96,6
201803,충청북도,청주시,97,5
201803,충청북도,청주시,98,3
201803,충청북도,청주시,99,1
201803,충청북도,청주시,100,2
201803,충청북도,청주시,101,1
201803,충청북도,청주시,102,1
201803,충청북도,청주시,105,1
201803,충청북도,충주시,0,7
201803,충청북도,충주시,1,15
201803,충청북도,충주시,2,25
201803,충청북도,충주시,3,18
201803,충청북도,충주시,4,22
201803,충청북도,충주시,5,25
201803,충청북도,충주시,6,31
201803,충청북도,충주시,7,64
201803,충청북도,충주시,8,68
201803,충청북도,충주시,9,94
201803,충청북도,충주시,10,102
201803,충청북도,충주시,11,98
201803,충청북도,충주시,12,120
201803,충청북도,충주시,13,126
201803,충청북도,충주시,14,129
201803,충청북도,충주시,15,149
201803,충청북도,충주시,16,150
201803,충청북도,충주시,17,189
201803,충청북도,충주시,18,136
201803,충청북도,충주시,19,116
201803,충청북도,충주시,20,96
201803,충청북도,충주시,21,73
201803,충청북도,충주시,22,60
201803,충청북도,충주시,23,53
201803,충청북도,충주시,24,55
201803,충청북도,충주시,25,34
201803,충청북도,충주시,26,15
201803,충청북도,충주시,27,15
201803,충청북도,충주시,28,14
201803,충청북도,충주시,29,14
201803,충청북도,충주시,30,19
201803,충청북도,충주시,31,27
201803,충청북도,충주시,32,21
201803,충청북도,충주시,33,23
201803,충청북도,충주시,34,25
201803,충청북도,충주시,35,37
201803,충청북도,충주시,36,49
201803,충청북도,충주시,37,43
201803,충청북도,충주시,38,36
201803,충청북도,충주시,39,44
201803,충청북도,충주시,40,57
201803,충청북도,충주시,41,47
201803,충청북도,충주시,42,63
201803,충청북도,충주시,43,76
201803,충청북도,충주시,44,78
201803,충청북도,충주시,45,84
201803,충청북도,충주시,46,92
201803,충청북도,충주시,47,92
201803,충청북도,충주시,48,108
201803,충청북도,충주시,49,112
201803,충청북도,충주시,50,96
201803,충청북도,충주시,51,111
201803,충청북도,충주시,52,101
201803,충청북도,충주시,53,108
201803,충청북도,충주시,54,93
201803,충청북도,충주시,55,116
201803,충청북도,충주시,56,138
201803,충청북도,충주시,57,119
201803,충청북도,충주시,58,129
201803,충청북도,충주시,59,123
201803,충청북도,충주시,60,134
201803,충청북도,충주시,61,126
201803,충청북도,충주시,62,112
201803,충청북도,충주시,63,120
201803,충청북도,충주시,64,100
201803,충청북도,충주시,65,103
201803,충청북도,충주시,66,99
201803,충청북도,충주시,67,80
201803,충청북도,충주시,68,73
201803,충청북도,충주시,69,88
201803,충청북도,충주시,70,92
201803,충청북도,충주시,71,101
201803,충청북도,충주시,72,62
201803,충청북도,충주시,73,97
201803,충청북도,충주시,74,79
201803,충청북도,충주시,75,124
201803,충청북도,충주시,76,125
201803,충청북도,충주시,77,94
201803,충청북도,충주시,78,115
201803,충청북도,충주시,79,105
201803,충청북도,충주시,80,84
201803,충청북도,충주시,81,62
201803,충청북도,충주시,82,82
201803,충청북도,충주시,83,64
201803,충청북도,충주시,84,50
201803,충청북도,충주시,85,54
201803,충청북도,충주시,86,33
201803,충청북도,충주시,87,32
201803,충청북도,충주시,88,26
201803,충청북도,충주시,89,28
201803,충청북도,충주시,90,13
201803,충청북도,충주시,91,16
201803,충청북도,충주시,92,11
201803,충청북도,충주시,93,5
201803,충청북도,충주시,94,9
201803,충청북도,충주시,95,9
201803,충청북도,충주시,96,5
201803,충청북도,충주시,97,3
201803,충청북도,충주시,100,1
201803,충청북도,충주시,101,1
201803,충청북도,충주시,102,1
201803,충청북도,제천시,0,7
201803,충청북도,제천시,1,9
201803,충청북도,제천시,2,12
201803,충청북도,제천시,3,20
201803,충청북도,제천시,4,20
201803,충청북도,제천시,5,23
201803,충청북도,제천시,6,31
201803,충청북도,제천시,7,47
201803,충청북도,제천시,8,44
201803,충청북도,제천시,9,68
201803,충청북도,제천시,10,71
201803,충청북도,제천시,11,70
201803,충청북도,제천시,12,79
201803,충청북도,제천시,13,68
201803,충청북도,제천시,14,79
201803,충청북도,제천시,15,96
201803,충청북도,제천시,16,107
201803,충청북도,제천시,17,129
201803,충청북도,제천시,18,98
201803,충청북도,제천시,19,77
201803,충청북도,제천시,20,48
201803,충청북도,제천시,21,51
201803,충청북도,제천시,22,36
201803,충청북도,제천시,23,37
201803,충청북도,제천시,24,28
201803,충청북도,제천시,25,14
201803,충청북도,제천시,26,12
201803,충청북도,제천시,27,11
201803,충청북도,제천시,28,9
201803,충청북도,제천시,29,7
201803,충청북도,제천시,30,5
201803,충청북도,제천시,31,8
201803,충청북도,제천시,32,10
201803,충청북도,제천시,33,23
201803,충청북도,제천시,34,12
201803,충청북도,제천시,35,15
201803,충청북도,제천시,36,29
201803,충청북도,제천시,37,33
201803,충청북도,제천시,38,25
201803,충청북도,제천시,39,24
201803,충청북도,제천시,40,32
201803,충청북도,제천시,41,33
201803,충청북도,제천시,42,41
201803,충청북도,제천시,43,46
201803,충청북도,제천시,44,62
201803,충청북도,제천시,45,55
201803,충청북도,제천시,46,59
201803,충청북도,제천시,47,62
201803,충청북도,제천시,48,70
201803,충청북도,제천시,49,76
201803,충청북도,제천시,50,88
201803,충청북도,제천시,51,92
201803,충청북도,제천시,52,72
201803,충청북도,제천시,53,83
201803,충청북도,제천시,54,72
201803,충청북도,제천시,55,99
201803,충청북도,제천시,56,119
201803,충청북도,제천시,57,110
201803,충청북도,제천시,58,113
201803,충청북도,제천시,59,91
201803,충청북도,제천시,60,95
201803,충청북도,제천시,61,100
201803,충청북도,제천시,62,76
201803,충청북도,제천시,63,86
201803,충청북도,제천시,64,72
201803,충청북도,제천시,65,87
201803,충청북도,제천시,66,78
201803,충청북도,제천시,67,72
201803,충청북도,제천시,68,88
201803,충청북도,제천시,69,64
201803,충청북도,제천시,70,89
201803,충청북도,제천시,71,75
201803,충청북도,제천시,72,84
201803,충청북도,제천시,73,112
201803,충청북도,제천시,74,107
201803,충청북도,제천시,75,100
201803,충청북도,제천시,76,90
201803,충청북도,제천시,77,90
201803,충청북도,제천시,78,86
201803,충청북도,제천시,79,86
201803,충청북도,제천시,80,69
201803,충청북도,제천시,81,67
201803,충청북도,제천시,82,63
201803,충청북도,제천시,83,59
201803,충청북도,제천시,84,36
201803,충청북도,제천시,85,34
201803,충청북도,제천시,86,25
201803,충청북도,제천시,87,21
201803,충청북도,제천시,88,24
201803,충청북도,제천시,89,15
201803,충청북도,제천시,90,13
201803,충청북도,제천시,91,14
201803,충청북도,제천시,92,9
201803,충청북도,제천시,93,8
201803,충청북도,제천시,94,5
201803,충청북도,제천시,95,6
201803,충청북도,제천시,96,5
201803,충청북도,제천시,97,4
201803,충청북도,제천시,98,1
201803,충청북도,제천시,99,1
201803,충청북도,제천시,100,1
201803,충청북도,제천시,105,1
201803,충청북도,보은군,0,2
201803,충청북도,보은군,1,9
201803,충청북도,보은군,2,3
201803,충청북도,보은군,3,5
201803,충청북도,보은군,4,5
201803,충청북도,보은군,5,6
201803,충청북도,보은군,6,13
201803,충청북도,보은군,7,17
201803,충청북도,보은군,8,14
201803,충청북도,보은군,9,13
201803,충청북도,보은군,10,15
201803,충청북도,보은군,11,17
201803,충청북도,보은군,12,19
201803,충청북도,보은군,13,20
201803,충청북도,보은군,14,27
201803,충청북도,보은군,15,24
201803,충청북도,보은군,16,26
201803,충청북도,보은군,17,23
201803,충청북도,보은군,18,25
201803,충청북도,보은군,19,22
201803,충청북도,보은군,20,18
201803,충청북도,보은군,21,11
201803,충청북도,보은군,22,6
201803,충청북도,보은군,23,7
201803,충청북도,보은군,24,4
201803,충청북도,보은군,25,5
201803,충청북도,보은군,26,4
201803,충청북도,보은군,27,3
201803,충청북도,보은군,28,3
201803,충청북도,보은군,29,3
201803,충청북도,보은군,30,4
201803,충청북도,보은군,31,4
201803,충청북도,보은군,33,7
201803,충청북도,보은군,34,8
201803,충청북도,보은군,35,9
201803,충청북도,보은군,36,9
201803,충청북도,보은군,37,4
201803,충청북도,보은군,38,8
201803,충청북도,보은군,39,10
201803,충청북도,보은군,40,11
201803,충청북도,보은군,41,9
201803,충청북도,보은군,42,11
201803,충청북도,보은군,43,16
201803,충청북도,보은군,44,19
201803,충청북도,보은군,45,8
201803,충청북도,보은군,46,20
201803,충청북도,보은군,47,26
201803,충청북도,보은군,48,19
201803,충청북도,보은군,49,18
201803,충청북도,보은군,50,24
201803,충청북도,보은군,51,22
201803,충청북도,보은군,52,32
201803,충청북도,보은군,53,15
201803,충청북도,보은군,54,19
201803,충청북도,보은군,55,22
201803,충청북도,보은군,56,39
201803,충청북도,보은군,57,26
201803,충청북도,보은군,58,28
201803,충청북도,보은군,59,27
201803,충청북도,보은군,60,31
201803,충청북도,보은군,61,32
201803,충청북도,보은군,62,33
201803,충청북도,보은군,63,28
201803,충청북도,보은군,64,28
201803,충청북도,보은군,65,15
201803,충청북도,보은군,66,28
201803,충청북도,보은군,67,26
201803,충청북도,보은군,68,22
201803,충청북도,보은군,69,17
201803,충청북도,보은군,70,30
201803,충청북도,보은군,71,18
201803,충청북도,보은군,72,24
201803,충청북도,보은군,73,20
201803,충청북도,보은군,74,21
201803,충청북도,보은군,75,31
201803,충청북도,보은군,76,34
201803,충청북도,보은군,77,23
201803,충청북도,보은군,78,30
201803,충청북도,보은군,79,18
201803,충청북도,보은군,80,16
201803,충청북도,보은군,81,19
201803,충청북도,보은군,82,23
201803,충청북도,보은군,83,24
201803,충청북도,보은군,84,18
201803,충청북도,보은군,85,19
201803,충청북도,보은군,86,17
201803,충청북도,보은군,87,9
201803,충청북도,보은군,88,16
201803,충청북도,보은군,89,13
201803,충청북도,보은군,90,10
201803,충청북도,보은군,91,7
201803,충청북도,보은군,92,9
201803,충청북도,보은군,94,2
201803,충청북도,보은군,95,1
201803,충청북도,보은군,96,1
201803,충청북도,보은군,97,1
201803,충청북도,보은군,99,1
201803,충청북도,보은군,100,1
201803,충청북도,옥천군,0,1
201803,충청북도,옥천군,1,3
201803,충청북도,옥천군,2,2
201803,충청북도,옥천군,3,5
201803,충청북도,옥천군,4,2
201803,충청북도,옥천군,5,4
201803,충청북도,옥천군,6,10
201803,충청북도,옥천군,7,12
201803,충청북도,옥천군,8,20
201803,충청북도,옥천군,9,18
201803,충청북도,옥천군,10,24
201803,충청북도,옥천군,11,22
201803,충청북도,옥천군,12,26
201803,충청북도,옥천군,13,30
201803,충청북도,옥천군,14,27
201803,충청북도,옥천군,15,24
201803,충청북도,옥천군,16,34
201803,충청북도,옥천군,17,38
201803,충청북도,옥천군,18,36
201803,충청북도,옥천군,19,11
201803,충청북도,옥천군,20,18
201803,충청북도,옥천군,21,9
201803,충청북도,옥천군,22,8
201803,충청북도,옥천군,23,5
201803,충청북도,옥천군,24,6
201803,충청북도,옥천군,25,3
201803,충청북도,옥천군,27,1
201803,충청북도,옥천군,28,2
201803,충청북도,옥천군,29,2
201803,충청북도,옥천군,30,3
201803,충청북도,옥천군,31,13
201803,충청북도,옥천군,32,7
201803,충청북도,옥천군,33,4
201803,충청북도,옥천군,34,7
201803,충청북도,옥천군,35,5
201803,충청북도,옥천군,36,13
201803,충청북도,옥천군,37,7
201803,충청북도,옥천군,38,11
201803,충청북도,옥천군,39,6
201803,충청북도,옥천군,40,11
201803,충청북도,옥천군,41,11
201803,충청북도,옥천군,42,5
201803,충청북도,옥천군,43,16
201803,충청북도,옥천군,44,25
201803,충청북도,옥천군,45,22
201803,충청북도,옥천군,46,16
201803,충청북도,옥천군,47,10
201803,충청북도,옥천군,48,18
201803,충청북도,옥천군,49,28
201803,충청북도,옥천군,50,27
201803,충청북도,옥천군,51,35
201803,충청북도,옥천군,52,28
201803,충청북도,옥천군,53,21
201803,충청북도,옥천군,54,15
201803,충청북도,옥천군,55,28
201803,충청북도,옥천군,56,38
201803,충청북도,옥천군,57,34
201803,충청북도,옥천군,58,19
201803,충청북도,옥천군,59,20
201803,충청북도,옥천군,60,24
201803,충청북도,옥천군,61,23
201803,충청북도,옥천군,62,24
201803,충청북도,옥천군,63,23
201803,충청북도,옥천군,64,15
201803,충청북도,옥천군,65,29
201803,충청북도,옥천군,66,25
201803,충청북도,옥천군,67,14
201803,충청북도,옥천군,68,30
201803,충청북도,옥천군,69,22
201803,충청북도,옥천군,70,28
201803,충청북도,옥천군,71,18
201803,충청북도,옥천군,72,17
201803,충청북도,옥천군,73,20
201803,충청북도,옥천군,74,28
201803,충청북도,옥천군,75,28
201803,충청북도,옥천군,76,34
201803,충청북도,옥천군,77,22
201803,충청북도,옥천군,78,27
201803,충청북도,옥천군,79,29
201803,충청북도,옥천군,80,38
201803,충청북도,옥천군,81,25
201803,충청북도,옥천군,82,26
201803,충청북도,옥천군,83,23
201803,충청북도,옥천군,84,16
201803,충청북도,옥천군,85,18
201803,충청북도,옥천군,86,14
201803,충청북도,옥천군,87,15
201803,충청북도,옥천군,88,10
201803,충청북도,옥천군,89,7
201803,충청북도,옥천군,90,1
201803,충청북도,옥천군,91,5
201803,충청북도,옥천군,92,2
201803,충청북도,옥천군,93,1
201803,충청북도,옥천군,94,3
201803,충청북도,옥천군,96,1
201803,충청북도,옥천군,99,1
201803,충청북도,옥천군,100,1
201803,충청북도,영동군,0,5
201803,충청북도,영동군,1,3
201803,충청북도,영동군,2,6
201803,충청북도,영동군,3,7
201803,충청북도,영동군,4,6
201803,충청북도,영동군,5,7
201803,충청북도,영동군,6,12
201803,충청북도,영동군,7,9
201803,충청북도,영동군,8,18
201803,충청북도,영동군,9,17
201803,충청북도,영동군,10,26
201803,충청북도,영동군,11,21
201803,충청북도,영동군,12,22
201803,충청북도,영동군,13,30
201803,충청북도,영동군,14,27
201803,충청북도,영동군,15,29
201803,충청북도,영동군,16,32
201803,충청북도,영동군,17,40
201803,충청북도,영동군,18,37
201803,충청북도,영동군,19,18
201803,충청북도,영동군,20,19
201803,충청북도,영동군,21,16
201803,충청북도,영동군,22,16
201803,충청북도,영동군,23,17
201803,충청북도,영동군,24,5
201803,충청북도,영동군,25,10
201803,충청북도,영동군,26,5
201803,충청북도,영동군,28,3
201803,충청북도,영동군,29,4
201803,충청북도,영동군,30,6
201803,충청북도,영동군,31,7
201803,충청북도,영동군,32,6
201803,충청북도,영동군,33,3
201803,충청북도,영동군,34,9
201803,충청북도,영동군,35,5
201803,충청북도,영동군,36,15
201803,충청북도,영동군,37,10
201803,충청북도,영동군,38,10
201803,충청북도,영동군,39,13
201803,충청북도,영동군,40,11
201803,충청북도,영동군,41,6
201803,충청북도,영동군,42,16
201803,충청북도,영동군,43,23
201803,충청북도,영동군,44,17
201803,충청북도,영동군,45,17
201803,충청북도,영동군,46,26
201803,충청북도,영동군,47,23
201803,충청북도,영동군,48,27
201803,충청북도,영동군,49,33
201803,충청북도,영동군,50,23
201803,충청북도,영동군,51,28
201803,충청북도,영동군,52,33
201803,충청북도,영동군,53,29
201803,충청북도,영동군,54,26
201803,충청북도,영동군,55,36
201803,충청북도,영동군,56,25
201803,충청북도,영동군,57,45
201803,충청북도,영동군,58,32
201803,충청북도,영동군,59,46
201803,충청북도,영동군,60,35
201803,충청북도,영동군,61,35
201803,충청북도,영동군,62,29
201803,충청북도,영동군,63,26
201803,충청북도,영동군,64,17
201803,충청북도,영동군,65,27
201803,충청북도,영동군,66,30
201803,충청북도,영동군,67,24
201803,충청북도,영동군,68,29
201803,충청북도,영동군,69,25
201803,충청북도,영동군,70,26
201803,충청북도,영동군,71,27
201803,충청북도,영동군,72,24
201803,충청북도,영동군,73,33
201803,충청북도,영동군,74,35
201803,충청북도,영동군,75,38
201803,충청북도,영동군,76,38
201803,충청북도,영동군,77,17
201803,충청북도,영동군,78,22
201803,충청북도,영동군,79,42
201803,충청북도,영동군,80,31
201803,충청북도,영동군,81,23
201803,충청북도,영동군,82,24
201803,충청북도,영동군,83,25
201803,충청북도,영동군,84,20
201803,충청북도,영동군,85,16
201803,충청북도,영동군,86,12
201803,충청북도,영동군,87,14
201803,충청북도,영동군,88,17
201803,충청북도,영동군,89,15
201803,충청북도,영동군,90,14
201803,충청북도,영동군,91,11
201803,충청북도,영동군,92,3
201803,충청북도,영동군,93,4
201803,충청북도,영동군,94,2
201803,충청북도,영동군,95,7
201803,충청북도,영동군,97,1
201803,충청북도,영동군,101,1
201803,충청북도,증평군,0,1
201803,충청북도,증평군,1,4
201803,충청북도,증평군,2,1
201803,충청북도,증평군,3,2
201803,충청북도,증평군,4,4
201803,충청북도,증평군,5,4
201803,충청북도,증평군,6,4
201803,충청북도,증평군,7,6
201803,충청북도,증평군,8,19
201803,충청북도,증평군,9,13
201803,충청북도,증평군,10,18
201803,충청북도,증평군,11,13
201803,충청북도,증평군,12,19
201803,충청북도,증평군,13,24
201803,충청북도,증평군,14,23
201803,충청북도,증평군,15,19
201803,충청북도,증평군,16,19
201803,충청북도,증평군,17,22
201803,충청북도,증평군,18,13
201803,충청북도,증평군,19,10
201803,충청북도,증평군,20,9
201803,충청북도,증평군,21,6
201803,충청북도,증평군,22,6
201803,충청북도,증평군,23,2
201803,충청북도,증평군,24,2
201803,충청북도,증평군,25,3
201803,충청북도,증평군,27,3
201803,충청북도,증평군,28,2
201803,충청북도,증평군,29,3
201803,충청북도,증평군,31,3
201803,충청북도,증평군,32,4
201803,충청북도,증평군,33,2
201803,충청북도,증평군,35,6
201803,충청북도,증평군,36,5
201803,충청북도,증평군,37,6
201803,충청북도,증평군,38,13
201803,충청북도,증평군,39,5
201803,충청북도,증평군,40,5
201803,충청북도,증평군,41,6
201803,충청북도,증평군,42,6
201803,충청북도,증평군,43,12
201803,충청북도,증평군,44,13
201803,충청북도,증평군,45,9
201803,충청북도,증평군,46,10
201803,충청북도,증평군,47,7
201803,충청북도,증평군,48,9
201803,충청북도,증평군,49,17
201803,충청북도,증평군,50,20
201803,충청북도,증평군,51,15
201803,충청북도,증평군,52,25
201803,충청북도,증평군,53,21
201803,충청북도,증평군,54,15
201803,충청북도,증평군,55,23
201803,충청북도,증평군,56,18
201803,충청북도,증평군,57,16
201803,충청북도,증평군,58,17
201803,충청북도,증평군,59,17
201803,충청북도,증평군,60,26
201803,충청북도,증평군,61,19
201803,충청북도,증평군,62,19
201803,충청북도,증평군,63,16
201803,충청북도,증평군,64,13
201803,충청북도,증평군,65,24
201803,충청북도,증평군,66,17
201803,충청북도,증평군,67,13
201803,충청북도,증평군,68,13
201803,충청북도,증평군,69,12
201803,충청북도,증평군,70,18
201803,충청북도,증평군,71,10
201803,충청북도,증평군,72,18
201803,충청북도,증평군,73,16
201803,충청북도,증평군,74,20
201803,충청북도,증평군,75,26
201803,충청북도,증평군,76,21
201803,충청북도,증평군,77,22
201803,충청북도,증평군,78,13
201803,충청북도,증평군,79,8
201803,충청북도,증평군,80,15
201803,충청북도,증평군,81,6
201803,충청북도,증평군,82,11
201803,충청북도,증평군,83,11
201803,충청북도,증평군,84,12
201803,충청북도,증평군,85,6
201803,충청북도,증평군,86,6
201803,충청북도,증평군,87,4
201803,충청북도,증평군,88,3
201803,충청북도,증평군,89,2
201803,충청북도,증평군,90,4
201803,충청북도,증평군,91,2
201803,충청북도,증평군,92,1
201803,충청북도,증평군,93,1
201803,충청북도,증평군,94,3
201803,충청북도,증평군,96,2
201803,충청북도,증평군,100,1
201803,충청북도,진천군,0,6
201803,충청북도,진천군,1,3
201803,충청북도,진천군,2,6
201803,충청북도,진천군,3,10
201803,충청북도,진천군,4,5
201803,충청북도,진천군,5,12
201803,충청북도,진천군,6,13
201803,충청북도,진천군,7,14
201803,충청북도,진천군,8,26
201803,충청북도,진천군,9,26
201803,충청북도,진천군,10,32
201803,충청북도,진천군,11,22
201803,충청북도,진천군,12,25
201803,충청북도,진천군,13,28
201803,충청북도,진천군,14,25
201803,충청북도,진천군,15,33
201803,충청북도,진천군,16,49
201803,충청북도,진천군,17,50
201803,충청북도,진천군,18,30
201803,충청북도,진천군,19,33
201803,충청북도,진천군,20,17
201803,충청북도,진천군,21,11
201803,충청북도,진천군,22,10
201803,충청북도,진천군,23,12
201803,충청북도,진천군,24,11
201803,충청북도,진천군,25,6
201803,충청북도,진천군,26,3
201803,충청북도,진천군,27,5
201803,충청북도,진천군,28,6
201803,충청북도,진천군,29,4
201803,충청북도,진천군,30,5
201803,충청북도,진천군,31,8
201803,충청북도,진천군,32,9
201803,충청북도,진천군,33,5
201803,충청북도,진천군,34,12
201803,충청북도,진천군,35,9
201803,충청북도,진천군,36,9
201803,충청북도,진천군,37,9
201803,충청북도,진천군,38,7
201803,충청북도,진천군,39,9
201803,충청북도,진천군,40,6
201803,충청북도,진천군,41,12
201803,충청북도,진천군,42,21
201803,충청북도,진천군,43,18
201803,충청북도,진천군,44,23
201803,충청북도,진천군,45,16
201803,충청북도,진천군,46,10
201803,충청북도,진천군,47,20
201803,충청북도,진천군,48,22
201803,충청북도,진천군,49,29
201803,충청북도,진천군,50,23
201803,충청북도,진천군,51,30
201803,충청북도,진천군,52,30
201803,충청북도,진천군,53,35
201803,충청북도,진천군,54,34
201803,충청북도,진천군,55,28
201803,충청북도,진천군,56,46
201803,충청북도,진천군,57,31
201803,충청북도,진천군,58,36
201803,충청북도,진천군,59,26
201803,충청북도,진천군,60,27
201803,충청북도,진천군,61,26
201803,충청북도,진천군,62,33
201803,충청북도,진천군,63,35
201803,충청북도,진천군,64,17
201803,충청북도,진천군,65,31
201803,충청북도,진천군,66,22
201803,충청북도,진천군,67,25
201803,충청북도,진천군,68,22
201803,충청북도,진천군,69,18
201803,충청북도,진천군,70,27
201803,충청북도,진천군,71,21
201803,충청북도,진천군,72,14
201803,충청북도,진천군,73,19
201803,충청북도,진천군,74,25
201803,충청북도,진천군,75,38
201803,충청북도,진천군,76,35
201803,충청북도,진천군,77,27
201803,충청북도,진천군,78,24
201803,충청북도,진천군,79,19
201803,충청북도,진천군,80,13
201803,충청북도,진천군,81,24
201803,충청북도,진천군,82,20
201803,충청북도,진천군,83,20
201803,충청북도,진천군,84,22
201803,충청북도,진천군,85,12
201803,충청북도,진천군,86,12
201803,충청북도,진천군,87,9
201803,충청북도,진천군,88,2
201803,충청북도,진천군,89,10
201803,충청북도,진천군,90,5
201803,충청북도,진천군,91,6
201803,충청북도,진천군,92,2
201803,충청북도,진천군,93,5
201803,충청북도,진천군,94,2
201803,충청북도,진천군,96,4
201803,충청북도,진천군,98,2
201803,충청북도,괴산군,0,1
201803,충청북도,괴산군,1,1
201803,충청북도,괴산군,2,2
201803,충청북도,괴산군,3,5
201803,충청북도,괴산군,4,5
201803,충청북도,괴산군,5,3
201803,충청북도,괴산군,6,5
201803,충청북도,괴산군,7,12
201803,충청북도,괴산군,8,10
201803,충청북도,괴산군,9,24
201803,충청북도,괴산군,10,17
201803,충청북도,괴산군,11,19
201803,충청북도,괴산군,12,23
201803,충청북도,괴산군,13,25
201803,충청북도,괴산군,14,24
201803,충청북도,괴산군,15,28
201803,충청북도,괴산군,16,30
201803,충청북도,괴산군,17,36
201803,충청북도,괴산군,18,32
201803,충청북도,괴산군,19,20
201803,충청북도,괴산군,20,15
201803,충청북도,괴산군,21,10
201803,충청북도,괴산군,22,10
201803,충청북도,괴산군,23,5
201803,충청북도,괴산군,24,5
201803,충청북도,괴산군,25,2
201803,충청북도,괴산군,26,6
201803,충청북도,괴산군,27,3
201803,충청북도,괴산군,28,3
201803,충청북도,괴산군,29,4
201803,충청북도,괴산군,30,2
201803,충청북도,괴산군,31,6
201803,충청북도,괴산군,32,1
201803,충청북도,괴산군,33,1
201803,충청북도,괴산군,34,5
201803,충청북도,괴산군,35,4
201803,충청북도,괴산군,36,6
201803,충청북도,괴산군,37,9
201803,충청북도,괴산군,38,16
201803,충청북도,괴산군,39,10
201803,충청북도,괴산군,40,8
201803,충청북도,괴산군,41,9
201803,충청북도,괴산군,42,7
201803,충청북도,괴산군,43,15
201803,충청북도,괴산군,44,15
201803,충청북도,괴산군,45,20
201803,충청북도,괴산군,46,22
201803,충청북도,괴산군,47,25
201803,충청북도,괴산군,48,22
201803,충청북도,괴산군,49,27
201803,충청북도,괴산군,50,33
201803,충청북도,괴산군,51,26
201803,충청북도,괴산군,52,32
201803,충청북도,괴산군,53,34
201803,충청북도,괴산군,54,14
201803,충청북도,괴산군,55,35
201803,충청북도,괴산군,56,34
201803,충청북도,괴산군,57,39
201803,충청북도,괴산군,58,39
201803,충청북도,괴산군,59,29
201803,충청북도,괴산군,60,30
201803,충청북도,괴산군,61,39
201803,충청북도,괴산군,62,24
201803,충청북도,괴산군,63,21
201803,충청북도,괴산군,64,28
201803,충청북도,괴산군,65,20
201803,충청북도,괴산군,66,22
201803,충청북도,괴산군,67,21
201803,충청북도,괴산군,68,24
201803,충청북도,괴산군,69,20
201803,충청북도,괴산군,70,29
201803,충청북도,괴산군,71,36
201803,충청북도,괴산군,72,27
201803,충청북도,괴산군,73,35
201803,충청북도,괴산군,74,27
201803,충청북도,괴산군,75,33
201803,충청북도,괴산군,76,26
201803,충청북도,괴산군,77,18
201803,충청북도,괴산군,78,28
201803,충청북도,괴산군,79,34
201803,충청북도,괴산군,80,24
201803,충청북도,괴산군,81,22
201803,충청북도,괴산군,82,24
201803,충청북도,괴산군,83,14
201803,충청북도,괴산군,84,24
201803,충청북도,괴산군,85,17
201803,충청북도,괴산군,86,16
201803,충청북도,괴산군,87,14
201803,충청북도,괴산군,88,7
201803,충청북도,괴산군,89,11
201803,충청북도,괴산군,90,4
201803,충청북도,괴산군,91,2
201803,충청북도,괴산군,92,3
201803,충청북도,괴산군,93,2
201803,충청북도,괴산군,94,3
201803,충청북도,괴산군,96,3
201803,충청북도,괴산군,97,3
201803,충청북도,괴산군,98,1
201803,충청북도,괴산군,101,1
201803,충청북도,음성군,0,4
201803,충청북도,음성군,1,4
201803,충청북도,음성군,2,14
201803,충청북도,음성군,3,11
201803,충청북도,음성군,4,9
201803,충청북도,음성군,5,7
201803,충청북도,음성군,6,13
201803,충청북도,음성군,7,16
201803,충청북도,음성군,8,25
201803,충청북도,음성군,9,27
201803,충청북도,음성군,10,32
201803,충청북도,음성군,11,27
201803,충청북도,음성군,12,33
201803,충청북도,음성군,13,38
201803,충청북도,음성군,14,41
201803,충청북도,음성군,15,51
201803,충청북도,음성군,16,49
201803,충청북도,음성군,17,74
201803,충청북도,음성군,18,47
201803,충청북도,음성군,19,29
201803,충청북도,음성군,20,35
201803,충청북도,음성군,21,21
201803,충청북도,음성군,22,20
201803,충청북도,음성군,23,15
201803,충청북도,음성군,24,19
201803,충청북도,음성군,25,7
201803,충청북도,음성군,26,2
201803,충청북도,음성군,27,5
201803,충청북도,음성군,28,5
201803,충청북도,음성군,29,8
201803,충청북도,음성군,30,9
201803,충청북도,음성군,31,8
201803,충청북도,음성군,32,1
201803,충청북도,음성군,33,12
201803,충청북도,음성군,34,9
201803,충청북도,음성군,35,13
201803,충청북도,음성군,36,13
201803,충청북도,음성군,37,15
201803,충청북도,음성군,38,14
201803,충청북도,음성군,39,14
201803,충청북도,음성군,40,21
201803,충청북도,음성군,41,20
201803,충청북도,음성군,42,29
201803,충청북도,음성군,43,26
201803,충청북도,음성군,44,26
201803,충청북도,음성군,45,39
201803,충청북도,음성군,46,25
201803,충청북도,음성군,47,39
201803,충청북도,음성군,48,39
201803,충청북도,음성군,49,32
201803,충청북도,음성군,50,47
201803,충청북도,음성군,51,42
201803,충청북도,음성군,52,34
201803,충청북도,음성군,53,37
201803,충청북도,음성군,54,46
201803,충청북도,음성군,55,43
201803,충청북도,음성군,56,42
201803,충청북도,음성군,57,57
201803,충청북도,음성군,58,54
201803,충청북도,음성군,59,49
201803,충청북도,음성군,60,40
201803,충청북도,음성군,61,46
201803,충청북도,음성군,62,46
201803,충청북도,음성군,63,39
201803,충청북도,음성군,64,32
201803,충청북도,음성군,65,39
201803,충청북도,음성군,66,43
201803,충청북도,음성군,67,40
201803,충청북도,음성군,68,40
201803,충청북도,음성군,69,41
201803,충청북도,음성군,70,32
201803,충청북도,음성군,71,39
201803,충청북도,음성군,72,40
201803,충청북도,음성군,73,45
201803,충청북도,음성군,74,47
201803,충청북도,음성군,75,51
201803,충청북도,음성군,76,53
201803,충청북도,음성군,77,42
201803,충청북도,음성군,78,39
201803,충청북도,음성군,79,39
201803,충청북도,음성군,80,31
201803,충청북도,음성군,81,29
201803,충청북도,음성군,82,33
201803,충청북도,음성군,83,28
201803,충청북도,음성군,84,23
201803,충청북도,음성군,85,18
201803,충청북도,음성군,86,12
201803,충청북도,음성군,87,12
201803,충청북도,음성군,88,15
201803,충청북도,음성군,89,8
201803,충청북도,음성군,90,10
201803,충청북도,음성군,91,4
201803,충청북도,음성군,92,8
201803,충청북도,음성군,93,2
201803,충청북도,음성군,94,1
201803,충청북도,음성군,95,1
201803,충청북도,음성군,96,4
201803,충청북도,음성군,97,1
201803,충청북도,음성군,99,1
201803,충청북도,단양군,1,3
201803,충청북도,단양군,2,2
201803,충청북도,단양군,3,2
201803,충청북도,단양군,4,6
201803,충청북도,단양군,5,6
201803,충청북도,단양군,6,7
201803,충청북도,단양군,7,12
201803,충청북도,단양군,8,10
201803,충청북도,단양군,9,26
201803,충청북도,단양군,10,11
201803,충청북도,단양군,11,16
201803,충청북도,단양군,12,17
201803,충청북도,단양군,13,21
201803,충청북도,단양군,14,25
201803,충청북도,단양군,15,16
201803,충청북도,단양군,16,29
201803,충청북도,단양군,17,34
201803,충청북도,단양군,18,21
201803,충청북도,단양군,19,13
201803,충청북도,단양군,20,11
201803,충청북도,단양군,21,4
201803,충청북도,단양군,22,7
201803,충청북도,단양군,23,9
201803,충청북도,단양군,24,6
201803,충청북도,단양군,25,6
201803,충청북도,단양군,26,5
201803,충청북도,단양군,27,1
201803,충청북도,단양군,28,6
201803,충청북도,단양군,29,1
201803,충청북도,단양군,31,3
201803,충청북도,단양군,32,6
201803,충청북도,단양군,33,4
201803,충청북도,단양군,34,2
201803,충청북도,단양군,35,7
201803,충청북도,단양군,36,11
201803,충청북도,단양군,37,2
201803,충청북도,단양군,38,5
201803,충청북도,단양군,39,9
201803,충청북도,단양군,40,6
201803,충청북도,단양군,41,10
201803,충청북도,단양군,42,9
201803,충청북도,단양군,43,12
201803,충청북도,단양군,44,12
201803,충청북도,단양군,45,7
201803,충청북도,단양군,46,14
201803,충청북도,단양군,47,13
201803,충청북도,단양군,48,21
201803,충청북도,단양군,49,15
201803,충청북도,단양군,50,19
201803,충청북도,단양군,51,22
201803,충청북도,단양군,52,21
201803,충청북도,단양군,53,19
201803,충청북도,단양군,54,14
201803,충청북도,단양군,55,19
201803,충청북도,단양군,56,15
201803,충청북도,단양군,57,27
201803,충청북도,단양군,58,29
201803,충청북도,단양군,59,27
201803,충청북도,단양군,60,18
201803,충청북도,단양군,61,23
201803,충청북도,단양군,62,19
201803,충청북도,단양군,63,20
201803,충청북도,단양군,64,22
201803,충청북도,단양군,65,14
201803,충청북도,단양군,66,22
201803,충청북도,단양군,67,12
201803,충청북도,단양군,68,13
201803,충청북도,단양군,69,26
201803,충청북도,단양군,70,19
201803,충청북도,단양군,71,24
201803,충청북도,단양군,72,14
201803,충청북도,단양군,73,29
201803,충청북도,단양군,74,28
201803,충청북도,단양군,75,20
201803,충청북도,단양군,76,36
201803,충청북도,단양군,77,20
201803,충청북도,단양군,78,23
201803,충청북도,단양군,79,26
201803,충청북도,단양군,80,20
201803,충청북도,단양군,81,28
201803,충청북도,단양군,82,21
201803,충청북도,단양군,83,18
201803,충청북도,단양군,84,19
201803,충청북도,단양군,85,11
201803,충청북도,단양군,86,9
201803,충청북도,단양군,87,12
201803,충청북도,단양군,88,10
201803,충청북도,단양군,89,1
201803,충청북도,단양군,90,5
201803,충청북도,단양군,91,1
201803,충청북도,단양군,92,1
201803,충청북도,단양군,93,2
201803,충청북도,단양군,94,3
201803,충청북도,단양군,95,1
201803,충청북도,단양군,96,1
201803,충청북도,단양군,99,3
201803,충청북도,단양군,103,1
201803,충청남도,천안시,0,21
201803,충청남도,천안시,1,34
201803,충청남도,천안시,2,51
201803,충청남도,천안시,3,45
201803,충청남도,천안시,4,55
201803,충청남도,천안시,5,65
201803,충청남도,천안시,6,88
201803,충청남도,천안시,7,136
201803,충청남도,천안시,8,148
201803,충청남도,천안시,9,194
201803,충청남도,천안시,10,202
201803,충청남도,천안시,11,206
201803,충청남도,천안시,12,217
201803,충청남도,천안시,13,248
201803,충청남도,천안시,14,262
201803,충청남도,천안시,15,324
201803,충청남도,천안시,16,362
201803,충청남도,천안시,17,397
201803,충청남도,천안시,18,250
201803,충청남도,천안시,19,175
201803,충청남도,천안시,20,164
201803,충청남도,천안시,21,121
201803,충청남도,천안시,22,109
201803,충청남도,천안시,23,104
201803,충청남도,천안시,24,66
201803,충청남도,천안시,25,52
201803,충청남도,천안시,26,32
201803,충청남도,천안시,27,37
201803,충청남도,천안시,28,21
201803,충청남도,천안시,29,20
201803,충청남도,천안시,30,26
201803,충청남도,천안시,31,22
201803,충청남도,천안시,32,33
201803,충청남도,천안시,33,28
201803,충청남도,천안시,34,49
201803,충청남도,천안시,35,59
201803,충청남도,천안시,36,63
201803,충청남도,천안시,37,62
201803,충청남도,천안시,38,87
201803,충청남도,천안시,39,73
201803,충청남도,천안시,40,94
201803,충청남도,천안시,41,97
201803,충청남도,천안시,42,113
201803,충청남도,천안시,43,125
201803,충청남도,천안시,44,129
201803,충청남도,천안시,45,155
201803,충청남도,천안시,46,162
201803,충청남도,천안시,47,174
201803,충청남도,천안시,48,182
201803,충청남도,천안시,49,175
201803,충청남도,천안시,50,176
201803,충청남도,천안시,51,162
201803,충청남도,천안시,52,191
201803,충청남도,천안시,53,195
201803,충청남도,천안시,54,167
201803,충청남도,천안시,55,175
201803,충청남도,천안시,56,215
201803,충청남도,천안시,57,228
201803,충청남도,천안시,58,205
201803,충청남도,천안시,59,199
201803,충청남도,천안시,60,173
201803,충청남도,천안시,61,191
201803,충청남도,천안시,62,189
201803,충청남도,천안시,63,183
201803,충청남도,천안시,64,123
201803,충청남도,천안시,65,154
201803,충청남도,천안시,66,158
201803,충청남도,천안시,67,164
201803,충청남도,천안시,68,145
201803,충청남도,천안시,69,137
201803,충청남도,천안시,70,162
201803,충청남도,천안시,71,146
201803,충청남도,천안시,72,132
201803,충청남도,천안시,73,144
201803,충청남도,천안시,74,137
201803,충청남도,천안시,75,171
201803,충청남도,천안시,76,162
201803,충청남도,천안시,77,149
201803,충청남도,천안시,78,136
201803,충청남도,천안시,79,151
201803,충청남도,천안시,80,135
201803,충청남도,천안시,81,109
201803,충청남도,천안시,82,114
201803,충청남도,천안시,83,91
201803,충청남도,천안시,84,76
201803,충청남도,천안시,85,61
201803,충청남도,천안시,86,63
201803,충청남도,천안시,87,57
201803,충청남도,천안시,88,38
201803,충청남도,천안시,89,33
201803,충청남도,천안시,90,27
201803,충청남도,천안시,91,28
201803,충청남도,천안시,92,12
201803,충청남도,천안시,93,17
201803,충청남도,천안시,94,9
201803,충청남도,천안시,95,10
201803,충청남도,천안시,96,5
201803,충청남도,천안시,97,5
201803,충청남도,천안시,98,2
201803,충청남도,천안시,99,2
201803,충청남도,천안시,100,1
201803,충청남도,천안시,101,1
201803,충청남도,공주시,0,4
201803,충청남도,공주시,1,6
201803,충청남도,공주시,2,8
201803,충청남도,공주시,3,19
201803,충청남도,공주시,4,12
201803,충청남도,공주시,5,9
201803,충청남도,공주시,6,22
201803,충청남도,공주시,7,43
201803,충청남도,공주시,8,43
201803,충청남도,공주시,9,49
201803,충청남도,공주시,10,62
201803,충청남도,공주시,11,56
201803,충청남도,공주시,12,54
201803,충청남도,공주시,13,70
201803,충청남도,공주시,14,79
201803,충청남도,공주시,15,77
201803,충청남도,공주시,16,98
201803,충청남도,공주시,17,112
201803,충청남도,공주시,18,71
201803,충청남도,공주시,19,63
201803,충청남도,공주시,20,68
201803,충청남도,공주시,21,50
201803,충청남도,공주시,22,43
201803,충청남도,공주시,23,35
201803,충청남도,공주시,24,18
201803,충청남도,공주시,25,17
201803,충청남도,공주시,26,13
201803,충청남도,공주시,27,9
201803,충청남도,공주시,28,4
201803,충청남도,공주시,29,9
201803,충청남도,공주시,30,8
201803,충청남도,공주시,31,10
201803,충청남도,공주시,32,9
201803,충청남도,공주시,33,13
201803,충청남도,공주시,34,14
201803,충청남도,공주시,35,14
201803,충청남도,공주시,36,25
201803,충청남도,공주시,37,23
201803,충청남도,공주시,38,29
201803,충청남도,공주시,39,30
201803,충청남도,공주시,40,25
201803,충청남도,공주시,41,22
201803,충청남도,공주시,42,27
201803,충청남도,공주시,43,39
201803,충청남도,공주시,44,57
201803,충청남도,공주시,45,51
201803,충청남도,공주시,46,53
201803,충청남도,공주시,47,45
201803,충청남도,공주시,48,56
201803,충청남도,공주시,49,69
201803,충청남도,공주시,50,52
201803,충청남도,공주시,51,60
201803,충청남도,공주시,52,57
201803,충청남도,공주시,53,77
201803,충청남도,공주시,54,65
201803,충청남도,공주시,55,78
201803,충청남도,공주시,56,76
201803,충청남도,공주시,57,81
201803,충청남도,공주시,58,56
201803,충청남도,공주시,59,76
201803,충청남도,공주시,60,72
201803,충청남도,공주시,61,60
201803,충청남도,공주시,62,80
201803,충청남도,공주시,63,70
201803,충청남도,공주시,64,38
201803,충청남도,공주시,65,31
201803,충청남도,공주시,66,59
201803,충청남도,공주시,67,59
201803,충청남도,공주시,68,61
201803,충청남도,공주시,69,70
201803,충청남도,공주시,70,63
201803,충청남도,공주시,71,71
201803,충청남도,공주시,72,49
201803,충청남도,공주시,73,51
201803,충청남도,공주시,74,64
201803,충청남도,공주시,75,83
201803,충청남도,공주시,76,90
201803,충청남도,공주시,77,46
201803,충청남도,공주시,78,48
201803,충청남도,공주시,79,50
201803,충청남도,공주시,80,46
201803,충청남도,공주시,81,46
201803,충청남도,공주시,82,55
201803,충청남도,공주시,83,49
201803,충청남도,공주시,84,45
201803,충청남도,공주시,85,22
201803,충청남도,공주시,86,24
201803,충청남도,공주시,87,35
201803,충청남도,공주시,88,18
201803,충청남도,공주시,89,19
201803,충청남도,공주시,90,11
201803,충청남도,공주시,91,13
201803,충청남도,공주시,92,9
201803,충청남도,공주시,93,6
201803,충청남도,공주시,94,6
201803,충청남도,공주시,95,4
201803,충청남도,공주시,96,1
201803,충청남도,공주시,97,1
201803,충청남도,공주시,98,1
201803,충청남도,공주시,99,3
201803,충청남도,공주시,100,1
201803,충청남도,공주시,102,1
201803,충청남도,보령시,0,4
201803,충청남도,보령시,1,6
201803,충청남도,보령시,2,7
201803,충청남도,보령시,3,13
201803,충청남도,보령시,4,8
201803,충청남도,보령시,5,15
201803,충청남도,보령시,6,17
201803,충청남도,보령시,7,25
201803,충청남도,보령시,8,38
201803,충청남도,보령시,9,44
201803,충청남도,보령시,10,63
201803,충청남도,보령시,11,50
201803,충청남도,보령시,12,61
201803,충청남도,보령시,13,60
201803,충청남도,보령시,14,66
201803,충청남도,보령시,15,73
201803,충청남도,보령시,16,81
201803,충청남도,보령시,17,123
201803,충청남도,보령시,18,58
201803,충청남도,보령시,19,50
201803,충청남도,보령시,20,36
201803,충청남도,보령시,21,14
201803,충청남도,보령시,22,19
201803,충청남도,보령시,23,13
201803,충청남도,보령시,24,15
201803,충청남도,보령시,25,11
201803,충청남도,보령시,26,6
201803,충청남도,보령시,27,8
201803,충청남도,보령시,28,5
201803,충청남도,보령시,29,8
201803,충청남도,보령시,30,10
201803,충청남도,보령시,31,10
201803,충청남도,보령시,32,7
201803,충청남도,보령시,33,14
201803,충청남도,보령시,34,10
201803,충청남도,보령시,35,18
201803,충청남도,보령시,36,12
201803,충청남도,보령시,37,22
201803,충청남도,보령시,38,26
201803,충청남도,보령시,39,29
201803,충청남도,보령시,40,23
201803,충청남도,보령시,41,27
201803,충청남도,보령시,42,30
201803,충청남도,보령시,43,47
201803,충청남도,보령시,44,47
201803,충청남도,보령시,45,62
201803,충청남도,보령시,46,55
201803,충청남도,보령시,47,58
201803,충청남도,보령시,48,65
201803,충청남도,보령시,49,69
201803,충청남도,보령시,50,67
201803,충청남도,보령시,51,61
201803,충청남도,보령시,52,51
201803,충청남도,보령시,53,64
201803,충청남도,보령시,54,62
201803,충청남도,보령시,55,66
201803,충청남도,보령시,56,63
201803,충청남도,보령시,57,83
201803,충청남도,보령시,58,90
201803,충청남도,보령시,59,79
201803,충청남도,보령시,60,65
201803,충청남도,보령시,61,69
201803,충청남도,보령시,62,80
201803,충청남도,보령시,63,84
201803,충청남도,보령시,64,48
201803,충청남도,보령시,65,69
201803,충청남도,보령시,66,58
201803,충청남도,보령시,67,67
201803,충청남도,보령시,68,61
201803,충청남도,보령시,69,63
201803,충청남도,보령시,70,70
201803,충청남도,보령시,71,61
201803,충청남도,보령시,72,54
201803,충청남도,보령시,73,58
201803,충청남도,보령시,74,71
201803,충청남도,보령시,75,84
201803,충청남도,보령시,76,66
201803,충청남도,보령시,77,52
201803,충청남도,보령시,78,60
201803,충청남도,보령시,79,61
201803,충청남도,보령시,80,55
201803,충청남도,보령시,81,50
201803,충청남도,보령시,82,41
201803,충청남도,보령시,83,43
201803,충청남도,보령시,84,49
201803,충청남도,보령시,85,32
201803,충청남도,보령시,86,27
201803,충청남도,보령시,87,25
201803,충청남도,보령시,88,22
201803,충청남도,보령시,89,16
201803,충청남도,보령시,90,23
201803,충청남도,보령시,91,11
201803,충청남도,보령시,92,6
201803,충청남도,보령시,93,6
201803,충청남도,보령시,94,5
201803,충청남도,보령시,95,7
201803,충청남도,보령시,96,1
201803,충청남도,보령시,97,1
201803,충청남도,보령시,101,1
201803,충청남도,아산시,0,11
201803,충청남도,아산시,1,21
201803,충청남도,아산시,2,31
201803,충청남도,아산시,3,23
201803,충청남도,아산시,4,29
201803,충청남도,아산시,5,30
201803,충청남도,아산시,6,48
201803,충청남도,아산시,7,86
201803,충청남도,아산시,8,99
201803,충청남도,아산시,9,125
201803,충청남도,아산시,10,120
201803,충청남도,아산시,11,129
201803,충청남도,아산시,12,129
201803,충청남도,아산시,13,135
201803,충청남도,아산시,14,183
201803,충청남도,아산시,15,157
201803,충청남도,아산시,16,200
201803,충청남도,아산시,17,198
201803,충청남도,아산시,18,144
201803,충청남도,아산시,19,108
201803,충청남도,아산시,20,80
201803,충청남도,아산시,21,74
201803,충청남도,아산시,22,65
201803,충청남도,아산시,23,34
201803,충청남도,아산시,24,26
201803,충청남도,아산시,25,22
201803,충청남도,아산시,26,16
201803,충청남도,아산시,27,21
201803,충청남도,아산시,28,10
201803,충청남도,아산시,29,13
201803,충청남도,아산시,30,19
201803,충청남도,아산시,31,17
201803,충청남도,아산시,32,17
201803,충청남도,아산시,33,24
201803,충청남도,아산시,34,27
201803,충청남도,아산시,35,39
201803,충청남도,아산시,36,33
201803,충청남도,아산시,37,48
201803,충청남도,아산시,38,47
201803,충청남도,아산시,39,44
201803,충청남도,아산시,40,56
201803,충청남도,아산시,41,52
201803,충청남도,아산시,42,59
201803,충청남도,아산시,43,54
201803,충청남도,아산시,44,88
201803,충청남도,아산시,45,78
201803,충청남도,아산시,46,90
201803,충청남도,아산시,47,98
201803,충청남도,아산시,48,86
201803,충청남도,아산시,49,113
201803,충청남도,아산시,50,104
201803,충청남도,아산시,51,113
201803,충청남도,아산시,52,92
201803,충청남도,아산시,53,107
201803,충청남도,아산시,54,79
201803,충청남도,아산시,55,102
201803,충청남도,아산시,56,110
201803,충청남도,아산시,57,124
201803,충청남도,아산시,58,126
201803,충청남도,아산시,59,105
201803,충청남도,아산시,60,117
201803,충청남도,아산시,61,101
201803,충청남도,아산시,62,121
201803,충청남도,아산시,63,108
201803,충청남도,아산시,64,96
201803,충청남도,아산시,65,100
201803,충청남도,아산시,66,99
201803,충청남도,아산시,67,85
201803,충청남도,아산시,68,87
201803,충청남도,아산시,69,93
201803,충청남도,아산시,70,122
201803,충청남도,아산시,71,97
201803,충청남도,아산시,72,91
201803,충청남도,아산시,73,102
201803,충청남도,아산시,74,109
201803,충청남도,아산시,75,122
201803,충청남도,아산시,76,118
201803,충청남도,아산시,77,86
201803,충청남도,아산시,78,85
201803,충청남도,아산시,79,104
201803,충청남도,아산시,80,98
201803,충청남도,아산시,81,83
201803,충청남도,아산시,82,86
201803,충청남도,아산시,83,53
201803,충청남도,아산시,84,64
201803,충청남도,아산시,85,55
201803,충청남도,아산시,86,44
201803,충청남도,아산시,87,22
201803,충청남도,아산시,88,28
201803,충청남도,아산시,89,24
201803,충청남도,아산시,90,22
201803,충청남도,아산시,91,14
201803,충청남도,아산시,92,10
201803,충청남도,아산시,93,7
201803,충청남도,아산시,94,8
201803,충청남도,아산시,95,6
201803,충청남도,아산시,96,5
201803,충청남도,아산시,97,7
201803,충청남도,아산시,98,1
201803,충청남도,아산시,99,1
201803,충청남도,아산시,100,1
201803,충청남도,아산시,101,1
201803,충청남도,아산시,102,1
201803,충청남도,아산시,103,1
201803,충청남도,아산시,104,1
201803,충청남도,서산시,0,7
201803,충청남도,서산시,1,4
201803,충청남도,서산시,2,6
201803,충청남도,서산시,3,14
201803,충청남도,서산시,4,14
201803,충청남도,서산시,5,9
201803,충청남도,서산시,6,17
201803,충청남도,서산시,7,23
201803,충청남도,서산시,8,33
201803,충청남도,서산시,9,46
201803,충청남도,서산시,10,38
201803,충청남도,서산시,11,52
201803,충청남도,서산시,12,47
201803,충청남도,서산시,13,43
201803,충청남도,서산시,14,56
201803,충청남도,서산시,15,74
201803,충청남도,서산시,16,84
201803,충청남도,서산시,17,77
201803,충청남도,서산시,18,65
201803,충청남도,서산시,19,33
201803,충청남도,서산시,20,34
201803,충청남도,서산시,21,21
201803,충청남도,서산시,22,17
201803,충청남도,서산시,23,17
201803,충청남도,서산시,24,8
201803,충청남도,서산시,25,6
201803,충청남도,서산시,26,3
201803,충청남도,서산시,27,5
201803,충청남도,서산시,28,5
201803,충청남도,서산시,29,3
201803,충청남도,서산시,30,9
201803,충청남도,서산시,31,9
201803,충청남도,서산시,32,4
201803,충청남도,서산시,33,9
201803,충청남도,서산시,34,9
201803,충청남도,서산시,35,14
201803,충청남도,서산시,36,9
201803,충청남도,서산시,37,16
201803,충청남도,서산시,38,17
201803,충청남도,서산시,39,14
201803,충청남도,서산시,40,34
201803,충청남도,서산시,41,27
201803,충청남도,서산시,42,26
201803,충청남도,서산시,43,36
201803,충청남도,서산시,44,34
201803,충청남도,서산시,45,37
201803,충청남도,서산시,46,43
201803,충청남도,서산시,47,44
201803,충청남도,서산시,48,47
201803,충청남도,서산시,49,41
201803,충청남도,서산시,50,39
201803,충청남도,서산시,51,36
201803,충청남도,서산시,52,48
201803,충청남도,서산시,53,42
201803,충청남도,서산시,54,37
201803,충청남도,서산시,55,43
201803,충청남도,서산시,56,50
201803,충청남도,서산시,57,59
201803,충청남도,서산시,58,45
201803,충청남도,서산시,59,47
201803,충청남도,서산시,60,52
201803,충청남도,서산시,61,43
201803,충청남도,서산시,62,50
201803,충청남도,서산시,63,47
201803,충청남도,서산시,64,27
201803,충청남도,서산시,65,35
201803,충청남도,서산시,66,22
201803,충청남도,서산시,67,46
201803,충청남도,서산시,68,44
201803,충청남도,서산시,69,55
201803,충청남도,서산시,70,66
201803,충청남도,서산시,71,51
201803,충청남도,서산시,72,42
201803,충청남도,서산시,73,31
201803,충청남도,서산시,74,51
201803,충청남도,서산시,75,58
201803,충청남도,서산시,76,50
201803,충청남도,서산시,77,34
201803,충청남도,서산시,78,37
201803,충청남도,서산시,79,42
201803,충청남도,서산시,80,55
201803,충청남도,서산시,81,36
201803,충청남도,서산시,82,32
201803,충청남도,서산시,83,32
201803,충청남도,서산시,84,25
201803,충청남도,서산시,85,33
201803,충청남도,서산시,86,24
201803,충청남도,서산시,87,22
201803,충청남도,서산시,88,13
201803,충청남도,서산시,89,15
201803,충청남도,서산시,90,10
201803,충청남도,서산시,91,4
201803,충청남도,서산시,92,6
201803,충청남도,서산시,93,4
201803,충청남도,서산시,94,3
201803,충청남도,서산시,95,2
201803,충청남도,서산시,96,2
201803,충청남도,서산시,97,1
201803,충청남도,서산시,99,1
201803,충청남도,서산시,102,1
201803,충청남도,논산시,0,9
201803,충청남도,논산시,1,6
201803,충청남도,논산시,2,19
201803,충청남도,논산시,3,8
201803,충청남도,논산시,4,25
201803,충청남도,논산시,5,15
201803,충청남도,논산시,6,28
201803,충청남도,논산시,7,44
201803,충청남도,논산시,8,53
201803,충청남도,논산시,9,71
201803,충청남도,논산시,10,81
201803,충청남도,논산시,11,90
201803,충청남도,논산시,12,94
201803,충청남도,논산시,13,104
201803,충청남도,논산시,14,84
201803,충청남도,논산시,15,129
201803,충청남도,논산시,16,118
201803,충청남도,논산시,17,161
201803,충청남도,논산시,18,107
201803,충청남도,논산시,19,96
201803,충청남도,논산시,20,63
201803,충청남도,논산시,21,50
201803,충청남도,논산시,22,42
201803,충청남도,논산시,23,30
201803,충청남도,논산시,24,22
201803,충청남도,논산시,25,21
201803,충청남도,논산시,26,16
201803,충청남도,논산시,27,18
201803,충청남도,논산시,28,13
201803,충청남도,논산시,29,14
201803,충청남도,논산시,30,14
201803,충청남도,논산시,31,17
201803,충청남도,논산시,32,14
201803,충청남도,논산시,33,19
201803,충청남도,논산시,34,14
201803,충청남도,논산시,35,25
201803,충청남도,논산시,36,32
201803,충청남도,논산시,37,36
201803,충청남도,논산시,38,28
201803,충청남도,논산시,39,23
201803,충청남도,논산시,40,37
201803,충청남도,논산시,41,38
201803,충청남도,논산시,42,49
201803,충청남도,논산시,43,55
201803,충청남도,논산시,44,68
201803,충청남도,논산시,45,63
201803,충청남도,논산시,46,78
201803,충청남도,논산시,47,67
201803,충청남도,논산시,48,57
201803,충청남도,논산시,49,94
201803,충청남도,논산시,50,85
201803,충청남도,논산시,51,98
201803,충청남도,논산시,52,102
201803,충청남도,논산시,53,107
201803,충청남도,논산시,54,94
201803,충청남도,논산시,55,87
201803,충청남도,논산시,56,112
201803,충청남도,논산시,57,103
201803,충청남도,논산시,58,113
201803,충청남도,논산시,59,116
201803,충청남도,논산시,60,99
201803,충청남도,논산시,61,100
201803,충청남도,논산시,62,101
201803,충청남도,논산시,63,109
201803,충청남도,논산시,64,83
201803,충청남도,논산시,65,78
201803,충청남도,논산시,66,86
201803,충청남도,논산시,67,95
201803,충청남도,논산시,68,89
201803,충청남도,논산시,69,79
201803,충청남도,논산시,70,100
201803,충청남도,논산시,71,73
201803,충청남도,논산시,72,52
201803,충청남도,논산시,73,86
201803,충청남도,논산시,74,75
201803,충청남도,논산시,75,115
201803,충청남도,논산시,76,106
201803,충청남도,논산시,77,58
201803,충청남도,논산시,78,91
201803,충청남도,논산시,79,85
201803,충청남도,논산시,80,66
201803,충청남도,논산시,81,65
201803,충청남도,논산시,82,66
201803,충청남도,논산시,83,58
201803,충청남도,논산시,84,54
201803,충청남도,논산시,85,42
201803,충청남도,논산시,86,25
201803,충청남도,논산시,87,25
201803,충청남도,논산시,88,29
201803,충청남도,논산시,89,27
201803,충청남도,논산시,90,19
201803,충청남도,논산시,91,18
201803,충청남도,논산시,92,16
201803,충청남도,논산시,93,4
201803,충청남도,논산시,94,11
201803,충청남도,논산시,95,4
201803,충청남도,논산시,96,7
201803,충청남도,논산시,97,3
201803,충청남도,논산시,98,3
201803,충청남도,논산시,100,1
201803,충청남도,논산시,102,1
201803,충청남도,계룡시,1,2
201803,충청남도,계룡시,2,1
201803,충청남도,계룡시,3,1
201803,충청남도,계룡시,4,3
201803,충청남도,계룡시,5,3
201803,충청남도,계룡시,6,5
201803,충청남도,계룡시,7,5
201803,충청남도,계룡시,8,8
201803,충청남도,계룡시,9,10
201803,충청남도,계룡시,10,10
201803,충청남도,계룡시,11,12
201803,충청남도,계룡시,12,17
201803,충청남도,계룡시,13,13
201803,충청남도,계룡시,14,11
201803,충청남도,계룡시,15,17
201803,충청남도,계룡시,16,18
201803,충청남도,계룡시,17,26
201803,충청남도,계룡시,18,16
201803,충청남도,계룡시,19,10
201803,충청남도,계룡시,20,6
201803,충청남도,계룡시,21,7
201803,충청남도,계룡시,22,3
201803,충청남도,계룡시,23,5
201803,충청남도,계룡시,24,7
201803,충청남도,계룡시,26,1
201803,충청남도,계룡시,28,1
201803,충청남도,계룡시,29,1
201803,충청남도,계룡시,30,1
201803,충청남도,계룡시,31,3
201803,충청남도,계룡시,32,1
201803,충청남도,계룡시,33,1
201803,충청남도,계룡시,34,3
201803,충청남도,계룡시,35,2
201803,충청남도,계룡시,36,2
201803,충청남도,계룡시,38,6
201803,충청남도,계룡시,39,3
201803,충청남도,계룡시,40,1
201803,충청남도,계룡시,41,6
201803,충청남도,계룡시,42,2
201803,충청남도,계룡시,43,3
201803,충청남도,계룡시,44,6
201803,충청남도,계룡시,45,4
201803,충청남도,계룡시,46,9
201803,충청남도,계룡시,47,7
201803,충청남도,계룡시,48,7
201803,충청남도,계룡시,49,6
201803,충청남도,계룡시,50,7
201803,충청남도,계룡시,51,7
201803,충청남도,계룡시,52,5
201803,충청남도,계룡시,53,9
201803,충청남도,계룡시,54,3
201803,충청남도,계룡시,55,8
201803,충청남도,계룡시,56,12
201803,충청남도,계룡시,57,5
201803,충청남도,계룡시,58,9
201803,충청남도,계룡시,59,7
201803,충청남도,계룡시,60,4
201803,충청남도,계룡시,61,7
201803,충청남도,계룡시,62,3
201803,충청남도,계룡시,63,2
201803,충청남도,계룡시,64,4
201803,충청남도,계룡시,65,4
201803,충청남도,계룡시,66,5
201803,충청남도,계룡시,67,4
201803,충청남도,계룡시,68,3
201803,충청남도,계룡시,69,6
201803,충청남도,계룡시,70,6
201803,충청남도,계룡시,71,4
201803,충청남도,계룡시,72,5
201803,충청남도,계룡시,73,3
201803,충청남도,계룡시,74,6
201803,충청남도,계룡시,75,5
201803,충청남도,계룡시,76,5
201803,충청남도,계룡시,77,4
201803,충청남도,계룡시,78,5
201803,충청남도,계룡시,79,8
201803,충청남도,계룡시,80,5
201803,충청남도,계룡시,81,10
201803,충청남도,계룡시,82,9
201803,충청남도,계룡시,83,1
201803,충청남도,계룡시,84,6
201803,충청남도,계룡시,85,3
201803,충청남도,계룡시,86,3
201803,충청남도,계룡시,87,1
201803,충청남도,계룡시,91,1
201803,충청남도,계룡시,92,2
201803,충청남도,당진시,0,3
201803,충청남도,당진시,1,4
201803,충청남도,당진시,2,8
201803,충청남도,당진시,3,10
201803,충청남도,당진시,4,8
201803,충청남도,당진시,5,8
201803,충청남도,당진시,6,18
201803,충청남도,당진시,7,32
201803,충청남도,당진시,8,27
201803,충청남도,당진시,9,41
201803,충청남도,당진시,10,44
201803,충청남도,당진시,11,49
201803,충청남도,당진시,12,34
201803,충청남도,당진시,13,50
201803,충청남도,당진시,14,51
201803,충청남도,당진시,15,59
201803,충청남도,당진시,16,61
201803,충청남도,당진시,17,86
201803,충청남도,당진시,18,35
201803,충청남도,당진시,19,33
201803,충청남도,당진시,20,26
201803,충청남도,당진시,21,17
201803,충청남도,당진시,22,12
201803,충청남도,당진시,23,9
201803,충청남도,당진시,24,9
201803,충청남도,당진시,25,6
201803,충청남도,당진시,26,3
201803,충청남도,당진시,27,9
201803,충청남도,당진시,28,3
201803,충청남도,당진시,29,4
201803,충청남도,당진시,30,7
201803,충청남도,당진시,31,7
201803,충청남도,당진시,32,2
201803,충청남도,당진시,33,6
201803,충청남도,당진시,34,5
201803,충청남도,당진시,35,7
201803,충청남도,당진시,36,18
201803,충청남도,당진시,37,16
201803,충청남도,당진시,38,11
201803,충청남도,당진시,39,19
201803,충청남도,당진시,40,22
201803,충청남도,당진시,41,13
201803,충청남도,당진시,42,20
201803,충청남도,당진시,43,21
201803,충청남도,당진시,44,28
201803,충청남도,당진시,45,37
201803,충청남도,당진시,46,26
201803,충청남도,당진시,47,27
201803,충청남도,당진시,48,28
201803,충청남도,당진시,49,46
201803,충청남도,당진시,50,37
201803,충청남도,당진시,51,39
201803,충청남도,당진시,52,42
201803,충청남도,당진시,53,49
201803,충청남도,당진시,54,39
201803,충청남도,당진시,55,45
201803,충청남도,당진시,56,33
201803,충청남도,당진시,57,53
201803,충청남도,당진시,58,47
201803,충청남도,당진시,59,43
201803,충청남도,당진시,60,42
201803,충청남도,당진시,61,51
201803,충청남도,당진시,62,45
201803,충청남도,당진시,63,42
201803,충청남도,당진시,64,34
201803,충청남도,당진시,65,26
201803,충청남도,당진시,66,35
201803,충청남도,당진시,67,26
201803,충청남도,당진시,68,44
201803,충청남도,당진시,69,44
201803,충청남도,당진시,70,42
201803,충청남도,당진시,71,35
201803,충청남도,당진시,72,32
201803,충청남도,당진시,73,28
201803,충청남도,당진시,74,38
201803,충청남도,당진시,75,29
201803,충청남도,당진시,76,42
201803,충청남도,당진시,77,30
201803,충청남도,당진시,78,37
201803,충청남도,당진시,79,34
201803,충청남도,당진시,80,43
201803,충청남도,당진시,81,27
201803,충청남도,당진시,82,40
201803,충청남도,당진시,83,33
201803,충청남도,당진시,84,28
201803,충청남도,당진시,85,28
201803,충청남도,당진시,86,23
201803,충청남도,당진시,87,15
201803,충청남도,당진시,88,14
201803,충청남도,당진시,89,11
201803,충청남도,당진시,90,6
201803,충청남도,당진시,91,3
201803,충청남도,당진시,92,3
201803,충청남도,당진시,93,4
201803,충청남도,당진시,94,2
201803,충청남도,당진시,95,5
201803,충청남도,당진시,96,2
201803,충청남도,당진시,97,1
201803,충청남도,당진시,98,1
201803,충청남도,당진시,99,1
201803,충청남도,당진시,100,1
201803,충청남도,당진시,102,1
201803,충청남도,금산군,0,1
201803,충청남도,금산군,1,3
201803,충청남도,금산군,2,4
201803,충청남도,금산군,3,4
201803,충청남도,금산군,4,4
201803,충청남도,금산군,5,6
201803,충청남도,금산군,6,8
201803,충청남도,금산군,7,21
201803,충청남도,금산군,8,15
201803,충청남도,금산군,9,29
201803,충청남도,금산군,10,30
201803,충청남도,금산군,11,26
201803,충청남도,금산군,12,32
201803,충청남도,금산군,13,39
201803,충청남도,금산군,14,29
201803,충청남도,금산군,15,39
201803,충청남도,금산군,16,39
201803,충청남도,금산군,17,57
201803,충청남도,금산군,18,37
201803,충청남도,금산군,19,26
201803,충청남도,금산군,20,17
201803,충청남도,금산군,21,7
201803,충청남도,금산군,22,11
201803,충청남도,금산군,23,10
201803,충청남도,금산군,24,8
201803,충청남도,금산군,25,4
201803,충청남도,금산군,26,4
201803,충청남도,금산군,27,3
201803,충청남도,금산군,29,3
201803,충청남도,금산군,30,5
201803,충청남도,금산군,31,3
201803,충청남도,금산군,32,5
201803,충청남도,금산군,33,5
201803,충청남도,금산군,34,5
201803,충청남도,금산군,35,5
201803,충청남도,금산군,36,5
201803,충청남도,금산군,37,11
201803,충청남도,금산군,38,14
201803,충청남도,금산군,39,7
201803,충청남도,금산군,40,11
201803,충청남도,금산군,41,9
201803,충청남도,금산군,42,19
201803,충청남도,금산군,43,17
201803,충청남도,금산군,44,21
201803,충청남도,금산군,45,19
201803,충청남도,금산군,46,26
201803,충청남도,금산군,47,26
201803,충청남도,금산군,48,34
201803,충청남도,금산군,49,33
201803,충청남도,금산군,50,22
201803,충청남도,금산군,51,38
201803,충청남도,금산군,52,34
201803,충청남도,금산군,53,39
201803,충청남도,금산군,54,34
201803,충청남도,금산군,55,30
201803,충청남도,금산군,56,39
201803,충청남도,금산군,57,32
201803,충청남도,금산군,58,29
201803,충청남도,금산군,59,39
201803,충청남도,금산군,60,34
201803,충청남도,금산군,61,24
201803,충청남도,금산군,62,26
201803,충청남도,금산군,63,30
201803,충청남도,금산군,64,25
201803,충청남도,금산군,65,30
201803,충청남도,금산군,66,27
201803,충청남도,금산군,67,25
201803,충청남도,금산군,68,26
201803,충청남도,금산군,69,17
201803,충청남도,금산군,70,23
201803,충청남도,금산군,71,37
201803,충청남도,금산군,72,20
201803,충청남도,금산군,73,29
201803,충청남도,금산군,74,30
201803,충청남도,금산군,75,39
201803,충청남도,금산군,76,40
201803,충청남도,금산군,77,28
201803,충청남도,금산군,78,36
201803,충청남도,금산군,79,31
201803,충청남도,금산군,80,38
201803,충청남도,금산군,81,36
201803,충청남도,금산군,82,34
201803,충청남도,금산군,83,33
201803,충청남도,금산군,84,26
201803,충청남도,금산군,85,15
201803,충청남도,금산군,86,24
201803,충청남도,금산군,87,19
201803,충청남도,금산군,88,15
201803,충청남도,금산군,89,11
201803,충청남도,금산군,90,11
201803,충청남도,금산군,91,7
201803,충청남도,금산군,92,1
201803,충청남도,금산군,93,3
201803,충청남도,금산군,95,1
201803,충청남도,금산군,103,1
201803,충청남도,부여군,0,3
201803,충청남도,부여군,1,4
201803,충청남도,부여군,2,11
201803,충청남도,부여군,3,8
201803,충청남도,부여군,4,11
201803,충청남도,부여군,5,7
201803,충청남도,부여군,6,12
201803,충청남도,부여군,7,35
201803,충청남도,부여군,8,39
201803,충청남도,부여군,9,40
201803,충청남도,부여군,10,35
201803,충청남도,부여군,11,53
201803,충청남도,부여군,12,46
201803,충청남도,부여군,13,47
201803,충청남도,부여군,14,46
201803,충청남도,부여군,15,57
201803,충청남도,부여군,16,61
201803,충청남도,부여군,17,66
201803,충청남도,부여군,18,42
201803,충청남도,부여군,19,36
201803,충청남도,부여군,20,25
201803,충청남도,부여군,21,20
201803,충청남도,부여군,22,20
201803,충청남도,부여군,23,23
201803,충청남도,부여군,24,16
201803,충청남도,부여군,25,7
201803,충청남도,부여군,26,8
201803,충청남도,부여군,27,5
201803,충청남도,부여군,28,6
201803,충청남도,부여군,29,6
201803,충청남도,부여군,30,5
201803,충청남도,부여군,31,11
201803,충청남도,부여군,32,12
201803,충청남도,부여군,33,11
201803,충청남도,부여군,34,7
201803,충청남도,부여군,35,11
201803,충청남도,부여군,36,11
201803,충청남도,부여군,37,17
201803,충청남도,부여군,38,26
201803,충청남도,부여군,39,20
201803,충청남도,부여군,40,25
201803,충청남도,부여군,41,18
201803,충청남도,부여군,42,34
201803,충청남도,부여군,43,33
201803,충청남도,부여군,44,41
201803,충청남도,부여군,45,36
201803,충청남도,부여군,46,37
201803,충청남도,부여군,47,41
201803,충청남도,부여군,48,49
201803,충청남도,부여군,49,62
201803,충청남도,부여군,50,45
201803,충청남도,부여군,51,36
201803,충청남도,부여군,52,46
201803,충청남도,부여군,53,54
201803,충청남도,부여군,54,29
201803,충청남도,부여군,55,58
201803,충청남도,부여군,56,62
201803,충청남도,부여군,57,71
201803,충청남도,부여군,58,60
201803,충청남도,부여군,59,52
201803,충청남도,부여군,60,51
201803,충청남도,부여군,61,41
201803,충청남도,부여군,62,50
201803,충청남도,부여군,63,50
201803,충청남도,부여군,64,39
201803,충청남도,부여군,65,54
201803,충청남도,부여군,66,46
201803,충청남도,부여군,67,40
201803,충청남도,부여군,68,46
201803,충청남도,부여군,69,40
201803,충청남도,부여군,70,40
201803,충청남도,부여군,71,49
201803,충청남도,부여군,72,27
201803,충청남도,부여군,73,62
201803,충청남도,부여군,74,43
201803,충청남도,부여군,75,77
201803,충청남도,부여군,76,67
201803,충청남도,부여군,77,33
201803,충청남도,부여군,78,54
201803,충청남도,부여군,79,46
201803,충청남도,부여군,80,43
201803,충청남도,부여군,81,43
201803,충청남도,부여군,82,43
201803,충청남도,부여군,83,42
201803,충청남도,부여군,84,34
201803,충청남도,부여군,85,32
201803,충청남도,부여군,86,32
201803,충청남도,부여군,87,19
201803,충청남도,부여군,88,19
201803,충청남도,부여군,89,11
201803,충청남도,부여군,90,16
201803,충청남도,부여군,91,9
201803,충청남도,부여군,92,8
201803,충청남도,부여군,93,5
201803,충청남도,부여군,94,4
201803,충청남도,부여군,95,4
201803,충청남도,부여군,96,1
201803,충청남도,부여군,97,1
201803,충청남도,부여군,98,2
201803,충청남도,부여군,99,1
201803,충청남도,부여군,100,1
201803,충청남도,서천군,0,1
201803,충청남도,서천군,1,2
201803,충청남도,서천군,2,4
201803,충청남도,서천군,3,1
201803,충청남도,서천군,4,5
201803,충청남도,서천군,5,1
201803,충청남도,서천군,6,2
201803,충청남도,서천군,7,11
201803,충청남도,서천군,8,14
201803,충청남도,서천군,9,12
201803,충청남도,서천군,10,26
201803,충청남도,서천군,11,22
201803,충청남도,서천군,12,26
201803,충청남도,서천군,13,29
201803,충청남도,서천군,14,31
201803,충청남도,서천군,15,36
201803,충청남도,서천군,16,50
201803,충청남도,서천군,17,36
201803,충청남도,서천군,18,30
201803,충청남도,서천군,19,20
201803,충청남도,서천군,20,14
201803,충청남도,서천군,21,12
201803,충청남도,서천군,22,8
201803,충청남도,서천군,23,10
201803,충청남도,서천군,24,7
201803,충청남도,서천군,25,6
201803,충청남도,서천군,26,4
201803,충청남도,서천군,27,4
201803,충청남도,서천군,28,3
201803,충청남도,서천군,29,2
201803,충청남도,서천군,30,5
201803,충청남도,서천군,31,3
201803,충청남도,서천군,32,12
201803,충청남도,서천군,33,6
201803,충청남도,서천군,34,5
201803,충청남도,서천군,35,5
201803,충청남도,서천군,36,7
201803,충청남도,서천군,37,13
201803,충청남도,서천군,38,9
201803,충청남도,서천군,39,9
201803,충청남도,서천군,40,10
201803,충청남도,서천군,41,11
201803,충청남도,서천군,42,15
201803,충청남도,서천군,43,16
201803,충청남도,서천군,44,22
201803,충청남도,서천군,45,21
201803,충청남도,서천군,46,27
201803,충청남도,서천군,47,26
201803,충청남도,서천군,48,26
201803,충청남도,서천군,49,29
201803,충청남도,서천군,50,29
201803,충청남도,서천군,51,25
201803,충청남도,서천군,52,24
201803,충청남도,서천군,53,42
201803,충청남도,서천군,54,25
201803,충청남도,서천군,55,46
201803,충청남도,서천군,56,49
201803,충청남도,서천군,57,56
201803,충청남도,서천군,58,43
201803,충청남도,서천군,59,29
201803,충청남도,서천군,60,41
201803,충청남도,서천군,61,36
201803,충청남도,서천군,62,37
201803,충청남도,서천군,63,44
201803,충청남도,서천군,64,40
201803,충청남도,서천군,65,34
201803,충청남도,서천군,66,30
201803,충청남도,서천군,67,36
201803,충청남도,서천군,68,41
201803,충청남도,서천군,69,46
201803,충청남도,서천군,70,41
201803,충청남도,서천군,71,44
201803,충청남도,서천군,72,40
201803,충청남도,서천군,73,44
201803,충청남도,서천군,74,56
201803,충청남도,서천군,75,59
201803,충청남도,서천군,76,46
201803,충청남도,서천군,77,40
201803,충청남도,서천군,78,43
201803,충청남도,서천군,79,46
201803,충청남도,서천군,80,36
201803,충청남도,서천군,81,33
201803,충청남도,서천군,82,43
201803,충청남도,서천군,83,38
201803,충청남도,서천군,84,30
201803,충청남도,서천군,85,25
201803,충청남도,서천군,86,30
201803,충청남도,서천군,87,18
201803,충청남도,서천군,88,14
201803,충청남도,서천군,89,9
201803,충청남도,서천군,90,8
201803,충청남도,서천군,91,14
201803,충청남도,서천군,92,6
201803,충청남도,서천군,93,5
201803,충청남도,서천군,94,6
201803,충청남도,서천군,95,5
201803,충청남도,서천군,96,2
201803,충청남도,서천군,97,1
201803,충청남도,서천군,99,1
201803,충청남도,서천군,100,1
201803,충청남도,청양군,0,1
201803,충청남도,청양군,2,3
201803,충청남도,청양군,3,3
201803,충청남도,청양군,4,3
201803,충청남도,청양군,5,5
201803,충청남도,청양군,6,2
201803,충청남도,청양군,7,13
201803,충청남도,청양군,8,8
201803,충청남도,청양군,9,14
201803,충청남도,청양군,10,9
201803,충청남도,청양군,11,10
201803,충청남도,청양군,12,18
201803,충청남도,청양군,13,18
201803,충청남도,청양군,14,11
201803,충청남도,청양군,15,16
201803,충청남도,청양군,16,17
201803,충청남도,청양군,17,22
201803,충청남도,청양군,18,16
201803,충청남도,청양군,19,9
201803,충청남도,청양군,20,6
201803,충청남도,청양군,21,9
201803,충청남도,청양군,22,9
201803,충청남도,청양군,23,4
201803,충청남도,청양군,24,5
201803,충청남도,청양군,25,5
201803,충청남도,청양군,26,3
201803,충청남도,청양군,27,2
201803,충청남도,청양군,28,3
201803,충청남도,청양군,29,1
201803,충청남도,청양군,30,3
201803,충청남도,청양군,31,2
201803,충청남도,청양군,32,3
201803,충청남도,청양군,33,3
201803,충청남도,청양군,34,3
201803,충청남도,청양군,35,6
201803,충청남도,청양군,36,3
201803,충청남도,청양군,37,2
201803,충청남도,청양군,38,6
201803,충청남도,청양군,39,3
201803,충청남도,청양군,40,3
201803,충청남도,청양군,41,5
201803,충청남도,청양군,42,13
201803,충청남도,청양군,43,10
201803,충청남도,청양군,44,16
201803,충청남도,청양군,45,8
201803,충청남도,청양군,46,9
201803,충청남도,청양군,47,12
201803,충청남도,청양군,48,11
201803,충청남도,청양군,49,14
201803,충청남도,청양군,50,14
201803,충청남도,청양군,51,20
201803,충청남도,청양군,52,13
201803,충청남도,청양군,53,21
201803,충청남도,청양군,54,10
201803,충청남도,청양군,55,20
201803,충청남도,청양군,56,19
201803,충청남도,청양군,57,12
201803,충청남도,청양군,58,27
201803,충청남도,청양군,59,16
201803,충청남도,청양군,60,22
201803,충청남도,청양군,61,15
201803,충청남도,청양군,62,13
201803,충청남도,청양군,63,19
201803,충청남도,청양군,64,8
201803,충청남도,청양군,65,14
201803,충청남도,청양군,66,13
201803,충청남도,청양군,67,10
201803,충청남도,청양군,68,19
201803,충청남도,청양군,69,9
201803,충청남도,청양군,70,9
201803,충청남도,청양군,71,13
201803,충청남도,청양군,72,10
201803,충청남도,청양군,73,10
201803,충청남도,청양군,74,13
201803,충청남도,청양군,75,11
201803,충청남도,청양군,76,20
201803,충청남도,청양군,77,15
201803,충청남도,청양군,78,10
201803,충청남도,청양군,79,16
201803,충청남도,청양군,80,14
201803,충청남도,청양군,81,11
201803,충청남도,청양군,82,14
201803,충청남도,청양군,83,9
201803,충청남도,청양군,84,17
201803,충청남도,청양군,85,10
201803,충청남도,청양군,86,7
201803,충청남도,청양군,87,4
201803,충청남도,청양군,88,8
201803,충청남도,청양군,89,8
201803,충청남도,청양군,90,7
201803,충청남도,청양군,91,3
201803,충청남도,청양군,92,4
201803,충청남도,청양군,93,3
201803,충청남도,청양군,94,1
201803,충청남도,청양군,95,1
201803,충청남도,홍성군,0,7
201803,충청남도,홍성군,1,10
201803,충청남도,홍성군,2,6
201803,충청남도,홍성군,3,8
201803,충청남도,홍성군,4,13
201803,충청남도,홍성군,5,12
201803,충청남도,홍성군,6,12
201803,충청남도,홍성군,7,33
201803,충청남도,홍성군,8,33
201803,충청남도,홍성군,9,35
201803,충청남도,홍성군,10,56
201803,충청남도,홍성군,11,44
201803,충청남도,홍성군,12,48
201803,충청남도,홍성군,13,67
201803,충청남도,홍성군,14,55
201803,충청남도,홍성군,15,63
201803,충청남도,홍성군,16,69
201803,충청남도,홍성군,17,71
201803,충청남도,홍성군,18,40
201803,충청남도,홍성군,19,34
201803,충청남도,홍성군,20,27
201803,충청남도,홍성군,21,24
201803,충청남도,홍성군,22,22
201803,충청남도,홍성군,23,19
201803,충청남도,홍성군,24,11
201803,충청남도,홍성군,25,5
201803,충청남도,홍성군,26,4
201803,충청남도,홍성군,27,7
201803,충청남도,홍성군,28,5
201803,충청남도,홍성군,29,6
201803,충청남도,홍성군,30,4
201803,충청남도,홍성군,31,3
201803,충청남도,홍성군,32,5
201803,충청남도,홍성군,33,9
201803,충청남도,홍성군,34,11
201803,충청남도,홍성군,35,14
201803,충청남도,홍성군,36,22
201803,충청남도,홍성군,37,18
201803,충청남도,홍성군,38,31
201803,충청남도,홍성군,39,20
201803,충청남도,홍성군,40,15
201803,충청남도,홍성군,41,20
201803,충청남도,홍성군,42,25
201803,충청남도,홍성군,43,37
201803,충청남도,홍성군,44,34
201803,충청남도,홍성군,45,36
201803,충청남도,홍성군,46,42
201803,충청남도,홍성군,47,39
201803,충청남도,홍성군,48,36
201803,충청남도,홍성군,49,37
201803,충청남도,홍성군,50,45
201803,충청남도,홍성군,51,48
201803,충청남도,홍성군,52,45
201803,충청남도,홍성군,53,51
201803,충청남도,홍성군,54,38
201803,충청남도,홍성군,55,54
201803,충청남도,홍성군,56,53
201803,충청남도,홍성군,57,47
201803,충청남도,홍성군,58,59
201803,충청남도,홍성군,59,48
201803,충청남도,홍성군,60,45
201803,충청남도,홍성군,61,45
201803,충청남도,홍성군,62,48
201803,충청남도,홍성군,63,42
201803,충청남도,홍성군,64,38
201803,충청남도,홍성군,65,38
201803,충청남도,홍성군,66,39
201803,충청남도,홍성군,67,39
201803,충청남도,홍성군,68,43
201803,충청남도,홍성군,69,39
201803,충청남도,홍성군,70,49
201803,충청남도,홍성군,71,35
201803,충청남도,홍성군,72,33
201803,충청남도,홍성군,73,47
201803,충청남도,홍성군,74,34
201803,충청남도,홍성군,75,44
201803,충청남도,홍성군,76,50
201803,충청남도,홍성군,77,44
201803,충청남도,홍성군,78,39
201803,충청남도,홍성군,79,44
201803,충청남도,홍성군,80,34
201803,충청남도,홍성군,81,31
201803,충청남도,홍성군,82,41
201803,충청남도,홍성군,83,33
201803,충청남도,홍성군,84,28
201803,충청남도,홍성군,85,25
201803,충청남도,홍성군,86,17
201803,충청남도,홍성군,87,21
201803,충청남도,홍성군,88,19
201803,충청남도,홍성군,89,13
201803,충청남도,홍성군,90,6
201803,충청남도,홍성군,91,5
201803,충청남도,홍성군,92,14
201803,충청남도,홍성군,93,5
201803,충청남도,홍성군,94,2
201803,충청남도,홍성군,95,5
201803,충청남도,홍성군,96,3
201803,충청남도,홍성군,98,1
201803,충청남도,홍성군,99,1
201803,충청남도,예산군,0,5
201803,충청남도,예산군,1,1
201803,충청남도,예산군,2,10
201803,충청남도,예산군,3,2
201803,충청남도,예산군,4,6
201803,충청남도,예산군,5,5
201803,충청남도,예산군,6,10
201803,충청남도,예산군,7,33
201803,충청남도,예산군,8,22
201803,충청남도,예산군,9,20
201803,충청남도,예산군,10,25
201803,충청남도,예산군,11,33
201803,충청남도,예산군,12,41
201803,충청남도,예산군,13,42
201803,충청남도,예산군,14,42
201803,충청남도,예산군,15,45
201803,충청남도,예산군,16,58
201803,충청남도,예산군,17,61
201803,충청남도,예산군,18,41
201803,충청남도,예산군,19,35
201803,충청남도,예산군,20,26
201803,충청남도,예산군,21,24
201803,충청남도,예산군,22,20
201803,충청남도,예산군,23,9
201803,충청남도,예산군,24,12
201803,충청남도,예산군,25,8
201803,충청남도,예산군,26,1
201803,충청남도,예산군,27,6
201803,충청남도,예산군,28,6
201803,충청남도,예산군,29,4
201803,충청남도,예산군,30,3
201803,충청남도,예산군,31,6
201803,충청남도,예산군,32,6
201803,충청남도,예산군,33,4
201803,충청남도,예산군,34,8
201803,충청남도,예산군,35,8
201803,충청남도,예산군,36,9
201803,충청남도,예산군,37,13
201803,충청남도,예산군,38,13
201803,충청남도,예산군,39,12
201803,충청남도,예산군,40,18
201803,충청남도,예산군,41,20
201803,충청남도,예산군,42,20
201803,충청남도,예산군,43,25
201803,충청남도,예산군,44,26
201803,충청남도,예산군,45,25
201803,충청남도,예산군,46,33
201803,충청남도,예산군,47,35
201803,충청남도,예산군,48,43
201803,충청남도,예산군,49,34
201803,충청남도,예산군,50,27
201803,충청남도,예산군,51,36
201803,충청남도,예산군,52,43
201803,충청남도,예산군,53,28
201803,충청남도,예산군,54,35
201803,충청남도,예산군,55,42
201803,충청남도,예산군,56,48
201803,충청남도,예산군,57,52
201803,충청남도,예산군,58,40
201803,충청남도,예산군,59,38
201803,충청남도,예산군,60,40
201803,충청남도,예산군,61,41
201803,충청남도,예산군,62,39
201803,충청남도,예산군,63,43
201803,충청남도,예산군,64,32
201803,충청남도,예산군,65,33
201803,충청남도,예산군,66,39
201803,충청남도,예산군,67,38
201803,충청남도,예산군,68,35
201803,충청남도,예산군,69,32
201803,충청남도,예산군,70,45
201803,충청남도,예산군,71,54
201803,충청남도,예산군,72,28
201803,충청남도,예산군,73,39
201803,충청남도,예산군,74,44
201803,충청남도,예산군,75,56
201803,충청남도,예산군,76,59
201803,충청남도,예산군,77,47
201803,충청남도,예산군,78,30
201803,충청남도,예산군,79,46
201803,충청남도,예산군,80,33
201803,충청남도,예산군,81,41
201803,충청남도,예산군,82,36
201803,충청남도,예산군,83,27
201803,충청남도,예산군,84,29
201803,충청남도,예산군,85,38
201803,충청남도,예산군,86,10
201803,충청남도,예산군,87,18
201803,충청남도,예산군,88,15
201803,충청남도,예산군,89,11
201803,충청남도,예산군,90,7
201803,충청남도,예산군,91,5
201803,충청남도,예산군,92,7
201803,충청남도,예산군,93,4
201803,충청남도,예산군,94,3
201803,충청남도,예산군,95,4
201803,충청남도,예산군,96,2
201803,충청남도,예산군,97,1
201803,충청남도,태안군,0,4
201803,충청남도,태안군,1,4
201803,충청남도,태안군,2,5
201803,충청남도,태안군,3,8
201803,충청남도,태안군,4,3
201803,충청남도,태안군,5,6
201803,충청남도,태안군,6,1
201803,충청남도,태안군,7,12
201803,충청남도,태안군,8,29
201803,충청남도,태안군,9,29
201803,충청남도,태안군,10,34
201803,충청남도,태안군,11,36
201803,충청남도,태안군,12,27
201803,충청남도,태안군,13,26
201803,충청남도,태안군,14,27
201803,충청남도,태안군,15,40
201803,충청남도,태안군,16,49
201803,충청남도,태안군,17,48
201803,충청남도,태안군,18,33
201803,충청남도,태안군,19,30
201803,충청남도,태안군,20,31
201803,충청남도,태안군,21,17
201803,충청남도,태안군,22,20
201803,충청남도,태안군,23,7
201803,충청남도,태안군,24,6
201803,충청남도,태안군,25,2
201803,충청남도,태안군,26,6
201803,충청남도,태안군,27,2
201803,충청남도,태안군,29,2
201803,충청남도,태안군,30,6
201803,충청남도,태안군,31,3
201803,충청남도,태안군,32,6
201803,충청남도,태안군,33,4
201803,충청남도,태안군,34,13
201803,충청남도,태안군,35,9
201803,충청남도,태안군,36,6
201803,충청남도,태안군,37,7
201803,충청남도,태안군,38,10
201803,충청남도,태안군,39,14
201803,충청남도,태안군,40,8
201803,충청남도,태안군,41,14
201803,충청남도,태안군,42,18
201803,충청남도,태안군,43,17
201803,충청남도,태안군,44,28
201803,충청남도,태안군,45,16
201803,충청남도,태안군,46,23
201803,충청남도,태안군,47,19
201803,충청남도,태안군,48,24
201803,충청남도,태안군,49,22
201803,충청남도,태안군,50,27
201803,충청남도,태안군,51,19
201803,충청남도,태안군,52,29
201803,충청남도,태안군,53,26
201803,충청남도,태안군,54,24
201803,충청남도,태안군,55,36
201803,충청남도,태안군,56,34
201803,충청남도,태안군,57,34
201803,충청남도,태안군,58,28
201803,충청남도,태안군,59,48
201803,충청남도,태안군,60,29
201803,충청남도,태안군,61,31
201803,충청남도,태안군,62,24
201803,충청남도,태안군,63,27
201803,충청남도,태안군,64,24
201803,충청남도,태안군,65,33
201803,충청남도,태안군,66,27
201803,충청남도,태안군,67,27
201803,충청남도,태안군,68,32
201803,충청남도,태안군,69,25
201803,충청남도,태안군,70,37
201803,충청남도,태안군,71,37
201803,충청남도,태안군,72,30
201803,충청남도,태안군,73,23
201803,충청남도,태안군,74,29
201803,충청남도,태안군,75,39
201803,충청남도,태안군,76,34
201803,충청남도,태안군,77,25
201803,충청남도,태안군,78,24
201803,충청남도,태안군,79,27
201803,충청남도,태안군,80,12
201803,충청남도,태안군,81,21
201803,충청남도,태안군,82,21
201803,충청남도,태안군,83,22
201803,충청남도,태안군,84,20
201803,충청남도,태안군,85,22
201803,충청남도,태안군,86,20
201803,충청남도,태안군,87,11
201803,충청남도,태안군,88,8
201803,충청남도,태안군,89,6
201803,충청남도,태안군,90,13
201803,충청남도,태안군,91,6
201803,충청남도,태안군,92,2
201803,충청남도,태안군,93,2
201803,충청남도,태안군,94,2
201803,충청남도,태안군,95,1
201803,충청남도,태안군,96,2
201803,충청남도,태안군,97,3
201803,충청남도,태안군,98,1
201803,충청남도,태안군,99,1
201803,충청남도,태안군,101,1
201803,충청남도,태안군,105,1
201803,전라북도,전주시,0,81
201803,전라북도,전주시,1,102
201803,전라북도,전주시,2,85
201803,전라북도,전주시,3,102
201803,전라북도,전주시,4,135
201803,전라북도,전주시,5,164
201803,전라북도,전주시,6,217
201803,전라북도,전주시,7,395
201803,전라북도,전주시,8,393
201803,전라북도,전주시,9,432
201803,전라북도,전주시,10,462
201803,전라북도,전주시,11,460
201803,전라북도,전주시,12,515
201803,전라북도,전주시,13,549
201803,전라북도,전주시,14,625
201803,전라북도,전주시,15,673
201803,전라북도,전주시,16,781
201803,전라북도,전주시,17,952
201803,전라북도,전주시,18,718
201803,전라북도,전주시,19,576
201803,전라북도,전주시,20,418
201803,전라북도,전주시,21,393
201803,전라북도,전주시,22,390
201803,전라북도,전주시,23,325
201803,전라북도,전주시,24,253
201803,전라북도,전주시,25,200
201803,전라북도,전주시,26,120
201803,전라북도,전주시,27,85
201803,전라북도,전주시,28,85
201803,전라북도,전주시,29,67
201803,전라북도,전주시,30,62
201803,전라북도,전주시,31,86
201803,전라북도,전주시,32,71
201803,전라북도,전주시,33,92
201803,전라북도,전주시,34,94
201803,전라북도,전주시,35,152
201803,전라북도,전주시,36,143
201803,전라북도,전주시,37,185
201803,전라북도,전주시,38,162
201803,전라북도,전주시,39,171
201803,전라북도,전주시,40,222
201803,전라북도,전주시,41,205
201803,전라북도,전주시,42,257
201803,전라북도,전주시,43,276
201803,전라북도,전주시,44,292
201803,전라북도,전주시,45,369
201803,전라북도,전주시,46,418
201803,전라북도,전주시,47,436
201803,전라북도,전주시,48,374
201803,전라북도,전주시,49,431
201803,전라북도,전주시,50,397
201803,전라북도,전주시,51,408
201803,전라북도,전주시,52,418
201803,전라북도,전주시,53,411
201803,전라북도,전주시,54,388
201803,전라북도,전주시,55,426
201803,전라북도,전주시,56,441
201803,전라북도,전주시,57,414
201803,전라북도,전주시,58,446
201803,전라북도,전주시,59,391
201803,전라북도,전주시,60,384
201803,전라북도,전주시,61,311
201803,전라북도,전주시,62,325
201803,전라북도,전주시,63,343
201803,전라북도,전주시,64,239
201803,전라북도,전주시,65,295
201803,전라북도,전주시,66,281
201803,전라북도,전주시,67,301
201803,전라북도,전주시,68,305
201803,전라북도,전주시,69,261
201803,전라북도,전주시,70,269
201803,전라북도,전주시,71,281
201803,전라북도,전주시,72,216
201803,전라북도,전주시,73,230
201803,전라북도,전주시,74,195
201803,전라북도,전주시,75,318
201803,전라북도,전주시,76,300
201803,전라북도,전주시,77,190
201803,전라북도,전주시,78,214
201803,전라북도,전주시,79,240
201803,전라북도,전주시,80,205
201803,전라북도,전주시,81,170
201803,전라북도,전주시,82,182
201803,전라북도,전주시,83,162
201803,전라북도,전주시,84,132
201803,전라북도,전주시,85,115
201803,전라북도,전주시,86,108
201803,전라북도,전주시,87,88
201803,전라북도,전주시,88,80
201803,전라북도,전주시,89,72
201803,전라북도,전주시,90,50
201803,전라북도,전주시,91,42
201803,전라북도,전주시,92,22
201803,전라북도,전주시,93,22
201803,전라북도,전주시,94,22
201803,전라북도,전주시,95,24
201803,전라북도,전주시,96,6
201803,전라북도,전주시,97,3
201803,전라북도,전주시,98,4
201803,전라북도,전주시,99,2
201803,전라북도,전주시,100,2
201803,전라북도,전주시,101,2
201803,전라북도,전주시,102,2
201803,전라북도,전주시,106,1
201803,전라북도,군산시,0,17
201803,전라북도,군산시,1,23
201803,전라북도,군산시,2,42
201803,전라북도,군산시,3,49
201803,전라북도,군산시,4,48
201803,전라북도,군산시,5,49
201803,전라북도,군산시,6,72
201803,전라북도,군산시,7,122
201803,전라북도,군산시,8,162
201803,전라북도,군산시,9,183
201803,전라북도,군산시,10,182
201803,전라북도,군산시,11,200
201803,전라북도,군산시,12,187
201803,전라북도,군산시,13,191
201803,전라북도,군산시,14,263
201803,전라북도,군산시,15,260
201803,전라북도,군산시,16,321
201803,전라북도,군산시,17,367
201803,전라북도,군산시,18,306
201803,전라북도,군산시,19,240
201803,전라북도,군산시,20,188
201803,전라북도,군산시,21,161
201803,전라북도,군산시,22,135
201803,전라북도,군산시,23,93
201803,전라북도,군산시,24,66
201803,전라북도,군산시,25,51
201803,전라북도,군산시,26,37
201803,전라북도,군산시,27,37
201803,전라북도,군산시,28,29
201803,전라북도,군산시,29,25
201803,전라북도,군산시,30,30
201803,전라북도,군산시,31,36
201803,전라북도,군산시,32,22
201803,전라북도,군산시,33,37
201803,전라북도,군산시,34,42
201803,전라북도,군산시,35,53
201803,전라북도,군산시,36,82
201803,전라북도,군산시,37,87
201803,전라북도,군산시,38,85
201803,전라북도,군산시,39,81
201803,전라북도,군산시,40,80
201803,전라북도,군산시,41,81
201803,전라북도,군산시,42,107
201803,전라북도,군산시,43,120
201803,전라북도,군산시,44,154
201803,전라북도,군산시,45,161
201803,전라북도,군산시,46,156
201803,전라북도,군산시,47,182
201803,전라북도,군산시,48,172
201803,전라북도,군산시,49,202
201803,전라북도,군산시,50,152
201803,전라북도,군산시,51,194
201803,전라북도,군산시,52,168
201803,전라북도,군산시,53,198
201803,전라북도,군산시,54,171
201803,전라북도,군산시,55,228
201803,전라북도,군산시,56,204
201803,전라북도,군산시,57,206
201803,전라북도,군산시,58,212
201803,전라북도,군산시,59,193
201803,전라북도,군산시,60,211
201803,전라북도,군산시,61,188
201803,전라북도,군산시,62,229
201803,전라북도,군산시,63,202
201803,전라북도,군산시,64,183
201803,전라북도,군산시,65,193
201803,전라북도,군산시,66,182
201803,전라북도,군산시,67,201
201803,전라북도,군산시,68,228
201803,전라북도,군산시,69,166
201803,전라북도,군산시,70,183
201803,전라북도,군산시,71,207
201803,전라북도,군산시,72,128
201803,전라북도,군산시,73,154
201803,전라북도,군산시,74,123
201803,전라북도,군산시,75,226
201803,전라북도,군산시,76,193
201803,전라북도,군산시,77,143
201803,전라북도,군산시,78,165
201803,전라북도,군산시,79,135
201803,전라북도,군산시,80,123
201803,전라북도,군산시,81,119
201803,전라북도,군산시,82,121
201803,전라북도,군산시,83,118
201803,전라북도,군산시,84,92
201803,전라북도,군산시,85,83
201803,전라북도,군산시,86,64
201803,전라북도,군산시,87,49
201803,전라북도,군산시,88,44
201803,전라북도,군산시,89,34
201803,전라북도,군산시,90,26
201803,전라북도,군산시,91,25
201803,전라북도,군산시,92,17
201803,전라북도,군산시,93,7
201803,전라북도,군산시,94,12
201803,전라북도,군산시,95,13
201803,전라북도,군산시,96,4
201803,전라북도,군산시,97,3
201803,전라북도,군산시,98,4
201803,전라북도,군산시,108,1
201803,전라북도,익산시,0,19
201803,전라북도,익산시,1,38
201803,전라북도,익산시,2,41
201803,전라북도,익산시,3,52
201803,전라북도,익산시,4,57
201803,전라북도,익산시,5,65
201803,전라북도,익산시,6,112
201803,전라북도,익산시,7,155
201803,전라북도,익산시,8,198
201803,전라북도,익산시,9,207
201803,전라북도,익산시,10,271
201803,전라북도,익산시,11,226
201803,전라북도,익산시,12,241
201803,전라북도,익산시,13,264
201803,전라북도,익산시,14,272
201803,전라북도,익산시,15,344
201803,전라북도,익산시,16,377
201803,전라북도,익산시,17,437
201803,전라북도,익산시,18,338
201803,전라북도,익산시,19,251
201803,전라북도,익산시,20,205
201803,전라북도,익산시,21,177
201803,전라북도,익산시,22,142
201803,전라북도,익산시,23,124
201803,전라북도,익산시,24,77
201803,전라북도,익산시,25,54
201803,전라북도,익산시,26,34
201803,전라북도,익산시,27,43
201803,전라북도,익산시,28,45
201803,전라북도,익산시,29,30
201803,전라북도,익산시,30,32
201803,전라북도,익산시,31,45
201803,전라북도,익산시,32,37
201803,전라북도,익산시,33,46
201803,전라북도,익산시,34,57
201803,전라북도,익산시,35,71
201803,전라북도,익산시,36,83
201803,전라북도,익산시,37,87
201803,전라북도,익산시,38,92
201803,전라북도,익산시,39,93
201803,전라북도,익산시,40,105
201803,전라북도,익산시,41,134
201803,전라북도,익산시,42,121
201803,전라북도,익산시,43,150
201803,전라북도,익산시,44,171
201803,전라북도,익산시,45,191
201803,전라북도,익산시,46,203
201803,전라북도,익산시,47,202
201803,전라북도,익산시,48,225
201803,전라북도,익산시,49,221
201803,전라북도,익산시,50,195
201803,전라북도,익산시,51,207
201803,전라북도,익산시,52,219
201803,전라북도,익산시,53,238
201803,전라북도,익산시,54,204
201803,전라북도,익산시,55,251
201803,전라북도,익산시,56,208
201803,전라북도,익산시,57,303
201803,전라북도,익산시,58,269
201803,전라북도,익산시,59,243
201803,전라북도,익산시,60,218
201803,전라북도,익산시,61,244
201803,전라북도,익산시,62,259
201803,전라북도,익산시,63,240
201803,전라북도,익산시,64,153
201803,전라북도,익산시,65,202
201803,전라북도,익산시,66,204
201803,전라북도,익산시,67,205
201803,전라북도,익산시,68,222
201803,전라북도,익산시,69,176
201803,전라북도,익산시,70,217
201803,전라북도,익산시,71,200
201803,전라북도,익산시,72,160
201803,전라북도,익산시,73,148
201803,전라북도,익산시,74,164
201803,전라북도,익산시,75,237
201803,전라북도,익산시,76,226
201803,전라북도,익산시,77,156
201803,전라북도,익산시,78,172
201803,전라북도,익산시,79,167
201803,전라북도,익산시,80,162
201803,전라북도,익산시,81,155
201803,전라북도,익산시,82,131
201803,전라북도,익산시,83,132
201803,전라북도,익산시,84,105
201803,전라북도,익산시,85,97
201803,전라북도,익산시,86,81
201803,전라북도,익산시,87,69
201803,전라북도,익산시,88,71
201803,전라북도,익산시,89,65
201803,전라북도,익산시,90,36
201803,전라북도,익산시,91,36
201803,전라북도,익산시,92,29
201803,전라북도,익산시,93,10
201803,전라북도,익산시,94,16
201803,전라북도,익산시,95,11
201803,전라북도,익산시,96,13
201803,전라북도,익산시,97,3
201803,전라북도,익산시,98,2
201803,전라북도,익산시,99,1
201803,전라북도,익산시,100,3
201803,전라북도,익산시,101,1
201803,전라북도,정읍시,0,17
201803,전라북도,정읍시,1,13
201803,전라북도,정읍시,2,23
201803,전라북도,정읍시,3,20
201803,전라북도,정읍시,4,24
201803,전라북도,정읍시,5,34
201803,전라북도,정읍시,6,36
201803,전라북도,정읍시,7,43
201803,전라북도,정읍시,8,69
201803,전라북도,정읍시,9,62
201803,전라북도,정읍시,10,99
201803,전라북도,정읍시,11,99
201803,전라북도,정읍시,12,94
201803,전라북도,정읍시,13,115
201803,전라북도,정읍시,14,135
201803,전라북도,정읍시,15,138
201803,전라북도,정읍시,16,181
201803,전라북도,정읍시,17,181
201803,전라북도,정읍시,18,154
201803,전라북도,정읍시,19,123
201803,전라북도,정읍시,20,95
201803,전라북도,정읍시,21,100
201803,전라북도,정읍시,22,74
201803,전라북도,정읍시,23,69
201803,전라북도,정읍시,24,39
201803,전라북도,정읍시,25,29
201803,전라북도,정읍시,26,22
201803,전라북도,정읍시,27,18
201803,전라북도,정읍시,28,15
201803,전라북도,정읍시,29,7
201803,전라북도,정읍시,30,18
201803,전라북도,정읍시,31,19
201803,전라북도,정읍시,32,19
201803,전라북도,정읍시,33,30
201803,전라북도,정읍시,34,26
201803,전라북도,정읍시,35,27
201803,전라북도,정읍시,36,33
201803,전라북도,정읍시,37,34
201803,전라북도,정읍시,38,36
201803,전라북도,정읍시,39,42
201803,전라북도,정읍시,40,45
201803,전라북도,정읍시,41,53
201803,전라북도,정읍시,42,62
201803,전라북도,정읍시,43,66
201803,전라북도,정읍시,44,72
201803,전라북도,정읍시,45,78
201803,전라북도,정읍시,46,109
201803,전라북도,정읍시,47,96
201803,전라북도,정읍시,48,98
201803,전라북도,정읍시,49,102
201803,전라북도,정읍시,50,100
201803,전라북도,정읍시,51,100
201803,전라북도,정읍시,52,127
201803,전라북도,정읍시,53,113
201803,전라북도,정읍시,54,127
201803,전라북도,정읍시,55,125
201803,전라북도,정읍시,56,123
201803,전라북도,정읍시,57,150
201803,전라북도,정읍시,58,141
201803,전라북도,정읍시,59,105
201803,전라북도,정읍시,60,125
201803,전라북도,정읍시,61,106
201803,전라북도,정읍시,62,111
201803,전라북도,정읍시,63,94
201803,전라북도,정읍시,64,67
201803,전라북도,정읍시,65,95
201803,전라북도,정읍시,66,83
201803,전라북도,정읍시,67,84
201803,전라북도,정읍시,68,97
201803,전라북도,정읍시,69,106
201803,전라북도,정읍시,70,104
201803,전라북도,정읍시,71,114
201803,전라북도,정읍시,72,66
201803,전라북도,정읍시,73,82
201803,전라북도,정읍시,74,80
201803,전라북도,정읍시,75,112
201803,전라북도,정읍시,76,111
201803,전라북도,정읍시,77,78
201803,전라북도,정읍시,78,73
201803,전라북도,정읍시,79,89
201803,전라북도,정읍시,80,75
201803,전라북도,정읍시,81,92
201803,전라북도,정읍시,82,83
201803,전라북도,정읍시,83,78
201803,전라북도,정읍시,84,68
201803,전라북도,정읍시,85,57
201803,전라북도,정읍시,86,45
201803,전라북도,정읍시,87,37
201803,전라북도,정읍시,88,46
201803,전라북도,정읍시,89,35
201803,전라북도,정읍시,90,38
201803,전라북도,정읍시,91,25
201803,전라북도,정읍시,92,18
201803,전라북도,정읍시,93,11
201803,전라북도,정읍시,94,12
201803,전라북도,정읍시,95,10
201803,전라북도,정읍시,96,7
201803,전라북도,정읍시,97,6
201803,전라북도,정읍시,98,2
201803,전라북도,정읍시,99,2
201803,전라북도,정읍시,101,4
201803,전라북도,정읍시,102,1
201803,전라북도,정읍시,103,1
201803,전라북도,정읍시,105,1
201803,전라북도,정읍시,106,1
201803,전라북도,정읍시,113,1
201803,전라북도,남원시,0,4
201803,전라북도,남원시,1,13
201803,전라북도,남원시,2,23
201803,전라북도,남원시,3,18
201803,전라북도,남원시,4,18
201803,전라북도,남원시,5,23
201803,전라북도,남원시,6,28
201803,전라북도,남원시,7,46
201803,전라북도,남원시,8,56
201803,전라북도,남원시,9,72
201803,전라북도,남원시,10,91
201803,전라북도,남원시,11,73
201803,전라북도,남원시,12,62
201803,전라북도,남원시,13,86
201803,전라북도,남원시,14,85
201803,전라북도,남원시,15,118
201803,전라북도,남원시,16,114
201803,전라북도,남원시,17,140
201803,전라북도,남원시,18,125
201803,전라북도,남원시,19,81
201803,전라북도,남원시,20,61
201803,전라북도,남원시,21,75
201803,전라북도,남원시,22,50
201803,전라북도,남원시,23,51
201803,전라북도,남원시,24,42
201803,전라북도,남원시,25,24
201803,전라북도,남원시,26,14
201803,전라북도,남원시,27,5
201803,전라북도,남원시,28,7
201803,전라북도,남원시,29,18
201803,전라북도,남원시,30,14
201803,전라북도,남원시,31,12
201803,전라북도,남원시,32,13
201803,전라북도,남원시,33,14
201803,전라북도,남원시,34,19
201803,전라북도,남원시,35,15
201803,전라북도,남원시,36,26
201803,전라북도,남원시,37,34
201803,전라북도,남원시,38,33
201803,전라북도,남원시,39,29
201803,전라북도,남원시,40,30
201803,전라북도,남원시,41,37
201803,전라북도,남원시,42,44
201803,전라북도,남원시,43,49
201803,전라북도,남원시,44,56
201803,전라북도,남원시,45,63
201803,전라북도,남원시,46,72
201803,전라북도,남원시,47,67
201803,전라북도,남원시,48,69
201803,전라북도,남원시,49,83
201803,전라북도,남원시,50,77
201803,전라북도,남원시,51,88
201803,전라북도,남원시,52,81
201803,전라북도,남원시,53,75
201803,전라북도,남원시,54,75
201803,전라북도,남원시,55,89
201803,전라북도,남원시,56,78
201803,전라북도,남원시,57,109
201803,전라북도,남원시,58,111
201803,전라북도,남원시,59,88
201803,전라북도,남원시,60,91
201803,전라북도,남원시,61,74
201803,전라북도,남원시,62,68
201803,전라북도,남원시,63,67
201803,전라북도,남원시,64,57
201803,전라북도,남원시,65,56
201803,전라북도,남원시,66,67
201803,전라북도,남원시,67,60
201803,전라북도,남원시,68,66
201803,전라북도,남원시,69,76
201803,전라북도,남원시,70,57
201803,전라북도,남원시,71,73
201803,전라북도,남원시,72,45
201803,전라북도,남원시,73,48
201803,전라북도,남원시,74,63
201803,전라북도,남원시,75,76
201803,전라북도,남원시,76,90
201803,전라북도,남원시,77,49
201803,전라북도,남원시,78,57
201803,전라북도,남원시,79,54
201803,전라북도,남원시,80,57
201803,전라북도,남원시,81,47
201803,전라북도,남원시,82,41
201803,전라북도,남원시,83,59
201803,전라북도,남원시,84,41
201803,전라북도,남원시,85,33
201803,전라북도,남원시,86,32
201803,전라북도,남원시,87,26
201803,전라북도,남원시,88,24
201803,전라북도,남원시,89,29
201803,전라북도,남원시,90,17
201803,전라북도,남원시,91,20
201803,전라북도,남원시,92,10
201803,전라북도,남원시,93,8
201803,전라북도,남원시,94,1
201803,전라북도,남원시,95,8
201803,전라북도,남원시,96,6
201803,전라북도,남원시,97,3
201803,전라북도,남원시,98,4
201803,전라북도,남원시,100,1
201803,전라북도,남원시,101,3
201803,전라북도,남원시,106,1
201803,전라북도,김제시,0,9
201803,전라북도,김제시,1,10
201803,전라북도,김제시,2,21
201803,전라북도,김제시,3,20
201803,전라북도,김제시,4,18
201803,전라북도,김제시,5,20
201803,전라북도,김제시,6,36
201803,전라북도,김제시,7,58
201803,전라북도,김제시,8,51
201803,전라북도,김제시,9,69
201803,전라북도,김제시,10,83
201803,전라북도,김제시,11,89
201803,전라북도,김제시,12,79
201803,전라북도,김제시,13,82
201803,전라북도,김제시,14,106
201803,전라북도,김제시,15,150
201803,전라북도,김제시,16,103
201803,전라북도,김제시,17,169
201803,전라북도,김제시,18,123
201803,전라북도,김제시,19,100
201803,전라북도,김제시,20,77
201803,전라북도,김제시,21,72
201803,전라북도,김제시,22,62
201803,전라북도,김제시,23,41
201803,전라북도,김제시,24,38
201803,전라북도,김제시,25,27
201803,전라북도,김제시,26,23
201803,전라북도,김제시,27,14
201803,전라북도,김제시,28,15
201803,전라북도,김제시,29,14
201803,전라북도,김제시,30,11
201803,전라북도,김제시,31,17
201803,전라북도,김제시,32,18
201803,전라북도,김제시,33,23
201803,전라북도,김제시,34,16
201803,전라북도,김제시,35,28
201803,전라북도,김제시,36,32
201803,전라북도,김제시,37,31
201803,전라북도,김제시,38,45
201803,전라북도,김제시,39,30
201803,전라북도,김제시,40,50
201803,전라북도,김제시,41,43
201803,전라북도,김제시,42,45
201803,전라북도,김제시,43,78
201803,전라북도,김제시,44,61
201803,전라북도,김제시,45,71
201803,전라북도,김제시,46,69
201803,전라북도,김제시,47,83
201803,전라북도,김제시,48,75
201803,전라북도,김제시,49,96
201803,전라북도,김제시,50,103
201803,전라북도,김제시,51,79
201803,전라북도,김제시,52,100
201803,전라북도,김제시,53,91
201803,전라북도,김제시,54,96
201803,전라북도,김제시,55,111
201803,전라북도,김제시,56,108
201803,전라북도,김제시,57,126
201803,전라북도,김제시,58,126
201803,전라북도,김제시,59,126
201803,전라북도,김제시,60,98
201803,전라북도,김제시,61,95
201803,전라북도,김제시,62,111
201803,전라북도,김제시,63,108
201803,전라북도,김제시,64,78
201803,전라북도,김제시,65,89
201803,전라북도,김제시,66,95
201803,전라북도,김제시,67,111
201803,전라북도,김제시,68,111
201803,전라북도,김제시,69,77
201803,전라북도,김제시,70,123
201803,전라북도,김제시,71,126
201803,전라북도,김제시,72,72
201803,전라북도,김제시,73,114
201803,전라북도,김제시,74,99
201803,전라북도,김제시,75,121
201803,전라북도,김제시,76,151
201803,전라북도,김제시,77,91
201803,전라북도,김제시,78,128
201803,전라북도,김제시,79,112
201803,전라북도,김제시,80,107
201803,전라북도,김제시,81,95
201803,전라북도,김제시,82,92
201803,전라북도,김제시,83,93
201803,전라북도,김제시,84,96
201803,전라북도,김제시,85,73
201803,전라북도,김제시,86,49
201803,전라북도,김제시,87,56
201803,전라북도,김제시,88,46
201803,전라북도,김제시,89,47
201803,전라북도,김제시,90,32
201803,전라북도,김제시,91,29
201803,전라북도,김제시,92,13
201803,전라북도,김제시,93,13
201803,전라북도,김제시,94,11
201803,전라북도,김제시,95,17
201803,전라북도,김제시,96,3
201803,전라북도,김제시,97,3
201803,전라북도,김제시,98,4
201803,전라북도,김제시,99,3
201803,전라북도,김제시,100,1
201803,전라북도,김제시,101,1
201803,전라북도,김제시,106,1
201803,전라북도,완주군,0,8
201803,전라북도,완주군,1,14
201803,전라북도,완주군,2,8
201803,전라북도,완주군,3,18
201803,전라북도,완주군,4,31
201803,전라북도,완주군,5,23
201803,전라북도,완주군,6,26
201803,전라북도,완주군,7,53
201803,전라북도,완주군,8,48
201803,전라북도,완주군,9,49
201803,전라북도,완주군,10,72
201803,전라북도,완주군,11,77
201803,전라북도,완주군,12,72
201803,전라북도,완주군,13,78
201803,전라북도,완주군,14,72
201803,전라북도,완주군,15,92
201803,전라북도,완주군,16,90
201803,전라북도,완주군,17,110
201803,전라북도,완주군,18,92
201803,전라북도,완주군,19,65
201803,전라북도,완주군,20,51
201803,전라북도,완주군,21,41
201803,전라북도,완주군,22,47
201803,전라북도,완주군,23,27
201803,전라북도,완주군,24,21
201803,전라북도,완주군,25,23
201803,전라북도,완주군,26,10
201803,전라북도,완주군,27,8
201803,전라북도,완주군,28,12
201803,전라북도,완주군,29,5
201803,전라북도,완주군,30,17
201803,전라북도,완주군,31,9
201803,전라북도,완주군,32,11
201803,전라북도,완주군,33,20
201803,전라북도,완주군,34,20
201803,전라북도,완주군,35,11
201803,전라북도,완주군,36,19
201803,전라북도,완주군,37,28
201803,전라북도,완주군,38,33
201803,전라북도,완주군,39,24
201803,전라북도,완주군,40,33
201803,전라북도,완주군,41,32
201803,전라북도,완주군,42,39
201803,전라북도,완주군,43,34
201803,전라북도,완주군,44,43
201803,전라북도,완주군,45,48
201803,전라북도,완주군,46,63
201803,전라북도,완주군,47,46
201803,전라북도,완주군,48,65
201803,전라북도,완주군,49,57
201803,전라북도,완주군,50,57
201803,전라북도,완주군,51,58
201803,전라북도,완주군,52,64
201803,전라북도,완주군,53,51
201803,전라북도,완주군,54,42
201803,전라북도,완주군,55,69
201803,전라북도,완주군,56,63
201803,전라북도,완주군,57,70
201803,전라북도,완주군,58,66
201803,전라북도,완주군,59,58
201803,전라북도,완주군,60,64
201803,전라북도,완주군,61,63
201803,전라북도,완주군,62,47
201803,전라북도,완주군,63,64
201803,전라북도,완주군,64,52
201803,전라북도,완주군,65,55
201803,전라북도,완주군,66,48
201803,전라북도,완주군,67,58
201803,전라북도,완주군,68,46
201803,전라북도,완주군,69,48
201803,전라북도,완주군,70,54
201803,전라북도,완주군,71,53
201803,전라북도,완주군,72,36
201803,전라북도,완주군,73,45
201803,전라북도,완주군,74,36
201803,전라북도,완주군,75,67
201803,전라북도,완주군,76,63
201803,전라북도,완주군,77,56
201803,전라북도,완주군,78,61
201803,전라북도,완주군,79,55
201803,전라북도,완주군,80,48
201803,전라북도,완주군,81,44
201803,전라북도,완주군,82,45
201803,전라북도,완주군,83,41
201803,전라북도,완주군,84,30
201803,전라북도,완주군,85,32
201803,전라북도,완주군,86,31
201803,전라북도,완주군,87,20
201803,전라북도,완주군,88,25
201803,전라북도,완주군,89,27
201803,전라북도,완주군,90,15
201803,전라북도,완주군,91,6
201803,전라북도,완주군,92,6
201803,전라북도,완주군,93,6
201803,전라북도,완주군,94,6
201803,전라북도,완주군,95,4
201803,전라북도,완주군,96,1
201803,전라북도,완주군,97,5
201803,전라북도,완주군,99,2
201803,전라북도,완주군,100,1
201803,전라북도,완주군,101,1
201803,전라북도,완주군,103,1
201803,전라북도,진안군,0,1
201803,전라북도,진안군,2,3
201803,전라북도,진안군,3,1
201803,전라북도,진안군,4,4
201803,전라북도,진안군,5,5
201803,전라북도,진안군,6,6
201803,전라북도,진안군,7,15
201803,전라북도,진안군,8,15
201803,전라북도,진안군,9,15
201803,전라북도,진안군,10,16
201803,전라북도,진안군,11,17
201803,전라북도,진안군,12,19
201803,전라북도,진안군,13,16
201803,전라북도,진안군,14,17
201803,전라북도,진안군,15,15
201803,전라북도,진안군,16,18
201803,전라북도,진안군,17,27
201803,전라북도,진안군,18,21
201803,전라북도,진안군,19,16
201803,전라북도,진안군,20,9
201803,전라북도,진안군,21,9
201803,전라북도,진안군,22,7
201803,전라북도,진안군,23,4
201803,전라북도,진안군,24,3
201803,전라북도,진안군,25,3
201803,전라북도,진안군,26,5
201803,전라북도,진안군,27,1
201803,전라북도,진안군,28,7
201803,전라북도,진안군,29,2
201803,전라북도,진안군,30,1
201803,전라북도,진안군,31,2
201803,전라북도,진안군,32,3
201803,전라북도,진안군,33,2
201803,전라북도,진안군,34,3
201803,전라북도,진안군,35,2
201803,전라북도,진안군,36,3
201803,전라북도,진안군,37,7
201803,전라북도,진안군,38,7
201803,전라북도,진안군,39,10
201803,전라북도,진안군,40,17
201803,전라북도,진안군,41,9
201803,전라북도,진안군,42,8
201803,전라북도,진안군,43,9
201803,전라북도,진안군,44,10
201803,전라북도,진안군,45,12
201803,전라북도,진안군,46,12
201803,전라북도,진안군,47,14
201803,전라북도,진안군,48,13
201803,전라북도,진안군,49,19
201803,전라북도,진안군,50,12
201803,전라북도,진안군,51,13
201803,전라북도,진안군,52,24
201803,전라북도,진안군,53,12
201803,전라북도,진안군,54,16
201803,전라북도,진안군,55,18
201803,전라북도,진안군,56,29
201803,전라북도,진안군,57,23
201803,전라북도,진안군,58,16
201803,전라북도,진안군,59,20
201803,전라북도,진안군,60,19
201803,전라북도,진안군,61,20
201803,전라북도,진안군,62,24
201803,전라북도,진안군,63,26
201803,전라북도,진안군,64,16
201803,전라북도,진안군,65,13
201803,전라북도,진안군,66,15
201803,전라북도,진안군,67,22
201803,전라북도,진안군,68,20
201803,전라북도,진안군,69,19
201803,전라북도,진안군,70,19
201803,전라북도,진안군,71,21
201803,전라북도,진안군,72,15
201803,전라북도,진안군,73,17
201803,전라북도,진안군,74,21
201803,전라북도,진안군,75,21
201803,전라북도,진안군,76,23
201803,전라북도,진안군,77,20
201803,전라북도,진안군,78,18
201803,전라북도,진안군,79,21
201803,전라북도,진안군,80,12
201803,전라북도,진안군,81,24
201803,전라북도,진안군,82,22
201803,전라북도,진안군,83,14
201803,전라북도,진안군,84,11
201803,전라북도,진안군,85,14
201803,전라북도,진안군,86,13
201803,전라북도,진안군,87,9
201803,전라북도,진안군,88,5
201803,전라북도,진안군,89,12
201803,전라북도,진안군,90,3
201803,전라북도,진안군,91,9
201803,전라북도,진안군,92,6
201803,전라북도,진안군,93,1
201803,전라북도,진안군,94,4
201803,전라북도,진안군,95,1
201803,전라북도,진안군,96,1
201803,전라북도,진안군,97,1
201803,전라북도,진안군,98,1
201803,전라북도,진안군,108,1
201803,전라북도,무주군,1,1
201803,전라북도,무주군,2,1
201803,전라북도,무주군,3,5
201803,전라북도,무주군,4,3
201803,전라북도,무주군,5,4
201803,전라북도,무주군,6,7
201803,전라북도,무주군,7,3
201803,전라북도,무주군,8,14
201803,전라북도,무주군,9,13
201803,전라북도,무주군,10,6
201803,전라북도,무주군,11,20
201803,전라북도,무주군,12,14
201803,전라북도,무주군,13,17
201803,전라북도,무주군,14,18
201803,전라북도,무주군,15,16
201803,전라북도,무주군,16,32
201803,전라북도,무주군,17,27
201803,전라북도,무주군,18,21
201803,전라북도,무주군,19,19
201803,전라북도,무주군,20,13
201803,전라북도,무주군,21,8
201803,전라북도,무주군,22,10
201803,전라북도,무주군,23,5
201803,전라북도,무주군,24,1
201803,전라북도,무주군,25,3
201803,전라북도,무주군,26,3
201803,전라북도,무주군,27,1
201803,전라북도,무주군,29,4
201803,전라북도,무주군,30,5
201803,전라북도,무주군,31,2
201803,전라북도,무주군,32,5
201803,전라북도,무주군,33,2
201803,전라북도,무주군,34,1
201803,전라북도,무주군,35,2
201803,전라북도,무주군,36,2
201803,전라북도,무주군,37,3
201803,전라북도,무주군,38,6
201803,전라북도,무주군,39,9
201803,전라북도,무주군,40,8
201803,전라북도,무주군,41,6
201803,전라북도,무주군,42,7
201803,전라북도,무주군,43,4
201803,전라북도,무주군,44,13
201803,전라북도,무주군,45,11
201803,전라북도,무주군,46,7
201803,전라북도,무주군,47,21
201803,전라북도,무주군,48,17
201803,전라북도,무주군,49,20
201803,전라북도,무주군,50,13
201803,전라북도,무주군,51,17
201803,전라북도,무주군,52,22
201803,전라북도,무주군,53,16
201803,전라북도,무주군,54,11
201803,전라북도,무주군,55,23
201803,전라북도,무주군,56,23
201803,전라북도,무주군,57,27
201803,전라북도,무주군,58,24
201803,전라북도,무주군,59,10
201803,전라북도,무주군,60,17
201803,전라북도,무주군,61,9
201803,전라북도,무주군,62,15
201803,전라북도,무주군,63,13
201803,전라북도,무주군,64,13
201803,전라북도,무주군,65,13
201803,전라북도,무주군,66,18
201803,전라북도,무주군,67,16
201803,전라북도,무주군,68,13
201803,전라북도,무주군,69,10
201803,전라북도,무주군,70,9
201803,전라북도,무주군,71,14
201803,전라북도,무주군,72,13
201803,전라북도,무주군,73,17
201803,전라북도,무주군,74,13
201803,전라북도,무주군,75,24
201803,전라북도,무주군,76,28
201803,전라북도,무주군,77,15
201803,전라북도,무주군,78,13
201803,전라북도,무주군,79,22
201803,전라북도,무주군,80,21
201803,전라북도,무주군,81,16
201803,전라북도,무주군,82,20
201803,전라북도,무주군,83,16
201803,전라북도,무주군,84,13
201803,전라북도,무주군,85,10
201803,전라북도,무주군,86,9
201803,전라북도,무주군,87,5
201803,전라북도,무주군,88,11
201803,전라북도,무주군,89,1
201803,전라북도,무주군,90,3
201803,전라북도,무주군,91,4
201803,전라북도,무주군,92,3
201803,전라북도,무주군,93,1
201803,전라북도,무주군,94,2
201803,전라북도,무주군,95,1
201803,전라북도,무주군,96,1
201803,전라북도,무주군,97,1
201803,전라북도,무주군,98,1
201803,전라북도,무주군,102,1
201803,전라북도,장수군,1,1
201803,전라북도,장수군,2,1
201803,전라북도,장수군,3,1
201803,전라북도,장수군,4,5
201803,전라북도,장수군,5,5
201803,전라북도,장수군,6,9
201803,전라북도,장수군,7,12
201803,전라북도,장수군,8,15
201803,전라북도,장수군,9,13
201803,전라북도,장수군,10,21
201803,전라북도,장수군,11,21
201803,전라북도,장수군,12,20
201803,전라북도,장수군,13,30
201803,전라북도,장수군,14,27
201803,전라북도,장수군,15,20
201803,전라북도,장수군,16,29
201803,전라북도,장수군,17,30
201803,전라북도,장수군,18,23
201803,전라북도,장수군,19,26
201803,전라북도,장수군,20,15
201803,전라북도,장수군,21,10
201803,전라북도,장수군,22,12
201803,전라북도,장수군,23,10
201803,전라북도,장수군,24,5
201803,전라북도,장수군,25,3
201803,전라북도,장수군,26,2
201803,전라북도,장수군,27,4
201803,전라북도,장수군,28,2
201803,전라북도,장수군,29,3
201803,전라북도,장수군,30,5
201803,전라북도,장수군,31,3
201803,전라북도,장수군,32,4
201803,전라북도,장수군,33,4
201803,전라북도,장수군,34,4
201803,전라북도,장수군,35,3
201803,전라북도,장수군,36,12
201803,전라북도,장수군,37,4
201803,전라북도,장수군,38,9
201803,전라북도,장수군,39,9
201803,전라북도,장수군,40,4
201803,전라북도,장수군,41,10
201803,전라북도,장수군,42,8
201803,전라북도,장수군,43,10
201803,전라북도,장수군,44,13
201803,전라북도,장수군,45,11
201803,전라북도,장수군,46,15
201803,전라북도,장수군,47,13
201803,전라북도,장수군,48,17
201803,전라북도,장수군,49,25
201803,전라북도,장수군,50,19
201803,전라북도,장수군,51,27
201803,전라북도,장수군,52,27
201803,전라북도,장수군,53,27
201803,전라북도,장수군,54,13
201803,전라북도,장수군,55,25
201803,전라북도,장수군,56,18
201803,전라북도,장수군,57,27
201803,전라북도,장수군,58,32
201803,전라북도,장수군,59,28
201803,전라북도,장수군,60,18
201803,전라북도,장수군,61,19
201803,전라북도,장수군,62,23
201803,전라북도,장수군,63,15
201803,전라북도,장수군,64,16
201803,전라북도,장수군,65,11
201803,전라북도,장수군,66,16
201803,전라북도,장수군,67,17
201803,전라북도,장수군,68,17
201803,전라북도,장수군,69,12
201803,전라북도,장수군,70,14
201803,전라북도,장수군,71,10
201803,전라북도,장수군,72,14
201803,전라북도,장수군,73,7
201803,전라북도,장수군,74,13
201803,전라북도,장수군,75,18
201803,전라북도,장수군,76,21
201803,전라북도,장수군,77,20
201803,전라북도,장수군,78,20
201803,전라북도,장수군,79,10
201803,전라북도,장수군,80,17
201803,전라북도,장수군,81,9
201803,전라북도,장수군,82,10
201803,전라북도,장수군,83,19
201803,전라북도,장수군,84,15
201803,전라북도,장수군,85,12
201803,전라북도,장수군,86,15
201803,전라북도,장수군,87,7
201803,전라북도,장수군,88,7
201803,전라북도,장수군,89,10
201803,전라북도,장수군,90,7
201803,전라북도,장수군,91,5
201803,전라북도,장수군,92,4
201803,전라북도,장수군,94,2
201803,전라북도,장수군,95,3
201803,전라북도,장수군,96,1
201803,전라북도,장수군,97,1
201803,전라북도,장수군,99,1
201803,전라북도,장수군,101,1
201803,전라북도,임실군,0,2
201803,전라북도,임실군,1,3
201803,전라북도,임실군,2,2
201803,전라북도,임실군,3,3
201803,전라북도,임실군,4,5
201803,전라북도,임실군,5,3
201803,전라북도,임실군,6,7
201803,전라북도,임실군,7,15
201803,전라북도,임실군,8,16
201803,전라북도,임실군,9,20
201803,전라북도,임실군,10,22
201803,전라북도,임실군,11,19
201803,전라북도,임실군,12,24
201803,전라북도,임실군,13,28
201803,전라북도,임실군,14,22
201803,전라북도,임실군,15,28
201803,전라북도,임실군,16,44
201803,전라북도,임실군,17,32
201803,전라북도,임실군,18,29
201803,전라북도,임실군,19,19
201803,전라북도,임실군,20,16
201803,전라북도,임실군,21,17
201803,전라북도,임실군,22,14
201803,전라북도,임실군,23,7
201803,전라북도,임실군,24,6
201803,전라북도,임실군,25,4
201803,전라북도,임실군,26,3
201803,전라북도,임실군,27,3
201803,전라북도,임실군,28,2
201803,전라북도,임실군,29,5
201803,전라북도,임실군,30,6
201803,전라북도,임실군,31,2
201803,전라북도,임실군,32,9
201803,전라북도,임실군,33,6
201803,전라북도,임실군,34,8
201803,전라북도,임실군,35,10
201803,전라북도,임실군,36,5
201803,전라북도,임실군,37,9
201803,전라북도,임실군,38,9
201803,전라북도,임실군,39,10
201803,전라북도,임실군,40,7
201803,전라북도,임실군,41,12
201803,전라북도,임실군,42,10
201803,전라북도,임실군,43,17
201803,전라북도,임실군,44,21
201803,전라북도,임실군,45,20
201803,전라북도,임실군,46,24
201803,전라북도,임실군,47,21
201803,전라북도,임실군,48,25
201803,전라북도,임실군,49,31
201803,전라북도,임실군,50,20
201803,전라북도,임실군,51,19
201803,전라북도,임실군,52,26
201803,전라북도,임실군,53,29
201803,전라북도,임실군,54,28
201803,전라북도,임실군,55,23
201803,전라북도,임실군,56,24
201803,전라북도,임실군,57,25
201803,전라북도,임실군,58,35
201803,전라북도,임실군,59,17
201803,전라북도,임실군,60,19
201803,전라북도,임실군,61,24
201803,전라북도,임실군,62,20
201803,전라북도,임실군,63,28
201803,전라북도,임실군,64,18
201803,전라북도,임실군,65,18
201803,전라북도,임실군,66,21
201803,전라북도,임실군,67,19
201803,전라북도,임실군,68,24
201803,전라북도,임실군,69,23
201803,전라북도,임실군,70,13
201803,전라북도,임실군,71,18
201803,전라북도,임실군,72,17
201803,전라북도,임실군,73,16
201803,전라북도,임실군,74,17
201803,전라북도,임실군,75,21
201803,전라북도,임실군,76,30
201803,전라북도,임실군,77,27
201803,전라북도,임실군,78,32
201803,전라북도,임실군,79,18
201803,전라북도,임실군,80,22
201803,전라북도,임실군,81,26
201803,전라북도,임실군,82,17
201803,전라북도,임실군,83,23
201803,전라북도,임실군,84,19
201803,전라북도,임실군,85,13
201803,전라북도,임실군,86,15
201803,전라북도,임실군,87,14
201803,전라북도,임실군,88,6
201803,전라북도,임실군,89,10
201803,전라북도,임실군,90,11
201803,전라북도,임실군,91,6
201803,전라북도,임실군,92,6
201803,전라북도,임실군,93,3
201803,전라북도,임실군,94,3
201803,전라북도,임실군,95,2
201803,전라북도,임실군,96,2
201803,전라북도,임실군,98,1
201803,전라북도,임실군,100,1
201803,전라북도,임실군,101,1
201803,전라북도,임실군,102,1
201803,전라북도,순창군,1,1
201803,전라북도,순창군,2,2
201803,전라북도,순창군,3,3
201803,전라북도,순창군,4,3
201803,전라북도,순창군,5,4
201803,전라북도,순창군,6,6
201803,전라북도,순창군,7,16
201803,전라북도,순창군,8,15
201803,전라북도,순창군,9,19
201803,전라북도,순창군,10,16
201803,전라북도,순창군,11,20
201803,전라북도,순창군,12,16
201803,전라북도,순창군,13,30
201803,전라북도,순창군,14,19
201803,전라북도,순창군,15,16
201803,전라북도,순창군,16,28
201803,전라북도,순창군,17,26
201803,전라북도,순창군,18,22
201803,전라북도,순창군,19,22
201803,전라북도,순창군,20,21
201803,전라북도,순창군,21,21
201803,전라북도,순창군,22,12
201803,전라북도,순창군,23,6
201803,전라북도,순창군,24,5
201803,전라북도,순창군,25,4
201803,전라북도,순창군,26,1
201803,전라북도,순창군,27,1
201803,전라북도,순창군,28,4
201803,전라북도,순창군,29,4
201803,전라북도,순창군,30,3
201803,전라북도,순창군,31,7
201803,전라북도,순창군,32,7
201803,전라북도,순창군,33,8
201803,전라북도,순창군,34,1
201803,전라북도,순창군,35,4
201803,전라북도,순창군,36,9
201803,전라북도,순창군,37,8
201803,전라북도,순창군,38,7
201803,전라북도,순창군,39,6
201803,전라북도,순창군,40,16
201803,전라북도,순창군,41,5
201803,전라북도,순창군,42,18
201803,전라북도,순창군,43,11
201803,전라북도,순창군,44,8
201803,전라북도,순창군,45,16
201803,전라북도,순창군,46,16
201803,전라북도,순창군,47,8
201803,전라북도,순창군,48,11
201803,전라북도,순창군,49,27
201803,전라북도,순창군,50,15
201803,전라북도,순창군,51,23
201803,전라북도,순창군,52,21
201803,전라북도,순창군,53,25
201803,전라북도,순창군,54,23
201803,전라북도,순창군,55,19
201803,전라북도,순창군,56,24
201803,전라북도,순창군,57,27
201803,전라북도,순창군,58,17
201803,전라북도,순창군,59,19
201803,전라북도,순창군,60,17
201803,전라북도,순창군,61,14
201803,전라북도,순창군,62,13
201803,전라북도,순창군,63,20
201803,전라북도,순창군,64,15
201803,전라북도,순창군,65,12
201803,전라북도,순창군,66,13
201803,전라북도,순창군,67,19
201803,전라북도,순창군,68,13
201803,전라북도,순창군,69,17
201803,전라북도,순창군,70,15
201803,전라북도,순창군,71,20
201803,전라북도,순창군,72,6
201803,전라북도,순창군,73,17
201803,전라북도,순창군,74,9
201803,전라북도,순창군,75,23
201803,전라북도,순창군,76,13
201803,전라북도,순창군,77,14
201803,전라북도,순창군,78,27
201803,전라북도,순창군,79,16
201803,전라북도,순창군,80,9
201803,전라북도,순창군,81,17
201803,전라북도,순창군,82,13
201803,전라북도,순창군,83,18
201803,전라북도,순창군,84,14
201803,전라북도,순창군,85,7
201803,전라북도,순창군,86,9
201803,전라북도,순창군,87,10
201803,전라북도,순창군,88,8
201803,전라북도,순창군,89,6
201803,전라북도,순창군,90,13
201803,전라북도,순창군,91,9
201803,전라북도,순창군,92,4
201803,전라북도,순창군,93,5
201803,전라북도,순창군,94,3
201803,전라북도,순창군,95,3
201803,전라북도,순창군,96,2
201803,전라북도,순창군,97,2
201803,전라북도,순창군,98,2
201803,전라북도,고창군,0,3
201803,전라북도,고창군,1,3
201803,전라북도,고창군,2,9
201803,전라북도,고창군,3,8
201803,전라북도,고창군,4,10
201803,전라북도,고창군,5,7
201803,전라북도,고창군,6,12
201803,전라북도,고창군,7,26
201803,전라북도,고창군,8,25
201803,전라북도,고창군,9,25
201803,전라북도,고창군,10,40
201803,전라북도,고창군,11,23
201803,전라북도,고창군,12,28
201803,전라북도,고창군,13,43
201803,전라북도,고창군,14,48
201803,전라북도,고창군,15,60
201803,전라북도,고창군,16,61
201803,전라북도,고창군,17,78
201803,전라북도,고창군,18,61
201803,전라북도,고창군,19,37
201803,전라북도,고창군,20,26
201803,전라북도,고창군,21,23
201803,전라북도,고창군,22,18
201803,전라북도,고창군,23,8
201803,전라북도,고창군,24,11
201803,전라북도,고창군,25,7
201803,전라북도,고창군,26,4
201803,전라북도,고창군,27,5
201803,전라북도,고창군,28,5
201803,전라북도,고창군,29,4
201803,전라북도,고창군,30,2
201803,전라북도,고창군,31,4
201803,전라북도,고창군,32,9
201803,전라북도,고창군,33,6
201803,전라북도,고창군,34,9
201803,전라북도,고창군,35,11
201803,전라북도,고창군,36,8
201803,전라북도,고창군,37,16
201803,전라북도,고창군,38,10
201803,전라북도,고창군,39,13
201803,전라북도,고창군,40,18
201803,전라북도,고창군,41,13
201803,전라북도,고창군,42,22
201803,전라북도,고창군,43,22
201803,전라북도,고창군,44,28
201803,전라북도,고창군,45,41
201803,전라북도,고창군,46,32
201803,전라북도,고창군,47,32
201803,전라북도,고창군,48,34
201803,전라북도,고창군,49,53
201803,전라북도,고창군,50,30
201803,전라북도,고창군,51,35
201803,전라북도,고창군,52,46
201803,전라북도,고창군,53,42
201803,전라북도,고창군,54,40
201803,전라북도,고창군,55,44
201803,전라북도,고창군,56,48
201803,전라북도,고창군,57,47
201803,전라북도,고창군,58,41
201803,전라북도,고창군,59,45
201803,전라북도,고창군,60,38
201803,전라북도,고창군,61,34
201803,전라북도,고창군,62,42
201803,전라북도,고창군,63,39
201803,전라북도,고창군,64,31
201803,전라북도,고창군,65,33
201803,전라북도,고창군,66,28
201803,전라북도,고창군,67,37
201803,전라북도,고창군,68,32
201803,전라북도,고창군,69,42
201803,전라북도,고창군,70,30
201803,전라북도,고창군,71,40
201803,전라북도,고창군,72,21
201803,전라북도,고창군,73,30
201803,전라북도,고창군,74,41
201803,전라북도,고창군,75,58
201803,전라북도,고창군,76,56
201803,전라북도,고창군,77,33
201803,전라북도,고창군,78,46
201803,전라북도,고창군,79,34
201803,전라북도,고창군,80,29
201803,전라북도,고창군,81,30
201803,전라북도,고창군,82,28
201803,전라북도,고창군,83,31
201803,전라북도,고창군,84,25
201803,전라북도,고창군,85,18
201803,전라북도,고창군,86,22
201803,전라북도,고창군,87,24
201803,전라북도,고창군,88,20
201803,전라북도,고창군,89,17
201803,전라북도,고창군,90,21
201803,전라북도,고창군,91,8
201803,전라북도,고창군,92,5
201803,전라북도,고창군,93,4
201803,전라북도,고창군,94,4
201803,전라북도,고창군,95,9
201803,전라북도,고창군,96,2
201803,전라북도,고창군,97,3
201803,전라북도,고창군,98,1
201803,전라북도,고창군,99,2
201803,전라북도,고창군,100,1
201803,전라북도,고창군,105,1
201803,전라북도,부안군,0,1
201803,전라북도,부안군,1,10
201803,전라북도,부안군,2,2
201803,전라북도,부안군,3,4
201803,전라북도,부안군,4,5
201803,전라북도,부안군,5,7
201803,전라북도,부안군,6,7
201803,전라북도,부안군,7,26
201803,전라북도,부안군,8,21
201803,전라북도,부안군,9,28
201803,전라북도,부안군,10,29
201803,전라북도,부안군,11,25
201803,전라북도,부안군,12,40
201803,전라북도,부안군,13,44
201803,전라북도,부안군,14,45
201803,전라북도,부안군,15,48
201803,전라북도,부안군,16,62
201803,전라북도,부안군,17,67
201803,전라북도,부안군,18,71
201803,전라북도,부안군,19,28
201803,전라북도,부안군,20,26
201803,전라북도,부안군,21,23
201803,전라북도,부안군,22,17
201803,전라북도,부안군,23,18
201803,전라북도,부안군,24,11
201803,전라북도,부안군,25,5
201803,전라북도,부안군,26,7
201803,전라북도,부안군,27,1
201803,전라북도,부안군,28,3
201803,전라북도,부안군,29,5
201803,전라북도,부안군,30,6
201803,전라북도,부안군,31,7
201803,전라북도,부안군,32,11
201803,전라북도,부안군,33,8
201803,전라북도,부안군,34,11
201803,전라북도,부안군,35,16
201803,전라북도,부안군,36,8
201803,전라북도,부안군,37,13
201803,전라북도,부안군,38,10
201803,전라북도,부안군,39,11
201803,전라북도,부안군,40,32
201803,전라북도,부안군,41,9
201803,전라북도,부안군,42,16
201803,전라북도,부안군,43,26
201803,전라북도,부안군,44,29
201803,전라북도,부안군,45,29
201803,전라북도,부안군,46,26
201803,전라북도,부안군,47,29
201803,전라북도,부안군,48,40
201803,전라북도,부안군,49,53
201803,전라북도,부안군,50,37
201803,전라북도,부안군,51,44
201803,전라북도,부안군,52,46
201803,전라북도,부안군,53,39
201803,전라북도,부안군,54,41
201803,전라북도,부안군,55,41
201803,전라북도,부안군,56,35
201803,전라북도,부안군,57,58
201803,전라북도,부안군,58,55
201803,전라북도,부안군,59,42
201803,전라북도,부안군,60,53
201803,전라북도,부안군,61,45
201803,전라북도,부안군,62,56
201803,전라북도,부안군,63,56
201803,전라북도,부안군,64,31
201803,전라북도,부안군,65,49
201803,전라북도,부안군,66,49
201803,전라북도,부안군,67,51
201803,전라북도,부안군,68,59
201803,전라북도,부안군,69,52
201803,전라북도,부안군,70,46
201803,전라북도,부안군,71,50
201803,전라북도,부안군,72,39
201803,전라북도,부안군,73,58
201803,전라북도,부안군,74,43
201803,전라북도,부안군,75,73
201803,전라북도,부안군,76,68
201803,전라북도,부안군,77,55
201803,전라북도,부안군,78,53
201803,전라북도,부안군,79,59
201803,전라북도,부안군,80,50
201803,전라북도,부안군,81,39
201803,전라북도,부안군,82,47
201803,전라북도,부안군,83,38
201803,전라북도,부안군,84,32
201803,전라북도,부안군,85,28
201803,전라북도,부안군,86,21
201803,전라북도,부안군,87,13
201803,전라북도,부안군,88,20
201803,전라북도,부안군,89,16
201803,전라북도,부안군,90,14
201803,전라북도,부안군,91,6
201803,전라북도,부안군,92,4
201803,전라북도,부안군,93,2
201803,전라북도,부안군,94,5
201803,전라북도,부안군,95,8
201803,전라북도,부안군,96,1
201803,전라북도,부안군,99,1
201803,전라북도,부안군,100,1
201803,전라북도,부안군,101,1
201803,전라북도,부안군,102,1
201803,전라북도,부안군,103,1
201803,전라북도,부안군,106,1
201803,전라남도,목포시,0,20
201803,전라남도,목포시,1,41
201803,전라남도,목포시,2,49
201803,전라남도,목포시,3,49
201803,전라남도,목포시,4,53
201803,전라남도,목포시,5,85
201803,전라남도,목포시,6,72
201803,전라남도,목포시,7,148
201803,전라남도,목포시,8,181
201803,전라남도,목포시,9,191
201803,전라남도,목포시,10,201
201803,전라남도,목포시,11,203
201803,전라남도,목포시,12,203
201803,전라남도,목포시,13,210
201803,전라남도,목포시,14,269
201803,전라남도,목포시,15,293
201803,전라남도,목포시,16,343
201803,전라남도,목포시,17,435
201803,전라남도,목포시,18,300
201803,전라남도,목포시,19,227
201803,전라남도,목포시,20,202
201803,전라남도,목포시,21,173
201803,전라남도,목포시,22,111
201803,전라남도,목포시,23,104
201803,전라남도,목포시,24,70
201803,전라남도,목포시,25,54
201803,전라남도,목포시,26,35
201803,전라남도,목포시,27,33
201803,전라남도,목포시,28,33
201803,전라남도,목포시,29,25
201803,전라남도,목포시,30,29
201803,전라남도,목포시,31,28
201803,전라남도,목포시,32,24
201803,전라남도,목포시,33,50
201803,전라남도,목포시,34,47
201803,전라남도,목포시,35,51
201803,전라남도,목포시,36,58
201803,전라남도,목포시,37,68
201803,전라남도,목포시,38,72
201803,전라남도,목포시,39,59
201803,전라남도,목포시,40,78
201803,전라남도,목포시,41,89
201803,전라남도,목포시,42,95
201803,전라남도,목포시,43,124
201803,전라남도,목포시,44,112
201803,전라남도,목포시,45,127
201803,전라남도,목포시,46,146
201803,전라남도,목포시,47,140
201803,전라남도,목포시,48,155
201803,전라남도,목포시,49,184
201803,전라남도,목포시,50,147
201803,전라남도,목포시,51,153
201803,전라남도,목포시,52,162
201803,전라남도,목포시,53,171
201803,전라남도,목포시,54,164
201803,전라남도,목포시,55,195
201803,전라남도,목포시,56,166
201803,전라남도,목포시,57,203
201803,전라남도,목포시,58,196
201803,전라남도,목포시,59,156
201803,전라남도,목포시,60,170
201803,전라남도,목포시,61,173
201803,전라남도,목포시,62,160
201803,전라남도,목포시,63,151
201803,전라남도,목포시,64,108
201803,전라남도,목포시,65,160
201803,전라남도,목포시,66,134
201803,전라남도,목포시,67,141
201803,전라남도,목포시,68,137
201803,전라남도,목포시,69,143
201803,전라남도,목포시,70,141
201803,전라남도,목포시,71,146
201803,전라남도,목포시,72,127
201803,전라남도,목포시,73,146
201803,전라남도,목포시,74,104
201803,전라남도,목포시,75,166
201803,전라남도,목포시,76,130
201803,전라남도,목포시,77,118
201803,전라남도,목포시,78,129
201803,전라남도,목포시,79,108
201803,전라남도,목포시,80,113
201803,전라남도,목포시,81,83
201803,전라남도,목포시,82,86
201803,전라남도,목포시,83,63
201803,전라남도,목포시,84,64
201803,전라남도,목포시,85,57
201803,전라남도,목포시,86,64
201803,전라남도,목포시,87,41
201803,전라남도,목포시,88,37
201803,전라남도,목포시,89,42
201803,전라남도,목포시,90,16
201803,전라남도,목포시,91,20
201803,전라남도,목포시,92,9
201803,전라남도,목포시,93,13
201803,전라남도,목포시,94,11
201803,전라남도,목포시,95,7
201803,전라남도,목포시,96,2
201803,전라남도,목포시,97,2
201803,전라남도,목포시,98,1
201803,전라남도,목포시,100,2
201803,전라남도,목포시,105,1
201803,전라남도,여수시,0,17
201803,전라남도,여수시,1,25
201803,전라남도,여수시,2,24
201803,전라남도,여수시,3,41
201803,전라남도,여수시,4,34
201803,전라남도,여수시,5,50
201803,전라남도,여수시,6,60
201803,전라남도,여수시,7,101
201803,전라남도,여수시,8,109
201803,전라남도,여수시,9,131
201803,전라남도,여수시,10,137
201803,전라남도,여수시,11,142
201803,전라남도,여수시,12,147
201803,전라남도,여수시,13,190
201803,전라남도,여수시,14,199
201803,전라남도,여수시,15,201
201803,전라남도,여수시,16,216
201803,전라남도,여수시,17,276
201803,전라남도,여수시,18,201
201803,전라남도,여수시,19,124
201803,전라남도,여수시,20,99
201803,전라남도,여수시,21,89
201803,전라남도,여수시,22,81
201803,전라남도,여수시,23,59
201803,전라남도,여수시,24,39
201803,전라남도,여수시,25,41
201803,전라남도,여수시,26,24
201803,전라남도,여수시,27,19
201803,전라남도,여수시,28,16
201803,전라남도,여수시,29,28
201803,전라남도,여수시,30,24
201803,전라남도,여수시,31,18
201803,전라남도,여수시,32,34
201803,전라남도,여수시,33,34
201803,전라남도,여수시,34,52
201803,전라남도,여수시,35,48
201803,전라남도,여수시,36,48
201803,전라남도,여수시,37,62
201803,전라남도,여수시,38,50
201803,전라남도,여수시,39,57
201803,전라남도,여수시,40,67
201803,전라남도,여수시,41,61
201803,전라남도,여수시,42,88
201803,전라남도,여수시,43,98
201803,전라남도,여수시,44,117
201803,전라남도,여수시,45,111
201803,전라남도,여수시,46,109
201803,전라남도,여수시,47,113
201803,전라남도,여수시,48,136
201803,전라남도,여수시,49,145
201803,전라남도,여수시,50,146
201803,전라남도,여수시,51,146
201803,전라남도,여수시,52,176
201803,전라남도,여수시,53,149
201803,전라남도,여수시,54,166
201803,전라남도,여수시,55,160
201803,전라남도,여수시,56,168
201803,전라남도,여수시,57,183
201803,전라남도,여수시,58,189
201803,전라남도,여수시,59,198
201803,전라남도,여수시,60,155
201803,전라남도,여수시,61,157
201803,전라남도,여수시,62,136
201803,전라남도,여수시,63,204
201803,전라남도,여수시,64,88
201803,전라남도,여수시,65,158
201803,전라남도,여수시,66,119
201803,전라남도,여수시,67,153
201803,전라남도,여수시,68,150
201803,전라남도,여수시,69,148
201803,전라남도,여수시,70,156
201803,전라남도,여수시,71,169
201803,전라남도,여수시,72,112
201803,전라남도,여수시,73,119
201803,전라남도,여수시,74,122
201803,전라남도,여수시,75,155
201803,전라남도,여수시,76,132
201803,전라남도,여수시,77,144
201803,전라남도,여수시,78,152
201803,전라남도,여수시,79,143
201803,전라남도,여수시,80,108
201803,전라남도,여수시,81,92
201803,전라남도,여수시,82,84
201803,전라남도,여수시,83,88
201803,전라남도,여수시,84,93
201803,전라남도,여수시,85,72
201803,전라남도,여수시,86,66
201803,전라남도,여수시,87,53
201803,전라남도,여수시,88,64
201803,전라남도,여수시,89,38
201803,전라남도,여수시,90,31
201803,전라남도,여수시,91,24
201803,전라남도,여수시,92,19
201803,전라남도,여수시,93,13
201803,전라남도,여수시,94,17
201803,전라남도,여수시,95,12
201803,전라남도,여수시,96,9
201803,전라남도,여수시,97,6
201803,전라남도,여수시,98,4
201803,전라남도,여수시,99,2
201803,전라남도,여수시,100,2
201803,전라남도,여수시,101,1
201803,전라남도,여수시,102,1
201803,전라남도,여수시,105,1
201803,전라남도,순천시,0,6
201803,전라남도,순천시,1,10
201803,전라남도,순천시,2,19
201803,전라남도,순천시,3,23
201803,전라남도,순천시,4,16
201803,전라남도,순천시,5,20
201803,전라남도,순천시,6,32
201803,전라남도,순천시,7,86
201803,전라남도,순천시,8,75
201803,전라남도,순천시,9,101
201803,전라남도,순천시,10,105
201803,전라남도,순천시,11,101
201803,전라남도,순천시,12,104
201803,전라남도,순천시,13,119
201803,전라남도,순천시,14,137
201803,전라남도,순천시,15,160
201803,전라남도,순천시,16,186
201803,전라남도,순천시,17,224
201803,전라남도,순천시,18,170
201803,전라남도,순천시,19,120
201803,전라남도,순천시,20,94
201803,전라남도,순천시,21,70
201803,전라남도,순천시,22,59
201803,전라남도,순천시,23,55
201803,전라남도,순천시,24,41
201803,전라남도,순천시,25,21
201803,전라남도,순천시,26,16
201803,전라남도,순천시,27,19
201803,전라남도,순천시,28,16
201803,전라남도,순천시,29,11
201803,전라남도,순천시,30,18
201803,전라남도,순천시,31,19
201803,전라남도,순천시,32,22
201803,전라남도,순천시,33,17
201803,전라남도,순천시,34,27
201803,전라남도,순천시,35,17
201803,전라남도,순천시,36,30
201803,전라남도,순천시,37,40
201803,전라남도,순천시,38,21
201803,전라남도,순천시,39,35
201803,전라남도,순천시,40,41
201803,전라남도,순천시,41,46
201803,전라남도,순천시,42,75
201803,전라남도,순천시,43,67
201803,전라남도,순천시,44,70
201803,전라남도,순천시,45,93
201803,전라남도,순천시,46,69
201803,전라남도,순천시,47,97
201803,전라남도,순천시,48,93
201803,전라남도,순천시,49,101
201803,전라남도,순천시,50,90
201803,전라남도,순천시,51,123
201803,전라남도,순천시,52,123
201803,전라남도,순천시,53,104
201803,전라남도,순천시,54,118
201803,전라남도,순천시,55,115
201803,전라남도,순천시,56,116
201803,전라남도,순천시,57,124
201803,전라남도,순천시,58,133
201803,전라남도,순천시,59,124
201803,전라남도,순천시,60,123
201803,전라남도,순천시,61,100
201803,전라남도,순천시,62,97
201803,전라남도,순천시,63,111
201803,전라남도,순천시,64,76
201803,전라남도,순천시,65,87
201803,전라남도,순천시,66,101
201803,전라남도,순천시,67,84
201803,전라남도,순천시,68,81
201803,전라남도,순천시,69,95
201803,전라남도,순천시,70,106
201803,전라남도,순천시,71,72
201803,전라남도,순천시,72,52
201803,전라남도,순천시,73,72
201803,전라남도,순천시,74,62
201803,전라남도,순천시,75,70
201803,전라남도,순천시,76,81
201803,전라남도,순천시,77,59
201803,전라남도,순천시,78,83
201803,전라남도,순천시,79,77
201803,전라남도,순천시,80,71
201803,전라남도,순천시,81,56
201803,전라남도,순천시,82,74
201803,전라남도,순천시,83,61
201803,전라남도,순천시,84,50
201803,전라남도,순천시,85,49
201803,전라남도,순천시,86,43
201803,전라남도,순천시,87,49
201803,전라남도,순천시,88,45
201803,전라남도,순천시,89,33
201803,전라남도,순천시,90,30
201803,전라남도,순천시,91,19
201803,전라남도,순천시,92,19
201803,전라남도,순천시,93,5
201803,전라남도,순천시,94,12
201803,전라남도,순천시,95,13
201803,전라남도,순천시,96,5
201803,전라남도,순천시,97,6
201803,전라남도,순천시,99,1
201803,전라남도,순천시,100,3
201803,전라남도,순천시,101,1
201803,전라남도,순천시,104,1
201803,전라남도,나주시,0,7
201803,전라남도,나주시,1,12
201803,전라남도,나주시,2,17
201803,전라남도,나주시,3,8
201803,전라남도,나주시,4,17
201803,전라남도,나주시,5,18
201803,전라남도,나주시,6,15
201803,전라남도,나주시,7,34
201803,전라남도,나주시,8,35
201803,전라남도,나주시,9,49
201803,전라남도,나주시,10,71
201803,전라남도,나주시,11,49
201803,전라남도,나주시,12,69
201803,전라남도,나주시,13,66
201803,전라남도,나주시,14,88
201803,전라남도,나주시,15,89
201803,전라남도,나주시,16,101
201803,전라남도,나주시,17,117
201803,전라남도,나주시,18,67
201803,전라남도,나주시,19,38
201803,전라남도,나주시,20,33
201803,전라남도,나주시,21,33
201803,전라남도,나주시,22,28
201803,전라남도,나주시,23,22
201803,전라남도,나주시,24,19
201803,전라남도,나주시,25,16
201803,전라남도,나주시,26,14
201803,전라남도,나주시,27,13
201803,전라남도,나주시,28,13
201803,전라남도,나주시,29,13
201803,전라남도,나주시,30,10
201803,전라남도,나주시,31,9
201803,전라남도,나주시,32,11
201803,전라남도,나주시,33,9
201803,전라남도,나주시,34,10
201803,전라남도,나주시,35,23
201803,전라남도,나주시,36,15
201803,전라남도,나주시,37,28
201803,전라남도,나주시,38,22
201803,전라남도,나주시,39,18
201803,전라남도,나주시,40,24
201803,전라남도,나주시,41,36
201803,전라남도,나주시,42,33
201803,전라남도,나주시,43,40
201803,전라남도,나주시,44,34
201803,전라남도,나주시,45,41
201803,전라남도,나주시,46,52
201803,전라남도,나주시,47,31
201803,전라남도,나주시,48,64
201803,전라남도,나주시,49,50
201803,전라남도,나주시,50,60
201803,전라남도,나주시,51,62
201803,전라남도,나주시,52,91
201803,전라남도,나주시,53,86
201803,전라남도,나주시,54,78
201803,전라남도,나주시,55,78
201803,전라남도,나주시,56,64
201803,전라남도,나주시,57,89
201803,전라남도,나주시,58,79
201803,전라남도,나주시,59,57
201803,전라남도,나주시,60,73
201803,전라남도,나주시,61,58
201803,전라남도,나주시,62,60
201803,전라남도,나주시,63,66
201803,전라남도,나주시,64,61
201803,전라남도,나주시,65,49
201803,전라남도,나주시,66,40
201803,전라남도,나주시,67,52
201803,전라남도,나주시,68,70
201803,전라남도,나주시,69,47
201803,전라남도,나주시,70,67
201803,전라남도,나주시,71,65
201803,전라남도,나주시,72,52
201803,전라남도,나주시,73,70
201803,전라남도,나주시,74,57
201803,전라남도,나주시,75,77
201803,전라남도,나주시,76,64
201803,전라남도,나주시,77,54
201803,전라남도,나주시,78,62
201803,전라남도,나주시,79,65
201803,전라남도,나주시,80,58
201803,전라남도,나주시,81,53
201803,전라남도,나주시,82,48
201803,전라남도,나주시,83,50
201803,전라남도,나주시,84,41
201803,전라남도,나주시,85,33
201803,전라남도,나주시,86,35
201803,전라남도,나주시,87,28
201803,전라남도,나주시,88,38
201803,전라남도,나주시,89,16
201803,전라남도,나주시,90,14
201803,전라남도,나주시,91,21
201803,전라남도,나주시,92,10
201803,전라남도,나주시,93,6
201803,전라남도,나주시,94,6
201803,전라남도,나주시,95,6
201803,전라남도,나주시,96,4
201803,전라남도,나주시,97,3
201803,전라남도,나주시,98,2
201803,전라남도,나주시,99,1
201803,전라남도,나주시,100,2
201803,전라남도,광양시,0,6
201803,전라남도,광양시,1,10
201803,전라남도,광양시,2,14
201803,전라남도,광양시,3,14
201803,전라남도,광양시,4,21
201803,전라남도,광양시,5,24
201803,전라남도,광양시,6,16
201803,전라남도,광양시,7,43
201803,전라남도,광양시,8,45
201803,전라남도,광양시,9,44
201803,전라남도,광양시,10,61
201803,전라남도,광양시,11,75
201803,전라남도,광양시,12,55
201803,전라남도,광양시,13,68
201803,전라남도,광양시,14,77
201803,전라남도,광양시,15,84
201803,전라남도,광양시,16,88
201803,전라남도,광양시,17,114
201803,전라남도,광양시,18,72
201803,전라남도,광양시,19,43
201803,전라남도,광양시,20,45
201803,전라남도,광양시,21,41
201803,전라남도,광양시,22,26
201803,전라남도,광양시,23,14
201803,전라남도,광양시,24,23
201803,전라남도,광양시,25,16
201803,전라남도,광양시,26,8
201803,전라남도,광양시,27,4
201803,전라남도,광양시,28,7
201803,전라남도,광양시,29,9
201803,전라남도,광양시,30,9
201803,전라남도,광양시,31,13
201803,전라남도,광양시,32,8
201803,전라남도,광양시,33,13
201803,전라남도,광양시,34,17
201803,전라남도,광양시,35,16
201803,전라남도,광양시,36,25
201803,전라남도,광양시,37,28
201803,전라남도,광양시,38,30
201803,전라남도,광양시,39,22
201803,전라남도,광양시,40,31
201803,전라남도,광양시,41,25
201803,전라남도,광양시,42,33
201803,전라남도,광양시,43,34
201803,전라남도,광양시,44,32
201803,전라남도,광양시,45,44
201803,전라남도,광양시,46,45
201803,전라남도,광양시,47,41
201803,전라남도,광양시,48,49
201803,전라남도,광양시,49,56
201803,전라남도,광양시,50,51
201803,전라남도,광양시,51,43
201803,전라남도,광양시,52,51
201803,전라남도,광양시,53,48
201803,전라남도,광양시,54,48
201803,전라남도,광양시,55,52
201803,전라남도,광양시,56,53
201803,전라남도,광양시,57,55
201803,전라남도,광양시,58,67
201803,전라남도,광양시,59,41
201803,전라남도,광양시,60,42
201803,전라남도,광양시,61,46
201803,전라남도,광양시,62,42
201803,전라남도,광양시,63,51
201803,전라남도,광양시,64,39
201803,전라남도,광양시,65,42
201803,전라남도,광양시,66,40
201803,전라남도,광양시,67,33
201803,전라남도,광양시,68,38
201803,전라남도,광양시,69,37
201803,전라남도,광양시,70,45
201803,전라남도,광양시,71,33
201803,전라남도,광양시,72,41
201803,전라남도,광양시,73,33
201803,전라남도,광양시,74,32
201803,전라남도,광양시,75,41
201803,전라남도,광양시,76,40
201803,전라남도,광양시,77,25
201803,전라남도,광양시,78,31
201803,전라남도,광양시,79,34
201803,전라남도,광양시,80,41
201803,전라남도,광양시,81,35
201803,전라남도,광양시,82,41
201803,전라남도,광양시,83,23
201803,전라남도,광양시,84,29
201803,전라남도,광양시,85,25
201803,전라남도,광양시,86,15
201803,전라남도,광양시,87,17
201803,전라남도,광양시,88,16
201803,전라남도,광양시,89,14
201803,전라남도,광양시,90,12
201803,전라남도,광양시,91,8
201803,전라남도,광양시,92,10
201803,전라남도,광양시,93,5
201803,전라남도,광양시,94,4
201803,전라남도,광양시,95,1
201803,전라남도,광양시,96,1
201803,전라남도,광양시,97,1
201803,전라남도,담양군,1,3
201803,전라남도,담양군,2,1
201803,전라남도,담양군,3,5
201803,전라남도,담양군,4,3
201803,전라남도,담양군,5,7
201803,전라남도,담양군,6,6
201803,전라남도,담양군,7,18
201803,전라남도,담양군,8,15
201803,전라남도,담양군,9,17
201803,전라남도,담양군,10,22
201803,전라남도,담양군,11,20
201803,전라남도,담양군,12,25
201803,전라남도,담양군,13,23
201803,전라남도,담양군,14,23
201803,전라남도,담양군,15,26
201803,전라남도,담양군,16,33
201803,전라남도,담양군,17,49
201803,전라남도,담양군,18,30
201803,전라남도,담양군,19,29
201803,전라남도,담양군,20,21
201803,전라남도,담양군,21,25
201803,전라남도,담양군,22,17
201803,전라남도,담양군,23,15
201803,전라남도,담양군,24,6
201803,전라남도,담양군,25,9
201803,전라남도,담양군,26,4
201803,전라남도,담양군,27,3
201803,전라남도,담양군,28,2
201803,전라남도,담양군,29,5
201803,전라남도,담양군,30,4
201803,전라남도,담양군,31,10
201803,전라남도,담양군,32,3
201803,전라남도,담양군,33,6
201803,전라남도,담양군,34,10
201803,전라남도,담양군,35,6
201803,전라남도,담양군,36,8
201803,전라남도,담양군,37,4
201803,전라남도,담양군,38,6
201803,전라남도,담양군,39,9
201803,전라남도,담양군,40,13
201803,전라남도,담양군,41,11
201803,전라남도,담양군,42,23
201803,전라남도,담양군,43,16
201803,전라남도,담양군,44,16
201803,전라남도,담양군,45,25
201803,전라남도,담양군,46,27
201803,전라남도,담양군,47,26
201803,전라남도,담양군,48,23
201803,전라남도,담양군,49,24
201803,전라남도,담양군,50,17
201803,전라남도,담양군,51,27
201803,전라남도,담양군,52,33
201803,전라남도,담양군,53,15
201803,전라남도,담양군,54,31
201803,전라남도,담양군,55,26
201803,전라남도,담양군,56,37
201803,전라남도,담양군,57,35
201803,전라남도,담양군,58,32
201803,전라남도,담양군,59,33
201803,전라남도,담양군,60,24
201803,전라남도,담양군,61,22
201803,전라남도,담양군,62,28
201803,전라남도,담양군,63,30
201803,전라남도,담양군,64,23
201803,전라남도,담양군,65,25
201803,전라남도,담양군,66,25
201803,전라남도,담양군,67,17
201803,전라남도,담양군,68,25
201803,전라남도,담양군,69,29
201803,전라남도,담양군,70,21
201803,전라남도,담양군,71,26
201803,전라남도,담양군,72,20
201803,전라남도,담양군,73,24
201803,전라남도,담양군,74,18
201803,전라남도,담양군,75,32
201803,전라남도,담양군,76,45
201803,전라남도,담양군,77,21
201803,전라남도,담양군,78,30
201803,전라남도,담양군,79,36
201803,전라남도,담양군,80,27
201803,전라남도,담양군,81,23
201803,전라남도,담양군,82,28
201803,전라남도,담양군,83,15
201803,전라남도,담양군,84,19
201803,전라남도,담양군,85,27
201803,전라남도,담양군,86,18
201803,전라남도,담양군,87,15
201803,전라남도,담양군,88,20
201803,전라남도,담양군,89,11
201803,전라남도,담양군,90,9
201803,전라남도,담양군,91,4
201803,전라남도,담양군,92,7
201803,전라남도,담양군,93,2
201803,전라남도,담양군,94,4
201803,전라남도,담양군,95,7
201803,전라남도,담양군,96,1
201803,전라남도,담양군,97,3
201803,전라남도,담양군,98,1
201803,전라남도,담양군,101,2
201803,전라남도,곡성군,0,3
201803,전라남도,곡성군,1,1
201803,전라남도,곡성군,3,4
201803,전라남도,곡성군,4,4
201803,전라남도,곡성군,5,3
201803,전라남도,곡성군,6,2
201803,전라남도,곡성군,7,4
201803,전라남도,곡성군,8,11
201803,전라남도,곡성군,9,13
201803,전라남도,곡성군,10,12
201803,전라남도,곡성군,11,16
201803,전라남도,곡성군,12,19
201803,전라남도,곡성군,13,19
201803,전라남도,곡성군,14,20
201803,전라남도,곡성군,15,22
201803,전라남도,곡성군,16,28
201803,전라남도,곡성군,17,34
201803,전라남도,곡성군,18,16
201803,전라남도,곡성군,19,18
201803,전라남도,곡성군,20,21
201803,전라남도,곡성군,21,12
201803,전라남도,곡성군,22,10
201803,전라남도,곡성군,23,8
201803,전라남도,곡성군,24,3
201803,전라남도,곡성군,25,2
201803,전라남도,곡성군,27,2
201803,전라남도,곡성군,28,2
201803,전라남도,곡성군,29,3
201803,전라남도,곡성군,30,3
201803,전라남도,곡성군,31,1
201803,전라남도,곡성군,32,2
201803,전라남도,곡성군,33,2
201803,전라남도,곡성군,34,2
201803,전라남도,곡성군,35,8
201803,전라남도,곡성군,36,8
201803,전라남도,곡성군,37,6
201803,전라남도,곡성군,38,4
201803,전라남도,곡성군,39,5
201803,전라남도,곡성군,40,8
201803,전라남도,곡성군,41,5
201803,전라남도,곡성군,42,13
201803,전라남도,곡성군,43,16
201803,전라남도,곡성군,44,15
201803,전라남도,곡성군,45,17
201803,전라남도,곡성군,46,18
201803,전라남도,곡성군,47,10
201803,전라남도,곡성군,48,19
201803,전라남도,곡성군,49,15
201803,전라남도,곡성군,50,18
201803,전라남도,곡성군,51,28
201803,전라남도,곡성군,52,29
201803,전라남도,곡성군,53,25
201803,전라남도,곡성군,54,28
201803,전라남도,곡성군,55,15
201803,전라남도,곡성군,56,24
201803,전라남도,곡성군,57,27
201803,전라남도,곡성군,58,25
201803,전라남도,곡성군,59,32
201803,전라남도,곡성군,60,16
201803,전라남도,곡성군,61,19
201803,전라남도,곡성군,62,25
201803,전라남도,곡성군,63,19
201803,전라남도,곡성군,64,14
201803,전라남도,곡성군,65,19
201803,전라남도,곡성군,66,18
201803,전라남도,곡성군,67,17
201803,전라남도,곡성군,68,17
201803,전라남도,곡성군,69,20
201803,전라남도,곡성군,70,14
201803,전라남도,곡성군,71,27
201803,전라남도,곡성군,72,19
201803,전라남도,곡성군,73,19
201803,전라남도,곡성군,74,19
201803,전라남도,곡성군,75,26
201803,전라남도,곡성군,76,27
201803,전라남도,곡성군,77,18
201803,전라남도,곡성군,78,22
201803,전라남도,곡성군,79,28
201803,전라남도,곡성군,80,26
201803,전라남도,곡성군,81,22
201803,전라남도,곡성군,82,28
201803,전라남도,곡성군,83,22
201803,전라남도,곡성군,84,23
201803,전라남도,곡성군,85,17
201803,전라남도,곡성군,86,15
201803,전라남도,곡성군,87,13
201803,전라남도,곡성군,88,14
201803,전라남도,곡성군,89,15
201803,전라남도,곡성군,90,13
201803,전라남도,곡성군,91,9
201803,전라남도,곡성군,92,9
201803,전라남도,곡성군,93,6
201803,전라남도,곡성군,94,3
201803,전라남도,곡성군,95,7
201803,전라남도,곡성군,96,1
201803,전라남도,곡성군,97,1
201803,전라남도,곡성군,98,1
201803,전라남도,곡성군,102,1
201803,전라남도,구례군,2,3
201803,전라남도,구례군,3,1
201803,전라남도,구례군,4,3
201803,전라남도,구례군,5,5
201803,전라남도,구례군,6,4
201803,전라남도,구례군,7,7
201803,전라남도,구례군,8,9
201803,전라남도,구례군,9,15
201803,전라남도,구례군,10,16
201803,전라남도,구례군,11,16
201803,전라남도,구례군,12,18
201803,전라남도,구례군,13,24
201803,전라남도,구례군,14,17
201803,전라남도,구례군,15,23
201803,전라남도,구례군,16,31
201803,전라남도,구례군,17,25
201803,전라남도,구례군,18,23
201803,전라남도,구례군,19,11
201803,전라남도,구례군,20,9
201803,전라남도,구례군,21,6
201803,전라남도,구례군,22,7
201803,전라남도,구례군,23,6
201803,전라남도,구례군,24,3
201803,전라남도,구례군,25,2
201803,전라남도,구례군,26,2
201803,전라남도,구례군,27,2
201803,전라남도,구례군,28,1
201803,전라남도,구례군,30,1
201803,전라남도,구례군,31,1
201803,전라남도,구례군,32,2
201803,전라남도,구례군,33,1
201803,전라남도,구례군,34,3
201803,전라남도,구례군,35,5
201803,전라남도,구례군,36,4
201803,전라남도,구례군,37,5
201803,전라남도,구례군,38,6
201803,전라남도,구례군,39,8
201803,전라남도,구례군,40,15
201803,전라남도,구례군,41,11
201803,전라남도,구례군,42,9
201803,전라남도,구례군,43,13
201803,전라남도,구례군,44,14
201803,전라남도,구례군,45,13
201803,전라남도,구례군,46,16
201803,전라남도,구례군,47,17
201803,전라남도,구례군,48,20
201803,전라남도,구례군,49,25
201803,전라남도,구례군,50,10
201803,전라남도,구례군,51,23
201803,전라남도,구례군,52,16
201803,전라남도,구례군,53,23
201803,전라남도,구례군,54,16
201803,전라남도,구례군,55,17
201803,전라남도,구례군,56,24
201803,전라남도,구례군,57,23
201803,전라남도,구례군,58,20
201803,전라남도,구례군,59,29
201803,전라남도,구례군,60,19
201803,전라남도,구례군,61,18
201803,전라남도,구례군,62,17
201803,전라남도,구례군,63,27
201803,전라남도,구례군,64,18
201803,전라남도,구례군,65,26
201803,전라남도,구례군,66,12
201803,전라남도,구례군,67,17
201803,전라남도,구례군,68,17
201803,전라남도,구례군,69,17
201803,전라남도,구례군,70,19
201803,전라남도,구례군,71,22
201803,전라남도,구례군,72,21
201803,전라남도,구례군,73,20
201803,전라남도,구례군,74,23
201803,전라남도,구례군,75,26
201803,전라남도,구례군,76,24
201803,전라남도,구례군,77,20
201803,전라남도,구례군,78,19
201803,전라남도,구례군,79,19
201803,전라남도,구례군,80,27
201803,전라남도,구례군,81,17
201803,전라남도,구례군,82,15
201803,전라남도,구례군,83,22
201803,전라남도,구례군,84,14
201803,전라남도,구례군,85,7
201803,전라남도,구례군,86,16
201803,전라남도,구례군,87,11
201803,전라남도,구례군,88,10
201803,전라남도,구례군,89,6
201803,전라남도,구례군,90,9
201803,전라남도,구례군,91,6
201803,전라남도,구례군,92,5
201803,전라남도,구례군,93,3
201803,전라남도,구례군,94,3
201803,전라남도,구례군,95,6
201803,전라남도,구례군,96,2
201803,전라남도,구례군,97,1
201803,전라남도,구례군,98,2
201803,전라남도,구례군,99,1
201803,전라남도,구례군,102,1
201803,전라남도,고흥군,1,7
201803,전라남도,고흥군,2,5
201803,전라남도,고흥군,3,4
201803,전라남도,고흥군,4,9
201803,전라남도,고흥군,5,8
201803,전라남도,고흥군,6,11
201803,전라남도,고흥군,7,12
201803,전라남도,고흥군,8,26
201803,전라남도,고흥군,9,31
201803,전라남도,고흥군,10,36
201803,전라남도,고흥군,11,35
201803,전라남도,고흥군,12,34
201803,전라남도,고흥군,13,40
201803,전라남도,고흥군,14,42
201803,전라남도,고흥군,15,60
201803,전라남도,고흥군,16,66
201803,전라남도,고흥군,17,72
201803,전라남도,고흥군,18,56
201803,전라남도,고흥군,19,27
201803,전라남도,고흥군,20,23
201803,전라남도,고흥군,21,31
201803,전라남도,고흥군,22,18
201803,전라남도,고흥군,23,11
201803,전라남도,고흥군,24,4
201803,전라남도,고흥군,25,4
201803,전라남도,고흥군,26,5
201803,전라남도,고흥군,27,5
201803,전라남도,고흥군,28,3
201803,전라남도,고흥군,29,5
201803,전라남도,고흥군,30,8
201803,전라남도,고흥군,31,4
201803,전라남도,고흥군,32,8
201803,전라남도,고흥군,33,9
201803,전라남도,고흥군,34,9
201803,전라남도,고흥군,35,18
201803,전라남도,고흥군,36,14
201803,전라남도,고흥군,37,7
201803,전라남도,고흥군,38,12
201803,전라남도,고흥군,39,22
201803,전라남도,고흥군,40,19
201803,전라남도,고흥군,41,22
201803,전라남도,고흥군,42,21
201803,전라남도,고흥군,43,37
201803,전라남도,고흥군,44,33
201803,전라남도,고흥군,45,30
201803,전라남도,고흥군,46,34
201803,전라남도,고흥군,47,31
201803,전라남도,고흥군,48,45
201803,전라남도,고흥군,49,48
201803,전라남도,고흥군,50,51
201803,전라남도,고흥군,51,48
201803,전라남도,고흥군,52,45
201803,전라남도,고흥군,53,51
201803,전라남도,고흥군,54,45
201803,전라남도,고흥군,55,69
201803,전라남도,고흥군,56,74
201803,전라남도,고흥군,57,75
201803,전라남도,고흥군,58,73
201803,전라남도,고흥군,59,63
201803,전라남도,고흥군,60,59
201803,전라남도,고흥군,61,49
201803,전라남도,고흥군,62,49
201803,전라남도,고흥군,63,62
201803,전라남도,고흥군,64,40
201803,전라남도,고흥군,65,54
201803,전라남도,고흥군,66,55
201803,전라남도,고흥군,67,65
201803,전라남도,고흥군,68,52
201803,전라남도,고흥군,69,56
201803,전라남도,고흥군,70,72
201803,전라남도,고흥군,71,54
201803,전라남도,고흥군,72,49
201803,전라남도,고흥군,73,57
201803,전라남도,고흥군,74,52
201803,전라남도,고흥군,75,93
201803,전라남도,고흥군,76,67
201803,전라남도,고흥군,77,68
201803,전라남도,고흥군,78,72
201803,전라남도,고흥군,79,73
201803,전라남도,고흥군,80,74
201803,전라남도,고흥군,81,89
201803,전라남도,고흥군,82,53
201803,전라남도,고흥군,83,69
201803,전라남도,고흥군,84,57
201803,전라남도,고흥군,85,60
201803,전라남도,고흥군,86,51
201803,전라남도,고흥군,87,47
201803,전라남도,고흥군,88,46
201803,전라남도,고흥군,89,24
201803,전라남도,고흥군,90,21
201803,전라남도,고흥군,91,18
201803,전라남도,고흥군,92,16
201803,전라남도,고흥군,93,10
201803,전라남도,고흥군,94,14
201803,전라남도,고흥군,95,10
201803,전라남도,고흥군,96,6
201803,전라남도,고흥군,97,5
201803,전라남도,고흥군,98,6
201803,전라남도,고흥군,99,2
201803,전라남도,고흥군,100,1
201803,전라남도,고흥군,101,2
201803,전라남도,고흥군,102,2
201803,전라남도,고흥군,104,1
201803,전라남도,보성군,1,3
201803,전라남도,보성군,2,5
201803,전라남도,보성군,3,6
201803,전라남도,보성군,4,8
201803,전라남도,보성군,5,8
201803,전라남도,보성군,6,11
201803,전라남도,보성군,7,14
201803,전라남도,보성군,8,14
201803,전라남도,보성군,9,19
201803,전라남도,보성군,10,29
201803,전라남도,보성군,11,28
201803,전라남도,보성군,12,23
201803,전라남도,보성군,13,26
201803,전라남도,보성군,14,31
201803,전라남도,보성군,15,51
201803,전라남도,보성군,16,42
201803,전라남도,보성군,17,71
201803,전라남도,보성군,18,46
201803,전라남도,보성군,19,23
201803,전라남도,보성군,20,29
201803,전라남도,보성군,21,17
201803,전라남도,보성군,22,11
201803,전라남도,보성군,23,8
201803,전라남도,보성군,24,7
201803,전라남도,보성군,25,8
201803,전라남도,보성군,26,4
201803,전라남도,보성군,27,3
201803,전라남도,보성군,28,6
201803,전라남도,보성군,29,3
201803,전라남도,보성군,30,4
201803,전라남도,보성군,31,2
201803,전라남도,보성군,32,6
201803,전라남도,보성군,33,4
201803,전라남도,보성군,34,5
201803,전라남도,보성군,35,12
201803,전라남도,보성군,36,10
201803,전라남도,보성군,37,15
201803,전라남도,보성군,38,11
201803,전라남도,보성군,39,11
201803,전라남도,보성군,40,21
201803,전라남도,보성군,41,16
201803,전라남도,보성군,42,31
201803,전라남도,보성군,43,17
201803,전라남도,보성군,44,23
201803,전라남도,보성군,45,22
201803,전라남도,보성군,46,26
201803,전라남도,보성군,47,29
201803,전라남도,보성군,48,38
201803,전라남도,보성군,49,30
201803,전라남도,보성군,50,31
201803,전라남도,보성군,51,31
201803,전라남도,보성군,52,39
201803,전라남도,보성군,53,43
201803,전라남도,보성군,54,36
201803,전라남도,보성군,55,46
201803,전라남도,보성군,56,32
201803,전라남도,보성군,57,40
201803,전라남도,보성군,58,55
201803,전라남도,보성군,59,46
201803,전라남도,보성군,60,33
201803,전라남도,보성군,61,37
201803,전라남도,보성군,62,37
201803,전라남도,보성군,63,48
201803,전라남도,보성군,64,30
201803,전라남도,보성군,65,35
201803,전라남도,보성군,66,24
201803,전라남도,보성군,67,25
201803,전라남도,보성군,68,30
201803,전라남도,보성군,69,34
201803,전라남도,보성군,70,23
201803,전라남도,보성군,71,23
201803,전라남도,보성군,72,27
201803,전라남도,보성군,73,39
201803,전라남도,보성군,74,23
201803,전라남도,보성군,75,38
201803,전라남도,보성군,76,34
201803,전라남도,보성군,77,31
201803,전라남도,보성군,78,34
201803,전라남도,보성군,79,42
201803,전라남도,보성군,80,33
201803,전라남도,보성군,81,39
201803,전라남도,보성군,82,30
201803,전라남도,보성군,83,20
201803,전라남도,보성군,84,26
201803,전라남도,보성군,85,29
201803,전라남도,보성군,86,22
201803,전라남도,보성군,87,16
201803,전라남도,보성군,88,25
201803,전라남도,보성군,89,16
201803,전라남도,보성군,90,14
201803,전라남도,보성군,91,8
201803,전라남도,보성군,92,16
201803,전라남도,보성군,93,2
201803,전라남도,보성군,94,4
201803,전라남도,보성군,95,5
201803,전라남도,보성군,97,2
201803,전라남도,보성군,99,4
201803,전라남도,보성군,101,2
201803,전라남도,화순군,0,5
201803,전라남도,화순군,1,6
201803,전라남도,화순군,2,7
201803,전라남도,화순군,3,3
201803,전라남도,화순군,4,6
201803,전라남도,화순군,5,7
201803,전라남도,화순군,6,15
201803,전라남도,화순군,7,11
201803,전라남도,화순군,8,25
201803,전라남도,화순군,9,26
201803,전라남도,화순군,10,29
201803,전라남도,화순군,11,32
201803,전라남도,화순군,12,36
201803,전라남도,화순군,13,37
201803,전라남도,화순군,14,44
201803,전라남도,화순군,15,49
201803,전라남도,화순군,16,65
201803,전라남도,화순군,17,74
201803,전라남도,화순군,18,61
201803,전라남도,화순군,19,48
201803,전라남도,화순군,20,31
201803,전라남도,화순군,21,29
201803,전라남도,화순군,22,18
201803,전라남도,화순군,23,23
201803,전라남도,화순군,24,13
201803,전라남도,화순군,25,12
201803,전라남도,화순군,26,5
201803,전라남도,화순군,27,6
201803,전라남도,화순군,28,7
201803,전라남도,화순군,29,8
201803,전라남도,화순군,30,7
201803,전라남도,화순군,31,5
201803,전라남도,화순군,32,5
201803,전라남도,화순군,33,6
201803,전라남도,화순군,34,13
201803,전라남도,화순군,35,14
201803,전라남도,화순군,36,9
201803,전라남도,화순군,37,16
201803,전라남도,화순군,38,12
201803,전라남도,화순군,39,17
201803,전라남도,화순군,40,16
201803,전라남도,화순군,41,29
201803,전라남도,화순군,42,25
201803,전라남도,화순군,43,22
201803,전라남도,화순군,44,35
201803,전라남도,화순군,45,33
201803,전라남도,화순군,46,36
201803,전라남도,화순군,47,46
201803,전라남도,화순군,48,45
201803,전라남도,화순군,49,50
201803,전라남도,화순군,50,40
201803,전라남도,화순군,51,46
201803,전라남도,화순군,52,59
201803,전라남도,화순군,53,48
201803,전라남도,화순군,54,50
201803,전라남도,화순군,55,40
201803,전라남도,화순군,56,51
201803,전라남도,화순군,57,54
201803,전라남도,화순군,58,46
201803,전라남도,화순군,59,37
201803,전라남도,화순군,60,38
201803,전라남도,화순군,61,25
201803,전라남도,화순군,62,33
201803,전라남도,화순군,63,34
201803,전라남도,화순군,64,26
201803,전라남도,화순군,65,30
201803,전라남도,화순군,66,35
201803,전라남도,화순군,67,25
201803,전라남도,화순군,68,29
201803,전라남도,화순군,69,30
201803,전라남도,화순군,70,33
201803,전라남도,화순군,71,30
201803,전라남도,화순군,72,32
201803,전라남도,화순군,73,34
201803,전라남도,화순군,74,33
201803,전라남도,화순군,75,38
201803,전라남도,화순군,76,39
201803,전라남도,화순군,77,37
201803,전라남도,화순군,78,47
201803,전라남도,화순군,79,26
201803,전라남도,화순군,80,26
201803,전라남도,화순군,81,35
201803,전라남도,화순군,82,31
201803,전라남도,화순군,83,28
201803,전라남도,화순군,84,27
201803,전라남도,화순군,85,35
201803,전라남도,화순군,86,25
201803,전라남도,화순군,87,17
201803,전라남도,화순군,88,19
201803,전라남도,화순군,89,12
201803,전라남도,화순군,90,7
201803,전라남도,화순군,91,10
201803,전라남도,화순군,92,5
201803,전라남도,화순군,93,1
201803,전라남도,화순군,94,10
201803,전라남도,화순군,95,4
201803,전라남도,화순군,96,3
201803,전라남도,장흥군,0,3
201803,전라남도,장흥군,1,9
201803,전라남도,장흥군,2,9
201803,전라남도,장흥군,3,8
201803,전라남도,장흥군,4,10
201803,전라남도,장흥군,5,12
201803,전라남도,장흥군,6,16
201803,전라남도,장흥군,7,20
201803,전라남도,장흥군,8,20
201803,전라남도,장흥군,9,24
201803,전라남도,장흥군,10,28
201803,전라남도,장흥군,11,42
201803,전라남도,장흥군,12,25
201803,전라남도,장흥군,13,32
201803,전라남도,장흥군,14,44
201803,전라남도,장흥군,15,53
201803,전라남도,장흥군,16,59
201803,전라남도,장흥군,17,63
201803,전라남도,장흥군,18,50
201803,전라남도,장흥군,19,31
201803,전라남도,장흥군,20,25
201803,전라남도,장흥군,21,19
201803,전라남도,장흥군,22,8
201803,전라남도,장흥군,23,14
201803,전라남도,장흥군,24,7
201803,전라남도,장흥군,25,7
201803,전라남도,장흥군,26,6
201803,전라남도,장흥군,27,4
201803,전라남도,장흥군,28,9
201803,전라남도,장흥군,29,7
201803,전라남도,장흥군,30,4
201803,전라남도,장흥군,31,4
201803,전라남도,장흥군,32,9
201803,전라남도,장흥군,33,10
201803,전라남도,장흥군,34,5
201803,전라남도,장흥군,35,10
201803,전라남도,장흥군,36,9
201803,전라남도,장흥군,37,12
201803,전라남도,장흥군,38,17
201803,전라남도,장흥군,39,14
201803,전라남도,장흥군,40,15
201803,전라남도,장흥군,41,19
201803,전라남도,장흥군,42,19
201803,전라남도,장흥군,43,13
201803,전라남도,장흥군,44,21
201803,전라남도,장흥군,45,20
201803,전라남도,장흥군,46,30
201803,전라남도,장흥군,47,36
201803,전라남도,장흥군,48,41
201803,전라남도,장흥군,49,44
201803,전라남도,장흥군,50,31
201803,전라남도,장흥군,51,35
201803,전라남도,장흥군,52,41
201803,전라남도,장흥군,53,51
201803,전라남도,장흥군,54,32
201803,전라남도,장흥군,55,38
201803,전라남도,장흥군,56,47
201803,전라남도,장흥군,57,53
201803,전라남도,장흥군,58,45
201803,전라남도,장흥군,59,39
201803,전라남도,장흥군,60,38
201803,전라남도,장흥군,61,35
201803,전라남도,장흥군,62,29
201803,전라남도,장흥군,63,32
201803,전라남도,장흥군,64,25
201803,전라남도,장흥군,65,26
201803,전라남도,장흥군,66,30
201803,전라남도,장흥군,67,34
201803,전라남도,장흥군,68,37
201803,전라남도,장흥군,69,44
201803,전라남도,장흥군,70,39
201803,전라남도,장흥군,71,31
201803,전라남도,장흥군,72,28
201803,전라남도,장흥군,73,30
201803,전라남도,장흥군,74,24
201803,전라남도,장흥군,75,46
201803,전라남도,장흥군,76,40
201803,전라남도,장흥군,77,40
201803,전라남도,장흥군,78,33
201803,전라남도,장흥군,79,37
201803,전라남도,장흥군,80,37
201803,전라남도,장흥군,81,35
201803,전라남도,장흥군,82,31
201803,전라남도,장흥군,83,25
201803,전라남도,장흥군,84,29
201803,전라남도,장흥군,85,18
201803,전라남도,장흥군,86,18
201803,전라남도,장흥군,87,17
201803,전라남도,장흥군,88,18
201803,전라남도,장흥군,89,16
201803,전라남도,장흥군,90,12
201803,전라남도,장흥군,91,7
201803,전라남도,장흥군,92,10
201803,전라남도,장흥군,93,2
201803,전라남도,장흥군,94,8
201803,전라남도,장흥군,95,3
201803,전라남도,장흥군,96,3
201803,전라남도,장흥군,97,1
201803,전라남도,장흥군,100,2
201803,전라남도,장흥군,103,1
201803,전라남도,장흥군,105,1
201803,전라남도,강진군,0,6
201803,전라남도,강진군,1,4
201803,전라남도,강진군,2,8
201803,전라남도,강진군,3,1
201803,전라남도,강진군,4,10
201803,전라남도,강진군,5,12
201803,전라남도,강진군,6,9
201803,전라남도,강진군,7,20
201803,전라남도,강진군,8,16
201803,전라남도,강진군,9,23
201803,전라남도,강진군,10,20
201803,전라남도,강진군,11,28
201803,전라남도,강진군,12,35
201803,전라남도,강진군,13,33
201803,전라남도,강진군,14,38
201803,전라남도,강진군,15,26
201803,전라남도,강진군,16,46
201803,전라남도,강진군,17,48
201803,전라남도,강진군,18,34
201803,전라남도,강진군,19,13
201803,전라남도,강진군,20,20
201803,전라남도,강진군,21,19
201803,전라남도,강진군,22,20
201803,전라남도,강진군,23,8
201803,전라남도,강진군,24,8
201803,전라남도,강진군,25,7
201803,전라남도,강진군,26,6
201803,전라남도,강진군,27,3
201803,전라남도,강진군,28,1
201803,전라남도,강진군,29,4
201803,전라남도,강진군,30,7
201803,전라남도,강진군,31,7
201803,전라남도,강진군,32,5
201803,전라남도,강진군,33,10
201803,전라남도,강진군,34,8
201803,전라남도,강진군,35,10
201803,전라남도,강진군,36,7
201803,전라남도,강진군,37,10
201803,전라남도,강진군,38,13
201803,전라남도,강진군,39,8
201803,전라남도,강진군,40,12
201803,전라남도,강진군,41,12
201803,전라남도,강진군,42,17
201803,전라남도,강진군,43,22
201803,전라남도,강진군,44,22
201803,전라남도,강진군,45,22
201803,전라남도,강진군,46,23
201803,전라남도,강진군,47,20
201803,전라남도,강진군,48,14
201803,전라남도,강진군,49,22
201803,전라남도,강진군,50,41
201803,전라남도,강진군,51,28
201803,전라남도,강진군,52,30
201803,전라남도,강진군,53,33
201803,전라남도,강진군,54,33
201803,전라남도,강진군,55,31
201803,전라남도,강진군,56,36
201803,전라남도,강진군,57,45
201803,전라남도,강진군,58,44
201803,전라남도,강진군,59,44
201803,전라남도,강진군,60,26
201803,전라남도,강진군,61,29
201803,전라남도,강진군,62,22
201803,전라남도,강진군,63,27
201803,전라남도,강진군,64,20
201803,전라남도,강진군,65,24
201803,전라남도,강진군,66,26
201803,전라남도,강진군,67,24
201803,전라남도,강진군,68,27
201803,전라남도,강진군,69,22
201803,전라남도,강진군,70,26
201803,전라남도,강진군,71,30
201803,전라남도,강진군,72,33
201803,전라남도,강진군,73,34
201803,전라남도,강진군,74,21
201803,전라남도,강진군,75,39
201803,전라남도,강진군,76,25
201803,전라남도,강진군,77,30
201803,전라남도,강진군,78,27
201803,전라남도,강진군,79,32
201803,전라남도,강진군,80,40
201803,전라남도,강진군,81,23
201803,전라남도,강진군,82,21
201803,전라남도,강진군,83,21
201803,전라남도,강진군,84,27
201803,전라남도,강진군,85,13
201803,전라남도,강진군,86,18
201803,전라남도,강진군,87,14
201803,전라남도,강진군,88,15
201803,전라남도,강진군,89,5
201803,전라남도,강진군,90,7
201803,전라남도,강진군,91,6
201803,전라남도,강진군,92,5
201803,전라남도,강진군,94,3
201803,전라남도,강진군,95,1
201803,전라남도,강진군,96,2
201803,전라남도,강진군,98,1
201803,전라남도,강진군,99,1
201803,전라남도,강진군,107,1
201803,전라남도,해남군,0,1
201803,전라남도,해남군,1,5
201803,전라남도,해남군,2,7
201803,전라남도,해남군,3,4
201803,전라남도,해남군,4,6
201803,전라남도,해남군,5,11
201803,전라남도,해남군,6,12
201803,전라남도,해남군,7,24
201803,전라남도,해남군,8,26
201803,전라남도,해남군,9,37
201803,전라남도,해남군,10,40
201803,전라남도,해남군,11,29
201803,전라남도,해남군,12,32
201803,전라남도,해남군,13,55
201803,전라남도,해남군,14,59
201803,전라남도,해남군,15,50
201803,전라남도,해남군,16,69
201803,전라남도,해남군,17,83
201803,전라남도,해남군,18,50
201803,전라남도,해남군,19,33
201803,전라남도,해남군,20,25
201803,전라남도,해남군,21,22
201803,전라남도,해남군,22,19
201803,전라남도,해남군,23,6
201803,전라남도,해남군,24,13
201803,전라남도,해남군,25,5
201803,전라남도,해남군,26,9
201803,전라남도,해남군,27,5
201803,전라남도,해남군,28,3
201803,전라남도,해남군,29,6
201803,전라남도,해남군,30,12
201803,전라남도,해남군,31,10
201803,전라남도,해남군,32,15
201803,전라남도,해남군,33,7
201803,전라남도,해남군,34,6
201803,전라남도,해남군,35,17
201803,전라남도,해남군,36,19
201803,전라남도,해남군,37,10
201803,전라남도,해남군,38,17
201803,전라남도,해남군,39,19
201803,전라남도,해남군,40,18
201803,전라남도,해남군,41,24
201803,전라남도,해남군,42,23
201803,전라남도,해남군,43,16
201803,전라남도,해남군,44,33
201803,전라남도,해남군,45,31
201803,전라남도,해남군,46,35
201803,전라남도,해남군,47,43
201803,전라남도,해남군,48,34
201803,전라남도,해남군,49,43
201803,전라남도,해남군,50,33
201803,전라남도,해남군,51,52
201803,전라남도,해남군,52,51
201803,전라남도,해남군,53,63
201803,전라남도,해남군,54,45
201803,전라남도,해남군,55,56
201803,전라남도,해남군,56,65
201803,전라남도,해남군,57,73
201803,전라남도,해남군,58,79
201803,전라남도,해남군,59,48
201803,전라남도,해남군,60,54
201803,전라남도,해남군,61,52
201803,전라남도,해남군,62,48
201803,전라남도,해남군,63,42
201803,전라남도,해남군,64,30
201803,전라남도,해남군,65,40
201803,전라남도,해남군,66,49
201803,전라남도,해남군,67,49
201803,전라남도,해남군,68,48
201803,전라남도,해남군,69,48
201803,전라남도,해남군,70,59
201803,전라남도,해남군,71,44
201803,전라남도,해남군,72,38
201803,전라남도,해남군,73,53
201803,전라남도,해남군,74,39
201803,전라남도,해남군,75,60
201803,전라남도,해남군,76,60
201803,전라남도,해남군,77,71
201803,전라남도,해남군,78,56
201803,전라남도,해남군,79,48
201803,전라남도,해남군,80,59
201803,전라남도,해남군,81,39
201803,전라남도,해남군,82,39
201803,전라남도,해남군,83,50
201803,전라남도,해남군,84,34
201803,전라남도,해남군,85,19
201803,전라남도,해남군,86,29
201803,전라남도,해남군,87,21
201803,전라남도,해남군,88,28
201803,전라남도,해남군,89,18
201803,전라남도,해남군,90,10
201803,전라남도,해남군,91,15
201803,전라남도,해남군,92,4
201803,전라남도,해남군,93,7
201803,전라남도,해남군,94,8
201803,전라남도,해남군,95,5
201803,전라남도,해남군,96,5
201803,전라남도,해남군,97,2
201803,전라남도,해남군,98,2
201803,전라남도,해남군,99,1
201803,전라남도,해남군,101,1
201803,전라남도,해남군,103,1
201803,전라남도,영암군,0,1
201803,전라남도,영암군,1,3
201803,전라남도,영암군,2,4
201803,전라남도,영암군,3,4
201803,전라남도,영암군,4,7
201803,전라남도,영암군,5,5
201803,전라남도,영암군,6,6
201803,전라남도,영암군,7,22
201803,전라남도,영암군,8,16
201803,전라남도,영암군,9,27
201803,전라남도,영암군,10,29
201803,전라남도,영암군,11,42
201803,전라남도,영암군,12,19
201803,전라남도,영암군,13,31
201803,전라남도,영암군,14,46
201803,전라남도,영암군,15,42
201803,전라남도,영암군,16,49
201803,전라남도,영암군,17,60
201803,전라남도,영암군,18,36
201803,전라남도,영암군,19,22
201803,전라남도,영암군,20,19
201803,전라남도,영암군,21,22
201803,전라남도,영암군,22,15
201803,전라남도,영암군,23,12
201803,전라남도,영암군,24,4
201803,전라남도,영암군,25,8
201803,전라남도,영암군,26,8
201803,전라남도,영암군,27,6
201803,전라남도,영암군,28,5
201803,전라남도,영암군,29,4
201803,전라남도,영암군,30,6
201803,전라남도,영암군,31,7
201803,전라남도,영암군,32,3
201803,전라남도,영암군,33,7
201803,전라남도,영암군,34,5
201803,전라남도,영암군,35,7
201803,전라남도,영암군,36,7
201803,전라남도,영암군,37,7
201803,전라남도,영암군,38,10
201803,전라남도,영암군,39,14
201803,전라남도,영암군,40,14
201803,전라남도,영암군,41,14
201803,전라남도,영암군,42,13
201803,전라남도,영암군,43,15
201803,전라남도,영암군,44,16
201803,전라남도,영암군,45,18
201803,전라남도,영암군,46,37
201803,전라남도,영암군,47,23
201803,전라남도,영암군,48,24
201803,전라남도,영암군,49,25
201803,전라남도,영암군,50,29
201803,전라남도,영암군,51,33
201803,전라남도,영암군,52,31
201803,전라남도,영암군,53,29
201803,전라남도,영암군,54,31
201803,전라남도,영암군,55,29
201803,전라남도,영암군,56,24
201803,전라남도,영암군,57,26
201803,전라남도,영암군,58,38
201803,전라남도,영암군,59,31
201803,전라남도,영암군,60,33
201803,전라남도,영암군,61,27
201803,전라남도,영암군,62,30
201803,전라남도,영암군,63,21
201803,전라남도,영암군,64,18
201803,전라남도,영암군,65,29
201803,전라남도,영암군,66,16
201803,전라남도,영암군,67,30
201803,전라남도,영암군,68,31
201803,전라남도,영암군,69,27
201803,전라남도,영암군,70,31
201803,전라남도,영암군,71,26
201803,전라남도,영암군,72,22
201803,전라남도,영암군,73,27
201803,전라남도,영암군,74,23
201803,전라남도,영암군,75,43
201803,전라남도,영암군,76,32
201803,전라남도,영암군,77,35
201803,전라남도,영암군,78,28
201803,전라남도,영암군,79,26
201803,전라남도,영암군,80,23
201803,전라남도,영암군,81,31
201803,전라남도,영암군,82,27
201803,전라남도,영암군,83,21
201803,전라남도,영암군,84,19
201803,전라남도,영암군,85,28
201803,전라남도,영암군,86,26
201803,전라남도,영암군,87,17
201803,전라남도,영암군,88,12
201803,전라남도,영암군,89,13
201803,전라남도,영암군,90,4
201803,전라남도,영암군,91,10
201803,전라남도,영암군,92,5
201803,전라남도,영암군,93,7
201803,전라남도,영암군,94,5
201803,전라남도,영암군,95,1
201803,전라남도,영암군,96,1
201803,전라남도,영암군,97,1
201803,전라남도,영암군,100,1
201803,전라남도,무안군,0,2
201803,전라남도,무안군,2,7
201803,전라남도,무안군,3,4
201803,전라남도,무안군,4,7
201803,전라남도,무안군,5,8
201803,전라남도,무안군,6,9
201803,전라남도,무안군,7,22
201803,전라남도,무안군,8,26
201803,전라남도,무안군,9,39
201803,전라남도,무안군,10,51
201803,전라남도,무안군,11,37
201803,전라남도,무안군,12,35
201803,전라남도,무안군,13,36
201803,전라남도,무안군,14,34
201803,전라남도,무안군,15,45
201803,전라남도,무안군,16,68
201803,전라남도,무안군,17,83
201803,전라남도,무안군,18,55
201803,전라남도,무안군,19,35
201803,전라남도,무안군,20,33
201803,전라남도,무안군,21,24
201803,전라남도,무안군,22,18
201803,전라남도,무안군,23,18
201803,전라남도,무안군,24,11
201803,전라남도,무안군,25,4
201803,전라남도,무안군,26,6
201803,전라남도,무안군,27,6
201803,전라남도,무안군,28,4
201803,전라남도,무안군,29,2
201803,전라남도,무안군,30,8
201803,전라남도,무안군,32,5
201803,전라남도,무안군,33,14
201803,전라남도,무안군,34,10
201803,전라남도,무안군,35,13
201803,전라남도,무안군,36,12
201803,전라남도,무안군,37,11
201803,전라남도,무안군,38,13
201803,전라남도,무안군,39,15
201803,전라남도,무안군,40,14
201803,전라남도,무안군,41,13
201803,전라남도,무안군,42,18
201803,전라남도,무안군,43,22
201803,전라남도,무안군,44,20
201803,전라남도,무안군,45,35
201803,전라남도,무안군,46,40
201803,전라남도,무안군,47,31
201803,전라남도,무안군,48,30
201803,전라남도,무안군,49,43
201803,전라남도,무안군,50,43
201803,전라남도,무안군,51,29
201803,전라남도,무안군,52,38
201803,전라남도,무안군,53,36
201803,전라남도,무안군,54,51
201803,전라남도,무안군,55,36
201803,전라남도,무안군,56,31
201803,전라남도,무안군,57,58
201803,전라남도,무안군,58,28
201803,전라남도,무안군,59,35
201803,전라남도,무안군,60,33
201803,전라남도,무안군,61,25
201803,전라남도,무안군,62,31
201803,전라남도,무안군,63,25
201803,전라남도,무안군,64,31
201803,전라남도,무안군,65,40
201803,전라남도,무안군,66,38
201803,전라남도,무안군,67,40
201803,전라남도,무안군,68,29
201803,전라남도,무안군,69,32
201803,전라남도,무안군,70,40
201803,전라남도,무안군,71,31
201803,전라남도,무안군,72,31
201803,전라남도,무안군,73,23
201803,전라남도,무안군,74,30
201803,전라남도,무안군,75,35
201803,전라남도,무안군,76,49
201803,전라남도,무안군,77,30
201803,전라남도,무안군,78,34
201803,전라남도,무안군,79,35
201803,전라남도,무안군,80,35
201803,전라남도,무안군,81,18
201803,전라남도,무안군,82,24
201803,전라남도,무안군,83,18
201803,전라남도,무안군,84,24
201803,전라남도,무안군,85,23
201803,전라남도,무안군,86,17
201803,전라남도,무안군,87,14
201803,전라남도,무안군,88,16
201803,전라남도,무안군,89,6
201803,전라남도,무안군,90,8
201803,전라남도,무안군,91,4
201803,전라남도,무안군,92,4
201803,전라남도,무안군,93,2
201803,전라남도,무안군,94,6
201803,전라남도,무안군,95,3
201803,전라남도,무안군,96,3
201803,전라남도,무안군,97,1
201803,전라남도,무안군,98,1
201803,전라남도,함평군,0,2
201803,전라남도,함평군,2,3
201803,전라남도,함평군,3,3
201803,전라남도,함평군,4,3
201803,전라남도,함평군,5,10
201803,전라남도,함평군,6,6
201803,전라남도,함평군,7,9
201803,전라남도,함평군,8,14
201803,전라남도,함평군,9,9
201803,전라남도,함평군,10,16
201803,전라남도,함평군,11,17
201803,전라남도,함평군,12,12
201803,전라남도,함평군,13,23
201803,전라남도,함평군,14,20
201803,전라남도,함평군,15,31
201803,전라남도,함평군,16,23
201803,전라남도,함평군,17,35
201803,전라남도,함평군,18,29
201803,전라남도,함평군,19,26
201803,전라남도,함평군,20,11
201803,전라남도,함평군,21,4
201803,전라남도,함평군,22,9
201803,전라남도,함평군,23,7
201803,전라남도,함평군,24,6
201803,전라남도,함평군,25,4
201803,전라남도,함평군,26,3
201803,전라남도,함평군,27,4
201803,전라남도,함평군,28,2
201803,전라남도,함평군,29,1
201803,전라남도,함평군,30,4
201803,전라남도,함평군,31,4
201803,전라남도,함평군,32,6
201803,전라남도,함평군,33,2
201803,전라남도,함평군,34,6
201803,전라남도,함평군,35,8
201803,전라남도,함평군,36,10
201803,전라남도,함평군,37,9
201803,전라남도,함평군,38,6
201803,전라남도,함평군,39,9
201803,전라남도,함평군,40,15
201803,전라남도,함평군,41,8
201803,전라남도,함평군,42,18
201803,전라남도,함평군,43,14
201803,전라남도,함평군,44,18
201803,전라남도,함평군,45,25
201803,전라남도,함평군,46,14
201803,전라남도,함평군,47,19
201803,전라남도,함평군,48,22
201803,전라남도,함평군,49,20
201803,전라남도,함평군,50,21
201803,전라남도,함평군,51,33
201803,전라남도,함평군,52,25
201803,전라남도,함평군,53,28
201803,전라남도,함평군,54,20
201803,전라남도,함평군,55,23
201803,전라남도,함평군,56,28
201803,전라남도,함평군,57,31
201803,전라남도,함평군,58,27
201803,전라남도,함평군,59,27
201803,전라남도,함평군,60,25
201803,전라남도,함평군,61,21
201803,전라남도,함평군,62,23
201803,전라남도,함평군,63,34
201803,전라남도,함평군,64,14
201803,전라남도,함평군,65,13
201803,전라남도,함평군,66,30
201803,전라남도,함평군,67,22
201803,전라남도,함평군,68,15
201803,전라남도,함평군,69,25
201803,전라남도,함평군,70,28
201803,전라남도,함평군,71,22
201803,전라남도,함평군,72,18
201803,전라남도,함평군,73,21
201803,전라남도,함평군,74,25
201803,전라남도,함평군,75,26
201803,전라남도,함평군,76,29
201803,전라남도,함평군,77,21
201803,전라남도,함평군,78,22
201803,전라남도,함평군,79,25
201803,전라남도,함평군,80,27
201803,전라남도,함평군,81,13
201803,전라남도,함평군,82,15
201803,전라남도,함평군,83,22
201803,전라남도,함평군,84,11
201803,전라남도,함평군,85,12
201803,전라남도,함평군,86,14
201803,전라남도,함평군,87,11
201803,전라남도,함평군,88,11
201803,전라남도,함평군,89,3
201803,전라남도,함평군,90,4
201803,전라남도,함평군,91,8
201803,전라남도,함평군,92,3
201803,전라남도,함평군,93,3
201803,전라남도,함평군,94,3
201803,전라남도,함평군,95,3
201803,전라남도,함평군,96,1
201803,전라남도,함평군,98,1
201803,전라남도,영광군,0,8
201803,전라남도,영광군,1,7
201803,전라남도,영광군,2,9
201803,전라남도,영광군,3,9
201803,전라남도,영광군,4,15
201803,전라남도,영광군,5,23
201803,전라남도,영광군,6,17
201803,전라남도,영광군,7,34
201803,전라남도,영광군,8,30
201803,전라남도,영광군,9,31
201803,전라남도,영광군,10,53
201803,전라남도,영광군,11,44
201803,전라남도,영광군,12,27
201803,전라남도,영광군,13,43
201803,전라남도,영광군,14,43
201803,전라남도,영광군,15,44
201803,전라남도,영광군,16,75
201803,전라남도,영광군,17,79
201803,전라남도,영광군,18,50
201803,전라남도,영광군,19,50
201803,전라남도,영광군,20,46
201803,전라남도,영광군,21,28
201803,전라남도,영광군,22,29
201803,전라남도,영광군,23,17
201803,전라남도,영광군,24,8
201803,전라남도,영광군,25,10
201803,전라남도,영광군,26,9
201803,전라남도,영광군,27,7
201803,전라남도,영광군,28,10
201803,전라남도,영광군,29,5
201803,전라남도,영광군,30,6
201803,전라남도,영광군,31,13
201803,전라남도,영광군,32,18
201803,전라남도,영광군,33,6
201803,전라남도,영광군,34,13
201803,전라남도,영광군,35,11
201803,전라남도,영광군,36,15
201803,전라남도,영광군,37,19
201803,전라남도,영광군,38,16
201803,전라남도,영광군,39,19
201803,전라남도,영광군,40,20
201803,전라남도,영광군,41,23
201803,전라남도,영광군,42,16
201803,전라남도,영광군,43,36
201803,전라남도,영광군,44,29
201803,전라남도,영광군,45,38
201803,전라남도,영광군,46,36
201803,전라남도,영광군,47,47
201803,전라남도,영광군,48,44
201803,전라남도,영광군,49,52
201803,전라남도,영광군,50,57
201803,전라남도,영광군,51,53
201803,전라남도,영광군,52,39
201803,전라남도,영광군,53,57
201803,전라남도,영광군,54,39
201803,전라남도,영광군,55,54
201803,전라남도,영광군,56,35
201803,전라남도,영광군,57,55
201803,전라남도,영광군,58,53
201803,전라남도,영광군,59,47
201803,전라남도,영광군,60,41
201803,전라남도,영광군,61,44
201803,전라남도,영광군,62,52
201803,전라남도,영광군,63,44
201803,전라남도,영광군,64,43
201803,전라남도,영광군,65,41
201803,전라남도,영광군,66,39
201803,전라남도,영광군,67,54
201803,전라남도,영광군,68,46
201803,전라남도,영광군,69,37
201803,전라남도,영광군,70,42
201803,전라남도,영광군,71,44
201803,전라남도,영광군,72,36
201803,전라남도,영광군,73,44
201803,전라남도,영광군,74,26
201803,전라남도,영광군,75,51
201803,전라남도,영광군,76,46
201803,전라남도,영광군,77,39
201803,전라남도,영광군,78,35
201803,전라남도,영광군,79,34
201803,전라남도,영광군,80,45
201803,전라남도,영광군,81,25
201803,전라남도,영광군,82,31
201803,전라남도,영광군,83,28
201803,전라남도,영광군,84,27
201803,전라남도,영광군,85,21
201803,전라남도,영광군,86,17
201803,전라남도,영광군,87,21
201803,전라남도,영광군,88,15
201803,전라남도,영광군,89,13
201803,전라남도,영광군,90,11
201803,전라남도,영광군,91,3
201803,전라남도,영광군,92,2
201803,전라남도,영광군,93,4
201803,전라남도,영광군,94,5
201803,전라남도,영광군,95,3
201803,전라남도,영광군,96,1
201803,전라남도,영광군,97,1
201803,전라남도,영광군,105,1
201803,전라남도,영광군,113,1
201803,전라남도,영광군,115,1
201803,전라남도,장성군,0,1
201803,전라남도,장성군,1,3
201803,전라남도,장성군,2,7
201803,전라남도,장성군,3,6
201803,전라남도,장성군,4,7
201803,전라남도,장성군,5,10
201803,전라남도,장성군,6,11
201803,전라남도,장성군,7,14
201803,전라남도,장성군,8,20
201803,전라남도,장성군,9,18
201803,전라남도,장성군,10,23
201803,전라남도,장성군,11,24
201803,전라남도,장성군,12,25
201803,전라남도,장성군,13,24
201803,전라남도,장성군,14,29
201803,전라남도,장성군,15,39
201803,전라남도,장성군,16,37
201803,전라남도,장성군,17,44
201803,전라남도,장성군,18,36
201803,전라남도,장성군,19,27
201803,전라남도,장성군,20,24
201803,전라남도,장성군,21,21
201803,전라남도,장성군,22,17
201803,전라남도,장성군,23,15
201803,전라남도,장성군,24,4
201803,전라남도,장성군,25,12
201803,전라남도,장성군,26,7
201803,전라남도,장성군,27,3
201803,전라남도,장성군,28,4
201803,전라남도,장성군,29,6
201803,전라남도,장성군,30,3
201803,전라남도,장성군,31,8
201803,전라남도,장성군,32,4
201803,전라남도,장성군,33,4
201803,전라남도,장성군,34,7
201803,전라남도,장성군,35,8
201803,전라남도,장성군,36,7
201803,전라남도,장성군,37,11
201803,전라남도,장성군,38,11
201803,전라남도,장성군,39,5
201803,전라남도,장성군,40,5
201803,전라남도,장성군,41,15
201803,전라남도,장성군,42,20
201803,전라남도,장성군,43,16
201803,전라남도,장성군,44,16
201803,전라남도,장성군,45,25
201803,전라남도,장성군,46,22
201803,전라남도,장성군,47,24
201803,전라남도,장성군,48,30
201803,전라남도,장성군,49,31
201803,전라남도,장성군,50,32
201803,전라남도,장성군,51,23
201803,전라남도,장성군,52,32
201803,전라남도,장성군,53,26
201803,전라남도,장성군,54,27
201803,전라남도,장성군,55,33
201803,전라남도,장성군,56,29
201803,전라남도,장성군,57,39
201803,전라남도,장성군,58,32
201803,전라남도,장성군,59,36
201803,전라남도,장성군,60,24
201803,전라남도,장성군,61,25
201803,전라남도,장성군,62,20
201803,전라남도,장성군,63,17
201803,전라남도,장성군,64,18
201803,전라남도,장성군,65,26
201803,전라남도,장성군,66,23
201803,전라남도,장성군,67,25
201803,전라남도,장성군,68,25
201803,전라남도,장성군,69,22
201803,전라남도,장성군,70,34
201803,전라남도,장성군,71,25
201803,전라남도,장성군,72,30
201803,전라남도,장성군,73,26
201803,전라남도,장성군,74,25
201803,전라남도,장성군,75,43
201803,전라남도,장성군,76,36
201803,전라남도,장성군,77,36
201803,전라남도,장성군,78,21
201803,전라남도,장성군,79,34
201803,전라남도,장성군,80,24
201803,전라남도,장성군,81,25
201803,전라남도,장성군,82,21
201803,전라남도,장성군,83,33
201803,전라남도,장성군,84,21
201803,전라남도,장성군,85,20
201803,전라남도,장성군,86,14
201803,전라남도,장성군,87,18
201803,전라남도,장성군,88,15
201803,전라남도,장성군,89,11
201803,전라남도,장성군,90,13
201803,전라남도,장성군,91,5
201803,전라남도,장성군,92,6
201803,전라남도,장성군,93,6
201803,전라남도,장성군,94,2
201803,전라남도,장성군,95,4
201803,전라남도,장성군,96,2
201803,전라남도,장성군,97,2
201803,전라남도,장성군,98,1
201803,전라남도,장성군,101,2
201803,전라남도,완도군,0,4
201803,전라남도,완도군,1,3
201803,전라남도,완도군,2,5
201803,전라남도,완도군,3,3
201803,전라남도,완도군,4,3
201803,전라남도,완도군,5,6
201803,전라남도,완도군,6,8
201803,전라남도,완도군,7,11
201803,전라남도,완도군,8,14
201803,전라남도,완도군,9,14
201803,전라남도,완도군,10,20
201803,전라남도,완도군,11,20
201803,전라남도,완도군,12,27
201803,전라남도,완도군,13,25
201803,전라남도,완도군,14,26
201803,전라남도,완도군,15,35
201803,전라남도,완도군,16,31
201803,전라남도,완도군,17,48
201803,전라남도,완도군,18,31
201803,전라남도,완도군,19,27
201803,전라남도,완도군,20,21
201803,전라남도,완도군,21,11
201803,전라남도,완도군,22,15
201803,전라남도,완도군,23,7
201803,전라남도,완도군,24,4
201803,전라남도,완도군,25,5
201803,전라남도,완도군,26,6
201803,전라남도,완도군,27,3
201803,전라남도,완도군,28,3
201803,전라남도,완도군,30,4
201803,전라남도,완도군,32,7
201803,전라남도,완도군,33,7
201803,전라남도,완도군,34,11
201803,전라남도,완도군,35,11
201803,전라남도,완도군,36,7
201803,전라남도,완도군,37,8
201803,전라남도,완도군,38,12
201803,전라남도,완도군,39,10
201803,전라남도,완도군,40,15
201803,전라남도,완도군,41,9
201803,전라남도,완도군,42,10
201803,전라남도,완도군,43,15
201803,전라남도,완도군,44,19
201803,전라남도,완도군,45,26
201803,전라남도,완도군,46,22
201803,전라남도,완도군,47,25
201803,전라남도,완도군,48,12
201803,전라남도,완도군,49,26
201803,전라남도,완도군,50,32
201803,전라남도,완도군,51,40
201803,전라남도,완도군,52,33
201803,전라남도,완도군,53,42
201803,전라남도,완도군,54,35
201803,전라남도,완도군,55,45
201803,전라남도,완도군,56,48
201803,전라남도,완도군,57,45
201803,전라남도,완도군,58,34
201803,전라남도,완도군,59,37
201803,전라남도,완도군,60,25
201803,전라남도,완도군,61,43
201803,전라남도,완도군,62,26
201803,전라남도,완도군,63,38
201803,전라남도,완도군,64,15
201803,전라남도,완도군,65,35
201803,전라남도,완도군,66,36
201803,전라남도,완도군,67,33
201803,전라남도,완도군,68,26
201803,전라남도,완도군,69,33
201803,전라남도,완도군,70,32
201803,전라남도,완도군,71,49
201803,전라남도,완도군,72,31
201803,전라남도,완도군,73,35
201803,전라남도,완도군,74,42
201803,전라남도,완도군,75,51
201803,전라남도,완도군,76,60
201803,전라남도,완도군,77,51
201803,전라남도,완도군,78,55
201803,전라남도,완도군,79,53
201803,전라남도,완도군,80,41
201803,전라남도,완도군,81,54
201803,전라남도,완도군,82,40
201803,전라남도,완도군,83,39
201803,전라남도,완도군,84,32
201803,전라남도,완도군,85,18
201803,전라남도,완도군,86,25
201803,전라남도,완도군,87,21
201803,전라남도,완도군,88,22
201803,전라남도,완도군,89,9
201803,전라남도,완도군,90,10
201803,전라남도,완도군,91,10
201803,전라남도,완도군,92,7
201803,전라남도,완도군,93,4
201803,전라남도,완도군,94,6
201803,전라남도,완도군,95,7
201803,전라남도,완도군,96,4
201803,전라남도,완도군,97,3
201803,전라남도,완도군,98,1
201803,전라남도,완도군,100,1
201803,전라남도,완도군,102,1
201803,전라남도,완도군,103,1
201803,전라남도,완도군,112,1
201803,전라남도,진도군,0,2
201803,전라남도,진도군,1,3
201803,전라남도,진도군,2,7
201803,전라남도,진도군,3,5
201803,전라남도,진도군,4,5
201803,전라남도,진도군,5,7
201803,전라남도,진도군,6,8
201803,전라남도,진도군,7,18
201803,전라남도,진도군,8,10
201803,전라남도,진도군,9,21
201803,전라남도,진도군,10,16
201803,전라남도,진도군,11,29
201803,전라남도,진도군,12,23
201803,전라남도,진도군,13,26
201803,전라남도,진도군,14,35
201803,전라남도,진도군,15,39
201803,전라남도,진도군,16,45
201803,전라남도,진도군,17,51
201803,전라남도,진도군,18,32
201803,전라남도,진도군,19,29
201803,전라남도,진도군,20,20
201803,전라남도,진도군,21,7
201803,전라남도,진도군,22,16
201803,전라남도,진도군,23,5
201803,전라남도,진도군,24,9
201803,전라남도,진도군,25,9
201803,전라남도,진도군,26,5
201803,전라남도,진도군,27,3
201803,전라남도,진도군,28,5
201803,전라남도,진도군,29,6
201803,전라남도,진도군,30,2
201803,전라남도,진도군,31,5
201803,전라남도,진도군,32,7
201803,전라남도,진도군,33,6
201803,전라남도,진도군,34,6
201803,전라남도,진도군,35,7
201803,전라남도,진도군,36,6
201803,전라남도,진도군,37,11
201803,전라남도,진도군,38,8
201803,전라남도,진도군,39,13
201803,전라남도,진도군,40,9
201803,전라남도,진도군,41,15
201803,전라남도,진도군,42,15
201803,전라남도,진도군,43,22
201803,전라남도,진도군,44,13
201803,전라남도,진도군,45,18
201803,전라남도,진도군,46,25
201803,전라남도,진도군,47,21
201803,전라남도,진도군,48,23
201803,전라남도,진도군,49,39
201803,전라남도,진도군,50,21
201803,전라남도,진도군,51,30
201803,전라남도,진도군,52,34
201803,전라남도,진도군,53,33
201803,전라남도,진도군,54,31
201803,전라남도,진도군,55,30
201803,전라남도,진도군,56,33
201803,전라남도,진도군,57,47
201803,전라남도,진도군,58,36
201803,전라남도,진도군,59,27
201803,전라남도,진도군,60,23
201803,전라남도,진도군,61,31
201803,전라남도,진도군,62,34
201803,전라남도,진도군,63,20
201803,전라남도,진도군,64,16
201803,전라남도,진도군,65,29
201803,전라남도,진도군,66,25
201803,전라남도,진도군,67,33
201803,전라남도,진도군,68,32
201803,전라남도,진도군,69,22
201803,전라남도,진도군,70,22
201803,전라남도,진도군,71,31
201803,전라남도,진도군,72,30
201803,전라남도,진도군,73,27
201803,전라남도,진도군,74,28
201803,전라남도,진도군,75,32
201803,전라남도,진도군,76,35
201803,전라남도,진도군,77,30
201803,전라남도,진도군,78,38
201803,전라남도,진도군,79,26
201803,전라남도,진도군,80,25
201803,전라남도,진도군,81,31
201803,전라남도,진도군,82,29
201803,전라남도,진도군,83,23
201803,전라남도,진도군,84,20
201803,전라남도,진도군,85,25
201803,전라남도,진도군,86,14
201803,전라남도,진도군,87,21
201803,전라남도,진도군,88,15
201803,전라남도,진도군,89,12
201803,전라남도,진도군,90,8
201803,전라남도,진도군,91,7
201803,전라남도,진도군,92,9
201803,전라남도,진도군,93,2
201803,전라남도,진도군,94,4
201803,전라남도,진도군,95,6
201803,전라남도,진도군,96,3
201803,전라남도,진도군,97,2
201803,전라남도,진도군,98,1
201803,전라남도,진도군,101,1
201803,전라남도,신안군,0,1
201803,전라남도,신안군,1,3
201803,전라남도,신안군,2,1
201803,전라남도,신안군,3,1
201803,전라남도,신안군,4,7
201803,전라남도,신안군,5,10
201803,전라남도,신안군,6,7
201803,전라남도,신안군,7,18
201803,전라남도,신안군,8,19
201803,전라남도,신안군,9,28
201803,전라남도,신안군,10,26
201803,전라남도,신안군,11,22
201803,전라남도,신안군,12,22
201803,전라남도,신안군,13,25
201803,전라남도,신안군,14,24
201803,전라남도,신안군,15,43
201803,전라남도,신안군,16,32
201803,전라남도,신안군,17,49
201803,전라남도,신안군,18,32
201803,전라남도,신안군,19,21
201803,전라남도,신안군,20,13
201803,전라남도,신안군,21,12
201803,전라남도,신안군,22,5
201803,전라남도,신안군,23,7
201803,전라남도,신안군,24,5
201803,전라남도,신안군,25,3
201803,전라남도,신안군,26,3
201803,전라남도,신안군,27,2
201803,전라남도,신안군,28,7
201803,전라남도,신안군,29,3
201803,전라남도,신안군,30,5
201803,전라남도,신안군,31,2
201803,전라남도,신안군,32,5
201803,전라남도,신안군,33,7
201803,전라남도,신안군,34,5
201803,전라남도,신안군,35,4
201803,전라남도,신안군,36,5
201803,전라남도,신안군,37,4
201803,전라남도,신안군,38,7
201803,전라남도,신안군,39,4
201803,전라남도,신안군,40,8
201803,전라남도,신안군,41,5
201803,전라남도,신안군,42,15
201803,전라남도,신안군,43,10
201803,전라남도,신안군,44,12
201803,전라남도,신안군,45,21
201803,전라남도,신안군,46,11
201803,전라남도,신안군,47,19
201803,전라남도,신안군,48,14
201803,전라남도,신안군,49,20
201803,전라남도,신안군,50,23
201803,전라남도,신안군,51,21
201803,전라남도,신안군,52,24
201803,전라남도,신안군,53,29
201803,전라남도,신안군,54,30
201803,전라남도,신안군,55,23
201803,전라남도,신안군,56,30
201803,전라남도,신안군,57,31
201803,전라남도,신안군,58,26
201803,전라남도,신안군,59,28
201803,전라남도,신안군,60,19
201803,전라남도,신안군,61,33
201803,전라남도,신안군,62,23
201803,전라남도,신안군,63,29
201803,전라남도,신안군,64,17
201803,전라남도,신안군,65,29
201803,전라남도,신안군,66,39
201803,전라남도,신안군,67,31
201803,전라남도,신안군,68,28
201803,전라남도,신안군,69,28
201803,전라남도,신안군,70,44
201803,전라남도,신안군,71,27
201803,전라남도,신안군,72,26
201803,전라남도,신안군,73,30
201803,전라남도,신안군,74,21
201803,전라남도,신안군,75,45
201803,전라남도,신안군,76,35
201803,전라남도,신안군,77,32
201803,전라남도,신안군,78,33
201803,전라남도,신안군,79,40
201803,전라남도,신안군,80,53
201803,전라남도,신안군,81,23
201803,전라남도,신안군,82,25
201803,전라남도,신안군,83,31
201803,전라남도,신안군,84,13
201803,전라남도,신안군,85,36
201803,전라남도,신안군,86,21
201803,전라남도,신안군,87,22
201803,전라남도,신안군,88,17
201803,전라남도,신안군,89,7
201803,전라남도,신안군,90,13
201803,전라남도,신안군,91,4
201803,전라남도,신안군,92,6
201803,전라남도,신안군,93,5
201803,전라남도,신안군,94,8
201803,전라남도,신안군,95,6
201803,전라남도,신안군,96,2
201803,전라남도,신안군,97,2
201803,전라남도,신안군,98,3
201803,전라남도,신안군,99,1
201803,경상북도,포항시,0,22
201803,경상북도,포항시,1,30
201803,경상북도,포항시,2,49
201803,경상북도,포항시,3,43
201803,경상북도,포항시,4,63
201803,경상북도,포항시,5,71
201803,경상북도,포항시,6,96
201803,경상북도,포항시,7,134
201803,경상북도,포항시,8,180
201803,경상북도,포항시,9,222
201803,경상북도,포항시,10,222
201803,경상북도,포항시,11,251
201803,경상북도,포항시,12,258
201803,경상북도,포항시,13,275
201803,경상북도,포항시,14,300
201803,경상북도,포항시,15,333
201803,경상북도,포항시,16,396
201803,경상북도,포항시,17,475
201803,경상북도,포항시,18,327
201803,경상북도,포항시,19,256
201803,경상북도,포항시,20,211
201803,경상북도,포항시,21,192
201803,경상북도,포항시,22,170
201803,경상북도,포항시,23,119
201803,경상북도,포항시,24,85
201803,경상북도,포항시,25,72
201803,경상북도,포항시,26,51
201803,경상북도,포항시,27,48
201803,경상북도,포항시,28,44
201803,경상북도,포항시,29,22
201803,경상북도,포항시,30,35
201803,경상북도,포항시,31,42
201803,경상북도,포항시,32,38
201803,경상북도,포항시,33,45
201803,경상북도,포항시,34,64
201803,경상북도,포항시,35,77
201803,경상북도,포항시,36,85
201803,경상북도,포항시,37,89
201803,경상북도,포항시,38,99
201803,경상북도,포항시,39,101
201803,경상북도,포항시,40,128
201803,경상북도,포항시,41,131
201803,경상북도,포항시,42,142
201803,경상북도,포항시,43,171
201803,경상북도,포항시,44,222
201803,경상북도,포항시,45,211
201803,경상북도,포항시,46,228
201803,경상북도,포항시,47,202
201803,경상북도,포항시,48,248
201803,경상북도,포항시,49,260
201803,경상북도,포항시,50,228
201803,경상북도,포항시,51,251
201803,경상북도,포항시,52,271
201803,경상북도,포항시,53,275
201803,경상북도,포항시,54,259
201803,경상북도,포항시,55,297
201803,경상북도,포항시,56,295
201803,경상북도,포항시,57,378
201803,경상북도,포항시,58,359
201803,경상북도,포항시,59,316
201803,경상북도,포항시,60,306
201803,경상북도,포항시,61,321
201803,경상북도,포항시,62,320
201803,경상북도,포항시,63,321
201803,경상북도,포항시,64,262
201803,경상북도,포항시,65,344
201803,경상북도,포항시,66,299
201803,경상북도,포항시,67,264
201803,경상북도,포항시,68,308
201803,경상북도,포항시,69,280
201803,경상북도,포항시,70,280
201803,경상북도,포항시,71,236
201803,경상북도,포항시,72,191
201803,경상북도,포항시,73,261
201803,경상북도,포항시,74,256
201803,경상북도,포항시,75,336
201803,경상북도,포항시,76,258
201803,경상북도,포항시,77,230
201803,경상북도,포항시,78,235
201803,경상북도,포항시,79,222
201803,경상북도,포항시,80,193
201803,경상북도,포항시,81,178
201803,경상북도,포항시,82,163
201803,경상북도,포항시,83,138
201803,경상북도,포항시,84,140
201803,경상북도,포항시,85,107
201803,경상북도,포항시,86,110
201803,경상북도,포항시,87,104
201803,경상북도,포항시,88,76
201803,경상북도,포항시,89,73
201803,경상북도,포항시,90,60
201803,경상북도,포항시,91,32
201803,경상북도,포항시,92,35
201803,경상북도,포항시,93,31
201803,경상북도,포항시,94,11
201803,경상북도,포항시,95,18
201803,경상북도,포항시,96,11
201803,경상북도,포항시,97,7
201803,경상북도,포항시,98,3
201803,경상북도,포항시,99,6
201803,경상북도,포항시,103,1
201803,경상북도,경주시,0,7
201803,경상북도,경주시,1,18
201803,경상북도,경주시,2,20
201803,경상북도,경주시,3,15
201803,경상북도,경주시,4,26
201803,경상북도,경주시,5,24
201803,경상북도,경주시,6,32
201803,경상북도,경주시,7,50
201803,경상북도,경주시,8,59
201803,경상북도,경주시,9,86
201803,경상북도,경주시,10,96
201803,경상북도,경주시,11,79
201803,경상북도,경주시,12,96
201803,경상북도,경주시,13,111
201803,경상북도,경주시,14,133
201803,경상북도,경주시,15,134
201803,경상북도,경주시,16,146
201803,경상북도,경주시,17,154
201803,경상북도,경주시,18,132
201803,경상북도,경주시,19,118
201803,경상북도,경주시,20,79
201803,경상북도,경주시,21,65
201803,경상북도,경주시,22,50
201803,경상북도,경주시,23,39
201803,경상북도,경주시,24,37
201803,경상북도,경주시,25,28
201803,경상북도,경주시,26,23
201803,경상북도,경주시,27,11
201803,경상북도,경주시,28,22
201803,경상북도,경주시,29,14
201803,경상북도,경주시,30,22
201803,경상북도,경주시,31,21
201803,경상북도,경주시,32,25
201803,경상북도,경주시,33,25
201803,경상북도,경주시,34,21
201803,경상북도,경주시,35,32
201803,경상북도,경주시,36,31
201803,경상북도,경주시,37,34
201803,경상북도,경주시,38,38
201803,경상북도,경주시,39,46
201803,경상북도,경주시,40,51
201803,경상북도,경주시,41,52
201803,경상북도,경주시,42,56
201803,경상북도,경주시,43,76
201803,경상북도,경주시,44,86
201803,경상북도,경주시,45,97
201803,경상북도,경주시,46,93
201803,경상북도,경주시,47,124
201803,경상북도,경주시,48,99
201803,경상북도,경주시,49,148
201803,경상북도,경주시,50,123
201803,경상북도,경주시,51,146
201803,경상북도,경주시,52,139
201803,경상북도,경주시,53,124
201803,경상북도,경주시,54,131
201803,경상북도,경주시,55,181
201803,경상북도,경주시,56,144
201803,경상북도,경주시,57,167
201803,경상북도,경주시,58,156
201803,경상북도,경주시,59,180
201803,경상북도,경주시,60,169
201803,경상북도,경주시,61,164
201803,경상북도,경주시,62,143
201803,경상북도,경주시,63,139
201803,경상북도,경주시,64,129
201803,경상북도,경주시,65,136
201803,경상북도,경주시,66,123
201803,경상북도,경주시,67,132
201803,경상북도,경주시,68,141
201803,경상북도,경주시,69,134
201803,경상북도,경주시,70,125
201803,경상북도,경주시,71,106
201803,경상북도,경주시,72,89
201803,경상북도,경주시,73,118
201803,경상북도,경주시,74,112
201803,경상북도,경주시,75,155
201803,경상북도,경주시,76,140
201803,경상북도,경주시,77,160
201803,경상북도,경주시,78,123
201803,경상북도,경주시,79,127
201803,경상북도,경주시,80,111
201803,경상북도,경주시,81,106
201803,경상북도,경주시,82,103
201803,경상북도,경주시,83,84
201803,경상북도,경주시,84,77
201803,경상북도,경주시,85,55
201803,경상북도,경주시,86,70
201803,경상북도,경주시,87,61
201803,경상북도,경주시,88,46
201803,경상북도,경주시,89,44
201803,경상북도,경주시,90,32
201803,경상북도,경주시,91,18
201803,경상북도,경주시,92,13
201803,경상북도,경주시,93,12
201803,경상북도,경주시,94,13
201803,경상북도,경주시,95,6
201803,경상북도,경주시,96,9
201803,경상북도,경주시,97,3
201803,경상북도,경주시,98,6
201803,경상북도,경주시,99,1
201803,경상북도,경주시,100,1
201803,경상북도,경주시,101,1
201803,경상북도,경주시,103,2
201803,경상북도,김천시,0,4
201803,경상북도,김천시,1,7
201803,경상북도,김천시,2,9
201803,경상북도,김천시,3,11
201803,경상북도,김천시,4,15
201803,경상북도,김천시,5,23
201803,경상북도,김천시,6,24
201803,경상북도,김천시,7,53
201803,경상북도,김천시,8,62
201803,경상북도,김천시,9,64
201803,경상북도,김천시,10,66
201803,경상북도,김천시,11,75
201803,경상북도,김천시,12,57
201803,경상북도,김천시,13,70
201803,경상북도,김천시,14,71
201803,경상북도,김천시,15,79
201803,경상북도,김천시,16,99
201803,경상북도,김천시,17,131
201803,경상북도,김천시,18,89
201803,경상북도,김천시,19,75
201803,경상북도,김천시,20,57
201803,경상북도,김천시,21,69
201803,경상북도,김천시,22,40
201803,경상북도,김천시,23,35
201803,경상북도,김천시,24,27
201803,경상북도,김천시,25,17
201803,경상북도,김천시,26,18
201803,경상북도,김천시,27,16
201803,경상북도,김천시,28,16
201803,경상북도,김천시,29,13
201803,경상북도,김천시,30,9
201803,경상북도,김천시,31,10
201803,경상북도,김천시,32,13
201803,경상북도,김천시,33,12
201803,경상북도,김천시,34,23
201803,경상북도,김천시,35,16
201803,경상북도,김천시,36,24
201803,경상북도,김천시,37,37
201803,경상북도,김천시,38,35
201803,경상북도,김천시,39,32
201803,경상북도,김천시,40,45
201803,경상북도,김천시,41,41
201803,경상북도,김천시,42,36
201803,경상북도,김천시,43,56
201803,경상북도,김천시,44,73
201803,경상북도,김천시,45,60
201803,경상북도,김천시,46,58
201803,경상북도,김천시,47,79
201803,경상북도,김천시,48,75
201803,경상북도,김천시,49,96
201803,경상북도,김천시,50,72
201803,경상북도,김천시,51,89
201803,경상북도,김천시,52,77
201803,경상북도,김천시,53,84
201803,경상북도,김천시,54,81
201803,경상북도,김천시,55,90
201803,경상북도,김천시,56,91
201803,경상북도,김천시,57,122
201803,경상북도,김천시,58,120
201803,경상북도,김천시,59,81
201803,경상북도,김천시,60,88
201803,경상북도,김천시,61,88
201803,경상북도,김천시,62,91
201803,경상북도,김천시,63,107
201803,경상북도,김천시,64,62
201803,경상북도,김천시,65,80
201803,경상북도,김천시,66,76
201803,경상북도,김천시,67,68
201803,경상북도,김천시,68,84
201803,경상북도,김천시,69,89
201803,경상북도,김천시,70,99
201803,경상북도,김천시,71,85
201803,경상북도,김천시,72,60
201803,경상북도,김천시,73,72
201803,경상북도,김천시,74,91
201803,경상북도,김천시,75,104
201803,경상북도,김천시,76,101
201803,경상북도,김천시,77,86
201803,경상북도,김천시,78,78
201803,경상북도,김천시,79,89
201803,경상북도,김천시,80,73
201803,경상북도,김천시,81,74
201803,경상북도,김천시,82,76
201803,경상북도,김천시,83,54
201803,경상북도,김천시,84,46
201803,경상북도,김천시,85,52
201803,경상북도,김천시,86,36
201803,경상북도,김천시,87,34
201803,경상북도,김천시,88,32
201803,경상북도,김천시,89,16
201803,경상북도,김천시,90,19
201803,경상북도,김천시,91,9
201803,경상북도,김천시,92,8
201803,경상북도,김천시,93,6
201803,경상북도,김천시,94,5
201803,경상북도,김천시,95,10
201803,경상북도,김천시,96,5
201803,경상북도,김천시,97,7
201803,경상북도,김천시,98,2
201803,경상북도,김천시,99,1
201803,경상북도,김천시,100,1
201803,경상북도,김천시,101,1
201803,경상북도,김천시,102,1
201803,경상북도,김천시,111,1
201803,경상북도,안동시,0,7
201803,경상북도,안동시,1,17
201803,경상북도,안동시,2,16
201803,경상북도,안동시,3,22
201803,경상북도,안동시,4,25
201803,경상북도,안동시,5,32
201803,경상북도,안동시,6,30
201803,경상북도,안동시,7,45
201803,경상북도,안동시,8,64
201803,경상북도,안동시,9,74
201803,경상북도,안동시,10,85
201803,경상북도,안동시,11,99
201803,경상북도,안동시,12,93
201803,경상북도,안동시,13,104
201803,경상북도,안동시,14,98
201803,경상북도,안동시,15,163
201803,경상북도,안동시,16,153
201803,경상북도,안동시,17,162
201803,경상북도,안동시,18,139
201803,경상북도,안동시,19,108
201803,경상북도,안동시,20,70
201803,경상북도,안동시,21,69
201803,경상북도,안동시,22,49
201803,경상북도,안동시,23,43
201803,경상북도,안동시,24,22
201803,경상북도,안동시,25,35
201803,경상북도,안동시,26,20
201803,경상북도,안동시,27,12
201803,경상북도,안동시,28,20
201803,경상북도,안동시,29,17
201803,경상북도,안동시,30,14
201803,경상북도,안동시,31,19
201803,경상북도,안동시,32,23
201803,경상북도,안동시,33,20
201803,경상북도,안동시,34,34
201803,경상북도,안동시,35,28
201803,경상북도,안동시,36,36
201803,경상북도,안동시,37,33
201803,경상북도,안동시,38,39
201803,경상북도,안동시,39,51
201803,경상북도,안동시,40,56
201803,경상북도,안동시,41,53
201803,경상북도,안동시,42,67
201803,경상북도,안동시,43,79
201803,경상북도,안동시,44,93
201803,경상북도,안동시,45,89
201803,경상북도,안동시,46,94
201803,경상북도,안동시,47,104
201803,경상북도,안동시,48,111
201803,경상북도,안동시,49,118
201803,경상북도,안동시,50,109
201803,경상북도,안동시,51,115
201803,경상북도,안동시,52,138
201803,경상북도,안동시,53,137
201803,경상북도,안동시,54,102
201803,경상북도,안동시,55,99
201803,경상북도,안동시,56,140
201803,경상북도,안동시,57,156
201803,경상북도,안동시,58,162
201803,경상북도,안동시,59,136
201803,경상북도,안동시,60,117
201803,경상북도,안동시,61,119
201803,경상북도,안동시,62,108
201803,경상북도,안동시,63,109
201803,경상북도,안동시,64,68
201803,경상북도,안동시,65,108
201803,경상북도,안동시,66,93
201803,경상북도,안동시,67,85
201803,경상북도,안동시,68,75
201803,경상북도,안동시,69,83
201803,경상북도,안동시,70,76
201803,경상북도,안동시,71,83
201803,경상북도,안동시,72,67
201803,경상북도,안동시,73,81
201803,경상북도,안동시,74,83
201803,경상북도,안동시,75,123
201803,경상북도,안동시,76,102
201803,경상북도,안동시,77,101
201803,경상북도,안동시,78,99
201803,경상북도,안동시,79,79
201803,경상북도,안동시,80,73
201803,경상북도,안동시,81,62
201803,경상북도,안동시,82,69
201803,경상북도,안동시,83,60
201803,경상북도,안동시,84,60
201803,경상북도,안동시,85,60
201803,경상북도,안동시,86,49
201803,경상북도,안동시,87,42
201803,경상북도,안동시,88,27
201803,경상북도,안동시,89,30
201803,경상북도,안동시,90,26
201803,경상북도,안동시,91,22
201803,경상북도,안동시,92,8
201803,경상북도,안동시,93,13
201803,경상북도,안동시,94,7
201803,경상북도,안동시,95,7
201803,경상북도,안동시,96,9
201803,경상북도,안동시,97,3
201803,경상북도,안동시,98,2
201803,경상북도,안동시,99,1
201803,경상북도,안동시,100,2
201803,경상북도,안동시,104,1
201803,경상북도,안동시,107,1
201803,경상북도,구미시,0,11
201803,경상북도,구미시,1,26
201803,경상북도,구미시,2,30
201803,경상북도,구미시,3,32
201803,경상북도,구미시,4,47
201803,경상북도,구미시,5,44
201803,경상북도,구미시,6,61
201803,경상북도,구미시,7,88
201803,경상북도,구미시,8,99
201803,경상북도,구미시,9,133
201803,경상북도,구미시,10,155
201803,경상북도,구미시,11,151
201803,경상북도,구미시,12,165
201803,경상북도,구미시,13,157
201803,경상북도,구미시,14,177
201803,경상북도,구미시,15,178
201803,경상북도,구미시,16,226
201803,경상북도,구미시,17,250
201803,경상북도,구미시,18,168
201803,경상북도,구미시,19,125
201803,경상북도,구미시,20,97
201803,경상북도,구미시,21,76
201803,경상북도,구미시,22,76
201803,경상북도,구미시,23,50
201803,경상북도,구미시,24,30
201803,경상북도,구미시,25,36
201803,경상북도,구미시,26,18
201803,경상북도,구미시,27,24
201803,경상북도,구미시,28,16
201803,경상북도,구미시,29,21
201803,경상북도,구미시,30,16
201803,경상북도,구미시,31,27
201803,경상북도,구미시,32,30
201803,경상북도,구미시,33,33
201803,경상북도,구미시,34,32
201803,경상북도,구미시,35,46
201803,경상북도,구미시,36,48
201803,경상북도,구미시,37,50
201803,경상북도,구미시,38,61
201803,경상북도,구미시,39,59
201803,경상북도,구미시,40,56
201803,경상북도,구미시,41,63
201803,경상북도,구미시,42,87
201803,경상북도,구미시,43,85
201803,경상북도,구미시,44,105
201803,경상북도,구미시,45,106
201803,경상북도,구미시,46,107
201803,경상북도,구미시,47,129
201803,경상북도,구미시,48,121
201803,경상북도,구미시,49,127
201803,경상북도,구미시,50,127
201803,경상북도,구미시,51,97
201803,경상북도,구미시,52,119
201803,경상북도,구미시,53,127
201803,경상북도,구미시,54,123
201803,경상북도,구미시,55,122
201803,경상북도,구미시,56,147
201803,경상북도,구미시,57,142
201803,경상북도,구미시,58,125
201803,경상북도,구미시,59,109
201803,경상북도,구미시,60,122
201803,경상북도,구미시,61,107
201803,경상북도,구미시,62,98
201803,경상북도,구미시,63,109
201803,경상북도,구미시,64,90
201803,경상북도,구미시,65,95
201803,경상북도,구미시,66,85
201803,경상북도,구미시,67,73
201803,경상북도,구미시,68,74
201803,경상북도,구미시,69,63
201803,경상북도,구미시,70,74
201803,경상북도,구미시,71,80
201803,경상북도,구미시,72,66
201803,경상북도,구미시,73,64
201803,경상북도,구미시,74,66
201803,경상북도,구미시,75,91
201803,경상북도,구미시,76,81
201803,경상북도,구미시,77,71
201803,경상북도,구미시,78,72
201803,경상북도,구미시,79,70
201803,경상북도,구미시,80,46
201803,경상북도,구미시,81,64
201803,경상북도,구미시,82,62
201803,경상북도,구미시,83,44
201803,경상북도,구미시,84,41
201803,경상북도,구미시,85,34
201803,경상북도,구미시,86,28
201803,경상북도,구미시,87,24
201803,경상북도,구미시,88,16
201803,경상북도,구미시,89,12
201803,경상북도,구미시,90,20
201803,경상북도,구미시,91,8
201803,경상북도,구미시,92,7
201803,경상북도,구미시,93,6
201803,경상북도,구미시,94,5
201803,경상북도,구미시,95,7
201803,경상북도,구미시,96,6
201803,경상북도,구미시,97,2
201803,경상북도,구미시,98,2
201803,경상북도,구미시,99,1
201803,경상북도,영주시,0,9
201803,경상북도,영주시,1,13
201803,경상북도,영주시,2,14
201803,경상북도,영주시,3,11
201803,경상북도,영주시,4,18
201803,경상북도,영주시,5,25
201803,경상북도,영주시,6,18
201803,경상북도,영주시,7,33
201803,경상북도,영주시,8,46
201803,경상북도,영주시,9,50
201803,경상북도,영주시,10,69
201803,경상북도,영주시,11,64
201803,경상북도,영주시,12,57
201803,경상북도,영주시,13,67
201803,경상북도,영주시,14,79
201803,경상북도,영주시,15,89
201803,경상북도,영주시,16,98
201803,경상북도,영주시,17,155
201803,경상북도,영주시,18,109
201803,경상북도,영주시,19,73
201803,경상북도,영주시,20,60
201803,경상북도,영주시,21,62
201803,경상북도,영주시,22,49
201803,경상북도,영주시,23,38
201803,경상북도,영주시,24,24
201803,경상북도,영주시,25,26
201803,경상북도,영주시,26,18
201803,경상북도,영주시,27,8
201803,경상북도,영주시,28,8
201803,경상북도,영주시,29,9
201803,경상북도,영주시,30,14
201803,경상북도,영주시,31,12
201803,경상북도,영주시,32,12
201803,경상북도,영주시,33,15
201803,경상북도,영주시,34,25
201803,경상북도,영주시,35,16
201803,경상북도,영주시,36,26
201803,경상북도,영주시,37,33
201803,경상북도,영주시,38,36
201803,경상북도,영주시,39,35
201803,경상북도,영주시,40,28
201803,경상북도,영주시,41,37
201803,경상북도,영주시,42,51
201803,경상북도,영주시,43,66
201803,경상북도,영주시,44,69
201803,경상북도,영주시,45,59
201803,경상북도,영주시,46,63
201803,경상북도,영주시,47,78
201803,경상북도,영주시,48,94
201803,경상북도,영주시,49,106
201803,경상북도,영주시,50,109
201803,경상북도,영주시,51,71
201803,경상북도,영주시,52,95
201803,경상북도,영주시,53,99
201803,경상북도,영주시,54,87
201803,경상북도,영주시,55,81
201803,경상북도,영주시,56,88
201803,경상북도,영주시,57,117
201803,경상북도,영주시,58,122
201803,경상북도,영주시,59,95
201803,경상북도,영주시,60,94
201803,경상북도,영주시,61,113
201803,경상북도,영주시,62,84
201803,경상북도,영주시,63,84
201803,경상북도,영주시,64,66
201803,경상북도,영주시,65,75
201803,경상북도,영주시,66,69
201803,경상북도,영주시,67,60
201803,경상북도,영주시,68,63
201803,경상북도,영주시,69,63
201803,경상북도,영주시,70,77
201803,경상북도,영주시,71,49
201803,경상북도,영주시,72,47
201803,경상북도,영주시,73,68
201803,경상북도,영주시,74,79
201803,경상북도,영주시,75,86
201803,경상북도,영주시,76,88
201803,경상북도,영주시,77,77
201803,경상북도,영주시,78,60
201803,경상북도,영주시,79,81
201803,경상북도,영주시,80,70
201803,경상북도,영주시,81,63
201803,경상북도,영주시,82,66
201803,경상북도,영주시,83,42
201803,경상북도,영주시,84,45
201803,경상북도,영주시,85,54
201803,경상북도,영주시,86,35
201803,경상북도,영주시,87,42
201803,경상북도,영주시,88,28
201803,경상북도,영주시,89,17
201803,경상북도,영주시,90,16
201803,경상북도,영주시,91,15
201803,경상북도,영주시,92,8
201803,경상북도,영주시,93,6
201803,경상북도,영주시,94,6
201803,경상북도,영주시,95,4
201803,경상북도,영주시,96,3
201803,경상북도,영주시,97,3
201803,경상북도,영주시,99,1
201803,경상북도,영주시,100,2
201803,경상북도,영천시,0,8
201803,경상북도,영천시,1,5
201803,경상북도,영천시,2,8
201803,경상북도,영천시,3,10
201803,경상북도,영천시,4,14
201803,경상북도,영천시,5,27
201803,경상북도,영천시,6,19
201803,경상북도,영천시,7,53
201803,경상북도,영천시,8,36
201803,경상북도,영천시,9,49
201803,경상북도,영천시,10,61
201803,경상북도,영천시,11,54
201803,경상북도,영천시,12,70
201803,경상북도,영천시,13,64
201803,경상북도,영천시,14,76
201803,경상북도,영천시,15,86
201803,경상북도,영천시,16,103
201803,경상북도,영천시,17,119
201803,경상북도,영천시,18,86
201803,경상북도,영천시,19,80
201803,경상북도,영천시,20,52
201803,경상북도,영천시,21,43
201803,경상북도,영천시,22,38
201803,경상북도,영천시,23,32
201803,경상북도,영천시,24,22
201803,경상북도,영천시,25,13
201803,경상북도,영천시,26,15
201803,경상북도,영천시,27,7
201803,경상북도,영천시,28,11
201803,경상북도,영천시,29,11
201803,경상북도,영천시,30,10
201803,경상북도,영천시,31,9
201803,경상북도,영천시,32,12
201803,경상북도,영천시,33,14
201803,경상북도,영천시,34,10
201803,경상북도,영천시,35,23
201803,경상북도,영천시,36,24
201803,경상북도,영천시,37,22
201803,경상북도,영천시,38,24
201803,경상북도,영천시,39,19
201803,경상북도,영천시,40,30
201803,경상북도,영천시,41,28
201803,경상북도,영천시,42,42
201803,경상북도,영천시,43,38
201803,경상북도,영천시,44,65
201803,경상북도,영천시,45,52
201803,경상북도,영천시,46,75
201803,경상북도,영천시,47,86
201803,경상북도,영천시,48,71
201803,경상북도,영천시,49,77
201803,경상북도,영천시,50,69
201803,경상북도,영천시,51,72
201803,경상북도,영천시,52,75
201803,경상북도,영천시,53,99
201803,경상북도,영천시,54,74
201803,경상북도,영천시,55,106
201803,경상북도,영천시,56,110
201803,경상북도,영천시,57,97
201803,경상북도,영천시,58,100
201803,경상북도,영천시,59,80
201803,경상북도,영천시,60,78
201803,경상북도,영천시,61,75
201803,경상북도,영천시,62,78
201803,경상북도,영천시,63,84
201803,경상북도,영천시,64,62
201803,경상북도,영천시,65,84
201803,경상북도,영천시,66,82
201803,경상북도,영천시,67,80
201803,경상북도,영천시,68,87
201803,경상북도,영천시,69,84
201803,경상북도,영천시,70,77
201803,경상북도,영천시,71,68
201803,경상북도,영천시,72,65
201803,경상북도,영천시,73,64
201803,경상북도,영천시,74,81
201803,경상북도,영천시,75,91
201803,경상북도,영천시,76,97
201803,경상북도,영천시,77,77
201803,경상북도,영천시,78,80
201803,경상북도,영천시,79,77
201803,경상북도,영천시,80,67
201803,경상북도,영천시,81,63
201803,경상북도,영천시,82,71
201803,경상북도,영천시,83,64
201803,경상북도,영천시,84,51
201803,경상북도,영천시,85,45
201803,경상북도,영천시,86,35
201803,경상북도,영천시,87,29
201803,경상북도,영천시,88,28
201803,경상북도,영천시,89,17
201803,경상북도,영천시,90,17
201803,경상북도,영천시,91,15
201803,경상북도,영천시,92,4
201803,경상북도,영천시,93,8
201803,경상북도,영천시,94,3
201803,경상북도,영천시,95,3
201803,경상북도,영천시,96,8
201803,경상북도,영천시,97,4
201803,경상북도,영천시,98,2
201803,경상북도,영천시,100,2
201803,경상북도,상주시,1,7
201803,경상북도,상주시,2,7
201803,경상북도,상주시,3,7
201803,경상북도,상주시,4,6
201803,경상북도,상주시,5,13
201803,경상북도,상주시,6,13
201803,경상북도,상주시,7,21
201803,경상북도,상주시,8,27
201803,경상북도,상주시,9,40
201803,경상북도,상주시,10,44
201803,경상북도,상주시,11,42
201803,경상북도,상주시,12,49
201803,경상북도,상주시,13,44
201803,경상북도,상주시,14,42
201803,경상북도,상주시,15,54
201803,경상북도,상주시,16,78
201803,경상북도,상주시,17,76
201803,경상북도,상주시,18,52
201803,경상북도,상주시,19,43
201803,경상북도,상주시,20,41
201803,경상북도,상주시,21,30
201803,경상북도,상주시,22,20
201803,경상북도,상주시,23,20
201803,경상북도,상주시,24,18
201803,경상북도,상주시,25,10
201803,경상북도,상주시,26,8
201803,경상북도,상주시,27,9
201803,경상북도,상주시,28,2
201803,경상북도,상주시,29,8
201803,경상북도,상주시,30,10
201803,경상북도,상주시,31,9
201803,경상북도,상주시,32,16
201803,경상북도,상주시,33,12
201803,경상북도,상주시,34,14
201803,경상북도,상주시,35,18
201803,경상북도,상주시,36,25
201803,경상북도,상주시,37,17
201803,경상북도,상주시,38,13
201803,경상북도,상주시,39,18
201803,경상북도,상주시,40,28
201803,경상북도,상주시,41,17
201803,경상북도,상주시,42,24
201803,경상북도,상주시,43,37
201803,경상북도,상주시,44,31
201803,경상북도,상주시,45,43
201803,경상북도,상주시,46,54
201803,경상북도,상주시,47,33
201803,경상북도,상주시,48,50
201803,경상북도,상주시,49,55
201803,경상북도,상주시,50,62
201803,경상북도,상주시,51,54
201803,경상북도,상주시,52,58
201803,경상북도,상주시,53,68
201803,경상북도,상주시,54,55
201803,경상북도,상주시,55,66
201803,경상북도,상주시,56,63
201803,경상북도,상주시,57,70
201803,경상북도,상주시,58,76
201803,경상북도,상주시,59,59
201803,경상북도,상주시,60,57
201803,경상북도,상주시,61,61
201803,경상북도,상주시,62,54
201803,경상북도,상주시,63,64
201803,경상북도,상주시,64,45
201803,경상북도,상주시,65,59
201803,경상북도,상주시,66,57
201803,경상북도,상주시,67,41
201803,경상북도,상주시,68,59
201803,경상북도,상주시,69,59
201803,경상북도,상주시,70,53
201803,경상북도,상주시,71,56
201803,경상북도,상주시,72,40
201803,경상북도,상주시,73,37
201803,경상북도,상주시,74,70
201803,경상북도,상주시,75,68
201803,경상북도,상주시,76,73
201803,경상북도,상주시,77,69
201803,경상북도,상주시,78,58
201803,경상북도,상주시,79,71
201803,경상북도,상주시,80,48
201803,경상북도,상주시,81,53
201803,경상북도,상주시,82,49
201803,경상북도,상주시,83,64
201803,경상북도,상주시,84,33
201803,경상북도,상주시,85,31
201803,경상북도,상주시,86,32
201803,경상북도,상주시,87,21
201803,경상북도,상주시,88,19
201803,경상북도,상주시,89,13
201803,경상북도,상주시,90,23
201803,경상북도,상주시,91,12
201803,경상북도,상주시,92,7
201803,경상북도,상주시,93,8
201803,경상북도,상주시,94,6
201803,경상북도,상주시,95,4
201803,경상북도,상주시,96,1
201803,경상북도,상주시,98,1
201803,경상북도,상주시,99,1
201803,경상북도,상주시,100,1
201803,경상북도,상주시,108,1
201803,경상북도,문경시,0,1
201803,경상북도,문경시,1,6
201803,경상북도,문경시,2,8
201803,경상북도,문경시,3,5
201803,경상북도,문경시,4,4
201803,경상북도,문경시,5,7
201803,경상북도,문경시,6,6
201803,경상북도,문경시,7,15
201803,경상북도,문경시,8,16
201803,경상북도,문경시,9,22
201803,경상북도,문경시,10,33
201803,경상북도,문경시,11,38
201803,경상북도,문경시,12,25
201803,경상북도,문경시,13,36
201803,경상북도,문경시,14,46
201803,경상북도,문경시,15,48
201803,경상북도,문경시,16,67
201803,경상북도,문경시,17,55
201803,경상북도,문경시,18,48
201803,경상북도,문경시,19,44
201803,경상북도,문경시,20,23
201803,경상북도,문경시,21,21
201803,경상북도,문경시,22,21
201803,경상북도,문경시,23,2
201803,경상북도,문경시,24,12
201803,경상북도,문경시,25,9
201803,경상북도,문경시,26,6
201803,경상북도,문경시,27,6
201803,경상북도,문경시,28,2
201803,경상북도,문경시,29,6
201803,경상북도,문경시,30,3
201803,경상북도,문경시,31,4
201803,경상북도,문경시,32,11
201803,경상북도,문경시,33,8
201803,경상북도,문경시,34,5
201803,경상북도,문경시,35,18
201803,경상북도,문경시,36,6
201803,경상북도,문경시,37,12
201803,경상북도,문경시,38,18
201803,경상북도,문경시,39,16
201803,경상북도,문경시,40,20
201803,경상북도,문경시,41,18
201803,경상북도,문경시,42,29
201803,경상북도,문경시,43,32
201803,경상북도,문경시,44,38
201803,경상북도,문경시,45,25
201803,경상북도,문경시,46,36
201803,경상북도,문경시,47,32
201803,경상북도,문경시,48,42
201803,경상북도,문경시,49,47
201803,경상북도,문경시,50,46
201803,경상북도,문경시,51,45
201803,경상북도,문경시,52,50
201803,경상북도,문경시,53,46
201803,경상북도,문경시,54,58
201803,경상북도,문경시,55,50
201803,경상북도,문경시,56,68
201803,경상북도,문경시,57,63
201803,경상북도,문경시,58,50
201803,경상북도,문경시,59,55
201803,경상북도,문경시,60,66
201803,경상북도,문경시,61,49
201803,경상북도,문경시,62,54
201803,경상북도,문경시,63,47
201803,경상북도,문경시,64,47
201803,경상북도,문경시,65,52
201803,경상북도,문경시,66,55
201803,경상북도,문경시,67,32
201803,경상북도,문경시,68,39
201803,경상북도,문경시,69,44
201803,경상북도,문경시,70,45
201803,경상북도,문경시,71,41
201803,경상북도,문경시,72,30
201803,경상북도,문경시,73,38
201803,경상북도,문경시,74,53
201803,경상북도,문경시,75,73
201803,경상북도,문경시,76,71
201803,경상북도,문경시,77,50
201803,경상북도,문경시,78,51
201803,경상북도,문경시,79,41
201803,경상북도,문경시,80,45
201803,경상북도,문경시,81,37
201803,경상북도,문경시,82,35
201803,경상북도,문경시,83,28
201803,경상북도,문경시,84,32
201803,경상북도,문경시,85,31
201803,경상북도,문경시,86,17
201803,경상북도,문경시,87,11
201803,경상북도,문경시,88,19
201803,경상북도,문경시,89,14
201803,경상북도,문경시,90,10
201803,경상북도,문경시,91,7
201803,경상북도,문경시,92,7
201803,경상북도,문경시,93,4
201803,경상북도,문경시,94,5
201803,경상북도,문경시,95,2
201803,경상북도,문경시,96,2
201803,경상북도,문경시,97,1
201803,경상북도,문경시,98,1
201803,경상북도,문경시,99,1
201803,경상북도,문경시,100,1
201803,경상북도,문경시,101,1
201803,경상북도,문경시,102,2
201803,경상북도,경산시,0,17
201803,경상북도,경산시,1,24
201803,경상북도,경산시,2,20
201803,경상북도,경산시,3,26
201803,경상북도,경산시,4,44
201803,경상북도,경산시,5,28
201803,경상북도,경산시,6,46
201803,경상북도,경산시,7,74
201803,경상북도,경산시,8,78
201803,경상북도,경산시,9,93
201803,경상북도,경산시,10,111
201803,경상북도,경산시,11,105
201803,경상북도,경산시,12,99
201803,경상북도,경산시,13,136
201803,경상북도,경산시,14,124
201803,경상북도,경산시,15,151
201803,경상북도,경산시,16,160
201803,경상북도,경산시,17,198
201803,경상북도,경산시,18,129
201803,경상북도,경산시,19,122
201803,경상북도,경산시,20,109
201803,경상북도,경산시,21,97
201803,경상북도,경산시,22,88
201803,경상북도,경산시,23,72
201803,경상북도,경산시,24,57
201803,경상북도,경산시,25,38
201803,경상북도,경산시,26,24
201803,경상북도,경산시,27,18
201803,경상북도,경산시,28,16
201803,경상북도,경산시,29,15
201803,경상북도,경산시,30,16
201803,경상북도,경산시,31,20
201803,경상북도,경산시,32,25
201803,경상북도,경산시,33,32
201803,경상북도,경산시,34,28
201803,경상북도,경산시,35,33
201803,경상북도,경산시,36,30
201803,경상북도,경산시,37,47
201803,경상북도,경산시,38,45
201803,경상북도,경산시,39,43
201803,경상북도,경산시,40,52
201803,경상북도,경산시,41,53
201803,경상북도,경산시,42,53
201803,경상북도,경산시,43,70
201803,경상북도,경산시,44,81
201803,경상북도,경산시,45,95
201803,경상북도,경산시,46,97
201803,경상북도,경산시,47,117
201803,경상북도,경산시,48,121
201803,경상북도,경산시,49,122
201803,경상북도,경산시,50,121
201803,경상북도,경산시,51,122
201803,경상북도,경산시,52,125
201803,경상북도,경산시,53,128
201803,경상북도,경산시,54,105
201803,경상북도,경산시,55,128
201803,경상북도,경산시,56,127
201803,경상북도,경산시,57,133
201803,경상북도,경산시,58,108
201803,경상북도,경산시,59,123
201803,경상북도,경산시,60,120
201803,경상북도,경산시,61,97
201803,경상북도,경산시,62,112
201803,경상북도,경산시,63,101
201803,경상북도,경산시,64,91
201803,경상북도,경산시,65,106
201803,경상북도,경산시,66,96
201803,경상북도,경산시,67,94
201803,경상북도,경산시,68,101
201803,경상북도,경산시,69,109
201803,경상북도,경산시,70,94
201803,경상북도,경산시,71,94
201803,경상북도,경산시,72,67
201803,경상북도,경산시,73,96
201803,경상북도,경산시,74,82
201803,경상북도,경산시,75,114
201803,경상북도,경산시,76,118
201803,경상북도,경산시,77,115
201803,경상북도,경산시,78,108
201803,경상북도,경산시,79,79
201803,경상북도,경산시,80,87
201803,경상북도,경산시,81,76
201803,경상북도,경산시,82,74
201803,경상북도,경산시,83,91
201803,경상북도,경산시,84,56
201803,경상북도,경산시,85,54
201803,경상북도,경산시,86,40
201803,경상북도,경산시,87,32
201803,경상북도,경산시,88,32
201803,경상북도,경산시,89,17
201803,경상북도,경산시,90,23
201803,경상북도,경산시,91,12
201803,경상북도,경산시,92,9
201803,경상북도,경산시,93,9
201803,경상북도,경산시,94,8
201803,경상북도,경산시,95,4
201803,경상북도,경산시,96,3
201803,경상북도,경산시,97,1
201803,경상북도,경산시,99,1
201803,경상북도,경산시,100,1
201803,경상북도,경산시,102,1
201803,경상북도,군위군,0,2
201803,경상북도,군위군,1,1
201803,경상북도,군위군,2,1
201803,경상북도,군위군,3,1
201803,경상북도,군위군,5,2
201803,경상북도,군위군,6,5
201803,경상북도,군위군,7,5
201803,경상북도,군위군,8,2
201803,경상북도,군위군,9,6
201803,경상북도,군위군,10,14
201803,경상북도,군위군,11,1
201803,경상북도,군위군,12,9
201803,경상북도,군위군,13,9
201803,경상북도,군위군,14,9
201803,경상북도,군위군,15,11
201803,경상북도,군위군,16,7
201803,경상북도,군위군,17,12
201803,경상북도,군위군,18,16
201803,경상북도,군위군,19,21
201803,경상북도,군위군,20,14
201803,경상북도,군위군,21,8
201803,경상북도,군위군,22,3
201803,경상북도,군위군,23,5
201803,경상북도,군위군,24,4
201803,경상북도,군위군,25,3
201803,경상북도,군위군,26,4
201803,경상북도,군위군,27,4
201803,경상북도,군위군,28,2
201803,경상북도,군위군,29,1
201803,경상북도,군위군,30,3
201803,경상북도,군위군,31,3
201803,경상북도,군위군,33,2
201803,경상북도,군위군,34,3
201803,경상북도,군위군,35,1
201803,경상북도,군위군,36,2
201803,경상북도,군위군,37,6
201803,경상북도,군위군,38,3
201803,경상북도,군위군,39,5
201803,경상북도,군위군,40,10
201803,경상북도,군위군,41,8
201803,경상북도,군위군,42,4
201803,경상북도,군위군,43,6
201803,경상북도,군위군,44,6
201803,경상북도,군위군,45,7
201803,경상북도,군위군,46,11
201803,경상북도,군위군,47,4
201803,경상북도,군위군,48,7
201803,경상북도,군위군,49,21
201803,경상북도,군위군,50,11
201803,경상북도,군위군,51,8
201803,경상북도,군위군,52,16
201803,경상북도,군위군,53,13
201803,경상북도,군위군,54,13
201803,경상북도,군위군,55,16
201803,경상북도,군위군,56,15
201803,경상북도,군위군,57,21
201803,경상북도,군위군,58,22
201803,경상북도,군위군,59,17
201803,경상북도,군위군,60,9
201803,경상북도,군위군,61,21
201803,경상북도,군위군,62,15
201803,경상북도,군위군,63,9
201803,경상북도,군위군,64,17
201803,경상북도,군위군,65,16
201803,경상북도,군위군,66,12
201803,경상북도,군위군,67,13
201803,경상북도,군위군,68,16
201803,경상북도,군위군,69,15
201803,경상북도,군위군,70,18
201803,경상북도,군위군,71,20
201803,경상북도,군위군,72,12
201803,경상북도,군위군,73,14
201803,경상북도,군위군,74,19
201803,경상북도,군위군,75,20
201803,경상북도,군위군,76,32
201803,경상북도,군위군,77,19
201803,경상북도,군위군,78,26
201803,경상북도,군위군,79,18
201803,경상북도,군위군,80,15
201803,경상북도,군위군,81,15
201803,경상북도,군위군,82,21
201803,경상북도,군위군,83,15
201803,경상북도,군위군,84,9
201803,경상북도,군위군,85,15
201803,경상북도,군위군,86,11
201803,경상북도,군위군,87,8
201803,경상북도,군위군,88,5
201803,경상북도,군위군,89,8
201803,경상북도,군위군,90,4
201803,경상북도,군위군,91,1
201803,경상북도,군위군,92,4
201803,경상북도,군위군,93,1
201803,경상북도,군위군,94,1
201803,경상북도,군위군,95,1
201803,경상북도,군위군,96,2
201803,경상북도,군위군,98,1
201803,경상북도,의성군,1,2
201803,경상북도,의성군,2,6
201803,경상북도,의성군,3,3
201803,경상북도,의성군,4,3
201803,경상북도,의성군,5,3
201803,경상북도,의성군,6,5
201803,경상북도,의성군,7,12
201803,경상북도,의성군,8,18
201803,경상북도,의성군,9,21
201803,경상북도,의성군,10,24
201803,경상북도,의성군,11,30
201803,경상북도,의성군,12,23
201803,경상북도,의성군,13,24
201803,경상북도,의성군,14,23
201803,경상북도,의성군,15,29
201803,경상북도,의성군,16,42
201803,경상북도,의성군,17,37
201803,경상북도,의성군,18,23
201803,경상북도,의성군,19,29
201803,경상북도,의성군,20,21
201803,경상북도,의성군,21,19
201803,경상북도,의성군,22,13
201803,경상북도,의성군,23,12
201803,경상북도,의성군,24,14
201803,경상북도,의성군,25,5
201803,경상북도,의성군,26,4
201803,경상북도,의성군,27,4
201803,경상북도,의성군,28,6
201803,경상북도,의성군,29,4
201803,경상북도,의성군,30,5
201803,경상북도,의성군,31,2
201803,경상북도,의성군,32,9
201803,경상북도,의성군,33,7
201803,경상북도,의성군,34,15
201803,경상북도,의성군,35,12
201803,경상북도,의성군,36,12
201803,경상북도,의성군,37,12
201803,경상북도,의성군,38,12
201803,경상북도,의성군,39,19
201803,경상북도,의성군,40,23
201803,경상북도,의성군,41,15
201803,경상북도,의성군,42,15
201803,경상북도,의성군,43,24
201803,경상북도,의성군,44,27
201803,경상북도,의성군,45,20
201803,경상북도,의성군,46,22
201803,경상북도,의성군,47,34
201803,경상북도,의성군,48,22
201803,경상북도,의성군,49,31
201803,경상북도,의성군,50,54
201803,경상북도,의성군,51,43
201803,경상북도,의성군,52,40
201803,경상북도,의성군,53,56
201803,경상북도,의성군,54,32
201803,경상북도,의성군,55,58
201803,경상북도,의성군,56,44
201803,경상북도,의성군,57,67
201803,경상북도,의성군,58,53
201803,경상북도,의성군,59,46
201803,경상북도,의성군,60,61
201803,경상북도,의성군,61,49
201803,경상북도,의성군,62,45
201803,경상북도,의성군,63,39
201803,경상북도,의성군,64,37
201803,경상북도,의성군,65,44
201803,경상북도,의성군,66,54
201803,경상북도,의성군,67,33
201803,경상북도,의성군,68,31
201803,경상북도,의성군,69,51
201803,경상북도,의성군,70,36
201803,경상북도,의성군,71,45
201803,경상북도,의성군,72,38
201803,경상북도,의성군,73,37
201803,경상북도,의성군,74,44
201803,경상북도,의성군,75,49
201803,경상북도,의성군,76,57
201803,경상북도,의성군,77,36
201803,경상북도,의성군,78,51
201803,경상북도,의성군,79,44
201803,경상북도,의성군,80,30
201803,경상북도,의성군,81,49
201803,경상북도,의성군,82,44
201803,경상북도,의성군,83,38
201803,경상북도,의성군,84,34
201803,경상북도,의성군,85,30
201803,경상북도,의성군,86,22
201803,경상북도,의성군,87,23
201803,경상북도,의성군,88,13
201803,경상북도,의성군,89,18
201803,경상북도,의성군,90,15
201803,경상북도,의성군,91,15
201803,경상북도,의성군,92,7
201803,경상북도,의성군,93,6
201803,경상북도,의성군,94,3
201803,경상북도,의성군,95,1
201803,경상북도,의성군,98,1
201803,경상북도,청송군,1,3
201803,경상북도,청송군,3,1
201803,경상북도,청송군,4,1
201803,경상북도,청송군,5,4
201803,경상북도,청송군,6,5
201803,경상북도,청송군,7,6
201803,경상북도,청송군,8,8
201803,경상북도,청송군,9,8
201803,경상북도,청송군,10,8
201803,경상북도,청송군,11,8
201803,경상북도,청송군,12,7
201803,경상북도,청송군,13,11
201803,경상북도,청송군,14,16
201803,경상북도,청송군,15,14
201803,경상북도,청송군,16,11
201803,경상북도,청송군,17,21
201803,경상북도,청송군,18,12
201803,경상북도,청송군,19,11
201803,경상북도,청송군,20,13
201803,경상북도,청송군,21,5
201803,경상북도,청송군,22,6
201803,경상북도,청송군,23,10
201803,경상북도,청송군,24,2
201803,경상북도,청송군,25,3
201803,경상북도,청송군,26,1
201803,경상북도,청송군,27,1
201803,경상북도,청송군,28,2
201803,경상북도,청송군,29,1
201803,경상북도,청송군,30,1
201803,경상북도,청송군,31,2
201803,경상북도,청송군,32,5
201803,경상북도,청송군,33,1
201803,경상북도,청송군,34,4
201803,경상북도,청송군,35,2
201803,경상북도,청송군,36,4
201803,경상북도,청송군,37,11
201803,경상북도,청송군,38,2
201803,경상북도,청송군,39,3
201803,경상북도,청송군,40,8
201803,경상북도,청송군,41,5
201803,경상북도,청송군,42,5
201803,경상북도,청송군,43,10
201803,경상북도,청송군,44,15
201803,경상북도,청송군,45,12
201803,경상북도,청송군,46,5
201803,경상북도,청송군,47,12
201803,경상북도,청송군,48,20
201803,경상북도,청송군,49,17
201803,경상북도,청송군,50,16
201803,경상북도,청송군,51,14
201803,경상북도,청송군,52,16
201803,경상북도,청송군,53,22
201803,경상북도,청송군,54,16
201803,경상북도,청송군,55,20
201803,경상북도,청송군,56,19
201803,경상북도,청송군,57,15
201803,경상북도,청송군,58,35
201803,경상북도,청송군,59,23
201803,경상북도,청송군,60,26
201803,경상북도,청송군,61,16
201803,경상북도,청송군,62,17
201803,경상북도,청송군,63,11
201803,경상북도,청송군,64,16
201803,경상북도,청송군,65,16
201803,경상북도,청송군,66,10
201803,경상북도,청송군,67,14
201803,경상북도,청송군,68,10
201803,경상북도,청송군,69,18
201803,경상북도,청송군,70,20
201803,경상북도,청송군,71,23
201803,경상북도,청송군,72,9
201803,경상북도,청송군,73,17
201803,경상북도,청송군,74,21
201803,경상북도,청송군,75,22
201803,경상북도,청송군,76,29
201803,경상북도,청송군,77,14
201803,경상북도,청송군,78,26
201803,경상북도,청송군,79,22
201803,경상북도,청송군,80,24
201803,경상북도,청송군,81,11
201803,경상북도,청송군,82,23
201803,경상북도,청송군,83,22
201803,경상북도,청송군,84,15
201803,경상북도,청송군,85,16
201803,경상북도,청송군,86,8
201803,경상북도,청송군,87,10
201803,경상북도,청송군,88,3
201803,경상북도,청송군,89,6
201803,경상북도,청송군,90,6
201803,경상북도,청송군,91,3
201803,경상북도,청송군,92,3
201803,경상북도,청송군,94,1
201803,경상북도,청송군,96,1
201803,경상북도,청송군,98,2
201803,경상북도,청송군,99,1
201803,경상북도,영양군,0,1
201803,경상북도,영양군,1,2
201803,경상북도,영양군,2,1
201803,경상북도,영양군,3,3
201803,경상북도,영양군,4,4
201803,경상북도,영양군,5,8
201803,경상북도,영양군,6,6
201803,경상북도,영양군,7,10
201803,경상북도,영양군,8,11
201803,경상북도,영양군,9,5
201803,경상북도,영양군,10,14
201803,경상북도,영양군,11,13
201803,경상북도,영양군,12,13
201803,경상북도,영양군,13,8
201803,경상북도,영양군,14,12
201803,경상북도,영양군,15,7
201803,경상북도,영양군,16,15
201803,경상북도,영양군,17,26
201803,경상북도,영양군,18,17
201803,경상북도,영양군,19,16
201803,경상북도,영양군,20,9
201803,경상북도,영양군,21,12
201803,경상북도,영양군,22,11
201803,경상북도,영양군,23,5
201803,경상북도,영양군,24,6
201803,경상북도,영양군,25,2
201803,경상북도,영양군,26,1
201803,경상북도,영양군,27,1
201803,경상북도,영양군,28,1
201803,경상북도,영양군,29,5
201803,경상북도,영양군,30,5
201803,경상북도,영양군,31,3
201803,경상북도,영양군,32,3
201803,경상북도,영양군,33,1
201803,경상북도,영양군,34,5
201803,경상북도,영양군,35,3
201803,경상북도,영양군,36,3
201803,경상북도,영양군,37,6
201803,경상북도,영양군,38,3
201803,경상북도,영양군,39,4
201803,경상북도,영양군,40,7
201803,경상북도,영양군,41,5
201803,경상북도,영양군,42,7
201803,경상북도,영양군,43,5
201803,경상북도,영양군,44,10
201803,경상북도,영양군,45,10
201803,경상북도,영양군,46,13
201803,경상북도,영양군,47,18
201803,경상북도,영양군,48,11
201803,경상북도,영양군,49,15
201803,경상북도,영양군,50,17
201803,경상북도,영양군,51,15
201803,경상북도,영양군,52,23
201803,경상북도,영양군,53,19
201803,경상북도,영양군,54,13
201803,경상북도,영양군,55,25
201803,경상북도,영양군,56,24
201803,경상북도,영양군,57,26
201803,경상북도,영양군,58,18
201803,경상북도,영양군,59,17
201803,경상북도,영양군,60,13
201803,경상북도,영양군,61,16
201803,경상북도,영양군,62,21
201803,경상북도,영양군,63,25
201803,경상북도,영양군,64,13
201803,경상북도,영양군,65,17
201803,경상북도,영양군,66,17
201803,경상북도,영양군,67,10
201803,경상북도,영양군,68,12
201803,경상북도,영양군,69,13
201803,경상북도,영양군,70,8
201803,경상북도,영양군,71,18
201803,경상북도,영양군,72,8
201803,경상북도,영양군,73,15
201803,경상북도,영양군,74,13
201803,경상북도,영양군,75,18
201803,경상북도,영양군,76,20
201803,경상북도,영양군,77,22
201803,경상북도,영양군,78,23
201803,경상북도,영양군,79,24
201803,경상북도,영양군,80,16
201803,경상북도,영양군,81,21
201803,경상북도,영양군,82,8
201803,경상북도,영양군,83,12
201803,경상북도,영양군,84,14
201803,경상북도,영양군,85,8
201803,경상북도,영양군,86,12
201803,경상북도,영양군,87,11
201803,경상북도,영양군,88,10
201803,경상북도,영양군,89,11
201803,경상북도,영양군,90,6
201803,경상북도,영양군,91,6
201803,경상북도,영양군,92,5
201803,경상북도,영양군,93,1
201803,경상북도,영양군,94,2
201803,경상북도,영양군,95,5
201803,경상북도,영양군,96,1
201803,경상북도,영양군,97,2
201803,경상북도,영양군,100,1
201803,경상북도,영양군,107,1
201803,경상북도,영덕군,0,3
201803,경상북도,영덕군,1,3
201803,경상북도,영덕군,2,1
201803,경상북도,영덕군,3,6
201803,경상북도,영덕군,4,4
201803,경상북도,영덕군,5,3
201803,경상북도,영덕군,6,8
201803,경상북도,영덕군,7,14
201803,경상북도,영덕군,8,18
201803,경상북도,영덕군,9,8
201803,경상북도,영덕군,10,21
201803,경상북도,영덕군,11,20
201803,경상북도,영덕군,12,22
201803,경상북도,영덕군,13,19
201803,경상북도,영덕군,14,21
201803,경상북도,영덕군,15,33
201803,경상북도,영덕군,16,22
201803,경상북도,영덕군,17,51
201803,경상북도,영덕군,18,29
201803,경상북도,영덕군,19,17
201803,경상북도,영덕군,20,15
201803,경상북도,영덕군,21,17
201803,경상북도,영덕군,22,8
201803,경상북도,영덕군,23,8
201803,경상북도,영덕군,24,3
201803,경상북도,영덕군,25,4
201803,경상북도,영덕군,26,4
201803,경상북도,영덕군,27,3
201803,경상북도,영덕군,28,1
201803,경상북도,영덕군,29,1
201803,경상북도,영덕군,30,4
201803,경상북도,영덕군,31,1
201803,경상북도,영덕군,32,3
201803,경상북도,영덕군,33,4
201803,경상북도,영덕군,34,6
201803,경상북도,영덕군,35,4
201803,경상북도,영덕군,36,8
201803,경상북도,영덕군,37,7
201803,경상북도,영덕군,38,8
201803,경상북도,영덕군,39,5
201803,경상북도,영덕군,40,9
201803,경상북도,영덕군,41,11
201803,경상북도,영덕군,42,13
201803,경상북도,영덕군,43,11
201803,경상북도,영덕군,44,19
201803,경상북도,영덕군,45,17
201803,경상북도,영덕군,46,30
201803,경상북도,영덕군,47,23
201803,경상북도,영덕군,48,26
201803,경상북도,영덕군,49,32
201803,경상북도,영덕군,50,28
201803,경상북도,영덕군,51,23
201803,경상북도,영덕군,52,26
201803,경상북도,영덕군,53,32
201803,경상북도,영덕군,54,35
201803,경상북도,영덕군,55,41
201803,경상북도,영덕군,56,34
201803,경상북도,영덕군,57,38
201803,경상북도,영덕군,58,42
201803,경상북도,영덕군,59,31
201803,경상북도,영덕군,60,26
201803,경상북도,영덕군,61,25
201803,경상북도,영덕군,62,34
201803,경상북도,영덕군,63,29
201803,경상북도,영덕군,64,29
201803,경상북도,영덕군,65,32
201803,경상북도,영덕군,66,33
201803,경상북도,영덕군,67,32
201803,경상북도,영덕군,68,35
201803,경상북도,영덕군,69,38
201803,경상북도,영덕군,70,38
201803,경상북도,영덕군,71,27
201803,경상북도,영덕군,72,18
201803,경상북도,영덕군,73,41
201803,경상북도,영덕군,74,46
201803,경상북도,영덕군,75,55
201803,경상북도,영덕군,76,56
201803,경상북도,영덕군,77,34
201803,경상북도,영덕군,78,48
201803,경상북도,영덕군,79,46
201803,경상북도,영덕군,80,37
201803,경상북도,영덕군,81,39
201803,경상북도,영덕군,82,35
201803,경상북도,영덕군,83,33
201803,경상북도,영덕군,84,27
201803,경상북도,영덕군,85,17
201803,경상북도,영덕군,86,31
201803,경상북도,영덕군,87,21
201803,경상북도,영덕군,88,24
201803,경상북도,영덕군,89,14
201803,경상북도,영덕군,90,15
201803,경상북도,영덕군,91,7
201803,경상북도,영덕군,92,7
201803,경상북도,영덕군,93,8
201803,경상북도,영덕군,94,4
201803,경상북도,영덕군,95,3
201803,경상북도,영덕군,96,4
201803,경상북도,영덕군,97,2
201803,경상북도,영덕군,100,1
201803,경상북도,영덕군,101,1
201803,경상북도,영덕군,105,1
201803,경상북도,청도군,0,3
201803,경상북도,청도군,1,2
201803,경상북도,청도군,2,2
201803,경상북도,청도군,3,1
201803,경상북도,청도군,4,1
201803,경상북도,청도군,5,5
201803,경상북도,청도군,6,1
201803,경상북도,청도군,7,9
201803,경상북도,청도군,8,14
201803,경상북도,청도군,9,10
201803,경상북도,청도군,10,12
201803,경상북도,청도군,11,17
201803,경상북도,청도군,12,25
201803,경상북도,청도군,13,23
201803,경상북도,청도군,14,22
201803,경상북도,청도군,15,16
201803,경상북도,청도군,16,33
201803,경상북도,청도군,17,32
201803,경상북도,청도군,18,26
201803,경상북도,청도군,19,21
201803,경상북도,청도군,20,28
201803,경상북도,청도군,21,9
201803,경상북도,청도군,22,10
201803,경상북도,청도군,23,9
201803,경상북도,청도군,24,8
201803,경상북도,청도군,26,1
201803,경상북도,청도군,27,4
201803,경상북도,청도군,28,2
201803,경상북도,청도군,29,3
201803,경상북도,청도군,30,3
201803,경상북도,청도군,31,6
201803,경상북도,청도군,32,5
201803,경상북도,청도군,33,6
201803,경상북도,청도군,34,6
201803,경상북도,청도군,35,6
201803,경상북도,청도군,36,10
201803,경상북도,청도군,37,7
201803,경상북도,청도군,38,5
201803,경상북도,청도군,39,9
201803,경상북도,청도군,40,15
201803,경상북도,청도군,41,12
201803,경상북도,청도군,42,16
201803,경상북도,청도군,43,16
201803,경상북도,청도군,44,22
201803,경상북도,청도군,45,25
201803,경상북도,청도군,46,27
201803,경상북도,청도군,47,26
201803,경상북도,청도군,48,28
201803,경상북도,청도군,49,30
201803,경상북도,청도군,50,37
201803,경상북도,청도군,51,38
201803,경상북도,청도군,52,35
201803,경상북도,청도군,53,40
201803,경상북도,청도군,54,35
201803,경상북도,청도군,55,38
201803,경상북도,청도군,56,32
201803,경상북도,청도군,57,47
201803,경상북도,청도군,58,42
201803,경상북도,청도군,59,37
201803,경상북도,청도군,60,41
201803,경상북도,청도군,61,37
201803,경상북도,청도군,62,35
201803,경상북도,청도군,63,34
201803,경상북도,청도군,64,25
201803,경상북도,청도군,65,28
201803,경상북도,청도군,66,30
201803,경상북도,청도군,67,26
201803,경상북도,청도군,68,26
201803,경상북도,청도군,69,30
201803,경상북도,청도군,70,27
201803,경상북도,청도군,71,25
201803,경상북도,청도군,72,20
201803,경상북도,청도군,73,19
201803,경상북도,청도군,74,30
201803,경상북도,청도군,75,37
201803,경상북도,청도군,76,32
201803,경상북도,청도군,77,26
201803,경상북도,청도군,78,34
201803,경상북도,청도군,79,43
201803,경상북도,청도군,80,28
201803,경상북도,청도군,81,39
201803,경상북도,청도군,82,31
201803,경상북도,청도군,83,25
201803,경상북도,청도군,84,24
201803,경상북도,청도군,85,24
201803,경상북도,청도군,86,16
201803,경상북도,청도군,87,9
201803,경상북도,청도군,88,13
201803,경상북도,청도군,89,11
201803,경상북도,청도군,90,11
201803,경상북도,청도군,91,5
201803,경상북도,청도군,92,4
201803,경상북도,청도군,93,2
201803,경상북도,청도군,94,6
201803,경상북도,청도군,95,3
201803,경상북도,청도군,96,4
201803,경상북도,청도군,97,1
201803,경상북도,청도군,98,1
201803,경상북도,청도군,101,1
201803,경상북도,고령군,1,3
201803,경상북도,고령군,2,3
201803,경상북도,고령군,3,1
201803,경상북도,고령군,4,5
201803,경상북도,고령군,5,5
201803,경상북도,고령군,6,7
201803,경상북도,고령군,7,6
201803,경상북도,고령군,8,8
201803,경상북도,고령군,9,15
201803,경상북도,고령군,10,15
201803,경상북도,고령군,11,22
201803,경상북도,고령군,12,11
201803,경상북도,고령군,13,13
201803,경상북도,고령군,14,18
201803,경상북도,고령군,15,25
201803,경상북도,고령군,16,33
201803,경상북도,고령군,17,28
201803,경상북도,고령군,18,22
201803,경상북도,고령군,19,20
201803,경상북도,고령군,20,18
201803,경상북도,고령군,21,12
201803,경상북도,고령군,22,5
201803,경상북도,고령군,23,7
201803,경상북도,고령군,24,2
201803,경상북도,고령군,25,3
201803,경상북도,고령군,26,2
201803,경상북도,고령군,27,2
201803,경상북도,고령군,28,1
201803,경상북도,고령군,29,2
201803,경상북도,고령군,30,2
201803,경상북도,고령군,31,3
201803,경상북도,고령군,32,3
201803,경상북도,고령군,33,3
201803,경상북도,고령군,34,4
201803,경상북도,고령군,35,4
201803,경상북도,고령군,36,4
201803,경상북도,고령군,37,7
201803,경상북도,고령군,38,7
201803,경상북도,고령군,39,8
201803,경상북도,고령군,40,4
201803,경상북도,고령군,41,10
201803,경상북도,고령군,42,13
201803,경상북도,고령군,43,11
201803,경상북도,고령군,44,9
201803,경상북도,고령군,45,11
201803,경상북도,고령군,46,16
201803,경상북도,고령군,47,21
201803,경상북도,고령군,48,29
201803,경상북도,고령군,49,24
201803,경상북도,고령군,50,15
201803,경상북도,고령군,51,13
201803,경상북도,고령군,52,14
201803,경상북도,고령군,53,14
201803,경상북도,고령군,54,20
201803,경상북도,고령군,55,32
201803,경상북도,고령군,56,23
201803,경상북도,고령군,57,30
201803,경상북도,고령군,58,24
201803,경상북도,고령군,59,24
201803,경상북도,고령군,60,21
201803,경상북도,고령군,61,30
201803,경상북도,고령군,62,19
201803,경상북도,고령군,63,18
201803,경상북도,고령군,64,16
201803,경상북도,고령군,65,21
201803,경상북도,고령군,66,19
201803,경상북도,고령군,67,24
201803,경상북도,고령군,68,28
201803,경상북도,고령군,69,24
201803,경상북도,고령군,70,29
201803,경상북도,고령군,71,20
201803,경상북도,고령군,72,18
201803,경상북도,고령군,73,20
201803,경상북도,고령군,74,22
201803,경상북도,고령군,75,23
201803,경상북도,고령군,76,23
201803,경상북도,고령군,77,16
201803,경상북도,고령군,78,25
201803,경상북도,고령군,79,28
201803,경상북도,고령군,80,23
201803,경상북도,고령군,81,21
201803,경상북도,고령군,82,15
201803,경상북도,고령군,83,20
201803,경상북도,고령군,84,13
201803,경상북도,고령군,85,13
201803,경상북도,고령군,86,10
201803,경상북도,고령군,87,9
201803,경상북도,고령군,88,5
201803,경상북도,고령군,89,1
201803,경상북도,고령군,90,3
201803,경상북도,고령군,92,2
201803,경상북도,고령군,93,1
201803,경상북도,고령군,94,2
201803,경상북도,고령군,97,1
201803,경상북도,고령군,99,1
201803,경상북도,고령군,102,1
201803,경상북도,성주군,0,2
201803,경상북도,성주군,1,2
201803,경상북도,성주군,2,3
201803,경상북도,성주군,3,4
201803,경상북도,성주군,4,3
201803,경상북도,성주군,5,3
201803,경상북도,성주군,6,3
201803,경상북도,성주군,7,6
201803,경상북도,성주군,8,16
201803,경상북도,성주군,9,14
201803,경상북도,성주군,10,22
201803,경상북도,성주군,11,18
201803,경상북도,성주군,12,15
201803,경상북도,성주군,13,12
201803,경상북도,성주군,14,22
201803,경상북도,성주군,15,25
201803,경상북도,성주군,16,31
201803,경상북도,성주군,17,36
201803,경상북도,성주군,18,31
201803,경상북도,성주군,19,18
201803,경상북도,성주군,20,21
201803,경상북도,성주군,21,17
201803,경상북도,성주군,22,12
201803,경상북도,성주군,23,10
201803,경상북도,성주군,24,6
201803,경상북도,성주군,25,4
201803,경상북도,성주군,26,4
201803,경상북도,성주군,27,3
201803,경상북도,성주군,28,5
201803,경상북도,성주군,29,1
201803,경상북도,성주군,30,5
201803,경상북도,성주군,31,4
201803,경상북도,성주군,32,6
201803,경상북도,성주군,33,6
201803,경상북도,성주군,34,4
201803,경상북도,성주군,35,4
201803,경상북도,성주군,36,8
201803,경상북도,성주군,37,13
201803,경상북도,성주군,38,5
201803,경상북도,성주군,39,11
201803,경상북도,성주군,40,9
201803,경상북도,성주군,41,12
201803,경상북도,성주군,42,12
201803,경상북도,성주군,43,17
201803,경상북도,성주군,44,12
201803,경상북도,성주군,45,20
201803,경상북도,성주군,46,21
201803,경상북도,성주군,47,14
201803,경상북도,성주군,48,30
201803,경상북도,성주군,49,34
201803,경상북도,성주군,50,33
201803,경상북도,성주군,51,39
201803,경상북도,성주군,52,29
201803,경상북도,성주군,53,39
201803,경상북도,성주군,54,35
201803,경상북도,성주군,55,29
201803,경상북도,성주군,56,36
201803,경상북도,성주군,57,31
201803,경상북도,성주군,58,34
201803,경상북도,성주군,59,41
201803,경상북도,성주군,60,23
201803,경상북도,성주군,61,35
201803,경상북도,성주군,62,27
201803,경상북도,성주군,63,28
201803,경상북도,성주군,64,37
201803,경상북도,성주군,65,26
201803,경상북도,성주군,66,29
201803,경상북도,성주군,67,31
201803,경상북도,성주군,68,30
201803,경상북도,성주군,69,39
201803,경상북도,성주군,70,27
201803,경상북도,성주군,71,27
201803,경상북도,성주군,72,17
201803,경상북도,성주군,73,17
201803,경상북도,성주군,74,27
201803,경상북도,성주군,75,37
201803,경상북도,성주군,76,29
201803,경상북도,성주군,77,30
201803,경상북도,성주군,78,26
201803,경상북도,성주군,79,29
201803,경상북도,성주군,80,29
201803,경상북도,성주군,81,33
201803,경상북도,성주군,82,39
201803,경상북도,성주군,83,19
201803,경상북도,성주군,84,24
201803,경상북도,성주군,85,19
201803,경상북도,성주군,86,10
201803,경상북도,성주군,87,17
201803,경상북도,성주군,88,14
201803,경상북도,성주군,89,14
201803,경상북도,성주군,90,7
201803,경상북도,성주군,91,7
201803,경상북도,성주군,92,5
201803,경상북도,성주군,93,3
201803,경상북도,성주군,94,6
201803,경상북도,성주군,95,2
201803,경상북도,성주군,96,4
201803,경상북도,성주군,97,2
201803,경상북도,성주군,98,2
201803,경상북도,성주군,99,1
201803,경상북도,성주군,100,1
201803,경상북도,칠곡군,0,9
201803,경상북도,칠곡군,1,8
201803,경상북도,칠곡군,2,12
201803,경상북도,칠곡군,3,16
201803,경상북도,칠곡군,4,14
201803,경상북도,칠곡군,5,20
201803,경상북도,칠곡군,6,18
201803,경상북도,칠곡군,7,48
201803,경상북도,칠곡군,8,35
201803,경상북도,칠곡군,9,57
201803,경상북도,칠곡군,10,60
201803,경상북도,칠곡군,11,66
201803,경상북도,칠곡군,12,59
201803,경상북도,칠곡군,13,64
201803,경상북도,칠곡군,14,58
201803,경상북도,칠곡군,15,64
201803,경상북도,칠곡군,16,99
201803,경상북도,칠곡군,17,103
201803,경상북도,칠곡군,18,56
201803,경상북도,칠곡군,19,54
201803,경상북도,칠곡군,20,48
201803,경상북도,칠곡군,21,39
201803,경상북도,칠곡군,22,31
201803,경상북도,칠곡군,23,20
201803,경상북도,칠곡군,24,15
201803,경상북도,칠곡군,25,11
201803,경상북도,칠곡군,26,4
201803,경상북도,칠곡군,27,11
201803,경상북도,칠곡군,28,7
201803,경상북도,칠곡군,29,11
201803,경상북도,칠곡군,30,6
201803,경상북도,칠곡군,31,7
201803,경상북도,칠곡군,32,9
201803,경상북도,칠곡군,33,12
201803,경상북도,칠곡군,34,9
201803,경상북도,칠곡군,35,14
201803,경상북도,칠곡군,36,27
201803,경상북도,칠곡군,37,19
201803,경상북도,칠곡군,38,27
201803,경상북도,칠곡군,39,24
201803,경상북도,칠곡군,40,27
201803,경상북도,칠곡군,41,26
201803,경상북도,칠곡군,42,33
201803,경상북도,칠곡군,43,36
201803,경상북도,칠곡군,44,45
201803,경상북도,칠곡군,45,48
201803,경상북도,칠곡군,46,46
201803,경상북도,칠곡군,47,42
201803,경상북도,칠곡군,48,43
201803,경상북도,칠곡군,49,65
201803,경상북도,칠곡군,50,58
201803,경상북도,칠곡군,51,57
201803,경상북도,칠곡군,52,54
201803,경상북도,칠곡군,53,51
201803,경상북도,칠곡군,54,47
201803,경상북도,칠곡군,55,63
201803,경상북도,칠곡군,56,64
201803,경상북도,칠곡군,57,74
201803,경상북도,칠곡군,58,65
201803,경상북도,칠곡군,59,51
201803,경상북도,칠곡군,60,46
201803,경상북도,칠곡군,61,50
201803,경상북도,칠곡군,62,36
201803,경상북도,칠곡군,63,60
201803,경상북도,칠곡군,64,47
201803,경상북도,칠곡군,65,46
201803,경상북도,칠곡군,66,59
201803,경상북도,칠곡군,67,42
201803,경상북도,칠곡군,68,49
201803,경상북도,칠곡군,69,58
201803,경상북도,칠곡군,70,43
201803,경상북도,칠곡군,71,44
201803,경상북도,칠곡군,72,37
201803,경상북도,칠곡군,73,56
201803,경상북도,칠곡군,74,56
201803,경상북도,칠곡군,75,61
201803,경상북도,칠곡군,76,55
201803,경상북도,칠곡군,77,53
201803,경상북도,칠곡군,78,50
201803,경상북도,칠곡군,79,51
201803,경상북도,칠곡군,80,48
201803,경상북도,칠곡군,81,39
201803,경상북도,칠곡군,82,40
201803,경상북도,칠곡군,83,39
201803,경상북도,칠곡군,84,19
201803,경상북도,칠곡군,85,26
201803,경상북도,칠곡군,86,17
201803,경상북도,칠곡군,87,19
201803,경상북도,칠곡군,88,19
201803,경상북도,칠곡군,89,16
201803,경상북도,칠곡군,90,14
201803,경상북도,칠곡군,91,9
201803,경상북도,칠곡군,92,4
201803,경상북도,칠곡군,93,7
201803,경상북도,칠곡군,94,9
201803,경상북도,칠곡군,95,3
201803,경상북도,칠곡군,96,4
201803,경상북도,칠곡군,97,2
201803,경상북도,칠곡군,98,1
201803,경상북도,칠곡군,101,1
201803,경상북도,칠곡군,102,1
201803,경상북도,예천군,0,4
201803,경상북도,예천군,1,3
201803,경상북도,예천군,2,6
201803,경상북도,예천군,3,3
201803,경상북도,예천군,4,3
201803,경상북도,예천군,5,1
201803,경상북도,예천군,6,4
201803,경상북도,예천군,7,16
201803,경상북도,예천군,8,23
201803,경상북도,예천군,9,22
201803,경상북도,예천군,10,24
201803,경상북도,예천군,11,23
201803,경상북도,예천군,12,28
201803,경상북도,예천군,13,25
201803,경상북도,예천군,14,27
201803,경상북도,예천군,15,36
201803,경상북도,예천군,16,40
201803,경상북도,예천군,17,44
201803,경상북도,예천군,18,20
201803,경상북도,예천군,19,33
201803,경상북도,예천군,20,16
201803,경상북도,예천군,21,20
201803,경상북도,예천군,22,12
201803,경상북도,예천군,23,14
201803,경상북도,예천군,24,5
201803,경상북도,예천군,25,7
201803,경상북도,예천군,26,4
201803,경상북도,예천군,27,3
201803,경상북도,예천군,28,10
201803,경상북도,예천군,29,2
201803,경상북도,예천군,30,3
201803,경상북도,예천군,31,8
201803,경상북도,예천군,32,5
201803,경상북도,예천군,33,2
201803,경상북도,예천군,34,5
201803,경상북도,예천군,35,6
201803,경상북도,예천군,36,6
201803,경상북도,예천군,37,7
201803,경상북도,예천군,38,12
201803,경상북도,예천군,39,5
201803,경상북도,예천군,40,15
201803,경상북도,예천군,41,15
201803,경상북도,예천군,42,20
201803,경상북도,예천군,43,17
201803,경상북도,예천군,44,18
201803,경상북도,예천군,45,19
201803,경상북도,예천군,46,26
201803,경상북도,예천군,47,26
201803,경상북도,예천군,48,31
201803,경상북도,예천군,49,32
201803,경상북도,예천군,50,22
201803,경상북도,예천군,51,18
201803,경상북도,예천군,52,35
201803,경상북도,예천군,53,32
201803,경상북도,예천군,54,47
201803,경상북도,예천군,55,43
201803,경상북도,예천군,56,43
201803,경상북도,예천군,57,69
201803,경상북도,예천군,58,46
201803,경상북도,예천군,59,28
201803,경상북도,예천군,60,44
201803,경상북도,예천군,61,31
201803,경상북도,예천군,62,36
201803,경상북도,예천군,63,28
201803,경상북도,예천군,64,30
201803,경상북도,예천군,65,35
201803,경상북도,예천군,66,25
201803,경상북도,예천군,67,28
201803,경상북도,예천군,68,26
201803,경상북도,예천군,69,34
201803,경상북도,예천군,70,28
201803,경상북도,예천군,71,27
201803,경상북도,예천군,72,11
201803,경상북도,예천군,73,35
201803,경상북도,예천군,74,40
201803,경상북도,예천군,75,39
201803,경상북도,예천군,76,34
201803,경상북도,예천군,77,29
201803,경상북도,예천군,78,34
201803,경상북도,예천군,79,27
201803,경상북도,예천군,80,34
201803,경상북도,예천군,81,25
201803,경상북도,예천군,82,26
201803,경상북도,예천군,83,30
201803,경상북도,예천군,84,34
201803,경상북도,예천군,85,21
201803,경상북도,예천군,86,23
201803,경상북도,예천군,87,22
201803,경상북도,예천군,88,21
201803,경상북도,예천군,89,13
201803,경상북도,예천군,90,16
201803,경상북도,예천군,91,13
201803,경상북도,예천군,92,7
201803,경상북도,예천군,93,3
201803,경상북도,예천군,94,8
201803,경상북도,예천군,95,4
201803,경상북도,예천군,96,5
201803,경상북도,예천군,98,1
201803,경상북도,예천군,100,1
201803,경상북도,예천군,102,1
201803,경상북도,봉화군,1,1
201803,경상북도,봉화군,2,3
201803,경상북도,봉화군,3,2
201803,경상북도,봉화군,4,3
201803,경상북도,봉화군,5,2
201803,경상북도,봉화군,6,3
201803,경상북도,봉화군,7,12
201803,경상북도,봉화군,8,12
201803,경상북도,봉화군,9,13
201803,경상북도,봉화군,10,14
201803,경상북도,봉화군,11,20
201803,경상북도,봉화군,12,18
201803,경상북도,봉화군,13,23
201803,경상북도,봉화군,14,20
201803,경상북도,봉화군,15,28
201803,경상북도,봉화군,16,35
201803,경상북도,봉화군,17,39
201803,경상북도,봉화군,18,29
201803,경상북도,봉화군,19,22
201803,경상북도,봉화군,20,16
201803,경상북도,봉화군,21,10
201803,경상북도,봉화군,22,10
201803,경상북도,봉화군,23,7
201803,경상북도,봉화군,24,4
201803,경상북도,봉화군,25,6
201803,경상북도,봉화군,26,3
201803,경상북도,봉화군,27,1
201803,경상북도,봉화군,29,1
201803,경상북도,봉화군,30,2
201803,경상북도,봉화군,31,5
201803,경상북도,봉화군,32,3
201803,경상북도,봉화군,33,4
201803,경상북도,봉화군,34,7
201803,경상북도,봉화군,35,3
201803,경상북도,봉화군,36,8
201803,경상북도,봉화군,37,4
201803,경상북도,봉화군,38,5
201803,경상북도,봉화군,39,7
201803,경상북도,봉화군,40,12
201803,경상북도,봉화군,41,12
201803,경상북도,봉화군,42,9
201803,경상북도,봉화군,43,13
201803,경상북도,봉화군,44,18
201803,경상북도,봉화군,45,16
201803,경상북도,봉화군,46,20
201803,경상북도,봉화군,47,14
201803,경상북도,봉화군,48,27
201803,경상북도,봉화군,49,30
201803,경상북도,봉화군,50,21
201803,경상북도,봉화군,51,25
201803,경상북도,봉화군,52,29
201803,경상북도,봉화군,53,27
201803,경상북도,봉화군,54,23
201803,경상북도,봉화군,55,35
201803,경상북도,봉화군,56,23
201803,경상북도,봉화군,57,33
201803,경상북도,봉화군,58,32
201803,경상북도,봉화군,59,21
201803,경상북도,봉화군,60,24
201803,경상북도,봉화군,61,18
201803,경상북도,봉화군,62,22
201803,경상북도,봉화군,63,33
201803,경상북도,봉화군,64,15
201803,경상북도,봉화군,65,19
201803,경상북도,봉화군,66,25
201803,경상북도,봉화군,67,20
201803,경상북도,봉화군,68,17
201803,경상북도,봉화군,69,20
201803,경상북도,봉화군,70,20
201803,경상북도,봉화군,71,18
201803,경상북도,봉화군,72,8
201803,경상북도,봉화군,73,16
201803,경상북도,봉화군,74,27
201803,경상북도,봉화군,75,34
201803,경상북도,봉화군,76,25
201803,경상북도,봉화군,77,24
201803,경상북도,봉화군,78,20
201803,경상북도,봉화군,79,26
201803,경상북도,봉화군,80,23
201803,경상북도,봉화군,81,24
201803,경상북도,봉화군,82,27
201803,경상북도,봉화군,83,24
201803,경상북도,봉화군,84,12
201803,경상북도,봉화군,85,17
201803,경상북도,봉화군,86,7
201803,경상북도,봉화군,87,18
201803,경상북도,봉화군,88,15
201803,경상북도,봉화군,89,7
201803,경상북도,봉화군,90,9
201803,경상북도,봉화군,91,7
201803,경상북도,봉화군,92,10
201803,경상북도,봉화군,93,6
201803,경상북도,봉화군,94,2
201803,경상북도,봉화군,95,6
201803,경상북도,봉화군,96,3
201803,경상북도,봉화군,97,1
201803,경상북도,봉화군,99,2
201803,경상북도,봉화군,102,1
201803,경상북도,봉화군,110,1
201803,경상북도,봉화군,111,1
201803,경상북도,울진군,0,1
201803,경상북도,울진군,1,2
201803,경상북도,울진군,2,1
201803,경상북도,울진군,3,2
201803,경상북도,울진군,4,1
201803,경상북도,울진군,5,8
201803,경상북도,울진군,6,4
201803,경상북도,울진군,7,8
201803,경상북도,울진군,8,11
201803,경상북도,울진군,9,15
201803,경상북도,울진군,10,18
201803,경상북도,울진군,11,13
201803,경상북도,울진군,12,13
201803,경상북도,울진군,13,22
201803,경상북도,울진군,14,25
201803,경상북도,울진군,15,30
201803,경상북도,울진군,16,53
201803,경상북도,울진군,17,43
201803,경상북도,울진군,18,39
201803,경상북도,울진군,19,17
201803,경상북도,울진군,20,25
201803,경상북도,울진군,21,15
201803,경상북도,울진군,22,10
201803,경상북도,울진군,23,14
201803,경상북도,울진군,24,6
201803,경상북도,울진군,25,2
201803,경상북도,울진군,26,3
201803,경상북도,울진군,27,1
201803,경상북도,울진군,28,3
201803,경상북도,울진군,29,2
201803,경상북도,울진군,30,5
201803,경상북도,울진군,31,8
201803,경상북도,울진군,32,6
201803,경상북도,울진군,33,3
201803,경상북도,울진군,34,6
201803,경상북도,울진군,35,5
201803,경상북도,울진군,36,3
201803,경상북도,울진군,37,11
201803,경상북도,울진군,38,10
201803,경상북도,울진군,39,15
201803,경상북도,울진군,40,16
201803,경상북도,울진군,41,16
201803,경상북도,울진군,42,16
201803,경상북도,울진군,43,15
201803,경상북도,울진군,44,26
201803,경상북도,울진군,45,24
201803,경상북도,울진군,46,30
201803,경상북도,울진군,47,34
201803,경상북도,울진군,48,32
201803,경상북도,울진군,49,40
201803,경상북도,울진군,50,35
201803,경상북도,울진군,51,49
201803,경상북도,울진군,52,39
201803,경상북도,울진군,53,30
201803,경상북도,울진군,54,46
201803,경상북도,울진군,55,38
201803,경상북도,울진군,56,52
201803,경상북도,울진군,57,47
201803,경상북도,울진군,58,48
201803,경상북도,울진군,59,28
201803,경상북도,울진군,60,41
201803,경상북도,울진군,61,44
201803,경상북도,울진군,62,33
201803,경상북도,울진군,63,35
201803,경상북도,울진군,64,38
201803,경상북도,울진군,65,38
201803,경상북도,울진군,66,36
201803,경상북도,울진군,67,28
201803,경상북도,울진군,68,45
201803,경상북도,울진군,69,45
201803,경상북도,울진군,70,54
201803,경상북도,울진군,71,37
201803,경상북도,울진군,72,30
201803,경상북도,울진군,73,41
201803,경상북도,울진군,74,42
201803,경상북도,울진군,75,62
201803,경상북도,울진군,76,50
201803,경상북도,울진군,77,47
201803,경상북도,울진군,78,50
201803,경상북도,울진군,79,39
201803,경상북도,울진군,80,52
201803,경상북도,울진군,81,48
201803,경상북도,울진군,82,47
201803,경상북도,울진군,83,35
201803,경상북도,울진군,84,27
201803,경상북도,울진군,85,29
201803,경상북도,울진군,86,23
201803,경상북도,울진군,87,26
201803,경상북도,울진군,88,19
201803,경상북도,울진군,89,21
201803,경상북도,울진군,90,15
201803,경상북도,울진군,91,15
201803,경상북도,울진군,92,10
201803,경상북도,울진군,93,9
201803,경상북도,울진군,94,5
201803,경상북도,울진군,95,8
201803,경상북도,울진군,96,5
201803,경상북도,울진군,99,1
201803,경상북도,울진군,100,2
201803,경상북도,울진군,101,1
201803,경상북도,울릉군,1,1
201803,경상북도,울릉군,8,2
201803,경상북도,울릉군,10,3
201803,경상북도,울릉군,11,3
201803,경상북도,울릉군,12,1
201803,경상북도,울릉군,13,1
201803,경상북도,울릉군,14,1
201803,경상북도,울릉군,15,2
201803,경상북도,울릉군,16,3
201803,경상북도,울릉군,17,9
201803,경상북도,울릉군,18,3
201803,경상북도,울릉군,19,3
201803,경상북도,울릉군,20,3
201803,경상북도,울릉군,21,2
201803,경상북도,울릉군,23,1
201803,경상북도,울릉군,36,3
201803,경상북도,울릉군,37,2
201803,경상북도,울릉군,38,1
201803,경상북도,울릉군,39,1
201803,경상북도,울릉군,41,1
201803,경상북도,울릉군,43,2
201803,경상북도,울릉군,45,2
201803,경상북도,울릉군,46,1
201803,경상북도,울릉군,47,2
201803,경상북도,울릉군,48,2
201803,경상북도,울릉군,49,3
201803,경상북도,울릉군,50,1
201803,경상북도,울릉군,51,5
201803,경상북도,울릉군,52,7
201803,경상북도,울릉군,53,3
201803,경상북도,울릉군,54,1
201803,경상북도,울릉군,55,7
201803,경상북도,울릉군,56,6
201803,경상북도,울릉군,57,5
201803,경상북도,울릉군,58,3
201803,경상북도,울릉군,59,7
201803,경상북도,울릉군,60,5
201803,경상북도,울릉군,61,1
201803,경상북도,울릉군,62,2
201803,경상북도,울릉군,63,4
201803,경상북도,울릉군,64,7
201803,경상북도,울릉군,65,3
201803,경상북도,울릉군,66,7
201803,경상북도,울릉군,67,3
201803,경상북도,울릉군,68,2
201803,경상북도,울릉군,69,6
201803,경상북도,울릉군,70,3
201803,경상북도,울릉군,71,6
201803,경상북도,울릉군,72,2
201803,경상북도,울릉군,73,10
201803,경상북도,울릉군,74,5
201803,경상북도,울릉군,75,5
201803,경상북도,울릉군,76,3
201803,경상북도,울릉군,77,6
201803,경상북도,울릉군,78,7
201803,경상북도,울릉군,79,6
201803,경상북도,울릉군,80,7
201803,경상북도,울릉군,81,6
201803,경상북도,울릉군,82,6
201803,경상북도,울릉군,83,2
201803,경상북도,울릉군,84,3
201803,경상북도,울릉군,85,2
201803,경상북도,울릉군,86,2
201803,경상북도,울릉군,87,3
201803,경상북도,울릉군,88,2
201803,경상북도,울릉군,89,2
201803,경상북도,울릉군,93,1
201803,경상북도,울릉군,97,2
201803,경상북도,울릉군,98,1
201803,경상남도,창원시,0,30
201803,경상남도,창원시,1,25
201803,경상남도,창원시,2,53
201803,경상남도,창원시,3,58
201803,경상남도,창원시,4,67
201803,경상남도,창원시,5,81
201803,경상남도,창원시,6,109
201803,경상남도,창원시,7,206
201803,경상남도,창원시,8,308
201803,경상남도,창원시,9,356
201803,경상남도,창원시,10,407
201803,경상남도,창원시,11,389
201803,경상남도,창원시,12,388
201803,경상남도,창원시,13,449
201803,경상남도,창원시,14,475
201803,경상남도,창원시,15,553
201803,경상남도,창원시,16,627
201803,경상남도,창원시,17,776
201803,경상남도,창원시,18,433
201803,경상남도,창원시,19,326
201803,경상남도,창원시,20,223
201803,경상남도,창원시,21,204
201803,경상남도,창원시,22,189
201803,경상남도,창원시,23,138
201803,경상남도,창원시,24,102
201803,경상남도,창원시,25,76
201803,경상남도,창원시,26,54
201803,경상남도,창원시,27,51
201803,경상남도,창원시,28,49
201803,경상남도,창원시,29,44
201803,경상남도,창원시,30,40
201803,경상남도,창원시,31,40
201803,경상남도,창원시,32,65
201803,경상남도,창원시,33,58
201803,경상남도,창원시,34,80
201803,경상남도,창원시,35,80
201803,경상남도,창원시,36,95
201803,경상남도,창원시,37,106
201803,경상남도,창원시,38,99
201803,경상남도,창원시,39,120
201803,경상남도,창원시,40,140
201803,경상남도,창원시,41,162
201803,경상남도,창원시,42,195
201803,경상남도,창원시,43,222
201803,경상남도,창원시,44,249
201803,경상남도,창원시,45,278
201803,경상남도,창원시,46,279
201803,경상남도,창원시,47,311
201803,경상남도,창원시,48,344
201803,경상남도,창원시,49,364
201803,경상남도,창원시,50,336
201803,경상남도,창원시,51,382
201803,경상남도,창원시,52,364
201803,경상남도,창원시,53,337
201803,경상남도,창원시,54,350
201803,경상남도,창원시,55,404
201803,경상남도,창원시,56,430
201803,경상남도,창원시,57,494
201803,경상남도,창원시,58,450
201803,경상남도,창원시,59,432
201803,경상남도,창원시,60,417
201803,경상남도,창원시,61,434
201803,경상남도,창원시,62,399
201803,경상남도,창원시,63,417
201803,경상남도,창원시,64,333
201803,경상남도,창원시,65,363
201803,경상남도,창원시,66,389
201803,경상남도,창원시,67,388
201803,경상남도,창원시,68,343
201803,경상남도,창원시,69,385
201803,경상남도,창원시,70,320
201803,경상남도,창원시,71,320
201803,경상남도,창원시,72,232
201803,경상남도,창원시,73,302
201803,경상남도,창원시,74,251
201803,경상남도,창원시,75,372
201803,경상남도,창원시,76,334
201803,경상남도,창원시,77,276
201803,경상남도,창원시,78,300
201803,경상남도,창원시,79,250
201803,경상남도,창원시,80,257
201803,경상남도,창원시,81,213
201803,경상남도,창원시,82,203
201803,경상남도,창원시,83,195
201803,경상남도,창원시,84,155
201803,경상남도,창원시,85,145
201803,경상남도,창원시,86,132
201803,경상남도,창원시,87,103
201803,경상남도,창원시,88,71
201803,경상남도,창원시,89,71
201803,경상남도,창원시,90,32
201803,경상남도,창원시,91,40
201803,경상남도,창원시,92,25
201803,경상남도,창원시,93,21
201803,경상남도,창원시,94,13
201803,경상남도,창원시,95,16
201803,경상남도,창원시,96,8
201803,경상남도,창원시,97,3
201803,경상남도,창원시,98,5
201803,경상남도,창원시,99,6
201803,경상남도,창원시,100,1
201803,경상남도,창원시,101,2
201803,경상남도,창원시,102,2
201803,경상남도,진주시,0,18
201803,경상남도,진주시,1,26
201803,경상남도,진주시,2,31
201803,경상남도,진주시,3,24
201803,경상남도,진주시,4,43
201803,경상남도,진주시,5,49
201803,경상남도,진주시,6,56
201803,경상남도,진주시,7,127
201803,경상남도,진주시,8,143
201803,경상남도,진주시,9,175
201803,경상남도,진주시,10,225
201803,경상남도,진주시,11,212
201803,경상남도,진주시,12,184
201803,경상남도,진주시,13,211
201803,경상남도,진주시,14,238
201803,경상남도,진주시,15,311
201803,경상남도,진주시,16,309
201803,경상남도,진주시,17,365
201803,경상남도,진주시,18,237
201803,경상남도,진주시,19,175
201803,경상남도,진주시,20,133
201803,경상남도,진주시,21,124
201803,경상남도,진주시,22,115
201803,경상남도,진주시,23,98
201803,경상남도,진주시,24,64
201803,경상남도,진주시,25,50
201803,경상남도,진주시,26,35
201803,경상남도,진주시,27,23
201803,경상남도,진주시,28,18
201803,경상남도,진주시,29,20
201803,경상남도,진주시,30,25
201803,경상남도,진주시,31,22
201803,경상남도,진주시,32,20
201803,경상남도,진주시,33,31
201803,경상남도,진주시,34,34
201803,경상남도,진주시,35,47
201803,경상남도,진주시,36,46
201803,경상남도,진주시,37,67
201803,경상남도,진주시,38,55
201803,경상남도,진주시,39,62
201803,경상남도,진주시,40,64
201803,경상남도,진주시,41,88
201803,경상남도,진주시,42,101
201803,경상남도,진주시,43,110
201803,경상남도,진주시,44,144
201803,경상남도,진주시,45,165
201803,경상남도,진주시,46,166
201803,경상남도,진주시,47,174
201803,경상남도,진주시,48,185
201803,경상남도,진주시,49,187
201803,경상남도,진주시,50,200
201803,경상남도,진주시,51,173
201803,경상남도,진주시,52,200
201803,경상남도,진주시,53,186
201803,경상남도,진주시,54,162
201803,경상남도,진주시,55,206
201803,경상남도,진주시,56,214
201803,경상남도,진주시,57,236
201803,경상남도,진주시,58,219
201803,경상남도,진주시,59,200
201803,경상남도,진주시,60,181
201803,경상남도,진주시,61,176
201803,경상남도,진주시,62,201
201803,경상남도,진주시,63,171
201803,경상남도,진주시,64,116
201803,경상남도,진주시,65,150
201803,경상남도,진주시,66,128
201803,경상남도,진주시,67,153
201803,경상남도,진주시,68,130
201803,경상남도,진주시,69,150
201803,경상남도,진주시,70,155
201803,경상남도,진주시,71,127
201803,경상남도,진주시,72,114
201803,경상남도,진주시,73,114
201803,경상남도,진주시,74,134
201803,경상남도,진주시,75,149
201803,경상남도,진주시,76,141
201803,경상남도,진주시,77,126
201803,경상남도,진주시,78,125
201803,경상남도,진주시,79,141
201803,경상남도,진주시,80,94
201803,경상남도,진주시,81,88
201803,경상남도,진주시,82,85
201803,경상남도,진주시,83,85
201803,경상남도,진주시,84,59
201803,경상남도,진주시,85,69
201803,경상남도,진주시,86,53
201803,경상남도,진주시,87,63
201803,경상남도,진주시,88,52
201803,경상남도,진주시,89,28
201803,경상남도,진주시,90,25
201803,경상남도,진주시,91,13
201803,경상남도,진주시,92,15
201803,경상남도,진주시,93,16
201803,경상남도,진주시,94,8
201803,경상남도,진주시,95,14
201803,경상남도,진주시,96,4
201803,경상남도,진주시,97,2
201803,경상남도,진주시,98,2
201803,경상남도,진주시,99,1
201803,경상남도,진주시,100,1
201803,경상남도,진주시,101,1
201803,경상남도,진주시,103,1
201803,경상남도,진주시,105,1
201803,경상남도,통영시,0,5
201803,경상남도,통영시,1,9
201803,경상남도,통영시,2,15
201803,경상남도,통영시,3,18
201803,경상남도,통영시,4,18
201803,경상남도,통영시,5,23
201803,경상남도,통영시,6,29
201803,경상남도,통영시,7,60
201803,경상남도,통영시,8,55
201803,경상남도,통영시,9,85
201803,경상남도,통영시,10,98
201803,경상남도,통영시,11,84
201803,경상남도,통영시,12,95
201803,경상남도,통영시,13,84
201803,경상남도,통영시,14,93
201803,경상남도,통영시,15,137
201803,경상남도,통영시,16,147
201803,경상남도,통영시,17,147
201803,경상남도,통영시,18,110
201803,경상남도,통영시,19,83
201803,경상남도,통영시,20,72
201803,경상남도,통영시,21,55
201803,경상남도,통영시,22,38
201803,경상남도,통영시,23,29
201803,경상남도,통영시,24,24
201803,경상남도,통영시,25,13
201803,경상남도,통영시,26,12
201803,경상남도,통영시,27,5
201803,경상남도,통영시,28,13
201803,경상남도,통영시,29,5
201803,경상남도,통영시,30,11
201803,경상남도,통영시,31,8
201803,경상남도,통영시,32,13
201803,경상남도,통영시,33,17
201803,경상남도,통영시,34,16
201803,경상남도,통영시,35,21
201803,경상남도,통영시,36,29
201803,경상남도,통영시,37,31
201803,경상남도,통영시,38,42
201803,경상남도,통영시,39,28
201803,경상남도,통영시,40,28
201803,경상남도,통영시,41,34
201803,경상남도,통영시,42,45
201803,경상남도,통영시,43,49
201803,경상남도,통영시,44,87
201803,경상남도,통영시,45,66
201803,경상남도,통영시,46,64
201803,경상남도,통영시,47,57
201803,경상남도,통영시,48,74
201803,경상남도,통영시,49,83
201803,경상남도,통영시,50,84
201803,경상남도,통영시,51,86
201803,경상남도,통영시,52,92
201803,경상남도,통영시,53,79
201803,경상남도,통영시,54,80
201803,경상남도,통영시,55,74
201803,경상남도,통영시,56,103
201803,경상남도,통영시,57,103
201803,경상남도,통영시,58,96
201803,경상남도,통영시,59,80
201803,경상남도,통영시,60,54
201803,경상남도,통영시,61,92
201803,경상남도,통영시,62,80
201803,경상남도,통영시,63,78
201803,경상남도,통영시,64,63
201803,경상남도,통영시,65,87
201803,경상남도,통영시,66,63
201803,경상남도,통영시,67,85
201803,경상남도,통영시,68,81
201803,경상남도,통영시,69,78
201803,경상남도,통영시,70,67
201803,경상남도,통영시,71,62
201803,경상남도,통영시,72,35
201803,경상남도,통영시,73,65
201803,경상남도,통영시,74,59
201803,경상남도,통영시,75,83
201803,경상남도,통영시,76,72
201803,경상남도,통영시,77,68
201803,경상남도,통영시,78,61
201803,경상남도,통영시,79,54
201803,경상남도,통영시,80,49
201803,경상남도,통영시,81,53
201803,경상남도,통영시,82,50
201803,경상남도,통영시,83,40
201803,경상남도,통영시,84,36
201803,경상남도,통영시,85,41
201803,경상남도,통영시,86,26
201803,경상남도,통영시,87,23
201803,경상남도,통영시,88,25
201803,경상남도,통영시,89,17
201803,경상남도,통영시,90,17
201803,경상남도,통영시,91,9
201803,경상남도,통영시,92,6
201803,경상남도,통영시,93,4
201803,경상남도,통영시,94,2
201803,경상남도,통영시,95,6
201803,경상남도,통영시,96,2
201803,경상남도,통영시,97,2
201803,경상남도,통영시,98,3
201803,경상남도,통영시,99,3
201803,경상남도,사천시,0,4
201803,경상남도,사천시,1,6
201803,경상남도,사천시,2,10
201803,경상남도,사천시,3,12
201803,경상남도,사천시,4,7
201803,경상남도,사천시,5,25
201803,경상남도,사천시,6,18
201803,경상남도,사천시,7,41
201803,경상남도,사천시,8,45
201803,경상남도,사천시,9,58
201803,경상남도,사천시,10,72
201803,경상남도,사천시,11,63
201803,경상남도,사천시,12,63
201803,경상남도,사천시,13,72
201803,경상남도,사천시,14,93
201803,경상남도,사천시,15,86
201803,경상남도,사천시,16,86
201803,경상남도,사천시,17,119
201803,경상남도,사천시,18,81
201803,경상남도,사천시,19,58
201803,경상남도,사천시,20,54
201803,경상남도,사천시,21,34
201803,경상남도,사천시,22,22
201803,경상남도,사천시,23,21
201803,경상남도,사천시,24,13
201803,경상남도,사천시,25,6
201803,경상남도,사천시,26,9
201803,경상남도,사천시,27,2
201803,경상남도,사천시,28,8
201803,경상남도,사천시,29,7
201803,경상남도,사천시,30,3
201803,경상남도,사천시,31,6
201803,경상남도,사천시,32,12
201803,경상남도,사천시,33,10
201803,경상남도,사천시,34,17
201803,경상남도,사천시,35,20
201803,경상남도,사천시,36,16
201803,경상남도,사천시,37,26
201803,경상남도,사천시,38,27
201803,경상남도,사천시,39,33
201803,경상남도,사천시,40,23
201803,경상남도,사천시,41,29
201803,경상남도,사천시,42,41
201803,경상남도,사천시,43,43
201803,경상남도,사천시,44,39
201803,경상남도,사천시,45,53
201803,경상남도,사천시,46,50
201803,경상남도,사천시,47,61
201803,경상남도,사천시,48,65
201803,경상남도,사천시,49,83
201803,경상남도,사천시,50,69
201803,경상남도,사천시,51,75
201803,경상남도,사천시,52,86
201803,경상남도,사천시,53,59
201803,경상남도,사천시,54,76
201803,경상남도,사천시,55,91
201803,경상남도,사천시,56,94
201803,경상남도,사천시,57,106
201803,경상남도,사천시,58,92
201803,경상남도,사천시,59,88
201803,경상남도,사천시,60,69
201803,경상남도,사천시,61,70
201803,경상남도,사천시,62,80
201803,경상남도,사천시,63,81
201803,경상남도,사천시,64,58
201803,경상남도,사천시,65,67
201803,경상남도,사천시,66,88
201803,경상남도,사천시,67,65
201803,경상남도,사천시,68,74
201803,경상남도,사천시,69,68
201803,경상남도,사천시,70,77
201803,경상남도,사천시,71,79
201803,경상남도,사천시,72,53
201803,경상남도,사천시,73,57
201803,경상남도,사천시,74,54
201803,경상남도,사천시,75,86
201803,경상남도,사천시,76,87
201803,경상남도,사천시,77,68
201803,경상남도,사천시,78,48
201803,경상남도,사천시,79,56
201803,경상남도,사천시,80,62
201803,경상남도,사천시,81,57
201803,경상남도,사천시,82,59
201803,경상남도,사천시,83,45
201803,경상남도,사천시,84,43
201803,경상남도,사천시,85,39
201803,경상남도,사천시,86,33
201803,경상남도,사천시,87,19
201803,경상남도,사천시,88,16
201803,경상남도,사천시,89,17
201803,경상남도,사천시,90,14
201803,경상남도,사천시,91,8
201803,경상남도,사천시,92,9
201803,경상남도,사천시,93,9
201803,경상남도,사천시,94,5
201803,경상남도,사천시,95,2
201803,경상남도,사천시,96,3
201803,경상남도,사천시,97,2
201803,경상남도,사천시,98,1
201803,경상남도,사천시,100,1
201803,경상남도,김해시,0,20
201803,경상남도,김해시,1,34
201803,경상남도,김해시,2,45
201803,경상남도,김해시,3,36
201803,경상남도,김해시,4,50
201803,경상남도,김해시,5,47
201803,경상남도,김해시,6,76
201803,경상남도,김해시,7,172
201803,경상남도,김해시,8,208
201803,경상남도,김해시,9,222
201803,경상남도,김해시,10,240
201803,경상남도,김해시,11,251
201803,경상남도,김해시,12,234
201803,경상남도,김해시,13,265
201803,경상남도,김해시,14,330
201803,경상남도,김해시,15,373
201803,경상남도,김해시,16,383
201803,경상남도,김해시,17,485
201803,경상남도,김해시,18,313
201803,경상남도,김해시,19,230
201803,경상남도,김해시,20,175
201803,경상남도,김해시,21,172
201803,경상남도,김해시,22,157
201803,경상남도,김해시,23,111
201803,경상남도,김해시,24,92
201803,경상남도,김해시,25,72
201803,경상남도,김해시,26,36
201803,경상남도,김해시,27,33
201803,경상남도,김해시,28,23
201803,경상남도,김해시,29,25
201803,경상남도,김해시,30,26
201803,경상남도,김해시,31,40
201803,경상남도,김해시,32,47
201803,경상남도,김해시,33,35
201803,경상남도,김해시,34,40
201803,경상남도,김해시,35,59
201803,경상남도,김해시,36,50
201803,경상남도,김해시,37,75
201803,경상남도,김해시,38,87
201803,경상남도,김해시,39,102
201803,경상남도,김해시,40,83
201803,경상남도,김해시,41,79
201803,경상남도,김해시,42,101
201803,경상남도,김해시,43,135
201803,경상남도,김해시,44,163
201803,경상남도,김해시,45,180
201803,경상남도,김해시,46,183
201803,경상남도,김해시,47,215
201803,경상남도,김해시,48,241
201803,경상남도,김해시,49,237
201803,경상남도,김해시,50,227
201803,경상남도,김해시,51,212
201803,경상남도,김해시,52,208
201803,경상남도,김해시,53,234
201803,경상남도,김해시,54,203
201803,경상남도,김해시,55,272
201803,경상남도,김해시,56,220
201803,경상남도,김해시,57,271
201803,경상남도,김해시,58,273
201803,경상남도,김해시,59,199
201803,경상남도,김해시,60,248
201803,경상남도,김해시,61,225
201803,경상남도,김해시,62,227
201803,경상남도,김해시,63,210
201803,경상남도,김해시,64,175
201803,경상남도,김해시,65,235
201803,경상남도,김해시,66,202
201803,경상남도,김해시,67,158
201803,경상남도,김해시,68,206
201803,경상남도,김해시,69,217
201803,경상남도,김해시,70,198
201803,경상남도,김해시,71,183
201803,경상남도,김해시,72,143
201803,경상남도,김해시,73,174
201803,경상남도,김해시,74,184
201803,경상남도,김해시,75,221
201803,경상남도,김해시,76,172
201803,경상남도,김해시,77,150
201803,경상남도,김해시,78,157
201803,경상남도,김해시,79,141
201803,경상남도,김해시,80,136
201803,경상남도,김해시,81,107
201803,경상남도,김해시,82,107
201803,경상남도,김해시,83,116
201803,경상남도,김해시,84,83
201803,경상남도,김해시,85,96
201803,경상남도,김해시,86,70
201803,경상남도,김해시,87,55
201803,경상남도,김해시,88,31
201803,경상남도,김해시,89,30
201803,경상남도,김해시,90,38
201803,경상남도,김해시,91,33
201803,경상남도,김해시,92,12
201803,경상남도,김해시,93,12
201803,경상남도,김해시,94,15
201803,경상남도,김해시,95,9
201803,경상남도,김해시,96,6
201803,경상남도,김해시,97,4
201803,경상남도,김해시,98,2
201803,경상남도,김해시,99,3
201803,경상남도,김해시,102,1
201803,경상남도,밀양시,0,5
201803,경상남도,밀양시,1,6
201803,경상남도,밀양시,2,8
201803,경상남도,밀양시,3,11
201803,경상남도,밀양시,4,9
201803,경상남도,밀양시,5,12
201803,경상남도,밀양시,6,14
201803,경상남도,밀양시,7,39
201803,경상남도,밀양시,8,43
201803,경상남도,밀양시,9,64
201803,경상남도,밀양시,10,71
201803,경상남도,밀양시,11,57
201803,경상남도,밀양시,12,73
201803,경상남도,밀양시,13,72
201803,경상남도,밀양시,14,92
201803,경상남도,밀양시,15,84
201803,경상남도,밀양시,16,100
201803,경상남도,밀양시,17,123
201803,경상남도,밀양시,18,87
201803,경상남도,밀양시,19,58
201803,경상남도,밀양시,20,36
201803,경상남도,밀양시,21,34
201803,경상남도,밀양시,22,30
201803,경상남도,밀양시,23,20
201803,경상남도,밀양시,24,14
201803,경상남도,밀양시,25,12
201803,경상남도,밀양시,26,4
201803,경상남도,밀양시,27,1
201803,경상남도,밀양시,28,8
201803,경상남도,밀양시,29,2
201803,경상남도,밀양시,30,7
201803,경상남도,밀양시,31,16
201803,경상남도,밀양시,32,12
201803,경상남도,밀양시,33,7
201803,경상남도,밀양시,34,24
201803,경상남도,밀양시,35,14
201803,경상남도,밀양시,36,10
201803,경상남도,밀양시,37,30
201803,경상남도,밀양시,38,22
201803,경상남도,밀양시,39,27
201803,경상남도,밀양시,40,27
201803,경상남도,밀양시,41,27
201803,경상남도,밀양시,42,33
201803,경상남도,밀양시,43,35
201803,경상남도,밀양시,44,47
201803,경상남도,밀양시,45,48
201803,경상남도,밀양시,46,45
201803,경상남도,밀양시,47,47
201803,경상남도,밀양시,48,78
201803,경상남도,밀양시,49,71
201803,경상남도,밀양시,50,61
201803,경상남도,밀양시,51,78
201803,경상남도,밀양시,52,84
201803,경상남도,밀양시,53,83
201803,경상남도,밀양시,54,75
201803,경상남도,밀양시,55,93
201803,경상남도,밀양시,56,90
201803,경상남도,밀양시,57,94
201803,경상남도,밀양시,58,91
201803,경상남도,밀양시,59,83
201803,경상남도,밀양시,60,92
201803,경상남도,밀양시,61,76
201803,경상남도,밀양시,62,85
201803,경상남도,밀양시,63,89
201803,경상남도,밀양시,64,73
201803,경상남도,밀양시,65,82
201803,경상남도,밀양시,66,74
201803,경상남도,밀양시,67,61
201803,경상남도,밀양시,68,83
201803,경상남도,밀양시,69,96
201803,경상남도,밀양시,70,85
201803,경상남도,밀양시,71,77
201803,경상남도,밀양시,72,43
201803,경상남도,밀양시,73,66
201803,경상남도,밀양시,74,68
201803,경상남도,밀양시,75,101
201803,경상남도,밀양시,76,78
201803,경상남도,밀양시,77,78
201803,경상남도,밀양시,78,85
201803,경상남도,밀양시,79,65
201803,경상남도,밀양시,80,69
201803,경상남도,밀양시,81,74
201803,경상남도,밀양시,82,58
201803,경상남도,밀양시,83,56
201803,경상남도,밀양시,84,43
201803,경상남도,밀양시,85,54
201803,경상남도,밀양시,86,37
201803,경상남도,밀양시,87,22
201803,경상남도,밀양시,88,36
201803,경상남도,밀양시,89,20
201803,경상남도,밀양시,90,14
201803,경상남도,밀양시,91,13
201803,경상남도,밀양시,92,9
201803,경상남도,밀양시,93,6
201803,경상남도,밀양시,94,7
201803,경상남도,밀양시,95,7
201803,경상남도,밀양시,96,3
201803,경상남도,밀양시,97,1
201803,경상남도,밀양시,98,1
201803,경상남도,밀양시,99,2
201803,경상남도,밀양시,102,1
201803,경상남도,밀양시,103,1
201803,경상남도,거제시,0,3
201803,경상남도,거제시,1,4
201803,경상남도,거제시,2,6
201803,경상남도,거제시,3,10
201803,경상남도,거제시,4,7
201803,경상남도,거제시,5,7
201803,경상남도,거제시,6,19
201803,경상남도,거제시,7,41
201803,경상남도,거제시,8,41
201803,경상남도,거제시,9,59
201803,경상남도,거제시,10,81
201803,경상남도,거제시,11,60
201803,경상남도,거제시,12,50
201803,경상남도,거제시,13,79
201803,경상남도,거제시,14,87
201803,경상남도,거제시,15,60
201803,경상남도,거제시,16,89
201803,경상남도,거제시,17,100
201803,경상남도,거제시,18,71
201803,경상남도,거제시,19,31
201803,경상남도,거제시,20,21
201803,경상남도,거제시,21,15
201803,경상남도,거제시,22,18
201803,경상남도,거제시,23,8
201803,경상남도,거제시,24,7
201803,경상남도,거제시,25,7
201803,경상남도,거제시,26,6
201803,경상남도,거제시,27,8
201803,경상남도,거제시,28,5
201803,경상남도,거제시,29,6
201803,경상남도,거제시,30,4
201803,경상남도,거제시,31,6
201803,경상남도,거제시,32,15
201803,경상남도,거제시,33,4
201803,경상남도,거제시,34,15
201803,경상남도,거제시,35,15
201803,경상남도,거제시,36,9
201803,경상남도,거제시,37,10
201803,경상남도,거제시,38,17
201803,경상남도,거제시,39,22
201803,경상남도,거제시,40,28
201803,경상남도,거제시,41,18
201803,경상남도,거제시,42,23
201803,경상남도,거제시,43,26
201803,경상남도,거제시,44,29
201803,경상남도,거제시,45,49
201803,경상남도,거제시,46,39
201803,경상남도,거제시,47,41
201803,경상남도,거제시,48,43
201803,경상남도,거제시,49,57
201803,경상남도,거제시,50,45
201803,경상남도,거제시,51,51
201803,경상남도,거제시,52,39
201803,경상남도,거제시,53,57
201803,경상남도,거제시,54,50
201803,경상남도,거제시,55,57
201803,경상남도,거제시,56,65
201803,경상남도,거제시,57,65
201803,경상남도,거제시,58,60
201803,경상남도,거제시,59,55
201803,경상남도,거제시,60,64
201803,경상남도,거제시,61,62
201803,경상남도,거제시,62,44
201803,경상남도,거제시,63,51
201803,경상남도,거제시,64,46
201803,경상남도,거제시,65,54
201803,경상남도,거제시,66,35
201803,경상남도,거제시,67,42
201803,경상남도,거제시,68,38
201803,경상남도,거제시,69,42
201803,경상남도,거제시,70,50
201803,경상남도,거제시,71,35
201803,경상남도,거제시,72,28
201803,경상남도,거제시,73,48
201803,경상남도,거제시,74,46
201803,경상남도,거제시,75,35
201803,경상남도,거제시,76,34
201803,경상남도,거제시,77,29
201803,경상남도,거제시,78,23
201803,경상남도,거제시,79,28
201803,경상남도,거제시,80,30
201803,경상남도,거제시,81,30
201803,경상남도,거제시,82,33
201803,경상남도,거제시,83,23
201803,경상남도,거제시,84,14
201803,경상남도,거제시,85,18
201803,경상남도,거제시,86,13
201803,경상남도,거제시,87,13
201803,경상남도,거제시,88,17
201803,경상남도,거제시,89,15
201803,경상남도,거제시,90,5
201803,경상남도,거제시,91,7
201803,경상남도,거제시,92,2
201803,경상남도,거제시,93,5
201803,경상남도,거제시,94,6
201803,경상남도,거제시,95,1
201803,경상남도,거제시,96,4
201803,경상남도,거제시,97,2
201803,경상남도,거제시,98,1
201803,경상남도,양산시,0,12
201803,경상남도,양산시,1,26
201803,경상남도,양산시,2,25
201803,경상남도,양산시,3,28
201803,경상남도,양산시,4,42
201803,경상남도,양산시,5,46
201803,경상남도,양산시,6,43
201803,경상남도,양산시,7,75
201803,경상남도,양산시,8,100
201803,경상남도,양산시,9,97
201803,경상남도,양산시,10,132
201803,경상남도,양산시,11,117
201803,경상남도,양산시,12,155
201803,경상남도,양산시,13,121
201803,경상남도,양산시,14,164
201803,경상남도,양산시,15,150
201803,경상남도,양산시,16,194
201803,경상남도,양산시,17,193
201803,경상남도,양산시,18,158
201803,경상남도,양산시,19,104
201803,경상남도,양산시,20,83
201803,경상남도,양산시,21,64
201803,경상남도,양산시,22,78
201803,경상남도,양산시,23,66
201803,경상남도,양산시,24,40
201803,경상남도,양산시,25,47
201803,경상남도,양산시,26,24
201803,경상남도,양산시,27,18
201803,경상남도,양산시,28,22
201803,경상남도,양산시,29,16
201803,경상남도,양산시,30,19
201803,경상남도,양산시,31,15
201803,경상남도,양산시,32,17
201803,경상남도,양산시,33,22
201803,경상남도,양산시,34,32
201803,경상남도,양산시,35,34
201803,경상남도,양산시,36,41
201803,경상남도,양산시,37,43
201803,경상남도,양산시,38,46
201803,경상남도,양산시,39,49
201803,경상남도,양산시,40,67
201803,경상남도,양산시,41,58
201803,경상남도,양산시,42,69
201803,경상남도,양산시,43,91
201803,경상남도,양산시,44,119
201803,경상남도,양산시,45,109
201803,경상남도,양산시,46,125
201803,경상남도,양산시,47,116
201803,경상남도,양산시,48,127
201803,경상남도,양산시,49,141
201803,경상남도,양산시,50,157
201803,경상남도,양산시,51,131
201803,경상남도,양산시,52,133
201803,경상남도,양산시,53,139
201803,경상남도,양산시,54,133
201803,경상남도,양산시,55,145
201803,경상남도,양산시,56,149
201803,경상남도,양산시,57,156
201803,경상남도,양산시,58,151
201803,경상남도,양산시,59,156
201803,경상남도,양산시,60,135
201803,경상남도,양산시,61,145
201803,경상남도,양산시,62,136
201803,경상남도,양산시,63,145
201803,경상남도,양산시,64,102
201803,경상남도,양산시,65,115
201803,경상남도,양산시,66,119
201803,경상남도,양산시,67,118
201803,경상남도,양산시,68,114
201803,경상남도,양산시,69,103
201803,경상남도,양산시,70,121
201803,경상남도,양산시,71,126
201803,경상남도,양산시,72,108
201803,경상남도,양산시,73,116
201803,경상남도,양산시,74,143
201803,경상남도,양산시,75,155
201803,경상남도,양산시,76,105
201803,경상남도,양산시,77,134
201803,경상남도,양산시,78,110
201803,경상남도,양산시,79,91
201803,경상남도,양산시,80,74
201803,경상남도,양산시,81,95
201803,경상남도,양산시,82,80
201803,경상남도,양산시,83,67
201803,경상남도,양산시,84,61
201803,경상남도,양산시,85,54
201803,경상남도,양산시,86,46
201803,경상남도,양산시,87,42
201803,경상남도,양산시,88,28
201803,경상남도,양산시,89,27
201803,경상남도,양산시,90,13
201803,경상남도,양산시,91,19
201803,경상남도,양산시,92,10
201803,경상남도,양산시,93,13
201803,경상남도,양산시,94,11
201803,경상남도,양산시,95,14
201803,경상남도,양산시,96,6
201803,경상남도,양산시,97,2
201803,경상남도,양산시,98,2
201803,경상남도,양산시,100,1
201803,경상남도,양산시,104,1
201803,경상남도,의령군,3,1
201803,경상남도,의령군,4,1
201803,경상남도,의령군,5,3
201803,경상남도,의령군,6,1
201803,경상남도,의령군,7,8
201803,경상남도,의령군,8,12
201803,경상남도,의령군,9,6
201803,경상남도,의령군,10,8
201803,경상남도,의령군,11,12
201803,경상남도,의령군,12,9
201803,경상남도,의령군,13,12
201803,경상남도,의령군,14,14
201803,경상남도,의령군,15,16
201803,경상남도,의령군,16,15
201803,경상남도,의령군,17,24
201803,경상남도,의령군,18,13
201803,경상남도,의령군,19,10
201803,경상남도,의령군,20,5
201803,경상남도,의령군,21,5
201803,경상남도,의령군,22,6
201803,경상남도,의령군,23,8
201803,경상남도,의령군,24,3
201803,경상남도,의령군,25,0
201803,경상남도,의령군,26,1
201803,경상남도,의령군,27,3
201803,경상남도,의령군,28,4
201803,경상남도,의령군,29,2
201803,경상남도,의령군,30,1
201803,경상남도,의령군,31,3
201803,경상남도,의령군,32,4
201803,경상남도,의령군,33,4
201803,경상남도,의령군,34,2
201803,경상남도,의령군,35,6
201803,경상남도,의령군,36,5
201803,경상남도,의령군,37,5
201803,경상남도,의령군,38,5
201803,경상남도,의령군,39,4
201803,경상남도,의령군,40,4
201803,경상남도,의령군,41,7
201803,경상남도,의령군,42,6
201803,경상남도,의령군,43,6
201803,경상남도,의령군,44,14
201803,경상남도,의령군,45,12
201803,경상남도,의령군,46,20
201803,경상남도,의령군,47,19
201803,경상남도,의령군,48,14
201803,경상남도,의령군,49,21
201803,경상남도,의령군,50,12
201803,경상남도,의령군,51,23
201803,경상남도,의령군,52,15
201803,경상남도,의령군,53,30
201803,경상남도,의령군,54,23
201803,경상남도,의령군,55,26
201803,경상남도,의령군,56,25
201803,경상남도,의령군,57,29
201803,경상남도,의령군,58,23
201803,경상남도,의령군,59,23
201803,경상남도,의령군,60,22
201803,경상남도,의령군,61,18
201803,경상남도,의령군,62,19
201803,경상남도,의령군,63,22
201803,경상남도,의령군,64,14
201803,경상남도,의령군,65,19
201803,경상남도,의령군,66,11
201803,경상남도,의령군,67,21
201803,경상남도,의령군,68,11
201803,경상남도,의령군,69,21
201803,경상남도,의령군,70,18
201803,경상남도,의령군,71,12
201803,경상남도,의령군,72,10
201803,경상남도,의령군,73,10
201803,경상남도,의령군,74,14
201803,경상남도,의령군,75,24
201803,경상남도,의령군,76,19
201803,경상남도,의령군,77,19
201803,경상남도,의령군,78,21
201803,경상남도,의령군,79,17
201803,경상남도,의령군,80,24
201803,경상남도,의령군,81,21
201803,경상남도,의령군,82,22
201803,경상남도,의령군,83,22
201803,경상남도,의령군,84,18
201803,경상남도,의령군,85,10
201803,경상남도,의령군,86,15
201803,경상남도,의령군,87,5
201803,경상남도,의령군,88,11
201803,경상남도,의령군,89,9
201803,경상남도,의령군,90,9
201803,경상남도,의령군,91,5
201803,경상남도,의령군,92,4
201803,경상남도,의령군,93,1
201803,경상남도,의령군,94,2
201803,경상남도,의령군,96,1
201803,경상남도,의령군,97,2
201803,경상남도,의령군,102,1
201803,경상남도,함안군,0,2
201803,경상남도,함안군,1,4
201803,경상남도,함안군,2,6
201803,경상남도,함안군,3,5
201803,경상남도,함안군,4,4
201803,경상남도,함안군,5,6
201803,경상남도,함안군,6,9
201803,경상남도,함안군,7,19
201803,경상남도,함안군,8,18
201803,경상남도,함안군,9,29
201803,경상남도,함안군,10,29
201803,경상남도,함안군,11,29
201803,경상남도,함안군,12,30
201803,경상남도,함안군,13,40
201803,경상남도,함안군,14,40
201803,경상남도,함안군,15,35
201803,경상남도,함안군,16,39
201803,경상남도,함안군,17,45
201803,경상남도,함안군,18,36
201803,경상남도,함안군,19,26
201803,경상남도,함안군,20,23
201803,경상남도,함안군,21,20
201803,경상남도,함안군,22,22
201803,경상남도,함안군,23,14
201803,경상남도,함안군,24,10
201803,경상남도,함안군,25,3
201803,경상남도,함안군,26,6
201803,경상남도,함안군,27,2
201803,경상남도,함안군,28,4
201803,경상남도,함안군,29,2
201803,경상남도,함안군,30,1
201803,경상남도,함안군,31,1
201803,경상남도,함안군,32,6
201803,경상남도,함안군,33,5
201803,경상남도,함안군,34,4
201803,경상남도,함안군,35,4
201803,경상남도,함안군,36,16
201803,경상남도,함안군,37,10
201803,경상남도,함안군,38,13
201803,경상남도,함안군,39,9
201803,경상남도,함안군,40,13
201803,경상남도,함안군,41,13
201803,경상남도,함안군,42,16
201803,경상남도,함안군,43,13
201803,경상남도,함안군,44,26
201803,경상남도,함안군,45,20
201803,경상남도,함안군,46,27
201803,경상남도,함안군,47,27
201803,경상남도,함안군,48,24
201803,경상남도,함안군,49,43
201803,경상남도,함안군,50,31
201803,경상남도,함안군,51,41
201803,경상남도,함안군,52,39
201803,경상남도,함안군,53,53
201803,경상남도,함안군,54,27
201803,경상남도,함안군,55,50
201803,경상남도,함안군,56,44
201803,경상남도,함안군,57,50
201803,경상남도,함안군,58,47
201803,경상남도,함안군,59,47
201803,경상남도,함안군,60,39
201803,경상남도,함안군,61,40
201803,경상남도,함안군,62,37
201803,경상남도,함안군,63,41
201803,경상남도,함안군,64,25
201803,경상남도,함안군,65,43
201803,경상남도,함안군,66,28
201803,경상남도,함안군,67,23
201803,경상남도,함안군,68,34
201803,경상남도,함안군,69,32
201803,경상남도,함안군,70,26
201803,경상남도,함안군,71,27
201803,경상남도,함안군,72,36
201803,경상남도,함안군,73,32
201803,경상남도,함안군,74,33
201803,경상남도,함안군,75,54
201803,경상남도,함안군,76,40
201803,경상남도,함안군,77,37
201803,경상남도,함안군,78,30
201803,경상남도,함안군,79,42
201803,경상남도,함안군,80,25
201803,경상남도,함안군,81,33
201803,경상남도,함안군,82,34
201803,경상남도,함안군,83,26
201803,경상남도,함안군,84,23
201803,경상남도,함안군,85,20
201803,경상남도,함안군,86,21
201803,경상남도,함안군,87,15
201803,경상남도,함안군,88,19
201803,경상남도,함안군,89,12
201803,경상남도,함안군,90,12
201803,경상남도,함안군,91,4
201803,경상남도,함안군,92,7
201803,경상남도,함안군,93,4
201803,경상남도,함안군,94,4
201803,경상남도,함안군,95,2
201803,경상남도,창녕군,0,4
201803,경상남도,창녕군,1,6
201803,경상남도,창녕군,2,3
201803,경상남도,창녕군,3,6
201803,경상남도,창녕군,4,9
201803,경상남도,창녕군,5,6
201803,경상남도,창녕군,6,15
201803,경상남도,창녕군,7,24
201803,경상남도,창녕군,8,28
201803,경상남도,창녕군,9,28
201803,경상남도,창녕군,10,24
201803,경상남도,창녕군,11,27
201803,경상남도,창녕군,12,19
201803,경상남도,창녕군,13,26
201803,경상남도,창녕군,14,27
201803,경상남도,창녕군,15,32
201803,경상남도,창녕군,16,55
201803,경상남도,창녕군,17,50
201803,경상남도,창녕군,18,31
201803,경상남도,창녕군,19,33
201803,경상남도,창녕군,20,29
201803,경상남도,창녕군,21,17
201803,경상남도,창녕군,22,14
201803,경상남도,창녕군,23,9
201803,경상남도,창녕군,24,8
201803,경상남도,창녕군,25,7
201803,경상남도,창녕군,26,6
201803,경상남도,창녕군,27,6
201803,경상남도,창녕군,28,2
201803,경상남도,창녕군,29,8
201803,경상남도,창녕군,30,9
201803,경상남도,창녕군,31,6
201803,경상남도,창녕군,32,6
201803,경상남도,창녕군,33,8
201803,경상남도,창녕군,34,3
201803,경상남도,창녕군,35,6
201803,경상남도,창녕군,36,9
201803,경상남도,창녕군,37,9
201803,경상남도,창녕군,38,13
201803,경상남도,창녕군,39,15
201803,경상남도,창녕군,40,11
201803,경상남도,창녕군,41,12
201803,경상남도,창녕군,42,14
201803,경상남도,창녕군,43,21
201803,경상남도,창녕군,44,24
201803,경상남도,창녕군,45,27
201803,경상남도,창녕군,46,37
201803,경상남도,창녕군,47,36
201803,경상남도,창녕군,48,54
201803,경상남도,창녕군,49,48
201803,경상남도,창녕군,50,33
201803,경상남도,창녕군,51,43
201803,경상남도,창녕군,52,33
201803,경상남도,창녕군,53,39
201803,경상남도,창녕군,54,60
201803,경상남도,창녕군,55,54
201803,경상남도,창녕군,56,52
201803,경상남도,창녕군,57,49
201803,경상남도,창녕군,58,46
201803,경상남도,창녕군,59,55
201803,경상남도,창녕군,60,48
201803,경상남도,창녕군,61,40
201803,경상남도,창녕군,62,52
201803,경상남도,창녕군,63,40
201803,경상남도,창녕군,64,34
201803,경상남도,창녕군,65,45
201803,경상남도,창녕군,66,35
201803,경상남도,창녕군,67,43
201803,경상남도,창녕군,68,42
201803,경상남도,창녕군,69,48
201803,경상남도,창녕군,70,44
201803,경상남도,창녕군,71,31
201803,경상남도,창녕군,72,23
201803,경상남도,창녕군,73,33
201803,경상남도,창녕군,74,43
201803,경상남도,창녕군,75,69
201803,경상남도,창녕군,76,59
201803,경상남도,창녕군,77,47
201803,경상남도,창녕군,78,48
201803,경상남도,창녕군,79,51
201803,경상남도,창녕군,80,43
201803,경상남도,창녕군,81,45
201803,경상남도,창녕군,82,41
201803,경상남도,창녕군,83,35
201803,경상남도,창녕군,84,32
201803,경상남도,창녕군,85,29
201803,경상남도,창녕군,86,25
201803,경상남도,창녕군,87,17
201803,경상남도,창녕군,88,18
201803,경상남도,창녕군,89,14
201803,경상남도,창녕군,90,15
201803,경상남도,창녕군,91,8
201803,경상남도,창녕군,92,8
201803,경상남도,창녕군,93,3
201803,경상남도,창녕군,94,6
201803,경상남도,창녕군,95,4
201803,경상남도,창녕군,96,3
201803,경상남도,창녕군,97,1
201803,경상남도,창녕군,98,1
201803,경상남도,창녕군,105,2
201803,경상남도,창녕군,107,1
201803,경상남도,고성군,0,1
201803,경상남도,고성군,1,1
201803,경상남도,고성군,2,6
201803,경상남도,고성군,3,5
201803,경상남도,고성군,4,4
201803,경상남도,고성군,5,8
201803,경상남도,고성군,6,6
201803,경상남도,고성군,7,16
201803,경상남도,고성군,8,24
201803,경상남도,고성군,9,21
201803,경상남도,고성군,10,23
201803,경상남도,고성군,11,34
201803,경상남도,고성군,12,32
201803,경상남도,고성군,13,28
201803,경상남도,고성군,14,27
201803,경상남도,고성군,15,32
201803,경상남도,고성군,16,42
201803,경상남도,고성군,17,33
201803,경상남도,고성군,18,36
201803,경상남도,고성군,19,20
201803,경상남도,고성군,20,12
201803,경상남도,고성군,21,17
201803,경상남도,고성군,22,12
201803,경상남도,고성군,23,8
201803,경상남도,고성군,24,10
201803,경상남도,고성군,25,3
201803,경상남도,고성군,26,2
201803,경상남도,고성군,27,4
201803,경상남도,고성군,28,2
201803,경상남도,고성군,29,4
201803,경상남도,고성군,30,6
201803,경상남도,고성군,31,8
201803,경상남도,고성군,32,5
201803,경상남도,고성군,33,7
201803,경상남도,고성군,34,7
201803,경상남도,고성군,35,8
201803,경상남도,고성군,36,9
201803,경상남도,고성군,37,8
201803,경상남도,고성군,38,7
201803,경상남도,고성군,39,13
201803,경상남도,고성군,40,19
201803,경상남도,고성군,41,13
201803,경상남도,고성군,42,18
201803,경상남도,고성군,43,15
201803,경상남도,고성군,44,17
201803,경상남도,고성군,45,21
201803,경상남도,고성군,46,32
201803,경상남도,고성군,47,36
201803,경상남도,고성군,48,37
201803,경상남도,고성군,49,26
201803,경상남도,고성군,50,26
201803,경상남도,고성군,51,29
201803,경상남도,고성군,52,32
201803,경상남도,고성군,53,31
201803,경상남도,고성군,54,31
201803,경상남도,고성군,55,34
201803,경상남도,고성군,56,41
201803,경상남도,고성군,57,52
201803,경상남도,고성군,58,44
201803,경상남도,고성군,59,32
201803,경상남도,고성군,60,57
201803,경상남도,고성군,61,29
201803,경상남도,고성군,62,33
201803,경상남도,고성군,63,41
201803,경상남도,고성군,64,35
201803,경상남도,고성군,65,34
201803,경상남도,고성군,66,42
201803,경상남도,고성군,67,28
201803,경상남도,고성군,68,31
201803,경상남도,고성군,69,33
201803,경상남도,고성군,70,26
201803,경상남도,고성군,71,36
201803,경상남도,고성군,72,21
201803,경상남도,고성군,73,42
201803,경상남도,고성군,74,21
201803,경상남도,고성군,75,35
201803,경상남도,고성군,76,31
201803,경상남도,고성군,77,29
201803,경상남도,고성군,78,26
201803,경상남도,고성군,79,26
201803,경상남도,고성군,80,25
201803,경상남도,고성군,81,40
201803,경상남도,고성군,82,26
201803,경상남도,고성군,83,14
201803,경상남도,고성군,84,25
201803,경상남도,고성군,85,22
201803,경상남도,고성군,86,21
201803,경상남도,고성군,87,13
201803,경상남도,고성군,88,18
201803,경상남도,고성군,89,10
201803,경상남도,고성군,90,8
201803,경상남도,고성군,91,12
201803,경상남도,고성군,92,5
201803,경상남도,고성군,93,3
201803,경상남도,고성군,94,2
201803,경상남도,고성군,95,3
201803,경상남도,고성군,96,1
201803,경상남도,고성군,97,1
201803,경상남도,남해군,0,1
201803,경상남도,남해군,1,2
201803,경상남도,남해군,2,4
201803,경상남도,남해군,3,4
201803,경상남도,남해군,4,2
201803,경상남도,남해군,5,5
201803,경상남도,남해군,6,5
201803,경상남도,남해군,7,7
201803,경상남도,남해군,8,16
201803,경상남도,남해군,9,12
201803,경상남도,남해군,10,21
201803,경상남도,남해군,11,14
201803,경상남도,남해군,12,23
201803,경상남도,남해군,13,22
201803,경상남도,남해군,14,24
201803,경상남도,남해군,15,26
201803,경상남도,남해군,16,34
201803,경상남도,남해군,17,38
201803,경상남도,남해군,18,45
201803,경상남도,남해군,19,22
201803,경상남도,남해군,20,22
201803,경상남도,남해군,21,11
201803,경상남도,남해군,22,13
201803,경상남도,남해군,23,10
201803,경상남도,남해군,24,10
201803,경상남도,남해군,25,5
201803,경상남도,남해군,26,3
201803,경상남도,남해군,27,2
201803,경상남도,남해군,28,4
201803,경상남도,남해군,29,2
201803,경상남도,남해군,30,4
201803,경상남도,남해군,31,6
201803,경상남도,남해군,32,7
201803,경상남도,남해군,33,4
201803,경상남도,남해군,34,6
201803,경상남도,남해군,35,4
201803,경상남도,남해군,36,10
201803,경상남도,남해군,37,11
201803,경상남도,남해군,38,8
201803,경상남도,남해군,39,7
201803,경상남도,남해군,40,14
201803,경상남도,남해군,41,12
201803,경상남도,남해군,42,12
201803,경상남도,남해군,43,19
201803,경상남도,남해군,44,17
201803,경상남도,남해군,45,21
201803,경상남도,남해군,46,20
201803,경상남도,남해군,47,22
201803,경상남도,남해군,48,30
201803,경상남도,남해군,49,25
201803,경상남도,남해군,50,27
201803,경상남도,남해군,51,28
201803,경상남도,남해군,52,39
201803,경상남도,남해군,53,22
201803,경상남도,남해군,54,29
201803,경상남도,남해군,55,37
201803,경상남도,남해군,56,31
201803,경상남도,남해군,57,26
201803,경상남도,남해군,58,38
201803,경상남도,남해군,59,46
201803,경상남도,남해군,60,28
201803,경상남도,남해군,61,34
201803,경상남도,남해군,62,33
201803,경상남도,남해군,63,24
201803,경상남도,남해군,64,21
201803,경상남도,남해군,65,25
201803,경상남도,남해군,66,33
201803,경상남도,남해군,67,20
201803,경상남도,남해군,68,24
201803,경상남도,남해군,69,22
201803,경상남도,남해군,70,21
201803,경상남도,남해군,71,22
201803,경상남도,남해군,72,24
201803,경상남도,남해군,73,21
201803,경상남도,남해군,74,24
201803,경상남도,남해군,75,46
201803,경상남도,남해군,76,35
201803,경상남도,남해군,77,28
201803,경상남도,남해군,78,31
201803,경상남도,남해군,79,25
201803,경상남도,남해군,80,19
201803,경상남도,남해군,81,42
201803,경상남도,남해군,82,31
201803,경상남도,남해군,83,28
201803,경상남도,남해군,84,23
201803,경상남도,남해군,85,15
201803,경상남도,남해군,86,22
201803,경상남도,남해군,87,12
201803,경상남도,남해군,88,25
201803,경상남도,남해군,89,17
201803,경상남도,남해군,90,9
201803,경상남도,남해군,91,4
201803,경상남도,남해군,92,9
201803,경상남도,남해군,93,4
201803,경상남도,남해군,94,6
201803,경상남도,남해군,95,2
201803,경상남도,남해군,96,4
201803,경상남도,남해군,97,3
201803,경상남도,남해군,99,1
201803,경상남도,남해군,102,1
201803,경상남도,하동군,0,1
201803,경상남도,하동군,1,3
201803,경상남도,하동군,2,3
201803,경상남도,하동군,3,8
201803,경상남도,하동군,4,1
201803,경상남도,하동군,5,3
201803,경상남도,하동군,6,6
201803,경상남도,하동군,7,15
201803,경상남도,하동군,8,25
201803,경상남도,하동군,9,29
201803,경상남도,하동군,10,30
201803,경상남도,하동군,11,30
201803,경상남도,하동군,12,26
201803,경상남도,하동군,13,37
201803,경상남도,하동군,14,38
201803,경상남도,하동군,15,29
201803,경상남도,하동군,16,43
201803,경상남도,하동군,17,53
201803,경상남도,하동군,18,28
201803,경상남도,하동군,19,35
201803,경상남도,하동군,20,34
201803,경상남도,하동군,21,10
201803,경상남도,하동군,22,10
201803,경상남도,하동군,23,13
201803,경상남도,하동군,24,8
201803,경상남도,하동군,25,8
201803,경상남도,하동군,26,7
201803,경상남도,하동군,27,5
201803,경상남도,하동군,28,4
201803,경상남도,하동군,29,5
201803,경상남도,하동군,30,3
201803,경상남도,하동군,31,5
201803,경상남도,하동군,32,3
201803,경상남도,하동군,33,5
201803,경상남도,하동군,34,9
201803,경상남도,하동군,35,10
201803,경상남도,하동군,36,12
201803,경상남도,하동군,37,4
201803,경상남도,하동군,38,7
201803,경상남도,하동군,39,20
201803,경상남도,하동군,40,16
201803,경상남도,하동군,41,8
201803,경상남도,하동군,42,26
201803,경상남도,하동군,43,26
201803,경상남도,하동군,44,39
201803,경상남도,하동군,45,23
201803,경상남도,하동군,46,25
201803,경상남도,하동군,47,26
201803,경상남도,하동군,48,35
201803,경상남도,하동군,49,40
201803,경상남도,하동군,50,29
201803,경상남도,하동군,51,44
201803,경상남도,하동군,52,36
201803,경상남도,하동군,53,30
201803,경상남도,하동군,54,28
201803,경상남도,하동군,55,39
201803,경상남도,하동군,56,44
201803,경상남도,하동군,57,57
201803,경상남도,하동군,58,38
201803,경상남도,하동군,59,48
201803,경상남도,하동군,60,30
201803,경상남도,하동군,61,33
201803,경상남도,하동군,62,41
201803,경상남도,하동군,63,31
201803,경상남도,하동군,64,32
201803,경상남도,하동군,65,45
201803,경상남도,하동군,66,36
201803,경상남도,하동군,67,24
201803,경상남도,하동군,68,40
201803,경상남도,하동군,69,31
201803,경상남도,하동군,70,29
201803,경상남도,하동군,71,26
201803,경상남도,하동군,72,37
201803,경상남도,하동군,73,27
201803,경상남도,하동군,74,24
201803,경상남도,하동군,75,34
201803,경상남도,하동군,76,35
201803,경상남도,하동군,77,29
201803,경상남도,하동군,78,47
201803,경상남도,하동군,79,31
201803,경상남도,하동군,80,30
201803,경상남도,하동군,81,30
201803,경상남도,하동군,82,25
201803,경상남도,하동군,83,23
201803,경상남도,하동군,84,20
201803,경상남도,하동군,85,21
201803,경상남도,하동군,86,13
201803,경상남도,하동군,87,11
201803,경상남도,하동군,88,19
201803,경상남도,하동군,89,12
201803,경상남도,하동군,90,13
201803,경상남도,하동군,91,13
201803,경상남도,하동군,92,6
201803,경상남도,하동군,93,10
201803,경상남도,하동군,94,1
201803,경상남도,하동군,95,2
201803,경상남도,하동군,96,1
201803,경상남도,하동군,98,1
201803,경상남도,하동군,99,2
201803,경상남도,산청군,0,1
201803,경상남도,산청군,1,6
201803,경상남도,산청군,2,2
201803,경상남도,산청군,3,5
201803,경상남도,산청군,4,5
201803,경상남도,산청군,5,8
201803,경상남도,산청군,6,5
201803,경상남도,산청군,7,17
201803,경상남도,산청군,8,10
201803,경상남도,산청군,9,16
201803,경상남도,산청군,10,26
201803,경상남도,산청군,11,17
201803,경상남도,산청군,12,23
201803,경상남도,산청군,13,19
201803,경상남도,산청군,14,21
201803,경상남도,산청군,15,31
201803,경상남도,산청군,16,29
201803,경상남도,산청군,17,37
201803,경상남도,산청군,18,19
201803,경상남도,산청군,19,20
201803,경상남도,산청군,20,8
201803,경상남도,산청군,21,11
201803,경상남도,산청군,22,8
201803,경상남도,산청군,23,12
201803,경상남도,산청군,24,4
201803,경상남도,산청군,25,5
201803,경상남도,산청군,27,2
201803,경상남도,산청군,28,3
201803,경상남도,산청군,29,1
201803,경상남도,산청군,30,3
201803,경상남도,산청군,31,5
201803,경상남도,산청군,32,7
201803,경상남도,산청군,33,4
201803,경상남도,산청군,34,5
201803,경상남도,산청군,35,7
201803,경상남도,산청군,36,5
201803,경상남도,산청군,37,4
201803,경상남도,산청군,38,10
201803,경상남도,산청군,39,5
201803,경상남도,산청군,40,6
201803,경상남도,산청군,41,4
201803,경상남도,산청군,42,11
201803,경상남도,산청군,43,11
201803,경상남도,산청군,44,20
201803,경상남도,산청군,45,19
201803,경상남도,산청군,46,12
201803,경상남도,산청군,47,25
201803,경상남도,산청군,48,31
201803,경상남도,산청군,49,32
201803,경상남도,산청군,50,25
201803,경상남도,산청군,51,29
201803,경상남도,산청군,52,25
201803,경상남도,산청군,53,20
201803,경상남도,산청군,54,25
201803,경상남도,산청군,55,30
201803,경상남도,산청군,56,44
201803,경상남도,산청군,57,32
201803,경상남도,산청군,58,28
201803,경상남도,산청군,59,32
201803,경상남도,산청군,60,24
201803,경상남도,산청군,61,23
201803,경상남도,산청군,62,27
201803,경상남도,산청군,63,24
201803,경상남도,산청군,64,20
201803,경상남도,산청군,65,16
201803,경상남도,산청군,66,14
201803,경상남도,산청군,67,17
201803,경상남도,산청군,68,17
201803,경상남도,산청군,69,31
201803,경상남도,산청군,70,19
201803,경상남도,산청군,71,18
201803,경상남도,산청군,72,24
201803,경상남도,산청군,73,22
201803,경상남도,산청군,74,19
201803,경상남도,산청군,75,36
201803,경상남도,산청군,76,29
201803,경상남도,산청군,77,31
201803,경상남도,산청군,78,30
201803,경상남도,산청군,79,28
201803,경상남도,산청군,80,20
201803,경상남도,산청군,81,23
201803,경상남도,산청군,82,20
201803,경상남도,산청군,83,20
201803,경상남도,산청군,84,23
201803,경상남도,산청군,85,15
201803,경상남도,산청군,86,28
201803,경상남도,산청군,87,14
201803,경상남도,산청군,88,12
201803,경상남도,산청군,89,7
201803,경상남도,산청군,90,13
201803,경상남도,산청군,91,4
201803,경상남도,산청군,92,4
201803,경상남도,산청군,93,4
201803,경상남도,산청군,94,4
201803,경상남도,산청군,95,3
201803,경상남도,산청군,96,1
201803,경상남도,산청군,97,2
201803,경상남도,산청군,99,1
201803,경상남도,함양군,2,1
201803,경상남도,함양군,3,2
201803,경상남도,함양군,4,5
201803,경상남도,함양군,5,4
201803,경상남도,함양군,6,4
201803,경상남도,함양군,7,21
201803,경상남도,함양군,8,14
201803,경상남도,함양군,9,29
201803,경상남도,함양군,10,22
201803,경상남도,함양군,11,18
201803,경상남도,함양군,12,27
201803,경상남도,함양군,13,27
201803,경상남도,함양군,14,22
201803,경상남도,함양군,15,29
201803,경상남도,함양군,16,28
201803,경상남도,함양군,17,49
201803,경상남도,함양군,18,25
201803,경상남도,함양군,19,21
201803,경상남도,함양군,20,13
201803,경상남도,함양군,21,9
201803,경상남도,함양군,22,9
201803,경상남도,함양군,23,6
201803,경상남도,함양군,24,6
201803,경상남도,함양군,25,2
201803,경상남도,함양군,26,3
201803,경상남도,함양군,27,1
201803,경상남도,함양군,29,2
201803,경상남도,함양군,30,5
201803,경상남도,함양군,31,4
201803,경상남도,함양군,32,4
201803,경상남도,함양군,33,4
201803,경상남도,함양군,34,6
201803,경상남도,함양군,35,7
201803,경상남도,함양군,36,5
201803,경상남도,함양군,37,5
201803,경상남도,함양군,38,4
201803,경상남도,함양군,39,9
201803,경상남도,함양군,40,14
201803,경상남도,함양군,41,14
201803,경상남도,함양군,42,14
201803,경상남도,함양군,43,17
201803,경상남도,함양군,44,15
201803,경상남도,함양군,45,14
201803,경상남도,함양군,46,10
201803,경상남도,함양군,47,18
201803,경상남도,함양군,48,23
201803,경상남도,함양군,49,19
201803,경상남도,함양군,50,25
201803,경상남도,함양군,51,27
201803,경상남도,함양군,52,18
201803,경상남도,함양군,53,26
201803,경상남도,함양군,54,16
201803,경상남도,함양군,55,24
201803,경상남도,함양군,56,26
201803,경상남도,함양군,57,38
201803,경상남도,함양군,58,26
201803,경상남도,함양군,59,21
201803,경상남도,함양군,60,12
201803,경상남도,함양군,61,22
201803,경상남도,함양군,62,21
201803,경상남도,함양군,63,19
201803,경상남도,함양군,64,20
201803,경상남도,함양군,65,23
201803,경상남도,함양군,66,17
201803,경상남도,함양군,67,21
201803,경상남도,함양군,68,23
201803,경상남도,함양군,69,23
201803,경상남도,함양군,70,24
201803,경상남도,함양군,71,18
201803,경상남도,함양군,72,21
201803,경상남도,함양군,73,23
201803,경상남도,함양군,74,27
201803,경상남도,함양군,75,29
201803,경상남도,함양군,76,30
201803,경상남도,함양군,77,34
201803,경상남도,함양군,78,28
201803,경상남도,함양군,79,23
201803,경상남도,함양군,80,24
201803,경상남도,함양군,81,22
201803,경상남도,함양군,82,27
201803,경상남도,함양군,83,29
201803,경상남도,함양군,84,25
201803,경상남도,함양군,85,20
201803,경상남도,함양군,86,25
201803,경상남도,함양군,87,17
201803,경상남도,함양군,88,19
201803,경상남도,함양군,89,10
201803,경상남도,함양군,90,10
201803,경상남도,함양군,91,12
201803,경상남도,함양군,92,8
201803,경상남도,함양군,93,9
201803,경상남도,함양군,94,4
201803,경상남도,함양군,95,3
201803,경상남도,함양군,96,2
201803,경상남도,함양군,97,1
201803,경상남도,함양군,98,4
201803,경상남도,함양군,118,1
201803,경상남도,거창군,0,1
201803,경상남도,거창군,1,3
201803,경상남도,거창군,2,8
201803,경상남도,거창군,3,6
201803,경상남도,거창군,4,16
201803,경상남도,거창군,5,11
201803,경상남도,거창군,6,18
201803,경상남도,거창군,7,24
201803,경상남도,거창군,8,30
201803,경상남도,거창군,9,38
201803,경상남도,거창군,10,52
201803,경상남도,거창군,11,36
201803,경상남도,거창군,12,43
201803,경상남도,거창군,13,46
201803,경상남도,거창군,14,41
201803,경상남도,거창군,15,49
201803,경상남도,거창군,16,50
201803,경상남도,거창군,17,88
201803,경상남도,거창군,18,41
201803,경상남도,거창군,19,45
201803,경상남도,거창군,20,38
201803,경상남도,거창군,21,25
201803,경상남도,거창군,22,30
201803,경상남도,거창군,23,18
201803,경상남도,거창군,24,15
201803,경상남도,거창군,25,9
201803,경상남도,거창군,26,6
201803,경상남도,거창군,27,3
201803,경상남도,거창군,28,2
201803,경상남도,거창군,29,6
201803,경상남도,거창군,30,6
201803,경상남도,거창군,31,7
201803,경상남도,거창군,32,9
201803,경상남도,거창군,33,6
201803,경상남도,거창군,34,8
201803,경상남도,거창군,35,12
201803,경상남도,거창군,36,15
201803,경상남도,거창군,37,16
201803,경상남도,거창군,38,12
201803,경상남도,거창군,39,22
201803,경상남도,거창군,40,15
201803,경상남도,거창군,41,17
201803,경상남도,거창군,42,26
201803,경상남도,거창군,43,30
201803,경상남도,거창군,44,27
201803,경상남도,거창군,45,31
201803,경상남도,거창군,46,35
201803,경상남도,거창군,47,37
201803,경상남도,거창군,48,27
201803,경상남도,거창군,49,50
201803,경상남도,거창군,50,31
201803,경상남도,거창군,51,46
201803,경상남도,거창군,52,38
201803,경상남도,거창군,53,50
201803,경상남도,거창군,54,35
201803,경상남도,거창군,55,47
201803,경상남도,거창군,56,53
201803,경상남도,거창군,57,42
201803,경상남도,거창군,58,41
201803,경상남도,거창군,59,59
201803,경상남도,거창군,60,36
201803,경상남도,거창군,61,46
201803,경상남도,거창군,62,44
201803,경상남도,거창군,63,36
201803,경상남도,거창군,64,27
201803,경상남도,거창군,65,40
201803,경상남도,거창군,66,23
201803,경상남도,거창군,67,32
201803,경상남도,거창군,68,34
201803,경상남도,거창군,69,34
201803,경상남도,거창군,70,41
201803,경상남도,거창군,71,34
201803,경상남도,거창군,72,36
201803,경상남도,거창군,73,32
201803,경상남도,거창군,74,34
201803,경상남도,거창군,75,36
201803,경상남도,거창군,76,33
201803,경상남도,거창군,77,38
201803,경상남도,거창군,78,40
201803,경상남도,거창군,79,42
201803,경상남도,거창군,80,24
201803,경상남도,거창군,81,35
201803,경상남도,거창군,82,33
201803,경상남도,거창군,83,47
201803,경상남도,거창군,84,28
201803,경상남도,거창군,85,30
201803,경상남도,거창군,86,24
201803,경상남도,거창군,87,15
201803,경상남도,거창군,88,11
201803,경상남도,거창군,89,22
201803,경상남도,거창군,90,11
201803,경상남도,거창군,91,7
201803,경상남도,거창군,92,11
201803,경상남도,거창군,93,7
201803,경상남도,거창군,94,1
201803,경상남도,거창군,95,3
201803,경상남도,거창군,98,4
201803,경상남도,거창군,100,1
201803,경상남도,거창군,113,1
201803,경상남도,합천군,0,1
201803,경상남도,합천군,1,3
201803,경상남도,합천군,2,2
201803,경상남도,합천군,3,6
201803,경상남도,합천군,4,3
201803,경상남도,합천군,5,1
201803,경상남도,합천군,6,5
201803,경상남도,합천군,7,11
201803,경상남도,합천군,8,19
201803,경상남도,합천군,9,22
201803,경상남도,합천군,10,23
201803,경상남도,합천군,11,24
201803,경상남도,합천군,12,15
201803,경상남도,합천군,13,22
201803,경상남도,합천군,14,24
201803,경상남도,합천군,15,23
201803,경상남도,합천군,16,38
201803,경상남도,합천군,17,37
201803,경상남도,합천군,18,23
201803,경상남도,합천군,19,24
201803,경상남도,합천군,20,20
201803,경상남도,합천군,21,11
201803,경상남도,합천군,22,11
201803,경상남도,합천군,23,5
201803,경상남도,합천군,24,4
201803,경상남도,합천군,25,8
201803,경상남도,합천군,26,3
201803,경상남도,합천군,27,7
201803,경상남도,합천군,28,3
201803,경상남도,합천군,29,3
201803,경상남도,합천군,30,5
201803,경상남도,합천군,31,6
201803,경상남도,합천군,32,4
201803,경상남도,합천군,33,4
201803,경상남도,합천군,34,8
201803,경상남도,합천군,35,10
201803,경상남도,합천군,36,5
201803,경상남도,합천군,37,12
201803,경상남도,합천군,38,11
201803,경상남도,합천군,39,10
201803,경상남도,합천군,40,8
201803,경상남도,합천군,41,17
201803,경상남도,합천군,42,14
201803,경상남도,합천군,43,17
201803,경상남도,합천군,44,20
201803,경상남도,합천군,45,14
201803,경상남도,합천군,46,34
201803,경상남도,합천군,47,30
201803,경상남도,합천군,48,27
201803,경상남도,합천군,49,41
201803,경상남도,합천군,50,52
201803,경상남도,합천군,51,42
201803,경상남도,합천군,52,40
201803,경상남도,합천군,53,46
201803,경상남도,합천군,54,30
201803,경상남도,합천군,55,37
201803,경상남도,합천군,56,46
201803,경상남도,합천군,57,51
201803,경상남도,합천군,58,45
201803,경상남도,합천군,59,30
201803,경상남도,합천군,60,43
201803,경상남도,합천군,61,36
201803,경상남도,합천군,62,32
201803,경상남도,합천군,63,30
201803,경상남도,합천군,64,25
201803,경상남도,합천군,65,37
201803,경상남도,합천군,66,25
201803,경상남도,합천군,67,27
201803,경상남도,합천군,68,32
201803,경상남도,합천군,69,36
201803,경상남도,합천군,70,34
201803,경상남도,합천군,71,34
201803,경상남도,합천군,72,28
201803,경상남도,합천군,73,40
201803,경상남도,합천군,74,36
201803,경상남도,합천군,75,35
201803,경상남도,합천군,76,42
201803,경상남도,합천군,77,51
201803,경상남도,합천군,78,43
201803,경상남도,합천군,79,51
201803,경상남도,합천군,80,25
201803,경상남도,합천군,81,31
201803,경상남도,합천군,82,38
201803,경상남도,합천군,83,29
201803,경상남도,합천군,84,26
201803,경상남도,합천군,85,28
201803,경상남도,합천군,86,20
201803,경상남도,합천군,87,19
201803,경상남도,합천군,88,15
201803,경상남도,합천군,89,17
201803,경상남도,합천군,90,12
201803,경상남도,합천군,91,4
201803,경상남도,합천군,92,9
201803,경상남도,합천군,93,6
201803,경상남도,합천군,94,5
201803,경상남도,합천군,95,3
201803,경상남도,합천군,96,2
201803,경상남도,합천군,98,1
201803,경상남도,합천군,99,1
201803,경상남도,합천군,104,1
201803,제주특별자치도,제주시,0,27
201803,제주특별자치도,제주시,1,47
201803,제주특별자치도,제주시,2,49
201803,제주특별자치도,제주시,3,66
201803,제주특별자치도,제주시,4,61
201803,제주특별자치도,제주시,5,98
201803,제주특별자치도,제주시,6,83
201803,제주특별자치도,제주시,7,206
201803,제주특별자치도,제주시,8,221
201803,제주특별자치도,제주시,9,258
201803,제주특별자치도,제주시,10,305
201803,제주특별자치도,제주시,11,263
201803,제주특별자치도,제주시,12,317
201803,제주특별자치도,제주시,13,300
201803,제주특별자치도,제주시,14,348
201803,제주특별자치도,제주시,15,353
201803,제주특별자치도,제주시,16,405
201803,제주특별자치도,제주시,17,497
201803,제주특별자치도,제주시,18,292
201803,제주특별자치도,제주시,19,234
201803,제주특별자치도,제주시,20,204
201803,제주특별자치도,제주시,21,161
201803,제주특별자치도,제주시,22,143
201803,제주특별자치도,제주시,23,108
201803,제주특별자치도,제주시,24,107
201803,제주특별자치도,제주시,25,60
201803,제주특별자치도,제주시,26,33
201803,제주특별자치도,제주시,27,38
201803,제주특별자치도,제주시,28,41
201803,제주특별자치도,제주시,29,33
201803,제주특별자치도,제주시,30,31
201803,제주특별자치도,제주시,31,25
201803,제주특별자치도,제주시,32,39
201803,제주특별자치도,제주시,33,40
201803,제주특별자치도,제주시,34,42
201803,제주특별자치도,제주시,35,59
201803,제주특별자치도,제주시,36,59
201803,제주특별자치도,제주시,37,83
201803,제주특별자치도,제주시,38,82
201803,제주특별자치도,제주시,39,96
201803,제주특별자치도,제주시,40,91
201803,제주특별자치도,제주시,41,101
201803,제주특별자치도,제주시,42,112
201803,제주특별자치도,제주시,43,138
201803,제주특별자치도,제주시,44,149
201803,제주특별자치도,제주시,45,177
201803,제주특별자치도,제주시,46,185
201803,제주특별자치도,제주시,47,179
201803,제주특별자치도,제주시,48,207
201803,제주특별자치도,제주시,49,216
201803,제주특별자치도,제주시,50,202
201803,제주특별자치도,제주시,51,201
201803,제주특별자치도,제주시,52,220
201803,제주특별자치도,제주시,53,202
201803,제주특별자치도,제주시,54,214
201803,제주특별자치도,제주시,55,216
201803,제주특별자치도,제주시,56,181
201803,제주특별자치도,제주시,57,222
201803,제주특별자치도,제주시,58,222
201803,제주특별자치도,제주시,59,182
201803,제주특별자치도,제주시,60,199
201803,제주특별자치도,제주시,61,167
201803,제주특별자치도,제주시,62,176
201803,제주특별자치도,제주시,63,176
201803,제주특별자치도,제주시,64,163
201803,제주특별자치도,제주시,65,153
201803,제주특별자치도,제주시,66,170
201803,제주특별자치도,제주시,67,161
201803,제주특별자치도,제주시,68,173
201803,제주특별자치도,제주시,69,187
201803,제주특별자치도,제주시,70,189
201803,제주특별자치도,제주시,71,170
201803,제주특별자치도,제주시,72,130
201803,제주특별자치도,제주시,73,144
201803,제주특별자치도,제주시,74,153
201803,제주특별자치도,제주시,75,196
201803,제주특별자치도,제주시,76,165
201803,제주특별자치도,제주시,77,122
201803,제주특별자치도,제주시,78,154
201803,제주특별자치도,제주시,79,176
201803,제주특별자치도,제주시,80,113
201803,제주특별자치도,제주시,81,126
201803,제주특별자치도,제주시,82,115
201803,제주특별자치도,제주시,83,119
201803,제주특별자치도,제주시,84,114
201803,제주특별자치도,제주시,85,87
201803,제주특별자치도,제주시,86,58
201803,제주특별자치도,제주시,87,51
201803,제주특별자치도,제주시,88,66
201803,제주특별자치도,제주시,89,48
201803,제주특별자치도,제주시,90,41
201803,제주특별자치도,제주시,91,38
201803,제주특별자치도,제주시,92,25
201803,제주특별자치도,제주시,93,19
201803,제주특별자치도,제주시,94,20
201803,제주특별자치도,제주시,95,26
201803,제주특별자치도,제주시,96,11
201803,제주특별자치도,제주시,97,11
201803,제주특별자치도,제주시,98,7
201803,제주특별자치도,제주시,99,2
201803,제주특별자치도,제주시,101,4
201803,제주특별자치도,제주시,102,1
201803,제주특별자치도,제주시,104,1
201803,제주특별자치도,서귀포시,0,12
201803,제주특별자치도,서귀포시,1,14
201803,제주특별자치도,서귀포시,2,21
201803,제주특별자치도,서귀포시,3,18
201803,제주특별자치도,서귀포시,4,20
201803,제주특별자치도,서귀포시,5,38
201803,제주특별자치도,서귀포시,6,48
201803,제주특별자치도,서귀포시,7,75
201803,제주특별자치도,서귀포시,8,71
201803,제주특별자치도,서귀포시,9,91
201803,제주특별자치도,서귀포시,10,117
201803,제주특별자치도,서귀포시,11,106
201803,제주특별자치도,서귀포시,12,98
201803,제주특별자치도,서귀포시,13,127
201803,제주특별자치도,서귀포시,14,128
201803,제주특별자치도,서귀포시,15,113
201803,제주특별자치도,서귀포시,16,146
201803,제주특별자치도,서귀포시,17,195
201803,제주특별자치도,서귀포시,18,125
201803,제주특별자치도,서귀포시,19,92
201803,제주특별자치도,서귀포시,20,85
201803,제주특별자치도,서귀포시,21,63
201803,제주특별자치도,서귀포시,22,42
201803,제주특별자치도,서귀포시,23,42
201803,제주특별자치도,서귀포시,24,26
201803,제주특별자치도,서귀포시,25,15
201803,제주특별자치도,서귀포시,26,23
201803,제주특별자치도,서귀포시,27,10
201803,제주특별자치도,서귀포시,28,7
201803,제주특별자치도,서귀포시,29,12
201803,제주특별자치도,서귀포시,30,13
201803,제주특별자치도,서귀포시,31,11
201803,제주특별자치도,서귀포시,32,15
201803,제주특별자치도,서귀포시,33,13
201803,제주특별자치도,서귀포시,34,25
201803,제주특별자치도,서귀포시,35,18
201803,제주특별자치도,서귀포시,36,26
201803,제주특별자치도,서귀포시,37,30
201803,제주특별자치도,서귀포시,38,32
201803,제주특별자치도,서귀포시,39,26
201803,제주특별자치도,서귀포시,40,34
201803,제주특별자치도,서귀포시,41,39
201803,제주특별자치도,서귀포시,42,34
201803,제주특별자치도,서귀포시,43,55
201803,제주특별자치도,서귀포시,44,59
201803,제주특별자치도,서귀포시,45,69
201803,제주특별자치도,서귀포시,46,66
201803,제주특별자치도,서귀포시,47,81
201803,제주특별자치도,서귀포시,48,85
201803,제주특별자치도,서귀포시,49,90
201803,제주특별자치도,서귀포시,50,93
201803,제주특별자치도,서귀포시,51,83
201803,제주특별자치도,서귀포시,52,82
201803,제주특별자치도,서귀포시,53,94
201803,제주특별자치도,서귀포시,54,77
201803,제주특별자치도,서귀포시,55,112
201803,제주특별자치도,서귀포시,56,87
201803,제주특별자치도,서귀포시,57,103
201803,제주특별자치도,서귀포시,58,95
201803,제주특별자치도,서귀포시,59,83
201803,제주특별자치도,서귀포시,60,80
201803,제주특별자치도,서귀포시,61,89
201803,제주특별자치도,서귀포시,62,81
201803,제주특별자치도,서귀포시,63,79
201803,제주특별자치도,서귀포시,64,54
201803,제주특별자치도,서귀포시,65,57
201803,제주특별자치도,서귀포시,66,71
201803,제주특별자치도,서귀포시,67,82
201803,제주특별자치도,서귀포시,68,71
201803,제주특별자치도,서귀포시,69,80
201803,제주특별자치도,서귀포시,70,91
201803,제주특별자치도,서귀포시,71,71
201803,제주특별자치도,서귀포시,72,68
201803,제주특별자치도,서귀포시,73,80
201803,제주특별자치도,서귀포시,74,72
201803,제주특별자치도,서귀포시,75,93
201803,제주특별자치도,서귀포시,76,78
201803,제주특별자치도,서귀포시,77,67
201803,제주특별자치도,서귀포시,78,78
201803,제주특별자치도,서귀포시,79,73
201803,제주특별자치도,서귀포시,80,63
201803,제주특별자치도,서귀포시,81,59
201803,제주특별자치도,서귀포시,82,69
201803,제주특별자치도,서귀포시,83,57
201803,제주특별자치도,서귀포시,84,58
201803,제주특별자치도,서귀포시,85,58
201803,제주특별자치도,서귀포시,86,33
201803,제주특별자치도,서귀포시,87,49
201803,제주특별자치도,서귀포시,88,29
201803,제주특별자치도,서귀포시,89,31
201803,제주특별자치도,서귀포시,90,24
201803,제주특별자치도,서귀포시,91,10
201803,제주특별자치도,서귀포시,92,7
201803,제주특별자치도,서귀포시,93,7
201803,제주특별자치도,서귀포시,94,10
201803,제주특별자치도,서귀포시,95,15
201803,제주특별자치도,서귀포시,96,6
201803,제주특별자치도,서귀포시,97,5
201803,제주특별자치도,서귀포시,98,1
201803,제주특별자치도,서귀포시,99,2
201803,제주특별자치도,서귀포시,100,1
201803,제주특별자치도,서귀포시,101,3
201803,제주특별자치도,서귀포시,102,1
201803,제주특별자치도,서귀포시,105,1
