통계연월,통계시도명,통계시군구명,연령,수급자수
202205,서울특별시,종로구,1,3
202205,서울특별시,종로구,2,6
202205,서울특별시,종로구,3,9
202205,서울특별시,종로구,4,4
202205,서울특별시,종로구,5,9
202205,서울특별시,종로구,6,9
202205,서울특별시,종로구,7,18
202205,서울특별시,종로구,8,8
202205,서울특별시,종로구,9,17
202205,서울특별시,종로구,10,28
202205,서울특별시,종로구,11,25
202205,서울특별시,종로구,12,20
202205,서울특별시,종로구,13,37
202205,서울특별시,종로구,14,29
202205,서울특별시,종로구,15,37
202205,서울특별시,종로구,16,41
202205,서울특별시,종로구,17,34
202205,서울특별시,종로구,18,30
202205,서울특별시,종로구,19,39
202205,서울특별시,종로구,20,32
202205,서울특별시,종로구,21,17
202205,서울특별시,종로구,22,21
202205,서울특별시,종로구,23,18
202205,서울특별시,종로구,24,21
202205,서울특별시,종로구,25,15
202205,서울특별시,종로구,26,18
202205,서울특별시,종로구,27,11
202205,서울특별시,종로구,28,10
202205,서울특별시,종로구,29,12
202205,서울특별시,종로구,30,13
202205,서울특별시,종로구,31,18
202205,서울특별시,종로구,32,19
202205,서울특별시,종로구,33,19
202205,서울특별시,종로구,34,18
202205,서울특별시,종로구,35,21
202205,서울특별시,종로구,36,19
202205,서울특별시,종로구,37,20
202205,서울특별시,종로구,38,21
202205,서울특별시,종로구,39,14
202205,서울특별시,종로구,40,29
202205,서울특별시,종로구,41,19
202205,서울특별시,종로구,42,29
202205,서울특별시,종로구,43,42
202205,서울특별시,종로구,44,34
202205,서울특별시,종로구,45,25
202205,서울특별시,종로구,46,37
202205,서울특별시,종로구,47,46
202205,서울특별시,종로구,48,62
202205,서울특별시,종로구,49,61
202205,서울특별시,종로구,50,54
202205,서울특별시,종로구,51,83
202205,서울특별시,종로구,52,66
202205,서울특별시,종로구,53,99
202205,서울특별시,종로구,54,98
202205,서울특별시,종로구,55,88
202205,서울특별시,종로구,56,116
202205,서울특별시,종로구,57,121
202205,서울특별시,종로구,58,117
202205,서울특별시,종로구,59,107
202205,서울특별시,종로구,60,125
202205,서울특별시,종로구,61,159
202205,서울특별시,종로구,62,121
202205,서울특별시,종로구,63,132
202205,서울특별시,종로구,64,134
202205,서울특별시,종로구,65,145
202205,서울특별시,종로구,66,137
202205,서울특별시,종로구,67,170
202205,서울특별시,종로구,68,117
202205,서울특별시,종로구,69,111
202205,서울특별시,종로구,70,118
202205,서울특별시,종로구,71,100
202205,서울특별시,종로구,72,93
202205,서울특별시,종로구,73,100
202205,서울특별시,종로구,74,106
202205,서울특별시,종로구,75,106
202205,서울특별시,종로구,76,87
202205,서울특별시,종로구,77,87
202205,서울특별시,종로구,78,91
202205,서울특별시,종로구,79,101
202205,서울특별시,종로구,80,106
202205,서울특별시,종로구,81,70
202205,서울특별시,종로구,82,79
202205,서울특별시,종로구,83,71
202205,서울특별시,종로구,84,55
202205,서울특별시,종로구,85,55
202205,서울특별시,종로구,86,44
202205,서울특별시,종로구,87,36
202205,서울특별시,종로구,88,30
202205,서울특별시,종로구,89,19
202205,서울특별시,종로구,90,23
202205,서울특별시,종로구,91,20
202205,서울특별시,종로구,92,14
202205,서울특별시,종로구,93,9
202205,서울특별시,종로구,94,8
202205,서울특별시,종로구,95,10
202205,서울특별시,종로구,96,4
202205,서울특별시,종로구,98,4
202205,서울특별시,종로구,99,2
202205,서울특별시,종로구,100,1
202205,서울특별시,종로구,101,1
202205,서울특별시,종로구,107,1
202205,서울특별시,중구,0,2
202205,서울특별시,중구,1,5
202205,서울특별시,중구,2,8
202205,서울특별시,중구,3,10
202205,서울특별시,중구,4,6
202205,서울특별시,중구,5,12
202205,서울특별시,중구,6,14
202205,서울특별시,중구,7,23
202205,서울특별시,중구,8,21
202205,서울특별시,중구,9,26
202205,서울특별시,중구,10,31
202205,서울특별시,중구,11,32
202205,서울특별시,중구,12,33
202205,서울특별시,중구,13,39
202205,서울특별시,중구,14,45
202205,서울특별시,중구,15,40
202205,서울특별시,중구,16,43
202205,서울특별시,중구,17,51
202205,서울특별시,중구,18,41
202205,서울특별시,중구,19,35
202205,서울특별시,중구,20,30
202205,서울특별시,중구,21,30
202205,서울특별시,중구,22,15
202205,서울특별시,중구,23,37
202205,서울특별시,중구,24,26
202205,서울특별시,중구,25,18
202205,서울특별시,중구,26,14
202205,서울특별시,중구,27,12
202205,서울특별시,중구,28,11
202205,서울특별시,중구,29,19
202205,서울특별시,중구,30,13
202205,서울특별시,중구,31,21
202205,서울특별시,중구,32,23
202205,서울특별시,중구,33,18
202205,서울특별시,중구,34,22
202205,서울특별시,중구,35,11
202205,서울특별시,중구,36,16
202205,서울특별시,중구,37,16
202205,서울특별시,중구,38,27
202205,서울특별시,중구,39,26
202205,서울특별시,중구,40,32
202205,서울특별시,중구,41,30
202205,서울특별시,중구,42,35
202205,서울특별시,중구,43,36
202205,서울특별시,중구,44,29
202205,서울특별시,중구,45,38
202205,서울특별시,중구,46,46
202205,서울특별시,중구,47,59
202205,서울특별시,중구,48,54
202205,서울특별시,중구,49,76
202205,서울특별시,중구,50,72
202205,서울특별시,중구,51,77
202205,서울특별시,중구,52,89
202205,서울특별시,중구,53,78
202205,서울특별시,중구,54,105
202205,서울특별시,중구,55,86
202205,서울특별시,중구,56,96
202205,서울특별시,중구,57,101
202205,서울특별시,중구,58,113
202205,서울특별시,중구,59,161
202205,서울특별시,중구,60,122
202205,서울특별시,중구,61,150
202205,서울특별시,중구,62,151
202205,서울특별시,중구,63,137
202205,서울특별시,중구,64,121
202205,서울특별시,중구,65,149
202205,서울특별시,중구,66,190
202205,서울특별시,중구,67,176
202205,서울특별시,중구,68,148
202205,서울특별시,중구,69,171
202205,서울특별시,중구,70,151
202205,서울특별시,중구,71,128
202205,서울특별시,중구,72,131
202205,서울특별시,중구,73,120
202205,서울특별시,중구,74,133
202205,서울특별시,중구,75,112
202205,서울특별시,중구,76,96
202205,서울특별시,중구,77,107
202205,서울특별시,중구,78,114
202205,서울특별시,중구,79,117
202205,서울특별시,중구,80,118
202205,서울특별시,중구,81,96
202205,서울특별시,중구,82,83
202205,서울특별시,중구,83,98
202205,서울특별시,중구,84,69
202205,서울특별시,중구,85,79
202205,서울특별시,중구,86,63
202205,서울특별시,중구,87,51
202205,서울특별시,중구,88,38
202205,서울특별시,중구,89,28
202205,서울특별시,중구,90,29
202205,서울특별시,중구,91,19
202205,서울특별시,중구,92,17
202205,서울특별시,중구,93,21
202205,서울특별시,중구,94,13
202205,서울특별시,중구,95,9
202205,서울특별시,중구,96,7
202205,서울특별시,중구,98,1
202205,서울특별시,중구,99,2
202205,서울특별시,중구,100,2
202205,서울특별시,중구,101,1
202205,서울특별시,중구,104,1
202205,서울특별시,용산구,0,9
202205,서울특별시,용산구,1,7
202205,서울특별시,용산구,2,12
202205,서울특별시,용산구,3,10
202205,서울특별시,용산구,4,12
202205,서울특별시,용산구,5,17
202205,서울특별시,용산구,6,30
202205,서울특별시,용산구,7,33
202205,서울특별시,용산구,8,38
202205,서울특별시,용산구,9,41
202205,서울특별시,용산구,10,41
202205,서울특별시,용산구,11,58
202205,서울특별시,용산구,12,39
202205,서울특별시,용산구,13,60
202205,서울특별시,용산구,14,67
202205,서울특별시,용산구,15,67
202205,서울특별시,용산구,16,76
202205,서울특별시,용산구,17,86
202205,서울특별시,용산구,18,78
202205,서울특별시,용산구,19,75
202205,서울특별시,용산구,20,51
202205,서울특별시,용산구,21,65
202205,서울특별시,용산구,22,58
202205,서울특별시,용산구,23,53
202205,서울특별시,용산구,24,47
202205,서울특별시,용산구,25,40
202205,서울특별시,용산구,26,34
202205,서울특별시,용산구,27,33
202205,서울특별시,용산구,28,23
202205,서울특별시,용산구,29,21
202205,서울특별시,용산구,30,33
202205,서울특별시,용산구,31,41
202205,서울특별시,용산구,32,29
202205,서울특별시,용산구,33,37
202205,서울특별시,용산구,34,35
202205,서울특별시,용산구,35,33
202205,서울특별시,용산구,36,47
202205,서울특별시,용산구,37,31
202205,서울특별시,용산구,38,41
202205,서울특별시,용산구,39,49
202205,서울특별시,용산구,40,65
202205,서울특별시,용산구,41,61
202205,서울특별시,용산구,42,77
202205,서울특별시,용산구,43,67
202205,서울특별시,용산구,44,71
202205,서울특별시,용산구,45,62
202205,서울특별시,용산구,46,95
202205,서울특별시,용산구,47,100
202205,서울특별시,용산구,48,94
202205,서울특별시,용산구,49,140
202205,서울특별시,용산구,50,127
202205,서울특별시,용산구,51,141
202205,서울특별시,용산구,52,166
202205,서울특별시,용산구,53,184
202205,서울특별시,용산구,54,147
202205,서울특별시,용산구,55,175
202205,서울특별시,용산구,56,170
202205,서울특별시,용산구,57,144
202205,서울특별시,용산구,58,170
202205,서울특별시,용산구,59,206
202205,서울특별시,용산구,60,228
202205,서울특별시,용산구,61,223
202205,서울특별시,용산구,62,200
202205,서울특별시,용산구,63,201
202205,서울특별시,용산구,64,174
202205,서울특별시,용산구,65,227
202205,서울특별시,용산구,66,186
202205,서울특별시,용산구,67,217
202205,서울특별시,용산구,68,181
202205,서울특별시,용산구,69,197
202205,서울특별시,용산구,70,144
202205,서울특별시,용산구,71,138
202205,서울특별시,용산구,72,168
202205,서울특별시,용산구,73,152
202205,서울특별시,용산구,74,178
202205,서울특별시,용산구,75,135
202205,서울특별시,용산구,76,127
202205,서울특별시,용산구,77,154
202205,서울특별시,용산구,78,134
202205,서울특별시,용산구,79,164
202205,서울특별시,용산구,80,151
202205,서울특별시,용산구,81,121
202205,서울특별시,용산구,82,110
202205,서울특별시,용산구,83,107
202205,서울특별시,용산구,84,101
202205,서울특별시,용산구,85,120
202205,서울특별시,용산구,86,84
202205,서울특별시,용산구,87,63
202205,서울특별시,용산구,88,59
202205,서울특별시,용산구,89,29
202205,서울특별시,용산구,90,31
202205,서울특별시,용산구,91,31
202205,서울특별시,용산구,92,26
202205,서울특별시,용산구,93,20
202205,서울특별시,용산구,94,14
202205,서울특별시,용산구,95,7
202205,서울특별시,용산구,96,5
202205,서울특별시,용산구,97,4
202205,서울특별시,용산구,98,1
202205,서울특별시,용산구,100,3
202205,서울특별시,용산구,103,1
202205,서울특별시,용산구,109,2
202205,서울특별시,성동구,0,1
202205,서울특별시,성동구,1,5
202205,서울특별시,성동구,2,11
202205,서울특별시,성동구,3,12
202205,서울특별시,성동구,4,16
202205,서울특별시,성동구,5,23
202205,서울특별시,성동구,6,20
202205,서울특별시,성동구,7,37
202205,서울특별시,성동구,8,49
202205,서울특별시,성동구,9,42
202205,서울특별시,성동구,10,58
202205,서울특별시,성동구,11,53
202205,서울특별시,성동구,12,53
202205,서울특별시,성동구,13,71
202205,서울특별시,성동구,14,91
202205,서울특별시,성동구,15,85
202205,서울특별시,성동구,16,96
202205,서울특별시,성동구,17,115
202205,서울특별시,성동구,18,94
202205,서울특별시,성동구,19,78
202205,서울특별시,성동구,20,86
202205,서울특별시,성동구,21,74
202205,서울특별시,성동구,22,82
202205,서울특별시,성동구,23,70
202205,서울특별시,성동구,24,71
202205,서울특별시,성동구,25,56
202205,서울특별시,성동구,26,52
202205,서울특별시,성동구,27,34
202205,서울특별시,성동구,28,29
202205,서울특별시,성동구,29,33
202205,서울특별시,성동구,30,33
202205,서울특별시,성동구,31,26
202205,서울특별시,성동구,32,37
202205,서울특별시,성동구,33,40
202205,서울특별시,성동구,34,28
202205,서울특별시,성동구,35,25
202205,서울특별시,성동구,36,32
202205,서울특별시,성동구,37,38
202205,서울특별시,성동구,38,45
202205,서울특별시,성동구,39,35
202205,서울특별시,성동구,40,53
202205,서울특별시,성동구,41,60
202205,서울특별시,성동구,42,60
202205,서울특별시,성동구,43,65
202205,서울특별시,성동구,44,67
202205,서울특별시,성동구,45,83
202205,서울특별시,성동구,46,91
202205,서울특별시,성동구,47,99
202205,서울특별시,성동구,48,100
202205,서울특별시,성동구,49,132
202205,서울특별시,성동구,50,134
202205,서울특별시,성동구,51,156
202205,서울특별시,성동구,52,180
202205,서울특별시,성동구,53,175
202205,서울특별시,성동구,54,207
202205,서울특별시,성동구,55,166
202205,서울특별시,성동구,56,183
202205,서울특별시,성동구,57,180
202205,서울특별시,성동구,58,196
202205,서울특별시,성동구,59,228
202205,서울특별시,성동구,60,212
202205,서울특별시,성동구,61,282
202205,서울특별시,성동구,62,252
202205,서울특별시,성동구,63,223
202205,서울특별시,성동구,64,244
202205,서울특별시,성동구,65,252
202205,서울특별시,성동구,66,238
202205,서울특별시,성동구,67,222
202205,서울특별시,성동구,68,207
202205,서울특별시,성동구,69,178
202205,서울특별시,성동구,70,209
202205,서울특별시,성동구,71,167
202205,서울특별시,성동구,72,189
202205,서울특별시,성동구,73,167
202205,서울특별시,성동구,74,178
202205,서울특별시,성동구,75,224
202205,서울특별시,성동구,76,158
202205,서울특별시,성동구,77,181
202205,서울특별시,성동구,78,165
202205,서울특별시,성동구,79,220
202205,서울특별시,성동구,80,211
202205,서울특별시,성동구,81,154
202205,서울특별시,성동구,82,159
202205,서울특별시,성동구,83,140
202205,서울특별시,성동구,84,141
202205,서울특별시,성동구,85,114
202205,서울특별시,성동구,86,101
202205,서울특별시,성동구,87,89
202205,서울특별시,성동구,88,64
202205,서울특별시,성동구,89,57
202205,서울특별시,성동구,90,42
202205,서울특별시,성동구,91,35
202205,서울특별시,성동구,92,33
202205,서울특별시,성동구,93,21
202205,서울특별시,성동구,94,10
202205,서울특별시,성동구,95,12
202205,서울특별시,성동구,96,7
202205,서울특별시,성동구,97,1
202205,서울특별시,성동구,98,7
202205,서울특별시,성동구,99,1
202205,서울특별시,성동구,100,4
202205,서울특별시,성동구,104,1
202205,서울특별시,광진구,0,11
202205,서울특별시,광진구,1,19
202205,서울특별시,광진구,2,27
202205,서울특별시,광진구,3,30
202205,서울특별시,광진구,4,22
202205,서울특별시,광진구,5,35
202205,서울특별시,광진구,6,55
202205,서울특별시,광진구,7,63
202205,서울특별시,광진구,8,83
202205,서울특별시,광진구,9,111
202205,서울특별시,광진구,10,98
202205,서울특별시,광진구,11,101
202205,서울특별시,광진구,12,117
202205,서울특별시,광진구,13,126
202205,서울특별시,광진구,14,150
202205,서울특별시,광진구,15,157
202205,서울특별시,광진구,16,134
202205,서울특별시,광진구,17,181
202205,서울특별시,광진구,18,159
202205,서울특별시,광진구,19,120
202205,서울특별시,광진구,20,110
202205,서울특별시,광진구,21,115
202205,서울특별시,광진구,22,139
202205,서울특별시,광진구,23,120
202205,서울특별시,광진구,24,123
202205,서울특별시,광진구,25,85
202205,서울특별시,광진구,26,86
202205,서울특별시,광진구,27,56
202205,서울특별시,광진구,28,64
202205,서울특별시,광진구,29,61
202205,서울특별시,광진구,30,75
202205,서울특별시,광진구,31,59
202205,서울특별시,광진구,32,60
202205,서울특별시,광진구,33,63
202205,서울특별시,광진구,34,54
202205,서울특별시,광진구,35,62
202205,서울특별시,광진구,36,79
202205,서울특별시,광진구,37,74
202205,서울특별시,광진구,38,76
202205,서울특별시,광진구,39,87
202205,서울특별시,광진구,40,101
202205,서울특별시,광진구,41,121
202205,서울특별시,광진구,42,104
202205,서울특별시,광진구,43,108
202205,서울특별시,광진구,44,107
202205,서울특별시,광진구,45,126
202205,서울특별시,광진구,46,138
202205,서울특별시,광진구,47,160
202205,서울특별시,광진구,48,186
202205,서울특별시,광진구,49,186
202205,서울특별시,광진구,50,221
202205,서울특별시,광진구,51,237
202205,서울특별시,광진구,52,238
202205,서울특별시,광진구,53,289
202205,서울특별시,광진구,54,275
202205,서울특별시,광진구,55,229
202205,서울특별시,광진구,56,267
202205,서울특별시,광진구,57,266
202205,서울특별시,광진구,58,250
202205,서울특별시,광진구,59,291
202205,서울특별시,광진구,60,285
202205,서울특별시,광진구,61,343
202205,서울특별시,광진구,62,313
202205,서울특별시,광진구,63,294
202205,서울특별시,광진구,64,278
202205,서울특별시,광진구,65,298
202205,서울특별시,광진구,66,281
202205,서울특별시,광진구,67,314
202205,서울특별시,광진구,68,251
202205,서울특별시,광진구,69,221
202205,서울특별시,광진구,70,192
202205,서울특별시,광진구,71,191
202205,서울특별시,광진구,72,205
202205,서울특별시,광진구,73,200
202205,서울특별시,광진구,74,194
202205,서울특별시,광진구,75,178
202205,서울특별시,광진구,76,128
202205,서울특별시,광진구,77,174
202205,서울특별시,광진구,78,160
202205,서울특별시,광진구,79,176
202205,서울특별시,광진구,80,157
202205,서울특별시,광진구,81,117
202205,서울특별시,광진구,82,137
202205,서울특별시,광진구,83,120
202205,서울특별시,광진구,84,103
202205,서울특별시,광진구,85,97
202205,서울특별시,광진구,86,87
202205,서울특별시,광진구,87,85
202205,서울특별시,광진구,88,65
202205,서울특별시,광진구,89,46
202205,서울특별시,광진구,90,46
202205,서울특별시,광진구,91,35
202205,서울특별시,광진구,92,30
202205,서울특별시,광진구,93,17
202205,서울특별시,광진구,94,15
202205,서울특별시,광진구,95,14
202205,서울특별시,광진구,96,4
202205,서울특별시,광진구,97,6
202205,서울특별시,광진구,98,4
202205,서울특별시,광진구,99,1
202205,서울특별시,광진구,102,1
202205,서울특별시,광진구,104,1
202205,서울특별시,광진구,111,1
202205,서울특별시,동대문구,0,9
202205,서울특별시,동대문구,1,19
202205,서울특별시,동대문구,2,22
202205,서울특별시,동대문구,3,39
202205,서울특별시,동대문구,4,33
202205,서울특별시,동대문구,5,45
202205,서울특별시,동대문구,6,62
202205,서울특별시,동대문구,7,64
202205,서울특별시,동대문구,8,75
202205,서울특별시,동대문구,9,82
202205,서울특별시,동대문구,10,94
202205,서울특별시,동대문구,11,118
202205,서울특별시,동대문구,12,123
202205,서울특별시,동대문구,13,121
202205,서울특별시,동대문구,14,155
202205,서울특별시,동대문구,15,161
202205,서울특별시,동대문구,16,146
202205,서울특별시,동대문구,17,152
202205,서울특별시,동대문구,18,142
202205,서울특별시,동대문구,19,116
202205,서울특별시,동대문구,20,110
202205,서울특별시,동대문구,21,119
202205,서울특별시,동대문구,22,108
202205,서울특별시,동대문구,23,102
202205,서울특별시,동대문구,24,84
202205,서울특별시,동대문구,25,77
202205,서울특별시,동대문구,26,54
202205,서울특별시,동대문구,27,53
202205,서울특별시,동대문구,28,47
202205,서울특별시,동대문구,29,45
202205,서울특별시,동대문구,30,52
202205,서울특별시,동대문구,31,60
202205,서울특별시,동대문구,32,61
202205,서울특별시,동대문구,33,58
202205,서울특별시,동대문구,34,56
202205,서울특별시,동대문구,35,47
202205,서울특별시,동대문구,36,69
202205,서울특별시,동대문구,37,69
202205,서울특별시,동대문구,38,68
202205,서울특별시,동대문구,39,87
202205,서울특별시,동대문구,40,69
202205,서울특별시,동대문구,41,112
202205,서울특별시,동대문구,42,122
202205,서울특별시,동대문구,43,109
202205,서울특별시,동대문구,44,108
202205,서울특별시,동대문구,45,112
202205,서울특별시,동대문구,46,134
202205,서울특별시,동대문구,47,155
202205,서울특별시,동대문구,48,198
202205,서울특별시,동대문구,49,197
202205,서울특별시,동대문구,50,213
202205,서울특별시,동대문구,51,230
202205,서울특별시,동대문구,52,247
202205,서울특별시,동대문구,53,281
202205,서울특별시,동대문구,54,265
202205,서울특별시,동대문구,55,261
202205,서울특별시,동대문구,56,287
202205,서울특별시,동대문구,57,302
202205,서울특별시,동대문구,58,281
202205,서울특별시,동대문구,59,335
202205,서울특별시,동대문구,60,336
202205,서울특별시,동대문구,61,399
202205,서울특별시,동대문구,62,418
202205,서울특별시,동대문구,63,367
202205,서울특별시,동대문구,64,380
202205,서울특별시,동대문구,65,412
202205,서울특별시,동대문구,66,417
202205,서울특별시,동대문구,67,446
202205,서울특별시,동대문구,68,375
202205,서울특별시,동대문구,69,350
202205,서울특별시,동대문구,70,312
202205,서울특별시,동대문구,71,313
202205,서울특별시,동대문구,72,309
202205,서울특별시,동대문구,73,314
202205,서울특별시,동대문구,74,305
202205,서울특별시,동대문구,75,322
202205,서울특별시,동대문구,76,232
202205,서울특별시,동대문구,77,246
202205,서울특별시,동대문구,78,279
202205,서울특별시,동대문구,79,347
202205,서울특별시,동대문구,80,292
202205,서울특별시,동대문구,81,249
202205,서울특별시,동대문구,82,212
202205,서울특별시,동대문구,83,211
202205,서울특별시,동대문구,84,178
202205,서울특별시,동대문구,85,162
202205,서울특별시,동대문구,86,146
202205,서울특별시,동대문구,87,122
202205,서울특별시,동대문구,88,86
202205,서울특별시,동대문구,89,81
202205,서울특별시,동대문구,90,57
202205,서울특별시,동대문구,91,49
202205,서울특별시,동대문구,92,45
202205,서울특별시,동대문구,93,30
202205,서울특별시,동대문구,94,23
202205,서울특별시,동대문구,95,14
202205,서울특별시,동대문구,96,6
202205,서울특별시,동대문구,97,12
202205,서울특별시,동대문구,98,8
202205,서울특별시,동대문구,99,7
202205,서울특별시,동대문구,100,3
202205,서울특별시,동대문구,101,1
202205,서울특별시,동대문구,102,3
202205,서울특별시,동대문구,103,2
202205,서울특별시,동대문구,104,1
202205,서울특별시,중랑구,0,17
202205,서울특별시,중랑구,1,35
202205,서울특별시,중랑구,2,63
202205,서울특별시,중랑구,3,75
202205,서울특별시,중랑구,4,75
202205,서울특별시,중랑구,5,93
202205,서울특별시,중랑구,6,99
202205,서울특별시,중랑구,7,163
202205,서울특별시,중랑구,8,203
202205,서울특별시,중랑구,9,190
202205,서울특별시,중랑구,10,213
202205,서울특별시,중랑구,11,246
202205,서울특별시,중랑구,12,197
202205,서울특별시,중랑구,13,260
202205,서울특별시,중랑구,14,288
202205,서울특별시,중랑구,15,302
202205,서울특별시,중랑구,16,291
202205,서울특별시,중랑구,17,329
202205,서울특별시,중랑구,18,324
202205,서울특별시,중랑구,19,237
202205,서울특별시,중랑구,20,188
202205,서울특별시,중랑구,21,212
202205,서울특별시,중랑구,22,185
202205,서울특별시,중랑구,23,185
202205,서울특별시,중랑구,24,187
202205,서울특별시,중랑구,25,135
202205,서울특별시,중랑구,26,130
202205,서울특별시,중랑구,27,112
202205,서울특별시,중랑구,28,120
202205,서울특별시,중랑구,29,89
202205,서울특별시,중랑구,30,93
202205,서울특별시,중랑구,31,88
202205,서울특별시,중랑구,32,92
202205,서울특별시,중랑구,33,102
202205,서울특별시,중랑구,34,101
202205,서울특별시,중랑구,35,99
202205,서울특별시,중랑구,36,125
202205,서울특별시,중랑구,37,122
202205,서울특별시,중랑구,38,136
202205,서울특별시,중랑구,39,179
202205,서울특별시,중랑구,40,184
202205,서울특별시,중랑구,41,203
202205,서울특별시,중랑구,42,232
202205,서울특별시,중랑구,43,229
202205,서울특별시,중랑구,44,224
202205,서울특별시,중랑구,45,236
202205,서울특별시,중랑구,46,282
202205,서울특별시,중랑구,47,299
202205,서울특별시,중랑구,48,366
202205,서울특별시,중랑구,49,381
202205,서울특별시,중랑구,50,429
202205,서울특별시,중랑구,51,442
202205,서울특별시,중랑구,52,488
202205,서울특별시,중랑구,53,495
202205,서울특별시,중랑구,54,462
202205,서울특별시,중랑구,55,500
202205,서울특별시,중랑구,56,486
202205,서울특별시,중랑구,57,551
202205,서울특별시,중랑구,58,493
202205,서울특별시,중랑구,59,545
202205,서울특별시,중랑구,60,567
202205,서울특별시,중랑구,61,622
202205,서울특별시,중랑구,62,629
202205,서울특별시,중랑구,63,599
202205,서울특별시,중랑구,64,582
202205,서울특별시,중랑구,65,591
202205,서울특별시,중랑구,66,586
202205,서울특별시,중랑구,67,667
202205,서울특별시,중랑구,68,513
202205,서울특별시,중랑구,69,499
202205,서울특별시,중랑구,70,523
202205,서울특별시,중랑구,71,405
202205,서울특별시,중랑구,72,470
202205,서울특별시,중랑구,73,444
202205,서울특별시,중랑구,74,420
202205,서울특별시,중랑구,75,415
202205,서울특별시,중랑구,76,328
202205,서울특별시,중랑구,77,406
202205,서울특별시,중랑구,78,367
202205,서울특별시,중랑구,79,423
202205,서울특별시,중랑구,80,439
202205,서울특별시,중랑구,81,353
202205,서울특별시,중랑구,82,351
202205,서울특별시,중랑구,83,297
202205,서울특별시,중랑구,84,273
202205,서울특별시,중랑구,85,234
202205,서울특별시,중랑구,86,228
202205,서울특별시,중랑구,87,204
202205,서울특별시,중랑구,88,173
202205,서울특별시,중랑구,89,144
202205,서울특별시,중랑구,90,96
202205,서울특별시,중랑구,91,92
202205,서울특별시,중랑구,92,62
202205,서울특별시,중랑구,93,53
202205,서울특별시,중랑구,94,44
202205,서울특별시,중랑구,95,34
202205,서울특별시,중랑구,96,20
202205,서울특별시,중랑구,97,17
202205,서울특별시,중랑구,98,7
202205,서울특별시,중랑구,99,8
202205,서울특별시,중랑구,100,3
202205,서울특별시,중랑구,101,2
202205,서울특별시,중랑구,102,1
202205,서울특별시,중랑구,108,1
202205,서울특별시,성북구,0,18
202205,서울특별시,성북구,1,29
202205,서울특별시,성북구,2,33
202205,서울특별시,성북구,3,41
202205,서울특별시,성북구,4,41
202205,서울특별시,성북구,5,52
202205,서울특별시,성북구,6,76
202205,서울특별시,성북구,7,82
202205,서울특별시,성북구,8,104
202205,서울특별시,성북구,9,116
202205,서울특별시,성북구,10,122
202205,서울특별시,성북구,11,163
202205,서울특별시,성북구,12,140
202205,서울특별시,성북구,13,161
202205,서울특별시,성북구,14,204
202205,서울특별시,성북구,15,213
202205,서울특별시,성북구,16,212
202205,서울특별시,성북구,17,242
202205,서울특별시,성북구,18,186
202205,서울특별시,성북구,19,153
202205,서울특별시,성북구,20,141
202205,서울특별시,성북구,21,142
202205,서울특별시,성북구,22,127
202205,서울특별시,성북구,23,119
202205,서울특별시,성북구,24,126
202205,서울특별시,성북구,25,81
202205,서울특별시,성북구,26,95
202205,서울특별시,성북구,27,71
202205,서울특별시,성북구,28,47
202205,서울특별시,성북구,29,60
202205,서울특별시,성북구,30,65
202205,서울특별시,성북구,31,42
202205,서울특별시,성북구,32,57
202205,서울특별시,성북구,33,55
202205,서울특별시,성북구,34,55
202205,서울특별시,성북구,35,64
202205,서울특별시,성북구,36,74
202205,서울특별시,성북구,37,77
202205,서울특별시,성북구,38,90
202205,서울특별시,성북구,39,98
202205,서울특별시,성북구,40,110
202205,서울특별시,성북구,41,116
202205,서울특별시,성북구,42,119
202205,서울특별시,성북구,43,118
202205,서울특별시,성북구,44,145
202205,서울특별시,성북구,45,156
202205,서울특별시,성북구,46,153
202205,서울특별시,성북구,47,192
202205,서울특별시,성북구,48,226
202205,서울특별시,성북구,49,237
202205,서울특별시,성북구,50,248
202205,서울특별시,성북구,51,273
202205,서울특별시,성북구,52,290
202205,서울특별시,성북구,53,319
202205,서울특별시,성북구,54,242
202205,서울특별시,성북구,55,241
202205,서울특별시,성북구,56,255
202205,서울특별시,성북구,57,299
202205,서울특별시,성북구,58,273
202205,서울특별시,성북구,59,299
202205,서울특별시,성북구,60,305
202205,서울특별시,성북구,61,356
202205,서울특별시,성북구,62,336
202205,서울특별시,성북구,63,313
202205,서울특별시,성북구,64,366
202205,서울특별시,성북구,65,350
202205,서울특별시,성북구,66,372
202205,서울특별시,성북구,67,386
202205,서울특별시,성북구,68,298
202205,서울특별시,성북구,69,314
202205,서울특별시,성북구,70,308
202205,서울특별시,성북구,71,239
202205,서울특별시,성북구,72,263
202205,서울특별시,성북구,73,287
202205,서울특별시,성북구,74,272
202205,서울특별시,성북구,75,316
202205,서울특별시,성북구,76,226
202205,서울특별시,성북구,77,251
202205,서울특별시,성북구,78,257
202205,서울특별시,성북구,79,303
202205,서울특별시,성북구,80,320
202205,서울특별시,성북구,81,259
202205,서울특별시,성북구,82,248
202205,서울특별시,성북구,83,195
202205,서울특별시,성북구,84,206
202205,서울특별시,성북구,85,169
202205,서울특별시,성북구,86,173
202205,서울특별시,성북구,87,149
202205,서울특별시,성북구,88,83
202205,서울특별시,성북구,89,81
202205,서울특별시,성북구,90,73
202205,서울특별시,성북구,91,51
202205,서울특별시,성북구,92,50
202205,서울특별시,성북구,93,28
202205,서울특별시,성북구,94,31
202205,서울특별시,성북구,95,30
202205,서울특별시,성북구,96,13
202205,서울특별시,성북구,97,15
202205,서울특별시,성북구,98,5
202205,서울특별시,성북구,99,5
202205,서울특별시,성북구,100,3
202205,서울특별시,성북구,103,1
202205,서울특별시,성북구,106,1
202205,서울특별시,강북구,0,17
202205,서울특별시,강북구,1,24
202205,서울특별시,강북구,2,30
202205,서울특별시,강북구,3,37
202205,서울특별시,강북구,4,38
202205,서울특별시,강북구,5,61
202205,서울특별시,강북구,6,74
202205,서울특별시,강북구,7,101
202205,서울특별시,강북구,8,124
202205,서울특별시,강북구,9,159
202205,서울특별시,강북구,10,177
202205,서울특별시,강북구,11,197
202205,서울특별시,강북구,12,166
202205,서울특별시,강북구,13,203
202205,서울특별시,강북구,14,231
202205,서울특별시,강북구,15,202
202205,서울특별시,강북구,16,231
202205,서울특별시,강북구,17,281
202205,서울특별시,강북구,18,231
202205,서울특별시,강북구,19,195
202205,서울특별시,강북구,20,160
202205,서울특별시,강북구,21,177
202205,서울특별시,강북구,22,183
202205,서울특별시,강북구,23,170
202205,서울특별시,강북구,24,151
202205,서울특별시,강북구,25,133
202205,서울특별시,강북구,26,82
202205,서울특별시,강북구,27,79
202205,서울특별시,강북구,28,83
202205,서울특별시,강북구,29,85
202205,서울특별시,강북구,30,89
202205,서울특별시,강북구,31,86
202205,서울특별시,강북구,32,70
202205,서울특별시,강북구,33,94
202205,서울특별시,강북구,34,72
202205,서울특별시,강북구,35,81
202205,서울특별시,강북구,36,82
202205,서울특별시,강북구,37,103
202205,서울특별시,강북구,38,103
202205,서울특별시,강북구,39,132
202205,서울특별시,강북구,40,144
202205,서울특별시,강북구,41,132
202205,서울특별시,강북구,42,157
202205,서울특별시,강북구,43,156
202205,서울특별시,강북구,44,192
202205,서울특별시,강북구,45,193
202205,서울특별시,강북구,46,224
202205,서울특별시,강북구,47,226
202205,서울특별시,강북구,48,268
202205,서울특별시,강북구,49,340
202205,서울특별시,강북구,50,349
202205,서울특별시,강북구,51,359
202205,서울특별시,강북구,52,342
202205,서울특별시,강북구,53,399
202205,서울특별시,강북구,54,401
202205,서울특별시,강북구,55,384
202205,서울특별시,강북구,56,388
202205,서울특별시,강북구,57,447
202205,서울특별시,강북구,58,393
202205,서울특별시,강북구,59,445
202205,서울특별시,강북구,60,403
202205,서울특별시,강북구,61,517
202205,서울특별시,강북구,62,495
202205,서울특별시,강북구,63,431
202205,서울특별시,강북구,64,439
202205,서울특별시,강북구,65,436
202205,서울특별시,강북구,66,459
202205,서울특별시,강북구,67,522
202205,서울특별시,강북구,68,426
202205,서울특별시,강북구,69,397
202205,서울특별시,강북구,70,424
202205,서울특별시,강북구,71,374
202205,서울특별시,강북구,72,425
202205,서울특별시,강북구,73,384
202205,서울특별시,강북구,74,440
202205,서울특별시,강북구,75,421
202205,서울특별시,강북구,76,332
202205,서울특별시,강북구,77,359
202205,서울특별시,강북구,78,383
202205,서울특별시,강북구,79,482
202205,서울특별시,강북구,80,445
202205,서울특별시,강북구,81,319
202205,서울특별시,강북구,82,288
202205,서울특별시,강북구,83,278
202205,서울특별시,강북구,84,231
202205,서울특별시,강북구,85,223
202205,서울특별시,강북구,86,213
202205,서울특별시,강북구,87,158
202205,서울특별시,강북구,88,118
202205,서울특별시,강북구,89,89
202205,서울특별시,강북구,90,88
202205,서울특별시,강북구,91,59
202205,서울특별시,강북구,92,40
202205,서울특별시,강북구,93,51
202205,서울특별시,강북구,94,27
202205,서울특별시,강북구,95,22
202205,서울특별시,강북구,96,11
202205,서울특별시,강북구,97,15
202205,서울특별시,강북구,98,8
202205,서울특별시,강북구,99,4
202205,서울특별시,강북구,100,3
202205,서울특별시,강북구,102,2
202205,서울특별시,강북구,103,1
202205,서울특별시,도봉구,0,23
202205,서울특별시,도봉구,1,21
202205,서울특별시,도봉구,2,30
202205,서울특별시,도봉구,3,43
202205,서울특별시,도봉구,4,38
202205,서울특별시,도봉구,5,49
202205,서울특별시,도봉구,6,63
202205,서울특별시,도봉구,7,98
202205,서울특별시,도봉구,8,108
202205,서울특별시,도봉구,9,121
202205,서울특별시,도봉구,10,160
202205,서울특별시,도봉구,11,179
202205,서울특별시,도봉구,12,143
202205,서울특별시,도봉구,13,180
202205,서울특별시,도봉구,14,173
202205,서울특별시,도봉구,15,213
202205,서울특별시,도봉구,16,190
202205,서울특별시,도봉구,17,236
202205,서울특별시,도봉구,18,224
202205,서울특별시,도봉구,19,179
202205,서울특별시,도봉구,20,148
202205,서울특별시,도봉구,21,126
202205,서울특별시,도봉구,22,121
202205,서울특별시,도봉구,23,112
202205,서울특별시,도봉구,24,129
202205,서울특별시,도봉구,25,94
202205,서울특별시,도봉구,26,70
202205,서울특별시,도봉구,27,72
202205,서울특별시,도봉구,28,58
202205,서울특별시,도봉구,29,52
202205,서울특별시,도봉구,30,67
202205,서울특별시,도봉구,31,62
202205,서울특별시,도봉구,32,78
202205,서울특별시,도봉구,33,58
202205,서울특별시,도봉구,34,58
202205,서울특별시,도봉구,35,50
202205,서울특별시,도봉구,36,79
202205,서울특별시,도봉구,37,77
202205,서울특별시,도봉구,38,94
202205,서울특별시,도봉구,39,118
202205,서울특별시,도봉구,40,121
202205,서울특별시,도봉구,41,133
202205,서울특별시,도봉구,42,125
202205,서울특별시,도봉구,43,141
202205,서울특별시,도봉구,44,148
202205,서울특별시,도봉구,45,143
202205,서울특별시,도봉구,46,178
202205,서울특별시,도봉구,47,207
202205,서울특별시,도봉구,48,219
202205,서울특별시,도봉구,49,239
202205,서울특별시,도봉구,50,234
202205,서울특별시,도봉구,51,277
202205,서울특별시,도봉구,52,271
202205,서울특별시,도봉구,53,279
202205,서울특별시,도봉구,54,274
202205,서울특별시,도봉구,55,239
202205,서울특별시,도봉구,56,263
202205,서울특별시,도봉구,57,247
202205,서울특별시,도봉구,58,234
202205,서울특별시,도봉구,59,257
202205,서울특별시,도봉구,60,251
202205,서울특별시,도봉구,61,284
202205,서울특별시,도봉구,62,288
202205,서울특별시,도봉구,63,288
202205,서울특별시,도봉구,64,279
202205,서울특별시,도봉구,65,310
202205,서울특별시,도봉구,66,326
202205,서울특별시,도봉구,67,300
202205,서울특별시,도봉구,68,253
202205,서울특별시,도봉구,69,271
202205,서울특별시,도봉구,70,234
202205,서울특별시,도봉구,71,212
202205,서울특별시,도봉구,72,236
202205,서울특별시,도봉구,73,232
202205,서울특별시,도봉구,74,232
202205,서울특별시,도봉구,75,256
202205,서울특별시,도봉구,76,193
202205,서울특별시,도봉구,77,214
202205,서울특별시,도봉구,78,221
202205,서울특별시,도봉구,79,263
202205,서울특별시,도봉구,80,272
202205,서울특별시,도봉구,81,234
202205,서울특별시,도봉구,82,206
202205,서울특별시,도봉구,83,204
202205,서울특별시,도봉구,84,169
202205,서울특별시,도봉구,85,160
202205,서울특별시,도봉구,86,161
202205,서울특별시,도봉구,87,88
202205,서울특별시,도봉구,88,106
202205,서울특별시,도봉구,89,66
202205,서울특별시,도봉구,90,75
202205,서울특별시,도봉구,91,38
202205,서울특별시,도봉구,92,43
202205,서울특별시,도봉구,93,35
202205,서울특별시,도봉구,94,36
202205,서울특별시,도봉구,95,18
202205,서울특별시,도봉구,96,12
202205,서울특별시,도봉구,97,8
202205,서울특별시,도봉구,98,7
202205,서울특별시,도봉구,99,5
202205,서울특별시,도봉구,100,2
202205,서울특별시,도봉구,101,4
202205,서울특별시,도봉구,102,3
202205,서울특별시,도봉구,103,2
202205,서울특별시,도봉구,105,1
202205,서울특별시,도봉구,106,1
202205,서울특별시,도봉구,109,1
202205,서울특별시,노원구,0,20
202205,서울특별시,노원구,1,33
202205,서울특별시,노원구,2,27
202205,서울특별시,노원구,3,46
202205,서울특별시,노원구,4,80
202205,서울특별시,노원구,5,69
202205,서울특별시,노원구,6,125
202205,서울특별시,노원구,7,131
202205,서울특별시,노원구,8,145
202205,서울특별시,노원구,9,195
202205,서울특별시,노원구,10,195
202205,서울특별시,노원구,11,218
202205,서울특별시,노원구,12,212
202205,서울특별시,노원구,13,262
202205,서울특별시,노원구,14,306
202205,서울특별시,노원구,15,318
202205,서울특별시,노원구,16,285
202205,서울특별시,노원구,17,327
202205,서울특별시,노원구,18,341
202205,서울특별시,노원구,19,288
202205,서울특별시,노원구,20,257
202205,서울특별시,노원구,21,274
202205,서울특별시,노원구,22,282
202205,서울특별시,노원구,23,261
202205,서울특별시,노원구,24,230
202205,서울특별시,노원구,25,220
202205,서울특별시,노원구,26,159
202205,서울특별시,노원구,27,118
202205,서울특별시,노원구,28,125
202205,서울특별시,노원구,29,99
202205,서울특별시,노원구,30,120
202205,서울특별시,노원구,31,114
202205,서울특별시,노원구,32,118
202205,서울특별시,노원구,33,116
202205,서울특별시,노원구,34,103
202205,서울특별시,노원구,35,123
202205,서울특별시,노원구,36,120
202205,서울특별시,노원구,37,143
202205,서울특별시,노원구,38,162
202205,서울특별시,노원구,39,167
202205,서울특별시,노원구,40,202
202205,서울특별시,노원구,41,218
202205,서울특별시,노원구,42,240
202205,서울특별시,노원구,43,240
202205,서울특별시,노원구,44,258
202205,서울특별시,노원구,45,285
202205,서울특별시,노원구,46,286
202205,서울특별시,노원구,47,354
202205,서울특별시,노원구,48,402
202205,서울특별시,노원구,49,421
202205,서울특별시,노원구,50,438
202205,서울특별시,노원구,51,512
202205,서울특별시,노원구,52,520
202205,서울특별시,노원구,53,576
202205,서울특별시,노원구,54,510
202205,서울특별시,노원구,55,499
202205,서울특별시,노원구,56,521
202205,서울특별시,노원구,57,549
202205,서울특별시,노원구,58,524
202205,서울특별시,노원구,59,597
202205,서울특별시,노원구,60,576
202205,서울특별시,노원구,61,696
202205,서울특별시,노원구,62,666
202205,서울특별시,노원구,63,683
202205,서울특별시,노원구,64,665
202205,서울특별시,노원구,65,646
202205,서울특별시,노원구,66,674
202205,서울특별시,노원구,67,672
202205,서울특별시,노원구,68,616
202205,서울특별시,노원구,69,636
202205,서울특별시,노원구,70,584
202205,서울특별시,노원구,71,473
202205,서울특별시,노원구,72,650
202205,서울특별시,노원구,73,612
202205,서울특별시,노원구,74,616
202205,서울특별시,노원구,75,658
202205,서울특별시,노원구,76,460
202205,서울특별시,노원구,77,526
202205,서울특별시,노원구,78,554
202205,서울특별시,노원구,79,618
202205,서울특별시,노원구,80,702
202205,서울특별시,노원구,81,530
202205,서울특별시,노원구,82,492
202205,서울특별시,노원구,83,455
202205,서울특별시,노원구,84,408
202205,서울특별시,노원구,85,325
202205,서울특별시,노원구,86,292
202205,서울특별시,노원구,87,243
202205,서울특별시,노원구,88,214
202205,서울특별시,노원구,89,183
202205,서울특별시,노원구,90,146
202205,서울특별시,노원구,91,94
202205,서울특별시,노원구,92,91
202205,서울특별시,노원구,93,57
202205,서울특별시,노원구,94,53
202205,서울특별시,노원구,95,41
202205,서울특별시,노원구,96,26
202205,서울특별시,노원구,97,21
202205,서울특별시,노원구,98,6
202205,서울특별시,노원구,99,11
202205,서울특별시,노원구,100,5
202205,서울특별시,노원구,101,8
202205,서울특별시,노원구,103,3
202205,서울특별시,노원구,104,2
202205,서울특별시,노원구,106,1
202205,서울특별시,노원구,107,1
202205,서울특별시,은평구,0,18
202205,서울특별시,은평구,1,51
202205,서울특별시,은평구,2,44
202205,서울특별시,은평구,3,42
202205,서울특별시,은평구,4,66
202205,서울특별시,은평구,5,73
202205,서울특별시,은평구,6,101
202205,서울특별시,은평구,7,145
202205,서울특별시,은평구,8,140
202205,서울특별시,은평구,9,140
202205,서울특별시,은평구,10,172
202205,서울특별시,은평구,11,203
202205,서울특별시,은평구,12,188
202205,서울특별시,은평구,13,243
202205,서울특별시,은평구,14,248
202205,서울특별시,은평구,15,273
202205,서울특별시,은평구,16,284
202205,서울특별시,은평구,17,314
202205,서울특별시,은평구,18,321
202205,서울특별시,은평구,19,267
202205,서울특별시,은평구,20,263
202205,서울특별시,은평구,21,236
202205,서울특별시,은평구,22,234
202205,서울특별시,은평구,23,219
202205,서울특별시,은평구,24,185
202205,서울특별시,은평구,25,151
202205,서울특별시,은평구,26,135
202205,서울특별시,은평구,27,103
202205,서울특별시,은평구,28,87
202205,서울특별시,은평구,29,101
202205,서울특별시,은평구,30,123
202205,서울특별시,은평구,31,91
202205,서울특별시,은평구,32,87
202205,서울특별시,은평구,33,83
202205,서울특별시,은평구,34,111
202205,서울특별시,은평구,35,99
202205,서울특별시,은평구,36,110
202205,서울특별시,은평구,37,113
202205,서울특별시,은평구,38,113
202205,서울특별시,은평구,39,128
202205,서울특별시,은평구,40,169
202205,서울특별시,은평구,41,184
202205,서울특별시,은평구,42,215
202205,서울특별시,은평구,43,175
202205,서울특별시,은평구,44,181
202205,서울특별시,은평구,45,216
202205,서울특별시,은평구,46,249
202205,서울특별시,은평구,47,273
202205,서울특별시,은평구,48,318
202205,서울특별시,은평구,49,365
202205,서울특별시,은평구,50,360
202205,서울특별시,은평구,51,377
202205,서울특별시,은평구,52,412
202205,서울특별시,은평구,53,403
202205,서울특별시,은평구,54,379
202205,서울특별시,은평구,55,358
202205,서울특별시,은평구,56,379
202205,서울특별시,은평구,57,374
202205,서울특별시,은평구,58,405
202205,서울특별시,은평구,59,451
202205,서울특별시,은평구,60,433
202205,서울특별시,은평구,61,483
202205,서울특별시,은평구,62,429
202205,서울특별시,은평구,63,433
202205,서울특별시,은평구,64,464
202205,서울특별시,은평구,65,448
202205,서울특별시,은평구,66,456
202205,서울특별시,은평구,67,542
202205,서울특별시,은평구,68,433
202205,서울특별시,은평구,69,447
202205,서울특별시,은평구,70,402
202205,서울특별시,은평구,71,356
202205,서울특별시,은평구,72,465
202205,서울특별시,은평구,73,415
202205,서울특별시,은평구,74,415
202205,서울특별시,은평구,75,459
202205,서울특별시,은평구,76,365
202205,서울특별시,은평구,77,387
202205,서울특별시,은평구,78,378
202205,서울특별시,은평구,79,448
202205,서울특별시,은평구,80,434
202205,서울특별시,은평구,81,351
202205,서울특별시,은평구,82,314
202205,서울특별시,은평구,83,345
202205,서울특별시,은평구,84,278
202205,서울특별시,은평구,85,259
202205,서울특별시,은평구,86,226
202205,서울특별시,은평구,87,200
202205,서울특별시,은평구,88,137
202205,서울특별시,은평구,89,106
202205,서울특별시,은평구,90,108
202205,서울특별시,은평구,91,73
202205,서울특별시,은평구,92,60
202205,서울특별시,은평구,93,51
202205,서울특별시,은평구,94,31
202205,서울특별시,은평구,95,20
202205,서울특별시,은평구,96,16
202205,서울특별시,은평구,97,17
202205,서울특별시,은평구,98,12
202205,서울특별시,은평구,99,8
202205,서울특별시,은평구,100,3
202205,서울특별시,은평구,101,2
202205,서울특별시,서대문구,0,43
202205,서울특별시,서대문구,1,57
202205,서울특별시,서대문구,2,20
202205,서울특별시,서대문구,3,24
202205,서울특별시,서대문구,4,30
202205,서울특별시,서대문구,5,28
202205,서울특별시,서대문구,6,36
202205,서울특별시,서대문구,7,56
202205,서울특별시,서대문구,8,40
202205,서울특별시,서대문구,9,64
202205,서울특별시,서대문구,10,74
202205,서울특별시,서대문구,11,76
202205,서울특별시,서대문구,12,81
202205,서울특별시,서대문구,13,82
202205,서울특별시,서대문구,14,123
202205,서울특별시,서대문구,15,116
202205,서울특별시,서대문구,16,119
202205,서울특별시,서대문구,17,128
202205,서울특별시,서대문구,18,129
202205,서울특별시,서대문구,19,110
202205,서울특별시,서대문구,20,107
202205,서울특별시,서대문구,21,103
202205,서울특별시,서대문구,22,85
202205,서울특별시,서대문구,23,94
202205,서울특별시,서대문구,24,82
202205,서울특별시,서대문구,25,55
202205,서울특별시,서대문구,26,71
202205,서울특별시,서대문구,27,32
202205,서울특별시,서대문구,28,38
202205,서울특별시,서대문구,29,47
202205,서울특별시,서대문구,30,41
202205,서울특별시,서대문구,31,57
202205,서울특별시,서대문구,32,44
202205,서울특별시,서대문구,33,48
202205,서울특별시,서대문구,34,37
202205,서울특별시,서대문구,35,53
202205,서울특별시,서대문구,36,54
202205,서울특별시,서대문구,37,45
202205,서울특별시,서대문구,38,46
202205,서울특별시,서대문구,39,72
202205,서울특별시,서대문구,40,69
202205,서울특별시,서대문구,41,76
202205,서울특별시,서대문구,42,82
202205,서울특별시,서대문구,43,68
202205,서울특별시,서대문구,44,78
202205,서울특별시,서대문구,45,90
202205,서울특별시,서대문구,46,101
202205,서울특별시,서대문구,47,127
202205,서울특별시,서대문구,48,145
202205,서울특별시,서대문구,49,148
202205,서울특별시,서대문구,50,159
202205,서울특별시,서대문구,51,166
202205,서울특별시,서대문구,52,169
202205,서울특별시,서대문구,53,193
202205,서울특별시,서대문구,54,194
202205,서울특별시,서대문구,55,171
202205,서울특별시,서대문구,56,191
202205,서울특별시,서대문구,57,194
202205,서울특별시,서대문구,58,178
202205,서울특별시,서대문구,59,200
202205,서울특별시,서대문구,60,221
202205,서울특별시,서대문구,61,248
202205,서울특별시,서대문구,62,201
202205,서울특별시,서대문구,63,220
202205,서울특별시,서대문구,64,197
202205,서울특별시,서대문구,65,250
202205,서울특별시,서대문구,66,235
202205,서울특별시,서대문구,67,271
202205,서울특별시,서대문구,68,210
202205,서울특별시,서대문구,69,231
202205,서울특별시,서대문구,70,192
202205,서울특별시,서대문구,71,158
202205,서울특별시,서대문구,72,215
202205,서울특별시,서대문구,73,194
202205,서울특별시,서대문구,74,220
202205,서울특별시,서대문구,75,231
202205,서울특별시,서대문구,76,156
202205,서울특별시,서대문구,77,171
202205,서울특별시,서대문구,78,190
202205,서울특별시,서대문구,79,223
202205,서울특별시,서대문구,80,251
202205,서울특별시,서대문구,81,203
202205,서울특별시,서대문구,82,187
202205,서울특별시,서대문구,83,188
202205,서울특별시,서대문구,84,162
202205,서울특별시,서대문구,85,136
202205,서울특별시,서대문구,86,147
202205,서울특별시,서대문구,87,120
202205,서울특별시,서대문구,88,93
202205,서울특별시,서대문구,89,53
202205,서울특별시,서대문구,90,48
202205,서울특별시,서대문구,91,29
202205,서울특별시,서대문구,92,45
202205,서울특별시,서대문구,93,28
202205,서울특별시,서대문구,94,20
202205,서울특별시,서대문구,95,16
202205,서울특별시,서대문구,96,7
202205,서울특별시,서대문구,97,8
202205,서울특별시,서대문구,98,3
202205,서울특별시,서대문구,99,4
202205,서울특별시,서대문구,100,1
202205,서울특별시,서대문구,101,1
202205,서울특별시,서대문구,104,1
202205,서울특별시,서대문구,105,1
202205,서울특별시,서대문구,106,1
202205,서울특별시,마포구,0,24
202205,서울특별시,마포구,1,70
202205,서울특별시,마포구,2,36
202205,서울특별시,마포구,3,19
202205,서울특별시,마포구,4,19
202205,서울특별시,마포구,5,23
202205,서울특별시,마포구,6,23
202205,서울특별시,마포구,7,35
202205,서울특별시,마포구,8,42
202205,서울특별시,마포구,9,48
202205,서울특별시,마포구,10,68
202205,서울특별시,마포구,11,73
202205,서울특별시,마포구,12,72
202205,서울특별시,마포구,13,77
202205,서울특별시,마포구,14,84
202205,서울특별시,마포구,15,100
202205,서울특별시,마포구,16,97
202205,서울특별시,마포구,17,113
202205,서울특별시,마포구,18,122
202205,서울특별시,마포구,19,106
202205,서울특별시,마포구,20,88
202205,서울특별시,마포구,21,84
202205,서울특별시,마포구,22,105
202205,서울특별시,마포구,23,90
202205,서울특별시,마포구,24,88
202205,서울특별시,마포구,25,81
202205,서울특별시,마포구,26,59
202205,서울특별시,마포구,27,34
202205,서울특별시,마포구,28,37
202205,서울특별시,마포구,29,30
202205,서울특별시,마포구,30,39
202205,서울특별시,마포구,31,32
202205,서울특별시,마포구,32,46
202205,서울특별시,마포구,33,44
202205,서울특별시,마포구,34,46
202205,서울특별시,마포구,35,44
202205,서울특별시,마포구,36,54
202205,서울특별시,마포구,37,52
202205,서울특별시,마포구,38,65
202205,서울특별시,마포구,39,68
202205,서울특별시,마포구,40,64
202205,서울특별시,마포구,41,82
202205,서울특별시,마포구,42,67
202205,서울특별시,마포구,43,74
202205,서울특별시,마포구,44,86
202205,서울특별시,마포구,45,87
202205,서울특별시,마포구,46,126
202205,서울특별시,마포구,47,124
202205,서울특별시,마포구,48,170
202205,서울특별시,마포구,49,136
202205,서울특별시,마포구,50,141
202205,서울특별시,마포구,51,178
202205,서울특별시,마포구,52,179
202205,서울특별시,마포구,53,165
202205,서울특별시,마포구,54,163
202205,서울특별시,마포구,55,178
202205,서울특별시,마포구,56,182
202205,서울특별시,마포구,57,173
202205,서울특별시,마포구,58,182
202205,서울특별시,마포구,59,215
202205,서울특별시,마포구,60,206
202205,서울특별시,마포구,61,210
202205,서울특별시,마포구,62,219
202205,서울특별시,마포구,63,223
202205,서울특별시,마포구,64,204
202205,서울특별시,마포구,65,216
202205,서울특별시,마포구,66,218
202205,서울특별시,마포구,67,278
202205,서울특별시,마포구,68,212
202205,서울특별시,마포구,69,203
202205,서울특별시,마포구,70,200
202205,서울특별시,마포구,71,201
202205,서울특별시,마포구,72,191
202205,서울특별시,마포구,73,206
202205,서울특별시,마포구,74,233
202205,서울특별시,마포구,75,210
202205,서울특별시,마포구,76,178
202205,서울특별시,마포구,77,222
202205,서울특별시,마포구,78,176
202205,서울특별시,마포구,79,228
202205,서울특별시,마포구,80,213
202205,서울특별시,마포구,81,169
202205,서울특별시,마포구,82,157
202205,서울특별시,마포구,83,157
202205,서울특별시,마포구,84,129
202205,서울특별시,마포구,85,134
202205,서울특별시,마포구,86,107
202205,서울특별시,마포구,87,93
202205,서울특별시,마포구,88,74
202205,서울특별시,마포구,89,59
202205,서울특별시,마포구,90,65
202205,서울특별시,마포구,91,44
202205,서울특별시,마포구,92,30
202205,서울특별시,마포구,93,25
202205,서울특별시,마포구,94,22
202205,서울특별시,마포구,95,14
202205,서울특별시,마포구,96,7
202205,서울특별시,마포구,97,3
202205,서울특별시,마포구,98,3
202205,서울특별시,마포구,99,6
202205,서울특별시,마포구,100,2
202205,서울특별시,마포구,101,1
202205,서울특별시,마포구,102,1
202205,서울특별시,양천구,0,20
202205,서울특별시,양천구,1,27
202205,서울특별시,양천구,2,27
202205,서울특별시,양천구,3,38
202205,서울특별시,양천구,4,48
202205,서울특별시,양천구,5,68
202205,서울특별시,양천구,6,72
202205,서울특별시,양천구,7,80
202205,서울특별시,양천구,8,95
202205,서울특별시,양천구,9,107
202205,서울특별시,양천구,10,141
202205,서울특별시,양천구,11,161
202205,서울특별시,양천구,12,153
202205,서울특별시,양천구,13,196
202205,서울특별시,양천구,14,235
202205,서울특별시,양천구,15,191
202205,서울특별시,양천구,16,222
202205,서울특별시,양천구,17,239
202205,서울특별시,양천구,18,206
202205,서울특별시,양천구,19,159
202205,서울특별시,양천구,20,146
202205,서울특별시,양천구,21,148
202205,서울특별시,양천구,22,160
202205,서울특별시,양천구,23,120
202205,서울특별시,양천구,24,134
202205,서울특별시,양천구,25,120
202205,서울특별시,양천구,26,96
202205,서울특별시,양천구,27,71
202205,서울특별시,양천구,28,64
202205,서울특별시,양천구,29,59
202205,서울특별시,양천구,30,69
202205,서울특별시,양천구,31,67
202205,서울특별시,양천구,32,61
202205,서울특별시,양천구,33,68
202205,서울특별시,양천구,34,75
202205,서울특별시,양천구,35,75
202205,서울특별시,양천구,36,84
202205,서울특별시,양천구,37,84
202205,서울특별시,양천구,38,79
202205,서울특별시,양천구,39,107
202205,서울특별시,양천구,40,122
202205,서울특별시,양천구,41,132
202205,서울특별시,양천구,42,122
202205,서울특별시,양천구,43,147
202205,서울특별시,양천구,44,147
202205,서울특별시,양천구,45,149
202205,서울특별시,양천구,46,178
202205,서울특별시,양천구,47,219
202205,서울특별시,양천구,48,232
202205,서울특별시,양천구,49,238
202205,서울특별시,양천구,50,227
202205,서울특별시,양천구,51,256
202205,서울특별시,양천구,52,253
202205,서울특별시,양천구,53,294
202205,서울특별시,양천구,54,271
202205,서울특별시,양천구,55,258
202205,서울특별시,양천구,56,272
202205,서울특별시,양천구,57,280
202205,서울특별시,양천구,58,275
202205,서울특별시,양천구,59,320
202205,서울특별시,양천구,60,340
202205,서울특별시,양천구,61,353
202205,서울특별시,양천구,62,391
202205,서울특별시,양천구,63,340
202205,서울특별시,양천구,64,348
202205,서울특별시,양천구,65,351
202205,서울특별시,양천구,66,353
202205,서울특별시,양천구,67,423
202205,서울특별시,양천구,68,325
202205,서울특별시,양천구,69,313
202205,서울특별시,양천구,70,349
202205,서울특별시,양천구,71,286
202205,서울특별시,양천구,72,307
202205,서울특별시,양천구,73,305
202205,서울특별시,양천구,74,319
202205,서울특별시,양천구,75,320
202205,서울특별시,양천구,76,210
202205,서울특별시,양천구,77,261
202205,서울특별시,양천구,78,267
202205,서울특별시,양천구,79,313
202205,서울특별시,양천구,80,296
202205,서울특별시,양천구,81,241
202205,서울특별시,양천구,82,243
202205,서울특별시,양천구,83,234
202205,서울특별시,양천구,84,170
202205,서울특별시,양천구,85,180
202205,서울특별시,양천구,86,168
202205,서울특별시,양천구,87,116
202205,서울특별시,양천구,88,96
202205,서울특별시,양천구,89,106
202205,서울특별시,양천구,90,69
202205,서울특별시,양천구,91,50
202205,서울특별시,양천구,92,50
202205,서울특별시,양천구,93,48
202205,서울특별시,양천구,94,26
202205,서울특별시,양천구,95,22
202205,서울특별시,양천구,96,11
202205,서울특별시,양천구,97,11
202205,서울특별시,양천구,98,3
202205,서울특별시,양천구,99,4
202205,서울특별시,양천구,100,4
202205,서울특별시,양천구,101,3
202205,서울특별시,양천구,103,1
202205,서울특별시,양천구,105,1
202205,서울특별시,강서구,0,27
202205,서울특별시,강서구,1,38
202205,서울특별시,강서구,2,43
202205,서울특별시,강서구,3,67
202205,서울특별시,강서구,4,81
202205,서울특별시,강서구,5,86
202205,서울특별시,강서구,6,106
202205,서울특별시,강서구,7,130
202205,서울특별시,강서구,8,174
202205,서울특별시,강서구,9,206
202205,서울특별시,강서구,10,201
202205,서울특별시,강서구,11,203
202205,서울특별시,강서구,12,201
202205,서울특별시,강서구,13,232
202205,서울특별시,강서구,14,287
202205,서울특별시,강서구,15,261
202205,서울특별시,강서구,16,300
202205,서울특별시,강서구,17,308
202205,서울특별시,강서구,18,297
202205,서울특별시,강서구,19,220
202205,서울특별시,강서구,20,231
202205,서울특별시,강서구,21,240
202205,서울특별시,강서구,22,255
202205,서울특별시,강서구,23,228
202205,서울특별시,강서구,24,188
202205,서울특별시,강서구,25,183
202205,서울특별시,강서구,26,162
202205,서울특별시,강서구,27,123
202205,서울특별시,강서구,28,136
202205,서울특별시,강서구,29,110
202205,서울특별시,강서구,30,129
202205,서울특별시,강서구,31,120
202205,서울특별시,강서구,32,132
202205,서울특별시,강서구,33,119
202205,서울특별시,강서구,34,113
202205,서울특별시,강서구,35,130
202205,서울특별시,강서구,36,133
202205,서울특별시,강서구,37,123
202205,서울특별시,강서구,38,176
202205,서울특별시,강서구,39,209
202205,서울특별시,강서구,40,216
202205,서울특별시,강서구,41,234
202205,서울특별시,강서구,42,209
202205,서울특별시,강서구,43,222
202205,서울특별시,강서구,44,233
202205,서울특별시,강서구,45,216
202205,서울특별시,강서구,46,285
202205,서울특별시,강서구,47,314
202205,서울특별시,강서구,48,267
202205,서울특별시,강서구,49,355
202205,서울특별시,강서구,50,408
202205,서울특별시,강서구,51,444
202205,서울특별시,강서구,52,438
202205,서울특별시,강서구,53,465
202205,서울특별시,강서구,54,457
202205,서울특별시,강서구,55,469
202205,서울특별시,강서구,56,465
202205,서울특별시,강서구,57,528
202205,서울특별시,강서구,58,520
202205,서울특별시,강서구,59,639
202205,서울특별시,강서구,60,626
202205,서울특별시,강서구,61,700
202205,서울특별시,강서구,62,750
202205,서울특별시,강서구,63,722
202205,서울특별시,강서구,64,685
202205,서울특별시,강서구,65,708
202205,서울특별시,강서구,66,750
202205,서울특별시,강서구,67,798
202205,서울특별시,강서구,68,646
202205,서울특별시,강서구,69,698
202205,서울특별시,강서구,70,614
202205,서울특별시,강서구,71,484
202205,서울특별시,강서구,72,610
202205,서울특별시,강서구,73,524
202205,서울특별시,강서구,74,597
202205,서울특별시,강서구,75,603
202205,서울특별시,강서구,76,468
202205,서울특별시,강서구,77,503
202205,서울특별시,강서구,78,446
202205,서울특별시,강서구,79,567
202205,서울특별시,강서구,80,578
202205,서울특별시,강서구,81,481
202205,서울특별시,강서구,82,449
202205,서울특별시,강서구,83,392
202205,서울특별시,강서구,84,353
202205,서울특별시,강서구,85,315
202205,서울특별시,강서구,86,330
202205,서울특별시,강서구,87,252
202205,서울특별시,강서구,88,207
202205,서울특별시,강서구,89,169
202205,서울특별시,강서구,90,163
202205,서울특별시,강서구,91,104
202205,서울특별시,강서구,92,101
202205,서울특별시,강서구,93,84
202205,서울특별시,강서구,94,54
202205,서울특별시,강서구,95,40
202205,서울특별시,강서구,96,36
202205,서울특별시,강서구,97,26
202205,서울특별시,강서구,98,9
202205,서울특별시,강서구,99,13
202205,서울특별시,강서구,100,6
202205,서울특별시,강서구,101,7
202205,서울특별시,강서구,102,5
202205,서울특별시,강서구,103,1
202205,서울특별시,강서구,106,1
202205,서울특별시,구로구,0,7
202205,서울특별시,구로구,1,28
202205,서울특별시,구로구,2,30
202205,서울특별시,구로구,3,48
202205,서울특별시,구로구,4,42
202205,서울특별시,구로구,5,55
202205,서울특별시,구로구,6,61
202205,서울특별시,구로구,7,67
202205,서울특별시,구로구,8,111
202205,서울특별시,구로구,9,100
202205,서울특별시,구로구,10,125
202205,서울특별시,구로구,11,136
202205,서울특별시,구로구,12,132
202205,서울특별시,구로구,13,133
202205,서울특별시,구로구,14,162
202205,서울특별시,구로구,15,169
202205,서울특별시,구로구,16,169
202205,서울특별시,구로구,17,156
202205,서울특별시,구로구,18,177
202205,서울특별시,구로구,19,131
202205,서울특별시,구로구,20,109
202205,서울특별시,구로구,21,98
202205,서울특별시,구로구,22,110
202205,서울특별시,구로구,23,97
202205,서울특별시,구로구,24,80
202205,서울특별시,구로구,25,73
202205,서울특별시,구로구,26,52
202205,서울특별시,구로구,27,42
202205,서울특별시,구로구,28,49
202205,서울특별시,구로구,29,42
202205,서울특별시,구로구,30,58
202205,서울특별시,구로구,31,56
202205,서울특별시,구로구,32,52
202205,서울특별시,구로구,33,56
202205,서울특별시,구로구,34,61
202205,서울특별시,구로구,35,72
202205,서울특별시,구로구,36,83
202205,서울특별시,구로구,37,80
202205,서울특별시,구로구,38,84
202205,서울특별시,구로구,39,94
202205,서울특별시,구로구,40,98
202205,서울특별시,구로구,41,126
202205,서울특별시,구로구,42,115
202205,서울특별시,구로구,43,86
202205,서울특별시,구로구,44,121
202205,서울특별시,구로구,45,112
202205,서울특별시,구로구,46,128
202205,서울특별시,구로구,47,150
202205,서울특별시,구로구,48,167
202205,서울특별시,구로구,49,206
202205,서울특별시,구로구,50,179
202205,서울특별시,구로구,51,238
202205,서울특별시,구로구,52,215
202205,서울특별시,구로구,53,215
202205,서울특별시,구로구,54,184
202205,서울특별시,구로구,55,199
202205,서울특별시,구로구,56,218
202205,서울특별시,구로구,57,221
202205,서울특별시,구로구,58,192
202205,서울특별시,구로구,59,247
202205,서울특별시,구로구,60,235
202205,서울특별시,구로구,61,268
202205,서울특별시,구로구,62,252
202205,서울특별시,구로구,63,255
202205,서울특별시,구로구,64,275
202205,서울특별시,구로구,65,275
202205,서울특별시,구로구,66,257
202205,서울특별시,구로구,67,281
202205,서울특별시,구로구,68,290
202205,서울특별시,구로구,69,257
202205,서울특별시,구로구,70,225
202205,서울특별시,구로구,71,199
202205,서울특별시,구로구,72,309
202205,서울특별시,구로구,73,260
202205,서울특별시,구로구,74,242
202205,서울특별시,구로구,75,252
202205,서울특별시,구로구,76,205
202205,서울특별시,구로구,77,238
202205,서울특별시,구로구,78,224
202205,서울특별시,구로구,79,271
202205,서울특별시,구로구,80,254
202205,서울특별시,구로구,81,193
202205,서울특별시,구로구,82,193
202205,서울특별시,구로구,83,205
202205,서울특별시,구로구,84,168
202205,서울특별시,구로구,85,163
202205,서울특별시,구로구,86,130
202205,서울특별시,구로구,87,102
202205,서울특별시,구로구,88,81
202205,서울특별시,구로구,89,71
202205,서울특별시,구로구,90,77
202205,서울특별시,구로구,91,32
202205,서울특별시,구로구,92,33
202205,서울특별시,구로구,93,33
202205,서울특별시,구로구,94,20
202205,서울특별시,구로구,95,15
202205,서울특별시,구로구,96,15
202205,서울특별시,구로구,97,3
202205,서울특별시,구로구,98,4
202205,서울특별시,구로구,99,5
202205,서울특별시,구로구,100,3
202205,서울특별시,구로구,101,1
202205,서울특별시,구로구,102,1
202205,서울특별시,구로구,105,1
202205,서울특별시,금천구,0,16
202205,서울특별시,금천구,1,17
202205,서울특별시,금천구,2,29
202205,서울특별시,금천구,3,36
202205,서울특별시,금천구,4,35
202205,서울특별시,금천구,5,37
202205,서울특별시,금천구,6,55
202205,서울특별시,금천구,7,57
202205,서울특별시,금천구,8,67
202205,서울특별시,금천구,9,63
202205,서울특별시,금천구,10,87
202205,서울특별시,금천구,11,117
202205,서울특별시,금천구,12,90
202205,서울특별시,금천구,13,108
202205,서울특별시,금천구,14,115
202205,서울특별시,금천구,15,144
202205,서울특별시,금천구,16,128
202205,서울특별시,금천구,17,158
202205,서울특별시,금천구,18,125
202205,서울특별시,금천구,19,105
202205,서울특별시,금천구,20,83
202205,서울특별시,금천구,21,107
202205,서울특별시,금천구,22,98
202205,서울특별시,금천구,23,81
202205,서울특별시,금천구,24,86
202205,서울특별시,금천구,25,78
202205,서울특별시,금천구,26,67
202205,서울특별시,금천구,27,44
202205,서울특별시,금천구,28,45
202205,서울특별시,금천구,29,37
202205,서울특별시,금천구,30,50
202205,서울특별시,금천구,31,51
202205,서울특별시,금천구,32,46
202205,서울특별시,금천구,33,47
202205,서울특별시,금천구,34,48
202205,서울특별시,금천구,35,49
202205,서울특별시,금천구,36,39
202205,서울특별시,금천구,37,46
202205,서울특별시,금천구,38,64
202205,서울특별시,금천구,39,62
202205,서울특별시,금천구,40,81
202205,서울특별시,금천구,41,95
202205,서울특별시,금천구,42,76
202205,서울특별시,금천구,43,89
202205,서울특별시,금천구,44,77
202205,서울특별시,금천구,45,105
202205,서울특별시,금천구,46,109
202205,서울특별시,금천구,47,117
202205,서울특별시,금천구,48,151
202205,서울특별시,금천구,49,168
202205,서울특별시,금천구,50,188
202205,서울특별시,금천구,51,200
202205,서울특별시,금천구,52,201
202205,서울특별시,금천구,53,248
202205,서울특별시,금천구,54,236
202205,서울특별시,금천구,55,230
202205,서울특별시,금천구,56,232
202205,서울특별시,금천구,57,272
202205,서울특별시,금천구,58,238
202205,서울특별시,금천구,59,282
202205,서울특별시,금천구,60,281
202205,서울특별시,금천구,61,344
202205,서울특별시,금천구,62,292
202205,서울특별시,금천구,63,272
202205,서울특별시,금천구,64,259
202205,서울특별시,금천구,65,264
202205,서울특별시,금천구,66,307
202205,서울특별시,금천구,67,314
202205,서울특별시,금천구,68,247
202205,서울특별시,금천구,69,229
202205,서울특별시,금천구,70,203
202205,서울특별시,금천구,71,183
202205,서울특별시,금천구,72,242
202205,서울특별시,금천구,73,203
202205,서울특별시,금천구,74,241
202205,서울특별시,금천구,75,228
202205,서울특별시,금천구,76,179
202205,서울특별시,금천구,77,201
202205,서울특별시,금천구,78,194
202205,서울특별시,금천구,79,240
202205,서울특별시,금천구,80,213
202205,서울특별시,금천구,81,192
202205,서울특별시,금천구,82,200
202205,서울특별시,금천구,83,165
202205,서울특별시,금천구,84,149
202205,서울특별시,금천구,85,110
202205,서울특별시,금천구,86,114
202205,서울특별시,금천구,87,102
202205,서울특별시,금천구,88,71
202205,서울특별시,금천구,89,71
202205,서울특별시,금천구,90,35
202205,서울특별시,금천구,91,44
202205,서울특별시,금천구,92,27
202205,서울특별시,금천구,93,11
202205,서울특별시,금천구,94,18
202205,서울특별시,금천구,95,10
202205,서울특별시,금천구,96,8
202205,서울특별시,금천구,97,11
202205,서울특별시,금천구,98,1
202205,서울특별시,금천구,99,1
202205,서울특별시,금천구,100,2
202205,서울특별시,금천구,101,2
202205,서울특별시,금천구,103,0
202205,서울특별시,금천구,108,1
202205,서울특별시,영등포구,0,4
202205,서울특별시,영등포구,1,3
202205,서울특별시,영등포구,2,12
202205,서울특별시,영등포구,3,14
202205,서울특별시,영등포구,4,33
202205,서울특별시,영등포구,5,26
202205,서울특별시,영등포구,6,35
202205,서울특별시,영등포구,7,48
202205,서울특별시,영등포구,8,45
202205,서울특별시,영등포구,9,48
202205,서울특별시,영등포구,10,46
202205,서울특별시,영등포구,11,53
202205,서울특별시,영등포구,12,60
202205,서울특별시,영등포구,13,73
202205,서울특별시,영등포구,14,81
202205,서울특별시,영등포구,15,87
202205,서울특별시,영등포구,16,94
202205,서울특별시,영등포구,17,105
202205,서울특별시,영등포구,18,87
202205,서울특별시,영등포구,19,66
202205,서울특별시,영등포구,20,70
202205,서울특별시,영등포구,21,73
202205,서울특별시,영등포구,22,63
202205,서울특별시,영등포구,23,60
202205,서울특별시,영등포구,24,72
202205,서울특별시,영등포구,25,39
202205,서울특별시,영등포구,26,38
202205,서울특별시,영등포구,27,31
202205,서울특별시,영등포구,28,31
202205,서울특별시,영등포구,29,28
202205,서울특별시,영등포구,30,38
202205,서울특별시,영등포구,31,22
202205,서울특별시,영등포구,32,29
202205,서울특별시,영등포구,33,48
202205,서울특별시,영등포구,34,44
202205,서울특별시,영등포구,35,42
202205,서울특별시,영등포구,36,52
202205,서울특별시,영등포구,37,48
202205,서울특별시,영등포구,38,46
202205,서울특별시,영등포구,39,66
202205,서울특별시,영등포구,40,74
202205,서울특별시,영등포구,41,78
202205,서울특별시,영등포구,42,97
202205,서울특별시,영등포구,43,64
202205,서울특별시,영등포구,44,83
202205,서울특별시,영등포구,45,98
202205,서울특별시,영등포구,46,100
202205,서울특별시,영등포구,47,91
202205,서울특별시,영등포구,48,138
202205,서울특별시,영등포구,49,144
202205,서울특별시,영등포구,50,157
202205,서울특별시,영등포구,51,167
202205,서울특별시,영등포구,52,178
202205,서울특별시,영등포구,53,200
202205,서울특별시,영등포구,54,198
202205,서울특별시,영등포구,55,199
202205,서울특별시,영등포구,56,216
202205,서울특별시,영등포구,57,232
202205,서울특별시,영등포구,58,249
202205,서울특별시,영등포구,59,234
202205,서울특별시,영등포구,60,287
202205,서울특별시,영등포구,61,291
202205,서울특별시,영등포구,62,249
202205,서울특별시,영등포구,63,284
202205,서울특별시,영등포구,64,262
202205,서울특별시,영등포구,65,321
202205,서울특별시,영등포구,66,293
202205,서울특별시,영등포구,67,335
202205,서울특별시,영등포구,68,259
202205,서울특별시,영등포구,69,251
202205,서울특별시,영등포구,70,264
202205,서울특별시,영등포구,71,238
202205,서울특별시,영등포구,72,243
202205,서울특별시,영등포구,73,255
202205,서울특별시,영등포구,74,241
202205,서울특별시,영등포구,75,241
202205,서울특별시,영등포구,76,181
202205,서울특별시,영등포구,77,172
202205,서울특별시,영등포구,78,186
202205,서울특별시,영등포구,79,209
202205,서울특별시,영등포구,80,226
202205,서울특별시,영등포구,81,167
202205,서울특별시,영등포구,82,165
202205,서울특별시,영등포구,83,162
202205,서울특별시,영등포구,84,116
202205,서울특별시,영등포구,85,127
202205,서울특별시,영등포구,86,97
202205,서울특별시,영등포구,87,81
202205,서울특별시,영등포구,88,66
202205,서울특별시,영등포구,89,61
202205,서울특별시,영등포구,90,29
202205,서울특별시,영등포구,91,37
202205,서울특별시,영등포구,92,26
202205,서울특별시,영등포구,93,19
202205,서울특별시,영등포구,94,17
202205,서울특별시,영등포구,95,14
202205,서울특별시,영등포구,96,10
202205,서울특별시,영등포구,97,8
202205,서울특별시,영등포구,98,6
202205,서울특별시,영등포구,99,4
202205,서울특별시,영등포구,100,2
202205,서울특별시,영등포구,101,2
202205,서울특별시,영등포구,102,2
202205,서울특별시,영등포구,107,1
202205,서울특별시,영등포구,112,1
202205,서울특별시,동작구,0,9
202205,서울특별시,동작구,1,13
202205,서울특별시,동작구,2,16
202205,서울특별시,동작구,3,15
202205,서울특별시,동작구,4,23
202205,서울특별시,동작구,5,28
202205,서울특별시,동작구,6,33
202205,서울특별시,동작구,7,57
202205,서울특별시,동작구,8,49
202205,서울특별시,동작구,9,82
202205,서울특별시,동작구,10,81
202205,서울특별시,동작구,11,80
202205,서울특별시,동작구,12,81
202205,서울특별시,동작구,13,86
202205,서울특별시,동작구,14,102
202205,서울특별시,동작구,15,121
202205,서울특별시,동작구,16,122
202205,서울특별시,동작구,17,120
202205,서울특별시,동작구,18,127
202205,서울특별시,동작구,19,107
202205,서울특별시,동작구,20,103
202205,서울특별시,동작구,21,116
202205,서울특별시,동작구,22,93
202205,서울특별시,동작구,23,105
202205,서울특별시,동작구,24,113
202205,서울특별시,동작구,25,94
202205,서울특별시,동작구,26,70
202205,서울특별시,동작구,27,63
202205,서울특별시,동작구,28,55
202205,서울특별시,동작구,29,42
202205,서울특별시,동작구,30,64
202205,서울특별시,동작구,31,79
202205,서울특별시,동작구,32,60
202205,서울특별시,동작구,33,84
202205,서울특별시,동작구,34,58
202205,서울특별시,동작구,35,79
202205,서울특별시,동작구,36,74
202205,서울특별시,동작구,37,65
202205,서울특별시,동작구,38,82
202205,서울특별시,동작구,39,89
202205,서울특별시,동작구,40,85
202205,서울특별시,동작구,41,93
202205,서울특별시,동작구,42,104
202205,서울특별시,동작구,43,118
202205,서울특별시,동작구,44,96
202205,서울특별시,동작구,45,119
202205,서울특별시,동작구,46,120
202205,서울특별시,동작구,47,147
202205,서울특별시,동작구,48,161
202205,서울특별시,동작구,49,171
202205,서울특별시,동작구,50,181
202205,서울특별시,동작구,51,183
202205,서울특별시,동작구,52,221
202205,서울특별시,동작구,53,220
202205,서울특별시,동작구,54,200
202205,서울특별시,동작구,55,198
202205,서울특별시,동작구,56,187
202205,서울특별시,동작구,57,221
202205,서울특별시,동작구,58,198
202205,서울특별시,동작구,59,256
202205,서울특별시,동작구,60,242
202205,서울특별시,동작구,61,271
202205,서울특별시,동작구,62,306
202205,서울특별시,동작구,63,258
202205,서울특별시,동작구,64,254
202205,서울특별시,동작구,65,315
202205,서울특별시,동작구,66,283
202205,서울특별시,동작구,67,304
202205,서울특별시,동작구,68,247
202205,서울특별시,동작구,69,253
202205,서울특별시,동작구,70,246
202205,서울특별시,동작구,71,212
202205,서울특별시,동작구,72,265
202205,서울특별시,동작구,73,232
202205,서울특별시,동작구,74,250
202205,서울특별시,동작구,75,292
202205,서울특별시,동작구,76,196
202205,서울특별시,동작구,77,210
202205,서울특별시,동작구,78,219
202205,서울특별시,동작구,79,227
202205,서울특별시,동작구,80,251
202205,서울특별시,동작구,81,180
202205,서울특별시,동작구,82,197
202205,서울특별시,동작구,83,191
202205,서울특별시,동작구,84,156
202205,서울특별시,동작구,85,157
202205,서울특별시,동작구,86,109
202205,서울특별시,동작구,87,85
202205,서울특별시,동작구,88,95
202205,서울특별시,동작구,89,84
202205,서울특별시,동작구,90,60
202205,서울특별시,동작구,91,54
202205,서울특별시,동작구,92,47
202205,서울특별시,동작구,93,29
202205,서울특별시,동작구,94,25
202205,서울특별시,동작구,95,20
202205,서울특별시,동작구,96,9
202205,서울특별시,동작구,97,11
202205,서울특별시,동작구,98,6
202205,서울특별시,동작구,99,3
202205,서울특별시,동작구,100,1
202205,서울특별시,동작구,101,3
202205,서울특별시,동작구,102,3
202205,서울특별시,동작구,105,1
202205,서울특별시,관악구,0,10
202205,서울특별시,관악구,1,26
202205,서울특별시,관악구,2,29
202205,서울특별시,관악구,3,36
202205,서울특별시,관악구,4,47
202205,서울특별시,관악구,5,56
202205,서울특별시,관악구,6,76
202205,서울특별시,관악구,7,89
202205,서울특별시,관악구,8,100
202205,서울특별시,관악구,9,127
202205,서울특별시,관악구,10,132
202205,서울특별시,관악구,11,150
202205,서울특별시,관악구,12,153
202205,서울특별시,관악구,13,154
202205,서울특별시,관악구,14,183
202205,서울특별시,관악구,15,186
202205,서울특별시,관악구,16,180
202205,서울특별시,관악구,17,220
202205,서울특별시,관악구,18,209
202205,서울특별시,관악구,19,173
202205,서울특별시,관악구,20,160
202205,서울특별시,관악구,21,200
202205,서울특별시,관악구,22,194
202205,서울특별시,관악구,23,187
202205,서울특별시,관악구,24,166
202205,서울특별시,관악구,25,155
202205,서울특별시,관악구,26,149
202205,서울특별시,관악구,27,89
202205,서울특별시,관악구,28,94
202205,서울특별시,관악구,29,98
202205,서울특별시,관악구,30,131
202205,서울특별시,관악구,31,146
202205,서울특별시,관악구,32,162
202205,서울특별시,관악구,33,161
202205,서울특별시,관악구,34,140
202205,서울특별시,관악구,35,127
202205,서울특별시,관악구,36,136
202205,서울특별시,관악구,37,154
202205,서울특별시,관악구,38,144
202205,서울특별시,관악구,39,167
202205,서울특별시,관악구,40,177
202205,서울특별시,관악구,41,204
202205,서울특별시,관악구,42,231
202205,서울특별시,관악구,43,198
202205,서울특별시,관악구,44,196
202205,서울특별시,관악구,45,205
202205,서울특별시,관악구,46,213
202205,서울특별시,관악구,47,259
202205,서울특별시,관악구,48,296
202205,서울특별시,관악구,49,314
202205,서울특별시,관악구,50,361
202205,서울특별시,관악구,51,365
202205,서울특별시,관악구,52,385
202205,서울특별시,관악구,53,423
202205,서울특별시,관악구,54,377
202205,서울특별시,관악구,55,395
202205,서울특별시,관악구,56,389
202205,서울특별시,관악구,57,403
202205,서울특별시,관악구,58,416
202205,서울특별시,관악구,59,519
202205,서울특별시,관악구,60,436
202205,서울특별시,관악구,61,524
202205,서울특별시,관악구,62,509
202205,서울특별시,관악구,63,444
202205,서울특별시,관악구,64,499
202205,서울특별시,관악구,65,444
202205,서울특별시,관악구,66,502
202205,서울특별시,관악구,67,577
202205,서울특별시,관악구,68,430
202205,서울특별시,관악구,69,391
202205,서울특별시,관악구,70,373
202205,서울특별시,관악구,71,330
202205,서울특별시,관악구,72,408
202205,서울특별시,관악구,73,352
202205,서울특별시,관악구,74,419
202205,서울특별시,관악구,75,398
202205,서울특별시,관악구,76,297
202205,서울특별시,관악구,77,329
202205,서울특별시,관악구,78,337
202205,서울특별시,관악구,79,393
202205,서울특별시,관악구,80,386
202205,서울특별시,관악구,81,349
202205,서울특별시,관악구,82,313
202205,서울특별시,관악구,83,272
202205,서울특별시,관악구,84,237
202205,서울특별시,관악구,85,217
202205,서울특별시,관악구,86,166
202205,서울특별시,관악구,87,158
202205,서울특별시,관악구,88,138
202205,서울특별시,관악구,89,114
202205,서울특별시,관악구,90,86
202205,서울특별시,관악구,91,71
202205,서울특별시,관악구,92,66
202205,서울특별시,관악구,93,50
202205,서울특별시,관악구,94,37
202205,서울특별시,관악구,95,33
202205,서울특별시,관악구,96,14
202205,서울특별시,관악구,97,11
202205,서울특별시,관악구,98,11
202205,서울특별시,관악구,99,12
202205,서울특별시,관악구,100,4
202205,서울특별시,관악구,101,2
202205,서울특별시,관악구,102,1
202205,서울특별시,관악구,103,1
202205,서울특별시,관악구,105,1
202205,서울특별시,관악구,109,1
202205,서울특별시,관악구,111,1
202205,서울특별시,서초구,0,6
202205,서울특별시,서초구,1,5
202205,서울특별시,서초구,2,12
202205,서울특별시,서초구,3,14
202205,서울특별시,서초구,4,17
202205,서울특별시,서초구,5,19
202205,서울특별시,서초구,6,41
202205,서울특별시,서초구,7,43
202205,서울특별시,서초구,8,51
202205,서울특별시,서초구,9,69
202205,서울특별시,서초구,10,70
202205,서울특별시,서초구,11,82
202205,서울특별시,서초구,12,77
202205,서울특별시,서초구,13,77
202205,서울특별시,서초구,14,69
202205,서울특별시,서초구,15,78
202205,서울특별시,서초구,16,71
202205,서울특별시,서초구,17,78
202205,서울특별시,서초구,18,86
202205,서울특별시,서초구,19,73
202205,서울특별시,서초구,20,76
202205,서울특별시,서초구,21,63
202205,서울특별시,서초구,22,62
202205,서울특별시,서초구,23,71
202205,서울특별시,서초구,24,58
202205,서울특별시,서초구,25,58
202205,서울특별시,서초구,26,40
202205,서울특별시,서초구,27,38
202205,서울특별시,서초구,28,36
202205,서울특별시,서초구,29,26
202205,서울특별시,서초구,30,30
202205,서울특별시,서초구,31,35
202205,서울특별시,서초구,32,25
202205,서울특별시,서초구,33,27
202205,서울특별시,서초구,34,26
202205,서울특별시,서초구,35,36
202205,서울특별시,서초구,36,41
202205,서울특별시,서초구,37,33
202205,서울특별시,서초구,38,36
202205,서울특별시,서초구,39,44
202205,서울특별시,서초구,40,59
202205,서울특별시,서초구,41,59
202205,서울특별시,서초구,42,62
202205,서울특별시,서초구,43,59
202205,서울특별시,서초구,44,70
202205,서울특별시,서초구,45,82
202205,서울특별시,서초구,46,75
202205,서울특별시,서초구,47,87
202205,서울특별시,서초구,48,92
202205,서울특별시,서초구,49,95
202205,서울특별시,서초구,50,104
202205,서울특별시,서초구,51,153
202205,서울특별시,서초구,52,130
202205,서울특별시,서초구,53,126
202205,서울특별시,서초구,54,128
202205,서울특별시,서초구,55,121
202205,서울특별시,서초구,56,125
202205,서울특별시,서초구,57,134
202205,서울특별시,서초구,58,117
202205,서울특별시,서초구,59,130
202205,서울특별시,서초구,60,146
202205,서울특별시,서초구,61,152
202205,서울특별시,서초구,62,156
202205,서울특별시,서초구,63,174
202205,서울특별시,서초구,64,157
202205,서울특별시,서초구,65,175
202205,서울특별시,서초구,66,170
202205,서울특별시,서초구,67,179
202205,서울특별시,서초구,68,159
202205,서울특별시,서초구,69,132
202205,서울특별시,서초구,70,146
202205,서울특별시,서초구,71,114
202205,서울특별시,서초구,72,125
202205,서울특별시,서초구,73,127
202205,서울특별시,서초구,74,114
202205,서울특별시,서초구,75,130
202205,서울특별시,서초구,76,115
202205,서울특별시,서초구,77,97
202205,서울특별시,서초구,78,97
202205,서울특별시,서초구,79,111
202205,서울특별시,서초구,80,121
202205,서울특별시,서초구,81,71
202205,서울특별시,서초구,82,70
202205,서울특별시,서초구,83,72
202205,서울특별시,서초구,84,63
202205,서울특별시,서초구,85,60
202205,서울특별시,서초구,86,56
202205,서울특별시,서초구,87,61
202205,서울특별시,서초구,88,34
202205,서울특별시,서초구,89,34
202205,서울특별시,서초구,90,31
202205,서울특별시,서초구,91,35
202205,서울특별시,서초구,92,17
202205,서울특별시,서초구,93,22
202205,서울특별시,서초구,94,21
202205,서울특별시,서초구,95,12
202205,서울특별시,서초구,96,3
202205,서울특별시,서초구,97,4
202205,서울특별시,서초구,98,4
202205,서울특별시,서초구,99,2
202205,서울특별시,서초구,100,1
202205,서울특별시,서초구,101,1
202205,서울특별시,강남구,0,27
202205,서울특별시,강남구,1,33
202205,서울특별시,강남구,2,11
202205,서울특별시,강남구,3,27
202205,서울특별시,강남구,4,24
202205,서울특별시,강남구,5,26
202205,서울특별시,강남구,6,44
202205,서울특별시,강남구,7,42
202205,서울특별시,강남구,8,68
202205,서울특별시,강남구,9,79
202205,서울특별시,강남구,10,82
202205,서울특별시,강남구,11,77
202205,서울특별시,강남구,12,98
202205,서울특별시,강남구,13,100
202205,서울특별시,강남구,14,116
202205,서울특별시,강남구,15,127
202205,서울특별시,강남구,16,124
202205,서울특별시,강남구,17,135
202205,서울특별시,강남구,18,164
202205,서울특별시,강남구,19,147
202205,서울특별시,강남구,20,115
202205,서울특별시,강남구,21,142
202205,서울특별시,강남구,22,122
202205,서울특별시,강남구,23,134
202205,서울특별시,강남구,24,115
202205,서울특별시,강남구,25,83
202205,서울특별시,강남구,26,81
202205,서울특별시,강남구,27,83
202205,서울특별시,강남구,28,73
202205,서울특별시,강남구,29,51
202205,서울특별시,강남구,30,67
202205,서울특별시,강남구,31,72
202205,서울특별시,강남구,32,84
202205,서울특별시,강남구,33,79
202205,서울특별시,강남구,34,72
202205,서울특별시,강남구,35,80
202205,서울특별시,강남구,36,89
202205,서울특별시,강남구,37,85
202205,서울특별시,강남구,38,105
202205,서울특별시,강남구,39,133
202205,서울특별시,강남구,40,127
202205,서울특별시,강남구,41,122
202205,서울특별시,강남구,42,143
202205,서울특별시,강남구,43,148
202205,서울특별시,강남구,44,108
202205,서울특별시,강남구,45,129
202205,서울특별시,강남구,46,144
202205,서울특별시,강남구,47,160
202205,서울특별시,강남구,48,196
202205,서울특별시,강남구,49,177
202205,서울특별시,강남구,50,203
202205,서울특별시,강남구,51,236
202205,서울특별시,강남구,52,245
202205,서울특별시,강남구,53,253
202205,서울특별시,강남구,54,244
202205,서울특별시,강남구,55,201
202205,서울특별시,강남구,56,258
202205,서울특별시,강남구,57,267
202205,서울특별시,강남구,58,268
202205,서울특별시,강남구,59,309
202205,서울특별시,강남구,60,282
202205,서울특별시,강남구,61,347
202205,서울특별시,강남구,62,331
202205,서울특별시,강남구,63,342
202205,서울특별시,강남구,64,388
202205,서울특별시,강남구,65,375
202205,서울특별시,강남구,66,374
202205,서울특별시,강남구,67,404
202205,서울특별시,강남구,68,307
202205,서울특별시,강남구,69,331
202205,서울특별시,강남구,70,339
202205,서울특별시,강남구,71,258
202205,서울특별시,강남구,72,334
202205,서울특별시,강남구,73,286
202205,서울특별시,강남구,74,318
202205,서울특별시,강남구,75,323
202205,서울특별시,강남구,76,217
202205,서울특별시,강남구,77,239
202205,서울특별시,강남구,78,261
202205,서울특별시,강남구,79,267
202205,서울특별시,강남구,80,272
202205,서울특별시,강남구,81,188
202205,서울특별시,강남구,82,183
202205,서울특별시,강남구,83,161
202205,서울특별시,강남구,84,151
202205,서울특별시,강남구,85,119
202205,서울특별시,강남구,86,103
202205,서울특별시,강남구,87,85
202205,서울특별시,강남구,88,76
202205,서울특별시,강남구,89,76
202205,서울특별시,강남구,90,53
202205,서울특별시,강남구,91,33
202205,서울특별시,강남구,92,32
202205,서울특별시,강남구,93,32
202205,서울특별시,강남구,94,23
202205,서울특별시,강남구,95,25
202205,서울특별시,강남구,96,11
202205,서울특별시,강남구,97,6
202205,서울특별시,강남구,98,8
202205,서울특별시,강남구,99,8
202205,서울특별시,강남구,100,7
202205,서울특별시,강남구,101,3
202205,서울특별시,강남구,103,2
202205,서울특별시,강남구,107,1
202205,서울특별시,송파구,0,15
202205,서울특별시,송파구,1,28
202205,서울특별시,송파구,2,37
202205,서울특별시,송파구,3,49
202205,서울특별시,송파구,4,62
202205,서울특별시,송파구,5,75
202205,서울특별시,송파구,6,73
202205,서울특별시,송파구,7,110
202205,서울특별시,송파구,8,104
202205,서울특별시,송파구,9,141
202205,서울특별시,송파구,10,146
202205,서울특별시,송파구,11,173
202205,서울특별시,송파구,12,169
202205,서울특별시,송파구,13,169
202205,서울특별시,송파구,14,214
202205,서울특별시,송파구,15,191
202205,서울특별시,송파구,16,193
202205,서울특별시,송파구,17,243
202205,서울특별시,송파구,18,210
202205,서울특별시,송파구,19,176
202205,서울특별시,송파구,20,157
202205,서울특별시,송파구,21,171
202205,서울특별시,송파구,22,184
202205,서울특별시,송파구,23,134
202205,서울특별시,송파구,24,144
202205,서울특별시,송파구,25,113
202205,서울특별시,송파구,26,96
202205,서울특별시,송파구,27,61
202205,서울특별시,송파구,28,78
202205,서울특별시,송파구,29,65
202205,서울특별시,송파구,30,77
202205,서울특별시,송파구,31,82
202205,서울특별시,송파구,32,95
202205,서울특별시,송파구,33,91
202205,서울특별시,송파구,34,70
202205,서울특별시,송파구,35,100
202205,서울특별시,송파구,36,96
202205,서울특별시,송파구,37,95
202205,서울특별시,송파구,38,119
202205,서울특별시,송파구,39,115
202205,서울특별시,송파구,40,144
202205,서울특별시,송파구,41,134
202205,서울특별시,송파구,42,165
202205,서울특별시,송파구,43,136
202205,서울특별시,송파구,44,151
202205,서울특별시,송파구,45,180
202205,서울특별시,송파구,46,190
202205,서울특별시,송파구,47,196
202205,서울특별시,송파구,48,232
202205,서울특별시,송파구,49,261
202205,서울특별시,송파구,50,252
202205,서울특별시,송파구,51,295
202205,서울특별시,송파구,52,299
202205,서울특별시,송파구,53,327
202205,서울특별시,송파구,54,285
202205,서울특별시,송파구,55,286
202205,서울특별시,송파구,56,282
202205,서울특별시,송파구,57,342
202205,서울특별시,송파구,58,295
202205,서울특별시,송파구,59,348
202205,서울특별시,송파구,60,321
202205,서울특별시,송파구,61,374
202205,서울특별시,송파구,62,371
202205,서울특별시,송파구,63,337
202205,서울특별시,송파구,64,384
202205,서울특별시,송파구,65,347
202205,서울특별시,송파구,66,401
202205,서울특별시,송파구,67,417
202205,서울특별시,송파구,68,324
202205,서울특별시,송파구,69,328
202205,서울특별시,송파구,70,292
202205,서울특별시,송파구,71,277
202205,서울특별시,송파구,72,292
202205,서울특별시,송파구,73,296
202205,서울특별시,송파구,74,250
202205,서울특별시,송파구,75,329
202205,서울특별시,송파구,76,208
202205,서울특별시,송파구,77,238
202205,서울특별시,송파구,78,242
202205,서울특별시,송파구,79,243
202205,서울특별시,송파구,80,214
202205,서울특별시,송파구,81,220
202205,서울특별시,송파구,82,177
202205,서울특별시,송파구,83,169
202205,서울특별시,송파구,84,175
202205,서울특별시,송파구,85,127
202205,서울특별시,송파구,86,121
202205,서울특별시,송파구,87,103
202205,서울특별시,송파구,88,90
202205,서울특별시,송파구,89,88
202205,서울특별시,송파구,90,65
202205,서울특별시,송파구,91,50
202205,서울특별시,송파구,92,45
202205,서울특별시,송파구,93,52
202205,서울특별시,송파구,94,26
202205,서울특별시,송파구,95,26
202205,서울특별시,송파구,96,17
202205,서울특별시,송파구,97,12
202205,서울특별시,송파구,98,6
202205,서울특별시,송파구,99,13
202205,서울특별시,송파구,100,4
202205,서울특별시,송파구,101,3
202205,서울특별시,송파구,102,2
202205,서울특별시,송파구,103,1
202205,서울특별시,송파구,104,1
202205,서울특별시,송파구,110,1
202205,서울특별시,송파구,114,1
202205,서울특별시,강동구,0,9
202205,서울특별시,강동구,1,21
202205,서울특별시,강동구,2,20
202205,서울특별시,강동구,3,30
202205,서울특별시,강동구,4,36
202205,서울특별시,강동구,5,47
202205,서울특별시,강동구,6,69
202205,서울특별시,강동구,7,89
202205,서울특별시,강동구,8,83
202205,서울특별시,강동구,9,97
202205,서울특별시,강동구,10,121
202205,서울특별시,강동구,11,133
202205,서울특별시,강동구,12,139
202205,서울특별시,강동구,13,165
202205,서울특별시,강동구,14,161
202205,서울특별시,강동구,15,171
202205,서울특별시,강동구,16,179
202205,서울특별시,강동구,17,187
202205,서울특별시,강동구,18,215
202205,서울특별시,강동구,19,149
202205,서울특별시,강동구,20,132
202205,서울특별시,강동구,21,134
202205,서울특별시,강동구,22,131
202205,서울특별시,강동구,23,122
202205,서울특별시,강동구,24,116
202205,서울특별시,강동구,25,91
202205,서울특별시,강동구,26,72
202205,서울특별시,강동구,27,63
202205,서울특별시,강동구,28,44
202205,서울특별시,강동구,29,60
202205,서울특별시,강동구,30,89
202205,서울특별시,강동구,31,62
202205,서울특별시,강동구,32,67
202205,서울특별시,강동구,33,65
202205,서울특별시,강동구,34,64
202205,서울특별시,강동구,35,75
202205,서울특별시,강동구,36,84
202205,서울특별시,강동구,37,74
202205,서울특별시,강동구,38,93
202205,서울특별시,강동구,39,90
202205,서울특별시,강동구,40,129
202205,서울특별시,강동구,41,129
202205,서울특별시,강동구,42,131
202205,서울특별시,강동구,43,144
202205,서울특별시,강동구,44,138
202205,서울특별시,강동구,45,176
202205,서울특별시,강동구,46,166
202205,서울특별시,강동구,47,175
202205,서울특별시,강동구,48,229
202205,서울특별시,강동구,49,237
202205,서울특별시,강동구,50,245
202205,서울특별시,강동구,51,267
202205,서울특별시,강동구,52,266
202205,서울특별시,강동구,53,282
202205,서울특별시,강동구,54,287
202205,서울특별시,강동구,55,300
202205,서울특별시,강동구,56,277
202205,서울특별시,강동구,57,334
202205,서울특별시,강동구,58,323
202205,서울특별시,강동구,59,340
202205,서울특별시,강동구,60,348
202205,서울특별시,강동구,61,376
202205,서울특별시,강동구,62,384
202205,서울특별시,강동구,63,349
202205,서울특별시,강동구,64,374
202205,서울특별시,강동구,65,349
202205,서울특별시,강동구,66,383
202205,서울특별시,강동구,67,456
202205,서울특별시,강동구,68,343
202205,서울특별시,강동구,69,319
202205,서울특별시,강동구,70,270
202205,서울특별시,강동구,71,273
202205,서울특별시,강동구,72,309
202205,서울특별시,강동구,73,270
202205,서울특별시,강동구,74,291
202205,서울특별시,강동구,75,254
202205,서울특별시,강동구,76,199
202205,서울특별시,강동구,77,209
202205,서울특별시,강동구,78,207
202205,서울특별시,강동구,79,286
202205,서울특별시,강동구,80,269
202205,서울특별시,강동구,81,197
202205,서울특별시,강동구,82,188
202205,서울특별시,강동구,83,202
202205,서울특별시,강동구,84,157
202205,서울특별시,강동구,85,130
202205,서울특별시,강동구,86,138
202205,서울특별시,강동구,87,119
202205,서울특별시,강동구,88,106
202205,서울특별시,강동구,89,79
202205,서울특별시,강동구,90,67
202205,서울특별시,강동구,91,64
202205,서울특별시,강동구,92,48
202205,서울특별시,강동구,93,42
202205,서울특별시,강동구,94,29
202205,서울특별시,강동구,95,31
202205,서울특별시,강동구,96,14
202205,서울특별시,강동구,97,10
202205,서울특별시,강동구,98,7
202205,서울특별시,강동구,99,1
202205,서울특별시,강동구,100,3
202205,서울특별시,강동구,101,3
202205,서울특별시,강동구,102,3
202205,서울특별시,강동구,103,3
202205,서울특별시,강동구,105,2
202205,부산광역시,중구,0,2
202205,부산광역시,중구,1,1
202205,부산광역시,중구,2,3
202205,부산광역시,중구,3,3
202205,부산광역시,중구,4,5
202205,부산광역시,중구,5,8
202205,부산광역시,중구,6,11
202205,부산광역시,중구,7,9
202205,부산광역시,중구,8,21
202205,부산광역시,중구,9,16
202205,부산광역시,중구,10,22
202205,부산광역시,중구,11,27
202205,부산광역시,중구,12,17
202205,부산광역시,중구,13,27
202205,부산광역시,중구,14,36
202205,부산광역시,중구,15,30
202205,부산광역시,중구,16,32
202205,부산광역시,중구,17,33
202205,부산광역시,중구,18,39
202205,부산광역시,중구,19,21
202205,부산광역시,중구,20,20
202205,부산광역시,중구,21,34
202205,부산광역시,중구,22,33
202205,부산광역시,중구,23,30
202205,부산광역시,중구,24,30
202205,부산광역시,중구,25,13
202205,부산광역시,중구,26,9
202205,부산광역시,중구,27,6
202205,부산광역시,중구,28,7
202205,부산광역시,중구,29,10
202205,부산광역시,중구,30,4
202205,부산광역시,중구,31,9
202205,부산광역시,중구,32,10
202205,부산광역시,중구,33,9
202205,부산광역시,중구,34,7
202205,부산광역시,중구,35,18
202205,부산광역시,중구,36,11
202205,부산광역시,중구,37,11
202205,부산광역시,중구,38,9
202205,부산광역시,중구,39,18
202205,부산광역시,중구,40,21
202205,부산광역시,중구,41,23
202205,부산광역시,중구,42,14
202205,부산광역시,중구,43,33
202205,부산광역시,중구,44,37
202205,부산광역시,중구,45,29
202205,부산광역시,중구,46,30
202205,부산광역시,중구,47,45
202205,부산광역시,중구,48,42
202205,부산광역시,중구,49,56
202205,부산광역시,중구,50,56
202205,부산광역시,중구,51,47
202205,부산광역시,중구,52,60
202205,부산광역시,중구,53,53
202205,부산광역시,중구,54,83
202205,부산광역시,중구,55,75
202205,부산광역시,중구,56,65
202205,부산광역시,중구,57,79
202205,부산광역시,중구,58,80
202205,부산광역시,중구,59,70
202205,부산광역시,중구,60,100
202205,부산광역시,중구,61,94
202205,부산광역시,중구,62,95
202205,부산광역시,중구,63,108
202205,부산광역시,중구,64,124
202205,부산광역시,중구,65,131
202205,부산광역시,중구,66,110
202205,부산광역시,중구,67,144
202205,부산광역시,중구,68,108
202205,부산광역시,중구,69,104
202205,부산광역시,중구,70,108
202205,부산광역시,중구,71,92
202205,부산광역시,중구,72,91
202205,부산광역시,중구,73,91
202205,부산광역시,중구,74,104
202205,부산광역시,중구,75,94
202205,부산광역시,중구,76,60
202205,부산광역시,중구,77,78
202205,부산광역시,중구,78,82
202205,부산광역시,중구,79,90
202205,부산광역시,중구,80,86
202205,부산광역시,중구,81,63
202205,부산광역시,중구,82,69
202205,부산광역시,중구,83,71
202205,부산광역시,중구,84,51
202205,부산광역시,중구,85,41
202205,부산광역시,중구,86,46
202205,부산광역시,중구,87,37
202205,부산광역시,중구,88,35
202205,부산광역시,중구,89,22
202205,부산광역시,중구,90,25
202205,부산광역시,중구,91,11
202205,부산광역시,중구,92,13
202205,부산광역시,중구,93,12
202205,부산광역시,중구,94,9
202205,부산광역시,중구,95,5
202205,부산광역시,중구,96,2
202205,부산광역시,중구,97,2
202205,부산광역시,중구,98,2
202205,부산광역시,중구,99,2
202205,부산광역시,중구,100,3
202205,부산광역시,서구,0,3
202205,부산광역시,서구,1,11
202205,부산광역시,서구,2,4
202205,부산광역시,서구,3,13
202205,부산광역시,서구,4,23
202205,부산광역시,서구,5,22
202205,부산광역시,서구,6,40
202205,부산광역시,서구,7,50
202205,부산광역시,서구,8,43
202205,부산광역시,서구,9,45
202205,부산광역시,서구,10,69
202205,부산광역시,서구,11,62
202205,부산광역시,서구,12,69
202205,부산광역시,서구,13,62
202205,부산광역시,서구,14,83
202205,부산광역시,서구,15,83
202205,부산광역시,서구,16,78
202205,부산광역시,서구,17,95
202205,부산광역시,서구,18,90
202205,부산광역시,서구,19,78
202205,부산광역시,서구,20,68
202205,부산광역시,서구,21,73
202205,부산광역시,서구,22,75
202205,부산광역시,서구,23,57
202205,부산광역시,서구,24,49
202205,부산광역시,서구,25,44
202205,부산광역시,서구,26,28
202205,부산광역시,서구,27,29
202205,부산광역시,서구,28,20
202205,부산광역시,서구,29,23
202205,부산광역시,서구,30,16
202205,부산광역시,서구,31,23
202205,부산광역시,서구,32,24
202205,부산광역시,서구,33,22
202205,부산광역시,서구,34,21
202205,부산광역시,서구,35,24
202205,부산광역시,서구,36,26
202205,부산광역시,서구,37,29
202205,부산광역시,서구,38,40
202205,부산광역시,서구,39,37
202205,부산광역시,서구,40,43
202205,부산광역시,서구,41,61
202205,부산광역시,서구,42,60
202205,부산광역시,서구,43,72
202205,부산광역시,서구,44,71
202205,부산광역시,서구,45,77
202205,부산광역시,서구,46,95
202205,부산광역시,서구,47,88
202205,부산광역시,서구,48,102
202205,부산광역시,서구,49,124
202205,부산광역시,서구,50,113
202205,부산광역시,서구,51,124
202205,부산광역시,서구,52,129
202205,부산광역시,서구,53,149
202205,부산광역시,서구,54,126
202205,부산광역시,서구,55,141
202205,부산광역시,서구,56,147
202205,부산광역시,서구,57,141
202205,부산광역시,서구,58,143
202205,부산광역시,서구,59,179
202205,부산광역시,서구,60,169
202205,부산광역시,서구,61,205
202205,부산광역시,서구,62,191
202205,부산광역시,서구,63,222
202205,부산광역시,서구,64,229
202205,부산광역시,서구,65,226
202205,부산광역시,서구,66,241
202205,부산광역시,서구,67,270
202205,부산광역시,서구,68,224
202205,부산광역시,서구,69,230
202205,부산광역시,서구,70,222
202205,부산광역시,서구,71,200
202205,부산광역시,서구,72,209
202205,부산광역시,서구,73,190
202205,부산광역시,서구,74,216
202205,부산광역시,서구,75,193
202205,부산광역시,서구,76,157
202205,부산광역시,서구,77,188
202205,부산광역시,서구,78,208
202205,부산광역시,서구,79,231
202205,부산광역시,서구,80,212
202205,부산광역시,서구,81,176
202205,부산광역시,서구,82,177
202205,부산광역시,서구,83,180
202205,부산광역시,서구,84,123
202205,부산광역시,서구,85,143
202205,부산광역시,서구,86,129
202205,부산광역시,서구,87,101
202205,부산광역시,서구,88,78
202205,부산광역시,서구,89,71
202205,부산광역시,서구,90,51
202205,부산광역시,서구,91,31
202205,부산광역시,서구,92,24
202205,부산광역시,서구,93,24
202205,부산광역시,서구,94,27
202205,부산광역시,서구,95,8
202205,부산광역시,서구,96,9
202205,부산광역시,서구,97,2
202205,부산광역시,서구,98,4
202205,부산광역시,서구,99,2
202205,부산광역시,서구,102,3
202205,부산광역시,동구,0,6
202205,부산광역시,동구,1,8
202205,부산광역시,동구,2,6
202205,부산광역시,동구,3,15
202205,부산광역시,동구,4,9
202205,부산광역시,동구,5,29
202205,부산광역시,동구,6,37
202205,부산광역시,동구,7,45
202205,부산광역시,동구,8,44
202205,부산광역시,동구,9,53
202205,부산광역시,동구,10,85
202205,부산광역시,동구,11,76
202205,부산광역시,동구,12,72
202205,부산광역시,동구,13,82
202205,부산광역시,동구,14,91
202205,부산광역시,동구,15,91
202205,부산광역시,동구,16,87
202205,부산광역시,동구,17,89
202205,부산광역시,동구,18,84
202205,부산광역시,동구,19,77
202205,부산광역시,동구,20,82
202205,부산광역시,동구,21,77
202205,부산광역시,동구,22,76
202205,부산광역시,동구,23,69
202205,부산광역시,동구,24,58
202205,부산광역시,동구,25,58
202205,부산광역시,동구,26,31
202205,부산광역시,동구,27,34
202205,부산광역시,동구,28,26
202205,부산광역시,동구,29,16
202205,부산광역시,동구,30,15
202205,부산광역시,동구,31,25
202205,부산광역시,동구,32,25
202205,부산광역시,동구,33,23
202205,부산광역시,동구,34,24
202205,부산광역시,동구,35,26
202205,부산광역시,동구,36,40
202205,부산광역시,동구,37,40
202205,부산광역시,동구,38,39
202205,부산광역시,동구,39,36
202205,부산광역시,동구,40,48
202205,부산광역시,동구,41,63
202205,부산광역시,동구,42,66
202205,부산광역시,동구,43,66
202205,부산광역시,동구,44,77
202205,부산광역시,동구,45,80
202205,부산광역시,동구,46,86
202205,부산광역시,동구,47,91
202205,부산광역시,동구,48,140
202205,부산광역시,동구,49,123
202205,부산광역시,동구,50,134
202205,부산광역시,동구,51,150
202205,부산광역시,동구,52,154
202205,부산광역시,동구,53,167
202205,부산광역시,동구,54,150
202205,부산광역시,동구,55,147
202205,부산광역시,동구,56,150
202205,부산광역시,동구,57,164
202205,부산광역시,동구,58,157
202205,부산광역시,동구,59,187
202205,부산광역시,동구,60,186
202205,부산광역시,동구,61,240
202205,부산광역시,동구,62,232
202205,부산광역시,동구,63,206
202205,부산광역시,동구,64,259
202205,부산광역시,동구,65,258
202205,부산광역시,동구,66,239
202205,부산광역시,동구,67,257
202205,부산광역시,동구,68,213
202205,부산광역시,동구,69,231
202205,부산광역시,동구,70,207
202205,부산광역시,동구,71,180
202205,부산광역시,동구,72,200
202205,부산광역시,동구,73,202
202205,부산광역시,동구,74,212
202205,부산광역시,동구,75,202
202205,부산광역시,동구,76,128
202205,부산광역시,동구,77,217
202205,부산광역시,동구,78,196
202205,부산광역시,동구,79,225
202205,부산광역시,동구,80,217
202205,부산광역시,동구,81,192
202205,부산광역시,동구,82,183
202205,부산광역시,동구,83,190
202205,부산광역시,동구,84,152
202205,부산광역시,동구,85,135
202205,부산광역시,동구,86,149
202205,부산광역시,동구,87,95
202205,부산광역시,동구,88,69
202205,부산광역시,동구,89,58
202205,부산광역시,동구,90,73
202205,부산광역시,동구,91,41
202205,부산광역시,동구,92,24
202205,부산광역시,동구,93,30
202205,부산광역시,동구,94,25
202205,부산광역시,동구,95,11
202205,부산광역시,동구,96,5
202205,부산광역시,동구,97,3
202205,부산광역시,동구,98,2
202205,부산광역시,동구,99,2
202205,부산광역시,동구,100,4
202205,부산광역시,영도구,0,3
202205,부산광역시,영도구,1,9
202205,부산광역시,영도구,2,13
202205,부산광역시,영도구,3,16
202205,부산광역시,영도구,4,25
202205,부산광역시,영도구,5,26
202205,부산광역시,영도구,6,52
202205,부산광역시,영도구,7,62
202205,부산광역시,영도구,8,70
202205,부산광역시,영도구,9,89
202205,부산광역시,영도구,10,75
202205,부산광역시,영도구,11,86
202205,부산광역시,영도구,12,78
202205,부산광역시,영도구,13,90
202205,부산광역시,영도구,14,102
202205,부산광역시,영도구,15,115
202205,부산광역시,영도구,16,119
202205,부산광역시,영도구,17,132
202205,부산광역시,영도구,18,108
202205,부산광역시,영도구,19,88
202205,부산광역시,영도구,20,81
202205,부산광역시,영도구,21,85
202205,부산광역시,영도구,22,85
202205,부산광역시,영도구,23,83
202205,부산광역시,영도구,24,64
202205,부산광역시,영도구,25,51
202205,부산광역시,영도구,26,38
202205,부산광역시,영도구,27,47
202205,부산광역시,영도구,28,28
202205,부산광역시,영도구,29,33
202205,부산광역시,영도구,30,32
202205,부산광역시,영도구,31,21
202205,부산광역시,영도구,32,27
202205,부산광역시,영도구,33,28
202205,부산광역시,영도구,34,21
202205,부산광역시,영도구,35,28
202205,부산광역시,영도구,36,30
202205,부산광역시,영도구,37,36
202205,부산광역시,영도구,38,56
202205,부산광역시,영도구,39,47
202205,부산광역시,영도구,40,57
202205,부산광역시,영도구,41,90
202205,부산광역시,영도구,42,93
202205,부산광역시,영도구,43,85
202205,부산광역시,영도구,44,76
202205,부산광역시,영도구,45,103
202205,부산광역시,영도구,46,122
202205,부산광역시,영도구,47,107
202205,부산광역시,영도구,48,160
202205,부산광역시,영도구,49,156
202205,부산광역시,영도구,50,172
202205,부산광역시,영도구,51,180
202205,부산광역시,영도구,52,158
202205,부산광역시,영도구,53,210
202205,부산광역시,영도구,54,181
202205,부산광역시,영도구,55,237
202205,부산광역시,영도구,56,224
202205,부산광역시,영도구,57,166
202205,부산광역시,영도구,58,200
202205,부산광역시,영도구,59,266
202205,부산광역시,영도구,60,256
202205,부산광역시,영도구,61,285
202205,부산광역시,영도구,62,297
202205,부산광역시,영도구,63,257
202205,부산광역시,영도구,64,281
202205,부산광역시,영도구,65,270
202205,부산광역시,영도구,66,326
202205,부산광역시,영도구,67,365
202205,부산광역시,영도구,68,266
202205,부산광역시,영도구,69,236
202205,부산광역시,영도구,70,257
202205,부산광역시,영도구,71,235
202205,부산광역시,영도구,72,265
202205,부산광역시,영도구,73,256
202205,부산광역시,영도구,74,281
202205,부산광역시,영도구,75,252
202205,부산광역시,영도구,76,159
202205,부산광역시,영도구,77,245
202205,부산광역시,영도구,78,255
202205,부산광역시,영도구,79,300
202205,부산광역시,영도구,80,270
202205,부산광역시,영도구,81,238
202205,부산광역시,영도구,82,246
202205,부산광역시,영도구,83,199
202205,부산광역시,영도구,84,174
202205,부산광역시,영도구,85,174
202205,부산광역시,영도구,86,158
202205,부산광역시,영도구,87,124
202205,부산광역시,영도구,88,95
202205,부산광역시,영도구,89,78
202205,부산광역시,영도구,90,47
202205,부산광역시,영도구,91,32
202205,부산광역시,영도구,92,31
202205,부산광역시,영도구,93,30
202205,부산광역시,영도구,94,17
202205,부산광역시,영도구,95,19
202205,부산광역시,영도구,96,14
202205,부산광역시,영도구,97,5
202205,부산광역시,영도구,98,2
202205,부산광역시,영도구,99,2
202205,부산광역시,영도구,100,2
202205,부산광역시,영도구,101,1
202205,부산광역시,영도구,102,1
202205,부산광역시,영도구,103,1
202205,부산광역시,영도구,105,2
202205,부산광역시,부산진구,0,16
202205,부산광역시,부산진구,1,26
202205,부산광역시,부산진구,2,33
202205,부산광역시,부산진구,3,43
202205,부산광역시,부산진구,4,59
202205,부산광역시,부산진구,5,57
202205,부산광역시,부산진구,6,100
202205,부산광역시,부산진구,7,129
202205,부산광역시,부산진구,8,130
202205,부산광역시,부산진구,9,164
202205,부산광역시,부산진구,10,151
202205,부산광역시,부산진구,11,171
202205,부산광역시,부산진구,12,172
202205,부산광역시,부산진구,13,176
202205,부산광역시,부산진구,14,227
202205,부산광역시,부산진구,15,183
202205,부산광역시,부산진구,16,211
202205,부산광역시,부산진구,17,224
202205,부산광역시,부산진구,18,203
202205,부산광역시,부산진구,19,198
202205,부산광역시,부산진구,20,187
202205,부산광역시,부산진구,21,211
202205,부산광역시,부산진구,22,179
202205,부산광역시,부산진구,23,182
202205,부산광역시,부산진구,24,171
202205,부산광역시,부산진구,25,129
202205,부산광역시,부산진구,26,110
202205,부산광역시,부산진구,27,90
202205,부산광역시,부산진구,28,70
202205,부산광역시,부산진구,29,58
202205,부산광역시,부산진구,30,80
202205,부산광역시,부산진구,31,78
202205,부산광역시,부산진구,32,84
202205,부산광역시,부산진구,33,92
202205,부산광역시,부산진구,34,98
202205,부산광역시,부산진구,35,95
202205,부산광역시,부산진구,36,116
202205,부산광역시,부산진구,37,112
202205,부산광역시,부산진구,38,139
202205,부산광역시,부산진구,39,136
202205,부산광역시,부산진구,40,164
202205,부산광역시,부산진구,41,169
202205,부산광역시,부산진구,42,192
202205,부산광역시,부산진구,43,165
202205,부산광역시,부산진구,44,162
202205,부산광역시,부산진구,45,200
202205,부산광역시,부산진구,46,191
202205,부산광역시,부산진구,47,262
202205,부산광역시,부산진구,48,303
202205,부산광역시,부산진구,49,282
202205,부산광역시,부산진구,50,317
202205,부산광역시,부산진구,51,344
202205,부산광역시,부산진구,52,347
202205,부산광역시,부산진구,53,361
202205,부산광역시,부산진구,54,353
202205,부산광역시,부산진구,55,344
202205,부산광역시,부산진구,56,354
202205,부산광역시,부산진구,57,366
202205,부산광역시,부산진구,58,348
202205,부산광역시,부산진구,59,455
202205,부산광역시,부산진구,60,418
202205,부산광역시,부산진구,61,444
202205,부산광역시,부산진구,62,459
202205,부산광역시,부산진구,63,456
202205,부산광역시,부산진구,64,487
202205,부산광역시,부산진구,65,539
202205,부산광역시,부산진구,66,492
202205,부산광역시,부산진구,67,522
202205,부산광역시,부산진구,68,450
202205,부산광역시,부산진구,69,452
202205,부산광역시,부산진구,70,441
202205,부산광역시,부산진구,71,343
202205,부산광역시,부산진구,72,461
202205,부산광역시,부산진구,73,404
202205,부산광역시,부산진구,74,408
202205,부산광역시,부산진구,75,394
202205,부산광역시,부산진구,76,277
202205,부산광역시,부산진구,77,329
202205,부산광역시,부산진구,78,344
202205,부산광역시,부산진구,79,406
202205,부산광역시,부산진구,80,410
202205,부산광역시,부산진구,81,355
202205,부산광역시,부산진구,82,364
202205,부산광역시,부산진구,83,336
202205,부산광역시,부산진구,84,252
202205,부산광역시,부산진구,85,245
202205,부산광역시,부산진구,86,227
202205,부산광역시,부산진구,87,208
202205,부산광역시,부산진구,88,169
202205,부산광역시,부산진구,89,113
202205,부산광역시,부산진구,90,108
202205,부산광역시,부산진구,91,79
202205,부산광역시,부산진구,92,54
202205,부산광역시,부산진구,93,43
202205,부산광역시,부산진구,94,41
202205,부산광역시,부산진구,95,26
202205,부산광역시,부산진구,96,12
202205,부산광역시,부산진구,97,10
202205,부산광역시,부산진구,98,7
202205,부산광역시,부산진구,99,3
202205,부산광역시,부산진구,100,3
202205,부산광역시,부산진구,101,2
202205,부산광역시,부산진구,102,1
202205,부산광역시,부산진구,103,2
202205,부산광역시,부산진구,106,1
202205,부산광역시,부산진구,111,1
202205,부산광역시,동래구,0,12
202205,부산광역시,동래구,1,17
202205,부산광역시,동래구,2,27
202205,부산광역시,동래구,3,35
202205,부산광역시,동래구,4,28
202205,부산광역시,동래구,5,43
202205,부산광역시,동래구,6,63
202205,부산광역시,동래구,7,92
202205,부산광역시,동래구,8,86
202205,부산광역시,동래구,9,102
202205,부산광역시,동래구,10,90
202205,부산광역시,동래구,11,124
202205,부산광역시,동래구,12,97
202205,부산광역시,동래구,13,109
202205,부산광역시,동래구,14,137
202205,부산광역시,동래구,15,137
202205,부산광역시,동래구,16,135
202205,부산광역시,동래구,17,141
202205,부산광역시,동래구,18,153
202205,부산광역시,동래구,19,120
202205,부산광역시,동래구,20,99
202205,부산광역시,동래구,21,134
202205,부산광역시,동래구,22,121
202205,부산광역시,동래구,23,96
202205,부산광역시,동래구,24,88
202205,부산광역시,동래구,25,89
202205,부산광역시,동래구,26,59
202205,부산광역시,동래구,27,44
202205,부산광역시,동래구,28,43
202205,부산광역시,동래구,29,34
202205,부산광역시,동래구,30,53
202205,부산광역시,동래구,31,35
202205,부산광역시,동래구,32,39
202205,부산광역시,동래구,33,58
202205,부산광역시,동래구,34,42
202205,부산광역시,동래구,35,53
202205,부산광역시,동래구,36,43
202205,부산광역시,동래구,37,51
202205,부산광역시,동래구,38,81
202205,부산광역시,동래구,39,79
202205,부산광역시,동래구,40,90
202205,부산광역시,동래구,41,99
202205,부산광역시,동래구,42,113
202205,부산광역시,동래구,43,106
202205,부산광역시,동래구,44,123
202205,부산광역시,동래구,45,104
202205,부산광역시,동래구,46,131
202205,부산광역시,동래구,47,142
202205,부산광역시,동래구,48,144
202205,부산광역시,동래구,49,188
202205,부산광역시,동래구,50,185
202205,부산광역시,동래구,51,203
202205,부산광역시,동래구,52,171
202205,부산광역시,동래구,53,189
202205,부산광역시,동래구,54,177
202205,부산광역시,동래구,55,180
202205,부산광역시,동래구,56,187
202205,부산광역시,동래구,57,193
202205,부산광역시,동래구,58,179
202205,부산광역시,동래구,59,227
202205,부산광역시,동래구,60,225
202205,부산광역시,동래구,61,265
202205,부산광역시,동래구,62,253
202205,부산광역시,동래구,63,238
202205,부산광역시,동래구,64,223
202205,부산광역시,동래구,65,263
202205,부산광역시,동래구,66,271
202205,부산광역시,동래구,67,287
202205,부산광역시,동래구,68,274
202205,부산광역시,동래구,69,240
202205,부산광역시,동래구,70,240
202205,부산광역시,동래구,71,196
202205,부산광역시,동래구,72,216
202205,부산광역시,동래구,73,195
202205,부산광역시,동래구,74,190
202205,부산광역시,동래구,75,165
202205,부산광역시,동래구,76,146
202205,부산광역시,동래구,77,177
202205,부산광역시,동래구,78,201
202205,부산광역시,동래구,79,206
202205,부산광역시,동래구,80,192
202205,부산광역시,동래구,81,169
202205,부산광역시,동래구,82,180
202205,부산광역시,동래구,83,170
202205,부산광역시,동래구,84,113
202205,부산광역시,동래구,85,136
202205,부산광역시,동래구,86,114
202205,부산광역시,동래구,87,108
202205,부산광역시,동래구,88,68
202205,부산광역시,동래구,89,68
202205,부산광역시,동래구,90,40
202205,부산광역시,동래구,91,39
202205,부산광역시,동래구,92,24
202205,부산광역시,동래구,93,25
202205,부산광역시,동래구,94,23
202205,부산광역시,동래구,95,11
202205,부산광역시,동래구,96,14
202205,부산광역시,동래구,97,6
202205,부산광역시,동래구,98,4
202205,부산광역시,동래구,99,2
202205,부산광역시,동래구,103,1
202205,부산광역시,동래구,105,1
202205,부산광역시,남구,0,12
202205,부산광역시,남구,1,15
202205,부산광역시,남구,2,21
202205,부산광역시,남구,3,22
202205,부산광역시,남구,4,30
202205,부산광역시,남구,5,36
202205,부산광역시,남구,6,57
202205,부산광역시,남구,7,69
202205,부산광역시,남구,8,93
202205,부산광역시,남구,9,86
202205,부산광역시,남구,10,103
202205,부산광역시,남구,11,109
202205,부산광역시,남구,12,109
202205,부산광역시,남구,13,113
202205,부산광역시,남구,14,130
202205,부산광역시,남구,15,135
202205,부산광역시,남구,16,133
202205,부산광역시,남구,17,150
202205,부산광역시,남구,18,135
202205,부산광역시,남구,19,124
202205,부산광역시,남구,20,75
202205,부산광역시,남구,21,94
202205,부산광역시,남구,22,107
202205,부산광역시,남구,23,95
202205,부산광역시,남구,24,79
202205,부산광역시,남구,25,68
202205,부산광역시,남구,26,41
202205,부산광역시,남구,27,33
202205,부산광역시,남구,28,45
202205,부산광역시,남구,29,34
202205,부산광역시,남구,30,31
202205,부산광역시,남구,31,48
202205,부산광역시,남구,32,36
202205,부산광역시,남구,33,36
202205,부산광역시,남구,34,34
202205,부산광역시,남구,35,45
202205,부산광역시,남구,36,54
202205,부산광역시,남구,37,35
202205,부산광역시,남구,38,55
202205,부산광역시,남구,39,73
202205,부산광역시,남구,40,92
202205,부산광역시,남구,41,84
202205,부산광역시,남구,42,98
202205,부산광역시,남구,43,113
202205,부산광역시,남구,44,94
202205,부산광역시,남구,45,112
202205,부산광역시,남구,46,110
202205,부산광역시,남구,47,143
202205,부산광역시,남구,48,151
202205,부산광역시,남구,49,172
202205,부산광역시,남구,50,223
202205,부산광역시,남구,51,179
202205,부산광역시,남구,52,193
202205,부산광역시,남구,53,214
202205,부산광역시,남구,54,205
202205,부산광역시,남구,55,187
202205,부산광역시,남구,56,188
202205,부산광역시,남구,57,162
202205,부산광역시,남구,58,166
202205,부산광역시,남구,59,214
202205,부산광역시,남구,60,209
202205,부산광역시,남구,61,244
202205,부산광역시,남구,62,217
202205,부산광역시,남구,63,221
202205,부산광역시,남구,64,250
202205,부산광역시,남구,65,238
202205,부산광역시,남구,66,264
202205,부산광역시,남구,67,288
202205,부산광역시,남구,68,238
202205,부산광역시,남구,69,242
202205,부산광역시,남구,70,226
202205,부산광역시,남구,71,204
202205,부산광역시,남구,72,224
202205,부산광역시,남구,73,213
202205,부산광역시,남구,74,210
202205,부산광역시,남구,75,245
202205,부산광역시,남구,76,184
202205,부산광역시,남구,77,218
202205,부산광역시,남구,78,223
202205,부산광역시,남구,79,273
202205,부산광역시,남구,80,241
202205,부산광역시,남구,81,222
202205,부산광역시,남구,82,223
202205,부산광역시,남구,83,176
202205,부산광역시,남구,84,184
202205,부산광역시,남구,85,148
202205,부산광역시,남구,86,131
202205,부산광역시,남구,87,154
202205,부산광역시,남구,88,106
202205,부산광역시,남구,89,71
202205,부산광역시,남구,90,48
202205,부산광역시,남구,91,41
202205,부산광역시,남구,92,36
202205,부산광역시,남구,93,35
202205,부산광역시,남구,94,27
202205,부산광역시,남구,95,16
202205,부산광역시,남구,96,12
202205,부산광역시,남구,97,7
202205,부산광역시,남구,98,2
202205,부산광역시,남구,100,2
202205,부산광역시,남구,101,2
202205,부산광역시,남구,102,2
202205,부산광역시,남구,107,1
202205,부산광역시,남구,110,1
202205,부산광역시,북구,0,21
202205,부산광역시,북구,1,22
202205,부산광역시,북구,2,40
202205,부산광역시,북구,3,21
202205,부산광역시,북구,4,53
202205,부산광역시,북구,5,79
202205,부산광역시,북구,6,93
202205,부산광역시,북구,7,111
202205,부산광역시,북구,8,119
202205,부산광역시,북구,9,162
202205,부산광역시,북구,10,173
202205,부산광역시,북구,11,172
202205,부산광역시,북구,12,184
202205,부산광역시,북구,13,197
202205,부산광역시,북구,14,203
202205,부산광역시,북구,15,206
202205,부산광역시,북구,16,213
202205,부산광역시,북구,17,213
202205,부산광역시,북구,18,227
202205,부산광역시,북구,19,173
202205,부산광역시,북구,20,168
202205,부산광역시,북구,21,200
202205,부산광역시,북구,22,194
202205,부산광역시,북구,23,198
202205,부산광역시,북구,24,149
202205,부산광역시,북구,25,132
202205,부산광역시,북구,26,99
202205,부산광역시,북구,27,100
202205,부산광역시,북구,28,74
202205,부산광역시,북구,29,85
202205,부산광역시,북구,30,76
202205,부산광역시,북구,31,71
202205,부산광역시,북구,32,91
202205,부산광역시,북구,33,67
202205,부산광역시,북구,34,80
202205,부산광역시,북구,35,74
202205,부산광역시,북구,36,84
202205,부산광역시,북구,37,82
202205,부산광역시,북구,38,111
202205,부산광역시,북구,39,140
202205,부산광역시,북구,40,167
202205,부산광역시,북구,41,161
202205,부산광역시,북구,42,169
202205,부산광역시,북구,43,170
202205,부산광역시,북구,44,151
202205,부산광역시,북구,45,200
202205,부산광역시,북구,46,203
202205,부산광역시,북구,47,240
202205,부산광역시,북구,48,238
202205,부산광역시,북구,49,331
202205,부산광역시,북구,50,297
202205,부산광역시,북구,51,338
202205,부산광역시,북구,52,326
202205,부산광역시,북구,53,401
202205,부산광역시,북구,54,345
202205,부산광역시,북구,55,381
202205,부산광역시,북구,56,405
202205,부산광역시,북구,57,364
202205,부산광역시,북구,58,378
202205,부산광역시,북구,59,458
202205,부산광역시,북구,60,463
202205,부산광역시,북구,61,546
202205,부산광역시,북구,62,491
202205,부산광역시,북구,63,501
202205,부산광역시,북구,64,496
202205,부산광역시,북구,65,538
202205,부산광역시,북구,66,499
202205,부산광역시,북구,67,548
202205,부산광역시,북구,68,439
202205,부산광역시,북구,69,436
202205,부산광역시,북구,70,398
202205,부산광역시,북구,71,373
202205,부산광역시,북구,72,382
202205,부산광역시,북구,73,385
202205,부산광역시,북구,74,401
202205,부산광역시,북구,75,393
202205,부산광역시,북구,76,261
202205,부산광역시,북구,77,324
202205,부산광역시,북구,78,335
202205,부산광역시,북구,79,457
202205,부산광역시,북구,80,417
202205,부산광역시,북구,81,363
202205,부산광역시,북구,82,363
202205,부산광역시,북구,83,294
202205,부산광역시,북구,84,231
202205,부산광역시,북구,85,289
202205,부산광역시,북구,86,212
202205,부산광역시,북구,87,218
202205,부산광역시,북구,88,153
202205,부산광역시,북구,89,119
202205,부산광역시,북구,90,114
202205,부산광역시,북구,91,75
202205,부산광역시,북구,92,36
202205,부산광역시,북구,93,41
202205,부산광역시,북구,94,37
202205,부산광역시,북구,95,17
202205,부산광역시,북구,96,14
202205,부산광역시,북구,97,15
202205,부산광역시,북구,98,9
202205,부산광역시,북구,99,7
202205,부산광역시,북구,100,8
202205,부산광역시,북구,101,2
202205,부산광역시,북구,103,1
202205,부산광역시,해운대구,0,20
202205,부산광역시,해운대구,1,32
202205,부산광역시,해운대구,2,35
202205,부산광역시,해운대구,3,48
202205,부산광역시,해운대구,4,60
202205,부산광역시,해운대구,5,47
202205,부산광역시,해운대구,6,94
202205,부산광역시,해운대구,7,163
202205,부산광역시,해운대구,8,145
202205,부산광역시,해운대구,9,186
202205,부산광역시,해운대구,10,180
202205,부산광역시,해운대구,11,210
202205,부산광역시,해운대구,12,182
202205,부산광역시,해운대구,13,232
202205,부산광역시,해운대구,14,236
202205,부산광역시,해운대구,15,241
202205,부산광역시,해운대구,16,236
202205,부산광역시,해운대구,17,229
202205,부산광역시,해운대구,18,259
202205,부산광역시,해운대구,19,216
202205,부산광역시,해운대구,20,197
202205,부산광역시,해운대구,21,199
202205,부산광역시,해운대구,22,188
202205,부산광역시,해운대구,23,166
202205,부산광역시,해운대구,24,139
202205,부산광역시,해운대구,25,142
202205,부산광역시,해운대구,26,96
202205,부산광역시,해운대구,27,92
202205,부산광역시,해운대구,28,72
202205,부산광역시,해운대구,29,77
202205,부산광역시,해운대구,30,71
202205,부산광역시,해운대구,31,69
202205,부산광역시,해운대구,32,84
202205,부산광역시,해운대구,33,60
202205,부산광역시,해운대구,34,70
202205,부산광역시,해운대구,35,77
202205,부산광역시,해운대구,36,85
202205,부산광역시,해운대구,37,111
202205,부산광역시,해운대구,38,120
202205,부산광역시,해운대구,39,143
202205,부산광역시,해운대구,40,171
202205,부산광역시,해운대구,41,191
202205,부산광역시,해운대구,42,184
202205,부산광역시,해운대구,43,192
202205,부산광역시,해운대구,44,203
202205,부산광역시,해운대구,45,213
202205,부산광역시,해운대구,46,215
202205,부산광역시,해운대구,47,255
202205,부산광역시,해운대구,48,293
202205,부산광역시,해운대구,49,314
202205,부산광역시,해운대구,50,348
202205,부산광역시,해운대구,51,354
202205,부산광역시,해운대구,52,359
202205,부산광역시,해운대구,53,343
202205,부산광역시,해운대구,54,326
202205,부산광역시,해운대구,55,339
202205,부산광역시,해운대구,56,333
202205,부산광역시,해운대구,57,341
202205,부산광역시,해운대구,58,295
202205,부산광역시,해운대구,59,396
202205,부산광역시,해운대구,60,370
202205,부산광역시,해운대구,61,461
202205,부산광역시,해운대구,62,409
202205,부산광역시,해운대구,63,421
202205,부산광역시,해운대구,64,405
202205,부산광역시,해운대구,65,477
202205,부산광역시,해운대구,66,510
202205,부산광역시,해운대구,67,549
202205,부산광역시,해운대구,68,422
202205,부산광역시,해운대구,69,478
202205,부산광역시,해운대구,70,413
202205,부산광역시,해운대구,71,359
202205,부산광역시,해운대구,72,399
202205,부산광역시,해운대구,73,425
202205,부산광역시,해운대구,74,391
202205,부산광역시,해운대구,75,391
202205,부산광역시,해운대구,76,269
202205,부산광역시,해운대구,77,388
202205,부산광역시,해운대구,78,390
202205,부산광역시,해운대구,79,483
202205,부산광역시,해운대구,80,394
202205,부산광역시,해운대구,81,383
202205,부산광역시,해운대구,82,349
202205,부산광역시,해운대구,83,321
202205,부산광역시,해운대구,84,317
202205,부산광역시,해운대구,85,282
202205,부산광역시,해운대구,86,228
202205,부산광역시,해운대구,87,172
202205,부산광역시,해운대구,88,168
202205,부산광역시,해운대구,89,119
202205,부산광역시,해운대구,90,113
202205,부산광역시,해운대구,91,57
202205,부산광역시,해운대구,92,59
202205,부산광역시,해운대구,93,49
202205,부산광역시,해운대구,94,43
202205,부산광역시,해운대구,95,29
202205,부산광역시,해운대구,96,14
202205,부산광역시,해운대구,97,15
202205,부산광역시,해운대구,98,6
202205,부산광역시,해운대구,99,8
202205,부산광역시,해운대구,100,5
202205,부산광역시,해운대구,101,1
202205,부산광역시,해운대구,102,3
202205,부산광역시,해운대구,103,2
202205,부산광역시,해운대구,112,1
202205,부산광역시,사하구,0,14
202205,부산광역시,사하구,1,33
202205,부산광역시,사하구,2,47
202205,부산광역시,사하구,3,55
202205,부산광역시,사하구,4,66
202205,부산광역시,사하구,5,71
202205,부산광역시,사하구,6,116
202205,부산광역시,사하구,7,145
202205,부산광역시,사하구,8,174
202205,부산광역시,사하구,9,195
202205,부산광역시,사하구,10,218
202205,부산광역시,사하구,11,212
202205,부산광역시,사하구,12,179
202205,부산광역시,사하구,13,207
202205,부산광역시,사하구,14,268
202205,부산광역시,사하구,15,261
202205,부산광역시,사하구,16,246
202205,부산광역시,사하구,17,273
202205,부산광역시,사하구,18,230
202205,부산광역시,사하구,19,228
202205,부산광역시,사하구,20,181
202205,부산광역시,사하구,21,190
202205,부산광역시,사하구,22,196
202205,부산광역시,사하구,23,157
202205,부산광역시,사하구,24,171
202205,부산광역시,사하구,25,131
202205,부산광역시,사하구,26,97
202205,부산광역시,사하구,27,88
202205,부산광역시,사하구,28,81
202205,부산광역시,사하구,29,66
202205,부산광역시,사하구,30,57
202205,부산광역시,사하구,31,73
202205,부산광역시,사하구,32,57
202205,부산광역시,사하구,33,62
202205,부산광역시,사하구,34,66
202205,부산광역시,사하구,35,94
202205,부산광역시,사하구,36,83
202205,부산광역시,사하구,37,92
202205,부산광역시,사하구,38,118
202205,부산광역시,사하구,39,140
202205,부산광역시,사하구,40,193
202205,부산광역시,사하구,41,185
202205,부산광역시,사하구,42,215
202205,부산광역시,사하구,43,190
202205,부산광역시,사하구,44,180
202205,부산광역시,사하구,45,189
202205,부산광역시,사하구,46,235
202205,부산광역시,사하구,47,268
202205,부산광역시,사하구,48,294
202205,부산광역시,사하구,49,318
202205,부산광역시,사하구,50,320
202205,부산광역시,사하구,51,343
202205,부산광역시,사하구,52,357
202205,부산광역시,사하구,53,393
202205,부산광역시,사하구,54,378
202205,부산광역시,사하구,55,381
202205,부산광역시,사하구,56,359
202205,부산광역시,사하구,57,384
202205,부산광역시,사하구,58,410
202205,부산광역시,사하구,59,442
202205,부산광역시,사하구,60,451
202205,부산광역시,사하구,61,515
202205,부산광역시,사하구,62,499
202205,부산광역시,사하구,63,496
202205,부산광역시,사하구,64,500
202205,부산광역시,사하구,65,529
202205,부산광역시,사하구,66,489
202205,부산광역시,사하구,67,557
202205,부산광역시,사하구,68,454
202205,부산광역시,사하구,69,429
202205,부산광역시,사하구,70,477
202205,부산광역시,사하구,71,383
202205,부산광역시,사하구,72,416
202205,부산광역시,사하구,73,399
202205,부산광역시,사하구,74,423
202205,부산광역시,사하구,75,453
202205,부산광역시,사하구,76,287
202205,부산광역시,사하구,77,401
202205,부산광역시,사하구,78,373
202205,부산광역시,사하구,79,436
202205,부산광역시,사하구,80,433
202205,부산광역시,사하구,81,315
202205,부산광역시,사하구,82,373
202205,부산광역시,사하구,83,314
202205,부산광역시,사하구,84,259
202205,부산광역시,사하구,85,243
202205,부산광역시,사하구,86,192
202205,부산광역시,사하구,87,176
202205,부산광역시,사하구,88,152
202205,부산광역시,사하구,89,112
202205,부산광역시,사하구,90,76
202205,부산광역시,사하구,91,71
202205,부산광역시,사하구,92,67
202205,부산광역시,사하구,93,45
202205,부산광역시,사하구,94,39
202205,부산광역시,사하구,95,24
202205,부산광역시,사하구,96,22
202205,부산광역시,사하구,97,13
202205,부산광역시,사하구,98,11
202205,부산광역시,사하구,99,6
202205,부산광역시,사하구,100,1
202205,부산광역시,사하구,101,2
202205,부산광역시,사하구,102,2
202205,부산광역시,금정구,0,11
202205,부산광역시,금정구,1,12
202205,부산광역시,금정구,2,21
202205,부산광역시,금정구,3,28
202205,부산광역시,금정구,4,31
202205,부산광역시,금정구,5,39
202205,부산광역시,금정구,6,48
202205,부산광역시,금정구,7,68
202205,부산광역시,금정구,8,77
202205,부산광역시,금정구,9,82
202205,부산광역시,금정구,10,97
202205,부산광역시,금정구,11,92
202205,부산광역시,금정구,12,98
202205,부산광역시,금정구,13,112
202205,부산광역시,금정구,14,124
202205,부산광역시,금정구,15,129
202205,부산광역시,금정구,16,155
202205,부산광역시,금정구,17,144
202205,부산광역시,금정구,18,152
202205,부산광역시,금정구,19,135
202205,부산광역시,금정구,20,129
202205,부산광역시,금정구,21,145
202205,부산광역시,금정구,22,138
202205,부산광역시,금정구,23,114
202205,부산광역시,금정구,24,115
202205,부산광역시,금정구,25,97
202205,부산광역시,금정구,26,63
202205,부산광역시,금정구,27,56
202205,부산광역시,금정구,28,37
202205,부산광역시,금정구,29,32
202205,부산광역시,금정구,30,48
202205,부산광역시,금정구,31,37
202205,부산광역시,금정구,32,45
202205,부산광역시,금정구,33,47
202205,부산광역시,금정구,34,36
202205,부산광역시,금정구,35,39
202205,부산광역시,금정구,36,55
202205,부산광역시,금정구,37,48
202205,부산광역시,금정구,38,56
202205,부산광역시,금정구,39,69
202205,부산광역시,금정구,40,86
202205,부산광역시,금정구,41,109
202205,부산광역시,금정구,42,115
202205,부산광역시,금정구,43,74
202205,부산광역시,금정구,44,94
202205,부산광역시,금정구,45,117
202205,부산광역시,금정구,46,131
202205,부산광역시,금정구,47,139
202205,부산광역시,금정구,48,156
202205,부산광역시,금정구,49,198
202205,부산광역시,금정구,50,205
202205,부산광역시,금정구,51,207
202205,부산광역시,금정구,52,210
202205,부산광역시,금정구,53,234
202205,부산광역시,금정구,54,206
202205,부산광역시,금정구,55,236
202205,부산광역시,금정구,56,227
202205,부산광역시,금정구,57,227
202205,부산광역시,금정구,58,229
202205,부산광역시,금정구,59,274
202205,부산광역시,금정구,60,259
202205,부산광역시,금정구,61,293
202205,부산광역시,금정구,62,293
202205,부산광역시,금정구,63,307
202205,부산광역시,금정구,64,292
202205,부산광역시,금정구,65,304
202205,부산광역시,금정구,66,342
202205,부산광역시,금정구,67,333
202205,부산광역시,금정구,68,296
202205,부산광역시,금정구,69,272
202205,부산광역시,금정구,70,269
202205,부산광역시,금정구,71,207
202205,부산광역시,금정구,72,242
202205,부산광역시,금정구,73,265
202205,부산광역시,금정구,74,229
202205,부산광역시,금정구,75,272
202205,부산광역시,금정구,76,172
202205,부산광역시,금정구,77,238
202205,부산광역시,금정구,78,212
202205,부산광역시,금정구,79,268
202205,부산광역시,금정구,80,266
202205,부산광역시,금정구,81,227
202205,부산광역시,금정구,82,242
202205,부산광역시,금정구,83,185
202205,부산광역시,금정구,84,170
202205,부산광역시,금정구,85,149
202205,부산광역시,금정구,86,143
202205,부산광역시,금정구,87,133
202205,부산광역시,금정구,88,93
202205,부산광역시,금정구,89,76
202205,부산광역시,금정구,90,71
202205,부산광역시,금정구,91,61
202205,부산광역시,금정구,92,36
202205,부산광역시,금정구,93,41
202205,부산광역시,금정구,94,21
202205,부산광역시,금정구,95,11
202205,부산광역시,금정구,96,8
202205,부산광역시,금정구,97,11
202205,부산광역시,금정구,98,4
202205,부산광역시,금정구,99,4
202205,부산광역시,금정구,100,5
202205,부산광역시,강서구,0,8
202205,부산광역시,강서구,1,18
202205,부산광역시,강서구,2,16
202205,부산광역시,강서구,3,26
202205,부산광역시,강서구,4,33
202205,부산광역시,강서구,5,29
202205,부산광역시,강서구,6,46
202205,부산광역시,강서구,7,70
202205,부산광역시,강서구,8,77
202205,부산광역시,강서구,9,74
202205,부산광역시,강서구,10,75
202205,부산광역시,강서구,11,70
202205,부산광역시,강서구,12,76
202205,부산광역시,강서구,13,73
202205,부산광역시,강서구,14,71
202205,부산광역시,강서구,15,44
202205,부산광역시,강서구,16,57
202205,부산광역시,강서구,17,56
202205,부산광역시,강서구,18,49
202205,부산광역시,강서구,19,32
202205,부산광역시,강서구,20,33
202205,부산광역시,강서구,21,26
202205,부산광역시,강서구,22,26
202205,부산광역시,강서구,23,22
202205,부산광역시,강서구,24,17
202205,부산광역시,강서구,25,11
202205,부산광역시,강서구,26,14
202205,부산광역시,강서구,27,15
202205,부산광역시,강서구,28,13
202205,부산광역시,강서구,29,10
202205,부산광역시,강서구,30,14
202205,부산광역시,강서구,31,14
202205,부산광역시,강서구,32,18
202205,부산광역시,강서구,33,17
202205,부산광역시,강서구,34,15
202205,부산광역시,강서구,35,24
202205,부산광역시,강서구,36,23
202205,부산광역시,강서구,37,34
202205,부산광역시,강서구,38,37
202205,부산광역시,강서구,39,43
202205,부산광역시,강서구,40,53
202205,부산광역시,강서구,41,47
202205,부산광역시,강서구,42,57
202205,부산광역시,강서구,43,46
202205,부산광역시,강서구,44,47
202205,부산광역시,강서구,45,39
202205,부산광역시,강서구,46,39
202205,부산광역시,강서구,47,50
202205,부산광역시,강서구,48,51
202205,부산광역시,강서구,49,55
202205,부산광역시,강서구,50,53
202205,부산광역시,강서구,51,43
202205,부산광역시,강서구,52,47
202205,부산광역시,강서구,53,55
202205,부산광역시,강서구,54,45
202205,부산광역시,강서구,55,48
202205,부산광역시,강서구,56,53
202205,부산광역시,강서구,57,49
202205,부산광역시,강서구,58,48
202205,부산광역시,강서구,59,61
202205,부산광역시,강서구,60,68
202205,부산광역시,강서구,61,77
202205,부산광역시,강서구,62,79
202205,부산광역시,강서구,63,75
202205,부산광역시,강서구,64,79
202205,부산광역시,강서구,65,85
202205,부산광역시,강서구,66,85
202205,부산광역시,강서구,67,103
202205,부산광역시,강서구,68,72
202205,부산광역시,강서구,69,99
202205,부산광역시,강서구,70,94
202205,부산광역시,강서구,71,62
202205,부산광역시,강서구,72,74
202205,부산광역시,강서구,73,80
202205,부산광역시,강서구,74,64
202205,부산광역시,강서구,75,61
202205,부산광역시,강서구,76,55
202205,부산광역시,강서구,77,67
202205,부산광역시,강서구,78,73
202205,부산광역시,강서구,79,76
202205,부산광역시,강서구,80,61
202205,부산광역시,강서구,81,51
202205,부산광역시,강서구,82,55
202205,부산광역시,강서구,83,68
202205,부산광역시,강서구,84,45
202205,부산광역시,강서구,85,36
202205,부산광역시,강서구,86,25
202205,부산광역시,강서구,87,34
202205,부산광역시,강서구,88,19
202205,부산광역시,강서구,89,17
202205,부산광역시,강서구,90,25
202205,부산광역시,강서구,91,14
202205,부산광역시,강서구,92,13
202205,부산광역시,강서구,93,9
202205,부산광역시,강서구,94,11
202205,부산광역시,강서구,95,1
202205,부산광역시,강서구,96,7
202205,부산광역시,강서구,97,2
202205,부산광역시,강서구,98,2
202205,부산광역시,강서구,99,2
202205,부산광역시,강서구,100,1
202205,부산광역시,강서구,106,1
202205,부산광역시,연제구,0,9
202205,부산광역시,연제구,1,16
202205,부산광역시,연제구,2,14
202205,부산광역시,연제구,3,29
202205,부산광역시,연제구,4,20
202205,부산광역시,연제구,5,33
202205,부산광역시,연제구,6,59
202205,부산광역시,연제구,7,72
202205,부산광역시,연제구,8,77
202205,부산광역시,연제구,9,86
202205,부산광역시,연제구,10,97
202205,부산광역시,연제구,11,95
202205,부산광역시,연제구,12,104
202205,부산광역시,연제구,13,107
202205,부산광역시,연제구,14,115
202205,부산광역시,연제구,15,124
202205,부산광역시,연제구,16,118
202205,부산광역시,연제구,17,126
202205,부산광역시,연제구,18,128
202205,부산광역시,연제구,19,100
202205,부산광역시,연제구,20,96
202205,부산광역시,연제구,21,98
202205,부산광역시,연제구,22,126
202205,부산광역시,연제구,23,97
202205,부산광역시,연제구,24,96
202205,부산광역시,연제구,25,75
202205,부산광역시,연제구,26,63
202205,부산광역시,연제구,27,48
202205,부산광역시,연제구,28,24
202205,부산광역시,연제구,29,40
202205,부산광역시,연제구,30,42
202205,부산광역시,연제구,31,40
202205,부산광역시,연제구,32,50
202205,부산광역시,연제구,33,26
202205,부산광역시,연제구,34,45
202205,부산광역시,연제구,35,46
202205,부산광역시,연제구,36,59
202205,부산광역시,연제구,37,46
202205,부산광역시,연제구,38,59
202205,부산광역시,연제구,39,68
202205,부산광역시,연제구,40,76
202205,부산광역시,연제구,41,81
202205,부산광역시,연제구,42,86
202205,부산광역시,연제구,43,96
202205,부산광역시,연제구,44,91
202205,부산광역시,연제구,45,86
202205,부산광역시,연제구,46,84
202205,부산광역시,연제구,47,126
202205,부산광역시,연제구,48,118
202205,부산광역시,연제구,49,136
202205,부산광역시,연제구,50,146
202205,부산광역시,연제구,51,189
202205,부산광역시,연제구,52,196
202205,부산광역시,연제구,53,208
202205,부산광역시,연제구,54,181
202205,부산광역시,연제구,55,179
202205,부산광역시,연제구,56,202
202205,부산광역시,연제구,57,195
202205,부산광역시,연제구,58,178
202205,부산광역시,연제구,59,246
202205,부산광역시,연제구,60,253
202205,부산광역시,연제구,61,264
202205,부산광역시,연제구,62,253
202205,부산광역시,연제구,63,235
202205,부산광역시,연제구,64,261
202205,부산광역시,연제구,65,284
202205,부산광역시,연제구,66,299
202205,부산광역시,연제구,67,322
202205,부산광역시,연제구,68,226
202205,부산광역시,연제구,69,237
202205,부산광역시,연제구,70,202
202205,부산광역시,연제구,71,185
202205,부산광역시,연제구,72,203
202205,부산광역시,연제구,73,208
202205,부산광역시,연제구,74,195
202205,부산광역시,연제구,75,207
202205,부산광역시,연제구,76,137
202205,부산광역시,연제구,77,152
202205,부산광역시,연제구,78,160
202205,부산광역시,연제구,79,164
202205,부산광역시,연제구,80,188
202205,부산광역시,연제구,81,166
202205,부산광역시,연제구,82,163
202205,부산광역시,연제구,83,134
202205,부산광역시,연제구,84,111
202205,부산광역시,연제구,85,137
202205,부산광역시,연제구,86,117
202205,부산광역시,연제구,87,77
202205,부산광역시,연제구,88,60
202205,부산광역시,연제구,89,30
202205,부산광역시,연제구,90,40
202205,부산광역시,연제구,91,40
202205,부산광역시,연제구,92,18
202205,부산광역시,연제구,93,32
202205,부산광역시,연제구,94,21
202205,부산광역시,연제구,95,14
202205,부산광역시,연제구,96,6
202205,부산광역시,연제구,97,1
202205,부산광역시,연제구,98,1
202205,부산광역시,연제구,99,5
202205,부산광역시,연제구,100,2
202205,부산광역시,연제구,101,2
202205,부산광역시,연제구,102,2
202205,부산광역시,연제구,109,1
202205,부산광역시,수영구,0,5
202205,부산광역시,수영구,1,17
202205,부산광역시,수영구,2,21
202205,부산광역시,수영구,3,23
202205,부산광역시,수영구,4,25
202205,부산광역시,수영구,5,17
202205,부산광역시,수영구,6,29
202205,부산광역시,수영구,7,51
202205,부산광역시,수영구,8,56
202205,부산광역시,수영구,9,77
202205,부산광역시,수영구,10,70
202205,부산광역시,수영구,11,88
202205,부산광역시,수영구,12,67
202205,부산광역시,수영구,13,74
202205,부산광역시,수영구,14,99
202205,부산광역시,수영구,15,92
202205,부산광역시,수영구,16,76
202205,부산광역시,수영구,17,113
202205,부산광역시,수영구,18,110
202205,부산광역시,수영구,19,91
202205,부산광역시,수영구,20,82
202205,부산광역시,수영구,21,101
202205,부산광역시,수영구,22,95
202205,부산광역시,수영구,23,93
202205,부산광역시,수영구,24,76
202205,부산광역시,수영구,25,60
202205,부산광역시,수영구,26,46
202205,부산광역시,수영구,27,46
202205,부산광역시,수영구,28,37
202205,부산광역시,수영구,29,31
202205,부산광역시,수영구,30,37
202205,부산광역시,수영구,31,37
202205,부산광역시,수영구,32,35
202205,부산광역시,수영구,33,35
202205,부산광역시,수영구,34,31
202205,부산광역시,수영구,35,34
202205,부산광역시,수영구,36,32
202205,부산광역시,수영구,37,55
202205,부산광역시,수영구,38,56
202205,부산광역시,수영구,39,60
202205,부산광역시,수영구,40,57
202205,부산광역시,수영구,41,67
202205,부산광역시,수영구,42,79
202205,부산광역시,수영구,43,73
202205,부산광역시,수영구,44,79
202205,부산광역시,수영구,45,91
202205,부산광역시,수영구,46,94
202205,부산광역시,수영구,47,103
202205,부산광역시,수영구,48,135
202205,부산광역시,수영구,49,139
202205,부산광역시,수영구,50,154
202205,부산광역시,수영구,51,154
202205,부산광역시,수영구,52,158
202205,부산광역시,수영구,53,147
202205,부산광역시,수영구,54,136
202205,부산광역시,수영구,55,161
202205,부산광역시,수영구,56,166
202205,부산광역시,수영구,57,158
202205,부산광역시,수영구,58,147
202205,부산광역시,수영구,59,148
202205,부산광역시,수영구,60,163
202205,부산광역시,수영구,61,194
202205,부산광역시,수영구,62,177
202205,부산광역시,수영구,63,185
202205,부산광역시,수영구,64,181
202205,부산광역시,수영구,65,234
202205,부산광역시,수영구,66,225
202205,부산광역시,수영구,67,229
202205,부산광역시,수영구,68,172
202205,부산광역시,수영구,69,178
202205,부산광역시,수영구,70,171
202205,부산광역시,수영구,71,139
202205,부산광역시,수영구,72,179
202205,부산광역시,수영구,73,163
202205,부산광역시,수영구,74,178
202205,부산광역시,수영구,75,156
202205,부산광역시,수영구,76,102
202205,부산광역시,수영구,77,135
202205,부산광역시,수영구,78,149
202205,부산광역시,수영구,79,163
202205,부산광역시,수영구,80,138
202205,부산광역시,수영구,81,145
202205,부산광역시,수영구,82,137
202205,부산광역시,수영구,83,109
202205,부산광역시,수영구,84,125
202205,부산광역시,수영구,85,104
202205,부산광역시,수영구,86,73
202205,부산광역시,수영구,87,87
202205,부산광역시,수영구,88,55
202205,부산광역시,수영구,89,44
202205,부산광역시,수영구,90,44
202205,부산광역시,수영구,91,39
202205,부산광역시,수영구,92,17
202205,부산광역시,수영구,93,22
202205,부산광역시,수영구,94,17
202205,부산광역시,수영구,95,9
202205,부산광역시,수영구,96,8
202205,부산광역시,수영구,97,4
202205,부산광역시,수영구,98,6
202205,부산광역시,수영구,99,1
202205,부산광역시,수영구,100,1
202205,부산광역시,수영구,101,2
202205,부산광역시,수영구,105,1
202205,부산광역시,사상구,0,9
202205,부산광역시,사상구,1,18
202205,부산광역시,사상구,2,21
202205,부산광역시,사상구,3,21
202205,부산광역시,사상구,4,39
202205,부산광역시,사상구,5,40
202205,부산광역시,사상구,6,72
202205,부산광역시,사상구,7,78
202205,부산광역시,사상구,8,71
202205,부산광역시,사상구,9,104
202205,부산광역시,사상구,10,117
202205,부산광역시,사상구,11,117
202205,부산광역시,사상구,12,90
202205,부산광역시,사상구,13,131
202205,부산광역시,사상구,14,126
202205,부산광역시,사상구,15,138
202205,부산광역시,사상구,16,151
202205,부산광역시,사상구,17,176
202205,부산광역시,사상구,18,165
202205,부산광역시,사상구,19,133
202205,부산광역시,사상구,20,109
202205,부산광역시,사상구,21,116
202205,부산광역시,사상구,22,91
202205,부산광역시,사상구,23,98
202205,부산광역시,사상구,24,79
202205,부산광역시,사상구,25,63
202205,부산광역시,사상구,26,51
202205,부산광역시,사상구,27,56
202205,부산광역시,사상구,28,50
202205,부산광역시,사상구,29,35
202205,부산광역시,사상구,30,46
202205,부산광역시,사상구,31,43
202205,부산광역시,사상구,32,51
202205,부산광역시,사상구,33,43
202205,부산광역시,사상구,34,44
202205,부산광역시,사상구,35,52
202205,부산광역시,사상구,36,73
202205,부산광역시,사상구,37,51
202205,부산광역시,사상구,38,76
202205,부산광역시,사상구,39,78
202205,부산광역시,사상구,40,105
202205,부산광역시,사상구,41,116
202205,부산광역시,사상구,42,129
202205,부산광역시,사상구,43,112
202205,부산광역시,사상구,44,128
202205,부산광역시,사상구,45,128
202205,부산광역시,사상구,46,150
202205,부산광역시,사상구,47,171
202205,부산광역시,사상구,48,182
202205,부산광역시,사상구,49,205
202205,부산광역시,사상구,50,207
202205,부산광역시,사상구,51,247
202205,부산광역시,사상구,52,241
202205,부산광역시,사상구,53,312
202205,부산광역시,사상구,54,279
202205,부산광역시,사상구,55,310
202205,부산광역시,사상구,56,308
202205,부산광역시,사상구,57,269
202205,부산광역시,사상구,58,285
202205,부산광역시,사상구,59,343
202205,부산광역시,사상구,60,322
202205,부산광역시,사상구,61,425
202205,부산광역시,사상구,62,407
202205,부산광역시,사상구,63,394
202205,부산광역시,사상구,64,354
202205,부산광역시,사상구,65,349
202205,부산광역시,사상구,66,352
202205,부산광역시,사상구,67,388
202205,부산광역시,사상구,68,298
202205,부산광역시,사상구,69,291
202205,부산광역시,사상구,70,319
202205,부산광역시,사상구,71,277
202205,부산광역시,사상구,72,278
202205,부산광역시,사상구,73,308
202205,부산광역시,사상구,74,297
202205,부산광역시,사상구,75,280
202205,부산광역시,사상구,76,180
202205,부산광역시,사상구,77,213
202205,부산광역시,사상구,78,221
202205,부산광역시,사상구,79,271
202205,부산광역시,사상구,80,244
202205,부산광역시,사상구,81,218
202205,부산광역시,사상구,82,215
202205,부산광역시,사상구,83,190
202205,부산광역시,사상구,84,170
202205,부산광역시,사상구,85,149
202205,부산광역시,사상구,86,133
202205,부산광역시,사상구,87,107
202205,부산광역시,사상구,88,83
202205,부산광역시,사상구,89,64
202205,부산광역시,사상구,90,52
202205,부산광역시,사상구,91,25
202205,부산광역시,사상구,92,23
202205,부산광역시,사상구,93,21
202205,부산광역시,사상구,94,16
202205,부산광역시,사상구,95,15
202205,부산광역시,사상구,96,8
202205,부산광역시,사상구,97,6
202205,부산광역시,사상구,98,3
202205,부산광역시,사상구,99,4
202205,부산광역시,사상구,100,1
202205,부산광역시,사상구,101,2
202205,부산광역시,기장군,0,22
202205,부산광역시,기장군,1,27
202205,부산광역시,기장군,2,36
202205,부산광역시,기장군,3,35
202205,부산광역시,기장군,4,38
202205,부산광역시,기장군,5,61
202205,부산광역시,기장군,6,98
202205,부산광역시,기장군,7,112
202205,부산광역시,기장군,8,138
202205,부산광역시,기장군,9,144
202205,부산광역시,기장군,10,135
202205,부산광역시,기장군,11,176
202205,부산광역시,기장군,12,135
202205,부산광역시,기장군,13,146
202205,부산광역시,기장군,14,146
202205,부산광역시,기장군,15,173
202205,부산광역시,기장군,16,139
202205,부산광역시,기장군,17,130
202205,부산광역시,기장군,18,142
202205,부산광역시,기장군,19,117
202205,부산광역시,기장군,20,89
202205,부산광역시,기장군,21,97
202205,부산광역시,기장군,22,74
202205,부산광역시,기장군,23,77
202205,부산광역시,기장군,24,63
202205,부산광역시,기장군,25,52
202205,부산광역시,기장군,26,37
202205,부산광역시,기장군,27,44
202205,부산광역시,기장군,28,26
202205,부산광역시,기장군,29,25
202205,부산광역시,기장군,30,28
202205,부산광역시,기장군,31,46
202205,부산광역시,기장군,32,32
202205,부산광역시,기장군,33,39
202205,부산광역시,기장군,34,37
202205,부산광역시,기장군,35,50
202205,부산광역시,기장군,36,56
202205,부산광역시,기장군,37,58
202205,부산광역시,기장군,38,55
202205,부산광역시,기장군,39,85
202205,부산광역시,기장군,40,97
202205,부산광역시,기장군,41,105
202205,부산광역시,기장군,42,136
202205,부산광역시,기장군,43,116
202205,부산광역시,기장군,44,115
202205,부산광역시,기장군,45,124
202205,부산광역시,기장군,46,134
202205,부산광역시,기장군,47,135
202205,부산광역시,기장군,48,151
202205,부산광역시,기장군,49,150
202205,부산광역시,기장군,50,147
202205,부산광역시,기장군,51,178
202205,부산광역시,기장군,52,138
202205,부산광역시,기장군,53,149
202205,부산광역시,기장군,54,140
202205,부산광역시,기장군,55,125
202205,부산광역시,기장군,56,110
202205,부산광역시,기장군,57,125
202205,부산광역시,기장군,58,133
202205,부산광역시,기장군,59,154
202205,부산광역시,기장군,60,140
202205,부산광역시,기장군,61,168
202205,부산광역시,기장군,62,163
202205,부산광역시,기장군,63,154
202205,부산광역시,기장군,64,186
202205,부산광역시,기장군,65,194
202205,부산광역시,기장군,66,197
202205,부산광역시,기장군,67,209
202205,부산광역시,기장군,68,207
202205,부산광역시,기장군,69,209
202205,부산광역시,기장군,70,225
202205,부산광역시,기장군,71,206
202205,부산광역시,기장군,72,218
202205,부산광역시,기장군,73,201
202205,부산광역시,기장군,74,222
202205,부산광역시,기장군,75,220
202205,부산광역시,기장군,76,143
202205,부산광역시,기장군,77,209
202205,부산광역시,기장군,78,186
202205,부산광역시,기장군,79,233
202205,부산광역시,기장군,80,162
202205,부산광역시,기장군,81,189
202205,부산광역시,기장군,82,165
202205,부산광역시,기장군,83,150
202205,부산광역시,기장군,84,122
202205,부산광역시,기장군,85,110
202205,부산광역시,기장군,86,90
202205,부산광역시,기장군,87,84
202205,부산광역시,기장군,88,67
202205,부산광역시,기장군,89,60
202205,부산광역시,기장군,90,53
202205,부산광역시,기장군,91,27
202205,부산광역시,기장군,92,21
202205,부산광역시,기장군,93,21
202205,부산광역시,기장군,94,13
202205,부산광역시,기장군,95,8
202205,부산광역시,기장군,96,8
202205,부산광역시,기장군,97,4
202205,부산광역시,기장군,98,5
202205,부산광역시,기장군,99,4
202205,부산광역시,기장군,102,1
202205,부산광역시,기장군,103,1
202205,대구광역시,중구,0,3
202205,대구광역시,중구,1,1
202205,대구광역시,중구,2,3
202205,대구광역시,중구,3,8
202205,대구광역시,중구,4,5
202205,대구광역시,중구,5,8
202205,대구광역시,중구,6,15
202205,대구광역시,중구,7,22
202205,대구광역시,중구,8,21
202205,대구광역시,중구,9,26
202205,대구광역시,중구,10,24
202205,대구광역시,중구,11,27
202205,대구광역시,중구,12,31
202205,대구광역시,중구,13,32
202205,대구광역시,중구,14,34
202205,대구광역시,중구,15,38
202205,대구광역시,중구,16,36
202205,대구광역시,중구,17,33
202205,대구광역시,중구,18,41
202205,대구광역시,중구,19,44
202205,대구광역시,중구,20,45
202205,대구광역시,중구,21,34
202205,대구광역시,중구,22,52
202205,대구광역시,중구,23,48
202205,대구광역시,중구,24,24
202205,대구광역시,중구,25,30
202205,대구광역시,중구,26,20
202205,대구광역시,중구,27,15
202205,대구광역시,중구,28,19
202205,대구광역시,중구,29,15
202205,대구광역시,중구,30,18
202205,대구광역시,중구,31,20
202205,대구광역시,중구,32,19
202205,대구광역시,중구,33,13
202205,대구광역시,중구,34,11
202205,대구광역시,중구,35,14
202205,대구광역시,중구,36,19
202205,대구광역시,중구,37,25
202205,대구광역시,중구,38,23
202205,대구광역시,중구,39,16
202205,대구광역시,중구,40,30
202205,대구광역시,중구,41,32
202205,대구광역시,중구,42,38
202205,대구광역시,중구,43,31
202205,대구광역시,중구,44,24
202205,대구광역시,중구,45,44
202205,대구광역시,중구,46,42
202205,대구광역시,중구,47,40
202205,대구광역시,중구,48,64
202205,대구광역시,중구,49,50
202205,대구광역시,중구,50,74
202205,대구광역시,중구,51,61
202205,대구광역시,중구,52,56
202205,대구광역시,중구,53,65
202205,대구광역시,중구,54,70
202205,대구광역시,중구,55,64
202205,대구광역시,중구,56,63
202205,대구광역시,중구,57,63
202205,대구광역시,중구,58,81
202205,대구광역시,중구,59,80
202205,대구광역시,중구,60,80
202205,대구광역시,중구,61,76
202205,대구광역시,중구,62,96
202205,대구광역시,중구,63,105
202205,대구광역시,중구,64,76
202205,대구광역시,중구,65,108
202205,대구광역시,중구,66,99
202205,대구광역시,중구,67,103
202205,대구광역시,중구,68,73
202205,대구광역시,중구,69,100
202205,대구광역시,중구,70,79
202205,대구광역시,중구,71,70
202205,대구광역시,중구,72,83
202205,대구광역시,중구,73,89
202205,대구광역시,중구,74,86
202205,대구광역시,중구,75,85
202205,대구광역시,중구,76,66
202205,대구광역시,중구,77,67
202205,대구광역시,중구,78,85
202205,대구광역시,중구,79,101
202205,대구광역시,중구,80,69
202205,대구광역시,중구,81,70
202205,대구광역시,중구,82,87
202205,대구광역시,중구,83,78
202205,대구광역시,중구,84,53
202205,대구광역시,중구,85,56
202205,대구광역시,중구,86,55
202205,대구광역시,중구,87,46
202205,대구광역시,중구,88,34
202205,대구광역시,중구,89,28
202205,대구광역시,중구,90,28
202205,대구광역시,중구,91,23
202205,대구광역시,중구,92,14
202205,대구광역시,중구,93,9
202205,대구광역시,중구,94,12
202205,대구광역시,중구,95,5
202205,대구광역시,중구,96,3
202205,대구광역시,중구,97,3
202205,대구광역시,중구,98,3
202205,대구광역시,중구,100,1
202205,대구광역시,중구,101,3
202205,대구광역시,동구,0,18
202205,대구광역시,동구,1,23
202205,대구광역시,동구,2,33
202205,대구광역시,동구,3,48
202205,대구광역시,동구,4,53
202205,대구광역시,동구,5,70
202205,대구광역시,동구,6,80
202205,대구광역시,동구,7,123
202205,대구광역시,동구,8,142
202205,대구광역시,동구,9,147
202205,대구광역시,동구,10,172
202205,대구광역시,동구,11,178
202205,대구광역시,동구,12,197
202205,대구광역시,동구,13,165
202205,대구광역시,동구,14,234
202205,대구광역시,동구,15,200
202205,대구광역시,동구,16,190
202205,대구광역시,동구,17,248
202205,대구광역시,동구,18,216
202205,대구광역시,동구,19,175
202205,대구광역시,동구,20,168
202205,대구광역시,동구,21,176
202205,대구광역시,동구,22,173
202205,대구광역시,동구,23,137
202205,대구광역시,동구,24,139
202205,대구광역시,동구,25,107
202205,대구광역시,동구,26,96
202205,대구광역시,동구,27,73
202205,대구광역시,동구,28,72
202205,대구광역시,동구,29,61
202205,대구광역시,동구,30,69
202205,대구광역시,동구,31,83
202205,대구광역시,동구,32,63
202205,대구광역시,동구,33,71
202205,대구광역시,동구,34,64
202205,대구광역시,동구,35,60
202205,대구광역시,동구,36,80
202205,대구광역시,동구,37,92
202205,대구광역시,동구,38,95
202205,대구광역시,동구,39,131
202205,대구광역시,동구,40,129
202205,대구광역시,동구,41,162
202205,대구광역시,동구,42,149
202205,대구광역시,동구,43,181
202205,대구광역시,동구,44,154
202205,대구광역시,동구,45,180
202205,대구광역시,동구,46,199
202205,대구광역시,동구,47,247
202205,대구광역시,동구,48,238
202205,대구광역시,동구,49,293
202205,대구광역시,동구,50,298
202205,대구광역시,동구,51,298
202205,대구광역시,동구,52,328
202205,대구광역시,동구,53,375
202205,대구광역시,동구,54,350
202205,대구광역시,동구,55,327
202205,대구광역시,동구,56,366
202205,대구광역시,동구,57,376
202205,대구광역시,동구,58,341
202205,대구광역시,동구,59,399
202205,대구광역시,동구,60,389
202205,대구광역시,동구,61,481
202205,대구광역시,동구,62,466
202205,대구광역시,동구,63,432
202205,대구광역시,동구,64,395
202205,대구광역시,동구,65,428
202205,대구광역시,동구,66,493
202205,대구광역시,동구,67,478
202205,대구광역시,동구,68,380
202205,대구광역시,동구,69,417
202205,대구광역시,동구,70,453
202205,대구광역시,동구,71,334
202205,대구광역시,동구,72,354
202205,대구광역시,동구,73,358
202205,대구광역시,동구,74,363
202205,대구광역시,동구,75,344
202205,대구광역시,동구,76,231
202205,대구광역시,동구,77,301
202205,대구광역시,동구,78,350
202205,대구광역시,동구,79,350
202205,대구광역시,동구,80,383
202205,대구광역시,동구,81,338
202205,대구광역시,동구,82,324
202205,대구광역시,동구,83,290
202205,대구광역시,동구,84,293
202205,대구광역시,동구,85,271
202205,대구광역시,동구,86,221
202205,대구광역시,동구,87,202
202205,대구광역시,동구,88,146
202205,대구광역시,동구,89,147
202205,대구광역시,동구,90,106
202205,대구광역시,동구,91,61
202205,대구광역시,동구,92,50
202205,대구광역시,동구,93,28
202205,대구광역시,동구,94,39
202205,대구광역시,동구,95,25
202205,대구광역시,동구,96,16
202205,대구광역시,동구,97,10
202205,대구광역시,동구,98,13
202205,대구광역시,동구,99,4
202205,대구광역시,동구,100,4
202205,대구광역시,동구,101,1
202205,대구광역시,동구,102,3
202205,대구광역시,동구,104,2
202205,대구광역시,서구,0,11
202205,대구광역시,서구,1,30
202205,대구광역시,서구,2,26
202205,대구광역시,서구,3,51
202205,대구광역시,서구,4,40
202205,대구광역시,서구,5,50
202205,대구광역시,서구,6,74
202205,대구광역시,서구,7,89
202205,대구광역시,서구,8,104
202205,대구광역시,서구,9,143
202205,대구광역시,서구,10,135
202205,대구광역시,서구,11,145
202205,대구광역시,서구,12,136
202205,대구광역시,서구,13,150
202205,대구광역시,서구,14,150
202205,대구광역시,서구,15,138
202205,대구광역시,서구,16,171
202205,대구광역시,서구,17,169
202205,대구광역시,서구,18,177
202205,대구광역시,서구,19,148
202205,대구광역시,서구,20,138
202205,대구광역시,서구,21,131
202205,대구광역시,서구,22,149
202205,대구광역시,서구,23,100
202205,대구광역시,서구,24,103
202205,대구광역시,서구,25,95
202205,대구광역시,서구,26,56
202205,대구광역시,서구,27,62
202205,대구광역시,서구,28,48
202205,대구광역시,서구,29,56
202205,대구광역시,서구,30,46
202205,대구광역시,서구,31,46
202205,대구광역시,서구,32,49
202205,대구광역시,서구,33,57
202205,대구광역시,서구,34,46
202205,대구광역시,서구,35,75
202205,대구광역시,서구,36,57
202205,대구광역시,서구,37,71
202205,대구광역시,서구,38,82
202205,대구광역시,서구,39,110
202205,대구광역시,서구,40,96
202205,대구광역시,서구,41,115
202205,대구광역시,서구,42,123
202205,대구광역시,서구,43,120
202205,대구광역시,서구,44,139
202205,대구광역시,서구,45,153
202205,대구광역시,서구,46,163
202205,대구광역시,서구,47,211
202205,대구광역시,서구,48,227
202205,대구광역시,서구,49,196
202205,대구광역시,서구,50,243
202205,대구광역시,서구,51,272
202205,대구광역시,서구,52,272
202205,대구광역시,서구,53,287
202205,대구광역시,서구,54,312
202205,대구광역시,서구,55,298
202205,대구광역시,서구,56,332
202205,대구광역시,서구,57,320
202205,대구광역시,서구,58,305
202205,대구광역시,서구,59,372
202205,대구광역시,서구,60,362
202205,대구광역시,서구,61,373
202205,대구광역시,서구,62,369
202205,대구광역시,서구,63,369
202205,대구광역시,서구,64,311
202205,대구광역시,서구,65,318
202205,대구광역시,서구,66,333
202205,대구광역시,서구,67,355
202205,대구광역시,서구,68,251
202205,대구광역시,서구,69,301
202205,대구광역시,서구,70,258
202205,대구광역시,서구,71,213
202205,대구광역시,서구,72,243
202205,대구광역시,서구,73,231
202205,대구광역시,서구,74,222
202205,대구광역시,서구,75,220
202205,대구광역시,서구,76,160
202205,대구광역시,서구,77,205
202205,대구광역시,서구,78,240
202205,대구광역시,서구,79,262
202205,대구광역시,서구,80,263
202205,대구광역시,서구,81,223
202205,대구광역시,서구,82,215
202205,대구광역시,서구,83,232
202205,대구광역시,서구,84,183
202205,대구광역시,서구,85,158
202205,대구광역시,서구,86,154
202205,대구광역시,서구,87,118
202205,대구광역시,서구,88,99
202205,대구광역시,서구,89,80
202205,대구광역시,서구,90,62
202205,대구광역시,서구,91,39
202205,대구광역시,서구,92,29
202205,대구광역시,서구,93,30
202205,대구광역시,서구,94,15
202205,대구광역시,서구,95,15
202205,대구광역시,서구,96,5
202205,대구광역시,서구,97,5
202205,대구광역시,서구,98,5
202205,대구광역시,서구,99,2
202205,대구광역시,서구,101,1
202205,대구광역시,서구,104,1
202205,대구광역시,서구,105,1
202205,대구광역시,서구,108,1
202205,대구광역시,남구,0,15
202205,대구광역시,남구,1,23
202205,대구광역시,남구,2,20
202205,대구광역시,남구,3,44
202205,대구광역시,남구,4,42
202205,대구광역시,남구,5,58
202205,대구광역시,남구,6,76
202205,대구광역시,남구,7,64
202205,대구광역시,남구,8,91
202205,대구광역시,남구,9,114
202205,대구광역시,남구,10,118
202205,대구광역시,남구,11,120
202205,대구광역시,남구,12,113
202205,대구광역시,남구,13,142
202205,대구광역시,남구,14,156
202205,대구광역시,남구,15,159
202205,대구광역시,남구,16,157
202205,대구광역시,남구,17,171
202205,대구광역시,남구,18,180
202205,대구광역시,남구,19,134
202205,대구광역시,남구,20,118
202205,대구광역시,남구,21,133
202205,대구광역시,남구,22,136
202205,대구광역시,남구,23,124
202205,대구광역시,남구,24,124
202205,대구광역시,남구,25,97
202205,대구광역시,남구,26,107
202205,대구광역시,남구,27,71
202205,대구광역시,남구,28,56
202205,대구광역시,남구,29,63
202205,대구광역시,남구,30,54
202205,대구광역시,남구,31,49
202205,대구광역시,남구,32,64
202205,대구광역시,남구,33,68
202205,대구광역시,남구,34,58
202205,대구광역시,남구,35,60
202205,대구광역시,남구,36,81
202205,대구광역시,남구,37,80
202205,대구광역시,남구,38,103
202205,대구광역시,남구,39,97
202205,대구광역시,남구,40,125
202205,대구광역시,남구,41,138
202205,대구광역시,남구,42,147
202205,대구광역시,남구,43,137
202205,대구광역시,남구,44,133
202205,대구광역시,남구,45,146
202205,대구광역시,남구,46,158
202205,대구광역시,남구,47,186
202205,대구광역시,남구,48,196
202205,대구광역시,남구,49,225
202205,대구광역시,남구,50,268
202205,대구광역시,남구,51,241
202205,대구광역시,남구,52,248
202205,대구광역시,남구,53,273
202205,대구광역시,남구,54,261
202205,대구광역시,남구,55,228
202205,대구광역시,남구,56,276
202205,대구광역시,남구,57,232
202205,대구광역시,남구,58,249
202205,대구광역시,남구,59,319
202205,대구광역시,남구,60,292
202205,대구광역시,남구,61,359
202205,대구광역시,남구,62,312
202205,대구광역시,남구,63,294
202205,대구광역시,남구,64,309
202205,대구광역시,남구,65,317
202205,대구광역시,남구,66,332
202205,대구광역시,남구,67,327
202205,대구광역시,남구,68,271
202205,대구광역시,남구,69,292
202205,대구광역시,남구,70,288
202205,대구광역시,남구,71,202
202205,대구광역시,남구,72,250
202205,대구광역시,남구,73,259
202205,대구광역시,남구,74,238
202205,대구광역시,남구,75,271
202205,대구광역시,남구,76,141
202205,대구광역시,남구,77,181
202205,대구광역시,남구,78,205
202205,대구광역시,남구,79,239
202205,대구광역시,남구,80,251
202205,대구광역시,남구,81,185
202205,대구광역시,남구,82,188
202205,대구광역시,남구,83,186
202205,대구광역시,남구,84,151
202205,대구광역시,남구,85,137
202205,대구광역시,남구,86,126
202205,대구광역시,남구,87,115
202205,대구광역시,남구,88,91
202205,대구광역시,남구,89,84
202205,대구광역시,남구,90,62
202205,대구광역시,남구,91,54
202205,대구광역시,남구,92,28
202205,대구광역시,남구,93,27
202205,대구광역시,남구,94,19
202205,대구광역시,남구,95,13
202205,대구광역시,남구,96,6
202205,대구광역시,남구,97,6
202205,대구광역시,남구,98,2
202205,대구광역시,남구,99,4
202205,대구광역시,남구,100,5
202205,대구광역시,남구,101,1
202205,대구광역시,남구,105,1
202205,대구광역시,북구,0,16
202205,대구광역시,북구,1,26
202205,대구광역시,북구,2,62
202205,대구광역시,북구,3,68
202205,대구광역시,북구,4,71
202205,대구광역시,북구,5,59
202205,대구광역시,북구,6,102
202205,대구광역시,북구,7,126
202205,대구광역시,북구,8,158
202205,대구광역시,북구,9,184
202205,대구광역시,북구,10,223
202205,대구광역시,북구,11,209
202205,대구광역시,북구,12,206
202205,대구광역시,북구,13,230
202205,대구광역시,북구,14,277
202205,대구광역시,북구,15,294
202205,대구광역시,북구,16,284
202205,대구광역시,북구,17,300
202205,대구광역시,북구,18,297
202205,대구광역시,북구,19,211
202205,대구광역시,북구,20,247
202205,대구광역시,북구,21,225
202205,대구광역시,북구,22,175
202205,대구광역시,북구,23,185
202205,대구광역시,북구,24,121
202205,대구광역시,북구,25,112
202205,대구광역시,북구,26,85
202205,대구광역시,북구,27,73
202205,대구광역시,북구,28,55
202205,대구광역시,북구,29,45
202205,대구광역시,북구,30,64
202205,대구광역시,북구,31,80
202205,대구광역시,북구,32,72
202205,대구광역시,북구,33,69
202205,대구광역시,북구,34,80
202205,대구광역시,북구,35,93
202205,대구광역시,북구,36,82
202205,대구광역시,북구,37,87
202205,대구광역시,북구,38,106
202205,대구광역시,북구,39,136
202205,대구광역시,북구,40,176
202205,대구광역시,북구,41,195
202205,대구광역시,북구,42,193
202205,대구광역시,북구,43,197
202205,대구광역시,북구,44,221
202205,대구광역시,북구,45,212
202205,대구광역시,북구,46,256
202205,대구광역시,북구,47,265
202205,대구광역시,북구,48,306
202205,대구광역시,북구,49,291
202205,대구광역시,북구,50,298
202205,대구광역시,북구,51,327
202205,대구광역시,북구,52,346
202205,대구광역시,북구,53,331
202205,대구광역시,북구,54,357
202205,대구광역시,북구,55,350
202205,대구광역시,북구,56,309
202205,대구광역시,북구,57,341
202205,대구광역시,북구,58,330
202205,대구광역시,북구,59,383
202205,대구광역시,북구,60,393
202205,대구광역시,북구,61,397
202205,대구광역시,북구,62,387
202205,대구광역시,북구,63,365
202205,대구광역시,북구,64,341
202205,대구광역시,북구,65,372
202205,대구광역시,북구,66,354
202205,대구광역시,북구,67,348
202205,대구광역시,북구,68,304
202205,대구광역시,북구,69,315
202205,대구광역시,북구,70,302
202205,대구광역시,북구,71,291
202205,대구광역시,북구,72,280
202205,대구광역시,북구,73,333
202205,대구광역시,북구,74,323
202205,대구광역시,북구,75,299
202205,대구광역시,북구,76,171
202205,대구광역시,북구,77,259
202205,대구광역시,북구,78,287
202205,대구광역시,북구,79,377
202205,대구광역시,북구,80,333
202205,대구광역시,북구,81,313
202205,대구광역시,북구,82,310
202205,대구광역시,북구,83,256
202205,대구광역시,북구,84,238
202205,대구광역시,북구,85,228
202205,대구광역시,북구,86,166
202205,대구광역시,북구,87,174
202205,대구광역시,북구,88,129
202205,대구광역시,북구,89,105
202205,대구광역시,북구,90,91
202205,대구광역시,북구,91,68
202205,대구광역시,북구,92,62
202205,대구광역시,북구,93,31
202205,대구광역시,북구,94,29
202205,대구광역시,북구,95,23
202205,대구광역시,북구,96,12
202205,대구광역시,북구,97,14
202205,대구광역시,북구,98,3
202205,대구광역시,북구,99,8
202205,대구광역시,북구,100,3
202205,대구광역시,북구,101,4
202205,대구광역시,북구,104,2
202205,대구광역시,수성구,0,10
202205,대구광역시,수성구,1,12
202205,대구광역시,수성구,2,24
202205,대구광역시,수성구,3,34
202205,대구광역시,수성구,4,44
202205,대구광역시,수성구,5,63
202205,대구광역시,수성구,6,83
202205,대구광역시,수성구,7,111
202205,대구광역시,수성구,8,149
202205,대구광역시,수성구,9,159
202205,대구광역시,수성구,10,160
202205,대구광역시,수성구,11,205
202205,대구광역시,수성구,12,199
202205,대구광역시,수성구,13,190
202205,대구광역시,수성구,14,246
202205,대구광역시,수성구,15,243
202205,대구광역시,수성구,16,224
202205,대구광역시,수성구,17,268
202205,대구광역시,수성구,18,276
202205,대구광역시,수성구,19,222
202205,대구광역시,수성구,20,238
202205,대구광역시,수성구,21,237
202205,대구광역시,수성구,22,261
202205,대구광역시,수성구,23,254
202205,대구광역시,수성구,24,184
202205,대구광역시,수성구,25,176
202205,대구광역시,수성구,26,125
202205,대구광역시,수성구,27,97
202205,대구광역시,수성구,28,98
202205,대구광역시,수성구,29,67
202205,대구광역시,수성구,30,73
202205,대구광역시,수성구,31,75
202205,대구광역시,수성구,32,62
202205,대구광역시,수성구,33,82
202205,대구광역시,수성구,34,71
202205,대구광역시,수성구,35,77
202205,대구광역시,수성구,36,89
202205,대구광역시,수성구,37,93
202205,대구광역시,수성구,38,116
202205,대구광역시,수성구,39,130
202205,대구광역시,수성구,40,130
202205,대구광역시,수성구,41,145
202205,대구광역시,수성구,42,144
202205,대구광역시,수성구,43,165
202205,대구광역시,수성구,44,181
202205,대구광역시,수성구,45,168
202205,대구광역시,수성구,46,224
202205,대구광역시,수성구,47,251
202205,대구광역시,수성구,48,271
202205,대구광역시,수성구,49,307
202205,대구광역시,수성구,50,331
202205,대구광역시,수성구,51,366
202205,대구광역시,수성구,52,385
202205,대구광역시,수성구,53,423
202205,대구광역시,수성구,54,375
202205,대구광역시,수성구,55,346
202205,대구광역시,수성구,56,362
202205,대구광역시,수성구,57,384
202205,대구광역시,수성구,58,344
202205,대구광역시,수성구,59,418
202205,대구광역시,수성구,60,398
202205,대구광역시,수성구,61,462
202205,대구광역시,수성구,62,406
202205,대구광역시,수성구,63,365
202205,대구광역시,수성구,64,384
202205,대구광역시,수성구,65,416
202205,대구광역시,수성구,66,397
202205,대구광역시,수성구,67,440
202205,대구광역시,수성구,68,349
202205,대구광역시,수성구,69,414
202205,대구광역시,수성구,70,359
202205,대구광역시,수성구,71,305
202205,대구광역시,수성구,72,296
202205,대구광역시,수성구,73,294
202205,대구광역시,수성구,74,321
202205,대구광역시,수성구,75,284
202205,대구광역시,수성구,76,166
202205,대구광역시,수성구,77,236
202205,대구광역시,수성구,78,294
202205,대구광역시,수성구,79,341
202205,대구광역시,수성구,80,333
202205,대구광역시,수성구,81,277
202205,대구광역시,수성구,82,250
202205,대구광역시,수성구,83,246
202205,대구광역시,수성구,84,214
202205,대구광역시,수성구,85,210
202205,대구광역시,수성구,86,177
202205,대구광역시,수성구,87,180
202205,대구광역시,수성구,88,137
202205,대구광역시,수성구,89,94
202205,대구광역시,수성구,90,95
202205,대구광역시,수성구,91,66
202205,대구광역시,수성구,92,44
202205,대구광역시,수성구,93,48
202205,대구광역시,수성구,94,28
202205,대구광역시,수성구,95,18
202205,대구광역시,수성구,96,10
202205,대구광역시,수성구,97,8
202205,대구광역시,수성구,98,4
202205,대구광역시,수성구,99,4
202205,대구광역시,수성구,100,5
202205,대구광역시,수성구,101,2
202205,대구광역시,수성구,103,1
202205,대구광역시,수성구,105,1
202205,대구광역시,수성구,107,1
202205,대구광역시,달서구,0,25
202205,대구광역시,달서구,1,51
202205,대구광역시,달서구,2,51
202205,대구광역시,달서구,3,62
202205,대구광역시,달서구,4,109
202205,대구광역시,달서구,5,122
202205,대구광역시,달서구,6,162
202205,대구광역시,달서구,7,217
202205,대구광역시,달서구,8,212
202205,대구광역시,달서구,9,258
202205,대구광역시,달서구,10,286
202205,대구광역시,달서구,11,283
202205,대구광역시,달서구,12,290
202205,대구광역시,달서구,13,299
202205,대구광역시,달서구,14,340
202205,대구광역시,달서구,15,353
202205,대구광역시,달서구,16,364
202205,대구광역시,달서구,17,390
202205,대구광역시,달서구,18,389
202205,대구광역시,달서구,19,326
202205,대구광역시,달서구,20,285
202205,대구광역시,달서구,21,333
202205,대구광역시,달서구,22,356
202205,대구광역시,달서구,23,279
202205,대구광역시,달서구,24,251
202205,대구광역시,달서구,25,201
202205,대구광역시,달서구,26,142
202205,대구광역시,달서구,27,133
202205,대구광역시,달서구,28,113
202205,대구광역시,달서구,29,113
202205,대구광역시,달서구,30,135
202205,대구광역시,달서구,31,113
202205,대구광역시,달서구,32,128
202205,대구광역시,달서구,33,126
202205,대구광역시,달서구,34,133
202205,대구광역시,달서구,35,137
202205,대구광역시,달서구,36,152
202205,대구광역시,달서구,37,162
202205,대구광역시,달서구,38,190
202205,대구광역시,달서구,39,236
202205,대구광역시,달서구,40,299
202205,대구광역시,달서구,41,284
202205,대구광역시,달서구,42,280
202205,대구광역시,달서구,43,290
202205,대구광역시,달서구,44,340
202205,대구광역시,달서구,45,307
202205,대구광역시,달서구,46,353
202205,대구광역시,달서구,47,390
202205,대구광역시,달서구,48,527
202205,대구광역시,달서구,49,497
202205,대구광역시,달서구,50,512
202205,대구광역시,달서구,51,580
202205,대구광역시,달서구,52,579
202205,대구광역시,달서구,53,672
202205,대구광역시,달서구,54,632
202205,대구광역시,달서구,55,607
202205,대구광역시,달서구,56,580
202205,대구광역시,달서구,57,623
202205,대구광역시,달서구,58,550
202205,대구광역시,달서구,59,743
202205,대구광역시,달서구,60,691
202205,대구광역시,달서구,61,715
202205,대구광역시,달서구,62,741
202205,대구광역시,달서구,63,640
202205,대구광역시,달서구,64,606
202205,대구광역시,달서구,65,632
202205,대구광역시,달서구,66,618
202205,대구광역시,달서구,67,688
202205,대구광역시,달서구,68,508
202205,대구광역시,달서구,69,582
202205,대구광역시,달서구,70,585
202205,대구광역시,달서구,71,431
202205,대구광역시,달서구,72,456
202205,대구광역시,달서구,73,461
202205,대구광역시,달서구,74,487
202205,대구광역시,달서구,75,443
202205,대구광역시,달서구,76,301
202205,대구광역시,달서구,77,408
202205,대구광역시,달서구,78,417
202205,대구광역시,달서구,79,544
202205,대구광역시,달서구,80,492
202205,대구광역시,달서구,81,445
202205,대구광역시,달서구,82,389
202205,대구광역시,달서구,83,396
202205,대구광역시,달서구,84,338
202205,대구광역시,달서구,85,278
202205,대구광역시,달서구,86,309
202205,대구광역시,달서구,87,200
202205,대구광역시,달서구,88,193
202205,대구광역시,달서구,89,145
202205,대구광역시,달서구,90,113
202205,대구광역시,달서구,91,100
202205,대구광역시,달서구,92,74
202205,대구광역시,달서구,93,47
202205,대구광역시,달서구,94,40
202205,대구광역시,달서구,95,25
202205,대구광역시,달서구,96,16
202205,대구광역시,달서구,97,9
202205,대구광역시,달서구,98,10
202205,대구광역시,달서구,99,3
202205,대구광역시,달서구,100,4
202205,대구광역시,달서구,101,1
202205,대구광역시,달서구,102,2
202205,대구광역시,달서구,103,2
202205,대구광역시,달서구,104,1
202205,대구광역시,달서구,106,1
202205,대구광역시,달서구,112,1
202205,대구광역시,달성군,0,28
202205,대구광역시,달성군,1,39
202205,대구광역시,달성군,2,57
202205,대구광역시,달성군,3,51
202205,대구광역시,달성군,4,71
202205,대구광역시,달성군,5,91
202205,대구광역시,달성군,6,113
202205,대구광역시,달성군,7,141
202205,대구광역시,달성군,8,149
202205,대구광역시,달성군,9,157
202205,대구광역시,달성군,10,174
202205,대구광역시,달성군,11,158
202205,대구광역시,달성군,12,143
202205,대구광역시,달성군,13,168
202205,대구광역시,달성군,14,182
202205,대구광역시,달성군,15,155
202205,대구광역시,달성군,16,175
202205,대구광역시,달성군,17,179
202205,대구광역시,달성군,18,145
202205,대구광역시,달성군,19,124
202205,대구광역시,달성군,20,116
202205,대구광역시,달성군,21,110
202205,대구광역시,달성군,22,108
202205,대구광역시,달성군,23,98
202205,대구광역시,달성군,24,62
202205,대구광역시,달성군,25,80
202205,대구광역시,달성군,26,46
202205,대구광역시,달성군,27,36
202205,대구광역시,달성군,28,43
202205,대구광역시,달성군,29,42
202205,대구광역시,달성군,30,57
202205,대구광역시,달성군,31,43
202205,대구광역시,달성군,32,54
202205,대구광역시,달성군,33,56
202205,대구광역시,달성군,34,44
202205,대구광역시,달성군,35,53
202205,대구광역시,달성군,36,60
202205,대구광역시,달성군,37,72
202205,대구광역시,달성군,38,85
202205,대구광역시,달성군,39,109
202205,대구광역시,달성군,40,138
202205,대구광역시,달성군,41,145
202205,대구광역시,달성군,42,127
202205,대구광역시,달성군,43,128
202205,대구광역시,달성군,44,115
202205,대구광역시,달성군,45,110
202205,대구광역시,달성군,46,125
202205,대구광역시,달성군,47,129
202205,대구광역시,달성군,48,159
202205,대구광역시,달성군,49,177
202205,대구광역시,달성군,50,186
202205,대구광역시,달성군,51,172
202205,대구광역시,달성군,52,140
202205,대구광역시,달성군,53,190
202205,대구광역시,달성군,54,151
202205,대구광역시,달성군,55,171
202205,대구광역시,달성군,56,176
202205,대구광역시,달성군,57,154
202205,대구광역시,달성군,58,162
202205,대구광역시,달성군,59,179
202205,대구광역시,달성군,60,165
202205,대구광역시,달성군,61,201
202205,대구광역시,달성군,62,186
202205,대구광역시,달성군,63,173
202205,대구광역시,달성군,64,176
202205,대구광역시,달성군,65,197
202205,대구광역시,달성군,66,187
202205,대구광역시,달성군,67,199
202205,대구광역시,달성군,68,146
202205,대구광역시,달성군,69,176
202205,대구광역시,달성군,70,163
202205,대구광역시,달성군,71,134
202205,대구광역시,달성군,72,160
202205,대구광역시,달성군,73,154
202205,대구광역시,달성군,74,162
202205,대구광역시,달성군,75,180
202205,대구광역시,달성군,76,115
202205,대구광역시,달성군,77,120
202205,대구광역시,달성군,78,142
202205,대구광역시,달성군,79,175
202205,대구광역시,달성군,80,169
202205,대구광역시,달성군,81,159
202205,대구광역시,달성군,82,117
202205,대구광역시,달성군,83,133
202205,대구광역시,달성군,84,111
202205,대구광역시,달성군,85,106
202205,대구광역시,달성군,86,74
202205,대구광역시,달성군,87,88
202205,대구광역시,달성군,88,58
202205,대구광역시,달성군,89,47
202205,대구광역시,달성군,90,36
202205,대구광역시,달성군,91,30
202205,대구광역시,달성군,92,17
202205,대구광역시,달성군,93,10
202205,대구광역시,달성군,94,21
202205,대구광역시,달성군,95,6
202205,대구광역시,달성군,96,5
202205,대구광역시,달성군,97,3
202205,대구광역시,달성군,99,2
202205,대구광역시,달성군,101,1
202205,대구광역시,달성군,102,2
202205,인천광역시,중구,0,7
202205,인천광역시,중구,1,19
202205,인천광역시,중구,2,22
202205,인천광역시,중구,3,26
202205,인천광역시,중구,4,33
202205,인천광역시,중구,5,33
202205,인천광역시,중구,6,53
202205,인천광역시,중구,7,60
202205,인천광역시,중구,8,66
202205,인천광역시,중구,9,71
202205,인천광역시,중구,10,95
202205,인천광역시,중구,11,67
202205,인천광역시,중구,12,81
202205,인천광역시,중구,13,90
202205,인천광역시,중구,14,100
202205,인천광역시,중구,15,92
202205,인천광역시,중구,16,74
202205,인천광역시,중구,17,97
202205,인천광역시,중구,18,86
202205,인천광역시,중구,19,69
202205,인천광역시,중구,20,46
202205,인천광역시,중구,21,44
202205,인천광역시,중구,22,49
202205,인천광역시,중구,23,50
202205,인천광역시,중구,24,34
202205,인천광역시,중구,25,29
202205,인천광역시,중구,26,28
202205,인천광역시,중구,27,28
202205,인천광역시,중구,28,23
202205,인천광역시,중구,29,21
202205,인천광역시,중구,30,23
202205,인천광역시,중구,31,28
202205,인천광역시,중구,32,34
202205,인천광역시,중구,33,28
202205,인천광역시,중구,34,17
202205,인천광역시,중구,35,25
202205,인천광역시,중구,36,27
202205,인천광역시,중구,37,30
202205,인천광역시,중구,38,30
202205,인천광역시,중구,39,58
202205,인천광역시,중구,40,55
202205,인천광역시,중구,41,72
202205,인천광역시,중구,42,74
202205,인천광역시,중구,43,67
202205,인천광역시,중구,44,67
202205,인천광역시,중구,45,71
202205,인천광역시,중구,46,92
202205,인천광역시,중구,47,56
202205,인천광역시,중구,48,85
202205,인천광역시,중구,49,91
202205,인천광역시,중구,50,97
202205,인천광역시,중구,51,99
202205,인천광역시,중구,52,97
202205,인천광역시,중구,53,85
202205,인천광역시,중구,54,98
202205,인천광역시,중구,55,95
202205,인천광역시,중구,56,95
202205,인천광역시,중구,57,102
202205,인천광역시,중구,58,132
202205,인천광역시,중구,59,107
202205,인천광역시,중구,60,98
202205,인천광역시,중구,61,132
202205,인천광역시,중구,62,151
202205,인천광역시,중구,63,146
202205,인천광역시,중구,64,132
202205,인천광역시,중구,65,145
202205,인천광역시,중구,66,162
202205,인천광역시,중구,67,170
202205,인천광역시,중구,68,150
202205,인천광역시,중구,69,134
202205,인천광역시,중구,70,128
202205,인천광역시,중구,71,110
202205,인천광역시,중구,72,133
202205,인천광역시,중구,73,136
202205,인천광역시,중구,74,163
202205,인천광역시,중구,75,159
202205,인천광역시,중구,76,106
202205,인천광역시,중구,77,131
202205,인천광역시,중구,78,117
202205,인천광역시,중구,79,143
202205,인천광역시,중구,80,134
202205,인천광역시,중구,81,110
202205,인천광역시,중구,82,97
202205,인천광역시,중구,83,98
202205,인천광역시,중구,84,64
202205,인천광역시,중구,85,67
202205,인천광역시,중구,86,61
202205,인천광역시,중구,87,53
202205,인천광역시,중구,88,49
202205,인천광역시,중구,89,38
202205,인천광역시,중구,90,32
202205,인천광역시,중구,91,22
202205,인천광역시,중구,92,16
202205,인천광역시,중구,93,19
202205,인천광역시,중구,94,9
202205,인천광역시,중구,95,7
202205,인천광역시,중구,96,3
202205,인천광역시,중구,97,4
202205,인천광역시,중구,98,1
202205,인천광역시,중구,99,1
202205,인천광역시,중구,100,1
202205,인천광역시,중구,106,1
202205,인천광역시,동구,0,2
202205,인천광역시,동구,1,2
202205,인천광역시,동구,2,8
202205,인천광역시,동구,3,10
202205,인천광역시,동구,4,13
202205,인천광역시,동구,5,14
202205,인천광역시,동구,6,16
202205,인천광역시,동구,7,26
202205,인천광역시,동구,8,26
202205,인천광역시,동구,9,33
202205,인천광역시,동구,10,43
202205,인천광역시,동구,11,43
202205,인천광역시,동구,12,37
202205,인천광역시,동구,13,27
202205,인천광역시,동구,14,40
202205,인천광역시,동구,15,35
202205,인천광역시,동구,16,34
202205,인천광역시,동구,17,40
202205,인천광역시,동구,18,39
202205,인천광역시,동구,19,24
202205,인천광역시,동구,20,15
202205,인천광역시,동구,21,24
202205,인천광역시,동구,22,21
202205,인천광역시,동구,23,13
202205,인천광역시,동구,24,13
202205,인천광역시,동구,25,16
202205,인천광역시,동구,26,11
202205,인천광역시,동구,27,8
202205,인천광역시,동구,28,6
202205,인천광역시,동구,29,7
202205,인천광역시,동구,30,7
202205,인천광역시,동구,31,7
202205,인천광역시,동구,32,10
202205,인천광역시,동구,33,9
202205,인천광역시,동구,34,8
202205,인천광역시,동구,35,13
202205,인천광역시,동구,36,14
202205,인천광역시,동구,37,7
202205,인천광역시,동구,38,14
202205,인천광역시,동구,39,24
202205,인천광역시,동구,40,30
202205,인천광역시,동구,41,27
202205,인천광역시,동구,42,28
202205,인천광역시,동구,43,26
202205,인천광역시,동구,44,31
202205,인천광역시,동구,45,28
202205,인천광역시,동구,46,28
202205,인천광역시,동구,47,40
202205,인천광역시,동구,48,42
202205,인천광역시,동구,49,53
202205,인천광역시,동구,50,53
202205,인천광역시,동구,51,48
202205,인천광역시,동구,52,35
202205,인천광역시,동구,53,34
202205,인천광역시,동구,54,45
202205,인천광역시,동구,55,45
202205,인천광역시,동구,56,54
202205,인천광역시,동구,57,62
202205,인천광역시,동구,58,57
202205,인천광역시,동구,59,70
202205,인천광역시,동구,60,70
202205,인천광역시,동구,61,72
202205,인천광역시,동구,62,74
202205,인천광역시,동구,63,78
202205,인천광역시,동구,64,91
202205,인천광역시,동구,65,76
202205,인천광역시,동구,66,97
202205,인천광역시,동구,67,72
202205,인천광역시,동구,68,73
202205,인천광역시,동구,69,83
202205,인천광역시,동구,70,75
202205,인천광역시,동구,71,47
202205,인천광역시,동구,72,66
202205,인천광역시,동구,73,61
202205,인천광역시,동구,74,76
202205,인천광역시,동구,75,84
202205,인천광역시,동구,76,60
202205,인천광역시,동구,77,63
202205,인천광역시,동구,78,66
202205,인천광역시,동구,79,77
202205,인천광역시,동구,80,77
202205,인천광역시,동구,81,77
202205,인천광역시,동구,82,52
202205,인천광역시,동구,83,65
202205,인천광역시,동구,84,44
202205,인천광역시,동구,85,39
202205,인천광역시,동구,86,46
202205,인천광역시,동구,87,44
202205,인천광역시,동구,88,27
202205,인천광역시,동구,89,26
202205,인천광역시,동구,90,28
202205,인천광역시,동구,91,15
202205,인천광역시,동구,92,21
202205,인천광역시,동구,93,9
202205,인천광역시,동구,94,13
202205,인천광역시,동구,95,9
202205,인천광역시,동구,96,5
202205,인천광역시,동구,97,4
202205,인천광역시,동구,98,3
202205,인천광역시,동구,99,2
202205,인천광역시,동구,100,1
202205,인천광역시,미추홀구,0,35
202205,인천광역시,미추홀구,1,83
202205,인천광역시,미추홀구,2,109
202205,인천광역시,미추홀구,3,120
202205,인천광역시,미추홀구,4,143
202205,인천광역시,미추홀구,5,163
202205,인천광역시,미추홀구,6,198
202205,인천광역시,미추홀구,7,247
202205,인천광역시,미추홀구,8,260
202205,인천광역시,미추홀구,9,308
202205,인천광역시,미추홀구,10,307
202205,인천광역시,미추홀구,11,298
202205,인천광역시,미추홀구,12,296
202205,인천광역시,미추홀구,13,305
202205,인천광역시,미추홀구,14,341
202205,인천광역시,미추홀구,15,309
202205,인천광역시,미추홀구,16,317
202205,인천광역시,미추홀구,17,334
202205,인천광역시,미추홀구,18,316
202205,인천광역시,미추홀구,19,240
202205,인천광역시,미추홀구,20,235
202205,인천광역시,미추홀구,21,198
202205,인천광역시,미추홀구,22,221
202205,인천광역시,미추홀구,23,171
202205,인천광역시,미추홀구,24,165
202205,인천광역시,미추홀구,25,131
202205,인천광역시,미추홀구,26,130
202205,인천광역시,미추홀구,27,122
202205,인천광역시,미추홀구,28,101
202205,인천광역시,미추홀구,29,115
202205,인천광역시,미추홀구,30,129
202205,인천광역시,미추홀구,31,136
202205,인천광역시,미추홀구,32,112
202205,인천광역시,미추홀구,33,110
202205,인천광역시,미추홀구,34,130
202205,인천광역시,미추홀구,35,112
202205,인천광역시,미추홀구,36,162
202205,인천광역시,미추홀구,37,162
202205,인천광역시,미추홀구,38,199
202205,인천광역시,미추홀구,39,202
202205,인천광역시,미추홀구,40,240
202205,인천광역시,미추홀구,41,245
202205,인천광역시,미추홀구,42,270
202205,인천광역시,미추홀구,43,265
202205,인천광역시,미추홀구,44,258
202205,인천광역시,미추홀구,45,273
202205,인천광역시,미추홀구,46,312
202205,인천광역시,미추홀구,47,301
202205,인천광역시,미추홀구,48,360
202205,인천광역시,미추홀구,49,392
202205,인천광역시,미추홀구,50,376
202205,인천광역시,미추홀구,51,401
202205,인천광역시,미추홀구,52,387
202205,인천광역시,미추홀구,53,420
202205,인천광역시,미추홀구,54,357
202205,인천광역시,미추홀구,55,327
202205,인천광역시,미추홀구,56,386
202205,인천광역시,미추홀구,57,405
202205,인천광역시,미추홀구,58,400
202205,인천광역시,미추홀구,59,481
202205,인천광역시,미추홀구,60,458
202205,인천광역시,미추홀구,61,535
202205,인천광역시,미추홀구,62,471
202205,인천광역시,미추홀구,63,480
202205,인천광역시,미추홀구,64,518
202205,인천광역시,미추홀구,65,460
202205,인천광역시,미추홀구,66,530
202205,인천광역시,미추홀구,67,531
202205,인천광역시,미추홀구,68,398
202205,인천광역시,미추홀구,69,380
202205,인천광역시,미추홀구,70,412
202205,인천광역시,미추홀구,71,325
202205,인천광역시,미추홀구,72,374
202205,인천광역시,미추홀구,73,342
202205,인천광역시,미추홀구,74,368
202205,인천광역시,미추홀구,75,390
202205,인천광역시,미추홀구,76,313
202205,인천광역시,미추홀구,77,320
202205,인천광역시,미추홀구,78,307
202205,인천광역시,미추홀구,79,389
202205,인천광역시,미추홀구,80,391
202205,인천광역시,미추홀구,81,316
202205,인천광역시,미추홀구,82,306
202205,인천광역시,미추홀구,83,280
202205,인천광역시,미추홀구,84,271
202205,인천광역시,미추홀구,85,243
202205,인천광역시,미추홀구,86,232
202205,인천광역시,미추홀구,87,192
202205,인천광역시,미추홀구,88,156
202205,인천광역시,미추홀구,89,129
202205,인천광역시,미추홀구,90,90
202205,인천광역시,미추홀구,91,89
202205,인천광역시,미추홀구,92,62
202205,인천광역시,미추홀구,93,53
202205,인천광역시,미추홀구,94,33
202205,인천광역시,미추홀구,95,29
202205,인천광역시,미추홀구,96,9
202205,인천광역시,미추홀구,97,9
202205,인천광역시,미추홀구,98,8
202205,인천광역시,미추홀구,99,3
202205,인천광역시,미추홀구,100,1
202205,인천광역시,미추홀구,101,1
202205,인천광역시,미추홀구,102,2
202205,인천광역시,미추홀구,103,2
202205,인천광역시,미추홀구,105,1
202205,인천광역시,미추홀구,106,1
202205,인천광역시,미추홀구,120,1
202205,인천광역시,연수구,0,14
202205,인천광역시,연수구,1,23
202205,인천광역시,연수구,2,35
202205,인천광역시,연수구,3,35
202205,인천광역시,연수구,4,52
202205,인천광역시,연수구,5,57
202205,인천광역시,연수구,6,87
202205,인천광역시,연수구,7,131
202205,인천광역시,연수구,8,113
202205,인천광역시,연수구,9,133
202205,인천광역시,연수구,10,134
202205,인천광역시,연수구,11,141
202205,인천광역시,연수구,12,133
202205,인천광역시,연수구,13,154
202205,인천광역시,연수구,14,162
202205,인천광역시,연수구,15,153
202205,인천광역시,연수구,16,133
202205,인천광역시,연수구,17,164
202205,인천광역시,연수구,18,154
202205,인천광역시,연수구,19,114
202205,인천광역시,연수구,20,112
202205,인천광역시,연수구,21,98
202205,인천광역시,연수구,22,103
202205,인천광역시,연수구,23,98
202205,인천광역시,연수구,24,86
202205,인천광역시,연수구,25,72
202205,인천광역시,연수구,26,47
202205,인천광역시,연수구,27,34
202205,인천광역시,연수구,28,48
202205,인천광역시,연수구,29,47
202205,인천광역시,연수구,30,48
202205,인천광역시,연수구,31,48
202205,인천광역시,연수구,32,62
202205,인천광역시,연수구,33,46
202205,인천광역시,연수구,34,65
202205,인천광역시,연수구,35,66
202205,인천광역시,연수구,36,59
202205,인천광역시,연수구,37,70
202205,인천광역시,연수구,38,86
202205,인천광역시,연수구,39,96
202205,인천광역시,연수구,40,115
202205,인천광역시,연수구,41,121
202205,인천광역시,연수구,42,130
202205,인천광역시,연수구,43,106
202205,인천광역시,연수구,44,119
202205,인천광역시,연수구,45,103
202205,인천광역시,연수구,46,108
202205,인천광역시,연수구,47,149
202205,인천광역시,연수구,48,155
202205,인천광역시,연수구,49,178
202205,인천광역시,연수구,50,203
202205,인천광역시,연수구,51,200
202205,인천광역시,연수구,52,190
202205,인천광역시,연수구,53,196
202205,인천광역시,연수구,54,202
202205,인천광역시,연수구,55,178
202205,인천광역시,연수구,56,196
202205,인천광역시,연수구,57,170
202205,인천광역시,연수구,58,182
202205,인천광역시,연수구,59,232
202205,인천광역시,연수구,60,245
202205,인천광역시,연수구,61,259
202205,인천광역시,연수구,62,232
202205,인천광역시,연수구,63,234
202205,인천광역시,연수구,64,223
202205,인천광역시,연수구,65,241
202205,인천광역시,연수구,66,248
202205,인천광역시,연수구,67,265
202205,인천광역시,연수구,68,207
202205,인천광역시,연수구,69,190
202205,인천광역시,연수구,70,167
202205,인천광역시,연수구,71,120
202205,인천광역시,연수구,72,161
202205,인천광역시,연수구,73,183
202205,인천광역시,연수구,74,186
202205,인천광역시,연수구,75,183
202205,인천광역시,연수구,76,125
202205,인천광역시,연수구,77,158
202205,인천광역시,연수구,78,175
202205,인천광역시,연수구,79,192
202205,인천광역시,연수구,80,187
202205,인천광역시,연수구,81,150
202205,인천광역시,연수구,82,172
202205,인천광역시,연수구,83,176
202205,인천광역시,연수구,84,146
202205,인천광역시,연수구,85,145
202205,인천광역시,연수구,86,111
202205,인천광역시,연수구,87,122
202205,인천광역시,연수구,88,101
202205,인천광역시,연수구,89,93
202205,인천광역시,연수구,90,68
202205,인천광역시,연수구,91,62
202205,인천광역시,연수구,92,35
202205,인천광역시,연수구,93,33
202205,인천광역시,연수구,94,28
202205,인천광역시,연수구,95,21
202205,인천광역시,연수구,96,19
202205,인천광역시,연수구,97,13
202205,인천광역시,연수구,98,4
202205,인천광역시,연수구,99,9
202205,인천광역시,연수구,100,5
202205,인천광역시,연수구,101,1
202205,인천광역시,연수구,102,2
202205,인천광역시,연수구,103,1
202205,인천광역시,연수구,104,1
202205,인천광역시,남동구,0,56
202205,인천광역시,남동구,1,86
202205,인천광역시,남동구,2,133
202205,인천광역시,남동구,3,151
202205,인천광역시,남동구,4,140
202205,인천광역시,남동구,5,191
202205,인천광역시,남동구,6,222
202205,인천광역시,남동구,7,275
202205,인천광역시,남동구,8,328
202205,인천광역시,남동구,9,360
202205,인천광역시,남동구,10,357
202205,인천광역시,남동구,11,397
202205,인천광역시,남동구,12,331
202205,인천광역시,남동구,13,375
202205,인천광역시,남동구,14,444
202205,인천광역시,남동구,15,421
202205,인천광역시,남동구,16,407
202205,인천광역시,남동구,17,402
202205,인천광역시,남동구,18,389
202205,인천광역시,남동구,19,323
202205,인천광역시,남동구,20,246
202205,인천광역시,남동구,21,264
202205,인천광역시,남동구,22,261
202205,인천광역시,남동구,23,198
202205,인천광역시,남동구,24,226
202205,인천광역시,남동구,25,196
202205,인천광역시,남동구,26,172
202205,인천광역시,남동구,27,139
202205,인천광역시,남동구,28,129
202205,인천광역시,남동구,29,137
202205,인천광역시,남동구,30,137
202205,인천광역시,남동구,31,161
202205,인천광역시,남동구,32,170
202205,인천광역시,남동구,33,160
202205,인천광역시,남동구,34,148
202205,인천광역시,남동구,35,177
202205,인천광역시,남동구,36,157
202205,인천광역시,남동구,37,182
202205,인천광역시,남동구,38,217
202205,인천광역시,남동구,39,255
202205,인천광역시,남동구,40,296
202205,인천광역시,남동구,41,307
202205,인천광역시,남동구,42,315
202205,인천광역시,남동구,43,300
202205,인천광역시,남동구,44,316
202205,인천광역시,남동구,45,300
202205,인천광역시,남동구,46,339
202205,인천광역시,남동구,47,375
202205,인천광역시,남동구,48,418
202205,인천광역시,남동구,49,463
202205,인천광역시,남동구,50,397
202205,인천광역시,남동구,51,458
202205,인천광역시,남동구,52,461
202205,인천광역시,남동구,53,481
202205,인천광역시,남동구,54,467
202205,인천광역시,남동구,55,451
202205,인천광역시,남동구,56,386
202205,인천광역시,남동구,57,485
202205,인천광역시,남동구,58,456
202205,인천광역시,남동구,59,519
202205,인천광역시,남동구,60,501
202205,인천광역시,남동구,61,629
202205,인천광역시,남동구,62,571
202205,인천광역시,남동구,63,534
202205,인천광역시,남동구,64,611
202205,인천광역시,남동구,65,553
202205,인천광역시,남동구,66,521
202205,인천광역시,남동구,67,657
202205,인천광역시,남동구,68,520
202205,인천광역시,남동구,69,494
202205,인천광역시,남동구,70,476
202205,인천광역시,남동구,71,430
202205,인천광역시,남동구,72,492
202205,인천광역시,남동구,73,446
202205,인천광역시,남동구,74,486
202205,인천광역시,남동구,75,534
202205,인천광역시,남동구,76,383
202205,인천광역시,남동구,77,456
202205,인천광역시,남동구,78,460
202205,인천광역시,남동구,79,541
202205,인천광역시,남동구,80,563
202205,인천광역시,남동구,81,488
202205,인천광역시,남동구,82,407
202205,인천광역시,남동구,83,414
202205,인천광역시,남동구,84,384
202205,인천광역시,남동구,85,321
202205,인천광역시,남동구,86,298
202205,인천광역시,남동구,87,257
202205,인천광역시,남동구,88,186
202205,인천광역시,남동구,89,155
202205,인천광역시,남동구,90,157
202205,인천광역시,남동구,91,81
202205,인천광역시,남동구,92,74
202205,인천광역시,남동구,93,63
202205,인천광역시,남동구,94,43
202205,인천광역시,남동구,95,33
202205,인천광역시,남동구,96,21
202205,인천광역시,남동구,97,18
202205,인천광역시,남동구,98,10
202205,인천광역시,남동구,99,12
202205,인천광역시,남동구,100,3
202205,인천광역시,남동구,101,2
202205,인천광역시,남동구,102,4
202205,인천광역시,남동구,103,1
202205,인천광역시,남동구,104,1
202205,인천광역시,남동구,109,1
202205,인천광역시,부평구,0,36
202205,인천광역시,부평구,1,62
202205,인천광역시,부평구,2,86
202205,인천광역시,부평구,3,91
202205,인천광역시,부평구,4,85
202205,인천광역시,부평구,5,133
202205,인천광역시,부평구,6,154
202205,인천광역시,부평구,7,224
202205,인천광역시,부평구,8,274
202205,인천광역시,부평구,9,270
202205,인천광역시,부평구,10,329
202205,인천광역시,부평구,11,331
202205,인천광역시,부평구,12,327
202205,인천광역시,부평구,13,359
202205,인천광역시,부평구,14,397
202205,인천광역시,부평구,15,409
202205,인천광역시,부평구,16,422
202205,인천광역시,부평구,17,441
202205,인천광역시,부평구,18,403
202205,인천광역시,부평구,19,349
202205,인천광역시,부평구,20,306
202205,인천광역시,부평구,21,282
202205,인천광역시,부평구,22,275
202205,인천광역시,부평구,23,283
202205,인천광역시,부평구,24,257
202205,인천광역시,부평구,25,206
202205,인천광역시,부평구,26,163
202205,인천광역시,부평구,27,126
202205,인천광역시,부평구,28,131
202205,인천광역시,부평구,29,116
202205,인천광역시,부평구,30,126
202205,인천광역시,부평구,31,108
202205,인천광역시,부평구,32,122
202205,인천광역시,부평구,33,112
202205,인천광역시,부평구,34,132
202205,인천광역시,부평구,35,132
202205,인천광역시,부평구,36,122
202205,인천광역시,부평구,37,169
202205,인천광역시,부평구,38,184
202205,인천광역시,부평구,39,206
202205,인천광역시,부평구,40,240
202205,인천광역시,부평구,41,268
202205,인천광역시,부평구,42,288
202205,인천광역시,부평구,43,285
202205,인천광역시,부평구,44,328
202205,인천광역시,부평구,45,313
202205,인천광역시,부평구,46,317
202205,인천광역시,부평구,47,406
202205,인천광역시,부평구,48,397
202205,인천광역시,부평구,49,442
202205,인천광역시,부평구,50,483
202205,인천광역시,부평구,51,502
202205,인천광역시,부평구,52,506
202205,인천광역시,부평구,53,500
202205,인천광역시,부평구,54,504
202205,인천광역시,부평구,55,518
202205,인천광역시,부평구,56,521
202205,인천광역시,부평구,57,499
202205,인천광역시,부평구,58,460
202205,인천광역시,부평구,59,578
202205,인천광역시,부평구,60,566
202205,인천광역시,부평구,61,641
202205,인천광역시,부평구,62,602
202205,인천광역시,부평구,63,616
202205,인천광역시,부평구,64,636
202205,인천광역시,부평구,65,632
202205,인천광역시,부평구,66,631
202205,인천광역시,부평구,67,638
202205,인천광역시,부평구,68,526
202205,인천광역시,부평구,69,507
202205,인천광역시,부평구,70,529
202205,인천광역시,부평구,71,448
202205,인천광역시,부평구,72,451
202205,인천광역시,부평구,73,511
202205,인천광역시,부평구,74,469
202205,인천광역시,부평구,75,487
202205,인천광역시,부평구,76,374
202205,인천광역시,부평구,77,390
202205,인천광역시,부평구,78,431
202205,인천광역시,부평구,79,474
202205,인천광역시,부평구,80,455
202205,인천광역시,부평구,81,401
202205,인천광역시,부평구,82,377
202205,인천광역시,부평구,83,376
202205,인천광역시,부평구,84,329
202205,인천광역시,부평구,85,305
202205,인천광역시,부평구,86,284
202205,인천광역시,부평구,87,241
202205,인천광역시,부평구,88,188
202205,인천광역시,부평구,89,174
202205,인천광역시,부평구,90,124
202205,인천광역시,부평구,91,107
202205,인천광역시,부평구,92,73
202205,인천광역시,부평구,93,61
202205,인천광역시,부평구,94,46
202205,인천광역시,부평구,95,33
202205,인천광역시,부평구,96,16
202205,인천광역시,부평구,97,14
202205,인천광역시,부평구,98,2
202205,인천광역시,부평구,99,7
202205,인천광역시,부평구,100,9
202205,인천광역시,부평구,101,6
202205,인천광역시,부평구,102,1
202205,인천광역시,부평구,106,2
202205,인천광역시,부평구,107,1
202205,인천광역시,부평구,108,1
202205,인천광역시,계양구,0,19
202205,인천광역시,계양구,1,41
202205,인천광역시,계양구,2,59
202205,인천광역시,계양구,3,58
202205,인천광역시,계양구,4,58
202205,인천광역시,계양구,5,75
202205,인천광역시,계양구,6,107
202205,인천광역시,계양구,7,135
202205,인천광역시,계양구,8,157
202205,인천광역시,계양구,9,170
202205,인천광역시,계양구,10,212
202205,인천광역시,계양구,11,207
202205,인천광역시,계양구,12,215
202205,인천광역시,계양구,13,213
202205,인천광역시,계양구,14,247
202205,인천광역시,계양구,15,267
202205,인천광역시,계양구,16,235
202205,인천광역시,계양구,17,237
202205,인천광역시,계양구,18,263
202205,인천광역시,계양구,19,202
202205,인천광역시,계양구,20,161
202205,인천광역시,계양구,21,154
202205,인천광역시,계양구,22,172
202205,인천광역시,계양구,23,115
202205,인천광역시,계양구,24,123
202205,인천광역시,계양구,25,110
202205,인천광역시,계양구,26,84
202205,인천광역시,계양구,27,58
202205,인천광역시,계양구,28,64
202205,인천광역시,계양구,29,55
202205,인천광역시,계양구,30,72
202205,인천광역시,계양구,31,65
202205,인천광역시,계양구,32,77
202205,인천광역시,계양구,33,84
202205,인천광역시,계양구,34,70
202205,인천광역시,계양구,35,82
202205,인천광역시,계양구,36,90
202205,인천광역시,계양구,37,103
202205,인천광역시,계양구,38,110
202205,인천광역시,계양구,39,133
202205,인천광역시,계양구,40,135
202205,인천광역시,계양구,41,162
202205,인천광역시,계양구,42,173
202205,인천광역시,계양구,43,169
202205,인천광역시,계양구,44,189
202205,인천광역시,계양구,45,156
202205,인천광역시,계양구,46,195
202205,인천광역시,계양구,47,218
202205,인천광역시,계양구,48,229
202205,인천광역시,계양구,49,254
202205,인천광역시,계양구,50,267
202205,인천광역시,계양구,51,267
202205,인천광역시,계양구,52,291
202205,인천광역시,계양구,53,253
202205,인천광역시,계양구,54,259
202205,인천광역시,계양구,55,283
202205,인천광역시,계양구,56,268
202205,인천광역시,계양구,57,272
202205,인천광역시,계양구,58,231
202205,인천광역시,계양구,59,301
202205,인천광역시,계양구,60,287
202205,인천광역시,계양구,61,323
202205,인천광역시,계양구,62,277
202205,인천광역시,계양구,63,268
202205,인천광역시,계양구,64,264
202205,인천광역시,계양구,65,308
202205,인천광역시,계양구,66,283
202205,인천광역시,계양구,67,308
202205,인천광역시,계양구,68,239
202205,인천광역시,계양구,69,231
202205,인천광역시,계양구,70,231
202205,인천광역시,계양구,71,179
202205,인천광역시,계양구,72,197
202205,인천광역시,계양구,73,214
202205,인천광역시,계양구,74,239
202205,인천광역시,계양구,75,233
202205,인천광역시,계양구,76,158
202205,인천광역시,계양구,77,186
202205,인천광역시,계양구,78,195
202205,인천광역시,계양구,79,246
202205,인천광역시,계양구,80,292
202205,인천광역시,계양구,81,207
202205,인천광역시,계양구,82,207
202205,인천광역시,계양구,83,237
202205,인천광역시,계양구,84,188
202205,인천광역시,계양구,85,171
202205,인천광역시,계양구,86,176
202205,인천광역시,계양구,87,155
202205,인천광역시,계양구,88,114
202205,인천광역시,계양구,89,89
202205,인천광역시,계양구,90,75
202205,인천광역시,계양구,91,79
202205,인천광역시,계양구,92,50
202205,인천광역시,계양구,93,31
202205,인천광역시,계양구,94,35
202205,인천광역시,계양구,95,25
202205,인천광역시,계양구,96,6
202205,인천광역시,계양구,97,12
202205,인천광역시,계양구,98,9
202205,인천광역시,계양구,99,9
202205,인천광역시,계양구,100,2
202205,인천광역시,계양구,101,3
202205,인천광역시,계양구,102,1
202205,인천광역시,서구,0,29
202205,인천광역시,서구,1,70
202205,인천광역시,서구,2,57
202205,인천광역시,서구,3,102
202205,인천광역시,서구,4,112
202205,인천광역시,서구,5,151
202205,인천광역시,서구,6,203
202205,인천광역시,서구,7,236
202205,인천광역시,서구,8,278
202205,인천광역시,서구,9,337
202205,인천광역시,서구,10,347
202205,인천광역시,서구,11,404
202205,인천광역시,서구,12,351
202205,인천광역시,서구,13,379
202205,인천광역시,서구,14,407
202205,인천광역시,서구,15,411
202205,인천광역시,서구,16,389
202205,인천광역시,서구,17,459
202205,인천광역시,서구,18,331
202205,인천광역시,서구,19,279
202205,인천광역시,서구,20,238
202205,인천광역시,서구,21,210
202205,인천광역시,서구,22,203
202205,인천광역시,서구,23,183
202205,인천광역시,서구,24,134
202205,인천광역시,서구,25,122
202205,인천광역시,서구,26,114
202205,인천광역시,서구,27,82
202205,인천광역시,서구,28,79
202205,인천광역시,서구,29,82
202205,인천광역시,서구,30,114
202205,인천광역시,서구,31,97
202205,인천광역시,서구,32,99
202205,인천광역시,서구,33,103
202205,인천광역시,서구,34,113
202205,인천광역시,서구,35,122
202205,인천광역시,서구,36,149
202205,인천광역시,서구,37,159
202205,인천광역시,서구,38,177
202205,인천광역시,서구,39,210
202205,인천광역시,서구,40,229
202205,인천광역시,서구,41,242
202205,인천광역시,서구,42,249
202205,인천광역시,서구,43,257
202205,인천광역시,서구,44,295
202205,인천광역시,서구,45,251
202205,인천광역시,서구,46,287
202205,인천광역시,서구,47,312
202205,인천광역시,서구,48,314
202205,인천광역시,서구,49,341
202205,인천광역시,서구,50,317
202205,인천광역시,서구,51,339
202205,인천광역시,서구,52,320
202205,인천광역시,서구,53,375
202205,인천광역시,서구,54,342
202205,인천광역시,서구,55,304
202205,인천광역시,서구,56,350
202205,인천광역시,서구,57,349
202205,인천광역시,서구,58,310
202205,인천광역시,서구,59,369
202205,인천광역시,서구,60,349
202205,인천광역시,서구,61,454
202205,인천광역시,서구,62,386
202205,인천광역시,서구,63,389
202205,인천광역시,서구,64,367
202205,인천광역시,서구,65,372
202205,인천광역시,서구,66,384
202205,인천광역시,서구,67,425
202205,인천광역시,서구,68,337
202205,인천광역시,서구,69,327
202205,인천광역시,서구,70,302
202205,인천광역시,서구,71,257
202205,인천광역시,서구,72,283
202205,인천광역시,서구,73,290
202205,인천광역시,서구,74,321
202205,인천광역시,서구,75,342
202205,인천광역시,서구,76,202
202205,인천광역시,서구,77,277
202205,인천광역시,서구,78,274
202205,인천광역시,서구,79,309
202205,인천광역시,서구,80,315
202205,인천광역시,서구,81,250
202205,인천광역시,서구,82,275
202205,인천광역시,서구,83,250
202205,인천광역시,서구,84,241
202205,인천광역시,서구,85,208
202205,인천광역시,서구,86,209
202205,인천광역시,서구,87,145
202205,인천광역시,서구,88,151
202205,인천광역시,서구,89,111
202205,인천광역시,서구,90,88
202205,인천광역시,서구,91,75
202205,인천광역시,서구,92,50
202205,인천광역시,서구,93,42
202205,인천광역시,서구,94,31
202205,인천광역시,서구,95,26
202205,인천광역시,서구,96,14
202205,인천광역시,서구,97,12
202205,인천광역시,서구,98,6
202205,인천광역시,서구,99,7
202205,인천광역시,서구,100,3
202205,인천광역시,서구,101,5
202205,인천광역시,서구,102,2
202205,인천광역시,서구,104,1
202205,인천광역시,강화군,0,3
202205,인천광역시,강화군,1,8
202205,인천광역시,강화군,2,11
202205,인천광역시,강화군,3,6
202205,인천광역시,강화군,4,8
202205,인천광역시,강화군,5,14
202205,인천광역시,강화군,6,20
202205,인천광역시,강화군,7,36
202205,인천광역시,강화군,8,27
202205,인천광역시,강화군,9,40
202205,인천광역시,강화군,10,38
202205,인천광역시,강화군,11,41
202205,인천광역시,강화군,12,44
202205,인천광역시,강화군,13,48
202205,인천광역시,강화군,14,38
202205,인천광역시,강화군,15,47
202205,인천광역시,강화군,16,45
202205,인천광역시,강화군,17,25
202205,인천광역시,강화군,18,35
202205,인천광역시,강화군,19,19
202205,인천광역시,강화군,20,26
202205,인천광역시,강화군,21,24
202205,인천광역시,강화군,22,22
202205,인천광역시,강화군,23,24
202205,인천광역시,강화군,24,10
202205,인천광역시,강화군,25,11
202205,인천광역시,강화군,26,6
202205,인천광역시,강화군,27,14
202205,인천광역시,강화군,28,13
202205,인천광역시,강화군,29,4
202205,인천광역시,강화군,30,8
202205,인천광역시,강화군,31,8
202205,인천광역시,강화군,32,11
202205,인천광역시,강화군,33,8
202205,인천광역시,강화군,34,9
202205,인천광역시,강화군,35,18
202205,인천광역시,강화군,36,11
202205,인천광역시,강화군,37,14
202205,인천광역시,강화군,38,17
202205,인천광역시,강화군,39,22
202205,인천광역시,강화군,40,22
202205,인천광역시,강화군,41,20
202205,인천광역시,강화군,42,29
202205,인천광역시,강화군,43,18
202205,인천광역시,강화군,44,27
202205,인천광역시,강화군,45,30
202205,인천광역시,강화군,46,33
202205,인천광역시,강화군,47,36
202205,인천광역시,강화군,48,29
202205,인천광역시,강화군,49,43
202205,인천광역시,강화군,50,36
202205,인천광역시,강화군,51,46
202205,인천광역시,강화군,52,52
202205,인천광역시,강화군,53,44
202205,인천광역시,강화군,54,58
202205,인천광역시,강화군,55,58
202205,인천광역시,강화군,56,68
202205,인천광역시,강화군,57,55
202205,인천광역시,강화군,58,46
202205,인천광역시,강화군,59,48
202205,인천광역시,강화군,60,70
202205,인천광역시,강화군,61,75
202205,인천광역시,강화군,62,55
202205,인천광역시,강화군,63,66
202205,인천광역시,강화군,64,73
202205,인천광역시,강화군,65,78
202205,인천광역시,강화군,66,69
202205,인천광역시,강화군,67,88
202205,인천광역시,강화군,68,56
202205,인천광역시,강화군,69,62
202205,인천광역시,강화군,70,73
202205,인천광역시,강화군,71,54
202205,인천광역시,강화군,72,65
202205,인천광역시,강화군,73,61
202205,인천광역시,강화군,74,70
202205,인천광역시,강화군,75,79
202205,인천광역시,강화군,76,78
202205,인천광역시,강화군,77,60
202205,인천광역시,강화군,78,75
202205,인천광역시,강화군,79,89
202205,인천광역시,강화군,80,92
202205,인천광역시,강화군,81,67
202205,인천광역시,강화군,82,74
202205,인천광역시,강화군,83,76
202205,인천광역시,강화군,84,59
202205,인천광역시,강화군,85,71
202205,인천광역시,강화군,86,70
202205,인천광역시,강화군,87,52
202205,인천광역시,강화군,88,60
202205,인천광역시,강화군,89,63
202205,인천광역시,강화군,90,41
202205,인천광역시,강화군,91,29
202205,인천광역시,강화군,92,20
202205,인천광역시,강화군,93,22
202205,인천광역시,강화군,94,15
202205,인천광역시,강화군,95,15
202205,인천광역시,강화군,96,8
202205,인천광역시,강화군,97,8
202205,인천광역시,강화군,98,1
202205,인천광역시,강화군,99,5
202205,인천광역시,강화군,100,1
202205,인천광역시,강화군,104,1
202205,인천광역시,옹진군,1,2
202205,인천광역시,옹진군,2,1
202205,인천광역시,옹진군,3,2
202205,인천광역시,옹진군,5,3
202205,인천광역시,옹진군,6,1
202205,인천광역시,옹진군,7,3
202205,인천광역시,옹진군,8,3
202205,인천광역시,옹진군,9,4
202205,인천광역시,옹진군,10,7
202205,인천광역시,옹진군,11,6
202205,인천광역시,옹진군,12,7
202205,인천광역시,옹진군,13,7
202205,인천광역시,옹진군,14,5
202205,인천광역시,옹진군,15,8
202205,인천광역시,옹진군,16,9
202205,인천광역시,옹진군,17,11
202205,인천광역시,옹진군,18,2
202205,인천광역시,옹진군,19,9
202205,인천광역시,옹진군,20,5
202205,인천광역시,옹진군,21,6
202205,인천광역시,옹진군,22,8
202205,인천광역시,옹진군,23,1
202205,인천광역시,옹진군,24,3
202205,인천광역시,옹진군,25,2
202205,인천광역시,옹진군,26,1
202205,인천광역시,옹진군,27,1
202205,인천광역시,옹진군,29,2
202205,인천광역시,옹진군,32,2
202205,인천광역시,옹진군,34,2
202205,인천광역시,옹진군,35,4
202205,인천광역시,옹진군,36,1
202205,인천광역시,옹진군,37,1
202205,인천광역시,옹진군,38,2
202205,인천광역시,옹진군,39,1
202205,인천광역시,옹진군,40,1
202205,인천광역시,옹진군,41,2
202205,인천광역시,옹진군,42,4
202205,인천광역시,옹진군,43,3
202205,인천광역시,옹진군,44,8
202205,인천광역시,옹진군,45,7
202205,인천광역시,옹진군,46,3
202205,인천광역시,옹진군,47,4
202205,인천광역시,옹진군,48,3
202205,인천광역시,옹진군,49,7
202205,인천광역시,옹진군,50,4
202205,인천광역시,옹진군,51,5
202205,인천광역시,옹진군,52,6
202205,인천광역시,옹진군,53,6
202205,인천광역시,옹진군,54,5
202205,인천광역시,옹진군,55,6
202205,인천광역시,옹진군,56,5
202205,인천광역시,옹진군,57,10
202205,인천광역시,옹진군,58,10
202205,인천광역시,옹진군,59,11
202205,인천광역시,옹진군,60,8
202205,인천광역시,옹진군,61,13
202205,인천광역시,옹진군,62,7
202205,인천광역시,옹진군,63,17
202205,인천광역시,옹진군,64,18
202205,인천광역시,옹진군,65,7
202205,인천광역시,옹진군,66,17
202205,인천광역시,옹진군,67,16
202205,인천광역시,옹진군,68,20
202205,인천광역시,옹진군,69,8
202205,인천광역시,옹진군,70,16
202205,인천광역시,옹진군,71,4
202205,인천광역시,옹진군,72,11
202205,인천광역시,옹진군,73,11
202205,인천광역시,옹진군,74,9
202205,인천광역시,옹진군,75,4
202205,인천광역시,옹진군,76,5
202205,인천광역시,옹진군,77,10
202205,인천광역시,옹진군,78,12
202205,인천광역시,옹진군,79,9
202205,인천광역시,옹진군,80,6
202205,인천광역시,옹진군,81,8
202205,인천광역시,옹진군,82,10
202205,인천광역시,옹진군,83,10
202205,인천광역시,옹진군,84,7
202205,인천광역시,옹진군,85,8
202205,인천광역시,옹진군,86,4
202205,인천광역시,옹진군,87,3
202205,인천광역시,옹진군,88,4
202205,인천광역시,옹진군,89,4
202205,인천광역시,옹진군,90,8
202205,인천광역시,옹진군,91,5
202205,인천광역시,옹진군,93,2
202205,인천광역시,옹진군,94,3
202205,인천광역시,옹진군,95,3
202205,인천광역시,옹진군,96,3
202205,인천광역시,옹진군,99,2
202205,인천광역시,옹진군,100,1
202205,광주광역시,동구,0,8
202205,광주광역시,동구,1,6
202205,광주광역시,동구,2,18
202205,광주광역시,동구,3,17
202205,광주광역시,동구,4,23
202205,광주광역시,동구,5,16
202205,광주광역시,동구,6,37
202205,광주광역시,동구,7,52
202205,광주광역시,동구,8,51
202205,광주광역시,동구,9,58
202205,광주광역시,동구,10,46
202205,광주광역시,동구,11,73
202205,광주광역시,동구,12,67
202205,광주광역시,동구,13,50
202205,광주광역시,동구,14,67
202205,광주광역시,동구,15,59
202205,광주광역시,동구,16,70
202205,광주광역시,동구,17,91
202205,광주광역시,동구,18,85
202205,광주광역시,동구,19,70
202205,광주광역시,동구,20,50
202205,광주광역시,동구,21,62
202205,광주광역시,동구,22,76
202205,광주광역시,동구,23,75
202205,광주광역시,동구,24,61
202205,광주광역시,동구,25,47
202205,광주광역시,동구,26,44
202205,광주광역시,동구,27,32
202205,광주광역시,동구,28,30
202205,광주광역시,동구,29,20
202205,광주광역시,동구,30,30
202205,광주광역시,동구,31,16
202205,광주광역시,동구,32,23
202205,광주광역시,동구,33,24
202205,광주광역시,동구,34,24
202205,광주광역시,동구,35,33
202205,광주광역시,동구,36,25
202205,광주광역시,동구,37,33
202205,광주광역시,동구,38,36
202205,광주광역시,동구,39,47
202205,광주광역시,동구,40,37
202205,광주광역시,동구,41,41
202205,광주광역시,동구,42,49
202205,광주광역시,동구,43,60
202205,광주광역시,동구,44,56
202205,광주광역시,동구,45,77
202205,광주광역시,동구,46,63
202205,광주광역시,동구,47,73
202205,광주광역시,동구,48,73
202205,광주광역시,동구,49,90
202205,광주광역시,동구,50,85
202205,광주광역시,동구,51,104
202205,광주광역시,동구,52,110
202205,광주광역시,동구,53,84
202205,광주광역시,동구,54,115
202205,광주광역시,동구,55,111
202205,광주광역시,동구,56,124
202205,광주광역시,동구,57,92
202205,광주광역시,동구,58,107
202205,광주광역시,동구,59,113
202205,광주광역시,동구,60,121
202205,광주광역시,동구,61,155
202205,광주광역시,동구,62,134
202205,광주광역시,동구,63,110
202205,광주광역시,동구,64,135
202205,광주광역시,동구,65,124
202205,광주광역시,동구,66,138
202205,광주광역시,동구,67,145
202205,광주광역시,동구,68,116
202205,광주광역시,동구,69,117
202205,광주광역시,동구,70,108
202205,광주광역시,동구,71,91
202205,광주광역시,동구,72,87
202205,광주광역시,동구,73,89
202205,광주광역시,동구,74,95
202205,광주광역시,동구,75,109
202205,광주광역시,동구,76,82
202205,광주광역시,동구,77,82
202205,광주광역시,동구,78,72
202205,광주광역시,동구,79,87
202205,광주광역시,동구,80,101
202205,광주광역시,동구,81,79
202205,광주광역시,동구,82,84
202205,광주광역시,동구,83,68
202205,광주광역시,동구,84,62
202205,광주광역시,동구,85,50
202205,광주광역시,동구,86,59
202205,광주광역시,동구,87,42
202205,광주광역시,동구,88,45
202205,광주광역시,동구,89,26
202205,광주광역시,동구,90,26
202205,광주광역시,동구,91,17
202205,광주광역시,동구,92,18
202205,광주광역시,동구,93,14
202205,광주광역시,동구,94,9
202205,광주광역시,동구,95,7
202205,광주광역시,동구,96,6
202205,광주광역시,동구,97,5
202205,광주광역시,동구,98,2
202205,광주광역시,동구,99,1
202205,광주광역시,동구,100,1
202205,광주광역시,동구,101,1
202205,광주광역시,동구,106,1
202205,광주광역시,서구,0,26
202205,광주광역시,서구,1,31
202205,광주광역시,서구,2,42
202205,광주광역시,서구,3,73
202205,광주광역시,서구,4,73
202205,광주광역시,서구,5,93
202205,광주광역시,서구,6,128
202205,광주광역시,서구,7,159
202205,광주광역시,서구,8,187
202205,광주광역시,서구,9,202
202205,광주광역시,서구,10,188
202205,광주광역시,서구,11,216
202205,광주광역시,서구,12,218
202205,광주광역시,서구,13,197
202205,광주광역시,서구,14,255
202205,광주광역시,서구,15,249
202205,광주광역시,서구,16,270
202205,광주광역시,서구,17,276
202205,광주광역시,서구,18,263
202205,광주광역시,서구,19,252
202205,광주광역시,서구,20,190
202205,광주광역시,서구,21,226
202205,광주광역시,서구,22,213
202205,광주광역시,서구,23,243
202205,광주광역시,서구,24,211
202205,광주광역시,서구,25,142
202205,광주광역시,서구,26,135
202205,광주광역시,서구,27,103
202205,광주광역시,서구,28,77
202205,광주광역시,서구,29,72
202205,광주광역시,서구,30,105
202205,광주광역시,서구,31,80
202205,광주광역시,서구,32,90
202205,광주광역시,서구,33,102
202205,광주광역시,서구,34,78
202205,광주광역시,서구,35,87
202205,광주광역시,서구,36,100
202205,광주광역시,서구,37,107
202205,광주광역시,서구,38,134
202205,광주광역시,서구,39,154
202205,광주광역시,서구,40,175
202205,광주광역시,서구,41,169
202205,광주광역시,서구,42,184
202205,광주광역시,서구,43,185
202205,광주광역시,서구,44,211
202205,광주광역시,서구,45,224
202205,광주광역시,서구,46,197
202205,광주광역시,서구,47,257
202205,광주광역시,서구,48,260
202205,광주광역시,서구,49,262
202205,광주광역시,서구,50,294
202205,광주광역시,서구,51,310
202205,광주광역시,서구,52,311
202205,광주광역시,서구,53,299
202205,광주광역시,서구,54,298
202205,광주광역시,서구,55,306
202205,광주광역시,서구,56,303
202205,광주광역시,서구,57,314
202205,광주광역시,서구,58,296
202205,광주광역시,서구,59,313
202205,광주광역시,서구,60,308
202205,광주광역시,서구,61,334
202205,광주광역시,서구,62,342
202205,광주광역시,서구,63,286
202205,광주광역시,서구,64,316
202205,광주광역시,서구,65,284
202205,광주광역시,서구,66,274
202205,광주광역시,서구,67,319
202205,광주광역시,서구,68,259
202205,광주광역시,서구,69,230
202205,광주광역시,서구,70,244
202205,광주광역시,서구,71,234
202205,광주광역시,서구,72,229
202205,광주광역시,서구,73,231
202205,광주광역시,서구,74,247
202205,광주광역시,서구,75,227
202205,광주광역시,서구,76,171
202205,광주광역시,서구,77,163
202205,광주광역시,서구,78,192
202205,광주광역시,서구,79,230
202205,광주광역시,서구,80,219
202205,광주광역시,서구,81,180
202205,광주광역시,서구,82,171
202205,광주광역시,서구,83,162
202205,광주광역시,서구,84,155
202205,광주광역시,서구,85,135
202205,광주광역시,서구,86,132
202205,광주광역시,서구,87,99
202205,광주광역시,서구,88,67
202205,광주광역시,서구,89,75
202205,광주광역시,서구,90,48
202205,광주광역시,서구,91,38
202205,광주광역시,서구,92,43
202205,광주광역시,서구,93,23
202205,광주광역시,서구,94,20
202205,광주광역시,서구,95,15
202205,광주광역시,서구,96,12
202205,광주광역시,서구,97,3
202205,광주광역시,서구,98,4
202205,광주광역시,서구,99,3
202205,광주광역시,서구,100,1
202205,광주광역시,서구,101,2
202205,광주광역시,서구,104,1
202205,광주광역시,서구,105,1
202205,광주광역시,서구,107,1
202205,광주광역시,서구,108,1
202205,광주광역시,남구,0,16
202205,광주광역시,남구,1,34
202205,광주광역시,남구,2,49
202205,광주광역시,남구,3,55
202205,광주광역시,남구,4,58
202205,광주광역시,남구,5,64
202205,광주광역시,남구,6,100
202205,광주광역시,남구,7,136
202205,광주광역시,남구,8,148
202205,광주광역시,남구,9,162
202205,광주광역시,남구,10,191
202205,광주광역시,남구,11,188
202205,광주광역시,남구,12,178
202205,광주광역시,남구,13,200
202205,광주광역시,남구,14,182
202205,광주광역시,남구,15,225
202205,광주광역시,남구,16,220
202205,광주광역시,남구,17,234
202205,광주광역시,남구,18,204
202205,광주광역시,남구,19,167
202205,광주광역시,남구,20,164
202205,광주광역시,남구,21,166
202205,광주광역시,남구,22,173
202205,광주광역시,남구,23,159
202205,광주광역시,남구,24,140
202205,광주광역시,남구,25,108
202205,광주광역시,남구,26,91
202205,광주광역시,남구,27,83
202205,광주광역시,남구,28,64
202205,광주광역시,남구,29,41
202205,광주광역시,남구,30,68
202205,광주광역시,남구,31,42
202205,광주광역시,남구,32,52
202205,광주광역시,남구,33,58
202205,광주광역시,남구,34,50
202205,광주광역시,남구,35,59
202205,광주광역시,남구,36,66
202205,광주광역시,남구,37,85
202205,광주광역시,남구,38,96
202205,광주광역시,남구,39,117
202205,광주광역시,남구,40,134
202205,광주광역시,남구,41,132
202205,광주광역시,남구,42,126
202205,광주광역시,남구,43,129
202205,광주광역시,남구,44,138
202205,광주광역시,남구,45,151
202205,광주광역시,남구,46,140
202205,광주광역시,남구,47,156
202205,광주광역시,남구,48,209
202205,광주광역시,남구,49,203
202205,광주광역시,남구,50,197
202205,광주광역시,남구,51,218
202205,광주광역시,남구,52,219
202205,광주광역시,남구,53,241
202205,광주광역시,남구,54,229
202205,광주광역시,남구,55,214
202205,광주광역시,남구,56,232
202205,광주광역시,남구,57,208
202205,광주광역시,남구,58,197
202205,광주광역시,남구,59,226
202205,광주광역시,남구,60,219
202205,광주광역시,남구,61,231
202205,광주광역시,남구,62,228
202205,광주광역시,남구,63,215
202205,광주광역시,남구,64,234
202205,광주광역시,남구,65,232
202205,광주광역시,남구,66,209
202205,광주광역시,남구,67,231
202205,광주광역시,남구,68,171
202205,광주광역시,남구,69,167
202205,광주광역시,남구,70,191
202205,광주광역시,남구,71,157
202205,광주광역시,남구,72,190
202205,광주광역시,남구,73,163
202205,광주광역시,남구,74,167
202205,광주광역시,남구,75,185
202205,광주광역시,남구,76,138
202205,광주광역시,남구,77,157
202205,광주광역시,남구,78,151
202205,광주광역시,남구,79,175
202205,광주광역시,남구,80,198
202205,광주광역시,남구,81,167
202205,광주광역시,남구,82,155
202205,광주광역시,남구,83,163
202205,광주광역시,남구,84,134
202205,광주광역시,남구,85,130
202205,광주광역시,남구,86,107
202205,광주광역시,남구,87,104
202205,광주광역시,남구,88,98
202205,광주광역시,남구,89,70
202205,광주광역시,남구,90,43
202205,광주광역시,남구,91,57
202205,광주광역시,남구,92,47
202205,광주광역시,남구,93,29
202205,광주광역시,남구,94,25
202205,광주광역시,남구,95,14
202205,광주광역시,남구,96,8
202205,광주광역시,남구,97,10
202205,광주광역시,남구,98,4
202205,광주광역시,남구,99,5
202205,광주광역시,남구,100,2
202205,광주광역시,남구,102,2
202205,광주광역시,남구,103,1
202205,광주광역시,남구,110,1
202205,광주광역시,북구,0,38
202205,광주광역시,북구,1,73
202205,광주광역시,북구,2,112
202205,광주광역시,북구,3,124
202205,광주광역시,북구,4,124
202205,광주광역시,북구,5,141
202205,광주광역시,북구,6,220
202205,광주광역시,북구,7,274
202205,광주광역시,북구,8,347
202205,광주광역시,북구,9,366
202205,광주광역시,북구,10,353
202205,광주광역시,북구,11,390
202205,광주광역시,북구,12,391
202205,광주광역시,북구,13,400
202205,광주광역시,북구,14,399
202205,광주광역시,북구,15,395
202205,광주광역시,북구,16,435
202205,광주광역시,북구,17,431
202205,광주광역시,북구,18,436
202205,광주광역시,북구,19,380
202205,광주광역시,북구,20,339
202205,광주광역시,북구,21,354
202205,광주광역시,북구,22,416
202205,광주광역시,북구,23,312
202205,광주광역시,북구,24,306
202205,광주광역시,북구,25,233
202205,광주광역시,북구,26,190
202205,광주광역시,북구,27,187
202205,광주광역시,북구,28,147
202205,광주광역시,북구,29,146
202205,광주광역시,북구,30,160
202205,광주광역시,북구,31,160
202205,광주광역시,북구,32,152
202205,광주광역시,북구,33,141
202205,광주광역시,북구,34,157
202205,광주광역시,북구,35,180
202205,광주광역시,북구,36,173
202205,광주광역시,북구,37,194
202205,광주광역시,북구,38,217
202205,광주광역시,북구,39,255
202205,광주광역시,북구,40,277
202205,광주광역시,북구,41,296
202205,광주광역시,북구,42,312
202205,광주광역시,북구,43,337
202205,광주광역시,북구,44,330
202205,광주광역시,북구,45,312
202205,광주광역시,북구,46,361
202205,광주광역시,북구,47,413
202205,광주광역시,북구,48,421
202205,광주광역시,북구,49,486
202205,광주광역시,북구,50,518
202205,광주광역시,북구,51,520
202205,광주광역시,북구,52,554
202205,광주광역시,북구,53,575
202205,광주광역시,북구,54,526
202205,광주광역시,북구,55,527
202205,광주광역시,북구,56,513
202205,광주광역시,북구,57,477
202205,광주광역시,북구,58,495
202205,광주광역시,북구,59,580
202205,광주광역시,북구,60,533
202205,광주광역시,북구,61,669
202205,광주광역시,북구,62,677
202205,광주광역시,북구,63,528
202205,광주광역시,북구,64,515
202205,광주광역시,북구,65,530
202205,광주광역시,북구,66,527
202205,광주광역시,북구,67,551
202205,광주광역시,북구,68,429
202205,광주광역시,북구,69,407
202205,광주광역시,북구,70,453
202205,광주광역시,북구,71,364
202205,광주광역시,북구,72,401
202205,광주광역시,북구,73,395
202205,광주광역시,북구,74,405
202205,광주광역시,북구,75,427
202205,광주광역시,북구,76,290
202205,광주광역시,북구,77,333
202205,광주광역시,북구,78,302
202205,광주광역시,북구,79,426
202205,광주광역시,북구,80,424
202205,광주광역시,북구,81,350
202205,광주광역시,북구,82,338
202205,광주광역시,북구,83,293
202205,광주광역시,북구,84,297
202205,광주광역시,북구,85,230
202205,광주광역시,북구,86,229
202205,광주광역시,북구,87,202
202205,광주광역시,북구,88,189
202205,광주광역시,북구,89,124
202205,광주광역시,북구,90,120
202205,광주광역시,북구,91,96
202205,광주광역시,북구,92,102
202205,광주광역시,북구,93,58
202205,광주광역시,북구,94,36
202205,광주광역시,북구,95,33
202205,광주광역시,북구,96,18
202205,광주광역시,북구,97,12
202205,광주광역시,북구,98,7
202205,광주광역시,북구,99,11
202205,광주광역시,북구,100,4
202205,광주광역시,북구,101,3
202205,광주광역시,북구,102,2
202205,광주광역시,북구,104,1
202205,광주광역시,광산구,0,39
202205,광주광역시,광산구,1,90
202205,광주광역시,광산구,2,96
202205,광주광역시,광산구,3,98
202205,광주광역시,광산구,4,113
202205,광주광역시,광산구,5,155
202205,광주광역시,광산구,6,211
202205,광주광역시,광산구,7,254
202205,광주광역시,광산구,8,276
202205,광주광역시,광산구,9,321
202205,광주광역시,광산구,10,312
202205,광주광역시,광산구,11,352
202205,광주광역시,광산구,12,376
202205,광주광역시,광산구,13,358
202205,광주광역시,광산구,14,380
202205,광주광역시,광산구,15,402
202205,광주광역시,광산구,16,362
202205,광주광역시,광산구,17,384
202205,광주광역시,광산구,18,366
202205,광주광역시,광산구,19,320
202205,광주광역시,광산구,20,249
202205,광주광역시,광산구,21,299
202205,광주광역시,광산구,22,289
202205,광주광역시,광산구,23,232
202205,광주광역시,광산구,24,225
202205,광주광역시,광산구,25,193
202205,광주광역시,광산구,26,147
202205,광주광역시,광산구,27,91
202205,광주광역시,광산구,28,108
202205,광주광역시,광산구,29,104
202205,광주광역시,광산구,30,88
202205,광주광역시,광산구,31,112
202205,광주광역시,광산구,32,114
202205,광주광역시,광산구,33,121
202205,광주광역시,광산구,34,130
202205,광주광역시,광산구,35,131
202205,광주광역시,광산구,36,149
202205,광주광역시,광산구,37,166
202205,광주광역시,광산구,38,163
202205,광주광역시,광산구,39,212
202205,광주광역시,광산구,40,214
202205,광주광역시,광산구,41,245
202205,광주광역시,광산구,42,281
202205,광주광역시,광산구,43,271
202205,광주광역시,광산구,44,265
202205,광주광역시,광산구,45,262
202205,광주광역시,광산구,46,253
202205,광주광역시,광산구,47,328
202205,광주광역시,광산구,48,349
202205,광주광역시,광산구,49,363
202205,광주광역시,광산구,50,354
202205,광주광역시,광산구,51,375
202205,광주광역시,광산구,52,348
202205,광주광역시,광산구,53,362
202205,광주광역시,광산구,54,326
202205,광주광역시,광산구,55,324
202205,광주광역시,광산구,56,303
202205,광주광역시,광산구,57,279
202205,광주광역시,광산구,58,290
202205,광주광역시,광산구,59,307
202205,광주광역시,광산구,60,313
202205,광주광역시,광산구,61,348
202205,광주광역시,광산구,62,314
202205,광주광역시,광산구,63,291
202205,광주광역시,광산구,64,282
202205,광주광역시,광산구,65,264
202205,광주광역시,광산구,66,282
202205,광주광역시,광산구,67,284
202205,광주광역시,광산구,68,222
202205,광주광역시,광산구,69,180
202205,광주광역시,광산구,70,226
202205,광주광역시,광산구,71,191
202205,광주광역시,광산구,72,230
202205,광주광역시,광산구,73,207
202205,광주광역시,광산구,74,226
202205,광주광역시,광산구,75,224
202205,광주광역시,광산구,76,174
202205,광주광역시,광산구,77,168
202205,광주광역시,광산구,78,168
202205,광주광역시,광산구,79,225
202205,광주광역시,광산구,80,258
202205,광주광역시,광산구,81,196
202205,광주광역시,광산구,82,191
202205,광주광역시,광산구,83,177
202205,광주광역시,광산구,84,160
202205,광주광역시,광산구,85,152
202205,광주광역시,광산구,86,138
202205,광주광역시,광산구,87,141
202205,광주광역시,광산구,88,74
202205,광주광역시,광산구,89,74
202205,광주광역시,광산구,90,57
202205,광주광역시,광산구,91,45
202205,광주광역시,광산구,92,41
202205,광주광역시,광산구,93,37
202205,광주광역시,광산구,94,18
202205,광주광역시,광산구,95,10
202205,광주광역시,광산구,96,16
202205,광주광역시,광산구,97,8
202205,광주광역시,광산구,98,2
202205,광주광역시,광산구,99,5
202205,광주광역시,광산구,100,1
202205,광주광역시,광산구,101,2
202205,대전광역시,동구,0,16
202205,대전광역시,동구,1,30
202205,대전광역시,동구,2,49
202205,대전광역시,동구,3,60
202205,대전광역시,동구,4,50
202205,대전광역시,동구,5,70
202205,대전광역시,동구,6,90
202205,대전광역시,동구,7,109
202205,대전광역시,동구,8,138
202205,대전광역시,동구,9,150
202205,대전광역시,동구,10,140
202205,대전광역시,동구,11,194
202205,대전광역시,동구,12,174
202205,대전광역시,동구,13,180
202205,대전광역시,동구,14,225
202205,대전광역시,동구,15,226
202205,대전광역시,동구,16,214
202205,대전광역시,동구,17,258
202205,대전광역시,동구,18,237
202205,대전광역시,동구,19,196
202205,대전광역시,동구,20,155
202205,대전광역시,동구,21,161
202205,대전광역시,동구,22,159
202205,대전광역시,동구,23,125
202205,대전광역시,동구,24,113
202205,대전광역시,동구,25,94
202205,대전광역시,동구,26,66
202205,대전광역시,동구,27,58
202205,대전광역시,동구,28,56
202205,대전광역시,동구,29,47
202205,대전광역시,동구,30,53
202205,대전광역시,동구,31,52
202205,대전광역시,동구,32,56
202205,대전광역시,동구,33,56
202205,대전광역시,동구,34,68
202205,대전광역시,동구,35,66
202205,대전광역시,동구,36,77
202205,대전광역시,동구,37,83
202205,대전광역시,동구,38,89
202205,대전광역시,동구,39,92
202205,대전광역시,동구,40,115
202205,대전광역시,동구,41,137
202205,대전광역시,동구,42,134
202205,대전광역시,동구,43,165
202205,대전광역시,동구,44,126
202205,대전광역시,동구,45,139
202205,대전광역시,동구,46,174
202205,대전광역시,동구,47,172
202205,대전광역시,동구,48,229
202205,대전광역시,동구,49,225
202205,대전광역시,동구,50,245
202205,대전광역시,동구,51,245
202205,대전광역시,동구,52,260
202205,대전광역시,동구,53,265
202205,대전광역시,동구,54,258
202205,대전광역시,동구,55,241
202205,대전광역시,동구,56,250
202205,대전광역시,동구,57,308
202205,대전광역시,동구,58,233
202205,대전광역시,동구,59,326
202205,대전광역시,동구,60,322
202205,대전광역시,동구,61,356
202205,대전광역시,동구,62,344
202205,대전광역시,동구,63,311
202205,대전광역시,동구,64,342
202205,대전광역시,동구,65,381
202205,대전광역시,동구,66,355
202205,대전광역시,동구,67,373
202205,대전광역시,동구,68,295
202205,대전광역시,동구,69,297
202205,대전광역시,동구,70,322
202205,대전광역시,동구,71,238
202205,대전광역시,동구,72,280
202205,대전광역시,동구,73,292
202205,대전광역시,동구,74,250
202205,대전광역시,동구,75,292
202205,대전광역시,동구,76,209
202205,대전광역시,동구,77,222
202205,대전광역시,동구,78,247
202205,대전광역시,동구,79,303
202205,대전광역시,동구,80,292
202205,대전광역시,동구,81,253
202205,대전광역시,동구,82,200
202205,대전광역시,동구,83,224
202205,대전광역시,동구,84,212
202205,대전광역시,동구,85,152
202205,대전광역시,동구,86,147
202205,대전광역시,동구,87,119
202205,대전광역시,동구,88,111
202205,대전광역시,동구,89,87
202205,대전광역시,동구,90,62
202205,대전광역시,동구,91,48
202205,대전광역시,동구,92,48
202205,대전광역시,동구,93,28
202205,대전광역시,동구,94,28
202205,대전광역시,동구,95,13
202205,대전광역시,동구,96,8
202205,대전광역시,동구,97,6
202205,대전광역시,동구,98,4
202205,대전광역시,동구,99,5
202205,대전광역시,동구,100,4
202205,대전광역시,동구,101,1
202205,대전광역시,동구,105,1
202205,대전광역시,동구,112,1
202205,대전광역시,중구,0,18
202205,대전광역시,중구,1,32
202205,대전광역시,중구,2,37
202205,대전광역시,중구,3,37
202205,대전광역시,중구,4,41
202205,대전광역시,중구,5,63
202205,대전광역시,중구,6,77
202205,대전광역시,중구,7,85
202205,대전광역시,중구,8,99
202205,대전광역시,중구,9,142
202205,대전광역시,중구,10,129
202205,대전광역시,중구,11,160
202205,대전광역시,중구,12,143
202205,대전광역시,중구,13,141
202205,대전광역시,중구,14,192
202205,대전광역시,중구,15,164
202205,대전광역시,중구,16,179
202205,대전광역시,중구,17,184
202205,대전광역시,중구,18,171
202205,대전광역시,중구,19,137
202205,대전광역시,중구,20,119
202205,대전광역시,중구,21,127
202205,대전광역시,중구,22,121
202205,대전광역시,중구,23,123
202205,대전광역시,중구,24,116
202205,대전광역시,중구,25,79
202205,대전광역시,중구,26,67
202205,대전광역시,중구,27,59
202205,대전광역시,중구,28,52
202205,대전광역시,중구,29,54
202205,대전광역시,중구,30,48
202205,대전광역시,중구,31,46
202205,대전광역시,중구,32,50
202205,대전광역시,중구,33,50
202205,대전광역시,중구,34,52
202205,대전광역시,중구,35,59
202205,대전광역시,중구,36,59
202205,대전광역시,중구,37,71
202205,대전광역시,중구,38,61
202205,대전광역시,중구,39,107
202205,대전광역시,중구,40,97
202205,대전광역시,중구,41,113
202205,대전광역시,중구,42,120
202205,대전광역시,중구,43,99
202205,대전광역시,중구,44,128
202205,대전광역시,중구,45,137
202205,대전광역시,중구,46,152
202205,대전광역시,중구,47,139
202205,대전광역시,중구,48,193
202205,대전광역시,중구,49,180
202205,대전광역시,중구,50,191
202205,대전광역시,중구,51,224
202205,대전광역시,중구,52,237
202205,대전광역시,중구,53,259
202205,대전광역시,중구,54,250
202205,대전광역시,중구,55,230
202205,대전광역시,중구,56,225
202205,대전광역시,중구,57,222
202205,대전광역시,중구,58,208
202205,대전광역시,중구,59,270
202205,대전광역시,중구,60,257
202205,대전광역시,중구,61,313
202205,대전광역시,중구,62,316
202205,대전광역시,중구,63,298
202205,대전광역시,중구,64,266
202205,대전광역시,중구,65,288
202205,대전광역시,중구,66,300
202205,대전광역시,중구,67,286
202205,대전광역시,중구,68,266
202205,대전광역시,중구,69,252
202205,대전광역시,중구,70,224
202205,대전광역시,중구,71,212
202205,대전광역시,중구,72,233
202205,대전광역시,중구,73,226
202205,대전광역시,중구,74,184
202205,대전광역시,중구,75,210
202205,대전광역시,중구,76,161
202205,대전광역시,중구,77,187
202205,대전광역시,중구,78,155
202205,대전광역시,중구,79,209
202205,대전광역시,중구,80,229
202205,대전광역시,중구,81,148
202205,대전광역시,중구,82,176
202205,대전광역시,중구,83,164
202205,대전광역시,중구,84,160
202205,대전광역시,중구,85,108
202205,대전광역시,중구,86,97
202205,대전광역시,중구,87,93
202205,대전광역시,중구,88,82
202205,대전광역시,중구,89,63
202205,대전광역시,중구,90,51
202205,대전광역시,중구,91,38
202205,대전광역시,중구,92,40
202205,대전광역시,중구,93,20
202205,대전광역시,중구,94,24
202205,대전광역시,중구,95,11
202205,대전광역시,중구,96,12
202205,대전광역시,중구,97,5
202205,대전광역시,중구,98,6
202205,대전광역시,중구,99,1
202205,대전광역시,중구,100,2
202205,대전광역시,중구,101,2
202205,대전광역시,중구,102,2
202205,대전광역시,중구,103,1
202205,대전광역시,중구,104,1
202205,대전광역시,서구,0,37
202205,대전광역시,서구,1,61
202205,대전광역시,서구,2,71
202205,대전광역시,서구,3,93
202205,대전광역시,서구,4,106
202205,대전광역시,서구,5,132
202205,대전광역시,서구,6,152
202205,대전광역시,서구,7,183
202205,대전광역시,서구,8,205
202205,대전광역시,서구,9,190
202205,대전광역시,서구,10,241
202205,대전광역시,서구,11,224
202205,대전광역시,서구,12,243
202205,대전광역시,서구,13,222
202205,대전광역시,서구,14,279
202205,대전광역시,서구,15,276
202205,대전광역시,서구,16,293
202205,대전광역시,서구,17,290
202205,대전광역시,서구,18,286
202205,대전광역시,서구,19,234
202205,대전광역시,서구,20,234
202205,대전광역시,서구,21,224
202205,대전광역시,서구,22,222
202205,대전광역시,서구,23,214
202205,대전광역시,서구,24,175
202205,대전광역시,서구,25,155
202205,대전광역시,서구,26,121
202205,대전광역시,서구,27,112
202205,대전광역시,서구,28,108
202205,대전광역시,서구,29,99
202205,대전광역시,서구,30,95
202205,대전광역시,서구,31,104
202205,대전광역시,서구,32,104
202205,대전광역시,서구,33,119
202205,대전광역시,서구,34,118
202205,대전광역시,서구,35,120
202205,대전광역시,서구,36,128
202205,대전광역시,서구,37,111
202205,대전광역시,서구,38,128
202205,대전광역시,서구,39,167
202205,대전광역시,서구,40,181
202205,대전광역시,서구,41,192
202205,대전광역시,서구,42,172
202205,대전광역시,서구,43,181
202205,대전광역시,서구,44,179
202205,대전광역시,서구,45,207
202205,대전광역시,서구,46,202
202205,대전광역시,서구,47,224
202205,대전광역시,서구,48,309
202205,대전광역시,서구,49,323
202205,대전광역시,서구,50,271
202205,대전광역시,서구,51,321
202205,대전광역시,서구,52,333
202205,대전광역시,서구,53,353
202205,대전광역시,서구,54,318
202205,대전광역시,서구,55,310
202205,대전광역시,서구,56,300
202205,대전광역시,서구,57,307
202205,대전광역시,서구,58,279
202205,대전광역시,서구,59,337
202205,대전광역시,서구,60,345
202205,대전광역시,서구,61,372
202205,대전광역시,서구,62,368
202205,대전광역시,서구,63,332
202205,대전광역시,서구,64,333
202205,대전광역시,서구,65,315
202205,대전광역시,서구,66,344
202205,대전광역시,서구,67,406
202205,대전광역시,서구,68,287
202205,대전광역시,서구,69,288
202205,대전광역시,서구,70,263
202205,대전광역시,서구,71,234
202205,대전광역시,서구,72,250
202205,대전광역시,서구,73,231
202205,대전광역시,서구,74,247
202205,대전광역시,서구,75,240
202205,대전광역시,서구,76,162
202205,대전광역시,서구,77,182
202205,대전광역시,서구,78,193
202205,대전광역시,서구,79,239
202205,대전광역시,서구,80,242
202205,대전광역시,서구,81,184
202205,대전광역시,서구,82,157
202205,대전광역시,서구,83,177
202205,대전광역시,서구,84,137
202205,대전광역시,서구,85,159
202205,대전광역시,서구,86,130
202205,대전광역시,서구,87,122
202205,대전광역시,서구,88,88
202205,대전광역시,서구,89,91
202205,대전광역시,서구,90,51
202205,대전광역시,서구,91,53
202205,대전광역시,서구,92,45
202205,대전광역시,서구,93,32
202205,대전광역시,서구,94,40
202205,대전광역시,서구,95,17
202205,대전광역시,서구,96,11
202205,대전광역시,서구,97,8
202205,대전광역시,서구,98,5
202205,대전광역시,서구,99,4
202205,대전광역시,서구,100,3
202205,대전광역시,서구,103,1
202205,대전광역시,서구,104,1
202205,대전광역시,서구,106,1
202205,대전광역시,유성구,0,18
202205,대전광역시,유성구,1,47
202205,대전광역시,유성구,2,37
202205,대전광역시,유성구,3,41
202205,대전광역시,유성구,4,59
202205,대전광역시,유성구,5,68
202205,대전광역시,유성구,6,81
202205,대전광역시,유성구,7,94
202205,대전광역시,유성구,8,97
202205,대전광역시,유성구,9,92
202205,대전광역시,유성구,10,118
202205,대전광역시,유성구,11,100
202205,대전광역시,유성구,12,108
202205,대전광역시,유성구,13,118
202205,대전광역시,유성구,14,127
202205,대전광역시,유성구,15,151
202205,대전광역시,유성구,16,124
202205,대전광역시,유성구,17,146
202205,대전광역시,유성구,18,123
202205,대전광역시,유성구,19,108
202205,대전광역시,유성구,20,78
202205,대전광역시,유성구,21,107
202205,대전광역시,유성구,22,94
202205,대전광역시,유성구,23,75
202205,대전광역시,유성구,24,94
202205,대전광역시,유성구,25,67
202205,대전광역시,유성구,26,57
202205,대전광역시,유성구,27,42
202205,대전광역시,유성구,28,44
202205,대전광역시,유성구,29,52
202205,대전광역시,유성구,30,30
202205,대전광역시,유성구,31,54
202205,대전광역시,유성구,32,59
202205,대전광역시,유성구,33,56
202205,대전광역시,유성구,34,60
202205,대전광역시,유성구,35,65
202205,대전광역시,유성구,36,67
202205,대전광역시,유성구,37,63
202205,대전광역시,유성구,38,65
202205,대전광역시,유성구,39,76
202205,대전광역시,유성구,40,94
202205,대전광역시,유성구,41,90
202205,대전광역시,유성구,42,99
202205,대전광역시,유성구,43,86
202205,대전광역시,유성구,44,108
202205,대전광역시,유성구,45,106
202205,대전광역시,유성구,46,115
202205,대전광역시,유성구,47,113
202205,대전광역시,유성구,48,141
202205,대전광역시,유성구,49,141
202205,대전광역시,유성구,50,152
202205,대전광역시,유성구,51,164
202205,대전광역시,유성구,52,148
202205,대전광역시,유성구,53,173
202205,대전광역시,유성구,54,126
202205,대전광역시,유성구,55,145
202205,대전광역시,유성구,56,134
202205,대전광역시,유성구,57,143
202205,대전광역시,유성구,58,124
202205,대전광역시,유성구,59,149
202205,대전광역시,유성구,60,167
202205,대전광역시,유성구,61,179
202205,대전광역시,유성구,62,178
202205,대전광역시,유성구,63,152
202205,대전광역시,유성구,64,148
202205,대전광역시,유성구,65,169
202205,대전광역시,유성구,66,167
202205,대전광역시,유성구,67,203
202205,대전광역시,유성구,68,128
202205,대전광역시,유성구,69,140
202205,대전광역시,유성구,70,136
202205,대전광역시,유성구,71,105
202205,대전광역시,유성구,72,128
202205,대전광역시,유성구,73,114
202205,대전광역시,유성구,74,153
202205,대전광역시,유성구,75,118
202205,대전광역시,유성구,76,90
202205,대전광역시,유성구,77,106
202205,대전광역시,유성구,78,109
202205,대전광역시,유성구,79,125
202205,대전광역시,유성구,80,108
202205,대전광역시,유성구,81,100
202205,대전광역시,유성구,82,90
202205,대전광역시,유성구,83,97
202205,대전광역시,유성구,84,93
202205,대전광역시,유성구,85,71
202205,대전광역시,유성구,86,70
202205,대전광역시,유성구,87,69
202205,대전광역시,유성구,88,50
202205,대전광역시,유성구,89,46
202205,대전광역시,유성구,90,30
202205,대전광역시,유성구,91,23
202205,대전광역시,유성구,92,23
202205,대전광역시,유성구,93,19
202205,대전광역시,유성구,94,11
202205,대전광역시,유성구,95,13
202205,대전광역시,유성구,96,5
202205,대전광역시,유성구,97,4
202205,대전광역시,유성구,98,2
202205,대전광역시,유성구,99,2
202205,대전광역시,유성구,100,1
202205,대전광역시,유성구,102,1
202205,대전광역시,대덕구,0,13
202205,대전광역시,대덕구,1,23
202205,대전광역시,대덕구,2,27
202205,대전광역시,대덕구,3,47
202205,대전광역시,대덕구,4,49
202205,대전광역시,대덕구,5,56
202205,대전광역시,대덕구,6,76
202205,대전광역시,대덕구,7,83
202205,대전광역시,대덕구,8,106
202205,대전광역시,대덕구,9,120
202205,대전광역시,대덕구,10,135
202205,대전광역시,대덕구,11,157
202205,대전광역시,대덕구,12,153
202205,대전광역시,대덕구,13,170
202205,대전광역시,대덕구,14,186
202205,대전광역시,대덕구,15,185
202205,대전광역시,대덕구,16,190
202205,대전광역시,대덕구,17,191
202205,대전광역시,대덕구,18,160
202205,대전광역시,대덕구,19,136
202205,대전광역시,대덕구,20,112
202205,대전광역시,대덕구,21,119
202205,대전광역시,대덕구,22,102
202205,대전광역시,대덕구,23,104
202205,대전광역시,대덕구,24,74
202205,대전광역시,대덕구,25,71
202205,대전광역시,대덕구,26,46
202205,대전광역시,대덕구,27,41
202205,대전광역시,대덕구,28,30
202205,대전광역시,대덕구,29,36
202205,대전광역시,대덕구,30,47
202205,대전광역시,대덕구,31,42
202205,대전광역시,대덕구,32,36
202205,대전광역시,대덕구,33,44
202205,대전광역시,대덕구,34,41
202205,대전광역시,대덕구,35,38
202205,대전광역시,대덕구,36,55
202205,대전광역시,대덕구,37,58
202205,대전광역시,대덕구,38,70
202205,대전광역시,대덕구,39,62
202205,대전광역시,대덕구,40,100
202205,대전광역시,대덕구,41,89
202205,대전광역시,대덕구,42,109
202205,대전광역시,대덕구,43,110
202205,대전광역시,대덕구,44,119
202205,대전광역시,대덕구,45,108
202205,대전광역시,대덕구,46,151
202205,대전광역시,대덕구,47,140
202205,대전광역시,대덕구,48,176
202205,대전광역시,대덕구,49,164
202205,대전광역시,대덕구,50,179
202205,대전광역시,대덕구,51,192
202205,대전광역시,대덕구,52,192
202205,대전광역시,대덕구,53,192
202205,대전광역시,대덕구,54,186
202205,대전광역시,대덕구,55,156
202205,대전광역시,대덕구,56,171
202205,대전광역시,대덕구,57,182
202205,대전광역시,대덕구,58,139
202205,대전광역시,대덕구,59,195
202205,대전광역시,대덕구,60,177
202205,대전광역시,대덕구,61,244
202205,대전광역시,대덕구,62,214
202205,대전광역시,대덕구,63,206
202205,대전광역시,대덕구,64,210
202205,대전광역시,대덕구,65,193
202205,대전광역시,대덕구,66,227
202205,대전광역시,대덕구,67,196
202205,대전광역시,대덕구,68,171
202205,대전광역시,대덕구,69,169
202205,대전광역시,대덕구,70,179
202205,대전광역시,대덕구,71,158
202205,대전광역시,대덕구,72,166
202205,대전광역시,대덕구,73,158
202205,대전광역시,대덕구,74,179
202205,대전광역시,대덕구,75,153
202205,대전광역시,대덕구,76,107
202205,대전광역시,대덕구,77,138
202205,대전광역시,대덕구,78,131
202205,대전광역시,대덕구,79,190
202205,대전광역시,대덕구,80,176
202205,대전광역시,대덕구,81,136
202205,대전광역시,대덕구,82,131
202205,대전광역시,대덕구,83,131
202205,대전광역시,대덕구,84,110
202205,대전광역시,대덕구,85,109
202205,대전광역시,대덕구,86,97
202205,대전광역시,대덕구,87,89
202205,대전광역시,대덕구,88,61
202205,대전광역시,대덕구,89,40
202205,대전광역시,대덕구,90,41
202205,대전광역시,대덕구,91,29
202205,대전광역시,대덕구,92,25
202205,대전광역시,대덕구,93,22
202205,대전광역시,대덕구,94,17
202205,대전광역시,대덕구,95,7
202205,대전광역시,대덕구,96,5
202205,대전광역시,대덕구,97,3
202205,대전광역시,대덕구,98,8
202205,대전광역시,대덕구,99,2
202205,대전광역시,대덕구,100,2
202205,대전광역시,대덕구,101,1
202205,대전광역시,대덕구,107,1
202205,울산광역시,중구,0,12
202205,울산광역시,중구,1,15
202205,울산광역시,중구,2,13
202205,울산광역시,중구,3,23
202205,울산광역시,중구,4,24
202205,울산광역시,중구,5,34
202205,울산광역시,중구,6,54
202205,울산광역시,중구,7,56
202205,울산광역시,중구,8,79
202205,울산광역시,중구,9,72
202205,울산광역시,중구,10,75
202205,울산광역시,중구,11,80
202205,울산광역시,중구,12,94
202205,울산광역시,중구,13,87
202205,울산광역시,중구,14,99
202205,울산광역시,중구,15,109
202205,울산광역시,중구,16,97
202205,울산광역시,중구,17,131
202205,울산광역시,중구,18,90
202205,울산광역시,중구,19,88
202205,울산광역시,중구,20,58
202205,울산광역시,중구,21,71
202205,울산광역시,중구,22,89
202205,울산광역시,중구,23,49
202205,울산광역시,중구,24,47
202205,울산광역시,중구,25,37
202205,울산광역시,중구,26,33
202205,울산광역시,중구,27,21
202205,울산광역시,중구,28,30
202205,울산광역시,중구,29,16
202205,울산광역시,중구,30,20
202205,울산광역시,중구,31,29
202205,울산광역시,중구,32,29
202205,울산광역시,중구,33,41
202205,울산광역시,중구,34,33
202205,울산광역시,중구,35,33
202205,울산광역시,중구,36,48
202205,울산광역시,중구,37,36
202205,울산광역시,중구,38,46
202205,울산광역시,중구,39,51
202205,울산광역시,중구,40,70
202205,울산광역시,중구,41,73
202205,울산광역시,중구,42,77
202205,울산광역시,중구,43,76
202205,울산광역시,중구,44,82
202205,울산광역시,중구,45,84
202205,울산광역시,중구,46,103
202205,울산광역시,중구,47,125
202205,울산광역시,중구,48,118
202205,울산광역시,중구,49,140
202205,울산광역시,중구,50,144
202205,울산광역시,중구,51,143
202205,울산광역시,중구,52,129
202205,울산광역시,중구,53,159
202205,울산광역시,중구,54,145
202205,울산광역시,중구,55,130
202205,울산광역시,중구,56,148
202205,울산광역시,중구,57,172
202205,울산광역시,중구,58,139
202205,울산광역시,중구,59,157
202205,울산광역시,중구,60,186
202205,울산광역시,중구,61,225
202205,울산광역시,중구,62,197
202205,울산광역시,중구,63,216
202205,울산광역시,중구,64,202
202205,울산광역시,중구,65,236
202205,울산광역시,중구,66,243
202205,울산광역시,중구,67,257
202205,울산광역시,중구,68,215
202205,울산광역시,중구,69,199
202205,울산광역시,중구,70,199
202205,울산광역시,중구,71,168
202205,울산광역시,중구,72,187
202205,울산광역시,중구,73,189
202205,울산광역시,중구,74,146
202205,울산광역시,중구,75,144
202205,울산광역시,중구,76,102
202205,울산광역시,중구,77,154
202205,울산광역시,중구,78,133
202205,울산광역시,중구,79,200
202205,울산광역시,중구,80,138
202205,울산광역시,중구,81,101
202205,울산광역시,중구,82,133
202205,울산광역시,중구,83,114
202205,울산광역시,중구,84,90
202205,울산광역시,중구,85,67
202205,울산광역시,중구,86,72
202205,울산광역시,중구,87,58
202205,울산광역시,중구,88,52
202205,울산광역시,중구,89,58
202205,울산광역시,중구,90,32
202205,울산광역시,중구,91,21
202205,울산광역시,중구,92,15
202205,울산광역시,중구,93,19
202205,울산광역시,중구,94,11
202205,울산광역시,중구,95,5
202205,울산광역시,중구,96,5
202205,울산광역시,중구,97,4
202205,울산광역시,중구,98,3
202205,울산광역시,중구,99,1
202205,울산광역시,남구,0,8
202205,울산광역시,남구,1,24
202205,울산광역시,남구,2,29
202205,울산광역시,남구,3,33
202205,울산광역시,남구,4,33
202205,울산광역시,남구,5,45
202205,울산광역시,남구,6,60
202205,울산광역시,남구,7,71
202205,울산광역시,남구,8,87
202205,울산광역시,남구,9,64
202205,울산광역시,남구,10,83
202205,울산광역시,남구,11,84
202205,울산광역시,남구,12,93
202205,울산광역시,남구,13,93
202205,울산광역시,남구,14,125
202205,울산광역시,남구,15,129
202205,울산광역시,남구,16,117
202205,울산광역시,남구,17,92
202205,울산광역시,남구,18,127
202205,울산광역시,남구,19,107
202205,울산광역시,남구,20,98
202205,울산광역시,남구,21,88
202205,울산광역시,남구,22,92
202205,울산광역시,남구,23,80
202205,울산광역시,남구,24,59
202205,울산광역시,남구,25,59
202205,울산광역시,남구,26,45
202205,울산광역시,남구,27,48
202205,울산광역시,남구,28,39
202205,울산광역시,남구,29,29
202205,울산광역시,남구,30,48
202205,울산광역시,남구,31,45
202205,울산광역시,남구,32,51
202205,울산광역시,남구,33,64
202205,울산광역시,남구,34,55
202205,울산광역시,남구,35,41
202205,울산광역시,남구,36,57
202205,울산광역시,남구,37,68
202205,울산광역시,남구,38,71
202205,울산광역시,남구,39,83
202205,울산광역시,남구,40,85
202205,울산광역시,남구,41,110
202205,울산광역시,남구,42,123
202205,울산광역시,남구,43,101
202205,울산광역시,남구,44,98
202205,울산광역시,남구,45,100
202205,울산광역시,남구,46,146
202205,울산광역시,남구,47,142
202205,울산광역시,남구,48,171
202205,울산광역시,남구,49,161
202205,울산광역시,남구,50,204
202205,울산광역시,남구,51,197
202205,울산광역시,남구,52,190
202205,울산광역시,남구,53,184
202205,울산광역시,남구,54,200
202205,울산광역시,남구,55,181
202205,울산광역시,남구,56,226
202205,울산광역시,남구,57,170
202205,울산광역시,남구,58,168
202205,울산광역시,남구,59,229
202205,울산광역시,남구,60,210
202205,울산광역시,남구,61,247
202205,울산광역시,남구,62,231
202205,울산광역시,남구,63,229
202205,울산광역시,남구,64,270
202205,울산광역시,남구,65,258
202205,울산광역시,남구,66,277
202205,울산광역시,남구,67,282
202205,울산광역시,남구,68,247
202205,울산광역시,남구,69,243
202205,울산광역시,남구,70,197
202205,울산광역시,남구,71,169
202205,울산광역시,남구,72,178
202205,울산광역시,남구,73,188
202205,울산광역시,남구,74,158
202205,울산광역시,남구,75,158
202205,울산광역시,남구,76,104
202205,울산광역시,남구,77,125
202205,울산광역시,남구,78,101
202205,울산광역시,남구,79,148
202205,울산광역시,남구,80,172
202205,울산광역시,남구,81,126
202205,울산광역시,남구,82,116
202205,울산광역시,남구,83,94
202205,울산광역시,남구,84,103
202205,울산광역시,남구,85,70
202205,울산광역시,남구,86,81
202205,울산광역시,남구,87,72
202205,울산광역시,남구,88,59
202205,울산광역시,남구,89,37
202205,울산광역시,남구,90,43
202205,울산광역시,남구,91,33
202205,울산광역시,남구,92,22
202205,울산광역시,남구,93,16
202205,울산광역시,남구,94,8
202205,울산광역시,남구,95,7
202205,울산광역시,남구,96,7
202205,울산광역시,남구,97,6
202205,울산광역시,남구,98,2
202205,울산광역시,남구,99,2
202205,울산광역시,동구,0,8
202205,울산광역시,동구,1,21
202205,울산광역시,동구,2,29
202205,울산광역시,동구,3,25
202205,울산광역시,동구,4,53
202205,울산광역시,동구,5,49
202205,울산광역시,동구,6,62
202205,울산광역시,동구,7,86
202205,울산광역시,동구,8,75
202205,울산광역시,동구,9,85
202205,울산광역시,동구,10,86
202205,울산광역시,동구,11,88
202205,울산광역시,동구,12,73
202205,울산광역시,동구,13,91
202205,울산광역시,동구,14,117
202205,울산광역시,동구,15,91
202205,울산광역시,동구,16,77
202205,울산광역시,동구,17,82
202205,울산광역시,동구,18,73
202205,울산광역시,동구,19,55
202205,울산광역시,동구,20,43
202205,울산광역시,동구,21,47
202205,울산광역시,동구,22,42
202205,울산광역시,동구,23,32
202205,울산광역시,동구,24,29
202205,울산광역시,동구,25,20
202205,울산광역시,동구,26,22
202205,울산광역시,동구,27,26
202205,울산광역시,동구,28,18
202205,울산광역시,동구,29,17
202205,울산광역시,동구,30,21
202205,울산광역시,동구,31,30
202205,울산광역시,동구,32,26
202205,울산광역시,동구,33,33
202205,울산광역시,동구,34,38
202205,울산광역시,동구,35,41
202205,울산광역시,동구,36,35
202205,울산광역시,동구,37,37
202205,울산광역시,동구,38,63
202205,울산광역시,동구,39,68
202205,울산광역시,동구,40,66
202205,울산광역시,동구,41,65
202205,울산광역시,동구,42,80
202205,울산광역시,동구,43,78
202205,울산광역시,동구,44,72
202205,울산광역시,동구,45,69
202205,울산광역시,동구,46,76
202205,울산광역시,동구,47,78
202205,울산광역시,동구,48,80
202205,울산광역시,동구,49,86
202205,울산광역시,동구,50,65
202205,울산광역시,동구,51,101
202205,울산광역시,동구,52,93
202205,울산광역시,동구,53,114
202205,울산광역시,동구,54,86
202205,울산광역시,동구,55,82
202205,울산광역시,동구,56,80
202205,울산광역시,동구,57,92
202205,울산광역시,동구,58,98
202205,울산광역시,동구,59,83
202205,울산광역시,동구,60,109
202205,울산광역시,동구,61,103
202205,울산광역시,동구,62,114
202205,울산광역시,동구,63,133
202205,울산광역시,동구,64,121
202205,울산광역시,동구,65,108
202205,울산광역시,동구,66,116
202205,울산광역시,동구,67,153
202205,울산광역시,동구,68,104
202205,울산광역시,동구,69,112
202205,울산광역시,동구,70,109
202205,울산광역시,동구,71,89
202205,울산광역시,동구,72,105
202205,울산광역시,동구,73,91
202205,울산광역시,동구,74,97
202205,울산광역시,동구,75,98
202205,울산광역시,동구,76,57
202205,울산광역시,동구,77,73
202205,울산광역시,동구,78,70
202205,울산광역시,동구,79,109
202205,울산광역시,동구,80,73
202205,울산광역시,동구,81,79
202205,울산광역시,동구,82,92
202205,울산광역시,동구,83,55
202205,울산광역시,동구,84,70
202205,울산광역시,동구,85,48
202205,울산광역시,동구,86,61
202205,울산광역시,동구,87,29
202205,울산광역시,동구,88,39
202205,울산광역시,동구,89,20
202205,울산광역시,동구,90,17
202205,울산광역시,동구,91,15
202205,울산광역시,동구,92,9
202205,울산광역시,동구,93,11
202205,울산광역시,동구,94,7
202205,울산광역시,동구,95,3
202205,울산광역시,동구,96,4
202205,울산광역시,동구,97,2
202205,울산광역시,동구,98,6
202205,울산광역시,동구,100,1
202205,울산광역시,동구,101,1
202205,울산광역시,북구,0,3
202205,울산광역시,북구,1,11
202205,울산광역시,북구,2,13
202205,울산광역시,북구,3,21
202205,울산광역시,북구,4,24
202205,울산광역시,북구,5,34
202205,울산광역시,북구,6,65
202205,울산광역시,북구,7,72
202205,울산광역시,북구,8,84
202205,울산광역시,북구,9,82
202205,울산광역시,북구,10,78
202205,울산광역시,북구,11,87
202205,울산광역시,북구,12,86
202205,울산광역시,북구,13,72
202205,울산광역시,북구,14,94
202205,울산광역시,북구,15,101
202205,울산광역시,북구,16,86
202205,울산광역시,북구,17,98
202205,울산광역시,북구,18,89
202205,울산광역시,북구,19,82
202205,울산광역시,북구,20,55
202205,울산광역시,북구,21,60
202205,울산광역시,북구,22,41
202205,울산광역시,북구,23,40
202205,울산광역시,북구,24,19
202205,울산광역시,북구,25,17
202205,울산광역시,북구,26,17
202205,울산광역시,북구,27,15
202205,울산광역시,북구,28,15
202205,울산광역시,북구,29,19
202205,울산광역시,북구,30,23
202205,울산광역시,북구,31,20
202205,울산광역시,북구,32,26
202205,울산광역시,북구,33,26
202205,울산광역시,북구,34,23
202205,울산광역시,북구,35,23
202205,울산광역시,북구,36,29
202205,울산광역시,북구,37,33
202205,울산광역시,북구,38,48
202205,울산광역시,북구,39,51
202205,울산광역시,북구,40,62
202205,울산광역시,북구,41,54
202205,울산광역시,북구,42,74
202205,울산광역시,북구,43,50
202205,울산광역시,북구,44,74
202205,울산광역시,북구,45,61
202205,울산광역시,북구,46,64
202205,울산광역시,북구,47,81
202205,울산광역시,북구,48,72
202205,울산광역시,북구,49,75
202205,울산광역시,북구,50,82
202205,울산광역시,북구,51,86
202205,울산광역시,북구,52,76
202205,울산광역시,북구,53,77
202205,울산광역시,북구,54,67
202205,울산광역시,북구,55,77
202205,울산광역시,북구,56,80
202205,울산광역시,북구,57,70
202205,울산광역시,북구,58,58
202205,울산광역시,북구,59,77
202205,울산광역시,북구,60,53
202205,울산광역시,북구,61,80
202205,울산광역시,북구,62,94
202205,울산광역시,북구,63,86
202205,울산광역시,북구,64,74
202205,울산광역시,북구,65,87
202205,울산광역시,북구,66,110
202205,울산광역시,북구,67,112
202205,울산광역시,북구,68,75
202205,울산광역시,북구,69,86
202205,울산광역시,북구,70,78
202205,울산광역시,북구,71,70
202205,울산광역시,북구,72,84
202205,울산광역시,북구,73,77
202205,울산광역시,북구,74,78
202205,울산광역시,북구,75,101
202205,울산광역시,북구,76,55
202205,울산광역시,북구,77,77
202205,울산광역시,북구,78,86
202205,울산광역시,북구,79,90
202205,울산광역시,북구,80,86
202205,울산광역시,북구,81,66
202205,울산광역시,북구,82,60
202205,울산광역시,북구,83,69
202205,울산광역시,북구,84,63
202205,울산광역시,북구,85,55
202205,울산광역시,북구,86,42
202205,울산광역시,북구,87,37
202205,울산광역시,북구,88,29
202205,울산광역시,북구,89,22
202205,울산광역시,북구,90,14
202205,울산광역시,북구,91,19
202205,울산광역시,북구,92,9
202205,울산광역시,북구,93,7
202205,울산광역시,북구,94,6
202205,울산광역시,북구,95,6
202205,울산광역시,북구,96,2
202205,울산광역시,북구,98,4
202205,울산광역시,북구,99,1
202205,울산광역시,울주군,0,6
202205,울산광역시,울주군,1,12
202205,울산광역시,울주군,2,14
202205,울산광역시,울주군,3,25
202205,울산광역시,울주군,4,23
202205,울산광역시,울주군,5,24
202205,울산광역시,울주군,6,33
202205,울산광역시,울주군,7,57
202205,울산광역시,울주군,8,61
202205,울산광역시,울주군,9,69
202205,울산광역시,울주군,10,55
202205,울산광역시,울주군,11,77
202205,울산광역시,울주군,12,76
202205,울산광역시,울주군,13,63
202205,울산광역시,울주군,14,92
202205,울산광역시,울주군,15,84
202205,울산광역시,울주군,16,73
202205,울산광역시,울주군,17,92
202205,울산광역시,울주군,18,72
202205,울산광역시,울주군,19,58
202205,울산광역시,울주군,20,55
202205,울산광역시,울주군,21,48
202205,울산광역시,울주군,22,42
202205,울산광역시,울주군,23,48
202205,울산광역시,울주군,24,22
202205,울산광역시,울주군,25,23
202205,울산광역시,울주군,26,26
202205,울산광역시,울주군,27,20
202205,울산광역시,울주군,28,16
202205,울산광역시,울주군,29,19
202205,울산광역시,울주군,30,19
202205,울산광역시,울주군,31,21
202205,울산광역시,울주군,32,18
202205,울산광역시,울주군,33,20
202205,울산광역시,울주군,34,25
202205,울산광역시,울주군,35,23
202205,울산광역시,울주군,36,30
202205,울산광역시,울주군,37,27
202205,울산광역시,울주군,38,39
202205,울산광역시,울주군,39,44
202205,울산광역시,울주군,40,58
202205,울산광역시,울주군,41,53
202205,울산광역시,울주군,42,52
202205,울산광역시,울주군,43,58
202205,울산광역시,울주군,44,57
202205,울산광역시,울주군,45,55
202205,울산광역시,울주군,46,73
202205,울산광역시,울주군,47,83
202205,울산광역시,울주군,48,95
202205,울산광역시,울주군,49,89
202205,울산광역시,울주군,50,88
202205,울산광역시,울주군,51,91
202205,울산광역시,울주군,52,93
202205,울산광역시,울주군,53,103
202205,울산광역시,울주군,54,101
202205,울산광역시,울주군,55,113
202205,울산광역시,울주군,56,99
202205,울산광역시,울주군,57,115
202205,울산광역시,울주군,58,89
202205,울산광역시,울주군,59,111
202205,울산광역시,울주군,60,130
202205,울산광역시,울주군,61,139
202205,울산광역시,울주군,62,143
202205,울산광역시,울주군,63,147
202205,울산광역시,울주군,64,151
202205,울산광역시,울주군,65,151
202205,울산광역시,울주군,66,159
202205,울산광역시,울주군,67,152
202205,울산광역시,울주군,68,157
202205,울산광역시,울주군,69,137
202205,울산광역시,울주군,70,104
202205,울산광역시,울주군,71,120
202205,울산광역시,울주군,72,117
202205,울산광역시,울주군,73,107
202205,울산광역시,울주군,74,147
202205,울산광역시,울주군,75,111
202205,울산광역시,울주군,76,102
202205,울산광역시,울주군,77,103
202205,울산광역시,울주군,78,120
202205,울산광역시,울주군,79,154
202205,울산광역시,울주군,80,114
202205,울산광역시,울주군,81,106
202205,울산광역시,울주군,82,81
202205,울산광역시,울주군,83,96
202205,울산광역시,울주군,84,88
202205,울산광역시,울주군,85,73
202205,울산광역시,울주군,86,63
202205,울산광역시,울주군,87,70
202205,울산광역시,울주군,88,53
202205,울산광역시,울주군,89,44
202205,울산광역시,울주군,90,37
202205,울산광역시,울주군,91,27
202205,울산광역시,울주군,92,15
202205,울산광역시,울주군,93,16
202205,울산광역시,울주군,94,12
202205,울산광역시,울주군,95,7
202205,울산광역시,울주군,96,10
202205,울산광역시,울주군,97,5
202205,울산광역시,울주군,98,5
202205,울산광역시,울주군,101,1
202205,세종특별자치시,세종특별자치시,0,6
202205,세종특별자치시,세종특별자치시,1,22
202205,세종특별자치시,세종특별자치시,2,25
202205,세종특별자치시,세종특별자치시,3,37
202205,세종특별자치시,세종특별자치시,4,49
202205,세종특별자치시,세종특별자치시,5,45
202205,세종특별자치시,세종특별자치시,6,75
202205,세종특별자치시,세종특별자치시,7,83
202205,세종특별자치시,세종특별자치시,8,96
202205,세종특별자치시,세종특별자치시,9,99
202205,세종특별자치시,세종특별자치시,10,133
202205,세종특별자치시,세종특별자치시,11,125
202205,세종특별자치시,세종특별자치시,12,130
202205,세종특별자치시,세종특별자치시,13,150
202205,세종특별자치시,세종특별자치시,14,158
202205,세종특별자치시,세종특별자치시,15,150
202205,세종특별자치시,세종특별자치시,16,138
202205,세종특별자치시,세종특별자치시,17,127
202205,세종특별자치시,세종특별자치시,18,136
202205,세종특별자치시,세종특별자치시,19,83
202205,세종특별자치시,세종특별자치시,20,54
202205,세종특별자치시,세종특별자치시,21,72
202205,세종특별자치시,세종특별자치시,22,53
202205,세종특별자치시,세종특별자치시,23,49
202205,세종특별자치시,세종특별자치시,24,47
202205,세종특별자치시,세종특별자치시,25,24
202205,세종특별자치시,세종특별자치시,26,29
202205,세종특별자치시,세종특별자치시,27,19
202205,세종특별자치시,세종특별자치시,28,23
202205,세종특별자치시,세종특별자치시,29,20
202205,세종특별자치시,세종특별자치시,30,37
202205,세종특별자치시,세종특별자치시,31,26
202205,세종특별자치시,세종특별자치시,32,19
202205,세종특별자치시,세종특별자치시,33,41
202205,세종특별자치시,세종특별자치시,34,26
202205,세종특별자치시,세종특별자치시,35,40
202205,세종특별자치시,세종특별자치시,36,43
202205,세종특별자치시,세종특별자치시,37,40
202205,세종특별자치시,세종특별자치시,38,69
202205,세종특별자치시,세종특별자치시,39,70
202205,세종특별자치시,세종특별자치시,40,79
202205,세종특별자치시,세종특별자치시,41,98
202205,세종특별자치시,세종특별자치시,42,84
202205,세종특별자치시,세종특별자치시,43,92
202205,세종특별자치시,세종특별자치시,44,80
202205,세종특별자치시,세종특별자치시,45,78
202205,세종특별자치시,세종특별자치시,46,83
202205,세종특별자치시,세종특별자치시,47,88
202205,세종특별자치시,세종특별자치시,48,94
202205,세종특별자치시,세종특별자치시,49,92
202205,세종특별자치시,세종특별자치시,50,115
202205,세종특별자치시,세종특별자치시,51,100
202205,세종특별자치시,세종특별자치시,52,100
202205,세종특별자치시,세종특별자치시,53,96
202205,세종특별자치시,세종특별자치시,54,86
202205,세종특별자치시,세종특별자치시,55,80
202205,세종특별자치시,세종특별자치시,56,89
202205,세종특별자치시,세종특별자치시,57,86
202205,세종특별자치시,세종특별자치시,58,80
202205,세종특별자치시,세종특별자치시,59,120
202205,세종특별자치시,세종특별자치시,60,101
202205,세종특별자치시,세종특별자치시,61,137
202205,세종특별자치시,세종특별자치시,62,139
202205,세종특별자치시,세종특별자치시,63,110
202205,세종특별자치시,세종특별자치시,64,103
202205,세종특별자치시,세종특별자치시,65,100
202205,세종특별자치시,세종특별자치시,66,110
202205,세종특별자치시,세종특별자치시,67,147
202205,세종특별자치시,세종특별자치시,68,113
202205,세종특별자치시,세종특별자치시,69,115
202205,세종특별자치시,세종특별자치시,70,84
202205,세종특별자치시,세종특별자치시,71,109
202205,세종특별자치시,세종특별자치시,72,102
202205,세종특별자치시,세종특별자치시,73,92
202205,세종특별자치시,세종특별자치시,74,107
202205,세종특별자치시,세종특별자치시,75,91
202205,세종특별자치시,세종특별자치시,76,74
202205,세종특별자치시,세종특별자치시,77,91
202205,세종특별자치시,세종특별자치시,78,93
202205,세종특별자치시,세종특별자치시,79,105
202205,세종특별자치시,세종특별자치시,80,103
202205,세종특별자치시,세종특별자치시,81,94
202205,세종특별자치시,세종특별자치시,82,109
202205,세종특별자치시,세종특별자치시,83,106
202205,세종특별자치시,세종특별자치시,84,93
202205,세종특별자치시,세종특별자치시,85,72
202205,세종특별자치시,세종특별자치시,86,72
202205,세종특별자치시,세종특별자치시,87,50
202205,세종특별자치시,세종특별자치시,88,45
202205,세종특별자치시,세종특별자치시,89,43
202205,세종특별자치시,세종특별자치시,90,36
202205,세종특별자치시,세종특별자치시,91,27
202205,세종특별자치시,세종특별자치시,92,26
202205,세종특별자치시,세종특별자치시,93,21
202205,세종특별자치시,세종특별자치시,94,17
202205,세종특별자치시,세종특별자치시,95,9
202205,세종특별자치시,세종특별자치시,96,4
202205,세종특별자치시,세종특별자치시,97,7
202205,세종특별자치시,세종특별자치시,98,3
202205,세종특별자치시,세종특별자치시,99,1
202205,세종특별자치시,세종특별자치시,100,4
202205,경기도,수원시,0,17
202205,경기도,수원시,1,35
202205,경기도,수원시,2,62
202205,경기도,수원시,3,82
202205,경기도,수원시,4,76
202205,경기도,수원시,5,92
202205,경기도,수원시,6,139
202205,경기도,수원시,7,160
202205,경기도,수원시,8,174
202205,경기도,수원시,9,194
202205,경기도,수원시,10,237
202205,경기도,수원시,11,292
202205,경기도,수원시,12,242
202205,경기도,수원시,13,324
202205,경기도,수원시,14,318
202205,경기도,수원시,15,333
202205,경기도,수원시,16,334
202205,경기도,수원시,17,339
202205,경기도,수원시,18,320
202205,경기도,수원시,19,271
202205,경기도,수원시,20,234
202205,경기도,수원시,21,187
202205,경기도,수원시,22,199
202205,경기도,수원시,23,174
202205,경기도,수원시,24,158
202205,경기도,수원시,25,132
202205,경기도,수원시,26,103
202205,경기도,수원시,27,73
202205,경기도,수원시,28,74
202205,경기도,수원시,29,72
202205,경기도,수원시,30,91
202205,경기도,수원시,31,100
202205,경기도,수원시,32,108
202205,경기도,수원시,33,102
202205,경기도,수원시,34,113
202205,경기도,수원시,35,125
202205,경기도,수원시,36,146
202205,경기도,수원시,37,121
202205,경기도,수원시,38,160
202205,경기도,수원시,39,173
202205,경기도,수원시,40,197
202205,경기도,수원시,41,236
202205,경기도,수원시,42,244
202205,경기도,수원시,43,219
202205,경기도,수원시,44,232
202205,경기도,수원시,45,247
202205,경기도,수원시,46,250
202205,경기도,수원시,47,292
202205,경기도,수원시,48,340
202205,경기도,수원시,49,367
202205,경기도,수원시,50,390
202205,경기도,수원시,51,411
202205,경기도,수원시,52,407
202205,경기도,수원시,53,422
202205,경기도,수원시,54,436
202205,경기도,수원시,55,412
202205,경기도,수원시,56,384
202205,경기도,수원시,57,421
202205,경기도,수원시,58,416
202205,경기도,수원시,59,465
202205,경기도,수원시,60,470
202205,경기도,수원시,61,607
202205,경기도,수원시,62,546
202205,경기도,수원시,63,510
202205,경기도,수원시,64,511
202205,경기도,수원시,65,523
202205,경기도,수원시,66,563
202205,경기도,수원시,67,559
202205,경기도,수원시,68,474
202205,경기도,수원시,69,483
202205,경기도,수원시,70,504
202205,경기도,수원시,71,391
202205,경기도,수원시,72,438
202205,경기도,수원시,73,445
202205,경기도,수원시,74,474
202205,경기도,수원시,75,459
202205,경기도,수원시,76,322
202205,경기도,수원시,77,410
202205,경기도,수원시,78,371
202205,경기도,수원시,79,466
202205,경기도,수원시,80,447
202205,경기도,수원시,81,391
202205,경기도,수원시,82,379
202205,경기도,수원시,83,375
202205,경기도,수원시,84,330
202205,경기도,수원시,85,280
202205,경기도,수원시,86,247
202205,경기도,수원시,87,221
202205,경기도,수원시,88,208
202205,경기도,수원시,89,170
202205,경기도,수원시,90,131
202205,경기도,수원시,91,89
202205,경기도,수원시,92,76
202205,경기도,수원시,93,59
202205,경기도,수원시,94,58
202205,경기도,수원시,95,36
202205,경기도,수원시,96,20
202205,경기도,수원시,97,22
202205,경기도,수원시,98,5
202205,경기도,수원시,99,10
202205,경기도,수원시,100,3
202205,경기도,수원시,102,2
202205,경기도,수원시,103,3
202205,경기도,수원시,104,2
202205,경기도,수원시,106,2
202205,경기도,수원시,107,1
202205,경기도,성남시,0,30
202205,경기도,성남시,1,58
202205,경기도,성남시,2,52
202205,경기도,성남시,3,70
202205,경기도,성남시,4,68
202205,경기도,성남시,5,90
202205,경기도,성남시,6,155
202205,경기도,성남시,7,217
202205,경기도,성남시,8,249
202205,경기도,성남시,9,266
202205,경기도,성남시,10,287
202205,경기도,성남시,11,339
202205,경기도,성남시,12,305
202205,경기도,성남시,13,346
202205,경기도,성남시,14,357
202205,경기도,성남시,15,397
202205,경기도,성남시,16,359
202205,경기도,성남시,17,418
202205,경기도,성남시,18,378
202205,경기도,성남시,19,311
202205,경기도,성남시,20,245
202205,경기도,성남시,21,250
202205,경기도,성남시,22,254
202205,경기도,성남시,23,223
202205,경기도,성남시,24,198
202205,경기도,성남시,25,152
202205,경기도,성남시,26,132
202205,경기도,성남시,27,109
202205,경기도,성남시,28,102
202205,경기도,성남시,29,108
202205,경기도,성남시,30,115
202205,경기도,성남시,31,117
202205,경기도,성남시,32,105
202205,경기도,성남시,33,116
202205,경기도,성남시,34,105
202205,경기도,성남시,35,133
202205,경기도,성남시,36,124
202205,경기도,성남시,37,164
202205,경기도,성남시,38,164
202205,경기도,성남시,39,210
202205,경기도,성남시,40,243
202205,경기도,성남시,41,257
202205,경기도,성남시,42,267
202205,경기도,성남시,43,261
202205,경기도,성남시,44,249
202205,경기도,성남시,45,283
202205,경기도,성남시,46,337
202205,경기도,성남시,47,326
202205,경기도,성남시,48,387
202205,경기도,성남시,49,443
202205,경기도,성남시,50,457
202205,경기도,성남시,51,487
202205,경기도,성남시,52,515
202205,경기도,성남시,53,525
202205,경기도,성남시,54,505
202205,경기도,성남시,55,520
202205,경기도,성남시,56,508
202205,경기도,성남시,57,494
202205,경기도,성남시,58,492
202205,경기도,성남시,59,581
202205,경기도,성남시,60,605
202205,경기도,성남시,61,762
202205,경기도,성남시,62,655
202205,경기도,성남시,63,687
202205,경기도,성남시,64,654
202205,경기도,성남시,65,644
202205,경기도,성남시,66,619
202205,경기도,성남시,67,707
202205,경기도,성남시,68,563
202205,경기도,성남시,69,589
202205,경기도,성남시,70,520
202205,경기도,성남시,71,448
202205,경기도,성남시,72,488
202205,경기도,성남시,73,504
202205,경기도,성남시,74,529
202205,경기도,성남시,75,502
202205,경기도,성남시,76,397
202205,경기도,성남시,77,445
202205,경기도,성남시,78,436
202205,경기도,성남시,79,514
202205,경기도,성남시,80,513
202205,경기도,성남시,81,390
202205,경기도,성남시,82,417
202205,경기도,성남시,83,403
202205,경기도,성남시,84,338
202205,경기도,성남시,85,294
202205,경기도,성남시,86,278
202205,경기도,성남시,87,261
202205,경기도,성남시,88,212
202205,경기도,성남시,89,153
202205,경기도,성남시,90,119
202205,경기도,성남시,91,102
202205,경기도,성남시,92,108
202205,경기도,성남시,93,64
202205,경기도,성남시,94,64
202205,경기도,성남시,95,26
202205,경기도,성남시,96,22
202205,경기도,성남시,97,16
202205,경기도,성남시,98,13
202205,경기도,성남시,99,8
202205,경기도,성남시,100,11
202205,경기도,성남시,101,8
202205,경기도,성남시,102,2
202205,경기도,성남시,106,1
202205,경기도,성남시,108,1
202205,경기도,의정부시,0,28
202205,경기도,의정부시,1,54
202205,경기도,의정부시,2,72
202205,경기도,의정부시,3,76
202205,경기도,의정부시,4,94
202205,경기도,의정부시,5,104
202205,경기도,의정부시,6,130
202205,경기도,의정부시,7,176
202205,경기도,의정부시,8,209
202205,경기도,의정부시,9,241
202205,경기도,의정부시,10,280
202205,경기도,의정부시,11,289
202205,경기도,의정부시,12,268
202205,경기도,의정부시,13,307
202205,경기도,의정부시,14,322
202205,경기도,의정부시,15,340
202205,경기도,의정부시,16,357
202205,경기도,의정부시,17,341
202205,경기도,의정부시,18,351
202205,경기도,의정부시,19,295
202205,경기도,의정부시,20,255
202205,경기도,의정부시,21,226
202205,경기도,의정부시,22,196
202205,경기도,의정부시,23,179
202205,경기도,의정부시,24,155
202205,경기도,의정부시,25,111
202205,경기도,의정부시,26,92
202205,경기도,의정부시,27,83
202205,경기도,의정부시,28,75
202205,경기도,의정부시,29,77
202205,경기도,의정부시,30,96
202205,경기도,의정부시,31,85
202205,경기도,의정부시,32,81
202205,경기도,의정부시,33,81
202205,경기도,의정부시,34,99
202205,경기도,의정부시,35,100
202205,경기도,의정부시,36,117
202205,경기도,의정부시,37,134
202205,경기도,의정부시,38,146
202205,경기도,의정부시,39,159
202205,경기도,의정부시,40,172
202205,경기도,의정부시,41,220
202205,경기도,의정부시,42,202
202205,경기도,의정부시,43,209
202205,경기도,의정부시,44,229
202205,경기도,의정부시,45,229
202205,경기도,의정부시,46,207
202205,경기도,의정부시,47,334
202205,경기도,의정부시,48,288
202205,경기도,의정부시,49,335
202205,경기도,의정부시,50,376
202205,경기도,의정부시,51,381
202205,경기도,의정부시,52,323
202205,경기도,의정부시,53,379
202205,경기도,의정부시,54,359
202205,경기도,의정부시,55,362
202205,경기도,의정부시,56,347
202205,경기도,의정부시,57,384
202205,경기도,의정부시,58,316
202205,경기도,의정부시,59,386
202205,경기도,의정부시,60,401
202205,경기도,의정부시,61,478
202205,경기도,의정부시,62,463
202205,경기도,의정부시,63,427
202205,경기도,의정부시,64,418
202205,경기도,의정부시,65,453
202205,경기도,의정부시,66,405
202205,경기도,의정부시,67,470
202205,경기도,의정부시,68,394
202205,경기도,의정부시,69,380
202205,경기도,의정부시,70,348
202205,경기도,의정부시,71,289
202205,경기도,의정부시,72,342
202205,경기도,의정부시,73,347
202205,경기도,의정부시,74,377
202205,경기도,의정부시,75,380
202205,경기도,의정부시,76,290
202205,경기도,의정부시,77,299
202205,경기도,의정부시,78,313
202205,경기도,의정부시,79,365
202205,경기도,의정부시,80,374
202205,경기도,의정부시,81,299
202205,경기도,의정부시,82,280
202205,경기도,의정부시,83,293
202205,경기도,의정부시,84,256
202205,경기도,의정부시,85,235
202205,경기도,의정부시,86,194
202205,경기도,의정부시,87,164
202205,경기도,의정부시,88,148
202205,경기도,의정부시,89,107
202205,경기도,의정부시,90,71
202205,경기도,의정부시,91,62
202205,경기도,의정부시,92,56
202205,경기도,의정부시,93,47
202205,경기도,의정부시,94,32
202205,경기도,의정부시,95,18
202205,경기도,의정부시,96,18
202205,경기도,의정부시,97,7
202205,경기도,의정부시,98,9
202205,경기도,의정부시,99,9
202205,경기도,의정부시,100,6
202205,경기도,의정부시,102,2
202205,경기도,의정부시,103,2
202205,경기도,안양시,0,11
202205,경기도,안양시,1,21
202205,경기도,안양시,2,33
202205,경기도,안양시,3,39
202205,경기도,안양시,4,48
202205,경기도,안양시,5,46
202205,경기도,안양시,6,63
202205,경기도,안양시,7,77
202205,경기도,안양시,8,91
202205,경기도,안양시,9,92
202205,경기도,안양시,10,121
202205,경기도,안양시,11,149
202205,경기도,안양시,12,134
202205,경기도,안양시,13,130
202205,경기도,안양시,14,170
202205,경기도,안양시,15,183
202205,경기도,안양시,16,178
202205,경기도,안양시,17,174
202205,경기도,안양시,18,170
202205,경기도,안양시,19,148
202205,경기도,안양시,20,116
202205,경기도,안양시,21,133
202205,경기도,안양시,22,106
202205,경기도,안양시,23,96
202205,경기도,안양시,24,86
202205,경기도,안양시,25,84
202205,경기도,안양시,26,40
202205,경기도,안양시,27,48
202205,경기도,안양시,28,39
202205,경기도,안양시,29,40
202205,경기도,안양시,30,50
202205,경기도,안양시,31,61
202205,경기도,안양시,32,67
202205,경기도,안양시,33,51
202205,경기도,안양시,34,50
202205,경기도,안양시,35,51
202205,경기도,안양시,36,65
202205,경기도,안양시,37,59
202205,경기도,안양시,38,71
202205,경기도,안양시,39,85
202205,경기도,안양시,40,91
202205,경기도,안양시,41,113
202205,경기도,안양시,42,99
202205,경기도,안양시,43,112
202205,경기도,안양시,44,101
202205,경기도,안양시,45,122
202205,경기도,안양시,46,128
202205,경기도,안양시,47,146
202205,경기도,안양시,48,153
202205,경기도,안양시,49,190
202205,경기도,안양시,50,184
202205,경기도,안양시,51,219
202205,경기도,안양시,52,212
202205,경기도,안양시,53,242
202205,경기도,안양시,54,215
202205,경기도,안양시,55,232
202205,경기도,안양시,56,228
202205,경기도,안양시,57,241
202205,경기도,안양시,58,238
202205,경기도,안양시,59,266
202205,경기도,안양시,60,268
202205,경기도,안양시,61,309
202205,경기도,안양시,62,308
202205,경기도,안양시,63,277
202205,경기도,안양시,64,269
202205,경기도,안양시,65,331
202205,경기도,안양시,66,284
202205,경기도,안양시,67,303
202205,경기도,안양시,68,255
202205,경기도,안양시,69,250
202205,경기도,안양시,70,219
202205,경기도,안양시,71,187
202205,경기도,안양시,72,228
202205,경기도,안양시,73,208
202205,경기도,안양시,74,206
202205,경기도,안양시,75,192
202205,경기도,안양시,76,171
202205,경기도,안양시,77,187
202205,경기도,안양시,78,211
202205,경기도,안양시,79,206
202205,경기도,안양시,80,220
202205,경기도,안양시,81,166
202205,경기도,안양시,82,165
202205,경기도,안양시,83,181
202205,경기도,안양시,84,158
202205,경기도,안양시,85,174
202205,경기도,안양시,86,133
202205,경기도,안양시,87,136
202205,경기도,안양시,88,96
202205,경기도,안양시,89,83
202205,경기도,안양시,90,66
202205,경기도,안양시,91,67
202205,경기도,안양시,92,55
202205,경기도,안양시,93,39
202205,경기도,안양시,94,30
202205,경기도,안양시,95,23
202205,경기도,안양시,96,12
202205,경기도,안양시,97,4
202205,경기도,안양시,98,9
202205,경기도,안양시,99,7
202205,경기도,안양시,101,3
202205,경기도,안양시,103,2
202205,경기도,안양시,106,1
202205,경기도,안양시,108,1
202205,경기도,부천시,0,33
202205,경기도,부천시,1,56
202205,경기도,부천시,2,63
202205,경기도,부천시,3,70
202205,경기도,부천시,4,101
202205,경기도,부천시,5,82
202205,경기도,부천시,6,108
202205,경기도,부천시,7,174
202205,경기도,부천시,8,190
202205,경기도,부천시,9,241
202205,경기도,부천시,10,237
202205,경기도,부천시,11,262
202205,경기도,부천시,12,259
202205,경기도,부천시,13,266
202205,경기도,부천시,14,328
202205,경기도,부천시,15,334
202205,경기도,부천시,16,346
202205,경기도,부천시,17,338
202205,경기도,부천시,18,314
202205,경기도,부천시,19,236
202205,경기도,부천시,20,219
202205,경기도,부천시,21,217
202205,경기도,부천시,22,177
202205,경기도,부천시,23,189
202205,경기도,부천시,24,152
202205,경기도,부천시,25,134
202205,경기도,부천시,26,110
202205,경기도,부천시,27,99
202205,경기도,부천시,28,85
202205,경기도,부천시,29,86
202205,경기도,부천시,30,105
202205,경기도,부천시,31,97
202205,경기도,부천시,32,109
202205,경기도,부천시,33,110
202205,경기도,부천시,34,119
202205,경기도,부천시,35,88
202205,경기도,부천시,36,132
202205,경기도,부천시,37,133
202205,경기도,부천시,38,154
202205,경기도,부천시,39,194
202205,경기도,부천시,40,183
202205,경기도,부천시,41,207
202205,경기도,부천시,42,219
202205,경기도,부천시,43,197
202205,경기도,부천시,44,223
202205,경기도,부천시,45,225
202205,경기도,부천시,46,267
202205,경기도,부천시,47,264
202205,경기도,부천시,48,341
202205,경기도,부천시,49,336
202205,경기도,부천시,50,354
202205,경기도,부천시,51,405
202205,경기도,부천시,52,455
202205,경기도,부천시,53,462
202205,경기도,부천시,54,406
202205,경기도,부천시,55,439
202205,경기도,부천시,56,439
202205,경기도,부천시,57,443
202205,경기도,부천시,58,428
202205,경기도,부천시,59,518
202205,경기도,부천시,60,522
202205,경기도,부천시,61,603
202205,경기도,부천시,62,565
202205,경기도,부천시,63,489
202205,경기도,부천시,64,567
202205,경기도,부천시,65,588
202205,경기도,부천시,66,566
202205,경기도,부천시,67,629
202205,경기도,부천시,68,476
202205,경기도,부천시,69,476
202205,경기도,부천시,70,495
202205,경기도,부천시,71,410
202205,경기도,부천시,72,468
202205,경기도,부천시,73,427
202205,경기도,부천시,74,442
202205,경기도,부천시,75,474
202205,경기도,부천시,76,337
202205,경기도,부천시,77,366
202205,경기도,부천시,78,380
202205,경기도,부천시,79,479
202205,경기도,부천시,80,454
202205,경기도,부천시,81,348
202205,경기도,부천시,82,400
202205,경기도,부천시,83,366
202205,경기도,부천시,84,313
202205,경기도,부천시,85,272
202205,경기도,부천시,86,265
202205,경기도,부천시,87,235
202205,경기도,부천시,88,200
202205,경기도,부천시,89,174
202205,경기도,부천시,90,130
202205,경기도,부천시,91,111
202205,경기도,부천시,92,81
202205,경기도,부천시,93,86
202205,경기도,부천시,94,46
202205,경기도,부천시,95,25
202205,경기도,부천시,96,21
202205,경기도,부천시,97,15
202205,경기도,부천시,98,13
202205,경기도,부천시,99,13
202205,경기도,부천시,100,6
202205,경기도,부천시,101,3
202205,경기도,부천시,102,3
202205,경기도,부천시,104,1
202205,경기도,부천시,105,1
202205,경기도,부천시,106,1
202205,경기도,부천시,107,1
202205,경기도,부천시,108,1
202205,경기도,광명시,0,9
202205,경기도,광명시,1,20
202205,경기도,광명시,2,22
202205,경기도,광명시,3,24
202205,경기도,광명시,4,22
202205,경기도,광명시,5,29
202205,경기도,광명시,6,50
202205,경기도,광명시,7,59
202205,경기도,광명시,8,53
202205,경기도,광명시,9,86
202205,경기도,광명시,10,82
202205,경기도,광명시,11,91
202205,경기도,광명시,12,96
202205,경기도,광명시,13,122
202205,경기도,광명시,14,109
202205,경기도,광명시,15,131
202205,경기도,광명시,16,135
202205,경기도,광명시,17,129
202205,경기도,광명시,18,139
202205,경기도,광명시,19,96
202205,경기도,광명시,20,74
202205,경기도,광명시,21,65
202205,경기도,광명시,22,81
202205,경기도,광명시,23,55
202205,경기도,광명시,24,50
202205,경기도,광명시,25,40
202205,경기도,광명시,26,38
202205,경기도,광명시,27,32
202205,경기도,광명시,28,33
202205,경기도,광명시,29,24
202205,경기도,광명시,30,27
202205,경기도,광명시,31,31
202205,경기도,광명시,32,34
202205,경기도,광명시,33,28
202205,경기도,광명시,34,30
202205,경기도,광명시,35,41
202205,경기도,광명시,36,48
202205,경기도,광명시,37,37
202205,경기도,광명시,38,40
202205,경기도,광명시,39,68
202205,경기도,광명시,40,68
202205,경기도,광명시,41,79
202205,경기도,광명시,42,71
202205,경기도,광명시,43,72
202205,경기도,광명시,44,82
202205,경기도,광명시,45,79
202205,경기도,광명시,46,91
202205,경기도,광명시,47,112
202205,경기도,광명시,48,102
202205,경기도,광명시,49,123
202205,경기도,광명시,50,134
202205,경기도,광명시,51,136
202205,경기도,광명시,52,138
202205,경기도,광명시,53,152
202205,경기도,광명시,54,121
202205,경기도,광명시,55,128
202205,경기도,광명시,56,130
202205,경기도,광명시,57,132
202205,경기도,광명시,58,124
202205,경기도,광명시,59,150
202205,경기도,광명시,60,162
202205,경기도,광명시,61,147
202205,경기도,광명시,62,145
202205,경기도,광명시,63,180
202205,경기도,광명시,64,135
202205,경기도,광명시,65,190
202205,경기도,광명시,66,183
202205,경기도,광명시,67,199
202205,경기도,광명시,68,154
202205,경기도,광명시,69,151
202205,경기도,광명시,70,165
202205,경기도,광명시,71,136
202205,경기도,광명시,72,149
202205,경기도,광명시,73,165
202205,경기도,광명시,74,151
202205,경기도,광명시,75,174
202205,경기도,광명시,76,130
202205,경기도,광명시,77,115
202205,경기도,광명시,78,136
202205,경기도,광명시,79,158
202205,경기도,광명시,80,151
202205,경기도,광명시,81,155
202205,경기도,광명시,82,130
202205,경기도,광명시,83,135
202205,경기도,광명시,84,104
202205,경기도,광명시,85,106
202205,경기도,광명시,86,94
202205,경기도,광명시,87,70
202205,경기도,광명시,88,68
202205,경기도,광명시,89,48
202205,경기도,광명시,90,45
202205,경기도,광명시,91,32
202205,경기도,광명시,92,42
202205,경기도,광명시,93,21
202205,경기도,광명시,94,17
202205,경기도,광명시,95,9
202205,경기도,광명시,96,8
202205,경기도,광명시,97,3
202205,경기도,광명시,98,3
202205,경기도,광명시,99,3
202205,경기도,광명시,100,5
202205,경기도,광명시,103,1
202205,경기도,평택시,0,28
202205,경기도,평택시,1,73
202205,경기도,평택시,2,73
202205,경기도,평택시,3,92
202205,경기도,평택시,4,88
202205,경기도,평택시,5,124
202205,경기도,평택시,6,165
202205,경기도,평택시,7,197
202205,경기도,평택시,8,236
202205,경기도,평택시,9,259
202205,경기도,평택시,10,290
202205,경기도,평택시,11,264
202205,경기도,평택시,12,265
202205,경기도,평택시,13,264
202205,경기도,평택시,14,293
202205,경기도,평택시,15,250
202205,경기도,평택시,16,279
202205,경기도,평택시,17,259
202205,경기도,평택시,18,251
202205,경기도,평택시,19,154
202205,경기도,평택시,20,120
202205,경기도,평택시,21,143
202205,경기도,평택시,22,112
202205,경기도,평택시,23,95
202205,경기도,평택시,24,99
202205,경기도,평택시,25,63
202205,경기도,평택시,26,56
202205,경기도,평택시,27,62
202205,경기도,평택시,28,50
202205,경기도,평택시,29,60
202205,경기도,평택시,30,81
202205,경기도,평택시,31,74
202205,경기도,평택시,32,65
202205,경기도,평택시,33,71
202205,경기도,평택시,34,84
202205,경기도,평택시,35,104
202205,경기도,평택시,36,125
202205,경기도,평택시,37,108
202205,경기도,평택시,38,134
202205,경기도,평택시,39,126
202205,경기도,평택시,40,164
202205,경기도,평택시,41,148
202205,경기도,평택시,42,195
202205,경기도,평택시,43,187
202205,경기도,평택시,44,170
202205,경기도,평택시,45,152
202205,경기도,평택시,46,165
202205,경기도,평택시,47,198
202205,경기도,평택시,48,243
202205,경기도,평택시,49,231
202205,경기도,평택시,50,234
202205,경기도,평택시,51,239
202205,경기도,평택시,52,261
202205,경기도,평택시,53,267
202205,경기도,평택시,54,226
202205,경기도,평택시,55,250
202205,경기도,평택시,56,229
202205,경기도,평택시,57,275
202205,경기도,평택시,58,225
202205,경기도,평택시,59,300
202205,경기도,평택시,60,306
202205,경기도,평택시,61,338
202205,경기도,평택시,62,282
202205,경기도,평택시,63,301
202205,경기도,평택시,64,298
202205,경기도,평택시,65,316
202205,경기도,평택시,66,304
202205,경기도,평택시,67,321
202205,경기도,평택시,68,268
202205,경기도,평택시,69,292
202205,경기도,평택시,70,284
202205,경기도,평택시,71,235
202205,경기도,평택시,72,263
202205,경기도,평택시,73,239
202205,경기도,평택시,74,271
202205,경기도,평택시,75,274
202205,경기도,평택시,76,219
202205,경기도,평택시,77,252
202205,경기도,평택시,78,239
202205,경기도,평택시,79,284
202205,경기도,평택시,80,272
202205,경기도,평택시,81,221
202205,경기도,평택시,82,224
202205,경기도,평택시,83,200
202205,경기도,평택시,84,192
202205,경기도,평택시,85,182
202205,경기도,평택시,86,159
202205,경기도,평택시,87,125
202205,경기도,평택시,88,99
202205,경기도,평택시,89,98
202205,경기도,평택시,90,64
202205,경기도,평택시,91,58
202205,경기도,평택시,92,24
202205,경기도,평택시,93,32
202205,경기도,평택시,94,23
202205,경기도,평택시,95,17
202205,경기도,평택시,96,8
202205,경기도,평택시,97,14
202205,경기도,평택시,98,4
202205,경기도,평택시,99,4
202205,경기도,평택시,100,1
202205,경기도,평택시,101,1
202205,경기도,평택시,102,3
202205,경기도,평택시,103,1
202205,경기도,평택시,104,2
202205,경기도,평택시,105,1
202205,경기도,평택시,106,1
202205,경기도,동두천시,0,11
202205,경기도,동두천시,1,19
202205,경기도,동두천시,2,26
202205,경기도,동두천시,3,31
202205,경기도,동두천시,4,28
202205,경기도,동두천시,5,25
202205,경기도,동두천시,6,52
202205,경기도,동두천시,7,79
202205,경기도,동두천시,8,77
202205,경기도,동두천시,9,85
202205,경기도,동두천시,10,102
202205,경기도,동두천시,11,122
202205,경기도,동두천시,12,102
202205,경기도,동두천시,13,116
202205,경기도,동두천시,14,106
202205,경기도,동두천시,15,116
202205,경기도,동두천시,16,92
202205,경기도,동두천시,17,111
202205,경기도,동두천시,18,114
202205,경기도,동두천시,19,69
202205,경기도,동두천시,20,68
202205,경기도,동두천시,21,65
202205,경기도,동두천시,22,60
202205,경기도,동두천시,23,40
202205,경기도,동두천시,24,46
202205,경기도,동두천시,25,45
202205,경기도,동두천시,26,24
202205,경기도,동두천시,27,27
202205,경기도,동두천시,28,20
202205,경기도,동두천시,29,27
202205,경기도,동두천시,30,23
202205,경기도,동두천시,31,25
202205,경기도,동두천시,32,16
202205,경기도,동두천시,33,22
202205,경기도,동두천시,34,25
202205,경기도,동두천시,35,22
202205,경기도,동두천시,36,32
202205,경기도,동두천시,37,36
202205,경기도,동두천시,38,42
202205,경기도,동두천시,39,55
202205,경기도,동두천시,40,66
202205,경기도,동두천시,41,48
202205,경기도,동두천시,42,64
202205,경기도,동두천시,43,67
202205,경기도,동두천시,44,59
202205,경기도,동두천시,45,63
202205,경기도,동두천시,46,68
202205,경기도,동두천시,47,79
202205,경기도,동두천시,48,76
202205,경기도,동두천시,49,89
202205,경기도,동두천시,50,97
202205,경기도,동두천시,51,104
202205,경기도,동두천시,52,106
202205,경기도,동두천시,53,114
202205,경기도,동두천시,54,102
202205,경기도,동두천시,55,108
202205,경기도,동두천시,56,99
202205,경기도,동두천시,57,120
202205,경기도,동두천시,58,107
202205,경기도,동두천시,59,95
202205,경기도,동두천시,60,122
202205,경기도,동두천시,61,140
202205,경기도,동두천시,62,133
202205,경기도,동두천시,63,127
202205,경기도,동두천시,64,121
202205,경기도,동두천시,65,140
202205,경기도,동두천시,66,139
202205,경기도,동두천시,67,164
202205,경기도,동두천시,68,131
202205,경기도,동두천시,69,148
202205,경기도,동두천시,70,110
202205,경기도,동두천시,71,108
202205,경기도,동두천시,72,126
202205,경기도,동두천시,73,123
202205,경기도,동두천시,74,120
202205,경기도,동두천시,75,154
202205,경기도,동두천시,76,92
202205,경기도,동두천시,77,102
202205,경기도,동두천시,78,136
202205,경기도,동두천시,79,169
202205,경기도,동두천시,80,148
202205,경기도,동두천시,81,154
202205,경기도,동두천시,82,116
202205,경기도,동두천시,83,106
202205,경기도,동두천시,84,104
202205,경기도,동두천시,85,93
202205,경기도,동두천시,86,84
202205,경기도,동두천시,87,59
202205,경기도,동두천시,88,51
202205,경기도,동두천시,89,47
202205,경기도,동두천시,90,25
202205,경기도,동두천시,91,20
202205,경기도,동두천시,92,19
202205,경기도,동두천시,93,16
202205,경기도,동두천시,94,14
202205,경기도,동두천시,95,14
202205,경기도,동두천시,96,5
202205,경기도,동두천시,97,3
202205,경기도,동두천시,98,2
202205,경기도,동두천시,99,3
202205,경기도,동두천시,100,1
202205,경기도,동두천시,102,1
202205,경기도,안산시,0,39
202205,경기도,안산시,1,69
202205,경기도,안산시,2,90
202205,경기도,안산시,3,111
202205,경기도,안산시,4,113
202205,경기도,안산시,5,158
202205,경기도,안산시,6,202
202205,경기도,안산시,7,272
202205,경기도,안산시,8,305
202205,경기도,안산시,9,335
202205,경기도,안산시,10,397
202205,경기도,안산시,11,426
202205,경기도,안산시,12,379
202205,경기도,안산시,13,451
202205,경기도,안산시,14,474
202205,경기도,안산시,15,526
202205,경기도,안산시,16,492
202205,경기도,안산시,17,482
202205,경기도,안산시,18,454
202205,경기도,안산시,19,350
202205,경기도,안산시,20,290
202205,경기도,안산시,21,316
202205,경기도,안산시,22,294
202205,경기도,안산시,23,184
202205,경기도,안산시,24,194
202205,경기도,안산시,25,142
202205,경기도,안산시,26,129
202205,경기도,안산시,27,114
202205,경기도,안산시,28,102
202205,경기도,안산시,29,99
202205,경기도,안산시,30,100
202205,경기도,안산시,31,119
202205,경기도,안산시,32,138
202205,경기도,안산시,33,125
202205,경기도,안산시,34,149
202205,경기도,안산시,35,140
202205,경기도,안산시,36,150
202205,경기도,안산시,37,154
202205,경기도,안산시,38,196
202205,경기도,안산시,39,192
202205,경기도,안산시,40,264
202205,경기도,안산시,41,282
202205,경기도,안산시,42,260
202205,경기도,안산시,43,256
202205,경기도,안산시,44,325
202205,경기도,안산시,45,282
202205,경기도,안산시,46,330
202205,경기도,안산시,47,355
202205,경기도,안산시,48,437
202205,경기도,안산시,49,406
202205,경기도,안산시,50,450
202205,경기도,안산시,51,473
202205,경기도,안산시,52,447
202205,경기도,안산시,53,507
202205,경기도,안산시,54,457
202205,경기도,안산시,55,492
202205,경기도,안산시,56,450
202205,경기도,안산시,57,538
202205,경기도,안산시,58,452
202205,경기도,안산시,59,500
202205,경기도,안산시,60,496
202205,경기도,안산시,61,552
202205,경기도,안산시,62,512
202205,경기도,안산시,63,492
202205,경기도,안산시,64,478
202205,경기도,안산시,65,492
202205,경기도,안산시,66,457
202205,경기도,안산시,67,519
202205,경기도,안산시,68,413
202205,경기도,안산시,69,414
202205,경기도,안산시,70,368
202205,경기도,안산시,71,340
202205,경기도,안산시,72,390
202205,경기도,안산시,73,384
202205,경기도,안산시,74,416
202205,경기도,안산시,75,400
202205,경기도,안산시,76,318
202205,경기도,안산시,77,362
202205,경기도,안산시,78,386
202205,경기도,안산시,79,415
202205,경기도,안산시,80,447
202205,경기도,안산시,81,360
202205,경기도,안산시,82,385
202205,경기도,안산시,83,364
202205,경기도,안산시,84,361
202205,경기도,안산시,85,325
202205,경기도,안산시,86,323
202205,경기도,안산시,87,246
202205,경기도,안산시,88,201
202205,경기도,안산시,89,164
202205,경기도,안산시,90,143
202205,경기도,안산시,91,115
202205,경기도,안산시,92,82
202205,경기도,안산시,93,61
202205,경기도,안산시,94,41
202205,경기도,안산시,95,40
202205,경기도,안산시,96,21
202205,경기도,안산시,97,21
202205,경기도,안산시,98,14
202205,경기도,안산시,99,7
202205,경기도,안산시,100,5
202205,경기도,안산시,101,2
202205,경기도,안산시,102,2
202205,경기도,안산시,103,2
202205,경기도,안산시,104,1
202205,경기도,안산시,120,1
202205,경기도,고양시,0,24
202205,경기도,고양시,1,58
202205,경기도,고양시,2,59
202205,경기도,고양시,3,84
202205,경기도,고양시,4,103
202205,경기도,고양시,5,123
202205,경기도,고양시,6,169
202205,경기도,고양시,7,219
202205,경기도,고양시,8,248
202205,경기도,고양시,9,284
202205,경기도,고양시,10,330
202205,경기도,고양시,11,356
202205,경기도,고양시,12,357
202205,경기도,고양시,13,360
202205,경기도,고양시,14,432
202205,경기도,고양시,15,444
202205,경기도,고양시,16,450
202205,경기도,고양시,17,492
202205,경기도,고양시,18,439
202205,경기도,고양시,19,321
202205,경기도,고양시,20,310
202205,경기도,고양시,21,302
202205,경기도,고양시,22,290
202205,경기도,고양시,23,264
202205,경기도,고양시,24,239
202205,경기도,고양시,25,163
202205,경기도,고양시,26,148
202205,경기도,고양시,27,120
202205,경기도,고양시,28,95
202205,경기도,고양시,29,99
202205,경기도,고양시,30,135
202205,경기도,고양시,31,134
202205,경기도,고양시,32,136
202205,경기도,고양시,33,141
202205,경기도,고양시,34,151
202205,경기도,고양시,35,111
202205,경기도,고양시,36,150
202205,경기도,고양시,37,130
202205,경기도,고양시,38,167
202205,경기도,고양시,39,202
202205,경기도,고양시,40,235
202205,경기도,고양시,41,216
202205,경기도,고양시,42,264
202205,경기도,고양시,43,243
202205,경기도,고양시,44,278
202205,경기도,고양시,45,286
202205,경기도,고양시,46,325
202205,경기도,고양시,47,308
202205,경기도,고양시,48,416
202205,경기도,고양시,49,446
202205,경기도,고양시,50,508
202205,경기도,고양시,51,516
202205,경기도,고양시,52,510
202205,경기도,고양시,53,548
202205,경기도,고양시,54,505
202205,경기도,고양시,55,524
202205,경기도,고양시,56,545
202205,경기도,고양시,57,504
202205,경기도,고양시,58,499
202205,경기도,고양시,59,588
202205,경기도,고양시,60,557
202205,경기도,고양시,61,613
202205,경기도,고양시,62,622
202205,경기도,고양시,63,590
202205,경기도,고양시,64,581
202205,경기도,고양시,65,616
202205,경기도,고양시,66,659
202205,경기도,고양시,67,678
202205,경기도,고양시,68,521
202205,경기도,고양시,69,589
202205,경기도,고양시,70,452
202205,경기도,고양시,71,399
202205,경기도,고양시,72,484
202205,경기도,고양시,73,483
202205,경기도,고양시,74,542
202205,경기도,고양시,75,521
202205,경기도,고양시,76,388
202205,경기도,고양시,77,514
202205,경기도,고양시,78,503
202205,경기도,고양시,79,559
202205,경기도,고양시,80,609
202205,경기도,고양시,81,468
202205,경기도,고양시,82,527
202205,경기도,고양시,83,495
202205,경기도,고양시,84,434
202205,경기도,고양시,85,412
202205,경기도,고양시,86,326
202205,경기도,고양시,87,310
202205,경기도,고양시,88,231
202205,경기도,고양시,89,171
202205,경기도,고양시,90,172
202205,경기도,고양시,91,138
202205,경기도,고양시,92,110
202205,경기도,고양시,93,78
202205,경기도,고양시,94,52
202205,경기도,고양시,95,44
202205,경기도,고양시,96,26
202205,경기도,고양시,97,23
202205,경기도,고양시,98,14
202205,경기도,고양시,99,9
202205,경기도,고양시,100,9
202205,경기도,고양시,101,3
202205,경기도,고양시,103,3
202205,경기도,고양시,104,1
202205,경기도,고양시,107,1
202205,경기도,고양시,108,1
202205,경기도,과천시,0,1
202205,경기도,과천시,2,3
202205,경기도,과천시,3,1
202205,경기도,과천시,4,3
202205,경기도,과천시,5,2
202205,경기도,과천시,6,4
202205,경기도,과천시,7,2
202205,경기도,과천시,8,5
202205,경기도,과천시,9,6
202205,경기도,과천시,10,5
202205,경기도,과천시,11,6
202205,경기도,과천시,12,7
202205,경기도,과천시,13,9
202205,경기도,과천시,14,7
202205,경기도,과천시,15,10
202205,경기도,과천시,16,17
202205,경기도,과천시,17,18
202205,경기도,과천시,18,13
202205,경기도,과천시,19,9
202205,경기도,과천시,20,12
202205,경기도,과천시,21,12
202205,경기도,과천시,22,10
202205,경기도,과천시,23,10
202205,경기도,과천시,24,8
202205,경기도,과천시,25,2
202205,경기도,과천시,26,9
202205,경기도,과천시,27,1
202205,경기도,과천시,28,5
202205,경기도,과천시,29,3
202205,경기도,과천시,30,5
202205,경기도,과천시,32,2
202205,경기도,과천시,33,9
202205,경기도,과천시,34,2
202205,경기도,과천시,35,2
202205,경기도,과천시,36,5
202205,경기도,과천시,37,4
202205,경기도,과천시,38,5
202205,경기도,과천시,39,6
202205,경기도,과천시,40,4
202205,경기도,과천시,41,5
202205,경기도,과천시,42,7
202205,경기도,과천시,43,5
202205,경기도,과천시,44,7
202205,경기도,과천시,45,8
202205,경기도,과천시,46,8
202205,경기도,과천시,47,9
202205,경기도,과천시,48,11
202205,경기도,과천시,49,7
202205,경기도,과천시,50,13
202205,경기도,과천시,51,18
202205,경기도,과천시,52,14
202205,경기도,과천시,53,16
202205,경기도,과천시,54,16
202205,경기도,과천시,55,13
202205,경기도,과천시,56,18
202205,경기도,과천시,57,17
202205,경기도,과천시,58,15
202205,경기도,과천시,59,20
202205,경기도,과천시,60,16
202205,경기도,과천시,61,14
202205,경기도,과천시,62,25
202205,경기도,과천시,63,26
202205,경기도,과천시,64,20
202205,경기도,과천시,65,24
202205,경기도,과천시,66,34
202205,경기도,과천시,67,26
202205,경기도,과천시,68,16
202205,경기도,과천시,69,19
202205,경기도,과천시,70,17
202205,경기도,과천시,71,15
202205,경기도,과천시,72,16
202205,경기도,과천시,73,13
202205,경기도,과천시,74,19
202205,경기도,과천시,75,19
202205,경기도,과천시,76,14
202205,경기도,과천시,77,22
202205,경기도,과천시,78,22
202205,경기도,과천시,79,23
202205,경기도,과천시,80,17
202205,경기도,과천시,81,22
202205,경기도,과천시,82,14
202205,경기도,과천시,83,8
202205,경기도,과천시,84,9
202205,경기도,과천시,85,13
202205,경기도,과천시,86,20
202205,경기도,과천시,87,11
202205,경기도,과천시,88,11
202205,경기도,과천시,89,11
202205,경기도,과천시,90,6
202205,경기도,과천시,91,4
202205,경기도,과천시,92,4
202205,경기도,과천시,93,3
202205,경기도,과천시,94,3
202205,경기도,과천시,95,4
202205,경기도,과천시,96,3
202205,경기도,과천시,98,2
202205,경기도,구리시,0,6
202205,경기도,구리시,1,13
202205,경기도,구리시,2,17
202205,경기도,구리시,3,21
202205,경기도,구리시,4,23
202205,경기도,구리시,5,21
202205,경기도,구리시,6,43
202205,경기도,구리시,7,36
202205,경기도,구리시,8,53
202205,경기도,구리시,9,72
202205,경기도,구리시,10,85
202205,경기도,구리시,11,82
202205,경기도,구리시,12,70
202205,경기도,구리시,13,69
202205,경기도,구리시,14,97
202205,경기도,구리시,15,91
202205,경기도,구리시,16,92
202205,경기도,구리시,17,100
202205,경기도,구리시,18,89
202205,경기도,구리시,19,92
202205,경기도,구리시,20,67
202205,경기도,구리시,21,81
202205,경기도,구리시,22,65
202205,경기도,구리시,23,60
202205,경기도,구리시,24,56
202205,경기도,구리시,25,36
202205,경기도,구리시,26,26
202205,경기도,구리시,27,24
202205,경기도,구리시,28,28
202205,경기도,구리시,29,26
202205,경기도,구리시,30,39
202205,경기도,구리시,31,34
202205,경기도,구리시,32,33
202205,경기도,구리시,33,24
202205,경기도,구리시,34,30
202205,경기도,구리시,35,42
202205,경기도,구리시,36,36
202205,경기도,구리시,37,37
202205,경기도,구리시,38,44
202205,경기도,구리시,39,53
202205,경기도,구리시,40,45
202205,경기도,구리시,41,63
202205,경기도,구리시,42,73
202205,경기도,구리시,43,48
202205,경기도,구리시,44,68
202205,경기도,구리시,45,68
202205,경기도,구리시,46,83
202205,경기도,구리시,47,84
202205,경기도,구리시,48,96
202205,경기도,구리시,49,102
202205,경기도,구리시,50,103
202205,경기도,구리시,51,117
202205,경기도,구리시,52,123
202205,경기도,구리시,53,137
202205,경기도,구리시,54,120
202205,경기도,구리시,55,136
202205,경기도,구리시,56,129
202205,경기도,구리시,57,127
202205,경기도,구리시,58,130
202205,경기도,구리시,59,163
202205,경기도,구리시,60,183
202205,경기도,구리시,61,183
202205,경기도,구리시,62,189
202205,경기도,구리시,63,157
202205,경기도,구리시,64,156
202205,경기도,구리시,65,160
202205,경기도,구리시,66,150
202205,경기도,구리시,67,188
202205,경기도,구리시,68,136
202205,경기도,구리시,69,133
202205,경기도,구리시,70,122
202205,경기도,구리시,71,122
202205,경기도,구리시,72,107
202205,경기도,구리시,73,94
202205,경기도,구리시,74,116
202205,경기도,구리시,75,119
202205,경기도,구리시,76,71
202205,경기도,구리시,77,81
202205,경기도,구리시,78,104
202205,경기도,구리시,79,121
202205,경기도,구리시,80,111
202205,경기도,구리시,81,98
202205,경기도,구리시,82,92
202205,경기도,구리시,83,78
202205,경기도,구리시,84,79
202205,경기도,구리시,85,59
202205,경기도,구리시,86,54
202205,경기도,구리시,87,66
202205,경기도,구리시,88,43
202205,경기도,구리시,89,28
202205,경기도,구리시,90,26
202205,경기도,구리시,91,24
202205,경기도,구리시,92,23
202205,경기도,구리시,93,17
202205,경기도,구리시,94,8
202205,경기도,구리시,95,2
202205,경기도,구리시,96,6
202205,경기도,구리시,97,9
202205,경기도,구리시,98,3
202205,경기도,구리시,99,2
202205,경기도,구리시,101,2
202205,경기도,남양주시,0,20
202205,경기도,남양주시,1,50
202205,경기도,남양주시,2,63
202205,경기도,남양주시,3,86
202205,경기도,남양주시,4,79
202205,경기도,남양주시,5,123
202205,경기도,남양주시,6,148
202205,경기도,남양주시,7,156
202205,경기도,남양주시,8,183
202205,경기도,남양주시,9,259
202205,경기도,남양주시,10,285
202205,경기도,남양주시,11,298
202205,경기도,남양주시,12,283
202205,경기도,남양주시,13,306
202205,경기도,남양주시,14,378
202205,경기도,남양주시,15,360
202205,경기도,남양주시,16,345
202205,경기도,남양주시,17,361
202205,경기도,남양주시,18,341
202205,경기도,남양주시,19,241
202205,경기도,남양주시,20,208
202205,경기도,남양주시,21,179
202205,경기도,남양주시,22,166
202205,경기도,남양주시,23,144
202205,경기도,남양주시,24,109
202205,경기도,남양주시,25,106
202205,경기도,남양주시,26,85
202205,경기도,남양주시,27,72
202205,경기도,남양주시,28,59
202205,경기도,남양주시,29,55
202205,경기도,남양주시,30,69
202205,경기도,남양주시,31,58
202205,경기도,남양주시,32,77
202205,경기도,남양주시,33,71
202205,경기도,남양주시,34,79
202205,경기도,남양주시,35,87
202205,경기도,남양주시,36,97
202205,경기도,남양주시,37,116
202205,경기도,남양주시,38,109
202205,경기도,남양주시,39,149
202205,경기도,남양주시,40,181
202205,경기도,남양주시,41,197
202205,경기도,남양주시,42,199
202205,경기도,남양주시,43,186
202205,경기도,남양주시,44,233
202205,경기도,남양주시,45,230
202205,경기도,남양주시,46,225
202205,경기도,남양주시,47,253
202205,경기도,남양주시,48,296
202205,경기도,남양주시,49,268
202205,경기도,남양주시,50,302
202205,경기도,남양주시,51,287
202205,경기도,남양주시,52,285
202205,경기도,남양주시,53,337
202205,경기도,남양주시,54,298
202205,경기도,남양주시,55,280
202205,경기도,남양주시,56,292
202205,경기도,남양주시,57,320
202205,경기도,남양주시,58,294
202205,경기도,남양주시,59,388
202205,경기도,남양주시,60,321
202205,경기도,남양주시,61,389
202205,경기도,남양주시,62,361
202205,경기도,남양주시,63,359
202205,경기도,남양주시,64,381
202205,경기도,남양주시,65,399
202205,경기도,남양주시,66,403
202205,경기도,남양주시,67,493
202205,경기도,남양주시,68,379
202205,경기도,남양주시,69,424
202205,경기도,남양주시,70,355
202205,경기도,남양주시,71,337
202205,경기도,남양주시,72,359
202205,경기도,남양주시,73,374
202205,경기도,남양주시,74,453
202205,경기도,남양주시,75,408
202205,경기도,남양주시,76,360
202205,경기도,남양주시,77,362
202205,경기도,남양주시,78,361
202205,경기도,남양주시,79,465
202205,경기도,남양주시,80,455
202205,경기도,남양주시,81,383
202205,경기도,남양주시,82,329
202205,경기도,남양주시,83,324
202205,경기도,남양주시,84,316
202205,경기도,남양주시,85,283
202205,경기도,남양주시,86,243
202205,경기도,남양주시,87,225
202205,경기도,남양주시,88,162
202205,경기도,남양주시,89,130
202205,경기도,남양주시,90,116
202205,경기도,남양주시,91,76
202205,경기도,남양주시,92,71
202205,경기도,남양주시,93,62
202205,경기도,남양주시,94,52
202205,경기도,남양주시,95,36
202205,경기도,남양주시,96,26
202205,경기도,남양주시,97,7
202205,경기도,남양주시,98,14
202205,경기도,남양주시,99,19
202205,경기도,남양주시,100,7
202205,경기도,남양주시,101,2
202205,경기도,남양주시,102,1
202205,경기도,남양주시,103,3
202205,경기도,남양주시,105,2
202205,경기도,남양주시,109,1
202205,경기도,남양주시,123,1
202205,경기도,오산시,0,8
202205,경기도,오산시,1,15
202205,경기도,오산시,2,42
202205,경기도,오산시,3,29
202205,경기도,오산시,4,51
202205,경기도,오산시,5,53
202205,경기도,오산시,6,66
202205,경기도,오산시,7,66
202205,경기도,오산시,8,83
202205,경기도,오산시,9,75
202205,경기도,오산시,10,101
202205,경기도,오산시,11,108
202205,경기도,오산시,12,92
202205,경기도,오산시,13,111
202205,경기도,오산시,14,109
202205,경기도,오산시,15,108
202205,경기도,오산시,16,99
202205,경기도,오산시,17,100
202205,경기도,오산시,18,80
202205,경기도,오산시,19,51
202205,경기도,오산시,20,60
202205,경기도,오산시,21,32
202205,경기도,오산시,22,46
202205,경기도,오산시,23,33
202205,경기도,오산시,24,24
202205,경기도,오산시,25,40
202205,경기도,오산시,26,24
202205,경기도,오산시,27,31
202205,경기도,오산시,28,32
202205,경기도,오산시,29,34
202205,경기도,오산시,30,21
202205,경기도,오산시,31,24
202205,경기도,오산시,32,30
202205,경기도,오산시,33,32
202205,경기도,오산시,34,43
202205,경기도,오산시,35,58
202205,경기도,오산시,36,59
202205,경기도,오산시,37,53
202205,경기도,오산시,38,68
202205,경기도,오산시,39,59
202205,경기도,오산시,40,79
202205,경기도,오산시,41,62
202205,경기도,오산시,42,84
202205,경기도,오산시,43,56
202205,경기도,오산시,44,56
202205,경기도,오산시,45,55
202205,경기도,오산시,46,71
202205,경기도,오산시,47,78
202205,경기도,오산시,48,89
202205,경기도,오산시,49,80
202205,경기도,오산시,50,71
202205,경기도,오산시,51,82
202205,경기도,오산시,52,94
202205,경기도,오산시,53,84
202205,경기도,오산시,54,96
202205,경기도,오산시,55,91
202205,경기도,오산시,56,80
202205,경기도,오산시,57,87
202205,경기도,오산시,58,90
202205,경기도,오산시,59,99
202205,경기도,오산시,60,111
202205,경기도,오산시,61,129
202205,경기도,오산시,62,110
202205,경기도,오산시,63,108
202205,경기도,오산시,64,100
202205,경기도,오산시,65,116
202205,경기도,오산시,66,96
202205,경기도,오산시,67,102
202205,경기도,오산시,68,90
202205,경기도,오산시,69,99
202205,경기도,오산시,70,76
202205,경기도,오산시,71,79
202205,경기도,오산시,72,74
202205,경기도,오산시,73,94
202205,경기도,오산시,74,89
202205,경기도,오산시,75,98
202205,경기도,오산시,76,82
202205,경기도,오산시,77,107
202205,경기도,오산시,78,93
202205,경기도,오산시,79,121
202205,경기도,오산시,80,112
202205,경기도,오산시,81,84
202205,경기도,오산시,82,78
202205,경기도,오산시,83,84
202205,경기도,오산시,84,62
202205,경기도,오산시,85,52
202205,경기도,오산시,86,69
202205,경기도,오산시,87,50
202205,경기도,오산시,88,36
202205,경기도,오산시,89,21
202205,경기도,오산시,90,23
202205,경기도,오산시,91,15
202205,경기도,오산시,92,20
202205,경기도,오산시,93,14
202205,경기도,오산시,94,9
202205,경기도,오산시,95,5
202205,경기도,오산시,96,7
202205,경기도,오산시,97,8
202205,경기도,오산시,99,1
202205,경기도,오산시,100,1
202205,경기도,시흥시,0,27
202205,경기도,시흥시,1,46
202205,경기도,시흥시,2,60
202205,경기도,시흥시,3,57
202205,경기도,시흥시,4,68
202205,경기도,시흥시,5,79
202205,경기도,시흥시,6,117
202205,경기도,시흥시,7,135
202205,경기도,시흥시,8,150
202205,경기도,시흥시,9,197
202205,경기도,시흥시,10,212
202205,경기도,시흥시,11,240
202205,경기도,시흥시,12,211
202205,경기도,시흥시,13,272
202205,경기도,시흥시,14,282
202205,경기도,시흥시,15,260
202205,경기도,시흥시,16,274
202205,경기도,시흥시,17,264
202205,경기도,시흥시,18,218
202205,경기도,시흥시,19,196
202205,경기도,시흥시,20,153
202205,경기도,시흥시,21,139
202205,경기도,시흥시,22,132
202205,경기도,시흥시,23,109
202205,경기도,시흥시,24,88
202205,경기도,시흥시,25,77
202205,경기도,시흥시,26,59
202205,경기도,시흥시,27,52
202205,경기도,시흥시,28,46
202205,경기도,시흥시,29,60
202205,경기도,시흥시,30,68
202205,경기도,시흥시,31,61
202205,경기도,시흥시,32,73
202205,경기도,시흥시,33,74
202205,경기도,시흥시,34,89
202205,경기도,시흥시,35,73
202205,경기도,시흥시,36,99
202205,경기도,시흥시,37,100
202205,경기도,시흥시,38,113
202205,경기도,시흥시,39,144
202205,경기도,시흥시,40,165
202205,경기도,시흥시,41,150
202205,경기도,시흥시,42,160
202205,경기도,시흥시,43,166
202205,경기도,시흥시,44,191
202205,경기도,시흥시,45,202
202205,경기도,시흥시,46,204
202205,경기도,시흥시,47,219
202205,경기도,시흥시,48,241
202205,경기도,시흥시,49,224
202205,경기도,시흥시,50,235
202205,경기도,시흥시,51,293
202205,경기도,시흥시,52,294
202205,경기도,시흥시,53,282
202205,경기도,시흥시,54,277
202205,경기도,시흥시,55,272
202205,경기도,시흥시,56,246
202205,경기도,시흥시,57,253
202205,경기도,시흥시,58,251
202205,경기도,시흥시,59,296
202205,경기도,시흥시,60,277
202205,경기도,시흥시,61,324
202205,경기도,시흥시,62,274
202205,경기도,시흥시,63,282
202205,경기도,시흥시,64,272
202205,경기도,시흥시,65,290
202205,경기도,시흥시,66,258
202205,경기도,시흥시,67,312
202205,경기도,시흥시,68,254
202205,경기도,시흥시,69,222
202205,경기도,시흥시,70,219
202205,경기도,시흥시,71,185
202205,경기도,시흥시,72,205
202205,경기도,시흥시,73,218
202205,경기도,시흥시,74,225
202205,경기도,시흥시,75,195
202205,경기도,시흥시,76,154
202205,경기도,시흥시,77,181
202205,경기도,시흥시,78,193
202205,경기도,시흥시,79,208
202205,경기도,시흥시,80,225
202205,경기도,시흥시,81,164
202205,경기도,시흥시,82,182
202205,경기도,시흥시,83,181
202205,경기도,시흥시,84,163
202205,경기도,시흥시,85,145
202205,경기도,시흥시,86,131
202205,경기도,시흥시,87,114
202205,경기도,시흥시,88,86
202205,경기도,시흥시,89,86
202205,경기도,시흥시,90,56
202205,경기도,시흥시,91,47
202205,경기도,시흥시,92,47
202205,경기도,시흥시,93,32
202205,경기도,시흥시,94,26
202205,경기도,시흥시,95,19
202205,경기도,시흥시,96,7
202205,경기도,시흥시,97,3
202205,경기도,시흥시,98,1
202205,경기도,시흥시,99,3
202205,경기도,시흥시,100,3
202205,경기도,시흥시,101,3
202205,경기도,시흥시,102,3
202205,경기도,군포시,0,16
202205,경기도,군포시,1,36
202205,경기도,군포시,2,29
202205,경기도,군포시,3,34
202205,경기도,군포시,4,30
202205,경기도,군포시,5,40
202205,경기도,군포시,6,65
202205,경기도,군포시,7,70
202205,경기도,군포시,8,104
202205,경기도,군포시,9,82
202205,경기도,군포시,10,112
202205,경기도,군포시,11,116
202205,경기도,군포시,12,106
202205,경기도,군포시,13,101
202205,경기도,군포시,14,127
202205,경기도,군포시,15,121
202205,경기도,군포시,16,135
202205,경기도,군포시,17,115
202205,경기도,군포시,18,117
202205,경기도,군포시,19,114
202205,경기도,군포시,20,86
202205,경기도,군포시,21,95
202205,경기도,군포시,22,83
202205,경기도,군포시,23,71
202205,경기도,군포시,24,60
202205,경기도,군포시,25,64
202205,경기도,군포시,26,42
202205,경기도,군포시,27,49
202205,경기도,군포시,28,31
202205,경기도,군포시,29,41
202205,경기도,군포시,30,48
202205,경기도,군포시,31,51
202205,경기도,군포시,32,39
202205,경기도,군포시,33,35
202205,경기도,군포시,34,45
202205,경기도,군포시,35,42
202205,경기도,군포시,36,54
202205,경기도,군포시,37,48
202205,경기도,군포시,38,56
202205,경기도,군포시,39,70
202205,경기도,군포시,40,74
202205,경기도,군포시,41,88
202205,경기도,군포시,42,81
202205,경기도,군포시,43,72
202205,경기도,군포시,44,91
202205,경기도,군포시,45,72
202205,경기도,군포시,46,100
202205,경기도,군포시,47,97
202205,경기도,군포시,48,122
202205,경기도,군포시,49,128
202205,경기도,군포시,50,144
202205,경기도,군포시,51,118
202205,경기도,군포시,52,122
202205,경기도,군포시,53,161
202205,경기도,군포시,54,140
202205,경기도,군포시,55,135
202205,경기도,군포시,56,181
202205,경기도,군포시,57,156
202205,경기도,군포시,58,147
202205,경기도,군포시,59,178
202205,경기도,군포시,60,202
202205,경기도,군포시,61,219
202205,경기도,군포시,62,186
202205,경기도,군포시,63,207
202205,경기도,군포시,64,191
202205,경기도,군포시,65,177
202205,경기도,군포시,66,200
202205,경기도,군포시,67,227
202205,경기도,군포시,68,163
202205,경기도,군포시,69,153
202205,경기도,군포시,70,150
202205,경기도,군포시,71,124
202205,경기도,군포시,72,158
202205,경기도,군포시,73,153
202205,경기도,군포시,74,141
202205,경기도,군포시,75,152
202205,경기도,군포시,76,98
202205,경기도,군포시,77,106
202205,경기도,군포시,78,132
202205,경기도,군포시,79,138
202205,경기도,군포시,80,154
202205,경기도,군포시,81,138
202205,경기도,군포시,82,142
202205,경기도,군포시,83,115
202205,경기도,군포시,84,112
202205,경기도,군포시,85,100
202205,경기도,군포시,86,99
202205,경기도,군포시,87,76
202205,경기도,군포시,88,82
202205,경기도,군포시,89,55
202205,경기도,군포시,90,43
202205,경기도,군포시,91,28
202205,경기도,군포시,92,37
202205,경기도,군포시,93,30
202205,경기도,군포시,94,28
202205,경기도,군포시,95,13
202205,경기도,군포시,96,13
202205,경기도,군포시,97,6
202205,경기도,군포시,98,2
202205,경기도,군포시,99,3
202205,경기도,군포시,100,7
202205,경기도,군포시,101,1
202205,경기도,의왕시,0,4
202205,경기도,의왕시,1,11
202205,경기도,의왕시,2,9
202205,경기도,의왕시,3,6
202205,경기도,의왕시,4,12
202205,경기도,의왕시,5,11
202205,경기도,의왕시,6,16
202205,경기도,의왕시,7,25
202205,경기도,의왕시,8,20
202205,경기도,의왕시,9,36
202205,경기도,의왕시,10,47
202205,경기도,의왕시,11,40
202205,경기도,의왕시,12,32
202205,경기도,의왕시,13,38
202205,경기도,의왕시,14,42
202205,경기도,의왕시,15,37
202205,경기도,의왕시,16,42
202205,경기도,의왕시,17,41
202205,경기도,의왕시,18,44
202205,경기도,의왕시,19,35
202205,경기도,의왕시,20,41
202205,경기도,의왕시,21,35
202205,경기도,의왕시,22,33
202205,경기도,의왕시,23,20
202205,경기도,의왕시,24,31
202205,경기도,의왕시,25,20
202205,경기도,의왕시,26,20
202205,경기도,의왕시,27,15
202205,경기도,의왕시,28,14
202205,경기도,의왕시,29,7
202205,경기도,의왕시,30,21
202205,경기도,의왕시,31,14
202205,경기도,의왕시,32,15
202205,경기도,의왕시,33,11
202205,경기도,의왕시,34,24
202205,경기도,의왕시,35,19
202205,경기도,의왕시,36,17
202205,경기도,의왕시,37,17
202205,경기도,의왕시,38,21
202205,경기도,의왕시,39,18
202205,경기도,의왕시,40,30
202205,경기도,의왕시,41,21
202205,경기도,의왕시,42,29
202205,경기도,의왕시,43,12
202205,경기도,의왕시,44,23
202205,경기도,의왕시,45,34
202205,경기도,의왕시,46,31
202205,경기도,의왕시,47,34
202205,경기도,의왕시,48,40
202205,경기도,의왕시,49,35
202205,경기도,의왕시,50,56
202205,경기도,의왕시,51,54
202205,경기도,의왕시,52,53
202205,경기도,의왕시,53,52
202205,경기도,의왕시,54,51
202205,경기도,의왕시,55,40
202205,경기도,의왕시,56,39
202205,경기도,의왕시,57,57
202205,경기도,의왕시,58,46
202205,경기도,의왕시,59,59
202205,경기도,의왕시,60,56
202205,경기도,의왕시,61,58
202205,경기도,의왕시,62,75
202205,경기도,의왕시,63,51
202205,경기도,의왕시,64,68
202205,경기도,의왕시,65,72
202205,경기도,의왕시,66,67
202205,경기도,의왕시,67,75
202205,경기도,의왕시,68,59
202205,경기도,의왕시,69,74
202205,경기도,의왕시,70,64
202205,경기도,의왕시,71,61
202205,경기도,의왕시,72,61
202205,경기도,의왕시,73,70
202205,경기도,의왕시,74,68
202205,경기도,의왕시,75,58
202205,경기도,의왕시,76,58
202205,경기도,의왕시,77,48
202205,경기도,의왕시,78,59
202205,경기도,의왕시,79,90
202205,경기도,의왕시,80,80
202205,경기도,의왕시,81,78
202205,경기도,의왕시,82,67
202205,경기도,의왕시,83,69
202205,경기도,의왕시,84,57
202205,경기도,의왕시,85,47
202205,경기도,의왕시,86,52
202205,경기도,의왕시,87,49
202205,경기도,의왕시,88,40
202205,경기도,의왕시,89,34
202205,경기도,의왕시,90,21
202205,경기도,의왕시,91,25
202205,경기도,의왕시,92,14
202205,경기도,의왕시,93,11
202205,경기도,의왕시,94,15
202205,경기도,의왕시,95,8
202205,경기도,의왕시,96,3
202205,경기도,의왕시,97,3
202205,경기도,의왕시,98,1
202205,경기도,의왕시,99,2
202205,경기도,의왕시,100,3
202205,경기도,의왕시,101,1
202205,경기도,의왕시,104,1
202205,경기도,하남시,0,8
202205,경기도,하남시,1,12
202205,경기도,하남시,2,12
202205,경기도,하남시,3,31
202205,경기도,하남시,4,32
202205,경기도,하남시,5,30
202205,경기도,하남시,6,41
202205,경기도,하남시,7,53
202205,경기도,하남시,8,60
202205,경기도,하남시,9,49
202205,경기도,하남시,10,46
202205,경기도,하남시,11,69
202205,경기도,하남시,12,65
202205,경기도,하남시,13,71
202205,경기도,하남시,14,81
202205,경기도,하남시,15,78
202205,경기도,하남시,16,87
202205,경기도,하남시,17,79
202205,경기도,하남시,18,84
202205,경기도,하남시,19,53
202205,경기도,하남시,20,63
202205,경기도,하남시,21,38
202205,경기도,하남시,22,45
202205,경기도,하남시,23,43
202205,경기도,하남시,24,38
202205,경기도,하남시,25,35
202205,경기도,하남시,26,22
202205,경기도,하남시,27,21
202205,경기도,하남시,28,22
202205,경기도,하남시,29,18
202205,경기도,하남시,30,30
202205,경기도,하남시,31,30
202205,경기도,하남시,32,30
202205,경기도,하남시,33,29
202205,경기도,하남시,34,37
202205,경기도,하남시,35,25
202205,경기도,하남시,36,29
202205,경기도,하남시,37,39
202205,경기도,하남시,38,44
202205,경기도,하남시,39,46
202205,경기도,하남시,40,74
202205,경기도,하남시,41,57
202205,경기도,하남시,42,71
202205,경기도,하남시,43,54
202205,경기도,하남시,44,71
202205,경기도,하남시,45,50
202205,경기도,하남시,46,72
202205,경기도,하남시,47,69
202205,경기도,하남시,48,77
202205,경기도,하남시,49,72
202205,경기도,하남시,50,87
202205,경기도,하남시,51,81
202205,경기도,하남시,52,90
202205,경기도,하남시,53,93
202205,경기도,하남시,54,96
202205,경기도,하남시,55,81
202205,경기도,하남시,56,98
202205,경기도,하남시,57,86
202205,경기도,하남시,58,82
202205,경기도,하남시,59,113
202205,경기도,하남시,60,109
202205,경기도,하남시,61,139
202205,경기도,하남시,62,147
202205,경기도,하남시,63,159
202205,경기도,하남시,64,132
202205,경기도,하남시,65,152
202205,경기도,하남시,66,170
202205,경기도,하남시,67,151
202205,경기도,하남시,68,147
202205,경기도,하남시,69,171
202205,경기도,하남시,70,144
202205,경기도,하남시,71,138
202205,경기도,하남시,72,121
202205,경기도,하남시,73,136
202205,경기도,하남시,74,155
202205,경기도,하남시,75,162
202205,경기도,하남시,76,97
202205,경기도,하남시,77,123
202205,경기도,하남시,78,118
202205,경기도,하남시,79,116
202205,경기도,하남시,80,135
202205,경기도,하남시,81,81
202205,경기도,하남시,82,104
202205,경기도,하남시,83,101
202205,경기도,하남시,84,85
202205,경기도,하남시,85,70
202205,경기도,하남시,86,79
202205,경기도,하남시,87,52
202205,경기도,하남시,88,46
202205,경기도,하남시,89,43
202205,경기도,하남시,90,37
202205,경기도,하남시,91,26
202205,경기도,하남시,92,33
202205,경기도,하남시,93,18
202205,경기도,하남시,94,7
202205,경기도,하남시,95,11
202205,경기도,하남시,96,8
202205,경기도,하남시,97,4
202205,경기도,하남시,98,6
202205,경기도,하남시,99,3
202205,경기도,하남시,102,2
202205,경기도,하남시,103,1
202205,경기도,용인시,0,22
202205,경기도,용인시,1,43
202205,경기도,용인시,2,52
202205,경기도,용인시,3,69
202205,경기도,용인시,4,72
202205,경기도,용인시,5,96
202205,경기도,용인시,6,132
202205,경기도,용인시,7,127
202205,경기도,용인시,8,147
202205,경기도,용인시,9,172
202205,경기도,용인시,10,183
202205,경기도,용인시,11,236
202205,경기도,용인시,12,204
202205,경기도,용인시,13,196
202205,경기도,용인시,14,266
202205,경기도,용인시,15,234
202205,경기도,용인시,16,232
202205,경기도,용인시,17,264
202205,경기도,용인시,18,229
202205,경기도,용인시,19,165
202205,경기도,용인시,20,159
202205,경기도,용인시,21,145
202205,경기도,용인시,22,131
202205,경기도,용인시,23,126
202205,경기도,용인시,24,109
202205,경기도,용인시,25,66
202205,경기도,용인시,26,65
202205,경기도,용인시,27,60
202205,경기도,용인시,28,61
202205,경기도,용인시,29,52
202205,경기도,용인시,30,61
202205,경기도,용인시,31,54
202205,경기도,용인시,32,61
202205,경기도,용인시,33,77
202205,경기도,용인시,34,67
202205,경기도,용인시,35,67
202205,경기도,용인시,36,87
202205,경기도,용인시,37,91
202205,경기도,용인시,38,104
202205,경기도,용인시,39,124
202205,경기도,용인시,40,149
202205,경기도,용인시,41,138
202205,경기도,용인시,42,176
202205,경기도,용인시,43,136
202205,경기도,용인시,44,132
202205,경기도,용인시,45,129
202205,경기도,용인시,46,166
202205,경기도,용인시,47,205
202205,경기도,용인시,48,214
202205,경기도,용인시,49,225
202205,경기도,용인시,50,253
202205,경기도,용인시,51,277
202205,경기도,용인시,52,235
202205,경기도,용인시,53,235
202205,경기도,용인시,54,253
202205,경기도,용인시,55,211
202205,경기도,용인시,56,215
202205,경기도,용인시,57,225
202205,경기도,용인시,58,218
202205,경기도,용인시,59,211
202205,경기도,용인시,60,252
202205,경기도,용인시,61,261
202205,경기도,용인시,62,253
202205,경기도,용인시,63,230
202205,경기도,용인시,64,249
202205,경기도,용인시,65,281
202205,경기도,용인시,66,282
202205,경기도,용인시,67,316
202205,경기도,용인시,68,248
202205,경기도,용인시,69,255
202205,경기도,용인시,70,248
202205,경기도,용인시,71,237
202205,경기도,용인시,72,280
202205,경기도,용인시,73,258
202205,경기도,용인시,74,301
202205,경기도,용인시,75,326
202205,경기도,용인시,76,250
202205,경기도,용인시,77,313
202205,경기도,용인시,78,297
202205,경기도,용인시,79,371
202205,경기도,용인시,80,367
202205,경기도,용인시,81,316
202205,경기도,용인시,82,285
202205,경기도,용인시,83,275
202205,경기도,용인시,84,272
202205,경기도,용인시,85,217
202205,경기도,용인시,86,206
202205,경기도,용인시,87,178
202205,경기도,용인시,88,158
202205,경기도,용인시,89,126
202205,경기도,용인시,90,126
202205,경기도,용인시,91,79
202205,경기도,용인시,92,76
202205,경기도,용인시,93,67
202205,경기도,용인시,94,55
202205,경기도,용인시,95,34
202205,경기도,용인시,96,27
202205,경기도,용인시,97,24
202205,경기도,용인시,98,14
202205,경기도,용인시,99,12
202205,경기도,용인시,100,10
202205,경기도,용인시,101,2
202205,경기도,용인시,102,1
202205,경기도,용인시,103,2
202205,경기도,용인시,104,1
202205,경기도,용인시,105,1
202205,경기도,용인시,110,1
202205,경기도,파주시,0,17
202205,경기도,파주시,1,52
202205,경기도,파주시,2,61
202205,경기도,파주시,3,80
202205,경기도,파주시,4,84
202205,경기도,파주시,5,93
202205,경기도,파주시,6,134
202205,경기도,파주시,7,191
202205,경기도,파주시,8,221
202205,경기도,파주시,9,235
202205,경기도,파주시,10,278
202205,경기도,파주시,11,286
202205,경기도,파주시,12,296
202205,경기도,파주시,13,301
202205,경기도,파주시,14,318
202205,경기도,파주시,15,324
202205,경기도,파주시,16,302
202205,경기도,파주시,17,327
202205,경기도,파주시,18,268
202205,경기도,파주시,19,241
202205,경기도,파주시,20,197
202205,경기도,파주시,21,152
202205,경기도,파주시,22,157
202205,경기도,파주시,23,127
202205,경기도,파주시,24,115
202205,경기도,파주시,25,83
202205,경기도,파주시,26,82
202205,경기도,파주시,27,58
202205,경기도,파주시,28,47
202205,경기도,파주시,29,53
202205,경기도,파주시,30,57
202205,경기도,파주시,31,58
202205,경기도,파주시,32,65
202205,경기도,파주시,33,72
202205,경기도,파주시,34,75
202205,경기도,파주시,35,92
202205,경기도,파주시,36,85
202205,경기도,파주시,37,97
202205,경기도,파주시,38,115
202205,경기도,파주시,39,140
202205,경기도,파주시,40,145
202205,경기도,파주시,41,175
202205,경기도,파주시,42,195
202205,경기도,파주시,43,177
202205,경기도,파주시,44,194
202205,경기도,파주시,45,172
202205,경기도,파주시,46,216
202205,경기도,파주시,47,227
202205,경기도,파주시,48,250
202205,경기도,파주시,49,243
202205,경기도,파주시,50,284
202205,경기도,파주시,51,270
202205,경기도,파주시,52,295
202205,경기도,파주시,53,291
202205,경기도,파주시,54,262
202205,경기도,파주시,55,282
202205,경기도,파주시,56,240
202205,경기도,파주시,57,269
202205,경기도,파주시,58,242
202205,경기도,파주시,59,313
202205,경기도,파주시,60,308
202205,경기도,파주시,61,328
202205,경기도,파주시,62,304
202205,경기도,파주시,63,325
202205,경기도,파주시,64,316
202205,경기도,파주시,65,330
202205,경기도,파주시,66,341
202205,경기도,파주시,67,370
202205,경기도,파주시,68,316
202205,경기도,파주시,69,312
202205,경기도,파주시,70,278
202205,경기도,파주시,71,237
202205,경기도,파주시,72,337
202205,경기도,파주시,73,331
202205,경기도,파주시,74,288
202205,경기도,파주시,75,342
202205,경기도,파주시,76,281
202205,경기도,파주시,77,354
202205,경기도,파주시,78,338
202205,경기도,파주시,79,390
202205,경기도,파주시,80,397
202205,경기도,파주시,81,348
202205,경기도,파주시,82,322
202205,경기도,파주시,83,273
202205,경기도,파주시,84,262
202205,경기도,파주시,85,253
202205,경기도,파주시,86,224
202205,경기도,파주시,87,171
202205,경기도,파주시,88,129
202205,경기도,파주시,89,117
202205,경기도,파주시,90,92
202205,경기도,파주시,91,68
202205,경기도,파주시,92,58
202205,경기도,파주시,93,64
202205,경기도,파주시,94,37
202205,경기도,파주시,95,19
202205,경기도,파주시,96,11
202205,경기도,파주시,97,9
202205,경기도,파주시,98,6
202205,경기도,파주시,99,3
202205,경기도,파주시,100,5
202205,경기도,파주시,101,2
202205,경기도,파주시,102,3
202205,경기도,파주시,103,3
202205,경기도,파주시,105,2
202205,경기도,파주시,106,1
202205,경기도,이천시,0,6
202205,경기도,이천시,1,19
202205,경기도,이천시,2,12
202205,경기도,이천시,3,18
202205,경기도,이천시,4,22
202205,경기도,이천시,5,32
202205,경기도,이천시,6,50
202205,경기도,이천시,7,70
202205,경기도,이천시,8,79
202205,경기도,이천시,9,92
202205,경기도,이천시,10,84
202205,경기도,이천시,11,123
202205,경기도,이천시,12,81
202205,경기도,이천시,13,97
202205,경기도,이천시,14,124
202205,경기도,이천시,15,89
202205,경기도,이천시,16,83
202205,경기도,이천시,17,111
202205,경기도,이천시,18,92
202205,경기도,이천시,19,55
202205,경기도,이천시,20,55
202205,경기도,이천시,21,48
202205,경기도,이천시,22,38
202205,경기도,이천시,23,35
202205,경기도,이천시,24,38
202205,경기도,이천시,25,23
202205,경기도,이천시,26,32
202205,경기도,이천시,27,14
202205,경기도,이천시,28,13
202205,경기도,이천시,29,19
202205,경기도,이천시,30,17
202205,경기도,이천시,31,24
202205,경기도,이천시,32,30
202205,경기도,이천시,33,25
202205,경기도,이천시,34,31
202205,경기도,이천시,35,23
202205,경기도,이천시,36,26
202205,경기도,이천시,37,31
202205,경기도,이천시,38,34
202205,경기도,이천시,39,37
202205,경기도,이천시,40,56
202205,경기도,이천시,41,56
202205,경기도,이천시,42,59
202205,경기도,이천시,43,52
202205,경기도,이천시,44,60
202205,경기도,이천시,45,57
202205,경기도,이천시,46,63
202205,경기도,이천시,47,62
202205,경기도,이천시,48,71
202205,경기도,이천시,49,70
202205,경기도,이천시,50,65
202205,경기도,이천시,51,103
202205,경기도,이천시,52,90
202205,경기도,이천시,53,91
202205,경기도,이천시,54,97
202205,경기도,이천시,55,87
202205,경기도,이천시,56,96
202205,경기도,이천시,57,92
202205,경기도,이천시,58,103
202205,경기도,이천시,59,104
202205,경기도,이천시,60,131
202205,경기도,이천시,61,144
202205,경기도,이천시,62,118
202205,경기도,이천시,63,118
202205,경기도,이천시,64,109
202205,경기도,이천시,65,106
202205,경기도,이천시,66,115
202205,경기도,이천시,67,119
202205,경기도,이천시,68,119
202205,경기도,이천시,69,114
202205,경기도,이천시,70,105
202205,경기도,이천시,71,101
202205,경기도,이천시,72,89
202205,경기도,이천시,73,106
202205,경기도,이천시,74,94
202205,경기도,이천시,75,85
202205,경기도,이천시,76,70
202205,경기도,이천시,77,98
202205,경기도,이천시,78,104
202205,경기도,이천시,79,110
202205,경기도,이천시,80,106
202205,경기도,이천시,81,102
202205,경기도,이천시,82,90
202205,경기도,이천시,83,105
202205,경기도,이천시,84,82
202205,경기도,이천시,85,75
202205,경기도,이천시,86,66
202205,경기도,이천시,87,70
202205,경기도,이천시,88,55
202205,경기도,이천시,89,43
202205,경기도,이천시,90,33
202205,경기도,이천시,91,24
202205,경기도,이천시,92,16
202205,경기도,이천시,93,21
202205,경기도,이천시,94,12
202205,경기도,이천시,95,6
202205,경기도,이천시,96,7
202205,경기도,이천시,97,5
202205,경기도,이천시,98,2
202205,경기도,이천시,99,2
202205,경기도,이천시,101,2
202205,경기도,이천시,106,1
202205,경기도,안성시,0,4
202205,경기도,안성시,1,22
202205,경기도,안성시,2,18
202205,경기도,안성시,3,22
202205,경기도,안성시,4,11
202205,경기도,안성시,5,28
202205,경기도,안성시,6,34
202205,경기도,안성시,7,55
202205,경기도,안성시,8,51
202205,경기도,안성시,9,71
202205,경기도,안성시,10,79
202205,경기도,안성시,11,72
202205,경기도,안성시,12,74
202205,경기도,안성시,13,70
202205,경기도,안성시,14,98
202205,경기도,안성시,15,94
202205,경기도,안성시,16,72
202205,경기도,안성시,17,94
202205,경기도,안성시,18,69
202205,경기도,안성시,19,65
202205,경기도,안성시,20,74
202205,경기도,안성시,21,62
202205,경기도,안성시,22,45
202205,경기도,안성시,23,41
202205,경기도,안성시,24,23
202205,경기도,안성시,25,19
202205,경기도,안성시,26,31
202205,경기도,안성시,27,18
202205,경기도,안성시,28,17
202205,경기도,안성시,29,14
202205,경기도,안성시,30,19
202205,경기도,안성시,31,27
202205,경기도,안성시,32,26
202205,경기도,안성시,33,20
202205,경기도,안성시,34,20
202205,경기도,안성시,35,25
202205,경기도,안성시,36,19
202205,경기도,안성시,37,39
202205,경기도,안성시,38,32
202205,경기도,안성시,39,44
202205,경기도,안성시,40,57
202205,경기도,안성시,41,57
202205,경기도,안성시,42,44
202205,경기도,안성시,43,49
202205,경기도,안성시,44,53
202205,경기도,안성시,45,50
202205,경기도,안성시,46,62
202205,경기도,안성시,47,67
202205,경기도,안성시,48,66
202205,경기도,안성시,49,77
202205,경기도,안성시,50,79
202205,경기도,안성시,51,81
202205,경기도,안성시,52,84
202205,경기도,안성시,53,90
202205,경기도,안성시,54,99
202205,경기도,안성시,55,95
202205,경기도,안성시,56,89
202205,경기도,안성시,57,97
202205,경기도,안성시,58,107
202205,경기도,안성시,59,111
202205,경기도,안성시,60,120
202205,경기도,안성시,61,149
202205,경기도,안성시,62,127
202205,경기도,안성시,63,124
202205,경기도,안성시,64,133
202205,경기도,안성시,65,107
202205,경기도,안성시,66,118
202205,경기도,안성시,67,120
202205,경기도,안성시,68,108
202205,경기도,안성시,69,89
202205,경기도,안성시,70,118
202205,경기도,안성시,71,105
202205,경기도,안성시,72,95
202205,경기도,안성시,73,80
202205,경기도,안성시,74,112
202205,경기도,안성시,75,92
202205,경기도,안성시,76,85
202205,경기도,안성시,77,101
202205,경기도,안성시,78,90
202205,경기도,안성시,79,113
202205,경기도,안성시,80,108
202205,경기도,안성시,81,104
202205,경기도,안성시,82,88
202205,경기도,안성시,83,100
202205,경기도,안성시,84,78
202205,경기도,안성시,85,90
202205,경기도,안성시,86,69
202205,경기도,안성시,87,54
202205,경기도,안성시,88,42
202205,경기도,안성시,89,52
202205,경기도,안성시,90,40
202205,경기도,안성시,91,18
202205,경기도,안성시,92,23
202205,경기도,안성시,93,12
202205,경기도,안성시,94,13
202205,경기도,안성시,95,8
202205,경기도,안성시,96,6
202205,경기도,안성시,97,4
202205,경기도,안성시,98,1
202205,경기도,안성시,102,2
202205,경기도,안성시,106,1
202205,경기도,김포시,0,20
202205,경기도,김포시,1,22
202205,경기도,김포시,2,41
202205,경기도,김포시,3,47
202205,경기도,김포시,4,55
202205,경기도,김포시,5,75
202205,경기도,김포시,6,91
202205,경기도,김포시,7,103
202205,경기도,김포시,8,129
202205,경기도,김포시,9,142
202205,경기도,김포시,10,162
202205,경기도,김포시,11,174
202205,경기도,김포시,12,170
202205,경기도,김포시,13,163
202205,경기도,김포시,14,164
202205,경기도,김포시,15,185
202205,경기도,김포시,16,176
202205,경기도,김포시,17,144
202205,경기도,김포시,18,146
202205,경기도,김포시,19,138
202205,경기도,김포시,20,96
202205,경기도,김포시,21,84
202205,경기도,김포시,22,77
202205,경기도,김포시,23,61
202205,경기도,김포시,24,64
202205,경기도,김포시,25,59
202205,경기도,김포시,26,44
202205,경기도,김포시,27,37
202205,경기도,김포시,28,33
202205,경기도,김포시,29,36
202205,경기도,김포시,30,45
202205,경기도,김포시,31,62
202205,경기도,김포시,32,41
202205,경기도,김포시,33,37
202205,경기도,김포시,34,50
202205,경기도,김포시,35,57
202205,경기도,김포시,36,61
202205,경기도,김포시,37,69
202205,경기도,김포시,38,92
202205,경기도,김포시,39,92
202205,경기도,김포시,40,122
202205,경기도,김포시,41,111
202205,경기도,김포시,42,119
202205,경기도,김포시,43,129
202205,경기도,김포시,44,113
202205,경기도,김포시,45,132
202205,경기도,김포시,46,112
202205,경기도,김포시,47,116
202205,경기도,김포시,48,137
202205,경기도,김포시,49,179
202205,경기도,김포시,50,131
202205,경기도,김포시,51,139
202205,경기도,김포시,52,167
202205,경기도,김포시,53,158
202205,경기도,김포시,54,169
202205,경기도,김포시,55,132
202205,경기도,김포시,56,143
202205,경기도,김포시,57,153
202205,경기도,김포시,58,159
202205,경기도,김포시,59,178
202205,경기도,김포시,60,205
202205,경기도,김포시,61,196
202205,경기도,김포시,62,208
202205,경기도,김포시,63,189
202205,경기도,김포시,64,221
202205,경기도,김포시,65,230
202205,경기도,김포시,66,228
202205,경기도,김포시,67,260
202205,경기도,김포시,68,209
202205,경기도,김포시,69,234
202205,경기도,김포시,70,218
202205,경기도,김포시,71,165
202205,경기도,김포시,72,231
202205,경기도,김포시,73,224
202205,경기도,김포시,74,256
202205,경기도,김포시,75,243
202205,경기도,김포시,76,201
202205,경기도,김포시,77,260
202205,경기도,김포시,78,232
202205,경기도,김포시,79,260
202205,경기도,김포시,80,259
202205,경기도,김포시,81,172
202205,경기도,김포시,82,190
202205,경기도,김포시,83,181
202205,경기도,김포시,84,184
202205,경기도,김포시,85,151
202205,경기도,김포시,86,138
202205,경기도,김포시,87,139
202205,경기도,김포시,88,91
202205,경기도,김포시,89,77
202205,경기도,김포시,90,85
202205,경기도,김포시,91,68
202205,경기도,김포시,92,46
202205,경기도,김포시,93,40
202205,경기도,김포시,94,35
202205,경기도,김포시,95,34
202205,경기도,김포시,96,12
202205,경기도,김포시,97,11
202205,경기도,김포시,98,3
202205,경기도,김포시,99,3
202205,경기도,김포시,100,1
202205,경기도,김포시,102,2
202205,경기도,김포시,103,1
202205,경기도,김포시,107,1
202205,경기도,화성시,0,12
202205,경기도,화성시,1,37
202205,경기도,화성시,2,63
202205,경기도,화성시,3,68
202205,경기도,화성시,4,65
202205,경기도,화성시,5,80
202205,경기도,화성시,6,125
202205,경기도,화성시,7,136
202205,경기도,화성시,8,153
202205,경기도,화성시,9,177
202205,경기도,화성시,10,224
202205,경기도,화성시,11,227
202205,경기도,화성시,12,218
202205,경기도,화성시,13,226
202205,경기도,화성시,14,254
202205,경기도,화성시,15,222
202205,경기도,화성시,16,226
202205,경기도,화성시,17,229
202205,경기도,화성시,18,188
202205,경기도,화성시,19,157
202205,경기도,화성시,20,152
202205,경기도,화성시,21,99
202205,경기도,화성시,22,106
202205,경기도,화성시,23,88
202205,경기도,화성시,24,70
202205,경기도,화성시,25,61
202205,경기도,화성시,26,54
202205,경기도,화성시,27,50
202205,경기도,화성시,28,39
202205,경기도,화성시,29,38
202205,경기도,화성시,30,48
202205,경기도,화성시,31,60
202205,경기도,화성시,32,61
202205,경기도,화성시,33,77
202205,경기도,화성시,34,66
202205,경기도,화성시,35,64
202205,경기도,화성시,36,74
202205,경기도,화성시,37,92
202205,경기도,화성시,38,96
202205,경기도,화성시,39,129
202205,경기도,화성시,40,157
202205,경기도,화성시,41,128
202205,경기도,화성시,42,136
202205,경기도,화성시,43,152
202205,경기도,화성시,44,167
202205,경기도,화성시,45,144
202205,경기도,화성시,46,146
202205,경기도,화성시,47,179
202205,경기도,화성시,48,198
202205,경기도,화성시,49,190
202205,경기도,화성시,50,178
202205,경기도,화성시,51,200
202205,경기도,화성시,52,210
202205,경기도,화성시,53,218
202205,경기도,화성시,54,198
202205,경기도,화성시,55,211
202205,경기도,화성시,56,181
202205,경기도,화성시,57,195
202205,경기도,화성시,58,178
202205,경기도,화성시,59,199
202205,경기도,화성시,60,202
202205,경기도,화성시,61,221
202205,경기도,화성시,62,264
202205,경기도,화성시,63,261
202205,경기도,화성시,64,233
202205,경기도,화성시,65,229
202205,경기도,화성시,66,268
202205,경기도,화성시,67,295
202205,경기도,화성시,68,256
202205,경기도,화성시,69,259
202205,경기도,화성시,70,236
202205,경기도,화성시,71,226
202205,경기도,화성시,72,211
202205,경기도,화성시,73,249
202205,경기도,화성시,74,213
202205,경기도,화성시,75,270
202205,경기도,화성시,76,175
202205,경기도,화성시,77,225
202205,경기도,화성시,78,225
202205,경기도,화성시,79,256
202205,경기도,화성시,80,271
202205,경기도,화성시,81,235
202205,경기도,화성시,82,215
202205,경기도,화성시,83,178
202205,경기도,화성시,84,216
202205,경기도,화성시,85,199
202205,경기도,화성시,86,170
202205,경기도,화성시,87,163
202205,경기도,화성시,88,119
202205,경기도,화성시,89,108
202205,경기도,화성시,90,86
202205,경기도,화성시,91,61
202205,경기도,화성시,92,52
202205,경기도,화성시,93,34
202205,경기도,화성시,94,40
202205,경기도,화성시,95,21
202205,경기도,화성시,96,19
202205,경기도,화성시,97,13
202205,경기도,화성시,98,5
202205,경기도,화성시,99,14
202205,경기도,화성시,100,5
202205,경기도,화성시,101,4
202205,경기도,화성시,102,1
202205,경기도,화성시,104,1
202205,경기도,광주시,0,9
202205,경기도,광주시,1,25
202205,경기도,광주시,2,32
202205,경기도,광주시,3,43
202205,경기도,광주시,4,36
202205,경기도,광주시,5,61
202205,경기도,광주시,6,82
202205,경기도,광주시,7,110
202205,경기도,광주시,8,109
202205,경기도,광주시,9,116
202205,경기도,광주시,10,147
202205,경기도,광주시,11,162
202205,경기도,광주시,12,134
202205,경기도,광주시,13,156
202205,경기도,광주시,14,182
202205,경기도,광주시,15,180
202205,경기도,광주시,16,158
202205,경기도,광주시,17,162
202205,경기도,광주시,18,146
202205,경기도,광주시,19,92
202205,경기도,광주시,20,74
202205,경기도,광주시,21,65
202205,경기도,광주시,22,55
202205,경기도,광주시,23,51
202205,경기도,광주시,24,42
202205,경기도,광주시,25,31
202205,경기도,광주시,26,30
202205,경기도,광주시,27,32
202205,경기도,광주시,28,30
202205,경기도,광주시,29,17
202205,경기도,광주시,30,40
202205,경기도,광주시,31,40
202205,경기도,광주시,32,31
202205,경기도,광주시,33,28
202205,경기도,광주시,34,34
202205,경기도,광주시,35,34
202205,경기도,광주시,36,50
202205,경기도,광주시,37,39
202205,경기도,광주시,38,74
202205,경기도,광주시,39,56
202205,경기도,광주시,40,90
202205,경기도,광주시,41,93
202205,경기도,광주시,42,85
202205,경기도,광주시,43,70
202205,경기도,광주시,44,76
202205,경기도,광주시,45,75
202205,경기도,광주시,46,83
202205,경기도,광주시,47,96
202205,경기도,광주시,48,112
202205,경기도,광주시,49,107
202205,경기도,광주시,50,105
202205,경기도,광주시,51,127
202205,경기도,광주시,52,127
202205,경기도,광주시,53,121
202205,경기도,광주시,54,110
202205,경기도,광주시,55,105
202205,경기도,광주시,56,110
202205,경기도,광주시,57,107
202205,경기도,광주시,58,109
202205,경기도,광주시,59,135
202205,경기도,광주시,60,107
202205,경기도,광주시,61,134
202205,경기도,광주시,62,136
202205,경기도,광주시,63,121
202205,경기도,광주시,64,127
202205,경기도,광주시,65,148
202205,경기도,광주시,66,154
202205,경기도,광주시,67,187
202205,경기도,광주시,68,152
202205,경기도,광주시,69,147
202205,경기도,광주시,70,140
202205,경기도,광주시,71,124
202205,경기도,광주시,72,120
202205,경기도,광주시,73,120
202205,경기도,광주시,74,128
202205,경기도,광주시,75,120
202205,경기도,광주시,76,99
202205,경기도,광주시,77,101
202205,경기도,광주시,78,135
202205,경기도,광주시,79,143
202205,경기도,광주시,80,139
202205,경기도,광주시,81,108
202205,경기도,광주시,82,105
202205,경기도,광주시,83,107
202205,경기도,광주시,84,109
202205,경기도,광주시,85,89
202205,경기도,광주시,86,81
202205,경기도,광주시,87,95
202205,경기도,광주시,88,55
202205,경기도,광주시,89,42
202205,경기도,광주시,90,39
202205,경기도,광주시,91,25
202205,경기도,광주시,92,42
202205,경기도,광주시,93,24
202205,경기도,광주시,94,14
202205,경기도,광주시,95,8
202205,경기도,광주시,96,6
202205,경기도,광주시,97,6
202205,경기도,광주시,98,5
202205,경기도,광주시,99,6
202205,경기도,광주시,100,2
202205,경기도,광주시,101,1
202205,경기도,광주시,102,1
202205,경기도,광주시,104,2
202205,경기도,양주시,0,16
202205,경기도,양주시,1,29
202205,경기도,양주시,2,35
202205,경기도,양주시,3,53
202205,경기도,양주시,4,59
202205,경기도,양주시,5,68
202205,경기도,양주시,6,71
202205,경기도,양주시,7,116
202205,경기도,양주시,8,107
202205,경기도,양주시,9,131
202205,경기도,양주시,10,149
202205,경기도,양주시,11,163
202205,경기도,양주시,12,164
202205,경기도,양주시,13,196
202205,경기도,양주시,14,175
202205,경기도,양주시,15,173
202205,경기도,양주시,16,174
202205,경기도,양주시,17,171
202205,경기도,양주시,18,154
202205,경기도,양주시,19,132
202205,경기도,양주시,20,104
202205,경기도,양주시,21,87
202205,경기도,양주시,22,83
202205,경기도,양주시,23,79
202205,경기도,양주시,24,58
202205,경기도,양주시,25,41
202205,경기도,양주시,26,22
202205,경기도,양주시,27,24
202205,경기도,양주시,28,16
202205,경기도,양주시,29,28
202205,경기도,양주시,30,30
202205,경기도,양주시,31,33
202205,경기도,양주시,32,32
202205,경기도,양주시,33,30
202205,경기도,양주시,34,50
202205,경기도,양주시,35,29
202205,경기도,양주시,36,48
202205,경기도,양주시,37,70
202205,경기도,양주시,38,75
202205,경기도,양주시,39,79
202205,경기도,양주시,40,108
202205,경기도,양주시,41,112
202205,경기도,양주시,42,106
202205,경기도,양주시,43,102
202205,경기도,양주시,44,93
202205,경기도,양주시,45,93
202205,경기도,양주시,46,114
202205,경기도,양주시,47,110
202205,경기도,양주시,48,150
202205,경기도,양주시,49,164
202205,경기도,양주시,50,145
202205,경기도,양주시,51,156
202205,경기도,양주시,52,123
202205,경기도,양주시,53,138
202205,경기도,양주시,54,141
202205,경기도,양주시,55,126
202205,경기도,양주시,56,125
202205,경기도,양주시,57,134
202205,경기도,양주시,58,115
202205,경기도,양주시,59,138
202205,경기도,양주시,60,148
202205,경기도,양주시,61,175
202205,경기도,양주시,62,171
202205,경기도,양주시,63,178
202205,경기도,양주시,64,161
202205,경기도,양주시,65,148
202205,경기도,양주시,66,176
202205,경기도,양주시,67,202
202205,경기도,양주시,68,181
202205,경기도,양주시,69,188
202205,경기도,양주시,70,204
202205,경기도,양주시,71,163
202205,경기도,양주시,72,202
202205,경기도,양주시,73,201
202205,경기도,양주시,74,225
202205,경기도,양주시,75,200
202205,경기도,양주시,76,210
202205,경기도,양주시,77,198
202205,경기도,양주시,78,198
202205,경기도,양주시,79,220
202205,경기도,양주시,80,214
202205,경기도,양주시,81,208
202205,경기도,양주시,82,153
202205,경기도,양주시,83,165
202205,경기도,양주시,84,140
202205,경기도,양주시,85,127
202205,경기도,양주시,86,91
202205,경기도,양주시,87,98
202205,경기도,양주시,88,64
202205,경기도,양주시,89,67
202205,경기도,양주시,90,60
202205,경기도,양주시,91,34
202205,경기도,양주시,92,24
202205,경기도,양주시,93,26
202205,경기도,양주시,94,13
202205,경기도,양주시,95,14
202205,경기도,양주시,96,9
202205,경기도,양주시,97,5
202205,경기도,양주시,98,9
202205,경기도,양주시,99,4
202205,경기도,양주시,100,1
202205,경기도,양주시,101,3
202205,경기도,양주시,102,2
202205,경기도,양주시,103,1
202205,경기도,양주시,104,2
202205,경기도,양주시,105,1
202205,경기도,포천시,0,6
202205,경기도,포천시,1,11
202205,경기도,포천시,2,19
202205,경기도,포천시,3,22
202205,경기도,포천시,4,25
202205,경기도,포천시,5,36
202205,경기도,포천시,6,31
202205,경기도,포천시,7,65
202205,경기도,포천시,8,51
202205,경기도,포천시,9,75
202205,경기도,포천시,10,100
202205,경기도,포천시,11,75
202205,경기도,포천시,12,105
202205,경기도,포천시,13,110
202205,경기도,포천시,14,104
202205,경기도,포천시,15,120
202205,경기도,포천시,16,103
202205,경기도,포천시,17,96
202205,경기도,포천시,18,106
202205,경기도,포천시,19,67
202205,경기도,포천시,20,74
202205,경기도,포천시,21,63
202205,경기도,포천시,22,57
202205,경기도,포천시,23,59
202205,경기도,포천시,24,34
202205,경기도,포천시,25,17
202205,경기도,포천시,26,21
202205,경기도,포천시,27,15
202205,경기도,포천시,28,15
202205,경기도,포천시,29,14
202205,경기도,포천시,30,17
202205,경기도,포천시,31,18
202205,경기도,포천시,32,27
202205,경기도,포천시,33,23
202205,경기도,포천시,34,30
202205,경기도,포천시,35,28
202205,경기도,포천시,36,32
202205,경기도,포천시,37,31
202205,경기도,포천시,38,33
202205,경기도,포천시,39,47
202205,경기도,포천시,40,54
202205,경기도,포천시,41,48
202205,경기도,포천시,42,52
202205,경기도,포천시,43,61
202205,경기도,포천시,44,64
202205,경기도,포천시,45,56
202205,경기도,포천시,46,83
202205,경기도,포천시,47,69
202205,경기도,포천시,48,95
202205,경기도,포천시,49,93
202205,경기도,포천시,50,83
202205,경기도,포천시,51,94
202205,경기도,포천시,52,115
202205,경기도,포천시,53,120
202205,경기도,포천시,54,113
202205,경기도,포천시,55,123
202205,경기도,포천시,56,118
202205,경기도,포천시,57,131
202205,경기도,포천시,58,113
202205,경기도,포천시,59,127
202205,경기도,포천시,60,148
202205,경기도,포천시,61,161
202205,경기도,포천시,62,175
202205,경기도,포천시,63,150
202205,경기도,포천시,64,180
202205,경기도,포천시,65,181
202205,경기도,포천시,66,149
202205,경기도,포천시,67,175
202205,경기도,포천시,68,137
202205,경기도,포천시,69,142
202205,경기도,포천시,70,143
202205,경기도,포천시,71,131
202205,경기도,포천시,72,135
202205,경기도,포천시,73,140
202205,경기도,포천시,74,146
202205,경기도,포천시,75,135
202205,경기도,포천시,76,102
202205,경기도,포천시,77,118
202205,경기도,포천시,78,125
202205,경기도,포천시,79,146
202205,경기도,포천시,80,132
202205,경기도,포천시,81,132
202205,경기도,포천시,82,116
202205,경기도,포천시,83,121
202205,경기도,포천시,84,98
202205,경기도,포천시,85,96
202205,경기도,포천시,86,61
202205,경기도,포천시,87,79
202205,경기도,포천시,88,47
202205,경기도,포천시,89,33
202205,경기도,포천시,90,32
202205,경기도,포천시,91,27
202205,경기도,포천시,92,16
202205,경기도,포천시,93,26
202205,경기도,포천시,94,9
202205,경기도,포천시,95,11
202205,경기도,포천시,96,7
202205,경기도,포천시,97,5
202205,경기도,포천시,98,5
202205,경기도,포천시,100,2
202205,경기도,포천시,101,1
202205,경기도,포천시,103,1
202205,경기도,포천시,110,1
202205,경기도,여주시,0,6
202205,경기도,여주시,1,15
202205,경기도,여주시,2,15
202205,경기도,여주시,3,19
202205,경기도,여주시,4,15
202205,경기도,여주시,5,29
202205,경기도,여주시,6,39
202205,경기도,여주시,7,48
202205,경기도,여주시,8,56
202205,경기도,여주시,9,73
202205,경기도,여주시,10,65
202205,경기도,여주시,11,70
202205,경기도,여주시,12,75
202205,경기도,여주시,13,81
202205,경기도,여주시,14,90
202205,경기도,여주시,15,81
202205,경기도,여주시,16,66
202205,경기도,여주시,17,70
202205,경기도,여주시,18,69
202205,경기도,여주시,19,80
202205,경기도,여주시,20,54
202205,경기도,여주시,21,51
202205,경기도,여주시,22,28
202205,경기도,여주시,23,42
202205,경기도,여주시,24,26
202205,경기도,여주시,25,20
202205,경기도,여주시,26,19
202205,경기도,여주시,27,21
202205,경기도,여주시,28,12
202205,경기도,여주시,29,10
202205,경기도,여주시,30,8
202205,경기도,여주시,31,18
202205,경기도,여주시,32,9
202205,경기도,여주시,33,19
202205,경기도,여주시,34,17
202205,경기도,여주시,35,29
202205,경기도,여주시,36,26
202205,경기도,여주시,37,21
202205,경기도,여주시,38,34
202205,경기도,여주시,39,36
202205,경기도,여주시,40,34
202205,경기도,여주시,41,41
202205,경기도,여주시,42,53
202205,경기도,여주시,43,42
202205,경기도,여주시,44,50
202205,경기도,여주시,45,49
202205,경기도,여주시,46,57
202205,경기도,여주시,47,57
202205,경기도,여주시,48,70
202205,경기도,여주시,49,85
202205,경기도,여주시,50,63
202205,경기도,여주시,51,53
202205,경기도,여주시,52,68
202205,경기도,여주시,53,80
202205,경기도,여주시,54,66
202205,경기도,여주시,55,73
202205,경기도,여주시,56,89
202205,경기도,여주시,57,80
202205,경기도,여주시,58,72
202205,경기도,여주시,59,108
202205,경기도,여주시,60,93
202205,경기도,여주시,61,130
202205,경기도,여주시,62,90
202205,경기도,여주시,63,94
202205,경기도,여주시,64,102
202205,경기도,여주시,65,118
202205,경기도,여주시,66,124
202205,경기도,여주시,67,119
202205,경기도,여주시,68,113
202205,경기도,여주시,69,111
202205,경기도,여주시,70,104
202205,경기도,여주시,71,55
202205,경기도,여주시,72,74
202205,경기도,여주시,73,79
202205,경기도,여주시,74,91
202205,경기도,여주시,75,84
202205,경기도,여주시,76,76
202205,경기도,여주시,77,107
202205,경기도,여주시,78,93
202205,경기도,여주시,79,92
202205,경기도,여주시,80,113
202205,경기도,여주시,81,94
202205,경기도,여주시,82,97
202205,경기도,여주시,83,102
202205,경기도,여주시,84,70
202205,경기도,여주시,85,74
202205,경기도,여주시,86,70
202205,경기도,여주시,87,56
202205,경기도,여주시,88,48
202205,경기도,여주시,89,35
202205,경기도,여주시,90,20
202205,경기도,여주시,91,30
202205,경기도,여주시,92,21
202205,경기도,여주시,93,20
202205,경기도,여주시,94,12
202205,경기도,여주시,95,14
202205,경기도,여주시,96,9
202205,경기도,여주시,97,4
202205,경기도,여주시,98,2
202205,경기도,여주시,99,5
202205,경기도,여주시,101,3
202205,경기도,여주시,107,1
202205,경기도,연천군,0,1
202205,경기도,연천군,1,2
202205,경기도,연천군,2,7
202205,경기도,연천군,3,4
202205,경기도,연천군,4,6
202205,경기도,연천군,5,5
202205,경기도,연천군,6,20
202205,경기도,연천군,7,8
202205,경기도,연천군,8,22
202205,경기도,연천군,9,19
202205,경기도,연천군,10,18
202205,경기도,연천군,11,24
202205,경기도,연천군,12,31
202205,경기도,연천군,13,26
202205,경기도,연천군,14,35
202205,경기도,연천군,15,27
202205,경기도,연천군,16,31
202205,경기도,연천군,17,34
202205,경기도,연천군,18,31
202205,경기도,연천군,19,26
202205,경기도,연천군,20,14
202205,경기도,연천군,21,15
202205,경기도,연천군,22,14
202205,경기도,연천군,23,8
202205,경기도,연천군,24,6
202205,경기도,연천군,25,6
202205,경기도,연천군,26,3
202205,경기도,연천군,27,3
202205,경기도,연천군,28,5
202205,경기도,연천군,29,6
202205,경기도,연천군,30,4
202205,경기도,연천군,31,7
202205,경기도,연천군,32,6
202205,경기도,연천군,33,6
202205,경기도,연천군,34,7
202205,경기도,연천군,35,6
202205,경기도,연천군,36,6
202205,경기도,연천군,37,8
202205,경기도,연천군,38,5
202205,경기도,연천군,39,7
202205,경기도,연천군,40,19
202205,경기도,연천군,41,14
202205,경기도,연천군,42,15
202205,경기도,연천군,43,11
202205,경기도,연천군,44,18
202205,경기도,연천군,45,15
202205,경기도,연천군,46,6
202205,경기도,연천군,47,22
202205,경기도,연천군,48,23
202205,경기도,연천군,49,23
202205,경기도,연천군,50,20
202205,경기도,연천군,51,26
202205,경기도,연천군,52,32
202205,경기도,연천군,53,30
202205,경기도,연천군,54,33
202205,경기도,연천군,55,26
202205,경기도,연천군,56,37
202205,경기도,연천군,57,40
202205,경기도,연천군,58,32
202205,경기도,연천군,59,53
202205,경기도,연천군,60,32
202205,경기도,연천군,61,40
202205,경기도,연천군,62,67
202205,경기도,연천군,63,50
202205,경기도,연천군,64,51
202205,경기도,연천군,65,48
202205,경기도,연천군,66,57
202205,경기도,연천군,67,65
202205,경기도,연천군,68,57
202205,경기도,연천군,69,58
202205,경기도,연천군,70,53
202205,경기도,연천군,71,51
202205,경기도,연천군,72,51
202205,경기도,연천군,73,52
202205,경기도,연천군,74,61
202205,경기도,연천군,75,71
202205,경기도,연천군,76,32
202205,경기도,연천군,77,45
202205,경기도,연천군,78,59
202205,경기도,연천군,79,53
202205,경기도,연천군,80,68
202205,경기도,연천군,81,51
202205,경기도,연천군,82,70
202205,경기도,연천군,83,41
202205,경기도,연천군,84,54
202205,경기도,연천군,85,55
202205,경기도,연천군,86,46
202205,경기도,연천군,87,43
202205,경기도,연천군,88,28
202205,경기도,연천군,89,31
202205,경기도,연천군,90,18
202205,경기도,연천군,91,9
202205,경기도,연천군,92,15
202205,경기도,연천군,93,7
202205,경기도,연천군,94,4
202205,경기도,연천군,95,5
202205,경기도,연천군,96,5
202205,경기도,연천군,97,4
202205,경기도,연천군,99,3
202205,경기도,가평군,0,3
202205,경기도,가평군,1,5
202205,경기도,가평군,2,6
202205,경기도,가평군,3,8
202205,경기도,가평군,4,8
202205,경기도,가평군,5,10
202205,경기도,가평군,6,9
202205,경기도,가평군,7,22
202205,경기도,가평군,8,15
202205,경기도,가평군,9,27
202205,경기도,가평군,10,39
202205,경기도,가평군,11,25
202205,경기도,가평군,12,24
202205,경기도,가평군,13,43
202205,경기도,가평군,14,44
202205,경기도,가평군,15,29
202205,경기도,가평군,16,52
202205,경기도,가평군,17,47
202205,경기도,가평군,18,35
202205,경기도,가평군,19,36
202205,경기도,가평군,20,26
202205,경기도,가평군,21,30
202205,경기도,가평군,22,14
202205,경기도,가평군,23,12
202205,경기도,가평군,24,13
202205,경기도,가평군,25,16
202205,경기도,가평군,26,5
202205,경기도,가평군,27,4
202205,경기도,가평군,28,3
202205,경기도,가평군,29,4
202205,경기도,가평군,30,2
202205,경기도,가평군,31,6
202205,경기도,가평군,32,5
202205,경기도,가평군,33,7
202205,경기도,가평군,34,10
202205,경기도,가평군,35,15
202205,경기도,가평군,36,10
202205,경기도,가평군,37,6
202205,경기도,가평군,38,15
202205,경기도,가평군,39,17
202205,경기도,가평군,40,19
202205,경기도,가평군,41,11
202205,경기도,가평군,42,14
202205,경기도,가평군,43,24
202205,경기도,가평군,44,27
202205,경기도,가평군,45,20
202205,경기도,가평군,46,28
202205,경기도,가평군,47,30
202205,경기도,가평군,48,31
202205,경기도,가평군,49,26
202205,경기도,가평군,50,27
202205,경기도,가평군,51,44
202205,경기도,가평군,52,49
202205,경기도,가평군,53,38
202205,경기도,가평군,54,40
202205,경기도,가평군,55,35
202205,경기도,가평군,56,43
202205,경기도,가평군,57,45
202205,경기도,가평군,58,42
202205,경기도,가평군,59,54
202205,경기도,가평군,60,45
202205,경기도,가평군,61,61
202205,경기도,가평군,62,66
202205,경기도,가평군,63,51
202205,경기도,가평군,64,62
202205,경기도,가평군,65,69
202205,경기도,가평군,66,72
202205,경기도,가평군,67,77
202205,경기도,가평군,68,67
202205,경기도,가평군,69,75
202205,경기도,가평군,70,54
202205,경기도,가평군,71,54
202205,경기도,가평군,72,49
202205,경기도,가평군,73,55
202205,경기도,가평군,74,57
202205,경기도,가평군,75,59
202205,경기도,가평군,76,60
202205,경기도,가평군,77,64
202205,경기도,가평군,78,67
202205,경기도,가평군,79,78
202205,경기도,가평군,80,74
202205,경기도,가평군,81,63
202205,경기도,가평군,82,59
202205,경기도,가평군,83,56
202205,경기도,가평군,84,54
202205,경기도,가평군,85,62
202205,경기도,가평군,86,40
202205,경기도,가평군,87,46
202205,경기도,가평군,88,24
202205,경기도,가평군,89,31
202205,경기도,가평군,90,31
202205,경기도,가평군,91,16
202205,경기도,가평군,92,11
202205,경기도,가평군,93,10
202205,경기도,가평군,94,10
202205,경기도,가평군,95,3
202205,경기도,가평군,96,5
202205,경기도,가평군,97,5
202205,경기도,가평군,98,3
202205,경기도,가평군,99,3
202205,경기도,가평군,101,1
202205,경기도,가평군,102,2
202205,경기도,양평군,0,4
202205,경기도,양평군,1,7
202205,경기도,양평군,2,8
202205,경기도,양평군,3,10
202205,경기도,양평군,4,11
202205,경기도,양평군,5,19
202205,경기도,양평군,6,28
202205,경기도,양평군,7,34
202205,경기도,양평군,8,35
202205,경기도,양평군,9,45
202205,경기도,양평군,10,64
202205,경기도,양평군,11,61
202205,경기도,양평군,12,70
202205,경기도,양평군,13,63
202205,경기도,양평군,14,62
202205,경기도,양평군,15,67
202205,경기도,양평군,16,66
202205,경기도,양평군,17,73
202205,경기도,양평군,18,48
202205,경기도,양평군,19,46
202205,경기도,양평군,20,26
202205,경기도,양평군,21,31
202205,경기도,양평군,22,25
202205,경기도,양평군,23,15
202205,경기도,양평군,24,22
202205,경기도,양평군,25,16
202205,경기도,양평군,26,12
202205,경기도,양평군,27,6
202205,경기도,양평군,28,13
202205,경기도,양평군,29,9
202205,경기도,양평군,30,13
202205,경기도,양평군,31,10
202205,경기도,양평군,32,9
202205,경기도,양평군,33,18
202205,경기도,양평군,34,15
202205,경기도,양평군,35,16
202205,경기도,양평군,36,18
202205,경기도,양평군,37,15
202205,경기도,양평군,38,22
202205,경기도,양평군,39,32
202205,경기도,양평군,40,29
202205,경기도,양평군,41,37
202205,경기도,양평군,42,28
202205,경기도,양평군,43,36
202205,경기도,양평군,44,34
202205,경기도,양평군,45,42
202205,경기도,양평군,46,29
202205,경기도,양평군,47,47
202205,경기도,양평군,48,41
202205,경기도,양평군,49,42
202205,경기도,양평군,50,55
202205,경기도,양평군,51,41
202205,경기도,양평군,52,49
202205,경기도,양평군,53,62
202205,경기도,양평군,54,47
202205,경기도,양평군,55,61
202205,경기도,양평군,56,65
202205,경기도,양평군,57,61
202205,경기도,양평군,58,65
202205,경기도,양평군,59,80
202205,경기도,양평군,60,72
202205,경기도,양평군,61,100
202205,경기도,양평군,62,80
202205,경기도,양평군,63,79
202205,경기도,양평군,64,101
202205,경기도,양평군,65,95
202205,경기도,양평군,66,127
202205,경기도,양평군,67,117
202205,경기도,양평군,68,92
202205,경기도,양평군,69,90
202205,경기도,양평군,70,99
202205,경기도,양평군,71,84
202205,경기도,양평군,72,70
202205,경기도,양평군,73,72
202205,경기도,양평군,74,71
202205,경기도,양평군,75,73
202205,경기도,양평군,76,65
202205,경기도,양평군,77,79
202205,경기도,양평군,78,62
202205,경기도,양평군,79,75
202205,경기도,양평군,80,78
202205,경기도,양평군,81,72
202205,경기도,양평군,82,86
202205,경기도,양평군,83,53
202205,경기도,양평군,84,75
202205,경기도,양평군,85,57
202205,경기도,양평군,86,68
202205,경기도,양평군,87,44
202205,경기도,양평군,88,54
202205,경기도,양평군,89,47
202205,경기도,양평군,90,40
202205,경기도,양평군,91,27
202205,경기도,양평군,92,24
202205,경기도,양평군,93,17
202205,경기도,양평군,94,14
202205,경기도,양평군,95,13
202205,경기도,양평군,96,6
202205,경기도,양평군,97,4
202205,경기도,양평군,98,6
202205,경기도,양평군,99,1
202205,경기도,양평군,101,1
202205,경기도,양평군,102,1
202205,경기도,양평군,107,1
202205,강원도,춘천시,0,24
202205,강원도,춘천시,1,38
202205,강원도,춘천시,2,51
202205,강원도,춘천시,3,43
202205,강원도,춘천시,4,57
202205,강원도,춘천시,5,73
202205,강원도,춘천시,6,102
202205,강원도,춘천시,7,114
202205,강원도,춘천시,8,150
202205,강원도,춘천시,9,172
202205,강원도,춘천시,10,183
202205,강원도,춘천시,11,184
202205,강원도,춘천시,12,154
202205,강원도,춘천시,13,189
202205,강원도,춘천시,14,242
202205,강원도,춘천시,15,233
202205,강원도,춘천시,16,223
202205,강원도,춘천시,17,234
202205,강원도,춘천시,18,191
202205,강원도,춘천시,19,181
202205,강원도,춘천시,20,163
202205,강원도,춘천시,21,165
202205,강원도,춘천시,22,158
202205,강원도,춘천시,23,137
202205,강원도,춘천시,24,118
202205,강원도,춘천시,25,84
202205,강원도,춘천시,26,64
202205,강원도,춘천시,27,57
202205,강원도,춘천시,28,50
202205,강원도,춘천시,29,60
202205,강원도,춘천시,30,58
202205,강원도,춘천시,31,62
202205,강원도,춘천시,32,68
202205,강원도,춘천시,33,70
202205,강원도,춘천시,34,67
202205,강원도,춘천시,35,79
202205,강원도,춘천시,36,71
202205,강원도,춘천시,37,88
202205,강원도,춘천시,38,80
202205,강원도,춘천시,39,120
202205,강원도,춘천시,40,136
202205,강원도,춘천시,41,119
202205,강원도,춘천시,42,158
202205,강원도,춘천시,43,138
202205,강원도,춘천시,44,170
202205,강원도,춘천시,45,129
202205,강원도,춘천시,46,167
202205,강원도,춘천시,47,172
202205,강원도,춘천시,48,206
202205,강원도,춘천시,49,203
202205,강원도,춘천시,50,257
202205,강원도,춘천시,51,253
202205,강원도,춘천시,52,211
202205,강원도,춘천시,53,258
202205,강원도,춘천시,54,253
202205,강원도,춘천시,55,229
202205,강원도,춘천시,56,248
202205,강원도,춘천시,57,264
202205,강원도,춘천시,58,265
202205,강원도,춘천시,59,354
202205,강원도,춘천시,60,284
202205,강원도,춘천시,61,352
202205,강원도,춘천시,62,301
202205,강원도,춘천시,63,306
202205,강원도,춘천시,64,321
202205,강원도,춘천시,65,308
202205,강원도,춘천시,66,332
202205,강원도,춘천시,67,321
202205,강원도,춘천시,68,262
202205,강원도,춘천시,69,267
202205,강원도,춘천시,70,235
202205,강원도,춘천시,71,200
202205,강원도,춘천시,72,203
202205,강원도,춘천시,73,232
202205,강원도,춘천시,74,255
202205,강원도,춘천시,75,244
202205,강원도,춘천시,76,222
202205,강원도,춘천시,77,246
202205,강원도,춘천시,78,240
202205,강원도,춘천시,79,283
202205,강원도,춘천시,80,323
202205,강원도,춘천시,81,257
202205,강원도,춘천시,82,265
202205,강원도,춘천시,83,221
202205,강원도,춘천시,84,221
202205,강원도,춘천시,85,180
202205,강원도,춘천시,86,185
202205,강원도,춘천시,87,159
202205,강원도,춘천시,88,140
202205,강원도,춘천시,89,110
202205,강원도,춘천시,90,84
202205,강원도,춘천시,91,71
202205,강원도,춘천시,92,64
202205,강원도,춘천시,93,42
202205,강원도,춘천시,94,38
202205,강원도,춘천시,95,21
202205,강원도,춘천시,96,12
202205,강원도,춘천시,97,9
202205,강원도,춘천시,98,3
202205,강원도,춘천시,99,5
202205,강원도,춘천시,100,4
202205,강원도,춘천시,101,4
202205,강원도,춘천시,102,2
202205,강원도,춘천시,106,1
202205,강원도,원주시,0,17
202205,강원도,원주시,1,34
202205,강원도,원주시,2,44
202205,강원도,원주시,3,65
202205,강원도,원주시,4,61
202205,강원도,원주시,5,62
202205,강원도,원주시,6,140
202205,강원도,원주시,7,134
202205,강원도,원주시,8,136
202205,강원도,원주시,9,175
202205,강원도,원주시,10,208
202205,강원도,원주시,11,218
202205,강원도,원주시,12,220
202205,강원도,원주시,13,230
202205,강원도,원주시,14,263
202205,강원도,원주시,15,261
202205,강원도,원주시,16,250
202205,강원도,원주시,17,268
202205,강원도,원주시,18,228
202205,강원도,원주시,19,182
202205,강원도,원주시,20,165
202205,강원도,원주시,21,170
202205,강원도,원주시,22,134
202205,강원도,원주시,23,116
202205,강원도,원주시,24,104
202205,강원도,원주시,25,75
202205,강원도,원주시,26,60
202205,강원도,원주시,27,53
202205,강원도,원주시,28,46
202205,강원도,원주시,29,52
202205,강원도,원주시,30,36
202205,강원도,원주시,31,35
202205,강원도,원주시,32,61
202205,강원도,원주시,33,52
202205,강원도,원주시,34,72
202205,강원도,원주시,35,87
202205,강원도,원주시,36,81
202205,강원도,원주시,37,84
202205,강원도,원주시,38,106
202205,강원도,원주시,39,103
202205,강원도,원주시,40,130
202205,강원도,원주시,41,151
202205,강원도,원주시,42,155
202205,강원도,원주시,43,154
202205,강원도,원주시,44,171
202205,강원도,원주시,45,163
202205,강원도,원주시,46,196
202205,강원도,원주시,47,169
202205,강원도,원주시,48,218
202205,강원도,원주시,49,211
202205,강원도,원주시,50,224
202205,강원도,원주시,51,224
202205,강원도,원주시,52,227
202205,강원도,원주시,53,253
202205,강원도,원주시,54,242
202205,강원도,원주시,55,242
202205,강원도,원주시,56,259
202205,강원도,원주시,57,256
202205,강원도,원주시,58,240
202205,강원도,원주시,59,302
202205,강원도,원주시,60,288
202205,강원도,원주시,61,340
202205,강원도,원주시,62,339
202205,강원도,원주시,63,282
202205,강원도,원주시,64,320
202205,강원도,원주시,65,344
202205,강원도,원주시,66,333
202205,강원도,원주시,67,345
202205,강원도,원주시,68,271
202205,강원도,원주시,69,262
202205,강원도,원주시,70,284
202205,강원도,원주시,71,215
202205,강원도,원주시,72,211
202205,강원도,원주시,73,207
202205,강원도,원주시,74,233
202205,강원도,원주시,75,237
202205,강원도,원주시,76,194
202205,강원도,원주시,77,211
202205,강원도,원주시,78,214
202205,강원도,원주시,79,268
202205,강원도,원주시,80,294
202205,강원도,원주시,81,252
202205,강원도,원주시,82,252
202205,강원도,원주시,83,210
202205,강원도,원주시,84,248
202205,강원도,원주시,85,198
202205,강원도,원주시,86,186
202205,강원도,원주시,87,173
202205,강원도,원주시,88,133
202205,강원도,원주시,89,112
202205,강원도,원주시,90,97
202205,강원도,원주시,91,76
202205,강원도,원주시,92,57
202205,강원도,원주시,93,57
202205,강원도,원주시,94,27
202205,강원도,원주시,95,33
202205,강원도,원주시,96,20
202205,강원도,원주시,97,8
202205,강원도,원주시,98,13
202205,강원도,원주시,99,8
202205,강원도,원주시,100,4
202205,강원도,원주시,101,1
202205,강원도,원주시,102,3
202205,강원도,원주시,103,1
202205,강원도,원주시,105,1
202205,강원도,강릉시,0,15
202205,강원도,강릉시,1,19
202205,강원도,강릉시,2,22
202205,강원도,강릉시,3,40
202205,강원도,강릉시,4,34
202205,강원도,강릉시,5,49
202205,강원도,강릉시,6,57
202205,강원도,강릉시,7,89
202205,강원도,강릉시,8,94
202205,강원도,강릉시,9,97
202205,강원도,강릉시,10,127
202205,강원도,강릉시,11,116
202205,강원도,강릉시,12,121
202205,강원도,강릉시,13,136
202205,강원도,강릉시,14,137
202205,강원도,강릉시,15,150
202205,강원도,강릉시,16,143
202205,강원도,강릉시,17,164
202205,강원도,강릉시,18,153
202205,강원도,강릉시,19,109
202205,강원도,강릉시,20,108
202205,강원도,강릉시,21,118
202205,강원도,강릉시,22,102
202205,강원도,강릉시,23,97
202205,강원도,강릉시,24,69
202205,강원도,강릉시,25,69
202205,강원도,강릉시,26,41
202205,강원도,강릉시,27,49
202205,강원도,강릉시,28,38
202205,강원도,강릉시,29,20
202205,강원도,강릉시,30,30
202205,강원도,강릉시,31,36
202205,강원도,강릉시,32,32
202205,강원도,강릉시,33,42
202205,강원도,강릉시,34,37
202205,강원도,강릉시,35,39
202205,강원도,강릉시,36,48
202205,강원도,강릉시,37,51
202205,강원도,강릉시,38,71
202205,강원도,강릉시,39,68
202205,강원도,강릉시,40,86
202205,강원도,강릉시,41,80
202205,강원도,강릉시,42,86
202205,강원도,강릉시,43,90
202205,강원도,강릉시,44,98
202205,강원도,강릉시,45,102
202205,강원도,강릉시,46,122
202205,강원도,강릉시,47,147
202205,강원도,강릉시,48,152
202205,강원도,강릉시,49,151
202205,강원도,강릉시,50,154
202205,강원도,강릉시,51,167
202205,강원도,강릉시,52,172
202205,강원도,강릉시,53,163
202205,강원도,강릉시,54,160
202205,강원도,강릉시,55,169
202205,강원도,강릉시,56,174
202205,강원도,강릉시,57,176
202205,강원도,강릉시,58,153
202205,강원도,강릉시,59,229
202205,강원도,강릉시,60,205
202205,강원도,강릉시,61,251
202205,강원도,강릉시,62,231
202205,강원도,강릉시,63,225
202205,강원도,강릉시,64,226
202205,강원도,강릉시,65,220
202205,강원도,강릉시,66,225
202205,강원도,강릉시,67,276
202205,강원도,강릉시,68,208
202205,강원도,강릉시,69,217
202205,강원도,강릉시,70,213
202205,강원도,강릉시,71,180
202205,강원도,강릉시,72,184
202205,강원도,강릉시,73,181
202205,강원도,강릉시,74,227
202205,강원도,강릉시,75,211
202205,강원도,강릉시,76,139
202205,강원도,강릉시,77,200
202205,강원도,강릉시,78,197
202205,강원도,강릉시,79,203
202205,강원도,강릉시,80,210
202205,강원도,강릉시,81,174
202205,강원도,강릉시,82,194
202205,강원도,강릉시,83,182
202205,강원도,강릉시,84,148
202205,강원도,강릉시,85,138
202205,강원도,강릉시,86,117
202205,강원도,강릉시,87,96
202205,강원도,강릉시,88,90
202205,강원도,강릉시,89,66
202205,강원도,강릉시,90,58
202205,강원도,강릉시,91,51
202205,강원도,강릉시,92,35
202205,강원도,강릉시,93,27
202205,강원도,강릉시,94,27
202205,강원도,강릉시,95,19
202205,강원도,강릉시,96,20
202205,강원도,강릉시,97,10
202205,강원도,강릉시,98,10
202205,강원도,강릉시,99,5
202205,강원도,강릉시,100,3
202205,강원도,강릉시,101,2
202205,강원도,강릉시,102,2
202205,강원도,강릉시,105,1
202205,강원도,강릉시,106,1
202205,강원도,동해시,0,7
202205,강원도,동해시,1,12
202205,강원도,동해시,2,15
202205,강원도,동해시,3,14
202205,강원도,동해시,4,21
202205,강원도,동해시,5,28
202205,강원도,동해시,6,30
202205,강원도,동해시,7,46
202205,강원도,동해시,8,43
202205,강원도,동해시,9,55
202205,강원도,동해시,10,56
202205,강원도,동해시,11,56
202205,강원도,동해시,12,62
202205,강원도,동해시,13,58
202205,강원도,동해시,14,57
202205,강원도,동해시,15,59
202205,강원도,동해시,16,61
202205,강원도,동해시,17,70
202205,강원도,동해시,18,65
202205,강원도,동해시,19,45
202205,강원도,동해시,20,48
202205,강원도,동해시,21,40
202205,강원도,동해시,22,36
202205,강원도,동해시,23,35
202205,강원도,동해시,24,22
202205,강원도,동해시,25,17
202205,강원도,동해시,26,19
202205,강원도,동해시,27,16
202205,강원도,동해시,28,12
202205,강원도,동해시,29,19
202205,강원도,동해시,30,17
202205,강원도,동해시,31,9
202205,강원도,동해시,32,12
202205,강원도,동해시,33,14
202205,강원도,동해시,34,14
202205,강원도,동해시,35,17
202205,강원도,동해시,36,21
202205,강원도,동해시,37,26
202205,강원도,동해시,38,27
202205,강원도,동해시,39,37
202205,강원도,동해시,40,37
202205,강원도,동해시,41,38
202205,강원도,동해시,42,38
202205,강원도,동해시,43,44
202205,강원도,동해시,44,51
202205,강원도,동해시,45,51
202205,강원도,동해시,46,52
202205,강원도,동해시,47,48
202205,강원도,동해시,48,67
202205,강원도,동해시,49,66
202205,강원도,동해시,50,61
202205,강원도,동해시,51,55
202205,강원도,동해시,52,73
202205,강원도,동해시,53,69
202205,강원도,동해시,54,65
202205,강원도,동해시,55,68
202205,강원도,동해시,56,69
202205,강원도,동해시,57,76
202205,강원도,동해시,58,72
202205,강원도,동해시,59,93
202205,강원도,동해시,60,89
202205,강원도,동해시,61,115
202205,강원도,동해시,62,108
202205,강원도,동해시,63,108
202205,강원도,동해시,64,99
202205,강원도,동해시,65,117
202205,강원도,동해시,66,99
202205,강원도,동해시,67,134
202205,강원도,동해시,68,101
202205,강원도,동해시,69,101
202205,강원도,동해시,70,86
202205,강원도,동해시,71,69
202205,강원도,동해시,72,95
202205,강원도,동해시,73,104
202205,강원도,동해시,74,91
202205,강원도,동해시,75,103
202205,강원도,동해시,76,82
202205,강원도,동해시,77,102
202205,강원도,동해시,78,114
202205,강원도,동해시,79,114
202205,강원도,동해시,80,105
202205,강원도,동해시,81,102
202205,강원도,동해시,82,84
202205,강원도,동해시,83,91
202205,강원도,동해시,84,85
202205,강원도,동해시,85,71
202205,강원도,동해시,86,78
202205,강원도,동해시,87,58
202205,강원도,동해시,88,59
202205,강원도,동해시,89,36
202205,강원도,동해시,90,39
202205,강원도,동해시,91,26
202205,강원도,동해시,92,19
202205,강원도,동해시,93,14
202205,강원도,동해시,94,14
202205,강원도,동해시,95,5
202205,강원도,동해시,96,6
202205,강원도,동해시,97,4
202205,강원도,동해시,98,3
202205,강원도,동해시,99,2
202205,강원도,동해시,100,4
202205,강원도,태백시,0,1
202205,강원도,태백시,1,2
202205,강원도,태백시,2,6
202205,강원도,태백시,3,4
202205,강원도,태백시,4,5
202205,강원도,태백시,5,4
202205,강원도,태백시,6,12
202205,강원도,태백시,7,18
202205,강원도,태백시,8,23
202205,강원도,태백시,9,24
202205,강원도,태백시,10,34
202205,강원도,태백시,11,37
202205,강원도,태백시,12,33
202205,강원도,태백시,13,32
202205,강원도,태백시,14,27
202205,강원도,태백시,15,34
202205,강원도,태백시,16,37
202205,강원도,태백시,17,41
202205,강원도,태백시,18,27
202205,강원도,태백시,19,22
202205,강원도,태백시,20,22
202205,강원도,태백시,21,26
202205,강원도,태백시,22,19
202205,강원도,태백시,23,17
202205,강원도,태백시,24,10
202205,강원도,태백시,25,6
202205,강원도,태백시,26,6
202205,강원도,태백시,27,6
202205,강원도,태백시,28,4
202205,강원도,태백시,29,9
202205,강원도,태백시,30,5
202205,강원도,태백시,32,11
202205,강원도,태백시,33,3
202205,강원도,태백시,34,5
202205,강원도,태백시,35,6
202205,강원도,태백시,36,5
202205,강원도,태백시,37,15
202205,강원도,태백시,38,16
202205,강원도,태백시,39,15
202205,강원도,태백시,40,19
202205,강원도,태백시,41,13
202205,강원도,태백시,42,26
202205,강원도,태백시,43,18
202205,강원도,태백시,44,27
202205,강원도,태백시,45,16
202205,강원도,태백시,46,20
202205,강원도,태백시,47,31
202205,강원도,태백시,48,27
202205,강원도,태백시,49,36
202205,강원도,태백시,50,23
202205,강원도,태백시,51,40
202205,강원도,태백시,52,46
202205,강원도,태백시,53,48
202205,강원도,태백시,54,38
202205,강원도,태백시,55,43
202205,강원도,태백시,56,43
202205,강원도,태백시,57,34
202205,강원도,태백시,58,30
202205,강원도,태백시,59,39
202205,강원도,태백시,60,44
202205,강원도,태백시,61,50
202205,강원도,태백시,62,55
202205,강원도,태백시,63,43
202205,강원도,태백시,64,48
202205,강원도,태백시,65,55
202205,강원도,태백시,66,54
202205,강원도,태백시,67,69
202205,강원도,태백시,68,53
202205,강원도,태백시,69,53
202205,강원도,태백시,70,55
202205,강원도,태백시,71,46
202205,강원도,태백시,72,59
202205,강원도,태백시,73,40
202205,강원도,태백시,74,50
202205,강원도,태백시,75,40
202205,강원도,태백시,76,43
202205,강원도,태백시,77,56
202205,강원도,태백시,78,55
202205,강원도,태백시,79,52
202205,강원도,태백시,80,56
202205,강원도,태백시,81,45
202205,강원도,태백시,82,52
202205,강원도,태백시,83,50
202205,강원도,태백시,84,44
202205,강원도,태백시,85,37
202205,강원도,태백시,86,27
202205,강원도,태백시,87,25
202205,강원도,태백시,88,28
202205,강원도,태백시,89,13
202205,강원도,태백시,90,9
202205,강원도,태백시,91,6
202205,강원도,태백시,92,8
202205,강원도,태백시,93,4
202205,강원도,태백시,94,9
202205,강원도,태백시,95,1
202205,강원도,태백시,96,5
202205,강원도,태백시,97,1
202205,강원도,태백시,98,2
202205,강원도,태백시,100,1
202205,강원도,속초시,0,5
202205,강원도,속초시,1,13
202205,강원도,속초시,2,3
202205,강원도,속초시,3,19
202205,강원도,속초시,4,11
202205,강원도,속초시,5,13
202205,강원도,속초시,6,25
202205,강원도,속초시,7,42
202205,강원도,속초시,8,42
202205,강원도,속초시,9,50
202205,강원도,속초시,10,58
202205,강원도,속초시,11,44
202205,강원도,속초시,12,54
202205,강원도,속초시,13,52
202205,강원도,속초시,14,64
202205,강원도,속초시,15,53
202205,강원도,속초시,16,54
202205,강원도,속초시,17,74
202205,강원도,속초시,18,69
202205,강원도,속초시,19,47
202205,강원도,속초시,20,42
202205,강원도,속초시,21,49
202205,강원도,속초시,22,25
202205,강원도,속초시,23,28
202205,강원도,속초시,24,25
202205,강원도,속초시,25,24
202205,강원도,속초시,26,20
202205,강원도,속초시,27,10
202205,강원도,속초시,28,13
202205,강원도,속초시,29,14
202205,강원도,속초시,30,15
202205,강원도,속초시,31,13
202205,강원도,속초시,32,14
202205,강원도,속초시,33,18
202205,강원도,속초시,34,16
202205,강원도,속초시,35,20
202205,강원도,속초시,36,12
202205,강원도,속초시,37,16
202205,강원도,속초시,38,17
202205,강원도,속초시,39,31
202205,강원도,속초시,40,38
202205,강원도,속초시,41,40
202205,강원도,속초시,42,39
202205,강원도,속초시,43,40
202205,강원도,속초시,44,45
202205,강원도,속초시,45,35
202205,강원도,속초시,46,56
202205,강원도,속초시,47,45
202205,강원도,속초시,48,59
202205,강원도,속초시,49,75
202205,강원도,속초시,50,56
202205,강원도,속초시,51,77
202205,강원도,속초시,52,67
202205,강원도,속초시,53,96
202205,강원도,속초시,54,68
202205,강원도,속초시,55,71
202205,강원도,속초시,56,80
202205,강원도,속초시,57,91
202205,강원도,속초시,58,84
202205,강원도,속초시,59,93
202205,강원도,속초시,60,81
202205,강원도,속초시,61,125
202205,강원도,속초시,62,112
202205,강원도,속초시,63,112
202205,강원도,속초시,64,105
202205,강원도,속초시,65,120
202205,강원도,속초시,66,108
202205,강원도,속초시,67,140
202205,강원도,속초시,68,102
202205,강원도,속초시,69,89
202205,강원도,속초시,70,86
202205,강원도,속초시,71,86
202205,강원도,속초시,72,81
202205,강원도,속초시,73,77
202205,강원도,속초시,74,84
202205,강원도,속초시,75,106
202205,강원도,속초시,76,86
202205,강원도,속초시,77,100
202205,강원도,속초시,78,96
202205,강원도,속초시,79,110
202205,강원도,속초시,80,111
202205,강원도,속초시,81,112
202205,강원도,속초시,82,92
202205,강원도,속초시,83,74
202205,강원도,속초시,84,74
202205,강원도,속초시,85,75
202205,강원도,속초시,86,46
202205,강원도,속초시,87,45
202205,강원도,속초시,88,45
202205,강원도,속초시,89,30
202205,강원도,속초시,90,20
202205,강원도,속초시,91,17
202205,강원도,속초시,92,24
202205,강원도,속초시,93,26
202205,강원도,속초시,94,8
202205,강원도,속초시,95,13
202205,강원도,속초시,96,5
202205,강원도,속초시,97,5
202205,강원도,속초시,98,4
202205,강원도,속초시,99,1
202205,강원도,속초시,101,2
202205,강원도,속초시,102,1
202205,강원도,삼척시,1,4
202205,강원도,삼척시,2,6
202205,강원도,삼척시,3,9
202205,강원도,삼척시,4,8
202205,강원도,삼척시,5,15
202205,강원도,삼척시,6,20
202205,강원도,삼척시,7,18
202205,강원도,삼척시,8,27
202205,강원도,삼척시,9,26
202205,강원도,삼척시,10,38
202205,강원도,삼척시,11,33
202205,강원도,삼척시,12,22
202205,강원도,삼척시,13,41
202205,강원도,삼척시,14,39
202205,강원도,삼척시,15,47
202205,강원도,삼척시,16,39
202205,강원도,삼척시,17,43
202205,강원도,삼척시,18,34
202205,강원도,삼척시,19,37
202205,강원도,삼척시,20,30
202205,강원도,삼척시,21,27
202205,강원도,삼척시,22,18
202205,강원도,삼척시,23,25
202205,강원도,삼척시,24,12
202205,강원도,삼척시,25,15
202205,강원도,삼척시,26,12
202205,강원도,삼척시,27,11
202205,강원도,삼척시,28,5
202205,강원도,삼척시,29,9
202205,강원도,삼척시,30,9
202205,강원도,삼척시,31,7
202205,강원도,삼척시,32,4
202205,강원도,삼척시,33,4
202205,강원도,삼척시,34,10
202205,강원도,삼척시,35,9
202205,강원도,삼척시,36,12
202205,강원도,삼척시,37,15
202205,강원도,삼척시,38,14
202205,강원도,삼척시,39,14
202205,강원도,삼척시,40,25
202205,강원도,삼척시,41,33
202205,강원도,삼척시,42,31
202205,강원도,삼척시,43,37
202205,강원도,삼척시,44,30
202205,강원도,삼척시,45,29
202205,강원도,삼척시,46,36
202205,강원도,삼척시,47,42
202205,강원도,삼척시,48,43
202205,강원도,삼척시,49,44
202205,강원도,삼척시,50,46
202205,강원도,삼척시,51,55
202205,강원도,삼척시,52,51
202205,강원도,삼척시,53,55
202205,강원도,삼척시,54,65
202205,강원도,삼척시,55,58
202205,강원도,삼척시,56,67
202205,강원도,삼척시,57,60
202205,강원도,삼척시,58,70
202205,강원도,삼척시,59,68
202205,강원도,삼척시,60,74
202205,강원도,삼척시,61,106
202205,강원도,삼척시,62,99
202205,강원도,삼척시,63,60
202205,강원도,삼척시,64,55
202205,강원도,삼척시,65,113
202205,강원도,삼척시,66,80
202205,강원도,삼척시,67,81
202205,강원도,삼척시,68,53
202205,강원도,삼척시,69,56
202205,강원도,삼척시,70,79
202205,강원도,삼척시,71,52
202205,강원도,삼척시,72,71
202205,강원도,삼척시,73,55
202205,강원도,삼척시,74,57
202205,강원도,삼척시,75,64
202205,강원도,삼척시,76,40
202205,강원도,삼척시,77,51
202205,강원도,삼척시,78,65
202205,강원도,삼척시,79,98
202205,강원도,삼척시,80,84
202205,강원도,삼척시,81,84
202205,강원도,삼척시,82,67
202205,강원도,삼척시,83,62
202205,강원도,삼척시,84,76
202205,강원도,삼척시,85,67
202205,강원도,삼척시,86,55
202205,강원도,삼척시,87,60
202205,강원도,삼척시,88,46
202205,강원도,삼척시,89,42
202205,강원도,삼척시,90,45
202205,강원도,삼척시,91,28
202205,강원도,삼척시,92,16
202205,강원도,삼척시,93,13
202205,강원도,삼척시,94,15
202205,강원도,삼척시,95,8
202205,강원도,삼척시,96,6
202205,강원도,삼척시,97,5
202205,강원도,삼척시,98,1
202205,강원도,삼척시,99,3
202205,강원도,삼척시,100,2
202205,강원도,홍천군,0,2
202205,강원도,홍천군,1,4
202205,강원도,홍천군,2,3
202205,강원도,홍천군,3,7
202205,강원도,홍천군,4,9
202205,강원도,홍천군,5,12
202205,강원도,홍천군,6,12
202205,강원도,홍천군,7,18
202205,강원도,홍천군,8,17
202205,강원도,홍천군,9,18
202205,강원도,홍천군,10,19
202205,강원도,홍천군,11,23
202205,강원도,홍천군,12,26
202205,강원도,홍천군,13,31
202205,강원도,홍천군,14,29
202205,강원도,홍천군,15,30
202205,강원도,홍천군,16,39
202205,강원도,홍천군,17,26
202205,강원도,홍천군,18,22
202205,강원도,홍천군,19,22
202205,강원도,홍천군,20,22
202205,강원도,홍천군,21,18
202205,강원도,홍천군,22,16
202205,강원도,홍천군,23,16
202205,강원도,홍천군,24,12
202205,강원도,홍천군,25,8
202205,강원도,홍천군,26,9
202205,강원도,홍천군,27,3
202205,강원도,홍천군,28,5
202205,강원도,홍천군,29,7
202205,강원도,홍천군,30,6
202205,강원도,홍천군,31,7
202205,강원도,홍천군,32,8
202205,강원도,홍천군,33,11
202205,강원도,홍천군,34,4
202205,강원도,홍천군,35,4
202205,강원도,홍천군,36,7
202205,강원도,홍천군,37,10
202205,강원도,홍천군,38,14
202205,강원도,홍천군,39,18
202205,강원도,홍천군,40,16
202205,강원도,홍천군,41,15
202205,강원도,홍천군,42,20
202205,강원도,홍천군,43,17
202205,강원도,홍천군,44,18
202205,강원도,홍천군,45,14
202205,강원도,홍천군,46,18
202205,강원도,홍천군,47,24
202205,강원도,홍천군,48,21
202205,강원도,홍천군,49,25
202205,강원도,홍천군,50,31
202205,강원도,홍천군,51,30
202205,강원도,홍천군,52,37
202205,강원도,홍천군,53,36
202205,강원도,홍천군,54,41
202205,강원도,홍천군,55,47
202205,강원도,홍천군,56,40
202205,강원도,홍천군,57,41
202205,강원도,홍천군,58,36
202205,강원도,홍천군,59,47
202205,강원도,홍천군,60,50
202205,강원도,홍천군,61,63
202205,강원도,홍천군,62,62
202205,강원도,홍천군,63,50
202205,강원도,홍천군,64,67
202205,강원도,홍천군,65,55
202205,강원도,홍천군,66,60
202205,강원도,홍천군,67,49
202205,강원도,홍천군,68,54
202205,강원도,홍천군,69,53
202205,강원도,홍천군,70,51
202205,강원도,홍천군,71,40
202205,강원도,홍천군,72,43
202205,강원도,홍천군,73,41
202205,강원도,홍천군,74,45
202205,강원도,홍천군,75,48
202205,강원도,홍천군,76,36
202205,강원도,홍천군,77,41
202205,강원도,홍천군,78,52
202205,강원도,홍천군,79,48
202205,강원도,홍천군,80,59
202205,강원도,홍천군,81,49
202205,강원도,홍천군,82,46
202205,강원도,홍천군,83,50
202205,강원도,홍천군,84,58
202205,강원도,홍천군,85,44
202205,강원도,홍천군,86,39
202205,강원도,홍천군,87,47
202205,강원도,홍천군,88,28
202205,강원도,홍천군,89,30
202205,강원도,홍천군,90,19
202205,강원도,홍천군,91,30
202205,강원도,홍천군,92,19
202205,강원도,홍천군,93,6
202205,강원도,홍천군,94,7
202205,강원도,홍천군,95,8
202205,강원도,홍천군,96,6
202205,강원도,홍천군,97,6
202205,강원도,홍천군,99,1
202205,강원도,홍천군,100,2
202205,강원도,횡성군,0,1
202205,강원도,횡성군,1,5
202205,강원도,횡성군,2,4
202205,강원도,횡성군,3,3
202205,강원도,횡성군,4,7
202205,강원도,횡성군,5,9
202205,강원도,횡성군,6,10
202205,강원도,횡성군,7,8
202205,강원도,횡성군,8,16
202205,강원도,횡성군,9,17
202205,강원도,횡성군,10,11
202205,강원도,횡성군,11,16
202205,강원도,횡성군,12,16
202205,강원도,횡성군,13,22
202205,강원도,횡성군,14,22
202205,강원도,횡성군,15,19
202205,강원도,횡성군,16,22
202205,강원도,횡성군,17,26
202205,강원도,횡성군,18,21
202205,강원도,횡성군,19,16
202205,강원도,횡성군,20,11
202205,강원도,횡성군,21,12
202205,강원도,횡성군,22,12
202205,강원도,횡성군,23,11
202205,강원도,횡성군,24,9
202205,강원도,횡성군,25,3
202205,강원도,횡성군,26,4
202205,강원도,횡성군,27,3
202205,강원도,횡성군,28,6
202205,강원도,횡성군,29,2
202205,강원도,횡성군,30,4
202205,강원도,횡성군,31,3
202205,강원도,횡성군,32,7
202205,강원도,횡성군,33,5
202205,강원도,횡성군,34,3
202205,강원도,횡성군,35,2
202205,강원도,횡성군,36,5
202205,강원도,횡성군,37,10
202205,강원도,횡성군,38,6
202205,강원도,횡성군,39,14
202205,강원도,횡성군,40,16
202205,강원도,횡성군,41,11
202205,강원도,횡성군,42,15
202205,강원도,횡성군,43,8
202205,강원도,횡성군,44,10
202205,강원도,횡성군,45,12
202205,강원도,횡성군,46,21
202205,강원도,횡성군,47,15
202205,강원도,횡성군,48,19
202205,강원도,횡성군,49,21
202205,강원도,횡성군,50,20
202205,강원도,횡성군,51,27
202205,강원도,횡성군,52,27
202205,강원도,횡성군,53,30
202205,강원도,횡성군,54,23
202205,강원도,횡성군,55,37
202205,강원도,횡성군,56,29
202205,강원도,횡성군,57,42
202205,강원도,횡성군,58,22
202205,강원도,횡성군,59,32
202205,강원도,횡성군,60,34
202205,강원도,횡성군,61,34
202205,강원도,횡성군,62,51
202205,강원도,횡성군,63,23
202205,강원도,횡성군,64,32
202205,강원도,횡성군,65,37
202205,강원도,횡성군,66,46
202205,강원도,횡성군,67,43
202205,강원도,횡성군,68,36
202205,강원도,횡성군,69,37
202205,강원도,횡성군,70,29
202205,강원도,횡성군,71,32
202205,강원도,횡성군,72,29
202205,강원도,횡성군,73,31
202205,강원도,횡성군,74,44
202205,강원도,횡성군,75,38
202205,강원도,횡성군,76,27
202205,강원도,횡성군,77,32
202205,강원도,횡성군,78,28
202205,강원도,횡성군,79,41
202205,강원도,횡성군,80,37
202205,강원도,횡성군,81,38
202205,강원도,횡성군,82,40
202205,강원도,횡성군,83,36
202205,강원도,횡성군,84,30
202205,강원도,횡성군,85,31
202205,강원도,횡성군,86,20
202205,강원도,횡성군,87,35
202205,강원도,횡성군,88,25
202205,강원도,횡성군,89,17
202205,강원도,횡성군,90,11
202205,강원도,횡성군,91,7
202205,강원도,횡성군,92,10
202205,강원도,횡성군,93,6
202205,강원도,횡성군,94,5
202205,강원도,횡성군,95,3
202205,강원도,횡성군,96,4
202205,강원도,횡성군,97,4
202205,강원도,횡성군,99,2
202205,강원도,횡성군,100,1
202205,강원도,영월군,1,1
202205,강원도,영월군,2,2
202205,강원도,영월군,4,4
202205,강원도,영월군,5,1
202205,강원도,영월군,6,8
202205,강원도,영월군,7,8
202205,강원도,영월군,8,16
202205,강원도,영월군,9,10
202205,강원도,영월군,10,19
202205,강원도,영월군,11,19
202205,강원도,영월군,12,12
202205,강원도,영월군,13,23
202205,강원도,영월군,14,32
202205,강원도,영월군,15,25
202205,강원도,영월군,16,23
202205,강원도,영월군,17,24
202205,강원도,영월군,18,23
202205,강원도,영월군,19,20
202205,강원도,영월군,20,16
202205,강원도,영월군,21,11
202205,강원도,영월군,22,18
202205,강원도,영월군,23,12
202205,강원도,영월군,24,7
202205,강원도,영월군,25,4
202205,강원도,영월군,26,3
202205,강원도,영월군,27,5
202205,강원도,영월군,29,5
202205,강원도,영월군,30,1
202205,강원도,영월군,31,1
202205,강원도,영월군,32,4
202205,강원도,영월군,33,3
202205,강원도,영월군,34,5
202205,강원도,영월군,35,8
202205,강원도,영월군,36,6
202205,강원도,영월군,37,5
202205,강원도,영월군,38,5
202205,강원도,영월군,39,9
202205,강원도,영월군,40,6
202205,강원도,영월군,41,7
202205,강원도,영월군,42,9
202205,강원도,영월군,43,9
202205,강원도,영월군,44,14
202205,강원도,영월군,45,9
202205,강원도,영월군,46,18
202205,강원도,영월군,47,14
202205,강원도,영월군,48,18
202205,강원도,영월군,49,16
202205,강원도,영월군,50,22
202205,강원도,영월군,51,22
202205,강원도,영월군,52,9
202205,강원도,영월군,53,30
202205,강원도,영월군,54,27
202205,강원도,영월군,55,20
202205,강원도,영월군,56,31
202205,강원도,영월군,57,23
202205,강원도,영월군,58,26
202205,강원도,영월군,59,31
202205,강원도,영월군,60,28
202205,강원도,영월군,61,33
202205,강원도,영월군,62,29
202205,강원도,영월군,63,29
202205,강원도,영월군,64,24
202205,강원도,영월군,65,24
202205,강원도,영월군,66,28
202205,강원도,영월군,67,56
202205,강원도,영월군,68,33
202205,강원도,영월군,69,22
202205,강원도,영월군,70,33
202205,강원도,영월군,71,31
202205,강원도,영월군,72,28
202205,강원도,영월군,73,26
202205,강원도,영월군,74,25
202205,강원도,영월군,75,26
202205,강원도,영월군,76,26
202205,강원도,영월군,77,37
202205,강원도,영월군,78,28
202205,강원도,영월군,79,22
202205,강원도,영월군,80,46
202205,강원도,영월군,81,42
202205,강원도,영월군,82,31
202205,강원도,영월군,83,38
202205,강원도,영월군,84,35
202205,강원도,영월군,85,23
202205,강원도,영월군,86,21
202205,강원도,영월군,87,23
202205,강원도,영월군,88,18
202205,강원도,영월군,89,19
202205,강원도,영월군,90,18
202205,강원도,영월군,91,6
202205,강원도,영월군,92,8
202205,강원도,영월군,93,6
202205,강원도,영월군,95,7
202205,강원도,영월군,96,2
202205,강원도,영월군,97,2
202205,강원도,영월군,98,3
202205,강원도,영월군,99,1
202205,강원도,영월군,103,1
202205,강원도,평창군,1,5
202205,강원도,평창군,2,2
202205,강원도,평창군,3,1
202205,강원도,평창군,4,3
202205,강원도,평창군,5,5
202205,강원도,평창군,6,8
202205,강원도,평창군,7,7
202205,강원도,평창군,8,7
202205,강원도,평창군,9,11
202205,강원도,평창군,10,9
202205,강원도,평창군,11,12
202205,강원도,평창군,12,9
202205,강원도,평창군,13,6
202205,강원도,평창군,14,13
202205,강원도,평창군,15,17
202205,강원도,평창군,16,21
202205,강원도,평창군,17,21
202205,강원도,평창군,18,20
202205,강원도,평창군,19,11
202205,강원도,평창군,20,18
202205,강원도,평창군,21,5
202205,강원도,평창군,22,10
202205,강원도,평창군,23,8
202205,강원도,평창군,24,2
202205,강원도,평창군,26,3
202205,강원도,평창군,27,5
202205,강원도,평창군,28,4
202205,강원도,평창군,29,1
202205,강원도,평창군,30,2
202205,강원도,평창군,31,2
202205,강원도,평창군,32,2
202205,강원도,평창군,33,3
202205,강원도,평창군,34,1
202205,강원도,평창군,35,6
202205,강원도,평창군,36,3
202205,강원도,평창군,37,4
202205,강원도,평창군,38,6
202205,강원도,평창군,39,7
202205,강원도,평창군,40,10
202205,강원도,평창군,41,10
202205,강원도,평창군,42,5
202205,강원도,평창군,43,6
202205,강원도,평창군,44,5
202205,강원도,평창군,45,8
202205,강원도,평창군,46,11
202205,강원도,평창군,47,7
202205,강원도,평창군,48,19
202205,강원도,평창군,49,21
202205,강원도,평창군,50,13
202205,강원도,평창군,51,18
202205,강원도,평창군,52,26
202205,강원도,평창군,53,23
202205,강원도,평창군,54,16
202205,강원도,평창군,55,18
202205,강원도,평창군,56,19
202205,강원도,평창군,57,16
202205,강원도,평창군,58,17
202205,강원도,평창군,59,21
202205,강원도,평창군,60,23
202205,강원도,평창군,61,33
202205,강원도,평창군,62,30
202205,강원도,평창군,63,23
202205,강원도,평창군,64,28
202205,강원도,평창군,65,26
202205,강원도,평창군,66,27
202205,강원도,평창군,67,29
202205,강원도,평창군,68,20
202205,강원도,평창군,69,27
202205,강원도,평창군,70,28
202205,강원도,평창군,71,24
202205,강원도,평창군,72,21
202205,강원도,평창군,73,24
202205,강원도,평창군,74,30
202205,강원도,평창군,75,22
202205,강원도,평창군,76,19
202205,강원도,평창군,77,40
202205,강원도,평창군,78,30
202205,강원도,평창군,79,35
202205,강원도,평창군,80,34
202205,강원도,평창군,81,40
202205,강원도,평창군,82,31
202205,강원도,평창군,83,33
202205,강원도,평창군,84,38
202205,강원도,평창군,85,23
202205,강원도,평창군,86,21
202205,강원도,평창군,87,17
202205,강원도,평창군,88,9
202205,강원도,평창군,89,14
202205,강원도,평창군,90,13
202205,강원도,평창군,91,9
202205,강원도,평창군,92,12
202205,강원도,평창군,93,9
202205,강원도,평창군,94,4
202205,강원도,평창군,95,4
202205,강원도,평창군,96,1
202205,강원도,평창군,97,2
202205,강원도,평창군,98,4
202205,강원도,평창군,100,1
202205,강원도,평창군,101,1
202205,강원도,평창군,103,1
202205,강원도,정선군,0,3
202205,강원도,정선군,1,1
202205,강원도,정선군,3,3
202205,강원도,정선군,4,2
202205,강원도,정선군,5,2
202205,강원도,정선군,6,6
202205,강원도,정선군,7,8
202205,강원도,정선군,8,6
202205,강원도,정선군,9,14
202205,강원도,정선군,10,13
202205,강원도,정선군,11,15
202205,강원도,정선군,12,17
202205,강원도,정선군,13,18
202205,강원도,정선군,14,18
202205,강원도,정선군,15,20
202205,강원도,정선군,16,18
202205,강원도,정선군,17,14
202205,강원도,정선군,18,15
202205,강원도,정선군,19,11
202205,강원도,정선군,20,12
202205,강원도,정선군,21,11
202205,강원도,정선군,22,6
202205,강원도,정선군,23,6
202205,강원도,정선군,24,4
202205,강원도,정선군,26,5
202205,강원도,정선군,27,1
202205,강원도,정선군,28,3
202205,강원도,정선군,29,1
202205,강원도,정선군,31,3
202205,강원도,정선군,32,3
202205,강원도,정선군,33,4
202205,강원도,정선군,34,5
202205,강원도,정선군,35,7
202205,강원도,정선군,36,3
202205,강원도,정선군,37,5
202205,강원도,정선군,38,9
202205,강원도,정선군,39,7
202205,강원도,정선군,40,8
202205,강원도,정선군,41,4
202205,강원도,정선군,42,9
202205,강원도,정선군,43,10
202205,강원도,정선군,44,11
202205,강원도,정선군,45,8
202205,강원도,정선군,46,18
202205,강원도,정선군,47,19
202205,강원도,정선군,48,17
202205,강원도,정선군,49,12
202205,강원도,정선군,50,19
202205,강원도,정선군,51,23
202205,강원도,정선군,52,19
202205,강원도,정선군,53,26
202205,강원도,정선군,54,19
202205,강원도,정선군,55,26
202205,강원도,정선군,56,17
202205,강원도,정선군,57,22
202205,강원도,정선군,58,19
202205,강원도,정선군,59,22
202205,강원도,정선군,60,26
202205,강원도,정선군,61,31
202205,강원도,정선군,62,44
202205,강원도,정선군,63,30
202205,강원도,정선군,64,44
202205,강원도,정선군,65,30
202205,강원도,정선군,66,34
202205,강원도,정선군,67,49
202205,강원도,정선군,68,36
202205,강원도,정선군,69,46
202205,강원도,정선군,70,36
202205,강원도,정선군,71,27
202205,강원도,정선군,72,34
202205,강원도,정선군,73,30
202205,강원도,정선군,74,37
202205,강원도,정선군,75,32
202205,강원도,정선군,76,29
202205,강원도,정선군,77,35
202205,강원도,정선군,78,31
202205,강원도,정선군,79,39
202205,강원도,정선군,80,37
202205,강원도,정선군,81,34
202205,강원도,정선군,82,38
202205,강원도,정선군,83,37
202205,강원도,정선군,84,29
202205,강원도,정선군,85,21
202205,강원도,정선군,86,24
202205,강원도,정선군,87,17
202205,강원도,정선군,88,22
202205,강원도,정선군,89,18
202205,강원도,정선군,90,12
202205,강원도,정선군,91,6
202205,강원도,정선군,92,15
202205,강원도,정선군,93,6
202205,강원도,정선군,94,9
202205,강원도,정선군,95,3
202205,강원도,정선군,96,6
202205,강원도,정선군,97,3
202205,강원도,정선군,98,3
202205,강원도,정선군,99,1
202205,강원도,정선군,103,1
202205,강원도,정선군,105,1
202205,강원도,철원군,0,1
202205,강원도,철원군,1,2
202205,강원도,철원군,3,5
202205,강원도,철원군,4,3
202205,강원도,철원군,5,5
202205,강원도,철원군,6,10
202205,강원도,철원군,7,15
202205,강원도,철원군,8,15
202205,강원도,철원군,9,21
202205,강원도,철원군,10,14
202205,강원도,철원군,11,15
202205,강원도,철원군,12,24
202205,강원도,철원군,13,23
202205,강원도,철원군,14,30
202205,강원도,철원군,15,24
202205,강원도,철원군,16,25
202205,강원도,철원군,17,32
202205,강원도,철원군,18,18
202205,강원도,철원군,19,16
202205,강원도,철원군,20,24
202205,강원도,철원군,21,14
202205,강원도,철원군,22,14
202205,강원도,철원군,23,14
202205,강원도,철원군,24,5
202205,강원도,철원군,25,10
202205,강원도,철원군,26,4
202205,강원도,철원군,27,4
202205,강원도,철원군,28,2
202205,강원도,철원군,29,3
202205,강원도,철원군,30,4
202205,강원도,철원군,31,4
202205,강원도,철원군,32,5
202205,강원도,철원군,33,1
202205,강원도,철원군,34,9
202205,강원도,철원군,35,4
202205,강원도,철원군,36,3
202205,강원도,철원군,37,3
202205,강원도,철원군,38,7
202205,강원도,철원군,39,6
202205,강원도,철원군,40,4
202205,강원도,철원군,41,10
202205,강원도,철원군,42,12
202205,강원도,철원군,43,7
202205,강원도,철원군,44,8
202205,강원도,철원군,45,16
202205,강원도,철원군,46,13
202205,강원도,철원군,47,12
202205,강원도,철원군,48,23
202205,강원도,철원군,49,12
202205,강원도,철원군,50,29
202205,강원도,철원군,51,19
202205,강원도,철원군,52,20
202205,강원도,철원군,53,25
202205,강원도,철원군,54,21
202205,강원도,철원군,55,34
202205,강원도,철원군,56,29
202205,강원도,철원군,57,34
202205,강원도,철원군,58,24
202205,강원도,철원군,59,32
202205,강원도,철원군,60,31
202205,강원도,철원군,61,50
202205,강원도,철원군,62,38
202205,강원도,철원군,63,37
202205,강원도,철원군,64,36
202205,강원도,철원군,65,42
202205,강원도,철원군,66,40
202205,강원도,철원군,67,44
202205,강원도,철원군,68,35
202205,강원도,철원군,69,23
202205,강원도,철원군,70,28
202205,강원도,철원군,71,40
202205,강원도,철원군,72,30
202205,강원도,철원군,73,22
202205,강원도,철원군,74,44
202205,강원도,철원군,75,38
202205,강원도,철원군,76,27
202205,강원도,철원군,77,47
202205,강원도,철원군,78,41
202205,강원도,철원군,79,56
202205,강원도,철원군,80,53
202205,강원도,철원군,81,50
202205,강원도,철원군,82,40
202205,강원도,철원군,83,46
202205,강원도,철원군,84,44
202205,강원도,철원군,85,26
202205,강원도,철원군,86,25
202205,강원도,철원군,87,21
202205,강원도,철원군,88,28
202205,강원도,철원군,89,16
202205,강원도,철원군,90,13
202205,강원도,철원군,91,8
202205,강원도,철원군,92,11
202205,강원도,철원군,93,11
202205,강원도,철원군,94,3
202205,강원도,철원군,95,3
202205,강원도,철원군,96,4
202205,강원도,철원군,97,1
202205,강원도,철원군,98,3
202205,강원도,철원군,99,2
202205,강원도,철원군,100,1
202205,강원도,화천군,3,1
202205,강원도,화천군,4,1
202205,강원도,화천군,5,3
202205,강원도,화천군,6,2
202205,강원도,화천군,7,9
202205,강원도,화천군,8,3
202205,강원도,화천군,9,3
202205,강원도,화천군,10,11
202205,강원도,화천군,11,10
202205,강원도,화천군,12,5
202205,강원도,화천군,13,7
202205,강원도,화천군,14,8
202205,강원도,화천군,15,9
202205,강원도,화천군,16,10
202205,강원도,화천군,17,12
202205,강원도,화천군,18,5
202205,강원도,화천군,19,10
202205,강원도,화천군,20,8
202205,강원도,화천군,21,10
202205,강원도,화천군,22,8
202205,강원도,화천군,23,5
202205,강원도,화천군,24,6
202205,강원도,화천군,25,3
202205,강원도,화천군,26,3
202205,강원도,화천군,28,1
202205,강원도,화천군,29,1
202205,강원도,화천군,31,2
202205,강원도,화천군,32,1
202205,강원도,화천군,33,2
202205,강원도,화천군,35,2
202205,강원도,화천군,36,3
202205,강원도,화천군,37,1
202205,강원도,화천군,38,10
202205,강원도,화천군,39,4
202205,강원도,화천군,40,5
202205,강원도,화천군,41,1
202205,강원도,화천군,42,6
202205,강원도,화천군,43,1
202205,강원도,화천군,44,5
202205,강원도,화천군,45,6
202205,강원도,화천군,46,3
202205,강원도,화천군,47,12
202205,강원도,화천군,48,13
202205,강원도,화천군,49,13
202205,강원도,화천군,50,17
202205,강원도,화천군,51,5
202205,강원도,화천군,52,12
202205,강원도,화천군,53,13
202205,강원도,화천군,54,11
202205,강원도,화천군,55,16
202205,강원도,화천군,56,7
202205,강원도,화천군,57,16
202205,강원도,화천군,58,15
202205,강원도,화천군,59,21
202205,강원도,화천군,60,18
202205,강원도,화천군,61,28
202205,강원도,화천군,62,21
202205,강원도,화천군,63,19
202205,강원도,화천군,64,14
202205,강원도,화천군,65,16
202205,강원도,화천군,66,18
202205,강원도,화천군,67,20
202205,강원도,화천군,68,23
202205,강원도,화천군,69,12
202205,강원도,화천군,70,9
202205,강원도,화천군,71,7
202205,강원도,화천군,72,16
202205,강원도,화천군,73,17
202205,강원도,화천군,74,24
202205,강원도,화천군,75,23
202205,강원도,화천군,76,18
202205,강원도,화천군,77,17
202205,강원도,화천군,78,22
202205,강원도,화천군,79,42
202205,강원도,화천군,80,26
202205,강원도,화천군,81,33
202205,강원도,화천군,82,32
202205,강원도,화천군,83,36
202205,강원도,화천군,84,37
202205,강원도,화천군,85,31
202205,강원도,화천군,86,22
202205,강원도,화천군,87,21
202205,강원도,화천군,88,19
202205,강원도,화천군,89,14
202205,강원도,화천군,90,10
202205,강원도,화천군,91,8
202205,강원도,화천군,92,10
202205,강원도,화천군,93,5
202205,강원도,화천군,94,5
202205,강원도,화천군,95,2
202205,강원도,화천군,96,1
202205,강원도,화천군,97,1
202205,강원도,화천군,98,2
202205,강원도,화천군,99,2
202205,강원도,화천군,101,1
202205,강원도,화천군,108,1
202205,강원도,양구군,1,3
202205,강원도,양구군,2,1
202205,강원도,양구군,3,1
202205,강원도,양구군,4,2
202205,강원도,양구군,5,2
202205,강원도,양구군,6,3
202205,강원도,양구군,7,5
202205,강원도,양구군,8,6
202205,강원도,양구군,9,10
202205,강원도,양구군,10,16
202205,강원도,양구군,11,7
202205,강원도,양구군,12,11
202205,강원도,양구군,13,15
202205,강원도,양구군,14,17
202205,강원도,양구군,15,11
202205,강원도,양구군,16,11
202205,강원도,양구군,17,18
202205,강원도,양구군,18,9
202205,강원도,양구군,19,8
202205,강원도,양구군,20,8
202205,강원도,양구군,21,10
202205,강원도,양구군,22,3
202205,강원도,양구군,23,8
202205,강원도,양구군,24,1
202205,강원도,양구군,25,2
202205,강원도,양구군,26,2
202205,강원도,양구군,27,3
202205,강원도,양구군,28,3
202205,강원도,양구군,29,2
202205,강원도,양구군,30,1
202205,강원도,양구군,32,2
202205,강원도,양구군,34,3
202205,강원도,양구군,35,1
202205,강원도,양구군,36,2
202205,강원도,양구군,37,4
202205,강원도,양구군,38,2
202205,강원도,양구군,39,7
202205,강원도,양구군,40,4
202205,강원도,양구군,41,5
202205,강원도,양구군,42,5
202205,강원도,양구군,43,13
202205,강원도,양구군,44,3
202205,강원도,양구군,45,2
202205,강원도,양구군,46,7
202205,강원도,양구군,47,3
202205,강원도,양구군,48,7
202205,강원도,양구군,49,9
202205,강원도,양구군,50,12
202205,강원도,양구군,51,15
202205,강원도,양구군,52,11
202205,강원도,양구군,53,11
202205,강원도,양구군,54,16
202205,강원도,양구군,55,16
202205,강원도,양구군,56,17
202205,강원도,양구군,57,13
202205,강원도,양구군,58,27
202205,강원도,양구군,59,31
202205,강원도,양구군,60,26
202205,강원도,양구군,61,30
202205,강원도,양구군,62,29
202205,강원도,양구군,63,19
202205,강원도,양구군,64,22
202205,강원도,양구군,65,22
202205,강원도,양구군,66,19
202205,강원도,양구군,67,24
202205,강원도,양구군,68,23
202205,강원도,양구군,69,19
202205,강원도,양구군,70,23
202205,강원도,양구군,71,21
202205,강원도,양구군,72,17
202205,강원도,양구군,73,14
202205,강원도,양구군,74,13
202205,강원도,양구군,75,22
202205,강원도,양구군,76,12
202205,강원도,양구군,77,17
202205,강원도,양구군,78,24
202205,강원도,양구군,79,20
202205,강원도,양구군,80,32
202205,강원도,양구군,81,19
202205,강원도,양구군,82,28
202205,강원도,양구군,83,15
202205,강원도,양구군,84,29
202205,강원도,양구군,85,19
202205,강원도,양구군,86,15
202205,강원도,양구군,87,12
202205,강원도,양구군,88,6
202205,강원도,양구군,89,11
202205,강원도,양구군,90,2
202205,강원도,양구군,91,10
202205,강원도,양구군,92,3
202205,강원도,양구군,93,6
202205,강원도,양구군,94,4
202205,강원도,양구군,95,3
202205,강원도,인제군,0,3
202205,강원도,인제군,1,3
202205,강원도,인제군,2,1
202205,강원도,인제군,3,7
202205,강원도,인제군,4,5
202205,강원도,인제군,5,4
202205,강원도,인제군,6,6
202205,강원도,인제군,7,5
202205,강원도,인제군,8,8
202205,강원도,인제군,9,14
202205,강원도,인제군,10,12
202205,강원도,인제군,11,17
202205,강원도,인제군,12,10
202205,강원도,인제군,13,6
202205,강원도,인제군,14,14
202205,강원도,인제군,15,11
202205,강원도,인제군,16,14
202205,강원도,인제군,17,11
202205,강원도,인제군,18,10
202205,강원도,인제군,19,7
202205,강원도,인제군,20,6
202205,강원도,인제군,21,4
202205,강원도,인제군,22,9
202205,강원도,인제군,23,3
202205,강원도,인제군,24,3
202205,강원도,인제군,25,4
202205,강원도,인제군,26,5
202205,강원도,인제군,27,7
202205,강원도,인제군,28,3
202205,강원도,인제군,29,2
202205,강원도,인제군,31,1
202205,강원도,인제군,32,4
202205,강원도,인제군,33,4
202205,강원도,인제군,34,1
202205,강원도,인제군,35,2
202205,강원도,인제군,36,8
202205,강원도,인제군,37,2
202205,강원도,인제군,38,4
202205,강원도,인제군,39,7
202205,강원도,인제군,40,7
202205,강원도,인제군,41,4
202205,강원도,인제군,42,9
202205,강원도,인제군,43,8
202205,강원도,인제군,44,9
202205,강원도,인제군,45,7
202205,강원도,인제군,46,9
202205,강원도,인제군,47,8
202205,강원도,인제군,48,11
202205,강원도,인제군,49,11
202205,강원도,인제군,50,9
202205,강원도,인제군,51,14
202205,강원도,인제군,52,16
202205,강원도,인제군,53,9
202205,강원도,인제군,54,16
202205,강원도,인제군,55,18
202205,강원도,인제군,56,14
202205,강원도,인제군,57,13
202205,강원도,인제군,58,12
202205,강원도,인제군,59,16
202205,강원도,인제군,60,27
202205,강원도,인제군,61,28
202205,강원도,인제군,62,15
202205,강원도,인제군,63,19
202205,강원도,인제군,64,23
202205,강원도,인제군,65,22
202205,강원도,인제군,66,22
202205,강원도,인제군,67,27
202205,강원도,인제군,68,23
202205,강원도,인제군,69,19
202205,강원도,인제군,70,21
202205,강원도,인제군,71,17
202205,강원도,인제군,72,20
202205,강원도,인제군,73,24
202205,강원도,인제군,74,15
202205,강원도,인제군,75,26
202205,강원도,인제군,76,10
202205,강원도,인제군,77,22
202205,강원도,인제군,78,24
202205,강원도,인제군,79,35
202205,강원도,인제군,80,33
202205,강원도,인제군,81,21
202205,강원도,인제군,82,29
202205,강원도,인제군,83,25
202205,강원도,인제군,84,32
202205,강원도,인제군,85,17
202205,강원도,인제군,86,18
202205,강원도,인제군,87,25
202205,강원도,인제군,88,13
202205,강원도,인제군,89,16
202205,강원도,인제군,90,15
202205,강원도,인제군,91,10
202205,강원도,인제군,92,12
202205,강원도,인제군,93,12
202205,강원도,인제군,94,5
202205,강원도,인제군,95,5
202205,강원도,인제군,96,1
202205,강원도,인제군,97,1
202205,강원도,인제군,98,1
202205,강원도,인제군,99,1
202205,강원도,인제군,103,1
202205,강원도,고성군,1,1
202205,강원도,고성군,2,2
202205,강원도,고성군,3,2
202205,강원도,고성군,4,1
202205,강원도,고성군,5,4
202205,강원도,고성군,6,7
202205,강원도,고성군,7,6
202205,강원도,고성군,8,10
202205,강원도,고성군,9,14
202205,강원도,고성군,10,13
202205,강원도,고성군,11,12
202205,강원도,고성군,12,8
202205,강원도,고성군,13,12
202205,강원도,고성군,14,14
202205,강원도,고성군,15,23
202205,강원도,고성군,16,19
202205,강원도,고성군,17,14
202205,강원도,고성군,18,20
202205,강원도,고성군,19,7
202205,강원도,고성군,20,7
202205,강원도,고성군,21,13
202205,강원도,고성군,22,11
202205,강원도,고성군,23,5
202205,강원도,고성군,24,8
202205,강원도,고성군,25,4
202205,강원도,고성군,26,4
202205,강원도,고성군,27,2
202205,강원도,고성군,28,2
202205,강원도,고성군,29,4
202205,강원도,고성군,30,1
202205,강원도,고성군,31,6
202205,강원도,고성군,32,3
202205,강원도,고성군,34,3
202205,강원도,고성군,35,5
202205,강원도,고성군,36,5
202205,강원도,고성군,37,5
202205,강원도,고성군,38,4
202205,강원도,고성군,39,14
202205,강원도,고성군,40,7
202205,강원도,고성군,41,9
202205,강원도,고성군,42,7
202205,강원도,고성군,43,7
202205,강원도,고성군,44,8
202205,강원도,고성군,45,8
202205,강원도,고성군,46,8
202205,강원도,고성군,47,8
202205,강원도,고성군,48,9
202205,강원도,고성군,49,17
202205,강원도,고성군,50,23
202205,강원도,고성군,51,22
202205,강원도,고성군,52,15
202205,강원도,고성군,53,19
202205,강원도,고성군,54,23
202205,강원도,고성군,55,22
202205,강원도,고성군,56,19
202205,강원도,고성군,57,26
202205,강원도,고성군,58,19
202205,강원도,고성군,59,34
202205,강원도,고성군,60,15
202205,강원도,고성군,61,31
202205,강원도,고성군,62,32
202205,강원도,고성군,63,26
202205,강원도,고성군,64,27
202205,강원도,고성군,65,44
202205,강원도,고성군,66,43
202205,강원도,고성군,67,30
202205,강원도,고성군,68,25
202205,강원도,고성군,69,25
202205,강원도,고성군,70,25
202205,강원도,고성군,71,25
202205,강원도,고성군,72,23
202205,강원도,고성군,73,26
202205,강원도,고성군,74,20
202205,강원도,고성군,75,25
202205,강원도,고성군,76,30
202205,강원도,고성군,77,34
202205,강원도,고성군,78,32
202205,강원도,고성군,79,26
202205,강원도,고성군,80,36
202205,강원도,고성군,81,36
202205,강원도,고성군,82,32
202205,강원도,고성군,83,32
202205,강원도,고성군,84,20
202205,강원도,고성군,85,21
202205,강원도,고성군,86,20
202205,강원도,고성군,87,21
202205,강원도,고성군,88,15
202205,강원도,고성군,89,15
202205,강원도,고성군,90,14
202205,강원도,고성군,91,7
202205,강원도,고성군,92,6
202205,강원도,고성군,93,9
202205,강원도,고성군,94,14
202205,강원도,고성군,95,7
202205,강원도,고성군,96,2
202205,강원도,고성군,97,1
202205,강원도,고성군,98,2
202205,강원도,고성군,99,1
202205,강원도,고성군,103,3
202205,강원도,고성군,107,1
202205,강원도,양양군,0,1
202205,강원도,양양군,1,4
202205,강원도,양양군,2,1
202205,강원도,양양군,3,1
202205,강원도,양양군,4,1
202205,강원도,양양군,5,5
202205,강원도,양양군,6,2
202205,강원도,양양군,7,10
202205,강원도,양양군,8,8
202205,강원도,양양군,9,10
202205,강원도,양양군,10,7
202205,강원도,양양군,11,15
202205,강원도,양양군,12,6
202205,강원도,양양군,13,10
202205,강원도,양양군,14,13
202205,강원도,양양군,15,21
202205,강원도,양양군,16,13
202205,강원도,양양군,17,17
202205,강원도,양양군,18,19
202205,강원도,양양군,19,12
202205,강원도,양양군,20,6
202205,강원도,양양군,21,16
202205,강원도,양양군,22,12
202205,강원도,양양군,23,8
202205,강원도,양양군,24,7
202205,강원도,양양군,25,4
202205,강원도,양양군,26,2
202205,강원도,양양군,27,2
202205,강원도,양양군,28,3
202205,강원도,양양군,30,1
202205,강원도,양양군,31,3
202205,강원도,양양군,32,6
202205,강원도,양양군,33,1
202205,강원도,양양군,34,4
202205,강원도,양양군,35,1
202205,강원도,양양군,36,7
202205,강원도,양양군,37,3
202205,강원도,양양군,38,5
202205,강원도,양양군,39,7
202205,강원도,양양군,40,6
202205,강원도,양양군,41,9
202205,강원도,양양군,42,8
202205,강원도,양양군,43,12
202205,강원도,양양군,44,16
202205,강원도,양양군,45,7
202205,강원도,양양군,46,9
202205,강원도,양양군,47,9
202205,강원도,양양군,48,12
202205,강원도,양양군,49,15
202205,강원도,양양군,50,15
202205,강원도,양양군,51,20
202205,강원도,양양군,52,18
202205,강원도,양양군,53,19
202205,강원도,양양군,54,17
202205,강원도,양양군,55,24
202205,강원도,양양군,56,29
202205,강원도,양양군,57,24
202205,강원도,양양군,58,26
202205,강원도,양양군,59,34
202205,강원도,양양군,60,23
202205,강원도,양양군,61,33
202205,강원도,양양군,62,25
202205,강원도,양양군,63,38
202205,강원도,양양군,64,43
202205,강원도,양양군,65,44
202205,강원도,양양군,66,37
202205,강원도,양양군,67,40
202205,강원도,양양군,68,26
202205,강원도,양양군,69,37
202205,강원도,양양군,70,25
202205,강원도,양양군,71,29
202205,강원도,양양군,72,29
202205,강원도,양양군,73,30
202205,강원도,양양군,74,37
202205,강원도,양양군,75,27
202205,강원도,양양군,76,31
202205,강원도,양양군,77,26
202205,강원도,양양군,78,37
202205,강원도,양양군,79,39
202205,강원도,양양군,80,39
202205,강원도,양양군,81,35
202205,강원도,양양군,82,29
202205,강원도,양양군,83,24
202205,강원도,양양군,84,22
202205,강원도,양양군,85,19
202205,강원도,양양군,86,29
202205,강원도,양양군,87,17
202205,강원도,양양군,88,17
202205,강원도,양양군,89,13
202205,강원도,양양군,90,8
202205,강원도,양양군,91,6
202205,강원도,양양군,92,7
202205,강원도,양양군,93,15
202205,강원도,양양군,94,6
202205,강원도,양양군,95,8
202205,강원도,양양군,96,4
202205,강원도,양양군,97,2
202205,강원도,양양군,98,1
202205,강원도,양양군,102,1
202205,충청북도,청주시,0,58
202205,충청북도,청주시,1,93
202205,충청북도,청주시,2,104
202205,충청북도,청주시,3,154
202205,충청북도,청주시,4,197
202205,충청북도,청주시,5,164
202205,충청북도,청주시,6,239
202205,충청북도,청주시,7,317
202205,충청북도,청주시,8,357
202205,충청북도,청주시,9,442
202205,충청북도,청주시,10,442
202205,충청북도,청주시,11,454
202205,충청북도,청주시,12,480
202205,충청북도,청주시,13,484
202205,충청북도,청주시,14,522
202205,충청북도,청주시,15,539
202205,충청북도,청주시,16,519
202205,충청북도,청주시,17,531
202205,충청북도,청주시,18,474
202205,충청북도,청주시,19,328
202205,충청북도,청주시,20,313
202205,충청북도,청주시,21,289
202205,충청북도,청주시,22,260
202205,충청북도,청주시,23,223
202205,충청북도,청주시,24,198
202205,충청북도,청주시,25,169
202205,충청북도,청주시,26,124
202205,충청북도,청주시,27,127
202205,충청북도,청주시,28,122
202205,충청북도,청주시,29,107
202205,충청북도,청주시,30,127
202205,충청북도,청주시,31,168
202205,충청북도,청주시,32,159
202205,충청북도,청주시,33,134
202205,충청북도,청주시,34,206
202205,충청북도,청주시,35,197
202205,충청북도,청주시,36,199
202205,충청북도,청주시,37,207
202205,충청북도,청주시,38,233
202205,충청북도,청주시,39,301
202205,충청북도,청주시,40,317
202205,충청북도,청주시,41,312
202205,충청북도,청주시,42,344
202205,충청북도,청주시,43,317
202205,충청북도,청주시,44,368
202205,충청북도,청주시,45,337
202205,충청북도,청주시,46,346
202205,충청북도,청주시,47,367
202205,충청북도,청주시,48,385
202205,충청북도,청주시,49,476
202205,충청북도,청주시,50,422
202205,충청북도,청주시,51,474
202205,충청북도,청주시,52,435
202205,충청북도,청주시,53,533
202205,충청북도,청주시,54,468
202205,충청북도,청주시,55,470
202205,충청북도,청주시,56,447
202205,충청북도,청주시,57,485
202205,충청북도,청주시,58,467
202205,충청북도,청주시,59,525
202205,충청북도,청주시,60,511
202205,충청북도,청주시,61,633
202205,충청북도,청주시,62,518
202205,충청북도,청주시,63,588
202205,충청북도,청주시,64,576
202205,충청북도,청주시,65,633
202205,충청북도,청주시,66,560
202205,충청북도,청주시,67,601
202205,충청북도,청주시,68,495
202205,충청북도,청주시,69,538
202205,충청북도,청주시,70,505
202205,충청북도,청주시,71,385
202205,충청북도,청주시,72,430
202205,충청북도,청주시,73,418
202205,충청북도,청주시,74,440
202205,충청북도,청주시,75,452
202205,충청북도,청주시,76,351
202205,충청북도,청주시,77,390
202205,충청북도,청주시,78,415
202205,충청북도,청주시,79,565
202205,충청북도,청주시,80,535
202205,충청북도,청주시,81,400
202205,충청북도,청주시,82,408
202205,충청북도,청주시,83,397
202205,충청북도,청주시,84,384
202205,충청북도,청주시,85,340
202205,충청북도,청주시,86,322
202205,충청북도,청주시,87,290
202205,충청북도,청주시,88,210
202205,충청북도,청주시,89,180
202205,충청북도,청주시,90,142
202205,충청북도,청주시,91,112
202205,충청북도,청주시,92,90
202205,충청북도,청주시,93,73
202205,충청북도,청주시,94,45
202205,충청북도,청주시,95,36
202205,충청북도,청주시,96,20
202205,충청북도,청주시,97,30
202205,충청북도,청주시,98,8
202205,충청북도,청주시,99,10
202205,충청북도,청주시,100,2
202205,충청북도,청주시,101,3
202205,충청북도,청주시,102,3
202205,충청북도,청주시,103,1
202205,충청북도,청주시,104,1
202205,충청북도,청주시,109,1
202205,충청북도,충주시,0,8
202205,충청북도,충주시,1,21
202205,충청북도,충주시,2,22
202205,충청북도,충주시,3,28
202205,충청북도,충주시,4,41
202205,충청북도,충주시,5,35
202205,충청북도,충주시,6,73
202205,충청북도,충주시,7,73
202205,충청북도,충주시,8,100
202205,충청북도,충주시,9,107
202205,충청북도,충주시,10,99
202205,충청북도,충주시,11,128
202205,충청북도,충주시,12,116
202205,충청북도,충주시,13,146
202205,충청북도,충주시,14,159
202205,충청북도,충주시,15,146
202205,충청북도,충주시,16,170
202205,충청북도,충주시,17,161
202205,충청북도,충주시,18,132
202205,충청북도,충주시,19,95
202205,충청북도,충주시,20,93
202205,충청북도,충주시,21,91
202205,충청북도,충주시,22,67
202205,충청북도,충주시,23,70
202205,충청북도,충주시,24,61
202205,충청북도,충주시,25,47
202205,충청북도,충주시,26,32
202205,충청북도,충주시,27,37
202205,충청북도,충주시,28,37
202205,충청북도,충주시,29,30
202205,충청북도,충주시,30,33
202205,충청북도,충주시,31,35
202205,충청북도,충주시,32,29
202205,충청북도,충주시,33,34
202205,충청북도,충주시,34,50
202205,충청북도,충주시,35,39
202205,충청북도,충주시,36,50
202205,충청북도,충주시,37,47
202205,충청북도,충주시,38,50
202205,충청북도,충주시,39,76
202205,충청북도,충주시,40,87
202205,충청북도,충주시,41,96
202205,충청북도,충주시,42,84
202205,충청북도,충주시,43,82
202205,충청북도,충주시,44,119
202205,충청북도,충주시,45,97
202205,충청북도,충주시,46,115
202205,충청북도,충주시,47,121
202205,충청북도,충주시,48,110
202205,충청북도,충주시,49,126
202205,충청북도,충주시,50,119
202205,충청북도,충주시,51,147
202205,충청북도,충주시,52,128
202205,충청북도,충주시,53,190
202205,충청북도,충주시,54,147
202205,충청북도,충주시,55,170
202205,충청북도,충주시,56,158
202205,충청북도,충주시,57,161
202205,충청북도,충주시,58,140
202205,충청북도,충주시,59,193
202205,충청북도,충주시,60,184
202205,충청북도,충주시,61,231
202205,충청북도,충주시,62,186
202205,충청북도,충주시,63,193
202205,충청북도,충주시,64,190
202205,충청북도,충주시,65,227
202205,충청북도,충주시,66,220
202205,충청북도,충주시,67,213
202205,충청북도,충주시,68,178
202205,충청북도,충주시,69,186
202205,충청북도,충주시,70,173
202205,충청북도,충주시,71,149
202205,충청북도,충주시,72,129
202205,충청북도,충주시,73,147
202205,충청북도,충주시,74,160
202205,충청북도,충주시,75,172
202205,충청북도,충주시,76,122
202205,충청북도,충주시,77,154
202205,충청북도,충주시,78,159
202205,충청북도,충주시,79,206
202205,충청북도,충주시,80,223
202205,충청북도,충주시,81,167
202205,충청북도,충주시,82,188
202205,충청북도,충주시,83,180
202205,충청북도,충주시,84,144
202205,충청북도,충주시,85,133
202205,충청북도,충주시,86,110
202205,충청북도,충주시,87,116
202205,충청북도,충주시,88,92
202205,충청북도,충주시,89,72
202205,충청북도,충주시,90,51
202205,충청북도,충주시,91,33
202205,충청북도,충주시,92,29
202205,충청북도,충주시,93,33
202205,충청북도,충주시,94,13
202205,충청북도,충주시,95,8
202205,충청북도,충주시,96,14
202205,충청북도,충주시,97,4
202205,충청북도,충주시,98,8
202205,충청북도,충주시,99,5
202205,충청북도,충주시,100,1
202205,충청북도,충주시,101,2
202205,충청북도,충주시,107,1
202205,충청북도,제천시,0,10
202205,충청북도,제천시,1,10
202205,충청북도,제천시,2,20
202205,충청북도,제천시,3,24
202205,충청북도,제천시,4,27
202205,충청북도,제천시,5,33
202205,충청북도,제천시,6,53
202205,충청북도,제천시,7,61
202205,충청북도,제천시,8,93
202205,충청북도,제천시,9,82
202205,충청북도,제천시,10,91
202205,충청북도,제천시,11,89
202205,충청북도,제천시,12,85
202205,충청북도,제천시,13,99
202205,충청북도,제천시,14,102
202205,충청북도,제천시,15,100
202205,충청북도,제천시,16,121
202205,충청북도,제천시,17,97
202205,충청북도,제천시,18,94
202205,충청북도,제천시,19,84
202205,충청북도,제천시,20,69
202205,충청북도,제천시,21,75
202205,충청북도,제천시,22,54
202205,충청북도,제천시,23,56
202205,충청북도,제천시,24,40
202205,충청북도,제천시,25,38
202205,충청북도,제천시,26,20
202205,충청북도,제천시,27,33
202205,충청북도,제천시,28,27
202205,충청북도,제천시,29,18
202205,충청북도,제천시,30,25
202205,충청북도,제천시,31,30
202205,충청북도,제천시,32,26
202205,충청북도,제천시,33,24
202205,충청북도,제천시,34,20
202205,충청북도,제천시,35,32
202205,충청북도,제천시,36,29
202205,충청북도,제천시,37,40
202205,충청북도,제천시,38,51
202205,충청북도,제천시,39,44
202205,충청북도,제천시,40,74
202205,충청북도,제천시,41,78
202205,충청북도,제천시,42,60
202205,충청북도,제천시,43,58
202205,충청북도,제천시,44,62
202205,충청북도,제천시,45,66
202205,충청북도,제천시,46,86
202205,충청북도,제천시,47,82
202205,충청북도,제천시,48,81
202205,충청북도,제천시,49,87
202205,충청북도,제천시,50,99
202205,충청북도,제천시,51,120
202205,충청북도,제천시,52,112
202205,충청북도,제천시,53,122
202205,충청북도,제천시,54,130
202205,충청북도,제천시,55,126
202205,충청북도,제천시,56,118
202205,충청북도,제천시,57,104
202205,충청북도,제천시,58,116
202205,충청북도,제천시,59,132
202205,충청북도,제천시,60,145
202205,충청북도,제천시,61,174
202205,충청북도,제천시,62,158
202205,충청북도,제천시,63,141
202205,충청북도,제천시,64,163
202205,충청북도,제천시,65,167
202205,충청북도,제천시,66,157
202205,충청북도,제천시,67,172
202205,충청북도,제천시,68,151
202205,충청북도,제천시,69,156
202205,충청북도,제천시,70,142
202205,충청북도,제천시,71,120
202205,충청북도,제천시,72,137
202205,충청북도,제천시,73,132
202205,충청북도,제천시,74,150
202205,충청북도,제천시,75,128
202205,충청북도,제천시,76,124
202205,충청북도,제천시,77,166
202205,충청북도,제천시,78,190
202205,충청북도,제천시,79,180
202205,충청북도,제천시,80,174
202205,충청북도,제천시,81,181
202205,충청북도,제천시,82,148
202205,충청북도,제천시,83,143
202205,충청북도,제천시,84,148
202205,충청북도,제천시,85,132
202205,충청북도,제천시,86,110
202205,충청북도,제천시,87,119
202205,충청북도,제천시,88,71
202205,충청북도,제천시,89,57
202205,충청북도,제천시,90,48
202205,충청북도,제천시,91,32
202205,충청북도,제천시,92,32
202205,충청북도,제천시,93,22
202205,충청북도,제천시,94,16
202205,충청북도,제천시,95,10
202205,충청북도,제천시,96,11
202205,충청북도,제천시,97,3
202205,충청북도,제천시,98,5
202205,충청북도,제천시,99,4
202205,충청북도,제천시,100,6
202205,충청북도,제천시,101,1
202205,충청북도,제천시,102,1
202205,충청북도,보은군,1,2
202205,충청북도,보은군,2,3
202205,충청북도,보은군,3,2
202205,충청북도,보은군,4,2
202205,충청북도,보은군,5,3
202205,충청북도,보은군,6,9
202205,충청북도,보은군,7,12
202205,충청북도,보은군,8,15
202205,충청북도,보은군,9,17
202205,충청북도,보은군,10,24
202205,충청북도,보은군,11,18
202205,충청북도,보은군,12,15
202205,충청북도,보은군,13,17
202205,충청북도,보은군,14,20
202205,충청북도,보은군,15,25
202205,충청북도,보은군,16,22
202205,충청북도,보은군,17,26
202205,충청북도,보은군,18,25
202205,충청북도,보은군,19,13
202205,충청북도,보은군,20,11
202205,충청북도,보은군,21,16
202205,충청북도,보은군,22,6
202205,충청북도,보은군,23,5
202205,충청북도,보은군,24,2
202205,충청북도,보은군,25,3
202205,충청북도,보은군,26,2
202205,충청북도,보은군,27,4
202205,충청북도,보은군,28,2
202205,충청북도,보은군,29,8
202205,충청북도,보은군,30,2
202205,충청북도,보은군,31,3
202205,충청북도,보은군,32,6
202205,충청북도,보은군,33,7
202205,충청북도,보은군,34,8
202205,충청북도,보은군,35,7
202205,충청북도,보은군,36,3
202205,충청북도,보은군,37,8
202205,충청북도,보은군,38,10
202205,충청북도,보은군,39,12
202205,충청북도,보은군,40,13
202205,충청북도,보은군,41,14
202205,충청북도,보은군,42,13
202205,충청북도,보은군,43,16
202205,충청북도,보은군,44,12
202205,충청북도,보은군,45,11
202205,충청북도,보은군,46,18
202205,충청북도,보은군,47,18
202205,충청북도,보은군,48,25
202205,충청북도,보은군,49,17
202205,충청북도,보은군,50,13
202205,충청북도,보은군,51,23
202205,충청북도,보은군,52,18
202205,충청북도,보은군,53,24
202205,충청북도,보은군,54,23
202205,충청북도,보은군,55,22
202205,충청북도,보은군,56,34
202205,충청북도,보은군,57,23
202205,충청북도,보은군,58,21
202205,충청북도,보은군,59,18
202205,충청북도,보은군,60,34
202205,충청북도,보은군,61,34
202205,충청북도,보은군,62,29
202205,충청북도,보은군,63,32
202205,충청북도,보은군,64,41
202205,충청북도,보은군,65,37
202205,충청북도,보은군,66,38
202205,충청북도,보은군,67,42
202205,충청북도,보은군,68,40
202205,충청북도,보은군,69,30
202205,충청북도,보은군,70,32
202205,충청북도,보은군,71,24
202205,충청북도,보은군,72,31
202205,충청북도,보은군,73,26
202205,충청북도,보은군,74,47
202205,충청북도,보은군,75,33
202205,충청북도,보은군,76,30
202205,충청북도,보은군,77,28
202205,충청북도,보은군,78,41
202205,충청북도,보은군,79,44
202205,충청북도,보은군,80,51
202205,충청북도,보은군,81,43
202205,충청북도,보은군,82,40
202205,충청북도,보은군,83,34
202205,충청북도,보은군,84,39
202205,충청북도,보은군,85,42
202205,충청북도,보은군,86,53
202205,충청북도,보은군,87,37
202205,충청북도,보은군,88,29
202205,충청북도,보은군,89,32
202205,충청북도,보은군,90,26
202205,충청북도,보은군,91,23
202205,충청북도,보은군,92,19
202205,충청북도,보은군,93,21
202205,충청북도,보은군,94,9
202205,충청북도,보은군,95,9
202205,충청북도,보은군,96,5
202205,충청북도,보은군,97,5
202205,충청북도,보은군,98,1
202205,충청북도,보은군,99,1
202205,충청북도,옥천군,0,2
202205,충청북도,옥천군,1,7
202205,충청북도,옥천군,2,9
202205,충청북도,옥천군,3,8
202205,충청북도,옥천군,4,10
202205,충청북도,옥천군,5,10
202205,충청북도,옥천군,6,10
202205,충청북도,옥천군,7,17
202205,충청북도,옥천군,8,15
202205,충청북도,옥천군,9,28
202205,충청북도,옥천군,10,25
202205,충청북도,옥천군,11,33
202205,충청북도,옥천군,12,27
202205,충청북도,옥천군,13,31
202205,충청북도,옥천군,14,29
202205,충청북도,옥천군,15,46
202205,충청북도,옥천군,16,32
202205,충청북도,옥천군,17,29
202205,충청북도,옥천군,18,28
202205,충청북도,옥천군,19,10
202205,충청북도,옥천군,20,19
202205,충청북도,옥천군,21,15
202205,충청북도,옥천군,22,18
202205,충청북도,옥천군,23,16
202205,충청북도,옥천군,24,14
202205,충청북도,옥천군,25,8
202205,충청북도,옥천군,26,4
202205,충청북도,옥천군,27,3
202205,충청북도,옥천군,28,3
202205,충청북도,옥천군,29,6
202205,충청북도,옥천군,30,3
202205,충청북도,옥천군,31,4
202205,충청북도,옥천군,32,6
202205,충청북도,옥천군,33,8
202205,충청북도,옥천군,34,10
202205,충청북도,옥천군,35,16
202205,충청북도,옥천군,36,7
202205,충청북도,옥천군,37,14
202205,충청북도,옥천군,38,17
202205,충청북도,옥천군,39,14
202205,충청북도,옥천군,40,26
202205,충청북도,옥천군,41,20
202205,충청북도,옥천군,42,19
202205,충청북도,옥천군,43,14
202205,충청북도,옥천군,44,13
202205,충청북도,옥천군,45,17
202205,충청북도,옥천군,46,11
202205,충청북도,옥천군,47,15
202205,충청북도,옥천군,48,33
202205,충청북도,옥천군,49,33
202205,충청북도,옥천군,50,24
202205,충청북도,옥천군,51,23
202205,충청북도,옥천군,52,26
202205,충청북도,옥천군,53,38
202205,충청북도,옥천군,54,27
202205,충청북도,옥천군,55,39
202205,충청북도,옥천군,56,35
202205,충청북도,옥천군,57,25
202205,충청북도,옥천군,58,25
202205,충청북도,옥천군,59,30
202205,충청북도,옥천군,60,42
202205,충청북도,옥천군,61,66
202205,충청북도,옥천군,62,38
202205,충청북도,옥천군,63,43
202205,충청북도,옥천군,64,36
202205,충청북도,옥천군,65,34
202205,충청북도,옥천군,66,28
202205,충청북도,옥천군,67,37
202205,충청북도,옥천군,68,29
202205,충청북도,옥천군,69,45
202205,충청북도,옥천군,70,43
202205,충청북도,옥천군,71,38
202205,충청북도,옥천군,72,43
202205,충청북도,옥천군,73,42
202205,충청북도,옥천군,74,46
202205,충청북도,옥천군,75,48
202205,충청북도,옥천군,76,36
202205,충청북도,옥천군,77,33
202205,충청북도,옥천군,78,47
202205,충청북도,옥천군,79,64
202205,충청북도,옥천군,80,71
202205,충청북도,옥천군,81,52
202205,충청북도,옥천군,82,51
202205,충청북도,옥천군,83,65
202205,충청북도,옥천군,84,57
202205,충청북도,옥천군,85,50
202205,충청북도,옥천군,86,50
202205,충청북도,옥천군,87,58
202205,충청북도,옥천군,88,53
202205,충청북도,옥천군,89,46
202205,충청북도,옥천군,90,27
202205,충청북도,옥천군,91,24
202205,충청북도,옥천군,92,20
202205,충청북도,옥천군,93,18
202205,충청북도,옥천군,94,13
202205,충청북도,옥천군,95,7
202205,충청북도,옥천군,96,7
202205,충청북도,옥천군,97,1
202205,충청북도,옥천군,98,6
202205,충청북도,옥천군,99,1
202205,충청북도,옥천군,102,1
202205,충청북도,옥천군,117,1
202205,충청북도,영동군,0,2
202205,충청북도,영동군,1,6
202205,충청북도,영동군,2,5
202205,충청북도,영동군,3,6
202205,충청북도,영동군,4,6
202205,충청북도,영동군,5,12
202205,충청북도,영동군,6,12
202205,충청북도,영동군,7,19
202205,충청북도,영동군,8,20
202205,충청북도,영동군,9,21
202205,충청북도,영동군,10,29
202205,충청북도,영동군,11,14
202205,충청북도,영동군,12,24
202205,충청북도,영동군,13,25
202205,충청북도,영동군,14,30
202205,충청북도,영동군,15,26
202205,충청북도,영동군,16,34
202205,충청북도,영동군,17,29
202205,충청북도,영동군,18,30
202205,충청북도,영동군,19,16
202205,충청북도,영동군,20,20
202205,충청북도,영동군,21,15
202205,충청북도,영동군,22,10
202205,충청북도,영동군,23,15
202205,충청북도,영동군,24,7
202205,충청북도,영동군,25,8
202205,충청북도,영동군,26,8
202205,충청북도,영동군,27,10
202205,충청북도,영동군,28,5
202205,충청북도,영동군,29,3
202205,충청북도,영동군,30,7
202205,충청북도,영동군,31,5
202205,충청북도,영동군,32,6
202205,충청북도,영동군,33,5
202205,충청북도,영동군,34,10
202205,충청북도,영동군,35,11
202205,충청북도,영동군,36,11
202205,충청북도,영동군,37,10
202205,충청북도,영동군,38,10
202205,충청북도,영동군,39,7
202205,충청북도,영동군,40,17
202205,충청북도,영동군,41,15
202205,충청북도,영동군,42,9
202205,충청북도,영동군,43,13
202205,충청북도,영동군,44,20
202205,충청북도,영동군,45,11
202205,충청북도,영동군,46,22
202205,충청북도,영동군,47,26
202205,충청북도,영동군,48,21
202205,충청북도,영동군,49,26
202205,충청북도,영동군,50,28
202205,충청북도,영동군,51,42
202205,충청북도,영동군,52,39
202205,충청북도,영동군,53,46
202205,충청북도,영동군,54,26
202205,충청북도,영동군,55,38
202205,충청북도,영동군,56,42
202205,충청북도,영동군,57,39
202205,충청북도,영동군,58,26
202205,충청북도,영동군,59,51
202205,충청북도,영동군,60,35
202205,충청북도,영동군,61,52
202205,충청북도,영동군,62,42
202205,충청북도,영동군,63,56
202205,충청북도,영동군,64,43
202205,충청북도,영동군,65,45
202205,충청북도,영동군,66,48
202205,충청북도,영동군,67,58
202205,충청북도,영동군,68,40
202205,충청북도,영동군,69,38
202205,충청북도,영동군,70,48
202205,충청북도,영동군,71,35
202205,충청북도,영동군,72,33
202205,충청북도,영동군,73,42
202205,충청북도,영동군,74,37
202205,충청북도,영동군,75,57
202205,충청북도,영동군,76,38
202205,충청북도,영동군,77,51
202205,충청북도,영동군,78,46
202205,충청북도,영동군,79,60
202205,충청북도,영동군,80,63
202205,충청북도,영동군,81,46
202205,충청북도,영동군,82,45
202205,충청북도,영동군,83,51
202205,충청북도,영동군,84,53
202205,충청북도,영동군,85,41
202205,충청북도,영동군,86,45
202205,충청북도,영동군,87,38
202205,충청북도,영동군,88,29
202205,충청북도,영동군,89,26
202205,충청북도,영동군,90,23
202205,충청북도,영동군,91,14
202205,충청북도,영동군,92,17
202205,충청북도,영동군,93,11
202205,충청북도,영동군,94,12
202205,충청북도,영동군,95,4
202205,충청북도,영동군,96,6
202205,충청북도,영동군,97,4
202205,충청북도,영동군,98,1
202205,충청북도,영동군,99,1
202205,충청북도,영동군,100,2
202205,충청북도,영동군,102,1
202205,충청북도,증평군,0,2
202205,충청북도,증평군,1,2
202205,충청북도,증평군,2,4
202205,충청북도,증평군,3,10
202205,충청북도,증평군,4,10
202205,충청북도,증평군,5,10
202205,충청북도,증평군,6,7
202205,충청북도,증평군,7,17
202205,충청북도,증평군,8,17
202205,충청북도,증평군,9,27
202205,충청북도,증평군,10,13
202205,충청북도,증평군,11,23
202205,충청북도,증평군,12,26
202205,충청북도,증평군,13,25
202205,충청북도,증평군,14,25
202205,충청북도,증평군,15,24
202205,충청북도,증평군,16,30
202205,충청북도,증평군,17,31
202205,충청북도,증평군,18,17
202205,충청북도,증평군,19,19
202205,충청북도,증평군,20,11
202205,충청북도,증평군,21,10
202205,충청북도,증평군,22,7
202205,충청북도,증평군,23,5
202205,충청북도,증평군,24,7
202205,충청북도,증평군,25,7
202205,충청북도,증평군,26,4
202205,충청북도,증평군,27,3
202205,충청북도,증평군,28,4
202205,충청북도,증평군,29,5
202205,충청북도,증평군,30,5
202205,충청북도,증평군,31,4
202205,충청북도,증평군,32,8
202205,충청북도,증평군,33,6
202205,충청북도,증평군,34,6
202205,충청북도,증평군,35,18
202205,충청북도,증평군,36,8
202205,충청북도,증평군,37,15
202205,충청북도,증평군,38,9
202205,충청북도,증평군,39,10
202205,충청북도,증평군,40,17
202205,충청북도,증평군,41,14
202205,충청북도,증평군,42,20
202205,충청북도,증평군,43,17
202205,충청북도,증평군,44,16
202205,충청북도,증평군,45,10
202205,충청북도,증평군,46,14
202205,충청북도,증평군,47,28
202205,충청북도,증평군,48,16
202205,충청북도,증평군,49,18
202205,충청북도,증평군,50,20
202205,충청북도,증평군,51,17
202205,충청북도,증평군,52,17
202205,충청북도,증평군,53,25
202205,충청북도,증평군,54,35
202205,충청북도,증평군,55,21
202205,충청북도,증평군,56,36
202205,충청북도,증평군,57,26
202205,충청북도,증평군,58,18
202205,충청북도,증평군,59,33
202205,충청북도,증평군,60,33
202205,충청북도,증평군,61,35
202205,충청북도,증평군,62,42
202205,충청북도,증평군,63,24
202205,충청북도,증평군,64,34
202205,충청북도,증평군,65,32
202205,충청북도,증평군,66,37
202205,충청북도,증평군,67,31
202205,충청북도,증평군,68,33
202205,충청북도,증평군,69,42
202205,충청북도,증평군,70,40
202205,충청북도,증평군,71,26
202205,충청북도,증평군,72,25
202205,충청북도,증평군,73,17
202205,충청북도,증평군,74,35
202205,충청북도,증평군,75,35
202205,충청북도,증평군,76,27
202205,충청북도,증평군,77,31
202205,충청북도,증평군,78,26
202205,충청북도,증평군,79,39
202205,충청북도,증평군,80,39
202205,충청북도,증평군,81,32
202205,충청북도,증평군,82,35
202205,충청북도,증평군,83,32
202205,충청북도,증평군,84,32
202205,충청북도,증평군,85,33
202205,충청북도,증평군,86,25
202205,충청북도,증평군,87,25
202205,충청북도,증평군,88,17
202205,충청북도,증평군,89,12
202205,충청북도,증평군,90,15
202205,충청북도,증평군,91,8
202205,충청북도,증평군,92,10
202205,충청북도,증평군,93,5
202205,충청북도,증평군,94,4
202205,충청북도,증평군,95,1
202205,충청북도,증평군,96,4
202205,충청북도,증평군,97,1
202205,충청북도,증평군,98,1
202205,충청북도,증평군,99,1
202205,충청북도,증평군,100,1
202205,충청북도,진천군,0,4
202205,충청북도,진천군,1,9
202205,충청북도,진천군,2,9
202205,충청북도,진천군,3,13
202205,충청북도,진천군,4,16
202205,충청북도,진천군,5,19
202205,충청북도,진천군,6,18
202205,충청북도,진천군,7,19
202205,충청북도,진천군,8,33
202205,충청북도,진천군,9,42
202205,충청북도,진천군,10,42
202205,충청북도,진천군,11,49
202205,충청북도,진천군,12,40
202205,충청북도,진천군,13,52
202205,충청북도,진천군,14,43
202205,충청북도,진천군,15,35
202205,충청북도,진천군,16,32
202205,충청북도,진천군,17,34
202205,충청북도,진천군,18,39
202205,충청북도,진천군,19,24
202205,충청북도,진천군,20,28
202205,충청북도,진천군,21,25
202205,충청북도,진천군,22,14
202205,충청북도,진천군,23,23
202205,충청북도,진천군,24,15
202205,충청북도,진천군,25,12
202205,충청북도,진천군,26,9
202205,충청북도,진천군,27,11
202205,충청북도,진천군,28,11
202205,충청북도,진천군,29,19
202205,충청북도,진천군,30,7
202205,충청북도,진천군,31,10
202205,충청북도,진천군,32,11
202205,충청북도,진천군,33,12
202205,충청북도,진천군,34,13
202205,충청북도,진천군,35,21
202205,충청북도,진천군,36,22
202205,충청북도,진천군,37,22
202205,충청북도,진천군,38,17
202205,충청북도,진천군,39,28
202205,충청북도,진천군,40,25
202205,충청북도,진천군,41,23
202205,충청북도,진천군,42,19
202205,충청북도,진천군,43,20
202205,충청북도,진천군,44,19
202205,충청북도,진천군,45,21
202205,충청북도,진천군,46,36
202205,충청북도,진천군,47,29
202205,충청북도,진천군,48,34
202205,충청북도,진천군,49,36
202205,충청북도,진천군,50,26
202205,충청북도,진천군,51,36
202205,충청북도,진천군,52,34
202205,충청북도,진천군,53,55
202205,충청북도,진천군,54,31
202205,충청북도,진천군,55,38
202205,충청북도,진천군,56,40
202205,충청북도,진천군,57,51
202205,충청북도,진천군,58,47
202205,충청북도,진천군,59,46
202205,충청북도,진천군,60,55
202205,충청북도,진천군,61,61
202205,충청북도,진천군,62,55
202205,충청북도,진천군,63,44
202205,충청북도,진천군,64,53
202205,충청북도,진천군,65,45
202205,충청북도,진천군,66,52
202205,충청북도,진천군,67,66
202205,충청북도,진천군,68,41
202205,충청북도,진천군,69,39
202205,충청북도,진천군,70,36
202205,충청북도,진천군,71,44
202205,충청북도,진천군,72,43
202205,충청북도,진천군,73,37
202205,충청북도,진천군,74,44
202205,충청북도,진천군,75,40
202205,충청북도,진천군,76,20
202205,충청북도,진천군,77,31
202205,충청북도,진천군,78,34
202205,충청북도,진천군,79,51
202205,충청북도,진천군,80,60
202205,충청북도,진천군,81,54
202205,충청북도,진천군,82,47
202205,충청북도,진천군,83,52
202205,충청북도,진천군,84,44
202205,충청북도,진천군,85,50
202205,충청북도,진천군,86,36
202205,충청북도,진천군,87,38
202205,충청북도,진천군,88,39
202205,충청북도,진천군,89,29
202205,충청북도,진천군,90,16
202205,충청북도,진천군,91,17
202205,충청북도,진천군,92,7
202205,충청북도,진천군,93,6
202205,충청북도,진천군,94,10
202205,충청북도,진천군,95,5
202205,충청북도,진천군,96,3
202205,충청북도,진천군,97,7
202205,충청북도,진천군,98,4
202205,충청북도,진천군,99,2
202205,충청북도,진천군,100,1
202205,충청북도,진천군,101,2
202205,충청북도,괴산군,0,2
202205,충청북도,괴산군,1,4
202205,충청북도,괴산군,2,5
202205,충청북도,괴산군,3,2
202205,충청북도,괴산군,4,5
202205,충청북도,괴산군,5,5
202205,충청북도,괴산군,6,11
202205,충청북도,괴산군,7,11
202205,충청북도,괴산군,8,13
202205,충청북도,괴산군,9,15
202205,충청북도,괴산군,10,15
202205,충청북도,괴산군,11,13
202205,충청북도,괴산군,12,20
202205,충청북도,괴산군,13,25
202205,충청북도,괴산군,14,21
202205,충청북도,괴산군,15,19
202205,충청북도,괴산군,16,21
202205,충청북도,괴산군,17,25
202205,충청북도,괴산군,18,11
202205,충청북도,괴산군,19,16
202205,충청북도,괴산군,20,14
202205,충청북도,괴산군,21,15
202205,충청북도,괴산군,22,12
202205,충청북도,괴산군,23,6
202205,충청북도,괴산군,24,9
202205,충청북도,괴산군,25,4
202205,충청북도,괴산군,26,10
202205,충청북도,괴산군,27,4
202205,충청북도,괴산군,28,4
202205,충청북도,괴산군,29,5
202205,충청북도,괴산군,30,5
202205,충청북도,괴산군,31,4
202205,충청북도,괴산군,32,3
202205,충청북도,괴산군,33,10
202205,충청북도,괴산군,34,9
202205,충청북도,괴산군,35,10
202205,충청북도,괴산군,36,7
202205,충청북도,괴산군,37,6
202205,충청북도,괴산군,38,9
202205,충청북도,괴산군,39,10
202205,충청북도,괴산군,40,11
202205,충청북도,괴산군,41,13
202205,충청북도,괴산군,42,20
202205,충청북도,괴산군,43,14
202205,충청북도,괴산군,44,12
202205,충청북도,괴산군,45,13
202205,충청북도,괴산군,46,9
202205,충청북도,괴산군,47,19
202205,충청북도,괴산군,48,26
202205,충청북도,괴산군,49,19
202205,충청북도,괴산군,50,25
202205,충청북도,괴산군,51,36
202205,충청북도,괴산군,52,28
202205,충청북도,괴산군,53,37
202205,충청북도,괴산군,54,43
202205,충청북도,괴산군,55,32
202205,충청북도,괴산군,56,34
202205,충청북도,괴산군,57,38
202205,충청북도,괴산군,58,27
202205,충청북도,괴산군,59,44
202205,충청북도,괴산군,60,36
202205,충청북도,괴산군,61,53
202205,충청북도,괴산군,62,45
202205,충청북도,괴산군,63,45
202205,충청북도,괴산군,64,32
202205,충청북도,괴산군,65,48
202205,충청북도,괴산군,66,45
202205,충청북도,괴산군,67,41
202205,충청북도,괴산군,68,38
202205,충청북도,괴산군,69,30
202205,충청북도,괴산군,70,30
202205,충청북도,괴산군,71,32
202205,충청북도,괴산군,72,34
202205,충청북도,괴산군,73,24
202205,충청북도,괴산군,74,39
202205,충청북도,괴산군,75,50
202205,충청북도,괴산군,76,38
202205,충청북도,괴산군,77,37
202205,충청북도,괴산군,78,43
202205,충청북도,괴산군,79,63
202205,충청북도,괴산군,80,39
202205,충청북도,괴산군,81,38
202205,충청북도,괴산군,82,40
202205,충청북도,괴산군,83,46
202205,충청북도,괴산군,84,42
202205,충청북도,괴산군,85,36
202205,충청북도,괴산군,86,39
202205,충청북도,괴산군,87,35
202205,충청북도,괴산군,88,20
202205,충청북도,괴산군,89,17
202205,충청북도,괴산군,90,25
202205,충청북도,괴산군,91,13
202205,충청북도,괴산군,92,11
202205,충청북도,괴산군,93,9
202205,충청북도,괴산군,94,4
202205,충청북도,괴산군,96,1
202205,충청북도,괴산군,97,1
202205,충청북도,괴산군,98,2
202205,충청북도,괴산군,99,1
202205,충청북도,괴산군,100,2
202205,충청북도,음성군,0,10
202205,충청북도,음성군,1,9
202205,충청북도,음성군,2,11
202205,충청북도,음성군,3,12
202205,충청북도,음성군,4,15
202205,충청북도,음성군,5,11
202205,충청북도,음성군,6,22
202205,충청북도,음성군,7,41
202205,충청북도,음성군,8,38
202205,충청북도,음성군,9,43
202205,충청북도,음성군,10,44
202205,충청북도,음성군,11,57
202205,충청북도,음성군,12,40
202205,충청북도,음성군,13,56
202205,충청북도,음성군,14,49
202205,충청북도,음성군,15,50
202205,충청북도,음성군,16,60
202205,충청북도,음성군,17,57
202205,충청북도,음성군,18,34
202205,충청북도,음성군,19,32
202205,충청북도,음성군,20,36
202205,충청북도,음성군,21,23
202205,충청북도,음성군,22,23
202205,충청북도,음성군,23,15
202205,충청북도,음성군,24,16
202205,충청북도,음성군,25,22
202205,충청북도,음성군,26,11
202205,충청북도,음성군,27,13
202205,충청북도,음성군,28,8
202205,충청북도,음성군,29,10
202205,충청북도,음성군,30,6
202205,충청북도,음성군,31,13
202205,충청북도,음성군,32,11
202205,충청북도,음성군,33,13
202205,충청북도,음성군,34,11
202205,충청북도,음성군,35,19
202205,충청북도,음성군,36,14
202205,충청북도,음성군,37,21
202205,충청북도,음성군,38,20
202205,충청북도,음성군,39,25
202205,충청북도,음성군,40,25
202205,충청북도,음성군,41,36
202205,충청북도,음성군,42,38
202205,충청북도,음성군,43,31
202205,충청북도,음성군,44,32
202205,충청북도,음성군,45,38
202205,충청북도,음성군,46,40
202205,충청북도,음성군,47,41
202205,충청북도,음성군,48,53
202205,충청북도,음성군,49,57
202205,충청북도,음성군,50,42
202205,충청북도,음성군,51,58
202205,충청북도,음성군,52,54
202205,충청북도,음성군,53,52
202205,충청북도,음성군,54,58
202205,충청북도,음성군,55,44
202205,충청북도,음성군,56,61
202205,충청북도,음성군,57,65
202205,충청북도,음성군,58,59
202205,충청북도,음성군,59,72
202205,충청북도,음성군,60,70
202205,충청북도,음성군,61,92
202205,충청북도,음성군,62,81
202205,충청북도,음성군,63,89
202205,충청북도,음성군,64,71
202205,충청북도,음성군,65,83
202205,충청북도,음성군,66,78
202205,충청북도,음성군,67,86
202205,충청북도,음성군,68,74
202205,충청북도,음성군,69,76
202205,충청북도,음성군,70,88
202205,충청북도,음성군,71,62
202205,충청북도,음성군,72,63
202205,충청북도,음성군,73,70
202205,충청북도,음성군,74,60
202205,충청북도,음성군,75,73
202205,충청북도,음성군,76,47
202205,충청북도,음성군,77,67
202205,충청북도,음성군,78,61
202205,충청북도,음성군,79,69
202205,충청북도,음성군,80,90
202205,충청북도,음성군,81,73
202205,충청북도,음성군,82,53
202205,충청북도,음성군,83,75
202205,충청북도,음성군,84,76
202205,충청북도,음성군,85,63
202205,충청북도,음성군,86,50
202205,충청북도,음성군,87,53
202205,충청북도,음성군,88,31
202205,충청북도,음성군,89,27
202205,충청북도,음성군,90,14
202205,충청북도,음성군,91,23
202205,충청북도,음성군,92,14
202205,충청북도,음성군,93,11
202205,충청북도,음성군,94,14
202205,충청북도,음성군,95,3
202205,충청북도,음성군,96,9
202205,충청북도,음성군,97,4
202205,충청북도,음성군,98,2
202205,충청북도,음성군,99,1
202205,충청북도,음성군,100,1
202205,충청북도,음성군,101,1
202205,충청북도,음성군,111,1
202205,충청북도,단양군,0,1
202205,충청북도,단양군,1,1
202205,충청북도,단양군,2,4
202205,충청북도,단양군,3,3
202205,충청북도,단양군,4,3
202205,충청북도,단양군,5,3
202205,충청북도,단양군,6,5
202205,충청북도,단양군,7,7
202205,충청북도,단양군,8,12
202205,충청북도,단양군,9,16
202205,충청북도,단양군,10,15
202205,충청북도,단양군,11,15
202205,충청북도,단양군,12,16
202205,충청북도,단양군,13,24
202205,충청북도,단양군,14,14
202205,충청북도,단양군,15,16
202205,충청북도,단양군,16,14
202205,충청북도,단양군,17,28
202205,충청북도,단양군,18,23
202205,충청북도,단양군,19,12
202205,충청북도,단양군,20,11
202205,충청북도,단양군,21,9
202205,충청북도,단양군,22,11
202205,충청북도,단양군,23,4
202205,충청북도,단양군,24,4
202205,충청북도,단양군,25,2
202205,충청북도,단양군,26,3
202205,충청북도,단양군,27,3
202205,충청북도,단양군,28,4
202205,충청북도,단양군,29,6
202205,충청북도,단양군,30,4
202205,충청북도,단양군,31,2
202205,충청북도,단양군,32,3
202205,충청북도,단양군,33,1
202205,충청북도,단양군,34,1
202205,충청북도,단양군,35,5
202205,충청북도,단양군,36,9
202205,충청북도,단양군,37,6
202205,충청북도,단양군,38,5
202205,충청북도,단양군,39,5
202205,충청북도,단양군,40,13
202205,충청북도,단양군,41,4
202205,충청북도,단양군,42,10
202205,충청북도,단양군,43,10
202205,충청북도,단양군,44,10
202205,충청북도,단양군,45,16
202205,충청북도,단양군,46,18
202205,충청북도,단양군,47,16
202205,충청북도,단양군,48,12
202205,충청북도,단양군,49,9
202205,충청북도,단양군,50,16
202205,충청북도,단양군,51,17
202205,충청북도,단양군,52,22
202205,충청북도,단양군,53,23
202205,충청북도,단양군,54,22
202205,충청북도,단양군,55,22
202205,충청북도,단양군,56,21
202205,충청북도,단양군,57,18
202205,충청북도,단양군,58,20
202205,충청북도,단양군,59,37
202205,충청북도,단양군,60,25
202205,충청북도,단양군,61,37
202205,충청북도,단양군,62,40
202205,충청북도,단양군,63,37
202205,충청북도,단양군,64,25
202205,충청북도,단양군,65,41
202205,충청북도,단양군,66,30
202205,충청북도,단양군,67,37
202205,충청북도,단양군,68,33
202205,충청북도,단양군,69,26
202205,충청북도,단양군,70,41
202205,충청북도,단양군,71,19
202205,충청북도,단양군,72,26
202205,충청북도,단양군,73,46
202205,충청북도,단양군,74,31
202205,충청북도,단양군,75,44
202205,충청북도,단양군,76,14
202205,충청북도,단양군,77,36
202205,충청북도,단양군,78,42
202205,충청북도,단양군,79,38
202205,충청북도,단양군,80,48
202205,충청북도,단양군,81,43
202205,충청북도,단양군,82,44
202205,충청북도,단양군,83,25
202205,충청북도,단양군,84,35
202205,충청북도,단양군,85,39
202205,충청북도,단양군,86,28
202205,충청북도,단양군,87,25
202205,충청북도,단양군,88,19
202205,충청북도,단양군,89,18
202205,충청북도,단양군,90,8
202205,충청북도,단양군,91,9
202205,충청북도,단양군,92,7
202205,충청북도,단양군,93,9
202205,충청북도,단양군,95,3
202205,충청북도,단양군,97,2
202205,충청북도,단양군,98,1
202205,충청북도,단양군,101,1
202205,충청북도,단양군,104,1
202205,충청남도,천안시,0,17
202205,충청남도,천안시,1,47
202205,충청남도,천안시,2,64
202205,충청남도,천안시,3,70
202205,충청남도,천안시,4,80
202205,충청남도,천안시,5,118
202205,충청남도,천안시,6,136
202205,충청남도,천안시,7,163
202205,충청남도,천안시,8,201
202205,충청남도,천안시,9,217
202205,충청남도,천안시,10,244
202205,충청남도,천안시,11,269
202205,충청남도,천안시,12,232
202205,충청남도,천안시,13,269
202205,충청남도,천안시,14,291
202205,충청남도,천안시,15,292
202205,충청남도,천안시,16,301
202205,충청남도,천안시,17,307
202205,충청남도,천안시,18,241
202205,충청남도,천안시,19,221
202205,충청남도,천안시,20,194
202205,충청남도,천안시,21,157
202205,충청남도,천안시,22,155
202205,충청남도,천안시,23,119
202205,충청남도,천안시,24,112
202205,충청남도,천안시,25,83
202205,충청남도,천안시,26,72
202205,충청남도,천안시,27,81
202205,충청남도,천안시,28,67
202205,충청남도,천안시,29,62
202205,충청남도,천안시,30,75
202205,충청남도,천안시,31,70
202205,충청남도,천안시,32,67
202205,충청남도,천안시,33,85
202205,충청남도,천안시,34,72
202205,충청남도,천안시,35,90
202205,충청남도,천안시,36,84
202205,충청남도,천안시,37,97
202205,충청남도,천안시,38,136
202205,충청남도,천안시,39,135
202205,충청남도,천안시,40,169
202205,충청남도,천안시,41,192
202205,충청남도,천안시,42,183
202205,충청남도,천안시,43,158
202205,충청남도,천안시,44,199
202205,충청남도,천안시,45,167
202205,충청남도,천안시,46,191
202205,충청남도,천안시,47,211
202205,충청남도,천안시,48,232
202205,충청남도,천안시,49,211
202205,충청남도,천안시,50,258
202205,충청남도,천안시,51,261
202205,충청남도,천안시,52,294
202205,충청남도,천안시,53,306
202205,충청남도,천안시,54,294
202205,충청남도,천안시,55,238
202205,충청남도,천안시,56,263
202205,충청남도,천안시,57,281
202205,충청남도,천안시,58,255
202205,충청남도,천안시,59,300
202205,충청남도,천안시,60,310
202205,충청남도,천안시,61,377
202205,충청남도,천안시,62,359
202205,충청남도,천안시,63,327
202205,충청남도,천안시,64,319
202205,충청남도,천안시,65,328
202205,충청남도,천안시,66,369
202205,충청남도,천안시,67,349
202205,충청남도,천안시,68,317
202205,충청남도,천안시,69,268
202205,충청남도,천안시,70,317
202205,충청남도,천안시,71,227
202205,충청남도,천안시,72,274
202205,충청남도,천안시,73,249
202205,충청남도,천안시,74,277
202205,충청남도,천안시,75,227
202205,충청남도,천안시,76,187
202205,충청남도,천안시,77,210
202205,충청남도,천안시,78,244
202205,충청남도,천안시,79,250
202205,충청남도,천안시,80,259
202205,충청남도,천안시,81,235
202205,충청남도,천안시,82,214
202205,충청남도,천안시,83,200
202205,충청남도,천안시,84,197
202205,충청남도,천안시,85,169
202205,충청남도,천안시,86,157
202205,충청남도,천안시,87,146
202205,충청남도,천안시,88,97
202205,충청남도,천안시,89,98
202205,충청남도,천안시,90,89
202205,충청남도,천안시,91,50
202205,충청남도,천안시,92,45
202205,충청남도,천안시,93,37
202205,충청남도,천안시,94,27
202205,충청남도,천안시,95,21
202205,충청남도,천안시,96,14
202205,충청남도,천안시,97,11
202205,충청남도,천안시,98,8
202205,충청남도,천안시,99,3
202205,충청남도,천안시,100,3
202205,충청남도,천안시,101,4
202205,충청남도,천안시,102,1
202205,충청남도,천안시,104,1
202205,충청남도,천안시,105,2
202205,충청남도,공주시,0,6
202205,충청남도,공주시,1,5
202205,충청남도,공주시,2,15
202205,충청남도,공주시,3,14
202205,충청남도,공주시,4,14
202205,충청남도,공주시,5,19
202205,충청남도,공주시,6,31
202205,충청남도,공주시,7,47
202205,충청남도,공주시,8,44
202205,충청남도,공주시,9,48
202205,충청남도,공주시,10,45
202205,충청남도,공주시,11,73
202205,충청남도,공주시,12,64
202205,충청남도,공주시,13,57
202205,충청남도,공주시,14,79
202205,충청남도,공주시,15,78
202205,충청남도,공주시,16,76
202205,충청남도,공주시,17,73
202205,충청남도,공주시,18,62
202205,충청남도,공주시,19,48
202205,충청남도,공주시,20,41
202205,충청남도,공주시,21,46
202205,충청남도,공주시,22,43
202205,충청남도,공주시,23,31
202205,충청남도,공주시,24,30
202205,충청남도,공주시,25,24
202205,충청남도,공주시,26,15
202205,충청남도,공주시,27,12
202205,충청남도,공주시,28,19
202205,충청남도,공주시,29,14
202205,충청남도,공주시,30,14
202205,충청남도,공주시,31,16
202205,충청남도,공주시,32,11
202205,충청남도,공주시,33,20
202205,충청남도,공주시,34,22
202205,충청남도,공주시,35,18
202205,충청남도,공주시,36,19
202205,충청남도,공주시,37,19
202205,충청남도,공주시,38,32
202205,충청남도,공주시,39,37
202205,충청남도,공주시,40,45
202205,충청남도,공주시,41,32
202205,충청남도,공주시,42,44
202205,충청남도,공주시,43,44
202205,충청남도,공주시,44,43
202205,충청남도,공주시,45,30
202205,충청남도,공주시,46,47
202205,충청남도,공주시,47,59
202205,충청남도,공주시,48,62
202205,충청남도,공주시,49,61
202205,충청남도,공주시,50,68
202205,충청남도,공주시,51,54
202205,충청남도,공주시,52,72
202205,충청남도,공주시,53,83
202205,충청남도,공주시,54,76
202205,충청남도,공주시,55,80
202205,충청남도,공주시,56,80
202205,충청남도,공주시,57,80
202205,충청남도,공주시,58,75
202205,충청남도,공주시,59,91
202205,충청남도,공주시,60,94
202205,충청남도,공주시,61,105
202205,충청남도,공주시,62,77
202205,충청남도,공주시,63,110
202205,충청남도,공주시,64,96
202205,충청남도,공주시,65,93
202205,충청남도,공주시,66,118
202205,충청남도,공주시,67,106
202205,충청남도,공주시,68,70
202205,충청남도,공주시,69,71
202205,충청남도,공주시,70,82
202205,충청남도,공주시,71,83
202205,충청남도,공주시,72,86
202205,충청남도,공주시,73,85
202205,충청남도,공주시,74,82
202205,충청남도,공주시,75,94
202205,충청남도,공주시,76,64
202205,충청남도,공주시,77,69
202205,충청남도,공주시,78,90
202205,충청남도,공주시,79,109
202205,충청남도,공주시,80,122
202205,충청남도,공주시,81,80
202205,충청남도,공주시,82,69
202205,충청남도,공주시,83,73
202205,충청남도,공주시,84,73
202205,충청남도,공주시,85,71
202205,충청남도,공주시,86,65
202205,충청남도,공주시,87,63
202205,충청남도,공주시,88,37
202205,충청남도,공주시,89,44
202205,충청남도,공주시,90,32
202205,충청남도,공주시,91,31
202205,충청남도,공주시,92,22
202205,충청남도,공주시,93,18
202205,충청남도,공주시,94,14
202205,충청남도,공주시,95,6
202205,충청남도,공주시,96,7
202205,충청남도,공주시,97,3
202205,충청남도,공주시,98,2
202205,충청남도,공주시,99,1
202205,충청남도,공주시,100,2
202205,충청남도,공주시,101,1
202205,충청남도,공주시,103,1
202205,충청남도,공주시,105,1
202205,충청남도,보령시,0,5
202205,충청남도,보령시,1,11
202205,충청남도,보령시,2,11
202205,충청남도,보령시,3,13
202205,충청남도,보령시,4,7
202205,충청남도,보령시,5,22
202205,충청남도,보령시,6,30
202205,충청남도,보령시,7,42
202205,충청남도,보령시,8,48
202205,충청남도,보령시,9,56
202205,충청남도,보령시,10,61
202205,충청남도,보령시,11,71
202205,충청남도,보령시,12,61
202205,충청남도,보령시,13,72
202205,충청남도,보령시,14,71
202205,충청남도,보령시,15,86
202205,충청남도,보령시,16,82
202205,충청남도,보령시,17,74
202205,충청남도,보령시,18,68
202205,충청남도,보령시,19,44
202205,충청남도,보령시,20,32
202205,충청남도,보령시,21,42
202205,충청남도,보령시,22,26
202205,충청남도,보령시,23,25
202205,충청남도,보령시,24,26
202205,충청남도,보령시,25,13
202205,충청남도,보령시,26,14
202205,충청남도,보령시,27,12
202205,충청남도,보령시,28,10
202205,충청남도,보령시,29,17
202205,충청남도,보령시,30,8
202205,충청남도,보령시,31,12
202205,충청남도,보령시,32,14
202205,충청남도,보령시,33,17
202205,충청남도,보령시,34,12
202205,충청남도,보령시,35,19
202205,충청남도,보령시,36,28
202205,충청남도,보령시,37,29
202205,충청남도,보령시,38,25
202205,충청남도,보령시,39,36
202205,충청남도,보령시,40,39
202205,충청남도,보령시,41,42
202205,충청남도,보령시,42,41
202205,충청남도,보령시,43,39
202205,충청남도,보령시,44,37
202205,충청남도,보령시,45,44
202205,충청남도,보령시,46,50
202205,충청남도,보령시,47,68
202205,충청남도,보령시,48,69
202205,충청남도,보령시,49,71
202205,충청남도,보령시,50,72
202205,충청남도,보령시,51,69
202205,충청남도,보령시,52,81
202205,충청남도,보령시,53,78
202205,충청남도,보령시,54,82
202205,충청남도,보령시,55,84
202205,충청남도,보령시,56,72
202205,충청남도,보령시,57,92
202205,충청남도,보령시,58,75
202205,충청남도,보령시,59,81
202205,충청남도,보령시,60,91
202205,충청남도,보령시,61,95
202205,충청남도,보령시,62,125
202205,충청남도,보령시,63,111
202205,충청남도,보령시,64,88
202205,충청남도,보령시,65,113
202205,충청남도,보령시,66,135
202205,충청남도,보령시,67,132
202205,충청남도,보령시,68,103
202205,충청남도,보령시,69,104
202205,충청남도,보령시,70,104
202205,충청남도,보령시,71,93
202205,충청남도,보령시,72,119
202205,충청남도,보령시,73,85
202205,충청남도,보령시,74,112
202205,충청남도,보령시,75,99
202205,충청남도,보령시,76,90
202205,충청남도,보령시,77,91
202205,충청남도,보령시,78,98
202205,충청남도,보령시,79,128
202205,충청남도,보령시,80,114
202205,충청남도,보령시,81,91
202205,충청남도,보령시,82,111
202205,충청남도,보령시,83,130
202205,충청남도,보령시,84,89
202205,충청남도,보령시,85,95
202205,충청남도,보령시,86,91
202205,충청남도,보령시,87,84
202205,충청남도,보령시,88,70
202205,충청남도,보령시,89,49
202205,충청남도,보령시,90,40
202205,충청남도,보령시,91,48
202205,충청남도,보령시,92,35
202205,충청남도,보령시,93,24
202205,충청남도,보령시,94,23
202205,충청남도,보령시,95,13
202205,충청남도,보령시,96,4
202205,충청남도,보령시,97,6
202205,충청남도,보령시,98,3
202205,충청남도,보령시,99,5
202205,충청남도,보령시,100,1
202205,충청남도,보령시,101,1
202205,충청남도,보령시,102,1
202205,충청남도,보령시,103,1
202205,충청남도,아산시,0,13
202205,충청남도,아산시,1,23
202205,충청남도,아산시,2,33
202205,충청남도,아산시,3,40
202205,충청남도,아산시,4,49
202205,충청남도,아산시,5,55
202205,충청남도,아산시,6,94
202205,충청남도,아산시,7,103
202205,충청남도,아산시,8,148
202205,충청남도,아산시,9,151
202205,충청남도,아산시,10,146
202205,충청남도,아산시,11,183
202205,충청남도,아산시,12,166
202205,충청남도,아산시,13,180
202205,충청남도,아산시,14,190
202205,충청남도,아산시,15,181
202205,충청남도,아산시,16,176
202205,충청남도,아산시,17,192
202205,충청남도,아산시,18,173
202205,충청남도,아산시,19,118
202205,충청남도,아산시,20,113
202205,충청남도,아산시,21,98
202205,충청남도,아산시,22,58
202205,충청남도,아산시,23,70
202205,충청남도,아산시,24,47
202205,충청남도,아산시,25,39
202205,충청남도,아산시,26,34
202205,충청남도,아산시,27,35
202205,충청남도,아산시,28,27
202205,충청남도,아산시,29,30
202205,충청남도,아산시,30,31
202205,충청남도,아산시,31,37
202205,충청남도,아산시,32,46
202205,충청남도,아산시,33,51
202205,충청남도,아산시,34,37
202205,충청남도,아산시,35,59
202205,충청남도,아산시,36,46
202205,충청남도,아산시,37,70
202205,충청남도,아산시,38,70
202205,충청남도,아산시,39,101
202205,충청남도,아산시,40,91
202205,충청남도,아산시,41,108
202205,충청남도,아산시,42,108
202205,충청남도,아산시,43,102
202205,충청남도,아산시,44,108
202205,충청남도,아산시,45,106
202205,충청남도,아산시,46,121
202205,충청남도,아산시,47,96
202205,충청남도,아산시,48,140
202205,충청남도,아산시,49,147
202205,충청남도,아산시,50,131
202205,충청남도,아산시,51,169
202205,충청남도,아산시,52,142
202205,충청남도,아산시,53,183
202205,충청남도,아산시,54,159
202205,충청남도,아산시,55,166
202205,충청남도,아산시,56,135
202205,충청남도,아산시,57,159
202205,충청남도,아산시,58,143
202205,충청남도,아산시,59,176
202205,충청남도,아산시,60,176
202205,충청남도,아산시,61,223
202205,충청남도,아산시,62,225
202205,충청남도,아산시,63,192
202205,충청남도,아산시,64,191
202205,충청남도,아산시,65,221
202205,충청남도,아산시,66,225
202205,충청남도,아산시,67,225
202205,충청남도,아산시,68,206
202205,충청남도,아산시,69,190
202205,충청남도,아산시,70,197
202205,충청남도,아산시,71,168
202205,충청남도,아산시,72,192
202205,충청남도,아산시,73,181
202205,충청남도,아산시,74,186
202205,충청남도,아산시,75,190
202205,충청남도,아산시,76,156
202205,충청남도,아산시,77,174
202205,충청남도,아산시,78,196
202205,충청남도,아산시,79,195
202205,충청남도,아산시,80,225
202205,충청남도,아산시,81,173
202205,충청남도,아산시,82,173
202205,충청남도,아산시,83,189
202205,충청남도,아산시,84,147
202205,충청남도,아산시,85,142
202205,충청남도,아산시,86,148
202205,충청남도,아산시,87,104
202205,충청남도,아산시,88,115
202205,충청남도,아산시,89,82
202205,충청남도,아산시,90,77
202205,충청남도,아산시,91,38
202205,충청남도,아산시,92,48
202205,충청남도,아산시,93,28
202205,충청남도,아산시,94,22
202205,충청남도,아산시,95,13
202205,충청남도,아산시,96,7
202205,충청남도,아산시,97,8
202205,충청남도,아산시,98,4
202205,충청남도,아산시,99,5
202205,충청남도,아산시,100,4
202205,충청남도,아산시,101,2
202205,충청남도,아산시,102,1
202205,충청남도,아산시,108,1
202205,충청남도,서산시,1,9
202205,충청남도,서산시,2,14
202205,충청남도,서산시,3,14
202205,충청남도,서산시,4,18
202205,충청남도,서산시,5,21
202205,충청남도,서산시,6,29
202205,충청남도,서산시,7,43
202205,충청남도,서산시,8,49
202205,충청남도,서산시,9,58
202205,충청남도,서산시,10,63
202205,충청남도,서산시,11,80
202205,충청남도,서산시,12,53
202205,충청남도,서산시,13,71
202205,충청남도,서산시,14,63
202205,충청남도,서산시,15,85
202205,충청남도,서산시,16,76
202205,충청남도,서산시,17,71
202205,충청남도,서산시,18,68
202205,충청남도,서산시,19,50
202205,충청남도,서산시,20,34
202205,충청남도,서산시,21,26
202205,충청남도,서산시,22,33
202205,충청남도,서산시,23,25
202205,충청남도,서산시,24,21
202205,충청남도,서산시,25,9
202205,충청남도,서산시,26,8
202205,충청남도,서산시,27,12
202205,충청남도,서산시,28,13
202205,충청남도,서산시,29,4
202205,충청남도,서산시,30,11
202205,충청남도,서산시,31,15
202205,충청남도,서산시,32,19
202205,충청남도,서산시,33,11
202205,충청남도,서산시,34,17
202205,충청남도,서산시,35,20
202205,충청남도,서산시,36,19
202205,충청남도,서산시,37,27
202205,충청남도,서산시,38,15
202205,충청남도,서산시,39,26
202205,충청남도,서산시,40,36
202205,충청남도,서산시,41,40
202205,충청남도,서산시,42,37
202205,충청남도,서산시,43,40
202205,충청남도,서산시,44,56
202205,충청남도,서산시,45,50
202205,충청남도,서산시,46,56
202205,충청남도,서산시,47,58
202205,충청남도,서산시,48,45
202205,충청남도,서산시,49,71
202205,충청남도,서산시,50,57
202205,충청남도,서산시,51,65
202205,충청남도,서산시,52,63
202205,충청남도,서산시,53,75
202205,충청남도,서산시,54,59
202205,충청남도,서산시,55,73
202205,충청남도,서산시,56,52
202205,충청남도,서산시,57,65
202205,충청남도,서산시,58,53
202205,충청남도,서산시,59,68
202205,충청남도,서산시,60,64
202205,충청남도,서산시,61,91
202205,충청남도,서산시,62,80
202205,충청남도,서산시,63,73
202205,충청남도,서산시,64,88
202205,충청남도,서산시,65,89
202205,충청남도,서산시,66,79
202205,충청남도,서산시,67,79
202205,충청남도,서산시,68,74
202205,충청남도,서산시,69,72
202205,충청남도,서산시,70,68
202205,충청남도,서산시,71,74
202205,충청남도,서산시,72,83
202205,충청남도,서산시,73,93
202205,충청남도,서산시,74,92
202205,충청남도,서산시,75,81
202205,충청남도,서산시,76,65
202205,충청남도,서산시,77,59
202205,충청남도,서산시,78,91
202205,충청남도,서산시,79,100
202205,충청남도,서산시,80,95
202205,충청남도,서산시,81,76
202205,충청남도,서산시,82,62
202205,충청남도,서산시,83,79
202205,충청남도,서산시,84,79
202205,충청남도,서산시,85,69
202205,충청남도,서산시,86,74
202205,충청남도,서산시,87,62
202205,충청남도,서산시,88,40
202205,충청남도,서산시,89,48
202205,충청남도,서산시,90,32
202205,충청남도,서산시,91,23
202205,충청남도,서산시,92,17
202205,충청남도,서산시,93,19
202205,충청남도,서산시,94,16
202205,충청남도,서산시,95,6
202205,충청남도,서산시,96,4
202205,충청남도,서산시,97,6
202205,충청남도,서산시,98,3
202205,충청남도,서산시,99,2
202205,충청남도,서산시,100,1
202205,충청남도,서산시,101,1
202205,충청남도,논산시,0,9
202205,충청남도,논산시,1,10
202205,충청남도,논산시,2,11
202205,충청남도,논산시,3,26
202205,충청남도,논산시,4,19
202205,충청남도,논산시,5,23
202205,충청남도,논산시,6,44
202205,충청남도,논산시,7,58
202205,충청남도,논산시,8,62
202205,충청남도,논산시,9,84
202205,충청남도,논산시,10,90
202205,충청남도,논산시,11,81
202205,충청남도,논산시,12,84
202205,충청남도,논산시,13,90
202205,충청남도,논산시,14,112
202205,충청남도,논산시,15,115
202205,충청남도,논산시,16,121
202205,충청남도,논산시,17,116
202205,충청남도,논산시,18,87
202205,충청남도,논산시,19,67
202205,충청남도,논산시,20,63
202205,충청남도,논산시,21,54
202205,충청남도,논산시,22,51
202205,충청남도,논산시,23,52
202205,충청남도,논산시,24,42
202205,충청남도,논산시,25,28
202205,충청남도,논산시,26,20
202205,충청남도,논산시,27,20
202205,충청남도,논산시,28,15
202205,충청남도,논산시,29,12
202205,충청남도,논산시,30,20
202205,충청남도,논산시,31,19
202205,충청남도,논산시,32,21
202205,충청남도,논산시,33,21
202205,충청남도,논산시,34,24
202205,충청남도,논산시,35,26
202205,충청남도,논산시,36,39
202205,충청남도,논산시,37,34
202205,충청남도,논산시,38,38
202205,충청남도,논산시,39,53
202205,충청남도,논산시,40,60
202205,충청남도,논산시,41,53
202205,충청남도,논산시,42,53
202205,충청남도,논산시,43,41
202205,충청남도,논산시,44,61
202205,충청남도,논산시,45,62
202205,충청남도,논산시,46,69
202205,충청남도,논산시,47,93
202205,충청남도,논산시,48,82
202205,충청남도,논산시,49,81
202205,충청남도,논산시,50,99
202205,충청남도,논산시,51,102
202205,충청남도,논산시,52,93
202205,충청남도,논산시,53,116
202205,충청남도,논산시,54,117
202205,충청남도,논산시,55,115
202205,충청남도,논산시,56,140
202205,충청남도,논산시,57,147
202205,충청남도,논산시,58,126
202205,충청남도,논산시,59,121
202205,충청남도,논산시,60,131
202205,충청남도,논산시,61,155
202205,충청남도,논산시,62,142
202205,충청남도,논산시,63,168
202205,충청남도,논산시,64,133
202205,충청남도,논산시,65,159
202205,충청남도,논산시,66,160
202205,충청남도,논산시,67,172
202205,충청남도,논산시,68,132
202205,충청남도,논산시,69,113
202205,충청남도,논산시,70,145
202205,충청남도,논산시,71,128
202205,충청남도,논산시,72,133
202205,충청남도,논산시,73,109
202205,충청남도,논산시,74,144
202205,충청남도,논산시,75,130
202205,충청남도,논산시,76,86
202205,충청남도,논산시,77,122
202205,충청남도,논산시,78,124
202205,충청남도,논산시,79,169
202205,충청남도,논산시,80,162
202205,충청남도,논산시,81,117
202205,충청남도,논산시,82,134
202205,충청남도,논산시,83,121
202205,충청남도,논산시,84,129
202205,충청남도,논산시,85,113
202205,충청남도,논산시,86,111
202205,충청남도,논산시,87,87
202205,충청남도,논산시,88,85
202205,충청남도,논산시,89,63
202205,충청남도,논산시,90,44
202205,충청남도,논산시,91,31
202205,충청남도,논산시,92,37
202205,충청남도,논산시,93,24
202205,충청남도,논산시,94,12
202205,충청남도,논산시,95,20
202205,충청남도,논산시,96,10
202205,충청남도,논산시,97,4
202205,충청남도,논산시,98,6
202205,충청남도,논산시,99,5
202205,충청남도,논산시,100,4
202205,충청남도,논산시,101,1
202205,충청남도,논산시,102,1
202205,충청남도,논산시,104,1
202205,충청남도,논산시,106,1
202205,충청남도,계룡시,0,1
202205,충청남도,계룡시,1,2
202205,충청남도,계룡시,2,4
202205,충청남도,계룡시,3,4
202205,충청남도,계룡시,4,6
202205,충청남도,계룡시,5,9
202205,충청남도,계룡시,6,10
202205,충청남도,계룡시,7,16
202205,충청남도,계룡시,8,11
202205,충청남도,계룡시,9,13
202205,충청남도,계룡시,10,21
202205,충청남도,계룡시,11,20
202205,충청남도,계룡시,12,18
202205,충청남도,계룡시,13,15
202205,충청남도,계룡시,14,21
202205,충청남도,계룡시,15,22
202205,충청남도,계룡시,16,17
202205,충청남도,계룡시,17,22
202205,충청남도,계룡시,18,11
202205,충청남도,계룡시,19,11
202205,충청남도,계룡시,20,11
202205,충청남도,계룡시,21,10
202205,충청남도,계룡시,22,8
202205,충청남도,계룡시,23,8
202205,충청남도,계룡시,24,5
202205,충청남도,계룡시,25,5
202205,충청남도,계룡시,26,4
202205,충청남도,계룡시,27,1
202205,충청남도,계룡시,28,3
202205,충청남도,계룡시,29,2
202205,충청남도,계룡시,30,8
202205,충청남도,계룡시,31,1
202205,충청남도,계룡시,32,5
202205,충청남도,계룡시,33,2
202205,충청남도,계룡시,34,4
202205,충청남도,계룡시,35,5
202205,충청남도,계룡시,36,4
202205,충청남도,계룡시,37,4
202205,충청남도,계룡시,38,9
202205,충청남도,계룡시,39,14
202205,충청남도,계룡시,40,13
202205,충청남도,계룡시,41,10
202205,충청남도,계룡시,42,16
202205,충청남도,계룡시,43,8
202205,충청남도,계룡시,44,10
202205,충청남도,계룡시,45,15
202205,충청남도,계룡시,46,14
202205,충청남도,계룡시,47,7
202205,충청남도,계룡시,48,13
202205,충청남도,계룡시,49,11
202205,충청남도,계룡시,50,17
202205,충청남도,계룡시,51,11
202205,충청남도,계룡시,52,12
202205,충청남도,계룡시,53,16
202205,충청남도,계룡시,54,10
202205,충청남도,계룡시,55,8
202205,충청남도,계룡시,56,7
202205,충청남도,계룡시,57,18
202205,충청남도,계룡시,58,9
202205,충청남도,계룡시,59,12
202205,충청남도,계룡시,60,14
202205,충청남도,계룡시,61,15
202205,충청남도,계룡시,62,17
202205,충청남도,계룡시,63,22
202205,충청남도,계룡시,64,9
202205,충청남도,계룡시,65,14
202205,충청남도,계룡시,66,13
202205,충청남도,계룡시,67,13
202205,충청남도,계룡시,68,21
202205,충청남도,계룡시,69,14
202205,충청남도,계룡시,70,14
202205,충청남도,계룡시,71,9
202205,충청남도,계룡시,72,15
202205,충청남도,계룡시,73,10
202205,충청남도,계룡시,74,5
202205,충청남도,계룡시,75,8
202205,충청남도,계룡시,76,10
202205,충청남도,계룡시,77,14
202205,충청남도,계룡시,78,13
202205,충청남도,계룡시,79,17
202205,충청남도,계룡시,80,19
202205,충청남도,계룡시,81,18
202205,충청남도,계룡시,82,16
202205,충청남도,계룡시,83,15
202205,충청남도,계룡시,84,13
202205,충청남도,계룡시,85,14
202205,충청남도,계룡시,86,19
202205,충청남도,계룡시,87,16
202205,충청남도,계룡시,88,13
202205,충청남도,계룡시,89,13
202205,충청남도,계룡시,90,11
202205,충청남도,계룡시,91,6
202205,충청남도,계룡시,92,3
202205,충청남도,계룡시,93,2
202205,충청남도,계룡시,94,5
202205,충청남도,계룡시,95,2
202205,충청남도,당진시,0,8
202205,충청남도,당진시,1,9
202205,충청남도,당진시,2,16
202205,충청남도,당진시,3,16
202205,충청남도,당진시,4,19
202205,충청남도,당진시,5,21
202205,충청남도,당진시,6,37
202205,충청남도,당진시,7,45
202205,충청남도,당진시,8,53
202205,충청남도,당진시,9,58
202205,충청남도,당진시,10,58
202205,충청남도,당진시,11,80
202205,충청남도,당진시,12,72
202205,충청남도,당진시,13,65
202205,충청남도,당진시,14,85
202205,충청남도,당진시,15,79
202205,충청남도,당진시,16,74
202205,충청남도,당진시,17,68
202205,충청남도,당진시,18,53
202205,충청남도,당진시,19,41
202205,충청남도,당진시,20,43
202205,충청남도,당진시,21,52
202205,충청남도,당진시,22,29
202205,충청남도,당진시,23,25
202205,충청남도,당진시,24,25
202205,충청남도,당진시,25,22
202205,충청남도,당진시,26,13
202205,충청남도,당진시,27,24
202205,충청남도,당진시,28,14
202205,충청남도,당진시,29,10
202205,충청남도,당진시,30,9
202205,충청남도,당진시,31,21
202205,충청남도,당진시,32,16
202205,충청남도,당진시,33,16
202205,충청남도,당진시,34,19
202205,충청남도,당진시,35,21
202205,충청남도,당진시,36,24
202205,충청남도,당진시,37,21
202205,충청남도,당진시,38,19
202205,충청남도,당진시,39,30
202205,충청남도,당진시,40,46
202205,충청남도,당진시,41,37
202205,충청남도,당진시,42,36
202205,충청남도,당진시,43,47
202205,충청남도,당진시,44,48
202205,충청남도,당진시,45,42
202205,충청남도,당진시,46,65
202205,충청남도,당진시,47,43
202205,충청남도,당진시,48,63
202205,충청남도,당진시,49,62
202205,충청남도,당진시,50,56
202205,충청남도,당진시,51,57
202205,충청남도,당진시,52,72
202205,충청남도,당진시,53,84
202205,충청남도,당진시,54,50
202205,충청남도,당진시,55,73
202205,충청남도,당진시,56,72
202205,충청남도,당진시,57,86
202205,충청남도,당진시,58,69
202205,충청남도,당진시,59,72
202205,충청남도,당진시,60,67
202205,충청남도,당진시,61,83
202205,충청남도,당진시,62,98
202205,충청남도,당진시,63,82
202205,충청남도,당진시,64,82
202205,충청남도,당진시,65,98
202205,충청남도,당진시,66,119
202205,충청남도,당진시,67,104
202205,충청남도,당진시,68,92
202205,충청남도,당진시,69,69
202205,충청남도,당진시,70,91
202205,충청남도,당진시,71,66
202205,충청남도,당진시,72,76
202205,충청남도,당진시,73,92
202205,충청남도,당진시,74,104
202205,충청남도,당진시,75,88
202205,충청남도,당진시,76,73
202205,충청남도,당진시,77,68
202205,충청남도,당진시,78,58
202205,충청남도,당진시,79,71
202205,충청남도,당진시,80,107
202205,충청남도,당진시,81,60
202205,충청남도,당진시,82,72
202205,충청남도,당진시,83,89
202205,충청남도,당진시,84,63
202205,충청남도,당진시,85,74
202205,충청남도,당진시,86,83
202205,충청남도,당진시,87,54
202205,충청남도,당진시,88,51
202205,충청남도,당진시,89,43
202205,충청남도,당진시,90,42
202205,충청남도,당진시,91,21
202205,충청남도,당진시,92,18
202205,충청남도,당진시,93,20
202205,충청남도,당진시,94,11
202205,충청남도,당진시,95,8
202205,충청남도,당진시,96,5
202205,충청남도,당진시,97,4
202205,충청남도,당진시,98,1
202205,충청남도,당진시,99,4
202205,충청남도,당진시,100,2
202205,충청남도,당진시,101,1
202205,충청남도,당진시,103,1
202205,충청남도,금산군,0,2
202205,충청남도,금산군,1,3
202205,충청남도,금산군,2,2
202205,충청남도,금산군,3,5
202205,충청남도,금산군,4,3
202205,충청남도,금산군,5,7
202205,충청남도,금산군,6,13
202205,충청남도,금산군,7,15
202205,충청남도,금산군,8,18
202205,충청남도,금산군,9,31
202205,충청남도,금산군,10,27
202205,충청남도,금산군,11,38
202205,충청남도,금산군,12,30
202205,충청남도,금산군,13,34
202205,충청남도,금산군,14,36
202205,충청남도,금산군,15,28
202205,충청남도,금산군,16,45
202205,충청남도,금산군,17,36
202205,충청남도,금산군,18,34
202205,충청남도,금산군,19,20
202205,충청남도,금산군,20,25
202205,충청남도,금산군,21,20
202205,충청남도,금산군,22,13
202205,충청남도,금산군,23,8
202205,충청남도,금산군,24,8
202205,충청남도,금산군,25,10
202205,충청남도,금산군,26,4
202205,충청남도,금산군,27,3
202205,충청남도,금산군,28,4
202205,충청남도,금산군,29,8
202205,충청남도,금산군,30,4
202205,충청남도,금산군,31,4
202205,충청남도,금산군,32,2
202205,충청남도,금산군,33,9
202205,충청남도,금산군,34,7
202205,충청남도,금산군,35,9
202205,충청남도,금산군,36,12
202205,충청남도,금산군,37,7
202205,충청남도,금산군,38,10
202205,충청남도,금산군,39,13
202205,충청남도,금산군,40,10
202205,충청남도,금산군,41,20
202205,충청남도,금산군,42,24
202205,충청남도,금산군,43,16
202205,충청남도,금산군,44,22
202205,충청남도,금산군,45,24
202205,충청남도,금산군,46,25
202205,충청남도,금산군,47,22
202205,충청남도,금산군,48,29
202205,충청남도,금산군,49,29
202205,충청남도,금산군,50,34
202205,충청남도,금산군,51,32
202205,충청남도,금산군,52,36
202205,충청남도,금산군,53,48
202205,충청남도,금산군,54,26
202205,충청남도,금산군,55,46
202205,충청남도,금산군,56,42
202205,충청남도,금산군,57,52
202205,충청남도,금산군,58,48
202205,충청남도,금산군,59,47
202205,충청남도,금산군,60,45
202205,충청남도,금산군,61,41
202205,충청남도,금산군,62,46
202205,충청남도,금산군,63,50
202205,충청남도,금산군,64,54
202205,충청남도,금산군,65,54
202205,충청남도,금산군,66,55
202205,충청남도,금산군,67,55
202205,충청남도,금산군,68,66
202205,충청남도,금산군,69,52
202205,충청남도,금산군,70,44
202205,충청남도,금산군,71,37
202205,충청남도,금산군,72,47
202205,충청남도,금산군,73,38
202205,충청남도,금산군,74,56
202205,충청남도,금산군,75,59
202205,충청남도,금산군,76,42
202205,충청남도,금산군,77,42
202205,충청남도,금산군,78,43
202205,충청남도,금산군,79,73
202205,충청남도,금산군,80,82
202205,충청남도,금산군,81,52
202205,충청남도,금산군,82,60
202205,충청남도,금산군,83,66
202205,충청남도,금산군,84,56
202205,충청남도,금산군,85,61
202205,충청남도,금산군,86,57
202205,충청남도,금산군,87,41
202205,충청남도,금산군,88,52
202205,충청남도,금산군,89,32
202205,충청남도,금산군,90,28
202205,충청남도,금산군,91,19
202205,충청남도,금산군,92,23
202205,충청남도,금산군,93,16
202205,충청남도,금산군,94,10
202205,충청남도,금산군,95,5
202205,충청남도,금산군,96,2
202205,충청남도,금산군,97,5
202205,충청남도,금산군,98,3
202205,충청남도,금산군,99,3
202205,충청남도,금산군,100,1
202205,충청남도,금산군,102,1
202205,충청남도,부여군,0,2
202205,충청남도,부여군,1,1
202205,충청남도,부여군,2,2
202205,충청남도,부여군,3,8
202205,충청남도,부여군,4,10
202205,충청남도,부여군,5,9
202205,충청남도,부여군,6,18
202205,충청남도,부여군,7,25
202205,충청남도,부여군,8,34
202205,충청남도,부여군,9,35
202205,충청남도,부여군,10,34
202205,충청남도,부여군,11,42
202205,충청남도,부여군,12,49
202205,충청남도,부여군,13,48
202205,충청남도,부여군,14,45
202205,충청남도,부여군,15,49
202205,충청남도,부여군,16,60
202205,충청남도,부여군,17,46
202205,충청남도,부여군,18,47
202205,충청남도,부여군,19,25
202205,충청남도,부여군,20,33
202205,충청남도,부여군,21,24
202205,충청남도,부여군,22,12
202205,충청남도,부여군,23,21
202205,충청남도,부여군,24,12
202205,충청남도,부여군,25,10
202205,충청남도,부여군,26,8
202205,충청남도,부여군,27,7
202205,충청남도,부여군,28,6
202205,충청남도,부여군,29,2
202205,충청남도,부여군,30,10
202205,충청남도,부여군,31,9
202205,충청남도,부여군,32,10
202205,충청남도,부여군,33,9
202205,충청남도,부여군,34,14
202205,충청남도,부여군,35,20
202205,충청남도,부여군,36,13
202205,충청남도,부여군,37,16
202205,충청남도,부여군,38,21
202205,충청남도,부여군,39,19
202205,충청남도,부여군,40,18
202205,충청남도,부여군,41,28
202205,충청남도,부여군,42,37
202205,충청남도,부여군,43,32
202205,충청남도,부여군,44,35
202205,충청남도,부여군,45,32
202205,충청남도,부여군,46,42
202205,충청남도,부여군,47,36
202205,충청남도,부여군,48,50
202205,충청남도,부여군,49,51
202205,충청남도,부여군,50,39
202205,충청남도,부여군,51,57
202205,충청남도,부여군,52,51
202205,충청남도,부여군,53,62
202205,충청남도,부여군,54,46
202205,충청남도,부여군,55,48
202205,충청남도,부여군,56,57
202205,충청남도,부여군,57,61
202205,충청남도,부여군,58,51
202205,충청남도,부여군,59,68
202205,충청남도,부여군,60,84
202205,충청남도,부여군,61,88
202205,충청남도,부여군,62,80
202205,충청남도,부여군,63,61
202205,충청남도,부여군,64,65
202205,충청남도,부여군,65,62
202205,충청남도,부여군,66,86
202205,충청남도,부여군,67,69
202205,충청남도,부여군,68,74
202205,충청남도,부여군,69,71
202205,충청남도,부여군,70,63
202205,충청남도,부여군,71,58
202205,충청남도,부여군,72,66
202205,충청남도,부여군,73,55
202205,충청남도,부여군,74,65
202205,충청남도,부여군,75,56
202205,충청남도,부여군,76,42
202205,충청남도,부여군,77,62
202205,충청남도,부여군,78,85
202205,충청남도,부여군,79,87
202205,충청남도,부여군,80,92
202205,충청남도,부여군,81,60
202205,충청남도,부여군,82,73
202205,충청남도,부여군,83,84
202205,충청남도,부여군,84,64
202205,충청남도,부여군,85,68
202205,충청남도,부여군,86,68
202205,충청남도,부여군,87,81
202205,충청남도,부여군,88,55
202205,충청남도,부여군,89,55
202205,충청남도,부여군,90,54
202205,충청남도,부여군,91,29
202205,충청남도,부여군,92,25
202205,충청남도,부여군,93,28
202205,충청남도,부여군,94,13
202205,충청남도,부여군,95,15
202205,충청남도,부여군,96,7
202205,충청남도,부여군,97,5
202205,충청남도,부여군,98,6
202205,충청남도,부여군,99,2
202205,충청남도,부여군,100,4
202205,충청남도,부여군,102,1
202205,충청남도,부여군,103,1
202205,충청남도,서천군,0,2
202205,충청남도,서천군,2,2
202205,충청남도,서천군,3,3
202205,충청남도,서천군,4,3
202205,충청남도,서천군,5,4
202205,충청남도,서천군,6,10
202205,충청남도,서천군,7,9
202205,충청남도,서천군,8,20
202205,충청남도,서천군,9,19
202205,충청남도,서천군,10,15
202205,충청남도,서천군,11,25
202205,충청남도,서천군,12,18
202205,충청남도,서천군,13,18
202205,충청남도,서천군,14,24
202205,충청남도,서천군,15,27
202205,충청남도,서천군,16,24
202205,충청남도,서천군,17,25
202205,충청남도,서천군,18,20
202205,충청남도,서천군,19,21
202205,충청남도,서천군,20,19
202205,충청남도,서천군,21,17
202205,충청남도,서천군,22,11
202205,충청남도,서천군,23,8
202205,충청남도,서천군,24,7
202205,충청남도,서천군,25,5
202205,충청남도,서천군,26,9
202205,충청남도,서천군,27,8
202205,충청남도,서천군,28,6
202205,충청남도,서천군,29,3
202205,충청남도,서천군,30,5
202205,충청남도,서천군,31,6
202205,충청남도,서천군,32,6
202205,충청남도,서천군,33,8
202205,충청남도,서천군,34,6
202205,충청남도,서천군,35,9
202205,충청남도,서천군,36,10
202205,충청남도,서천군,37,10
202205,충청남도,서천군,38,12
202205,충청남도,서천군,39,12
202205,충청남도,서천군,40,14
202205,충청남도,서천군,41,22
202205,충청남도,서천군,42,15
202205,충청남도,서천군,43,18
202205,충청남도,서천군,44,16
202205,충청남도,서천군,45,19
202205,충청남도,서천군,46,26
202205,충청남도,서천군,47,26
202205,충청남도,서천군,48,25
202205,충청남도,서천군,49,34
202205,충청남도,서천군,50,31
202205,충청남도,서천군,51,32
202205,충청남도,서천군,52,25
202205,충청남도,서천군,53,44
202205,충청남도,서천군,54,32
202205,충청남도,서천군,55,28
202205,충청남도,서천군,56,33
202205,충청남도,서천군,57,47
202205,충청남도,서천군,58,38
202205,충청남도,서천군,59,51
202205,충청남도,서천군,60,58
202205,충청남도,서천군,61,63
202205,충청남도,서천군,62,60
202205,충청남도,서천군,63,49
202205,충청남도,서천군,64,48
202205,충청남도,서천군,65,49
202205,충청남도,서천군,66,47
202205,충청남도,서천군,67,70
202205,충청남도,서천군,68,34
202205,충청남도,서천군,69,48
202205,충청남도,서천군,70,52
202205,충청남도,서천군,71,56
202205,충청남도,서천군,72,52
202205,충청남도,서천군,73,61
202205,충청남도,서천군,74,58
202205,충청남도,서천군,75,70
202205,충청남도,서천군,76,38
202205,충청남도,서천군,77,58
202205,충청남도,서천군,78,64
202205,충청남도,서천군,79,81
202205,충청남도,서천군,80,63
202205,충청남도,서천군,81,54
202205,충청남도,서천군,82,60
202205,충청남도,서천군,83,73
202205,충청남도,서천군,84,58
202205,충청남도,서천군,85,69
202205,충청남도,서천군,86,58
202205,충청남도,서천군,87,65
202205,충청남도,서천군,88,46
202205,충청남도,서천군,89,37
202205,충청남도,서천군,90,43
202205,충청남도,서천군,91,26
202205,충청남도,서천군,92,19
202205,충청남도,서천군,93,15
202205,충청남도,서천군,94,8
202205,충청남도,서천군,95,13
202205,충청남도,서천군,96,5
202205,충청남도,서천군,97,1
202205,충청남도,서천군,98,2
202205,충청남도,서천군,99,2
202205,충청남도,서천군,100,3
202205,충청남도,서천군,101,1
202205,충청남도,청양군,0,2
202205,충청남도,청양군,1,3
202205,충청남도,청양군,2,4
202205,충청남도,청양군,3,3
202205,충청남도,청양군,4,3
202205,충청남도,청양군,5,7
202205,충청남도,청양군,6,10
202205,충청남도,청양군,7,8
202205,충청남도,청양군,8,19
202205,충청남도,청양군,9,13
202205,충청남도,청양군,10,12
202205,충청남도,청양군,11,19
202205,충청남도,청양군,12,10
202205,충청남도,청양군,13,26
202205,충청남도,청양군,14,19
202205,충청남도,청양군,15,21
202205,충청남도,청양군,16,17
202205,충청남도,청양군,17,17
202205,충청남도,청양군,18,11
202205,충청남도,청양군,19,8
202205,충청남도,청양군,20,8
202205,충청남도,청양군,21,7
202205,충청남도,청양군,22,6
202205,충청남도,청양군,23,3
202205,충청남도,청양군,24,2
202205,충청남도,청양군,25,6
202205,충청남도,청양군,26,2
202205,충청남도,청양군,27,3
202205,충청남도,청양군,29,7
202205,충청남도,청양군,30,5
202205,충청남도,청양군,31,1
202205,충청남도,청양군,32,6
202205,충청남도,청양군,33,3
202205,충청남도,청양군,34,3
202205,충청남도,청양군,35,4
202205,충청남도,청양군,36,8
202205,충청남도,청양군,37,6
202205,충청남도,청양군,38,5
202205,충청남도,청양군,39,13
202205,충청남도,청양군,40,8
202205,충청남도,청양군,41,8
202205,충청남도,청양군,42,10
202205,충청남도,청양군,43,6
202205,충청남도,청양군,44,11
202205,충청남도,청양군,45,8
202205,충청남도,청양군,46,17
202205,충청남도,청양군,47,12
202205,충청남도,청양군,48,21
202205,충청남도,청양군,49,10
202205,충청남도,청양군,50,13
202205,충청남도,청양군,51,11
202205,충청남도,청양군,52,13
202205,충청남도,청양군,53,20
202205,충청남도,청양군,54,16
202205,충청남도,청양군,55,24
202205,충청남도,청양군,56,20
202205,충청남도,청양군,57,21
202205,충청남도,청양군,58,12
202205,충청남도,청양군,59,28
202205,충청남도,청양군,60,24
202205,충청남도,청양군,61,17
202205,충청남도,청양군,62,36
202205,충청남도,청양군,63,25
202205,충청남도,청양군,64,26
202205,충청남도,청양군,65,27
202205,충청남도,청양군,66,18
202205,충청남도,청양군,67,26
202205,충청남도,청양군,68,17
202205,충청남도,청양군,69,18
202205,충청남도,청양군,70,21
202205,충청남도,청양군,71,17
202205,충청남도,청양군,72,23
202205,충청남도,청양군,73,17
202205,충청남도,청양군,74,20
202205,충청남도,청양군,75,25
202205,충청남도,청양군,76,14
202205,충청남도,청양군,77,13
202205,충청남도,청양군,78,20
202205,충청남도,청양군,79,23
202205,충청남도,청양군,80,30
202205,충청남도,청양군,81,24
202205,충청남도,청양군,82,24
202205,충청남도,청양군,83,27
202205,충청남도,청양군,84,30
202205,충청남도,청양군,85,20
202205,충청남도,청양군,86,29
202205,충청남도,청양군,87,19
202205,충청남도,청양군,88,24
202205,충청남도,청양군,89,24
202205,충청남도,청양군,90,10
202205,충청남도,청양군,91,10
202205,충청남도,청양군,92,7
202205,충청남도,청양군,93,7
202205,충청남도,청양군,94,2
202205,충청남도,청양군,95,5
202205,충청남도,청양군,96,2
202205,충청남도,청양군,97,1
202205,충청남도,청양군,99,1
202205,충청남도,홍성군,0,1
202205,충청남도,홍성군,1,17
202205,충청남도,홍성군,2,12
202205,충청남도,홍성군,3,8
202205,충청남도,홍성군,4,13
202205,충청남도,홍성군,5,15
202205,충청남도,홍성군,6,21
202205,충청남도,홍성군,7,22
202205,충청남도,홍성군,8,34
202205,충청남도,홍성군,9,50
202205,충청남도,홍성군,10,42
202205,충청남도,홍성군,11,48
202205,충청남도,홍성군,12,49
202205,충청남도,홍성군,13,48
202205,충청남도,홍성군,14,68
202205,충청남도,홍성군,15,52
202205,충청남도,홍성군,16,68
202205,충청남도,홍성군,17,64
202205,충청남도,홍성군,18,48
202205,충청남도,홍성군,19,41
202205,충청남도,홍성군,20,33
202205,충청남도,홍성군,21,22
202205,충청남도,홍성군,22,21
202205,충청남도,홍성군,23,15
202205,충청남도,홍성군,24,23
202205,충청남도,홍성군,25,16
202205,충청남도,홍성군,26,13
202205,충청남도,홍성군,27,10
202205,충청남도,홍성군,28,7
202205,충청남도,홍성군,29,4
202205,충청남도,홍성군,30,9
202205,충청남도,홍성군,31,10
202205,충청남도,홍성군,32,13
202205,충청남도,홍성군,33,14
202205,충청남도,홍성군,34,10
202205,충청남도,홍성군,35,13
202205,충청남도,홍성군,36,13
202205,충청남도,홍성군,37,28
202205,충청남도,홍성군,38,27
202205,충청남도,홍성군,39,28
202205,충청남도,홍성군,40,33
202205,충청남도,홍성군,41,34
202205,충청남도,홍성군,42,44
202205,충청남도,홍성군,43,37
202205,충청남도,홍성군,44,42
202205,충청남도,홍성군,45,32
202205,충청남도,홍성군,46,44
202205,충청남도,홍성군,47,47
202205,충청남도,홍성군,48,56
202205,충청남도,홍성군,49,55
202205,충청남도,홍성군,50,57
202205,충청남도,홍성군,51,42
202205,충청남도,홍성군,52,53
202205,충청남도,홍성군,53,64
202205,충청남도,홍성군,54,66
202205,충청남도,홍성군,55,67
202205,충청남도,홍성군,56,47
202205,충청남도,홍성군,57,73
202205,충청남도,홍성군,58,63
202205,충청남도,홍성군,59,65
202205,충청남도,홍성군,60,81
202205,충청남도,홍성군,61,69
202205,충청남도,홍성군,62,89
202205,충청남도,홍성군,63,78
202205,충청남도,홍성군,64,65
202205,충청남도,홍성군,65,53
202205,충청남도,홍성군,66,80
202205,충청남도,홍성군,67,73
202205,충청남도,홍성군,68,68
202205,충청남도,홍성군,69,65
202205,충청남도,홍성군,70,63
202205,충청남도,홍성군,71,63
202205,충청남도,홍성군,72,76
202205,충청남도,홍성군,73,55
202205,충청남도,홍성군,74,73
202205,충청남도,홍성군,75,68
202205,충청남도,홍성군,76,42
202205,충청남도,홍성군,77,55
202205,충청남도,홍성군,78,70
202205,충청남도,홍성군,79,74
202205,충청남도,홍성군,80,68
202205,충청남도,홍성군,81,61
202205,충청남도,홍성군,82,65
202205,충청남도,홍성군,83,72
202205,충청남도,홍성군,84,67
202205,충청남도,홍성군,85,69
202205,충청남도,홍성군,86,66
202205,충청남도,홍성군,87,65
202205,충청남도,홍성군,88,50
202205,충청남도,홍성군,89,36
202205,충청남도,홍성군,90,32
202205,충청남도,홍성군,91,27
202205,충청남도,홍성군,92,27
202205,충청남도,홍성군,93,20
202205,충청남도,홍성군,94,14
202205,충청남도,홍성군,95,8
202205,충청남도,홍성군,96,9
202205,충청남도,홍성군,97,4
202205,충청남도,홍성군,98,4
202205,충청남도,홍성군,99,8
202205,충청남도,홍성군,100,5
202205,충청남도,홍성군,103,2
202205,충청남도,예산군,0,4
202205,충청남도,예산군,1,8
202205,충청남도,예산군,2,5
202205,충청남도,예산군,3,6
202205,충청남도,예산군,4,8
202205,충청남도,예산군,5,9
202205,충청남도,예산군,6,20
202205,충청남도,예산군,7,23
202205,충청남도,예산군,8,28
202205,충청남도,예산군,9,32
202205,충청남도,예산군,10,32
202205,충청남도,예산군,11,53
202205,충청남도,예산군,12,33
202205,충청남도,예산군,13,32
202205,충청남도,예산군,14,31
202205,충청남도,예산군,15,52
202205,충청남도,예산군,16,47
202205,충청남도,예산군,17,38
202205,충청남도,예산군,18,42
202205,충청남도,예산군,19,30
202205,충청남도,예산군,20,28
202205,충청남도,예산군,21,27
202205,충청남도,예산군,22,28
202205,충청남도,예산군,23,14
202205,충청남도,예산군,24,14
202205,충청남도,예산군,25,8
202205,충청남도,예산군,26,8
202205,충청남도,예산군,27,4
202205,충청남도,예산군,28,8
202205,충청남도,예산군,29,10
202205,충청남도,예산군,30,4
202205,충청남도,예산군,31,16
202205,충청남도,예산군,32,8
202205,충청남도,예산군,33,6
202205,충청남도,예산군,34,10
202205,충청남도,예산군,35,14
202205,충청남도,예산군,36,13
202205,충청남도,예산군,37,15
202205,충청남도,예산군,38,16
202205,충청남도,예산군,39,17
202205,충청남도,예산군,40,21
202205,충청남도,예산군,41,19
202205,충청남도,예산군,42,23
202205,충청남도,예산군,43,20
202205,충청남도,예산군,44,23
202205,충청남도,예산군,45,41
202205,충청남도,예산군,46,30
202205,충청남도,예산군,47,39
202205,충청남도,예산군,48,38
202205,충청남도,예산군,49,32
202205,충청남도,예산군,50,48
202205,충청남도,예산군,51,46
202205,충청남도,예산군,52,49
202205,충청남도,예산군,53,56
202205,충청남도,예산군,54,42
202205,충청남도,예산군,55,43
202205,충청남도,예산군,56,52
202205,충청남도,예산군,57,35
202205,충청남도,예산군,58,41
202205,충청남도,예산군,59,52
202205,충청남도,예산군,60,65
202205,충청남도,예산군,61,73
202205,충청남도,예산군,62,70
202205,충청남도,예산군,63,57
202205,충청남도,예산군,64,68
202205,충청남도,예산군,65,63
202205,충청남도,예산군,66,77
202205,충청남도,예산군,67,84
202205,충청남도,예산군,68,75
202205,충청남도,예산군,69,48
202205,충청남도,예산군,70,74
202205,충청남도,예산군,71,63
202205,충청남도,예산군,72,65
202205,충청남도,예산군,73,63
202205,충청남도,예산군,74,69
202205,충청남도,예산군,75,83
202205,충청남도,예산군,76,39
202205,충청남도,예산군,77,61
202205,충청남도,예산군,78,79
202205,충청남도,예산군,79,78
202205,충청남도,예산군,80,109
202205,충청남도,예산군,81,71
202205,충청남도,예산군,82,49
202205,충청남도,예산군,83,84
202205,충청남도,예산군,84,56
202205,충청남도,예산군,85,77
202205,충청남도,예산군,86,55
202205,충청남도,예산군,87,46
202205,충청남도,예산군,88,53
202205,충청남도,예산군,89,51
202205,충청남도,예산군,90,34
202205,충청남도,예산군,91,26
202205,충청남도,예산군,92,26
202205,충청남도,예산군,93,13
202205,충청남도,예산군,94,11
202205,충청남도,예산군,95,6
202205,충청남도,예산군,96,7
202205,충청남도,예산군,97,2
202205,충청남도,예산군,99,7
202205,충청남도,예산군,100,1
202205,충청남도,태안군,0,1
202205,충청남도,태안군,1,4
202205,충청남도,태안군,2,6
202205,충청남도,태안군,3,6
202205,충청남도,태안군,4,8
202205,충청남도,태안군,5,6
202205,충청남도,태안군,6,16
202205,충청남도,태안군,7,17
202205,충청남도,태안군,8,19
202205,충청남도,태안군,9,28
202205,충청남도,태안군,10,27
202205,충청남도,태안군,11,29
202205,충청남도,태안군,12,33
202205,충청남도,태안군,13,54
202205,충청남도,태안군,14,45
202205,충청남도,태안군,15,38
202205,충청남도,태안군,16,39
202205,충청남도,태안군,17,37
202205,충청남도,태안군,18,18
202205,충청남도,태안군,19,20
202205,충청남도,태안군,20,10
202205,충청남도,태안군,21,13
202205,충청남도,태안군,22,16
202205,충청남도,태안군,23,10
202205,충청남도,태안군,24,13
202205,충청남도,태안군,25,9
202205,충청남도,태안군,26,3
202205,충청남도,태안군,27,1
202205,충청남도,태안군,28,4
202205,충청남도,태안군,29,1
202205,충청남도,태안군,30,7
202205,충청남도,태안군,31,5
202205,충청남도,태안군,32,4
202205,충청남도,태안군,33,6
202205,충청남도,태안군,34,4
202205,충청남도,태안군,35,8
202205,충청남도,태안군,36,10
202205,충청남도,태안군,37,8
202205,충청남도,태안군,38,29
202205,충청남도,태안군,39,19
202205,충청남도,태안군,40,18
202205,충청남도,태안군,41,20
202205,충청남도,태안군,42,29
202205,충청남도,태안군,43,23
202205,충청남도,태안군,44,12
202205,충청남도,태안군,45,23
202205,충청남도,태안군,46,24
202205,충청남도,태안군,47,31
202205,충청남도,태안군,48,38
202205,충청남도,태안군,49,26
202205,충청남도,태안군,50,35
202205,충청남도,태안군,51,30
202205,충청남도,태안군,52,36
202205,충청남도,태안군,53,44
202205,충청남도,태안군,54,38
202205,충청남도,태안군,55,33
202205,충청남도,태안군,56,35
202205,충청남도,태안군,57,39
202205,충청남도,태안군,58,29
202205,충청남도,태안군,59,43
202205,충청남도,태안군,60,43
202205,충청남도,태안군,61,52
202205,충청남도,태안군,62,50
202205,충청남도,태안군,63,54
202205,충청남도,태안군,64,53
202205,충청남도,태안군,65,53
202205,충청남도,태안군,66,51
202205,충청남도,태안군,67,71
202205,충청남도,태안군,68,47
202205,충청남도,태안군,69,46
202205,충청남도,태안군,70,46
202205,충청남도,태안군,71,44
202205,충청남도,태안군,72,49
202205,충청남도,태안군,73,44
202205,충청남도,태안군,74,56
202205,충청남도,태안군,75,46
202205,충청남도,태안군,76,32
202205,충청남도,태안군,77,41
202205,충청남도,태안군,78,36
202205,충청남도,태안군,79,58
202205,충청남도,태안군,80,54
202205,충청남도,태안군,81,38
202205,충청남도,태안군,82,33
202205,충청남도,태안군,83,55
202205,충청남도,태안군,84,41
202205,충청남도,태안군,85,41
202205,충청남도,태안군,86,37
202205,충청남도,태안군,87,32
202205,충청남도,태안군,88,35
202205,충청남도,태안군,89,22
202205,충청남도,태안군,90,22
202205,충청남도,태안군,91,12
202205,충청남도,태안군,92,7
202205,충청남도,태안군,93,15
202205,충청남도,태안군,94,13
202205,충청남도,태안군,95,5
202205,충청남도,태안군,96,6
202205,충청남도,태안군,97,3
202205,충청남도,태안군,98,2
202205,충청남도,태안군,99,2
202205,충청남도,태안군,100,1
202205,충청남도,태안군,101,1
202205,전라북도,전주시,0,58
202205,전라북도,전주시,1,92
202205,전라북도,전주시,2,136
202205,전라북도,전주시,3,161
202205,전라북도,전주시,4,192
202205,전라북도,전주시,5,255
202205,전라북도,전주시,6,309
202205,전라북도,전주시,7,362
202205,전라북도,전주시,8,413
202205,전라북도,전주시,9,501
202205,전라북도,전주시,10,486
202205,전라북도,전주시,11,607
202205,전라북도,전주시,12,546
202205,전라북도,전주시,13,557
202205,전라북도,전주시,14,621
202205,전라북도,전주시,15,638
202205,전라북도,전주시,16,624
202205,전라북도,전주시,17,668
202205,전라북도,전주시,18,662
202205,전라북도,전주시,19,510
202205,전라북도,전주시,20,451
202205,전라북도,전주시,21,517
202205,전라북도,전주시,22,466
202205,전라북도,전주시,23,424
202205,전라북도,전주시,24,351
202205,전라북도,전주시,25,284
202205,전라북도,전주시,26,228
202205,전라북도,전주시,27,196
202205,전라북도,전주시,28,171
202205,전라북도,전주시,29,170
202205,전라북도,전주시,30,149
202205,전라북도,전주시,31,180
202205,전라북도,전주시,32,184
202205,전라북도,전주시,33,157
202205,전라북도,전주시,34,166
202205,전라북도,전주시,35,195
202205,전라북도,전주시,36,236
202205,전라북도,전주시,37,227
202205,전라북도,전주시,38,268
202205,전라북도,전주시,39,352
202205,전라북도,전주시,40,365
202205,전라북도,전주시,41,430
202205,전라북도,전주시,42,384
202205,전라북도,전주시,43,391
202205,전라북도,전주시,44,435
202205,전라북도,전주시,45,449
202205,전라북도,전주시,46,488
202205,전라북도,전주시,47,528
202205,전라북도,전주시,48,546
202205,전라북도,전주시,49,604
202205,전라북도,전주시,50,603
202205,전라북도,전주시,51,662
202205,전라북도,전주시,52,576
202205,전라북도,전주시,53,613
202205,전라북도,전주시,54,543
202205,전라북도,전주시,55,586
202205,전라북도,전주시,56,592
202205,전라북도,전주시,57,557
202205,전라북도,전주시,58,512
202205,전라북도,전주시,59,610
202205,전라북도,전주시,60,580
202205,전라북도,전주시,61,684
202205,전라북도,전주시,62,679
202205,전라북도,전주시,63,550
202205,전라북도,전주시,64,578
202205,전라북도,전주시,65,591
202205,전라북도,전주시,66,575
202205,전라북도,전주시,67,653
202205,전라북도,전주시,68,498
202205,전라북도,전주시,69,501
202205,전라북도,전주시,70,510
202205,전라북도,전주시,71,484
202205,전라북도,전주시,72,558
202205,전라북도,전주시,73,426
202205,전라북도,전주시,74,481
202205,전라북도,전주시,75,537
202205,전라북도,전주시,76,336
202205,전라북도,전주시,77,372
202205,전라북도,전주시,78,388
202205,전라북도,전주시,79,502
202205,전라북도,전주시,80,530
202205,전라북도,전주시,81,389
202205,전라북도,전주시,82,385
202205,전라북도,전주시,83,396
202205,전라북도,전주시,84,366
202205,전라북도,전주시,85,308
202205,전라북도,전주시,86,288
202205,전라북도,전주시,87,237
202205,전라북도,전주시,88,210
202205,전라북도,전주시,89,170
202205,전라북도,전주시,90,147
202205,전라북도,전주시,91,117
202205,전라북도,전주시,92,93
202205,전라북도,전주시,93,83
202205,전라북도,전주시,94,52
202205,전라북도,전주시,95,43
202205,전라북도,전주시,96,27
202205,전라북도,전주시,97,17
202205,전라북도,전주시,98,10
202205,전라북도,전주시,99,22
202205,전라북도,전주시,100,4
202205,전라북도,전주시,101,5
202205,전라북도,전주시,102,2
202205,전라북도,전주시,103,2
202205,전라북도,전주시,104,1
202205,전라북도,전주시,105,1
202205,전라북도,전주시,106,1
202205,전라북도,군산시,0,20
202205,전라북도,군산시,1,32
202205,전라북도,군산시,2,42
202205,전라북도,군산시,3,52
202205,전라북도,군산시,4,63
202205,전라북도,군산시,5,79
202205,전라북도,군산시,6,118
202205,전라북도,군산시,7,173
202205,전라북도,군산시,8,179
202205,전라북도,군산시,9,181
202205,전라북도,군산시,10,208
202205,전라북도,군산시,11,226
202205,전라북도,군산시,12,253
202205,전라북도,군산시,13,224
202205,전라북도,군산시,14,233
202205,전라북도,군산시,15,245
202205,전라북도,군산시,16,217
202205,전라북도,군산시,17,255
202205,전라북도,군산시,18,195
202205,전라북도,군산시,19,187
202205,전라북도,군산시,20,167
202205,전라북도,군산시,21,161
202205,전라북도,군산시,22,127
202205,전라북도,군산시,23,125
202205,전라북도,군산시,24,97
202205,전라북도,군산시,25,91
202205,전라북도,군산시,26,74
202205,전라북도,군산시,27,54
202205,전라북도,군산시,28,40
202205,전라북도,군산시,29,46
202205,전라북도,군산시,30,52
202205,전라북도,군산시,31,48
202205,전라북도,군산시,32,66
202205,전라북도,군산시,33,72
202205,전라북도,군산시,34,74
202205,전라북도,군산시,35,81
202205,전라북도,군산시,36,69
202205,전라북도,군산시,37,86
202205,전라북도,군산시,38,129
202205,전라북도,군산시,39,120
202205,전라북도,군산시,40,161
202205,전라북도,군산시,41,152
202205,전라북도,군산시,42,165
202205,전라북도,군산시,43,162
202205,전라북도,군산시,44,165
202205,전라북도,군산시,45,137
202205,전라북도,군산시,46,195
202205,전라북도,군산시,47,191
202205,전라북도,군산시,48,234
202205,전라북도,군산시,49,228
202205,전라북도,군산시,50,242
202205,전라북도,군산시,51,226
202205,전라북도,군산시,52,237
202205,전라북도,군산시,53,252
202205,전라북도,군산시,54,202
202205,전라북도,군산시,55,230
202205,전라북도,군산시,56,217
202205,전라북도,군산시,57,251
202205,전라북도,군산시,58,221
202205,전라북도,군산시,59,278
202205,전라북도,군산시,60,296
202205,전라북도,군산시,61,299
202205,전라북도,군산시,62,292
202205,전라북도,군산시,63,332
202205,전라북도,군산시,64,325
202205,전라북도,군산시,65,317
202205,전라북도,군산시,66,340
202205,전라북도,군산시,67,409
202205,전라북도,군산시,68,353
202205,전라북도,군산시,69,297
202205,전라북도,군산시,70,315
202205,전라북도,군산시,71,297
202205,전라북도,군산시,72,344
202205,전라북도,군산시,73,262
202205,전라북도,군산시,74,314
202205,전라북도,군산시,75,359
202205,전라북도,군산시,76,218
202205,전라북도,군산시,77,266
202205,전라북도,군산시,78,247
202205,전라북도,군산시,79,363
202205,전라북도,군산시,80,356
202205,전라북도,군산시,81,265
202205,전라북도,군산시,82,260
202205,전라북도,군산시,83,236
202205,전라북도,군산시,84,226
202205,전라북도,군산시,85,219
202205,전라북도,군산시,86,205
202205,전라북도,군산시,87,178
202205,전라북도,군산시,88,135
202205,전라북도,군산시,89,133
202205,전라북도,군산시,90,108
202205,전라북도,군산시,91,83
202205,전라북도,군산시,92,54
202205,전라북도,군산시,93,51
202205,전라북도,군산시,94,38
202205,전라북도,군산시,95,33
202205,전라북도,군산시,96,14
202205,전라북도,군산시,97,10
202205,전라북도,군산시,98,9
202205,전라북도,군산시,99,4
202205,전라북도,군산시,100,4
202205,전라북도,군산시,101,1
202205,전라북도,익산시,0,17
202205,전라북도,익산시,1,47
202205,전라북도,익산시,2,55
202205,전라북도,익산시,3,64
202205,전라북도,익산시,4,72
202205,전라북도,익산시,5,98
202205,전라북도,익산시,6,154
202205,전라북도,익산시,7,189
202205,전라북도,익산시,8,183
202205,전라북도,익산시,9,226
202205,전라북도,익산시,10,295
202205,전라북도,익산시,11,271
202205,전라북도,익산시,12,301
202205,전라북도,익산시,13,279
202205,전라북도,익산시,14,369
202205,전라북도,익산시,15,317
202205,전라북도,익산시,16,300
202205,전라북도,익산시,17,309
202205,전라북도,익산시,18,278
202205,전라북도,익산시,19,256
202205,전라북도,익산시,20,224
202205,전라북도,익산시,21,216
202205,전라북도,익산시,22,180
202205,전라북도,익산시,23,172
202205,전라북도,익산시,24,144
202205,전라북도,익산시,25,124
202205,전라북도,익산시,26,89
202205,전라북도,익산시,27,86
202205,전라북도,익산시,28,62
202205,전라북도,익산시,29,54
202205,전라북도,익산시,30,37
202205,전라북도,익산시,31,68
202205,전라북도,익산시,32,83
202205,전라북도,익산시,33,66
202205,전라북도,익산시,34,81
202205,전라북도,익산시,35,97
202205,전라북도,익산시,36,92
202205,전라북도,익산시,37,96
202205,전라북도,익산시,38,117
202205,전라북도,익산시,39,165
202205,전라북도,익산시,40,172
202205,전라북도,익산시,41,186
202205,전라북도,익산시,42,205
202205,전라북도,익산시,43,203
202205,전라북도,익산시,44,219
202205,전라북도,익산시,45,208
202205,전라북도,익산시,46,206
202205,전라북도,익산시,47,236
202205,전라북도,익산시,48,240
202205,전라북도,익산시,49,288
202205,전라북도,익산시,50,294
202205,전라북도,익산시,51,288
202205,전라북도,익산시,52,262
202205,전라북도,익산시,53,311
202205,전라북도,익산시,54,273
202205,전라북도,익산시,55,298
202205,전라북도,익산시,56,290
202205,전라북도,익산시,57,305
202205,전라북도,익산시,58,268
202205,전라북도,익산시,59,355
202205,전라북도,익산시,60,322
202205,전라북도,익산시,61,436
202205,전라북도,익산시,62,388
202205,전라북도,익산시,63,374
202205,전라북도,익산시,64,368
202205,전라북도,익산시,65,367
202205,전라북도,익산시,66,364
202205,전라북도,익산시,67,379
202205,전라북도,익산시,68,301
202205,전라북도,익산시,69,309
202205,전라북도,익산시,70,322
202205,전라북도,익산시,71,315
202205,전라북도,익산시,72,356
202205,전라북도,익산시,73,271
202205,전라북도,익산시,74,326
202205,전라북도,익산시,75,314
202205,전라북도,익산시,76,228
202205,전라북도,익산시,77,265
202205,전라북도,익산시,78,240
202205,전라북도,익산시,79,394
202205,전라북도,익산시,80,376
202205,전라북도,익산시,81,250
202205,전라북도,익산시,82,266
202205,전라북도,익산시,83,274
202205,전라북도,익산시,84,236
202205,전라북도,익산시,85,249
202205,전라북도,익산시,86,216
202205,전라북도,익산시,87,207
202205,전라북도,익산시,88,167
202205,전라북도,익산시,89,137
202205,전라북도,익산시,90,110
202205,전라북도,익산시,91,84
202205,전라북도,익산시,92,80
202205,전라북도,익산시,93,62
202205,전라북도,익산시,94,38
202205,전라북도,익산시,95,35
202205,전라북도,익산시,96,14
202205,전라북도,익산시,97,8
202205,전라북도,익산시,98,16
202205,전라북도,익산시,99,6
202205,전라북도,익산시,100,3
202205,전라북도,익산시,101,1
202205,전라북도,익산시,102,1
202205,전라북도,익산시,104,1
202205,전라북도,익산시,106,1
202205,전라북도,익산시,108,1
202205,전라북도,정읍시,0,11
202205,전라북도,정읍시,1,25
202205,전라북도,정읍시,2,13
202205,전라북도,정읍시,3,29
202205,전라북도,정읍시,4,30
202205,전라북도,정읍시,5,29
202205,전라북도,정읍시,6,48
202205,전라북도,정읍시,7,58
202205,전라북도,정읍시,8,63
202205,전라북도,정읍시,9,68
202205,전라북도,정읍시,10,80
202205,전라북도,정읍시,11,89
202205,전라북도,정읍시,12,100
202205,전라북도,정읍시,13,96
202205,전라북도,정읍시,14,106
202205,전라북도,정읍시,15,109
202205,전라북도,정읍시,16,98
202205,전라북도,정읍시,17,132
202205,전라북도,정읍시,18,120
202205,전라북도,정읍시,19,94
202205,전라북도,정읍시,20,93
202205,전라북도,정읍시,21,74
202205,전라북도,정읍시,22,72
202205,전라북도,정읍시,23,74
202205,전라북도,정읍시,24,57
202205,전라북도,정읍시,25,41
202205,전라북도,정읍시,26,30
202205,전라북도,정읍시,27,27
202205,전라북도,정읍시,28,18
202205,전라북도,정읍시,29,22
202205,전라북도,정읍시,30,13
202205,전라북도,정읍시,31,29
202205,전라북도,정읍시,32,21
202205,전라북도,정읍시,33,17
202205,전라북도,정읍시,34,24
202205,전라북도,정읍시,35,32
202205,전라북도,정읍시,36,28
202205,전라북도,정읍시,37,45
202205,전라북도,정읍시,38,45
202205,전라북도,정읍시,39,43
202205,전라북도,정읍시,40,71
202205,전라북도,정읍시,41,47
202205,전라북도,정읍시,42,69
202205,전라북도,정읍시,43,62
202205,전라북도,정읍시,44,76
202205,전라북도,정읍시,45,68
202205,전라북도,정읍시,46,74
202205,전라북도,정읍시,47,97
202205,전라북도,정읍시,48,98
202205,전라북도,정읍시,49,96
202205,전라북도,정읍시,50,119
202205,전라북도,정읍시,51,112
202205,전라북도,정읍시,52,119
202205,전라북도,정읍시,53,144
202205,전라북도,정읍시,54,116
202205,전라북도,정읍시,55,113
202205,전라북도,정읍시,56,147
202205,전라북도,정읍시,57,134
202205,전라북도,정읍시,58,128
202205,전라북도,정읍시,59,159
202205,전라북도,정읍시,60,142
202205,전라북도,정읍시,61,183
202205,전라북도,정읍시,62,173
202205,전라북도,정읍시,63,141
202205,전라북도,정읍시,64,157
202205,전라북도,정읍시,65,142
202205,전라북도,정읍시,66,160
202205,전라북도,정읍시,67,164
202205,전라북도,정읍시,68,119
202205,전라북도,정읍시,69,125
202205,전라북도,정읍시,70,136
202205,전라북도,정읍시,71,128
202205,전라북도,정읍시,72,137
202205,전라북도,정읍시,73,136
202205,전라북도,정읍시,74,145
202205,전라북도,정읍시,75,157
202205,전라북도,정읍시,76,109
202205,전라북도,정읍시,77,122
202205,전라북도,정읍시,78,115
202205,전라북도,정읍시,79,154
202205,전라북도,정읍시,80,162
202205,전라북도,정읍시,81,140
202205,전라북도,정읍시,82,130
202205,전라북도,정읍시,83,138
202205,전라북도,정읍시,84,132
202205,전라북도,정읍시,85,123
202205,전라북도,정읍시,86,124
202205,전라북도,정읍시,87,113
202205,전라북도,정읍시,88,97
202205,전라북도,정읍시,89,92
202205,전라북도,정읍시,90,51
202205,전라북도,정읍시,91,51
202205,전라북도,정읍시,92,43
202205,전라북도,정읍시,93,30
202205,전라북도,정읍시,94,28
202205,전라북도,정읍시,95,17
202205,전라북도,정읍시,96,11
202205,전라북도,정읍시,97,5
202205,전라북도,정읍시,98,6
202205,전라북도,정읍시,99,3
202205,전라북도,정읍시,100,2
202205,전라북도,정읍시,101,2
202205,전라북도,정읍시,104,1
202205,전라북도,정읍시,105,1
202205,전라북도,정읍시,117,1
202205,전라북도,남원시,0,8
202205,전라북도,남원시,1,8
202205,전라북도,남원시,2,18
202205,전라북도,남원시,3,16
202205,전라북도,남원시,4,21
202205,전라북도,남원시,5,20
202205,전라북도,남원시,6,40
202205,전라북도,남원시,7,63
202205,전라북도,남원시,8,53
202205,전라북도,남원시,9,54
202205,전라북도,남원시,10,77
202205,전라북도,남원시,11,78
202205,전라북도,남원시,12,74
202205,전라북도,남원시,13,83
202205,전라북도,남원시,14,92
202205,전라북도,남원시,15,86
202205,전라북도,남원시,16,79
202205,전라북도,남원시,17,93
202205,전라북도,남원시,18,86
202205,전라북도,남원시,19,77
202205,전라북도,남원시,20,82
202205,전라북도,남원시,21,68
202205,전라북도,남원시,22,66
202205,전라북도,남원시,23,44
202205,전라북도,남원시,24,39
202205,전라북도,남원시,25,32
202205,전라북도,남원시,26,33
202205,전라북도,남원시,27,19
202205,전라북도,남원시,28,17
202205,전라북도,남원시,29,15
202205,전라북도,남원시,30,19
202205,전라북도,남원시,31,12
202205,전라북도,남원시,32,14
202205,전라북도,남원시,33,25
202205,전라북도,남원시,34,25
202205,전라북도,남원시,35,27
202205,전라북도,남원시,36,34
202205,전라북도,남원시,37,31
202205,전라북도,남원시,38,36
202205,전라북도,남원시,39,39
202205,전라북도,남원시,40,48
202205,전라북도,남원시,41,54
202205,전라북도,남원시,42,53
202205,전라북도,남원시,43,54
202205,전라북도,남원시,44,60
202205,전라북도,남원시,45,63
202205,전라북도,남원시,46,66
202205,전라북도,남원시,47,65
202205,전라북도,남원시,48,82
202205,전라북도,남원시,49,71
202205,전라북도,남원시,50,94
202205,전라북도,남원시,51,89
202205,전라북도,남원시,52,90
202205,전라북도,남원시,53,105
202205,전라북도,남원시,54,103
202205,전라북도,남원시,55,107
202205,전라북도,남원시,56,92
202205,전라북도,남원시,57,96
202205,전라북도,남원시,58,80
202205,전라북도,남원시,59,114
202205,전라북도,남원시,60,111
202205,전라북도,남원시,61,144
202205,전라북도,남원시,62,141
202205,전라북도,남원시,63,119
202205,전라북도,남원시,64,115
202205,전라북도,남원시,65,117
202205,전라북도,남원시,66,109
202205,전라북도,남원시,67,117
202205,전라북도,남원시,68,83
202205,전라북도,남원시,69,76
202205,전라북도,남원시,70,107
202205,전라북도,남원시,71,85
202205,전라북도,남원시,72,99
202205,전라북도,남원시,73,95
202205,전라북도,남원시,74,98
202205,전라북도,남원시,75,96
202205,전라북도,남원시,76,84
202205,전라북도,남원시,77,80
202205,전라북도,남원시,78,85
202205,전라북도,남원시,79,142
202205,전라북도,남원시,80,145
202205,전라북도,남원시,81,90
202205,전라북도,남원시,82,101
202205,전라북도,남원시,83,128
202205,전라북도,남원시,84,105
202205,전라북도,남원시,85,98
202205,전라북도,남원시,86,75
202205,전라북도,남원시,87,89
202205,전라북도,남원시,88,69
202205,전라북도,남원시,89,53
202205,전라북도,남원시,90,49
202205,전라북도,남원시,91,38
202205,전라북도,남원시,92,26
202205,전라북도,남원시,93,21
202205,전라북도,남원시,94,24
202205,전라북도,남원시,95,21
202205,전라북도,남원시,96,9
202205,전라북도,남원시,97,5
202205,전라북도,남원시,98,4
202205,전라북도,남원시,99,5
202205,전라북도,남원시,100,1
202205,전라북도,남원시,101,1
202205,전라북도,남원시,102,1
202205,전라북도,남원시,103,1
202205,전라북도,김제시,0,5
202205,전라북도,김제시,1,13
202205,전라북도,김제시,2,13
202205,전라북도,김제시,3,14
202205,전라북도,김제시,4,23
202205,전라북도,김제시,5,18
202205,전라북도,김제시,6,39
202205,전라북도,김제시,7,58
202205,전라북도,김제시,8,59
202205,전라북도,김제시,9,66
202205,전라북도,김제시,10,79
202205,전라북도,김제시,11,81
202205,전라북도,김제시,12,86
202205,전라북도,김제시,13,88
202205,전라북도,김제시,14,97
202205,전라북도,김제시,15,93
202205,전라북도,김제시,16,103
202205,전라북도,김제시,17,106
202205,전라북도,김제시,18,85
202205,전라북도,김제시,19,89
202205,전라북도,김제시,20,60
202205,전라북도,김제시,21,54
202205,전라북도,김제시,22,55
202205,전라북도,김제시,23,47
202205,전라북도,김제시,24,33
202205,전라북도,김제시,25,45
202205,전라북도,김제시,26,28
202205,전라북도,김제시,27,22
202205,전라북도,김제시,28,24
202205,전라북도,김제시,29,17
202205,전라북도,김제시,30,25
202205,전라북도,김제시,31,16
202205,전라북도,김제시,32,27
202205,전라북도,김제시,33,20
202205,전라북도,김제시,34,20
202205,전라북도,김제시,35,26
202205,전라북도,김제시,36,29
202205,전라북도,김제시,37,31
202205,전라북도,김제시,38,38
202205,전라북도,김제시,39,45
202205,전라북도,김제시,40,46
202205,전라북도,김제시,41,40
202205,전라북도,김제시,42,54
202205,전라북도,김제시,43,46
202205,전라북도,김제시,44,69
202205,전라북도,김제시,45,58
202205,전라북도,김제시,46,64
202205,전라북도,김제시,47,77
202205,전라북도,김제시,48,83
202205,전라북도,김제시,49,76
202205,전라북도,김제시,50,86
202205,전라북도,김제시,51,102
202205,전라북도,김제시,52,94
202205,전라북도,김제시,53,104
202205,전라북도,김제시,54,97
202205,전라북도,김제시,55,94
202205,전라북도,김제시,56,120
202205,전라북도,김제시,57,115
202205,전라북도,김제시,58,111
202205,전라북도,김제시,59,140
202205,전라북도,김제시,60,133
202205,전라북도,김제시,61,160
202205,전라북도,김제시,62,141
202205,전라북도,김제시,63,130
202205,전라북도,김제시,64,143
202205,전라북도,김제시,65,143
202205,전라북도,김제시,66,149
202205,전라북도,김제시,67,166
202205,전라북도,김제시,68,121
202205,전라북도,김제시,69,108
202205,전라북도,김제시,70,146
202205,전라북도,김제시,71,130
202205,전라북도,김제시,72,142
202205,전라북도,김제시,73,111
202205,전라북도,김제시,74,162
202205,전라북도,김제시,75,171
202205,전라북도,김제시,76,100
202205,전라북도,김제시,77,127
202205,전라북도,김제시,78,140
202205,전라북도,김제시,79,169
202205,전라북도,김제시,80,211
202205,전라북도,김제시,81,142
202205,전라북도,김제시,82,168
202205,전라북도,김제시,83,158
202205,전라북도,김제시,84,139
202205,전라북도,김제시,85,153
202205,전라북도,김제시,86,154
202205,전라북도,김제시,87,140
202205,전라북도,김제시,88,113
202205,전라북도,김제시,89,96
202205,전라북도,김제시,90,73
202205,전라북도,김제시,91,69
202205,전라북도,김제시,92,53
202205,전라북도,김제시,93,51
202205,전라북도,김제시,94,34
202205,전라북도,김제시,95,12
202205,전라북도,김제시,96,13
202205,전라북도,김제시,97,9
202205,전라북도,김제시,98,5
202205,전라북도,김제시,99,11
202205,전라북도,김제시,100,2
202205,전라북도,김제시,101,1
202205,전라북도,김제시,102,1
202205,전라북도,김제시,103,2
202205,전라북도,완주군,0,8
202205,전라북도,완주군,1,15
202205,전라북도,완주군,2,18
202205,전라북도,완주군,3,21
202205,전라북도,완주군,4,28
202205,전라북도,완주군,5,35
202205,전라북도,완주군,6,37
202205,전라북도,완주군,7,54
202205,전라북도,완주군,8,73
202205,전라북도,완주군,9,66
202205,전라북도,완주군,10,72
202205,전라북도,완주군,11,84
202205,전라북도,완주군,12,91
202205,전라북도,완주군,13,85
202205,전라북도,완주군,14,99
202205,전라북도,완주군,15,106
202205,전라북도,완주군,16,106
202205,전라북도,완주군,17,102
202205,전라북도,완주군,18,79
202205,전라북도,완주군,19,67
202205,전라북도,완주군,20,56
202205,전라북도,완주군,21,53
202205,전라북도,완주군,22,48
202205,전라북도,완주군,23,47
202205,전라북도,완주군,24,30
202205,전라북도,완주군,25,23
202205,전라북도,완주군,26,24
202205,전라북도,완주군,27,15
202205,전라북도,완주군,28,20
202205,전라북도,완주군,29,20
202205,전라북도,완주군,30,20
202205,전라북도,완주군,31,18
202205,전라북도,완주군,32,20
202205,전라북도,완주군,33,17
202205,전라북도,완주군,34,24
202205,전라북도,완주군,35,28
202205,전라북도,완주군,36,33
202205,전라북도,완주군,37,31
202205,전라북도,완주군,38,47
202205,전라북도,완주군,39,40
202205,전라북도,완주군,40,46
202205,전라북도,완주군,41,50
202205,전라북도,완주군,42,53
202205,전라북도,완주군,43,52
202205,전라북도,완주군,44,61
202205,전라북도,완주군,45,59
202205,전라북도,완주군,46,70
202205,전라북도,완주군,47,59
202205,전라북도,완주군,48,70
202205,전라북도,완주군,49,77
202205,전라북도,완주군,50,76
202205,전라북도,완주군,51,76
202205,전라북도,완주군,52,78
202205,전라북도,완주군,53,88
202205,전라북도,완주군,54,71
202205,전라북도,완주군,55,97
202205,전라북도,완주군,56,75
202205,전라북도,완주군,57,76
202205,전라북도,완주군,58,71
202205,전라북도,완주군,59,84
202205,전라북도,완주군,60,91
202205,전라북도,완주군,61,95
202205,전라북도,완주군,62,112
202205,전라북도,완주군,63,87
202205,전라북도,완주군,64,91
202205,전라북도,완주군,65,107
202205,전라북도,완주군,66,103
202205,전라북도,완주군,67,107
202205,전라북도,완주군,68,92
202205,전라북도,완주군,69,84
202205,전라북도,완주군,70,73
202205,전라북도,완주군,71,86
202205,전라북도,완주군,72,90
202205,전라북도,완주군,73,88
202205,전라북도,완주군,74,83
202205,전라북도,완주군,75,105
202205,전라북도,완주군,76,73
202205,전라북도,완주군,77,76
202205,전라북도,완주군,78,74
202205,전라북도,완주군,79,87
202205,전라북도,완주군,80,101
202205,전라북도,완주군,81,76
202205,전라북도,완주군,82,95
202205,전라북도,완주군,83,78
202205,전라북도,완주군,84,92
202205,전라북도,완주군,85,70
202205,전라북도,완주군,86,69
202205,전라북도,완주군,87,64
202205,전라북도,완주군,88,51
202205,전라북도,완주군,89,47
202205,전라북도,완주군,90,36
202205,전라북도,완주군,91,24
202205,전라북도,완주군,92,31
202205,전라북도,완주군,93,18
202205,전라북도,완주군,94,15
202205,전라북도,완주군,95,15
202205,전라북도,완주군,96,9
202205,전라북도,완주군,97,3
202205,전라북도,완주군,98,2
202205,전라북도,완주군,99,5
202205,전라북도,완주군,102,1
202205,전라북도,완주군,106,1
202205,전라북도,진안군,0,2
202205,전라북도,진안군,1,4
202205,전라북도,진안군,2,4
202205,전라북도,진안군,3,4
202205,전라북도,진안군,4,5
202205,전라북도,진안군,5,1
202205,전라북도,진안군,6,9
202205,전라북도,진안군,7,7
202205,전라북도,진안군,8,11
202205,전라북도,진안군,9,12
202205,전라북도,진안군,10,9
202205,전라북도,진안군,11,28
202205,전라북도,진안군,12,17
202205,전라북도,진안군,13,28
202205,전라북도,진안군,14,16
202205,전라북도,진안군,15,18
202205,전라북도,진안군,16,18
202205,전라북도,진안군,17,19
202205,전라북도,진안군,18,16
202205,전라북도,진안군,19,16
202205,전라북도,진안군,20,9
202205,전라북도,진안군,21,10
202205,전라북도,진안군,22,15
202205,전라북도,진안군,23,6
202205,전라북도,진안군,24,10
202205,전라북도,진안군,25,6
202205,전라북도,진안군,26,9
202205,전라북도,진안군,27,7
202205,전라북도,진안군,28,2
202205,전라북도,진안군,29,2
202205,전라북도,진안군,30,4
202205,전라북도,진안군,31,5
202205,전라북도,진안군,32,11
202205,전라북도,진안군,33,2
202205,전라북도,진안군,34,3
202205,전라북도,진안군,35,5
202205,전라북도,진안군,36,7
202205,전라북도,진안군,37,7
202205,전라북도,진안군,38,7
202205,전라북도,진안군,39,4
202205,전라북도,진안군,40,8
202205,전라북도,진안군,41,13
202205,전라북도,진안군,42,10
202205,전라북도,진안군,43,9
202205,전라북도,진안군,44,17
202205,전라북도,진안군,45,11
202205,전라북도,진안군,46,13
202205,전라북도,진안군,47,14
202205,전라북도,진안군,48,15
202205,전라북도,진안군,49,15
202205,전라북도,진안군,50,16
202205,전라북도,진안군,51,15
202205,전라북도,진안군,52,16
202205,전라북도,진안군,53,28
202205,전라북도,진안군,54,15
202205,전라북도,진안군,55,22
202205,전라북도,진안군,56,25
202205,전라북도,진안군,57,26
202205,전라북도,진안군,58,21
202205,전라북도,진안군,59,19
202205,전라북도,진안군,60,35
202205,전라북도,진안군,61,35
202205,전라북도,진안군,62,36
202205,전라북도,진안군,63,24
202205,전라북도,진안군,64,25
202205,전라북도,진안군,65,28
202205,전라북도,진안군,66,34
202205,전라북도,진안군,67,36
202205,전라북도,진안군,68,20
202205,전라북도,진안군,69,16
202205,전라북도,진안군,70,25
202205,전라북도,진안군,71,32
202205,전라북도,진안군,72,26
202205,전라북도,진안군,73,22
202205,전라북도,진안군,74,21
202205,전라북도,진안군,75,35
202205,전라북도,진안군,76,16
202205,전라북도,진안군,77,27
202205,전라북도,진안군,78,23
202205,전라북도,진안군,79,26
202205,전라북도,진안군,80,43
202205,전라북도,진안군,81,33
202205,전라북도,진안군,82,33
202205,전라북도,진안군,83,41
202205,전라북도,진안군,84,26
202205,전라북도,진안군,85,30
202205,전라북도,진안군,86,26
202205,전라북도,진안군,87,23
202205,전라북도,진안군,88,22
202205,전라북도,진안군,89,22
202205,전라북도,진안군,90,11
202205,전라북도,진안군,91,16
202205,전라북도,진안군,92,11
202205,전라북도,진안군,93,12
202205,전라북도,진안군,94,5
202205,전라북도,진안군,95,5
202205,전라북도,진안군,96,3
202205,전라북도,진안군,97,2
202205,전라북도,진안군,98,3
202205,전라북도,진안군,99,1
202205,전라북도,진안군,100,1
202205,전라북도,진안군,101,1
202205,전라북도,진안군,103,1
202205,전라북도,무주군,0,1
202205,전라북도,무주군,1,1
202205,전라북도,무주군,2,1
202205,전라북도,무주군,3,1
202205,전라북도,무주군,4,4
202205,전라북도,무주군,5,6
202205,전라북도,무주군,6,2
202205,전라북도,무주군,7,11
202205,전라북도,무주군,8,9
202205,전라북도,무주군,9,11
202205,전라북도,무주군,10,18
202205,전라북도,무주군,11,16
202205,전라북도,무주군,12,19
202205,전라북도,무주군,13,21
202205,전라북도,무주군,14,16
202205,전라북도,무주군,15,23
202205,전라북도,무주군,16,23
202205,전라북도,무주군,17,20
202205,전라북도,무주군,18,20
202205,전라북도,무주군,19,10
202205,전라북도,무주군,20,10
202205,전라북도,무주군,21,17
202205,전라북도,무주군,22,8
202205,전라북도,무주군,23,10
202205,전라북도,무주군,24,2
202205,전라북도,무주군,25,4
202205,전라북도,무주군,26,4
202205,전라북도,무주군,27,4
202205,전라북도,무주군,28,3
202205,전라북도,무주군,29,3
202205,전라북도,무주군,30,3
202205,전라북도,무주군,31,3
202205,전라북도,무주군,32,1
202205,전라북도,무주군,33,5
202205,전라북도,무주군,34,4
202205,전라북도,무주군,35,5
202205,전라북도,무주군,36,5
202205,전라북도,무주군,37,3
202205,전라북도,무주군,38,2
202205,전라북도,무주군,39,11
202205,전라북도,무주군,40,7
202205,전라북도,무주군,41,6
202205,전라북도,무주군,42,8
202205,전라북도,무주군,43,13
202205,전라북도,무주군,44,11
202205,전라북도,무주군,45,12
202205,전라북도,무주군,46,12
202205,전라북도,무주군,47,10
202205,전라북도,무주군,48,16
202205,전라북도,무주군,49,16
202205,전라북도,무주군,50,6
202205,전라북도,무주군,51,19
202205,전라북도,무주군,52,11
202205,전라북도,무주군,53,21
202205,전라북도,무주군,54,22
202205,전라북도,무주군,55,19
202205,전라북도,무주군,56,24
202205,전라북도,무주군,57,21
202205,전라북도,무주군,58,14
202205,전라북도,무주군,59,21
202205,전라북도,무주군,60,24
202205,전라북도,무주군,61,31
202205,전라북도,무주군,62,27
202205,전라북도,무주군,63,16
202205,전라북도,무주군,64,22
202205,전라북도,무주군,65,18
202205,전라북도,무주군,66,16
202205,전라북도,무주군,67,21
202205,전라북도,무주군,68,20
202205,전라북도,무주군,69,18
202205,전라북도,무주군,70,25
202205,전라북도,무주군,71,22
202205,전라북도,무주군,72,31
202205,전라북도,무주군,73,22
202205,전라북도,무주군,74,22
202205,전라북도,무주군,75,15
202205,전라북도,무주군,76,21
202205,전라북도,무주군,77,19
202205,전라북도,무주군,78,17
202205,전라북도,무주군,79,43
202205,전라북도,무주군,80,37
202205,전라북도,무주군,81,36
202205,전라북도,무주군,82,29
202205,전라북도,무주군,83,35
202205,전라북도,무주군,84,32
202205,전라북도,무주군,85,27
202205,전라북도,무주군,86,22
202205,전라북도,무주군,87,30
202205,전라북도,무주군,88,30
202205,전라북도,무주군,89,18
202205,전라북도,무주군,90,13
202205,전라북도,무주군,91,12
202205,전라북도,무주군,92,9
202205,전라북도,무주군,93,7
202205,전라북도,무주군,94,6
202205,전라북도,무주군,95,4
202205,전라북도,무주군,96,5
202205,전라북도,무주군,97,4
202205,전라북도,무주군,98,1
202205,전라북도,무주군,99,2
202205,전라북도,무주군,100,1
202205,전라북도,무주군,101,2
202205,전라북도,무주군,102,1
202205,전라북도,무주군,103,1
202205,전라북도,무주군,105,2
202205,전라북도,무주군,106,1
202205,전라북도,장수군,0,1
202205,전라북도,장수군,1,1
202205,전라북도,장수군,2,3
202205,전라북도,장수군,3,3
202205,전라북도,장수군,4,2
202205,전라북도,장수군,5,4
202205,전라북도,장수군,6,3
202205,전라북도,장수군,7,4
202205,전라북도,장수군,8,9
202205,전라북도,장수군,9,12
202205,전라북도,장수군,10,18
202205,전라북도,장수군,11,20
202205,전라북도,장수군,12,19
202205,전라북도,장수군,13,22
202205,전라북도,장수군,14,21
202205,전라북도,장수군,15,20
202205,전라북도,장수군,16,18
202205,전라북도,장수군,17,27
202205,전라북도,장수군,18,22
202205,전라북도,장수군,19,14
202205,전라북도,장수군,20,16
202205,전라북도,장수군,21,15
202205,전라북도,장수군,22,9
202205,전라북도,장수군,23,8
202205,전라북도,장수군,24,7
202205,전라북도,장수군,25,6
202205,전라북도,장수군,26,2
202205,전라북도,장수군,27,5
202205,전라북도,장수군,28,1
202205,전라북도,장수군,29,3
202205,전라북도,장수군,31,2
202205,전라북도,장수군,32,5
202205,전라북도,장수군,33,6
202205,전라북도,장수군,34,1
202205,전라북도,장수군,35,4
202205,전라북도,장수군,36,3
202205,전라북도,장수군,37,4
202205,전라북도,장수군,38,6
202205,전라북도,장수군,39,4
202205,전라북도,장수군,40,15
202205,전라북도,장수군,41,7
202205,전라북도,장수군,42,8
202205,전라북도,장수군,43,12
202205,전라북도,장수군,44,5
202205,전라북도,장수군,45,11
202205,전라북도,장수군,46,15
202205,전라북도,장수군,47,13
202205,전라북도,장수군,48,10
202205,전라북도,장수군,49,22
202205,전라북도,장수군,50,14
202205,전라북도,장수군,51,11
202205,전라북도,장수군,52,22
202205,전라북도,장수군,53,27
202205,전라북도,장수군,54,22
202205,전라북도,장수군,55,21
202205,전라북도,장수군,56,32
202205,전라북도,장수군,57,28
202205,전라북도,장수군,58,18
202205,전라북도,장수군,59,24
202205,전라북도,장수군,60,29
202205,전라북도,장수군,61,25
202205,전라북도,장수군,62,30
202205,전라북도,장수군,63,34
202205,전라북도,장수군,64,18
202205,전라북도,장수군,65,26
202205,전라북도,장수군,66,24
202205,전라북도,장수군,67,22
202205,전라북도,장수군,68,21
202205,전라북도,장수군,69,20
202205,전라북도,장수군,70,22
202205,전라북도,장수군,71,24
202205,전라북도,장수군,72,25
202205,전라북도,장수군,73,16
202205,전라북도,장수군,74,16
202205,전라북도,장수군,75,15
202205,전라북도,장수군,76,13
202205,전라북도,장수군,77,14
202205,전라북도,장수군,78,20
202205,전라북도,장수군,79,24
202205,전라북도,장수군,80,29
202205,전라북도,장수군,81,28
202205,전라북도,장수군,82,24
202205,전라북도,장수군,83,21
202205,전라북도,장수군,84,14
202205,전라북도,장수군,85,19
202205,전라북도,장수군,86,21
202205,전라북도,장수군,87,25
202205,전라북도,장수군,88,18
202205,전라북도,장수군,89,8
202205,전라북도,장수군,90,11
202205,전라북도,장수군,91,6
202205,전라북도,장수군,92,5
202205,전라북도,장수군,93,9
202205,전라북도,장수군,94,5
202205,전라북도,장수군,95,6
202205,전라북도,장수군,96,2
202205,전라북도,장수군,97,1
202205,전라북도,장수군,98,2
202205,전라북도,장수군,99,1
202205,전라북도,장수군,100,1
202205,전라북도,장수군,101,1
202205,전라북도,장수군,103,1
202205,전라북도,장수군,105,1
202205,전라북도,임실군,0,2
202205,전라북도,임실군,1,5
202205,전라북도,임실군,2,2
202205,전라북도,임실군,3,5
202205,전라북도,임실군,4,5
202205,전라북도,임실군,5,6
202205,전라북도,임실군,6,14
202205,전라북도,임실군,7,13
202205,전라북도,임실군,8,12
202205,전라북도,임실군,9,19
202205,전라북도,임실군,10,15
202205,전라북도,임실군,11,28
202205,전라북도,임실군,12,21
202205,전라북도,임실군,13,28
202205,전라북도,임실군,14,25
202205,전라북도,임실군,15,25
202205,전라북도,임실군,16,24
202205,전라북도,임실군,17,26
202205,전라북도,임실군,18,18
202205,전라북도,임실군,19,17
202205,전라북도,임실군,20,23
202205,전라북도,임실군,21,8
202205,전라북도,임실군,22,10
202205,전라북도,임실군,23,5
202205,전라북도,임실군,24,9
202205,전라북도,임실군,25,5
202205,전라북도,임실군,26,4
202205,전라북도,임실군,27,4
202205,전라북도,임실군,28,1
202205,전라북도,임실군,29,2
202205,전라북도,임실군,30,2
202205,전라북도,임실군,31,6
202205,전라북도,임실군,32,6
202205,전라북도,임실군,33,8
202205,전라북도,임실군,34,11
202205,전라북도,임실군,35,4
202205,전라북도,임실군,36,9
202205,전라북도,임실군,37,15
202205,전라북도,임실군,38,9
202205,전라북도,임실군,39,12
202205,전라북도,임실군,40,15
202205,전라북도,임실군,41,12
202205,전라북도,임실군,42,17
202205,전라북도,임실군,43,9
202205,전라북도,임실군,44,7
202205,전라북도,임실군,45,11
202205,전라북도,임실군,46,14
202205,전라북도,임실군,47,21
202205,전라북도,임실군,48,18
202205,전라북도,임실군,49,21
202205,전라북도,임실군,50,21
202205,전라북도,임실군,51,23
202205,전라북도,임실군,52,27
202205,전라북도,임실군,53,34
202205,전라북도,임실군,54,28
202205,전라북도,임실군,55,22
202205,전라북도,임실군,56,23
202205,전라북도,임실군,57,25
202205,전라북도,임실군,58,32
202205,전라북도,임실군,59,28
202205,전라북도,임실군,60,26
202205,전라북도,임실군,61,28
202205,전라북도,임실군,62,48
202205,전라북도,임실군,63,31
202205,전라북도,임실군,64,22
202205,전라북도,임실군,65,24
202205,전라북도,임실군,66,32
202205,전라북도,임실군,67,52
202205,전라북도,임실군,68,26
202205,전라북도,임실군,69,24
202205,전라북도,임실군,70,26
202205,전라북도,임실군,71,29
202205,전라북도,임실군,72,36
202205,전라북도,임실군,73,29
202205,전라북도,임실군,74,33
202205,전라북도,임실군,75,28
202205,전라북도,임실군,76,22
202205,전라북도,임실군,77,28
202205,전라북도,임실군,78,23
202205,전라북도,임실군,79,47
202205,전라북도,임실군,80,49
202205,전라북도,임실군,81,38
202205,전라북도,임실군,82,54
202205,전라북도,임실군,83,39
202205,전라북도,임실군,84,45
202205,전라북도,임실군,85,61
202205,전라북도,임실군,86,47
202205,전라북도,임실군,87,47
202205,전라북도,임실군,88,33
202205,전라북도,임실군,89,23
202205,전라북도,임실군,90,26
202205,전라북도,임실군,91,25
202205,전라북도,임실군,92,13
202205,전라북도,임실군,93,17
202205,전라북도,임실군,94,12
202205,전라북도,임실군,95,13
202205,전라북도,임실군,96,4
202205,전라북도,임실군,97,4
202205,전라북도,임실군,98,2
202205,전라북도,임실군,99,3
202205,전라북도,임실군,100,2
202205,전라북도,임실군,101,1
202205,전라북도,임실군,103,2
202205,전라북도,임실군,105,1
202205,전라북도,순창군,0,3
202205,전라북도,순창군,1,2
202205,전라북도,순창군,2,6
202205,전라북도,순창군,3,4
202205,전라북도,순창군,4,3
202205,전라북도,순창군,5,1
202205,전라북도,순창군,6,12
202205,전라북도,순창군,7,7
202205,전라북도,순창군,8,14
202205,전라북도,순창군,9,13
202205,전라북도,순창군,10,13
202205,전라북도,순창군,11,24
202205,전라북도,순창군,12,21
202205,전라북도,순창군,13,21
202205,전라북도,순창군,14,26
202205,전라북도,순창군,15,21
202205,전라북도,순창군,16,24
202205,전라북도,순창군,17,29
202205,전라북도,순창군,18,23
202205,전라북도,순창군,19,16
202205,전라북도,순창군,20,14
202205,전라북도,순창군,21,17
202205,전라북도,순창군,22,17
202205,전라북도,순창군,23,15
202205,전라북도,순창군,24,13
202205,전라북도,순창군,25,12
202205,전라북도,순창군,26,4
202205,전라북도,순창군,27,2
202205,전라북도,순창군,28,5
202205,전라북도,순창군,29,3
202205,전라북도,순창군,30,6
202205,전라북도,순창군,31,1
202205,전라북도,순창군,32,4
202205,전라북도,순창군,33,4
202205,전라북도,순창군,34,6
202205,전라북도,순창군,35,10
202205,전라북도,순창군,36,14
202205,전라북도,순창군,37,7
202205,전라북도,순창군,38,3
202205,전라북도,순창군,39,11
202205,전라북도,순창군,40,11
202205,전라북도,순창군,41,12
202205,전라북도,순창군,42,16
202205,전라북도,순창군,43,8
202205,전라북도,순창군,44,17
202205,전라북도,순창군,45,10
202205,전라북도,순창군,46,20
202205,전라북도,순창군,47,16
202205,전라북도,순창군,48,15
202205,전라북도,순창군,49,21
202205,전라북도,순창군,50,19
202205,전라북도,순창군,51,13
202205,전라북도,순창군,52,28
202205,전라북도,순창군,53,27
202205,전라북도,순창군,54,16
202205,전라북도,순창군,55,29
202205,전라북도,순창군,56,23
202205,전라북도,순창군,57,28
202205,전라북도,순창군,58,24
202205,전라북도,순창군,59,23
202205,전라북도,순창군,60,29
202205,전라북도,순창군,61,36
202205,전라북도,순창군,62,32
202205,전라북도,순창군,63,24
202205,전라북도,순창군,64,22
202205,전라북도,순창군,65,16
202205,전라북도,순창군,66,26
202205,전라북도,순창군,67,34
202205,전라북도,순창군,68,23
202205,전라북도,순창군,69,23
202205,전라북도,순창군,70,20
202205,전라북도,순창군,71,25
202205,전라북도,순창군,72,24
202205,전라북도,순창군,73,25
202205,전라북도,순창군,74,30
202205,전라북도,순창군,75,28
202205,전라북도,순창군,76,20
202205,전라북도,순창군,77,26
202205,전라북도,순창군,78,31
202205,전라북도,순창군,79,38
202205,전라북도,순창군,80,44
202205,전라북도,순창군,81,29
202205,전라북도,순창군,82,46
202205,전라북도,순창군,83,35
202205,전라북도,순창군,84,46
202205,전라북도,순창군,85,33
202205,전라북도,순창군,86,33
202205,전라북도,순창군,87,27
202205,전라북도,순창군,88,31
202205,전라북도,순창군,89,17
202205,전라북도,순창군,90,18
202205,전라북도,순창군,91,18
202205,전라북도,순창군,92,14
202205,전라북도,순창군,93,9
202205,전라북도,순창군,94,13
202205,전라북도,순창군,95,3
202205,전라북도,순창군,96,7
202205,전라북도,순창군,97,1
202205,전라북도,순창군,98,1
202205,전라북도,순창군,100,1
202205,전라북도,순창군,102,1
202205,전라북도,고창군,0,2
202205,전라북도,고창군,1,1
202205,전라북도,고창군,2,9
202205,전라북도,고창군,3,9
202205,전라북도,고창군,4,3
202205,전라북도,고창군,5,14
202205,전라북도,고창군,6,23
202205,전라북도,고창군,7,21
202205,전라북도,고창군,8,32
202205,전라북도,고창군,9,24
202205,전라북도,고창군,10,26
202205,전라북도,고창군,11,42
202205,전라북도,고창군,12,43
202205,전라북도,고창군,13,46
202205,전라북도,고창군,14,47
202205,전라북도,고창군,15,46
202205,전라북도,고창군,16,40
202205,전라북도,고창군,17,44
202205,전라북도,고창군,18,43
202205,전라북도,고창군,19,43
202205,전라북도,고창군,20,23
202205,전라북도,고창군,21,21
202205,전라북도,고창군,22,20
202205,전라북도,고창군,23,17
202205,전라북도,고창군,24,16
202205,전라북도,고창군,25,10
202205,전라북도,고창군,26,9
202205,전라북도,고창군,27,6
202205,전라북도,고창군,28,8
202205,전라북도,고창군,29,9
202205,전라북도,고창군,30,8
202205,전라북도,고창군,31,6
202205,전라북도,고창군,32,5
202205,전라북도,고창군,33,5
202205,전라북도,고창군,34,7
202205,전라북도,고창군,35,11
202205,전라북도,고창군,36,10
202205,전라북도,고창군,37,12
202205,전라북도,고창군,38,15
202205,전라북도,고창군,39,16
202205,전라북도,고창군,40,13
202205,전라북도,고창군,41,28
202205,전라북도,고창군,42,21
202205,전라북도,고창군,43,20
202205,전라북도,고창군,44,27
202205,전라북도,고창군,45,22
202205,전라북도,고창군,46,29
202205,전라북도,고창군,47,28
202205,전라북도,고창군,48,30
202205,전라북도,고창군,49,43
202205,전라북도,고창군,50,42
202205,전라북도,고창군,51,50
202205,전라북도,고창군,52,40
202205,전라북도,고창군,53,51
202205,전라북도,고창군,54,41
202205,전라북도,고창군,55,55
202205,전라북도,고창군,56,51
202205,전라북도,고창군,57,51
202205,전라북도,고창군,58,42
202205,전라북도,고창군,59,59
202205,전라북도,고창군,60,53
202205,전라북도,고창군,61,66
202205,전라북도,고창군,62,63
202205,전라북도,고창군,63,61
202205,전라북도,고창군,64,51
202205,전라북도,고창군,65,49
202205,전라북도,고창군,66,56
202205,전라북도,고창군,67,73
202205,전라북도,고창군,68,52
202205,전라북도,고창군,69,51
202205,전라북도,고창군,70,47
202205,전라북도,고창군,71,52
202205,전라북도,고창군,72,65
202205,전라북도,고창군,73,53
202205,전라북도,고창군,74,67
202205,전라북도,고창군,75,51
202205,전라북도,고창군,76,42
202205,전라북도,고창군,77,45
202205,전라북도,고창군,78,63
202205,전라북도,고창군,79,82
202205,전라북도,고창군,80,104
202205,전라북도,고창군,81,69
202205,전라북도,고창군,82,81
202205,전라북도,고창군,83,83
202205,전라북도,고창군,84,64
202205,전라북도,고창군,85,66
202205,전라북도,고창군,86,69
202205,전라북도,고창군,87,71
202205,전라북도,고창군,88,59
202205,전라북도,고창군,89,44
202205,전라북도,고창군,90,46
202205,전라북도,고창군,91,34
202205,전라북도,고창군,92,36
202205,전라북도,고창군,93,26
202205,전라북도,고창군,94,28
202205,전라북도,고창군,95,19
202205,전라북도,고창군,96,8
202205,전라북도,고창군,97,8
202205,전라북도,고창군,98,1
202205,전라북도,고창군,99,6
202205,전라북도,고창군,100,4
202205,전라북도,고창군,101,1
202205,전라북도,부안군,0,1
202205,전라북도,부안군,1,3
202205,전라북도,부안군,2,3
202205,전라북도,부안군,3,2
202205,전라북도,부안군,4,6
202205,전라북도,부안군,5,12
202205,전라북도,부안군,6,10
202205,전라북도,부안군,7,20
202205,전라북도,부안군,8,18
202205,전라북도,부안군,9,22
202205,전라북도,부안군,10,23
202205,전라북도,부안군,11,38
202205,전라북도,부안군,12,22
202205,전라북도,부안군,13,33
202205,전라북도,부안군,14,32
202205,전라북도,부안군,15,30
202205,전라북도,부안군,16,27
202205,전라북도,부안군,17,42
202205,전라북도,부안군,18,34
202205,전라북도,부안군,19,26
202205,전라북도,부안군,20,31
202205,전라북도,부안군,21,21
202205,전라북도,부안군,22,22
202205,전라북도,부안군,23,14
202205,전라북도,부안군,24,15
202205,전라북도,부안군,25,7
202205,전라북도,부안군,26,2
202205,전라북도,부안군,27,10
202205,전라북도,부안군,28,4
202205,전라북도,부안군,29,4
202205,전라북도,부안군,30,4
202205,전라북도,부안군,31,5
202205,전라북도,부안군,32,3
202205,전라북도,부안군,33,5
202205,전라북도,부안군,34,9
202205,전라북도,부안군,35,6
202205,전라북도,부안군,36,15
202205,전라북도,부안군,37,13
202205,전라북도,부안군,38,17
202205,전라북도,부안군,39,17
202205,전라북도,부안군,40,15
202205,전라북도,부안군,41,13
202205,전라북도,부안군,42,24
202205,전라북도,부안군,43,11
202205,전라북도,부안군,44,40
202205,전라북도,부안군,45,20
202205,전라북도,부안군,46,13
202205,전라북도,부안군,47,26
202205,전라북도,부안군,48,23
202205,전라북도,부안군,49,43
202205,전라북도,부안군,50,40
202205,전라북도,부안군,51,28
202205,전라북도,부안군,52,42
202205,전라북도,부안군,53,62
202205,전라북도,부안군,54,36
202205,전라북도,부안군,55,53
202205,전라북도,부안군,56,49
202205,전라북도,부안군,57,39
202205,전라북도,부안군,58,60
202205,전라북도,부안군,59,52
202205,전라북도,부안군,60,52
202205,전라북도,부안군,61,65
202205,전라북도,부안군,62,73
202205,전라북도,부안군,63,53
202205,전라북도,부안군,64,81
202205,전라북도,부안군,65,62
202205,전라북도,부안군,66,68
202205,전라북도,부안군,67,86
202205,전라북도,부안군,68,53
202205,전라북도,부안군,69,66
202205,전라북도,부안군,70,63
202205,전라북도,부안군,71,74
202205,전라북도,부안군,72,73
202205,전라북도,부안군,73,69
202205,전라북도,부안군,74,74
202205,전라북도,부안군,75,81
202205,전라북도,부안군,76,62
202205,전라북도,부안군,77,76
202205,전라북도,부안군,78,63
202205,전라북도,부안군,79,92
202205,전라북도,부안군,80,93
202205,전라북도,부안군,81,72
202205,전라북도,부안군,82,66
202205,전라북도,부안군,83,84
202205,전라북도,부안군,84,66
202205,전라북도,부안군,85,61
202205,전라북도,부안군,86,51
202205,전라북도,부안군,87,48
202205,전라북도,부안군,88,39
202205,전라북도,부안군,89,34
202205,전라북도,부안군,90,24
202205,전라북도,부안군,91,19
202205,전라북도,부안군,92,21
202205,전라북도,부안군,93,11
202205,전라북도,부안군,94,12
202205,전라북도,부안군,95,9
202205,전라북도,부안군,96,3
202205,전라북도,부안군,97,1
202205,전라북도,부안군,98,1
202205,전라북도,부안군,99,2
202205,전라북도,부안군,100,1
202205,전라북도,부안군,104,2
202205,전라북도,부안군,110,1
202205,전라남도,목포시,0,26
202205,전라남도,목포시,1,43
202205,전라남도,목포시,2,52
202205,전라남도,목포시,3,62
202205,전라남도,목포시,4,73
202205,전라남도,목포시,5,99
202205,전라남도,목포시,6,133
202205,전라남도,목포시,7,181
202205,전라남도,목포시,8,193
202205,전라남도,목포시,9,261
202205,전라남도,목포시,10,247
202205,전라남도,목포시,11,268
202205,전라남도,목포시,12,262
202205,전라남도,목포시,13,251
202205,전라남도,목포시,14,274
202205,전라남도,목포시,15,262
202205,전라남도,목포시,16,257
202205,전라남도,목포시,17,252
202205,전라남도,목포시,18,263
202205,전라남도,목포시,19,172
202205,전라남도,목포시,20,187
202205,전라남도,목포시,21,204
202205,전라남도,목포시,22,191
202205,전라남도,목포시,23,158
202205,전라남도,목포시,24,114
202205,전라남도,목포시,25,105
202205,전라남도,목포시,26,82
202205,전라남도,목포시,27,68
202205,전라남도,목포시,28,74
202205,전라남도,목포시,29,57
202205,전라남도,목포시,30,55
202205,전라남도,목포시,31,44
202205,전라남도,목포시,32,81
202205,전라남도,목포시,33,61
202205,전라남도,목포시,34,76
202205,전라남도,목포시,35,63
202205,전라남도,목포시,36,88
202205,전라남도,목포시,37,117
202205,전라남도,목포시,38,138
202205,전라남도,목포시,39,117
202205,전라남도,목포시,40,165
202205,전라남도,목포시,41,168
202205,전라남도,목포시,42,173
202205,전라남도,목포시,43,146
202205,전라남도,목포시,44,158
202205,전라남도,목포시,45,162
202205,전라남도,목포시,46,166
202205,전라남도,목포시,47,195
202205,전라남도,목포시,48,241
202205,전라남도,목포시,49,210
202205,전라남도,목포시,50,236
202205,전라남도,목포시,51,227
202205,전라남도,목포시,52,243
202205,전라남도,목포시,53,262
202205,전라남도,목포시,54,230
202205,전라남도,목포시,55,217
202205,전라남도,목포시,56,227
202205,전라남도,목포시,57,248
202205,전라남도,목포시,58,239
202205,전라남도,목포시,59,277
202205,전라남도,목포시,60,243
202205,전라남도,목포시,61,283
202205,전라남도,목포시,62,297
202205,전라남도,목포시,63,267
202205,전라남도,목포시,64,262
202205,전라남도,목포시,65,297
202205,전라남도,목포시,66,269
202205,전라남도,목포시,67,304
202205,전라남도,목포시,68,211
202205,전라남도,목포시,69,229
202205,전라남도,목포시,70,270
202205,전라남도,목포시,71,227
202205,전라남도,목포시,72,245
202205,전라남도,목포시,73,219
202205,전라남도,목포시,74,268
202205,전라남도,목포시,75,263
202205,전라남도,목포시,76,223
202205,전라남도,목포시,77,253
202205,전라남도,목포시,78,216
202205,전라남도,목포시,79,279
202205,전라남도,목포시,80,248
202205,전라남도,목포시,81,220
202205,전라남도,목포시,82,225
202205,전라남도,목포시,83,197
202205,전라남도,목포시,84,198
202205,전라남도,목포시,85,140
202205,전라남도,목포시,86,133
202205,전라남도,목포시,87,115
202205,전라남도,목포시,88,109
202205,전라남도,목포시,89,87
202205,전라남도,목포시,90,72
202205,전라남도,목포시,91,55
202205,전라남도,목포시,92,41
202205,전라남도,목포시,93,22
202205,전라남도,목포시,94,24
202205,전라남도,목포시,95,20
202205,전라남도,목포시,96,9
202205,전라남도,목포시,97,7
202205,전라남도,목포시,98,3
202205,전라남도,목포시,99,5
202205,전라남도,목포시,100,2
202205,전라남도,목포시,101,1
202205,전라남도,목포시,102,1
202205,전라남도,목포시,103,2
202205,전라남도,목포시,107,1
202205,전라남도,여수시,0,6
202205,전라남도,여수시,1,18
202205,전라남도,여수시,2,25
202205,전라남도,여수시,3,35
202205,전라남도,여수시,4,39
202205,전라남도,여수시,5,41
202205,전라남도,여수시,6,64
202205,전라남도,여수시,7,89
202205,전라남도,여수시,8,100
202205,전라남도,여수시,9,135
202205,전라남도,여수시,10,143
202205,전라남도,여수시,11,152
202205,전라남도,여수시,12,154
202205,전라남도,여수시,13,156
202205,전라남도,여수시,14,152
202205,전라남도,여수시,15,163
202205,전라남도,여수시,16,156
202205,전라남도,여수시,17,179
202205,전라남도,여수시,18,155
202205,전라남도,여수시,19,84
202205,전라남도,여수시,20,97
202205,전라남도,여수시,21,81
202205,전라남도,여수시,22,76
202205,전라남도,여수시,23,69
202205,전라남도,여수시,24,60
202205,전라남도,여수시,25,52
202205,전라남도,여수시,26,36
202205,전라남도,여수시,27,26
202205,전라남도,여수시,28,28
202205,전라남도,여수시,29,38
202205,전라남도,여수시,30,38
202205,전라남도,여수시,31,31
202205,전라남도,여수시,32,36
202205,전라남도,여수시,33,39
202205,전라남도,여수시,34,44
202205,전라남도,여수시,35,36
202205,전라남도,여수시,36,67
202205,전라남도,여수시,37,52
202205,전라남도,여수시,38,72
202205,전라남도,여수시,39,76
202205,전라남도,여수시,40,88
202205,전라남도,여수시,41,113
202205,전라남도,여수시,42,91
202205,전라남도,여수시,43,94
202205,전라남도,여수시,44,110
202205,전라남도,여수시,45,102
202205,전라남도,여수시,46,117
202205,전라남도,여수시,47,127
202205,전라남도,여수시,48,142
202205,전라남도,여수시,49,154
202205,전라남도,여수시,50,133
202205,전라남도,여수시,51,157
202205,전라남도,여수시,52,159
202205,전라남도,여수시,53,170
202205,전라남도,여수시,54,174
202205,전라남도,여수시,55,170
202205,전라남도,여수시,56,193
202205,전라남도,여수시,57,195
202205,전라남도,여수시,58,181
202205,전라남도,여수시,59,208
202205,전라남도,여수시,60,218
202205,전라남도,여수시,61,265
202205,전라남도,여수시,62,241
202205,전라남도,여수시,63,273
202205,전라남도,여수시,64,239
202205,전라남도,여수시,65,233
202205,전라남도,여수시,66,207
202205,전라남도,여수시,67,316
202205,전라남도,여수시,68,211
202205,전라남도,여수시,69,207
202205,전라남도,여수시,70,216
202205,전라남도,여수시,71,221
202205,전라남도,여수시,72,215
202205,전라남도,여수시,73,213
202205,전라남도,여수시,74,265
202205,전라남도,여수시,75,275
202205,전라남도,여수시,76,174
202205,전라남도,여수시,77,187
202205,전라남도,여수시,78,184
202205,전라남도,여수시,79,259
202205,전라남도,여수시,80,226
202205,전라남도,여수시,81,230
202205,전라남도,여수시,82,234
202205,전라남도,여수시,83,220
202205,전라남도,여수시,84,170
202205,전라남도,여수시,85,165
202205,전라남도,여수시,86,128
202205,전라남도,여수시,87,102
202205,전라남도,여수시,88,114
202205,전라남도,여수시,89,98
202205,전라남도,여수시,90,71
202205,전라남도,여수시,91,62
202205,전라남도,여수시,92,59
202205,전라남도,여수시,93,46
202205,전라남도,여수시,94,29
202205,전라남도,여수시,95,19
202205,전라남도,여수시,96,14
202205,전라남도,여수시,97,12
202205,전라남도,여수시,98,14
202205,전라남도,여수시,99,8
202205,전라남도,여수시,100,7
202205,전라남도,여수시,101,1
202205,전라남도,여수시,102,1
202205,전라남도,여수시,103,2
202205,전라남도,여수시,104,1
202205,전라남도,여수시,106,1
202205,전라남도,순천시,0,18
202205,전라남도,순천시,1,23
202205,전라남도,순천시,2,27
202205,전라남도,순천시,3,29
202205,전라남도,순천시,4,37
202205,전라남도,순천시,5,53
202205,전라남도,순천시,6,79
202205,전라남도,순천시,7,88
202205,전라남도,순천시,8,75
202205,전라남도,순천시,9,130
202205,전라남도,순천시,10,111
202205,전라남도,순천시,11,130
202205,전라남도,순천시,12,143
202205,전라남도,순천시,13,153
202205,전라남도,순천시,14,151
202205,전라남도,순천시,15,137
202205,전라남도,순천시,16,149
202205,전라남도,순천시,17,144
202205,전라남도,순천시,18,136
202205,전라남도,순천시,19,101
202205,전라남도,순천시,20,91
202205,전라남도,순천시,21,95
202205,전라남도,순천시,22,111
202205,전라남도,순천시,23,68
202205,전라남도,순천시,24,84
202205,전라남도,순천시,25,54
202205,전라남도,순천시,26,47
202205,전라남도,순천시,27,32
202205,전라남도,순천시,28,27
202205,전라남도,순천시,29,40
202205,전라남도,순천시,30,36
202205,전라남도,순천시,31,31
202205,전라남도,순천시,32,43
202205,전라남도,순천시,33,35
202205,전라남도,순천시,34,34
202205,전라남도,순천시,35,55
202205,전라남도,순천시,36,59
202205,전라남도,순천시,37,51
202205,전라남도,순천시,38,65
202205,전라남도,순천시,39,77
202205,전라남도,순천시,40,82
202205,전라남도,순천시,41,103
202205,전라남도,순천시,42,62
202205,전라남도,순천시,43,89
202205,전라남도,순천시,44,74
202205,전라남도,순천시,45,116
202205,전라남도,순천시,46,100
202205,전라남도,순천시,47,108
202205,전라남도,순천시,48,118
202205,전라남도,순천시,49,145
202205,전라남도,순천시,50,126
202205,전라남도,순천시,51,148
202205,전라남도,순천시,52,159
202205,전라남도,순천시,53,165
202205,전라남도,순천시,54,145
202205,전라남도,순천시,55,168
202205,전라남도,순천시,56,161
202205,전라남도,순천시,57,142
202205,전라남도,순천시,58,162
202205,전라남도,순천시,59,197
202205,전라남도,순천시,60,190
202205,전라남도,순천시,61,206
202205,전라남도,순천시,62,207
202205,전라남도,순천시,63,191
202205,전라남도,순천시,64,182
202205,전라남도,순천시,65,170
202205,전라남도,순천시,66,189
202205,전라남도,순천시,67,225
202205,전라남도,순천시,68,168
202205,전라남도,순천시,69,163
202205,전라남도,순천시,70,186
202205,전라남도,순천시,71,157
202205,전라남도,순천시,72,166
202205,전라남도,순천시,73,164
202205,전라남도,순천시,74,138
202205,전라남도,순천시,75,145
202205,전라남도,순천시,76,107
202205,전라남도,순천시,77,106
202205,전라남도,순천시,78,118
202205,전라남도,순천시,79,173
202205,전라남도,순천시,80,163
202205,전라남도,순천시,81,116
202205,전라남도,순천시,82,160
202205,전라남도,순천시,83,158
202205,전라남도,순천시,84,147
202205,전라남도,순천시,85,122
202205,전라남도,순천시,86,133
202205,전라남도,순천시,87,118
202205,전라남도,순천시,88,88
202205,전라남도,순천시,89,81
202205,전라남도,순천시,90,71
202205,전라남도,순천시,91,79
202205,전라남도,순천시,92,73
202205,전라남도,순천시,93,37
202205,전라남도,순천시,94,33
202205,전라남도,순천시,95,23
202205,전라남도,순천시,96,14
202205,전라남도,순천시,97,13
202205,전라남도,순천시,98,7
202205,전라남도,순천시,99,10
202205,전라남도,순천시,100,5
202205,전라남도,순천시,101,1
202205,전라남도,순천시,102,2
202205,전라남도,순천시,103,1
202205,전라남도,순천시,107,1
202205,전라남도,나주시,0,13
202205,전라남도,나주시,1,19
202205,전라남도,나주시,2,18
202205,전라남도,나주시,3,17
202205,전라남도,나주시,4,32
202205,전라남도,나주시,5,38
202205,전라남도,나주시,6,51
202205,전라남도,나주시,7,59
202205,전라남도,나주시,8,77
202205,전라남도,나주시,9,83
202205,전라남도,나주시,10,95
202205,전라남도,나주시,11,95
202205,전라남도,나주시,12,75
202205,전라남도,나주시,13,72
202205,전라남도,나주시,14,99
202205,전라남도,나주시,15,93
202205,전라남도,나주시,16,87
202205,전라남도,나주시,17,84
202205,전라남도,나주시,18,77
202205,전라남도,나주시,19,54
202205,전라남도,나주시,20,36
202205,전라남도,나주시,21,46
202205,전라남도,나주시,22,39
202205,전라남도,나주시,23,31
202205,전라남도,나주시,24,23
202205,전라남도,나주시,25,20
202205,전라남도,나주시,26,16
202205,전라남도,나주시,27,9
202205,전라남도,나주시,28,19
202205,전라남도,나주시,29,14
202205,전라남도,나주시,30,11
202205,전라남도,나주시,31,17
202205,전라남도,나주시,32,20
202205,전라남도,나주시,33,22
202205,전라남도,나주시,34,23
202205,전라남도,나주시,35,28
202205,전라남도,나주시,36,28
202205,전라남도,나주시,37,27
202205,전라남도,나주시,38,30
202205,전라남도,나주시,39,47
202205,전라남도,나주시,40,36
202205,전라남도,나주시,41,60
202205,전라남도,나주시,42,53
202205,전라남도,나주시,43,46
202205,전라남도,나주시,44,45
202205,전라남도,나주시,45,60
202205,전라남도,나주시,46,57
202205,전라남도,나주시,47,60
202205,전라남도,나주시,48,61
202205,전라남도,나주시,49,68
202205,전라남도,나주시,50,58
202205,전라남도,나주시,51,70
202205,전라남도,나주시,52,74
202205,전라남도,나주시,53,78
202205,전라남도,나주시,54,71
202205,전라남도,나주시,55,75
202205,전라남도,나주시,56,87
202205,전라남도,나주시,57,123
202205,전라남도,나주시,58,96
202205,전라남도,나주시,59,92
202205,전라남도,나주시,60,91
202205,전라남도,나주시,61,122
202205,전라남도,나주시,62,94
202205,전라남도,나주시,63,88
202205,전라남도,나주시,64,105
202205,전라남도,나주시,65,74
202205,전라남도,나주시,66,94
202205,전라남도,나주시,67,119
202205,전라남도,나주시,68,111
202205,전라남도,나주시,69,70
202205,전라남도,나주시,70,82
202205,전라남도,나주시,71,82
202205,전라남도,나주시,72,93
202205,전라남도,나주시,73,73
202205,전라남도,나주시,74,97
202205,전라남도,나주시,75,109
202205,전라남도,나주시,76,77
202205,전라남도,나주시,77,96
202205,전라남도,나주시,78,95
202205,전라남도,나주시,79,132
202205,전라남도,나주시,80,128
202205,전라남도,나주시,81,94
202205,전라남도,나주시,82,111
202205,전라남도,나주시,83,104
202205,전라남도,나주시,84,113
202205,전라남도,나주시,85,95
202205,전라남도,나주시,86,88
202205,전라남도,나주시,87,76
202205,전라남도,나주시,88,69
202205,전라남도,나주시,89,46
202205,전라남도,나주시,90,57
202205,전라남도,나주시,91,50
202205,전라남도,나주시,92,43
202205,전라남도,나주시,93,28
202205,전라남도,나주시,94,15
202205,전라남도,나주시,95,16
202205,전라남도,나주시,96,5
202205,전라남도,나주시,97,3
202205,전라남도,나주시,98,4
202205,전라남도,나주시,99,3
202205,전라남도,나주시,100,3
202205,전라남도,나주시,101,4
202205,전라남도,나주시,104,1
202205,전라남도,나주시,108,1
202205,전라남도,나주시,120,1
202205,전라남도,광양시,0,7
202205,전라남도,광양시,1,15
202205,전라남도,광양시,2,13
202205,전라남도,광양시,3,18
202205,전라남도,광양시,4,35
202205,전라남도,광양시,5,35
202205,전라남도,광양시,6,48
202205,전라남도,광양시,7,69
202205,전라남도,광양시,8,70
202205,전라남도,광양시,9,77
202205,전라남도,광양시,10,65
202205,전라남도,광양시,11,107
202205,전라남도,광양시,12,78
202205,전라남도,광양시,13,97
202205,전라남도,광양시,14,99
202205,전라남도,광양시,15,102
202205,전라남도,광양시,16,102
202205,전라남도,광양시,17,100
202205,전라남도,광양시,18,79
202205,전라남도,광양시,19,63
202205,전라남도,광양시,20,57
202205,전라남도,광양시,21,47
202205,전라남도,광양시,22,43
202205,전라남도,광양시,23,37
202205,전라남도,광양시,24,30
202205,전라남도,광양시,25,22
202205,전라남도,광양시,26,15
202205,전라남도,광양시,27,18
202205,전라남도,광양시,28,14
202205,전라남도,광양시,29,15
202205,전라남도,광양시,30,24
202205,전라남도,광양시,31,14
202205,전라남도,광양시,32,12
202205,전라남도,광양시,33,26
202205,전라남도,광양시,34,24
202205,전라남도,광양시,35,27
202205,전라남도,광양시,36,28
202205,전라남도,광양시,37,34
202205,전라남도,광양시,38,38
202205,전라남도,광양시,39,42
202205,전라남도,광양시,40,55
202205,전라남도,광양시,41,53
202205,전라남도,광양시,42,70
202205,전라남도,광양시,43,64
202205,전라남도,광양시,44,48
202205,전라남도,광양시,45,44
202205,전라남도,광양시,46,68
202205,전라남도,광양시,47,61
202205,전라남도,광양시,48,65
202205,전라남도,광양시,49,61
202205,전라남도,광양시,50,63
202205,전라남도,광양시,51,77
202205,전라남도,광양시,52,63
202205,전라남도,광양시,53,88
202205,전라남도,광양시,54,69
202205,전라남도,광양시,55,72
202205,전라남도,광양시,56,76
202205,전라남도,광양시,57,55
202205,전라남도,광양시,58,69
202205,전라남도,광양시,59,77
202205,전라남도,광양시,60,78
202205,전라남도,광양시,61,89
202205,전라남도,광양시,62,96
202205,전라남도,광양시,63,63
202205,전라남도,광양시,64,76
202205,전라남도,광양시,65,80
202205,전라남도,광양시,66,82
202205,전라남도,광양시,67,86
202205,전라남도,광양시,68,74
202205,전라남도,광양시,69,74
202205,전라남도,광양시,70,69
202205,전라남도,광양시,71,55
202205,전라남도,광양시,72,69
202205,전라남도,광양시,73,62
202205,전라남도,광양시,74,60
202205,전라남도,광양시,75,62
202205,전라남도,광양시,76,57
202205,전라남도,광양시,77,65
202205,전라남도,광양시,78,50
202205,전라남도,광양시,79,70
202205,전라남도,광양시,80,74
202205,전라남도,광양시,81,53
202205,전라남도,광양시,82,69
202205,전라남도,광양시,83,60
202205,전라남도,광양시,84,58
202205,전라남도,광양시,85,56
202205,전라남도,광양시,86,66
202205,전라남도,광양시,87,59
202205,전라남도,광양시,88,31
202205,전라남도,광양시,89,46
202205,전라남도,광양시,90,30
202205,전라남도,광양시,91,30
202205,전라남도,광양시,92,25
202205,전라남도,광양시,93,16
202205,전라남도,광양시,94,9
202205,전라남도,광양시,95,13
202205,전라남도,광양시,96,7
202205,전라남도,광양시,97,2
202205,전라남도,광양시,98,6
202205,전라남도,광양시,99,6
202205,전라남도,광양시,100,2
202205,전라남도,광양시,101,2
202205,전라남도,담양군,0,2
202205,전라남도,담양군,1,3
202205,전라남도,담양군,2,3
202205,전라남도,담양군,3,6
202205,전라남도,담양군,4,6
202205,전라남도,담양군,5,12
202205,전라남도,담양군,6,7
202205,전라남도,담양군,7,15
202205,전라남도,담양군,8,17
202205,전라남도,담양군,9,19
202205,전라남도,담양군,10,25
202205,전라남도,담양군,11,30
202205,전라남도,담양군,12,22
202205,전라남도,담양군,13,23
202205,전라남도,담양군,14,24
202205,전라남도,담양군,15,22
202205,전라남도,담양군,16,20
202205,전라남도,담양군,17,34
202205,전라남도,담양군,18,20
202205,전라남도,담양군,19,16
202205,전라남도,담양군,20,9
202205,전라남도,담양군,21,14
202205,전라남도,담양군,22,13
202205,전라남도,담양군,23,18
202205,전라남도,담양군,24,9
202205,전라남도,담양군,25,9
202205,전라남도,담양군,26,7
202205,전라남도,담양군,27,4
202205,전라남도,담양군,28,6
202205,전라남도,담양군,29,6
202205,전라남도,담양군,30,6
202205,전라남도,담양군,31,7
202205,전라남도,담양군,32,2
202205,전라남도,담양군,33,9
202205,전라남도,담양군,34,6
202205,전라남도,담양군,35,19
202205,전라남도,담양군,36,8
202205,전라남도,담양군,37,6
202205,전라남도,담양군,38,16
202205,전라남도,담양군,39,15
202205,전라남도,담양군,40,15
202205,전라남도,담양군,41,7
202205,전라남도,담양군,42,12
202205,전라남도,담양군,43,11
202205,전라남도,담양군,44,24
202205,전라남도,담양군,45,11
202205,전라남도,담양군,46,24
202205,전라남도,담양군,47,24
202205,전라남도,담양군,48,23
202205,전라남도,담양군,49,20
202205,전라남도,담양군,50,35
202205,전라남도,담양군,51,28
202205,전라남도,담양군,52,18
202205,전라남도,담양군,53,35
202205,전라남도,담양군,54,25
202205,전라남도,담양군,55,23
202205,전라남도,담양군,56,38
202205,전라남도,담양군,57,22
202205,전라남도,담양군,58,37
202205,전라남도,담양군,59,35
202205,전라남도,담양군,60,32
202205,전라남도,담양군,61,42
202205,전라남도,담양군,62,42
202205,전라남도,담양군,63,41
202205,전라남도,담양군,64,35
202205,전라남도,담양군,65,36
202205,전라남도,담양군,66,40
202205,전라남도,담양군,67,37
202205,전라남도,담양군,68,34
202205,전라남도,담양군,69,32
202205,전라남도,담양군,70,37
202205,전라남도,담양군,71,36
202205,전라남도,담양군,72,35
202205,전라남도,담양군,73,40
202205,전라남도,담양군,74,33
202205,전라남도,담양군,75,39
202205,전라남도,담양군,76,36
202205,전라남도,담양군,77,36
202205,전라남도,담양군,78,35
202205,전라남도,담양군,79,53
202205,전라남도,담양군,80,64
202205,전라남도,담양군,81,46
202205,전라남도,담양군,82,43
202205,전라남도,담양군,83,58
202205,전라남도,담양군,84,49
202205,전라남도,담양군,85,43
202205,전라남도,담양군,86,46
202205,전라남도,담양군,87,42
202205,전라남도,담양군,88,33
202205,전라남도,담양군,89,40
202205,전라남도,담양군,90,31
202205,전라남도,담양군,91,19
202205,전라남도,담양군,92,26
202205,전라남도,담양군,93,19
202205,전라남도,담양군,94,5
202205,전라남도,담양군,95,11
202205,전라남도,담양군,96,4
202205,전라남도,담양군,97,3
202205,전라남도,담양군,98,2
202205,전라남도,담양군,100,2
202205,전라남도,담양군,101,3
202205,전라남도,담양군,103,1
202205,전라남도,담양군,105,2
202205,전라남도,곡성군,1,1
202205,전라남도,곡성군,3,1
202205,전라남도,곡성군,4,2
202205,전라남도,곡성군,5,6
202205,전라남도,곡성군,6,1
202205,전라남도,곡성군,7,10
202205,전라남도,곡성군,8,7
202205,전라남도,곡성군,9,16
202205,전라남도,곡성군,10,8
202205,전라남도,곡성군,11,13
202205,전라남도,곡성군,12,9
202205,전라남도,곡성군,13,8
202205,전라남도,곡성군,14,14
202205,전라남도,곡성군,15,11
202205,전라남도,곡성군,16,19
202205,전라남도,곡성군,17,18
202205,전라남도,곡성군,18,18
202205,전라남도,곡성군,19,19
202205,전라남도,곡성군,20,16
202205,전라남도,곡성군,21,16
202205,전라남도,곡성군,22,6
202205,전라남도,곡성군,23,9
202205,전라남도,곡성군,24,2
202205,전라남도,곡성군,25,4
202205,전라남도,곡성군,26,6
202205,전라남도,곡성군,27,3
202205,전라남도,곡성군,28,1
202205,전라남도,곡성군,29,2
202205,전라남도,곡성군,30,1
202205,전라남도,곡성군,31,4
202205,전라남도,곡성군,32,7
202205,전라남도,곡성군,33,4
202205,전라남도,곡성군,34,6
202205,전라남도,곡성군,35,4
202205,전라남도,곡성군,36,2
202205,전라남도,곡성군,37,5
202205,전라남도,곡성군,38,3
202205,전라남도,곡성군,39,6
202205,전라남도,곡성군,40,12
202205,전라남도,곡성군,41,9
202205,전라남도,곡성군,42,5
202205,전라남도,곡성군,43,7
202205,전라남도,곡성군,44,10
202205,전라남도,곡성군,45,10
202205,전라남도,곡성군,46,17
202205,전라남도,곡성군,47,15
202205,전라남도,곡성군,48,17
202205,전라남도,곡성군,49,27
202205,전라남도,곡성군,50,21
202205,전라남도,곡성군,51,15
202205,전라남도,곡성군,52,14
202205,전라남도,곡성군,53,23
202205,전라남도,곡성군,54,21
202205,전라남도,곡성군,55,28
202205,전라남도,곡성군,56,30
202205,전라남도,곡성군,57,27
202205,전라남도,곡성군,58,26
202205,전라남도,곡성군,59,27
202205,전라남도,곡성군,60,30
202205,전라남도,곡성군,61,30
202205,전라남도,곡성군,62,25
202205,전라남도,곡성군,63,29
202205,전라남도,곡성군,64,33
202205,전라남도,곡성군,65,24
202205,전라남도,곡성군,66,30
202205,전라남도,곡성군,67,32
202205,전라남도,곡성군,68,22
202205,전라남도,곡성군,69,24
202205,전라남도,곡성군,70,28
202205,전라남도,곡성군,71,24
202205,전라남도,곡성군,72,21
202205,전라남도,곡성군,73,29
202205,전라남도,곡성군,74,24
202205,전라남도,곡성군,75,28
202205,전라남도,곡성군,76,23
202205,전라남도,곡성군,77,30
202205,전라남도,곡성군,78,33
202205,전라남도,곡성군,79,36
202205,전라남도,곡성군,80,40
202205,전라남도,곡성군,81,40
202205,전라남도,곡성군,82,47
202205,전라남도,곡성군,83,48
202205,전라남도,곡성군,84,39
202205,전라남도,곡성군,85,54
202205,전라남도,곡성군,86,38
202205,전라남도,곡성군,87,42
202205,전라남도,곡성군,88,33
202205,전라남도,곡성군,89,22
202205,전라남도,곡성군,90,22
202205,전라남도,곡성군,91,24
202205,전라남도,곡성군,92,19
202205,전라남도,곡성군,93,19
202205,전라남도,곡성군,94,8
202205,전라남도,곡성군,95,7
202205,전라남도,곡성군,96,7
202205,전라남도,곡성군,97,3
202205,전라남도,곡성군,98,5
202205,전라남도,곡성군,99,2
202205,전라남도,곡성군,100,2
202205,전라남도,곡성군,101,1
202205,전라남도,곡성군,107,1
202205,전라남도,구례군,3,1
202205,전라남도,구례군,4,2
202205,전라남도,구례군,5,4
202205,전라남도,구례군,6,7
202205,전라남도,구례군,7,4
202205,전라남도,구례군,8,9
202205,전라남도,구례군,9,17
202205,전라남도,구례군,10,8
202205,전라남도,구례군,11,22
202205,전라남도,구례군,12,10
202205,전라남도,구례군,13,15
202205,전라남도,구례군,14,12
202205,전라남도,구례군,15,15
202205,전라남도,구례군,16,16
202205,전라남도,구례군,17,19
202205,전라남도,구례군,18,13
202205,전라남도,구례군,19,9
202205,전라남도,구례군,20,14
202205,전라남도,구례군,21,7
202205,전라남도,구례군,22,11
202205,전라남도,구례군,23,4
202205,전라남도,구례군,24,5
202205,전라남도,구례군,25,6
202205,전라남도,구례군,26,3
202205,전라남도,구례군,27,1
202205,전라남도,구례군,28,2
202205,전라남도,구례군,29,3
202205,전라남도,구례군,30,1
202205,전라남도,구례군,31,3
202205,전라남도,구례군,32,2
202205,전라남도,구례군,33,3
202205,전라남도,구례군,34,3
202205,전라남도,구례군,35,1
202205,전라남도,구례군,36,1
202205,전라남도,구례군,37,3
202205,전라남도,구례군,38,3
202205,전라남도,구례군,39,10
202205,전라남도,구례군,40,8
202205,전라남도,구례군,41,7
202205,전라남도,구례군,42,12
202205,전라남도,구례군,43,10
202205,전라남도,구례군,44,17
202205,전라남도,구례군,45,13
202205,전라남도,구례군,46,7
202205,전라남도,구례군,47,24
202205,전라남도,구례군,48,20
202205,전라남도,구례군,49,19
202205,전라남도,구례군,50,13
202205,전라남도,구례군,51,16
202205,전라남도,구례군,52,27
202205,전라남도,구례군,53,31
202205,전라남도,구례군,54,12
202205,전라남도,구례군,55,15
202205,전라남도,구례군,56,23
202205,전라남도,구례군,57,24
202205,전라남도,구례군,58,22
202205,전라남도,구례군,59,28
202205,전라남도,구례군,60,19
202205,전라남도,구례군,61,35
202205,전라남도,구례군,62,34
202205,전라남도,구례군,63,42
202205,전라남도,구례군,64,24
202205,전라남도,구례군,65,26
202205,전라남도,구례군,66,25
202205,전라남도,구례군,67,32
202205,전라남도,구례군,68,33
202205,전라남도,구례군,69,34
202205,전라남도,구례군,70,25
202205,전라남도,구례군,71,24
202205,전라남도,구례군,72,33
202205,전라남도,구례군,73,24
202205,전라남도,구례군,74,28
202205,전라남도,구례군,75,29
202205,전라남도,구례군,76,23
202205,전라남도,구례군,77,23
202205,전라남도,구례군,78,32
202205,전라남도,구례군,79,37
202205,전라남도,구례군,80,40
202205,전라남도,구례군,81,32
202205,전라남도,구례군,82,36
202205,전라남도,구례군,83,31
202205,전라남도,구례군,84,29
202205,전라남도,구례군,85,31
202205,전라남도,구례군,86,25
202205,전라남도,구례군,87,30
202205,전라남도,구례군,88,25
202205,전라남도,구례군,89,12
202205,전라남도,구례군,90,19
202205,전라남도,구례군,91,13
202205,전라남도,구례군,92,13
202205,전라남도,구례군,93,3
202205,전라남도,구례군,94,5
202205,전라남도,구례군,95,6
202205,전라남도,구례군,96,3
202205,전라남도,구례군,97,2
202205,전라남도,구례군,98,5
202205,전라남도,구례군,99,2
202205,전라남도,구례군,100,1
202205,전라남도,구례군,101,2
202205,전라남도,고흥군,0,4
202205,전라남도,고흥군,1,1
202205,전라남도,고흥군,2,6
202205,전라남도,고흥군,3,7
202205,전라남도,고흥군,4,4
202205,전라남도,고흥군,5,12
202205,전라남도,고흥군,6,17
202205,전라남도,고흥군,7,20
202205,전라남도,고흥군,8,29
202205,전라남도,고흥군,9,33
202205,전라남도,고흥군,10,30
202205,전라남도,고흥군,11,39
202205,전라남도,고흥군,12,37
202205,전라남도,고흥군,13,49
202205,전라남도,고흥군,14,55
202205,전라남도,고흥군,15,49
202205,전라남도,고흥군,16,33
202205,전라남도,고흥군,17,50
202205,전라남도,고흥군,18,32
202205,전라남도,고흥군,19,23
202205,전라남도,고흥군,20,13
202205,전라남도,고흥군,21,19
202205,전라남도,고흥군,22,24
202205,전라남도,고흥군,23,8
202205,전라남도,고흥군,24,6
202205,전라남도,고흥군,25,8
202205,전라남도,고흥군,26,11
202205,전라남도,고흥군,27,8
202205,전라남도,고흥군,28,10
202205,전라남도,고흥군,29,5
202205,전라남도,고흥군,30,8
202205,전라남도,고흥군,31,7
202205,전라남도,고흥군,32,5
202205,전라남도,고흥군,33,11
202205,전라남도,고흥군,34,16
202205,전라남도,고흥군,35,12
202205,전라남도,고흥군,36,11
202205,전라남도,고흥군,37,18
202205,전라남도,고흥군,38,15
202205,전라남도,고흥군,39,18
202205,전라남도,고흥군,40,23
202205,전라남도,고흥군,41,21
202205,전라남도,고흥군,42,23
202205,전라남도,고흥군,43,22
202205,전라남도,고흥군,44,32
202205,전라남도,고흥군,45,39
202205,전라남도,고흥군,46,30
202205,전라남도,고흥군,47,42
202205,전라남도,고흥군,48,38
202205,전라남도,고흥군,49,36
202205,전라남도,고흥군,50,46
202205,전라남도,고흥군,51,52
202205,전라남도,고흥군,52,58
202205,전라남도,고흥군,53,72
202205,전라남도,고흥군,54,64
202205,전라남도,고흥군,55,60
202205,전라남도,고흥군,56,58
202205,전라남도,고흥군,57,54
202205,전라남도,고흥군,58,61
202205,전라남도,고흥군,59,75
202205,전라남도,고흥군,60,91
202205,전라남도,고흥군,61,94
202205,전라남도,고흥군,62,94
202205,전라남도,고흥군,63,84
202205,전라남도,고흥군,64,78
202205,전라남도,고흥군,65,72
202205,전라남도,고흥군,66,71
202205,전라남도,고흥군,67,103
202205,전라남도,고흥군,68,63
202205,전라남도,고흥군,69,64
202205,전라남도,고흥군,70,78
202205,전라남도,고흥군,71,84
202205,전라남도,고흥군,72,92
202205,전라남도,고흥군,73,85
202205,전라남도,고흥군,74,105
202205,전라남도,고흥군,75,107
202205,전라남도,고흥군,76,68
202205,전라남도,고흥군,77,80
202205,전라남도,고흥군,78,77
202205,전라남도,고흥군,79,146
202205,전라남도,고흥군,80,110
202205,전라남도,고흥군,81,103
202205,전라남도,고흥군,82,112
202205,전라남도,고흥군,83,127
202205,전라남도,고흥군,84,124
202205,전라남도,고흥군,85,132
202205,전라남도,고흥군,86,101
202205,전라남도,고흥군,87,101
202205,전라남도,고흥군,88,74
202205,전라남도,고흥군,89,84
202205,전라남도,고흥군,90,57
202205,전라남도,고흥군,91,53
202205,전라남도,고흥군,92,51
202205,전라남도,고흥군,93,43
202205,전라남도,고흥군,94,25
202205,전라남도,고흥군,95,14
202205,전라남도,고흥군,96,8
202205,전라남도,고흥군,97,10
202205,전라남도,고흥군,98,7
202205,전라남도,고흥군,99,5
202205,전라남도,고흥군,100,2
202205,전라남도,고흥군,101,2
202205,전라남도,고흥군,106,2
202205,전라남도,고흥군,108,1
202205,전라남도,보성군,0,2
202205,전라남도,보성군,1,3
202205,전라남도,보성군,2,5
202205,전라남도,보성군,3,6
202205,전라남도,보성군,4,4
202205,전라남도,보성군,5,7
202205,전라남도,보성군,6,15
202205,전라남도,보성군,7,13
202205,전라남도,보성군,8,24
202205,전라남도,보성군,9,22
202205,전라남도,보성군,10,33
202205,전라남도,보성군,11,33
202205,전라남도,보성군,12,24
202205,전라남도,보성군,13,25
202205,전라남도,보성군,14,24
202205,전라남도,보성군,15,40
202205,전라남도,보성군,16,19
202205,전라남도,보성군,17,30
202205,전라남도,보성군,18,23
202205,전라남도,보성군,19,19
202205,전라남도,보성군,20,18
202205,전라남도,보성군,21,11
202205,전라남도,보성군,22,21
202205,전라남도,보성군,23,11
202205,전라남도,보성군,24,9
202205,전라남도,보성군,25,11
202205,전라남도,보성군,26,8
202205,전라남도,보성군,27,6
202205,전라남도,보성군,28,3
202205,전라남도,보성군,29,6
202205,전라남도,보성군,30,7
202205,전라남도,보성군,31,4
202205,전라남도,보성군,32,6
202205,전라남도,보성군,33,5
202205,전라남도,보성군,34,5
202205,전라남도,보성군,35,10
202205,전라남도,보성군,36,9
202205,전라남도,보성군,37,11
202205,전라남도,보성군,38,15
202205,전라남도,보성군,39,13
202205,전라남도,보성군,40,13
202205,전라남도,보성군,41,19
202205,전라남도,보성군,42,19
202205,전라남도,보성군,43,15
202205,전라남도,보성군,44,26
202205,전라남도,보성군,45,14
202205,전라남도,보성군,46,40
202205,전라남도,보성군,47,21
202205,전라남도,보성군,48,23
202205,전라남도,보성군,49,27
202205,전라남도,보성군,50,31
202205,전라남도,보성군,51,30
202205,전라남도,보성군,52,32
202205,전라남도,보성군,53,34
202205,전라남도,보성군,54,34
202205,전라남도,보성군,55,36
202205,전라남도,보성군,56,54
202205,전라남도,보성군,57,51
202205,전라남도,보성군,58,38
202205,전라남도,보성군,59,56
202205,전라남도,보성군,60,37
202205,전라남도,보성군,61,48
202205,전라남도,보성군,62,62
202205,전라남도,보성군,63,55
202205,전라남도,보성군,64,43
202205,전라남도,보성군,65,51
202205,전라남도,보성군,66,41
202205,전라남도,보성군,67,67
202205,전라남도,보성군,68,43
202205,전라남도,보성군,69,47
202205,전라남도,보성군,70,33
202205,전라남도,보성군,71,35
202205,전라남도,보성군,72,44
202205,전라남도,보성군,73,50
202205,전라남도,보성군,74,43
202205,전라남도,보성군,75,38
202205,전라남도,보성군,76,35
202205,전라남도,보성군,77,49
202205,전라남도,보성군,78,37
202205,전라남도,보성군,79,57
202205,전라남도,보성군,80,52
202205,전라남도,보성군,81,52
202205,전라남도,보성군,82,43
202205,전라남도,보성군,83,67
202205,전라남도,보성군,84,60
202205,전라남도,보성군,85,57
202205,전라남도,보성군,86,44
202205,전라남도,보성군,87,36
202205,전라남도,보성군,88,41
202205,전라남도,보성군,89,43
202205,전라남도,보성군,90,42
202205,전라남도,보성군,91,26
202205,전라남도,보성군,92,29
202205,전라남도,보성군,93,15
202205,전라남도,보성군,94,13
202205,전라남도,보성군,95,8
202205,전라남도,보성군,96,8
202205,전라남도,보성군,97,2
202205,전라남도,보성군,98,3
202205,전라남도,보성군,99,4
202205,전라남도,보성군,100,1
202205,전라남도,보성군,101,3
202205,전라남도,보성군,104,1
202205,전라남도,보성군,105,1
202205,전라남도,화순군,0,2
202205,전라남도,화순군,1,8
202205,전라남도,화순군,2,2
202205,전라남도,화순군,3,5
202205,전라남도,화순군,4,7
202205,전라남도,화순군,5,11
202205,전라남도,화순군,6,20
202205,전라남도,화순군,7,11
202205,전라남도,화순군,8,25
202205,전라남도,화순군,9,31
202205,전라남도,화순군,10,35
202205,전라남도,화순군,11,35
202205,전라남도,화순군,12,36
202205,전라남도,화순군,13,32
202205,전라남도,화순군,14,33
202205,전라남도,화순군,15,46
202205,전라남도,화순군,16,43
202205,전라남도,화순군,17,43
202205,전라남도,화순군,18,42
202205,전라남도,화순군,19,24
202205,전라남도,화순군,20,31
202205,전라남도,화순군,21,29
202205,전라남도,화순군,22,29
202205,전라남도,화순군,23,21
202205,전라남도,화순군,24,18
202205,전라남도,화순군,25,8
202205,전라남도,화순군,26,5
202205,전라남도,화순군,27,8
202205,전라남도,화순군,28,6
202205,전라남도,화순군,29,7
202205,전라남도,화순군,30,5
202205,전라남도,화순군,31,13
202205,전라남도,화순군,32,10
202205,전라남도,화순군,33,10
202205,전라남도,화순군,34,5
202205,전라남도,화순군,35,9
202205,전라남도,화순군,36,12
202205,전라남도,화순군,37,11
202205,전라남도,화순군,38,24
202205,전라남도,화순군,39,15
202205,전라남도,화순군,40,18
202205,전라남도,화순군,41,21
202205,전라남도,화순군,42,23
202205,전라남도,화순군,43,28
202205,전라남도,화순군,44,26
202205,전라남도,화순군,45,26
202205,전라남도,화순군,46,28
202205,전라남도,화순군,47,32
202205,전라남도,화순군,48,40
202205,전라남도,화순군,49,44
202205,전라남도,화순군,50,37
202205,전라남도,화순군,51,49
202205,전라남도,화순군,52,52
202205,전라남도,화순군,53,53
202205,전라남도,화순군,54,47
202205,전라남도,화순군,55,50
202205,전라남도,화순군,56,65
202205,전라남도,화순군,57,53
202205,전라남도,화순군,58,56
202205,전라남도,화순군,59,49
202205,전라남도,화순군,60,53
202205,전라남도,화순군,61,60
202205,전라남도,화순군,62,52
202205,전라남도,화순군,63,42
202205,전라남도,화순군,64,40
202205,전라남도,화순군,65,29
202205,전라남도,화순군,66,42
202205,전라남도,화순군,67,51
202205,전라남도,화순군,68,44
202205,전라남도,화순군,69,44
202205,전라남도,화순군,70,46
202205,전라남도,화순군,71,45
202205,전라남도,화순군,72,44
202205,전라남도,화순군,73,45
202205,전라남도,화순군,74,56
202205,전라남도,화순군,75,45
202205,전라남도,화순군,76,37
202205,전라남도,화순군,77,51
202205,전라남도,화순군,78,51
202205,전라남도,화순군,79,71
202205,전라남도,화순군,80,85
202205,전라남도,화순군,81,75
202205,전라남도,화순군,82,69
202205,전라남도,화순군,83,65
202205,전라남도,화순군,84,60
202205,전라남도,화순군,85,64
202205,전라남도,화순군,86,61
202205,전라남도,화순군,87,67
202205,전라남도,화순군,88,51
202205,전라남도,화순군,89,35
202205,전라남도,화순군,90,42
202205,전라남도,화순군,91,24
202205,전라남도,화순군,92,24
202205,전라남도,화순군,93,18
202205,전라남도,화순군,94,13
202205,전라남도,화순군,95,10
202205,전라남도,화순군,96,11
202205,전라남도,화순군,97,1
202205,전라남도,화순군,98,5
202205,전라남도,화순군,99,1
202205,전라남도,화순군,100,1
202205,전라남도,화순군,101,1
202205,전라남도,장흥군,0,3
202205,전라남도,장흥군,1,5
202205,전라남도,장흥군,2,4
202205,전라남도,장흥군,3,12
202205,전라남도,장흥군,4,7
202205,전라남도,장흥군,5,6
202205,전라남도,장흥군,6,16
202205,전라남도,장흥군,7,20
202205,전라남도,장흥군,8,21
202205,전라남도,장흥군,9,31
202205,전라남도,장흥군,10,27
202205,전라남도,장흥군,11,32
202205,전라남도,장흥군,12,30
202205,전라남도,장흥군,13,20
202205,전라남도,장흥군,14,43
202205,전라남도,장흥군,15,43
202205,전라남도,장흥군,16,35
202205,전라남도,장흥군,17,22
202205,전라남도,장흥군,18,37
202205,전라남도,장흥군,19,23
202205,전라남도,장흥군,20,22
202205,전라남도,장흥군,21,15
202205,전라남도,장흥군,22,14
202205,전라남도,장흥군,23,9
202205,전라남도,장흥군,24,7
202205,전라남도,장흥군,25,8
202205,전라남도,장흥군,26,5
202205,전라남도,장흥군,27,7
202205,전라남도,장흥군,28,8
202205,전라남도,장흥군,29,4
202205,전라남도,장흥군,30,6
202205,전라남도,장흥군,31,6
202205,전라남도,장흥군,32,9
202205,전라남도,장흥군,33,7
202205,전라남도,장흥군,34,4
202205,전라남도,장흥군,35,8
202205,전라남도,장흥군,36,8
202205,전라남도,장흥군,37,11
202205,전라남도,장흥군,38,8
202205,전라남도,장흥군,39,14
202205,전라남도,장흥군,40,17
202205,전라남도,장흥군,41,21
202205,전라남도,장흥군,42,21
202205,전라남도,장흥군,43,18
202205,전라남도,장흥군,44,18
202205,전라남도,장흥군,45,19
202205,전라남도,장흥군,46,20
202205,전라남도,장흥군,47,11
202205,전라남도,장흥군,48,25
202205,전라남도,장흥군,49,31
202205,전라남도,장흥군,50,27
202205,전라남도,장흥군,51,37
202205,전라남도,장흥군,52,45
202205,전라남도,장흥군,53,41
202205,전라남도,장흥군,54,27
202205,전라남도,장흥군,55,40
202205,전라남도,장흥군,56,42
202205,전라남도,장흥군,57,51
202205,전라남도,장흥군,58,41
202205,전라남도,장흥군,59,43
202205,전라남도,장흥군,60,48
202205,전라남도,장흥군,61,52
202205,전라남도,장흥군,62,57
202205,전라남도,장흥군,63,40
202205,전라남도,장흥군,64,40
202205,전라남도,장흥군,65,42
202205,전라남도,장흥군,66,44
202205,전라남도,장흥군,67,46
202205,전라남도,장흥군,68,30
202205,전라남도,장흥군,69,31
202205,전라남도,장흥군,70,35
202205,전라남도,장흥군,71,45
202205,전라남도,장흥군,72,44
202205,전라남도,장흥군,73,53
202205,전라남도,장흥군,74,45
202205,전라남도,장흥군,75,49
202205,전라남도,장흥군,76,32
202205,전라남도,장흥군,77,33
202205,전라남도,장흥군,78,41
202205,전라남도,장흥군,79,63
202205,전라남도,장흥군,80,68
202205,전라남도,장흥군,81,62
202205,전라남도,장흥군,82,63
202205,전라남도,장흥군,83,58
202205,전라남도,장흥군,84,50
202205,전라남도,장흥군,85,49
202205,전라남도,장흥군,86,63
202205,전라남도,장흥군,87,59
202205,전라남도,장흥군,88,45
202205,전라남도,장흥군,89,38
202205,전라남도,장흥군,90,41
202205,전라남도,장흥군,91,20
202205,전라남도,장흥군,92,31
202205,전라남도,장흥군,93,15
202205,전라남도,장흥군,94,13
202205,전라남도,장흥군,95,8
202205,전라남도,장흥군,96,10
202205,전라남도,장흥군,97,6
202205,전라남도,장흥군,98,5
202205,전라남도,장흥군,99,4
202205,전라남도,장흥군,101,2
202205,전라남도,강진군,0,3
202205,전라남도,강진군,1,3
202205,전라남도,강진군,2,12
202205,전라남도,강진군,3,2
202205,전라남도,강진군,4,10
202205,전라남도,강진군,5,10
202205,전라남도,강진군,6,11
202205,전라남도,강진군,7,13
202205,전라남도,강진군,8,19
202205,전라남도,강진군,9,28
202205,전라남도,강진군,10,23
202205,전라남도,강진군,11,26
202205,전라남도,강진군,12,23
202205,전라남도,강진군,13,24
202205,전라남도,강진군,14,32
202205,전라남도,강진군,15,25
202205,전라남도,강진군,16,30
202205,전라남도,강진군,17,40
202205,전라남도,강진군,18,31
202205,전라남도,강진군,19,15
202205,전라남도,강진군,20,17
202205,전라남도,강진군,21,19
202205,전라남도,강진군,22,16
202205,전라남도,강진군,23,6
202205,전라남도,강진군,24,7
202205,전라남도,강진군,25,10
202205,전라남도,강진군,26,6
202205,전라남도,강진군,27,8
202205,전라남도,강진군,28,6
202205,전라남도,강진군,29,9
202205,전라남도,강진군,30,8
202205,전라남도,강진군,32,2
202205,전라남도,강진군,33,4
202205,전라남도,강진군,34,8
202205,전라남도,강진군,35,8
202205,전라남도,강진군,36,9
202205,전라남도,강진군,37,7
202205,전라남도,강진군,38,8
202205,전라남도,강진군,39,10
202205,전라남도,강진군,40,12
202205,전라남도,강진군,41,15
202205,전라남도,강진군,42,17
202205,전라남도,강진군,43,14
202205,전라남도,강진군,44,14
202205,전라남도,강진군,45,15
202205,전라남도,강진군,46,12
202205,전라남도,강진군,47,31
202205,전라남도,강진군,48,21
202205,전라남도,강진군,49,28
202205,전라남도,강진군,50,32
202205,전라남도,강진군,51,28
202205,전라남도,강진군,52,18
202205,전라남도,강진군,53,25
202205,전라남도,강진군,54,33
202205,전라남도,강진군,55,32
202205,전라남도,강진군,56,33
202205,전라남도,강진군,57,34
202205,전라남도,강진군,58,29
202205,전라남도,강진군,59,43
202205,전라남도,강진군,60,37
202205,전라남도,강진군,61,56
202205,전라남도,강진군,62,44
202205,전라남도,강진군,63,53
202205,전라남도,강진군,64,42
202205,전라남도,강진군,65,38
202205,전라남도,강진군,66,36
202205,전라남도,강진군,67,45
202205,전라남도,강진군,68,33
202205,전라남도,강진군,69,31
202205,전라남도,강진군,70,33
202205,전라남도,강진군,71,30
202205,전라남도,강진군,72,36
202205,전라남도,강진군,73,32
202205,전라남도,강진군,74,31
202205,전라남도,강진군,75,52
202205,전라남도,강진군,76,35
202205,전라남도,강진군,77,36
202205,전라남도,강진군,78,31
202205,전라남도,강진군,79,41
202205,전라남도,강진군,80,47
202205,전라남도,강진군,81,32
202205,전라남도,강진군,82,52
202205,전라남도,강진군,83,57
202205,전라남도,강진군,84,49
202205,전라남도,강진군,85,46
202205,전라남도,강진군,86,31
202205,전라남도,강진군,87,25
202205,전라남도,강진군,88,35
202205,전라남도,강진군,89,32
202205,전라남도,강진군,90,27
202205,전라남도,강진군,91,28
202205,전라남도,강진군,92,17
202205,전라남도,강진군,93,8
202205,전라남도,강진군,94,9
202205,전라남도,강진군,95,8
202205,전라남도,강진군,96,3
202205,전라남도,강진군,97,2
202205,전라남도,강진군,98,1
202205,전라남도,강진군,99,3
202205,전라남도,강진군,102,2
202205,전라남도,강진군,103,1
202205,전라남도,해남군,0,1
202205,전라남도,해남군,1,2
202205,전라남도,해남군,2,4
202205,전라남도,해남군,3,9
202205,전라남도,해남군,4,9
202205,전라남도,해남군,5,3
202205,전라남도,해남군,6,15
202205,전라남도,해남군,7,21
202205,전라남도,해남군,8,19
202205,전라남도,해남군,9,26
202205,전라남도,해남군,10,44
202205,전라남도,해남군,11,47
202205,전라남도,해남군,12,43
202205,전라남도,해남군,13,42
202205,전라남도,해남군,14,54
202205,전라남도,해남군,15,42
202205,전라남도,해남군,16,48
202205,전라남도,해남군,17,64
202205,전라남도,해남군,18,52
202205,전라남도,해남군,19,31
202205,전라남도,해남군,20,24
202205,전라남도,해남군,21,30
202205,전라남도,해남군,22,23
202205,전라남도,해남군,23,15
202205,전라남도,해남군,24,9
202205,전라남도,해남군,25,11
202205,전라남도,해남군,26,7
202205,전라남도,해남군,27,4
202205,전라남도,해남군,28,5
202205,전라남도,해남군,29,5
202205,전라남도,해남군,30,8
202205,전라남도,해남군,31,6
202205,전라남도,해남군,32,9
202205,전라남도,해남군,33,9
202205,전라남도,해남군,34,12
202205,전라남도,해남군,35,13
202205,전라남도,해남군,36,18
202205,전라남도,해남군,37,18
202205,전라남도,해남군,38,12
202205,전라남도,해남군,39,15
202205,전라남도,해남군,40,24
202205,전라남도,해남군,41,27
202205,전라남도,해남군,42,28
202205,전라남도,해남군,43,27
202205,전라남도,해남군,44,25
202205,전라남도,해남군,45,27
202205,전라남도,해남군,46,35
202205,전라남도,해남군,47,15
202205,전라남도,해남군,48,41
202205,전라남도,해남군,49,45
202205,전라남도,해남군,50,50
202205,전라남도,해남군,51,47
202205,전라남도,해남군,52,49
202205,전라남도,해남군,53,58
202205,전라남도,해남군,54,42
202205,전라남도,해남군,55,49
202205,전라남도,해남군,56,61
202205,전라남도,해남군,57,65
202205,전라남도,해남군,58,60
202205,전라남도,해남군,59,67
202205,전라남도,해남군,60,67
202205,전라남도,해남군,61,85
202205,전라남도,해남군,62,96
202205,전라남도,해남군,63,75
202205,전라남도,해남군,64,63
202205,전라남도,해남군,65,75
202205,전라남도,해남군,66,71
202205,전라남도,해남군,67,71
202205,전라남도,해남군,68,58
202205,전라남도,해남군,69,58
202205,전라남도,해남군,70,73
202205,전라남도,해남군,71,68
202205,전라남도,해남군,72,82
202205,전라남도,해남군,73,66
202205,전라남도,해남군,74,76
202205,전라남도,해남군,75,77
202205,전라남도,해남군,76,62
202205,전라남도,해남군,77,84
202205,전라남도,해남군,78,54
202205,전라남도,해남군,79,110
202205,전라남도,해남군,80,100
202205,전라남도,해남군,81,103
202205,전라남도,해남군,82,91
202205,전라남도,해남군,83,103
202205,전라남도,해남군,84,95
202205,전라남도,해남군,85,86
202205,전라남도,해남군,86,82
202205,전라남도,해남군,87,82
202205,전라남도,해남군,88,74
202205,전라남도,해남군,89,57
202205,전라남도,해남군,90,58
202205,전라남도,해남군,91,39
202205,전라남도,해남군,92,31
202205,전라남도,해남군,93,23
202205,전라남도,해남군,94,18
202205,전라남도,해남군,95,19
202205,전라남도,해남군,96,11
202205,전라남도,해남군,97,6
202205,전라남도,해남군,98,11
202205,전라남도,해남군,99,3
202205,전라남도,해남군,100,1
202205,전라남도,해남군,101,2
202205,전라남도,해남군,102,3
202205,전라남도,해남군,103,1
202205,전라남도,영암군,0,2
202205,전라남도,영암군,1,6
202205,전라남도,영암군,2,3
202205,전라남도,영암군,3,7
202205,전라남도,영암군,4,6
202205,전라남도,영암군,5,7
202205,전라남도,영암군,6,14
202205,전라남도,영암군,7,16
202205,전라남도,영암군,8,17
202205,전라남도,영암군,9,25
202205,전라남도,영암군,10,16
202205,전라남도,영암군,11,33
202205,전라남도,영암군,12,25
202205,전라남도,영암군,13,35
202205,전라남도,영암군,14,35
202205,전라남도,영암군,15,38
202205,전라남도,영암군,16,30
202205,전라남도,영암군,17,36
202205,전라남도,영암군,18,38
202205,전라남도,영암군,19,22
202205,전라남도,영암군,20,20
202205,전라남도,영암군,21,15
202205,전라남도,영암군,22,16
202205,전라남도,영암군,23,7
202205,전라남도,영암군,24,6
202205,전라남도,영암군,25,7
202205,전라남도,영암군,26,4
202205,전라남도,영암군,27,8
202205,전라남도,영암군,28,2
202205,전라남도,영암군,29,7
202205,전라남도,영암군,30,7
202205,전라남도,영암군,31,4
202205,전라남도,영암군,32,8
202205,전라남도,영암군,33,9
202205,전라남도,영암군,34,6
202205,전라남도,영암군,35,6
202205,전라남도,영암군,36,4
202205,전라남도,영암군,37,10
202205,전라남도,영암군,38,8
202205,전라남도,영암군,39,13
202205,전라남도,영암군,40,11
202205,전라남도,영암군,41,15
202205,전라남도,영암군,42,16
202205,전라남도,영암군,43,14
202205,전라남도,영암군,44,22
202205,전라남도,영암군,45,18
202205,전라남도,영암군,46,25
202205,전라남도,영암군,47,18
202205,전라남도,영암군,48,20
202205,전라남도,영암군,49,20
202205,전라남도,영암군,50,41
202205,전라남도,영암군,51,28
202205,전라남도,영암군,52,31
202205,전라남도,영암군,53,35
202205,전라남도,영암군,54,28
202205,전라남도,영암군,55,32
202205,전라남도,영암군,56,37
202205,전라남도,영암군,57,29
202205,전라남도,영암군,58,35
202205,전라남도,영암군,59,37
202205,전라남도,영암군,60,25
202205,전라남도,영암군,61,29
202205,전라남도,영암군,62,39
202205,전라남도,영암군,63,30
202205,전라남도,영암군,64,30
202205,전라남도,영암군,65,33
202205,전라남도,영암군,66,36
202205,전라남도,영암군,67,30
202205,전라남도,영암군,68,22
202205,전라남도,영암군,69,34
202205,전라남도,영암군,70,22
202205,전라남도,영암군,71,29
202205,전라남도,영암군,72,43
202205,전라남도,영암군,73,33
202205,전라남도,영암군,74,39
202205,전라남도,영암군,75,37
202205,전라남도,영암군,76,29
202205,전라남도,영암군,77,32
202205,전라남도,영암군,78,27
202205,전라남도,영암군,79,47
202205,전라남도,영암군,80,44
202205,전라남도,영암군,81,31
202205,전라남도,영암군,82,45
202205,전라남도,영암군,83,37
202205,전라남도,영암군,84,30
202205,전라남도,영암군,85,31
202205,전라남도,영암군,86,28
202205,전라남도,영암군,87,29
202205,전라남도,영암군,88,22
202205,전라남도,영암군,89,22
202205,전라남도,영암군,90,26
202205,전라남도,영암군,91,19
202205,전라남도,영암군,92,12
202205,전라남도,영암군,93,5
202205,전라남도,영암군,94,9
202205,전라남도,영암군,95,4
202205,전라남도,영암군,96,1
202205,전라남도,영암군,97,5
202205,전라남도,영암군,98,2
202205,전라남도,영암군,99,1
202205,전라남도,영암군,100,1
202205,전라남도,영암군,104,1
202205,전라남도,무안군,0,4
202205,전라남도,무안군,1,4
202205,전라남도,무안군,2,7
202205,전라남도,무안군,3,8
202205,전라남도,무안군,4,10
202205,전라남도,무안군,5,12
202205,전라남도,무안군,6,21
202205,전라남도,무안군,7,36
202205,전라남도,무안군,8,36
202205,전라남도,무안군,9,50
202205,전라남도,무안군,10,57
202205,전라남도,무안군,11,60
202205,전라남도,무안군,12,51
202205,전라남도,무안군,13,58
202205,전라남도,무안군,14,55
202205,전라남도,무안군,15,69
202205,전라남도,무안군,16,49
202205,전라남도,무안군,17,58
202205,전라남도,무안군,18,47
202205,전라남도,무안군,19,31
202205,전라남도,무안군,20,28
202205,전라남도,무안군,21,35
202205,전라남도,무안군,22,28
202205,전라남도,무안군,23,14
202205,전라남도,무안군,24,12
202205,전라남도,무안군,25,16
202205,전라남도,무안군,26,6
202205,전라남도,무안군,27,4
202205,전라남도,무안군,28,5
202205,전라남도,무안군,29,5
202205,전라남도,무안군,30,7
202205,전라남도,무안군,31,10
202205,전라남도,무안군,32,9
202205,전라남도,무안군,33,10
202205,전라남도,무안군,34,8
202205,전라남도,무안군,35,10
202205,전라남도,무안군,36,11
202205,전라남도,무안군,37,23
202205,전라남도,무안군,38,22
202205,전라남도,무안군,39,26
202205,전라남도,무안군,40,22
202205,전라남도,무안군,41,21
202205,전라남도,무안군,42,33
202205,전라남도,무안군,43,34
202205,전라남도,무안군,44,24
202205,전라남도,무안군,45,23
202205,전라남도,무안군,46,34
202205,전라남도,무안군,47,27
202205,전라남도,무안군,48,33
202205,전라남도,무안군,49,43
202205,전라남도,무안군,50,49
202205,전라남도,무안군,51,48
202205,전라남도,무안군,52,47
202205,전라남도,무안군,53,45
202205,전라남도,무안군,54,45
202205,전라남도,무안군,55,41
202205,전라남도,무안군,56,48
202205,전라남도,무안군,57,40
202205,전라남도,무안군,58,60
202205,전라남도,무안군,59,46
202205,전라남도,무안군,60,40
202205,전라남도,무안군,61,57
202205,전라남도,무안군,62,56
202205,전라남도,무안군,63,43
202205,전라남도,무안군,64,43
202205,전라남도,무안군,65,38
202205,전라남도,무안군,66,50
202205,전라남도,무안군,67,53
202205,전라남도,무안군,68,59
202205,전라남도,무안군,69,44
202205,전라남도,무안군,70,65
202205,전라남도,무안군,71,66
202205,전라남도,무안군,72,51
202205,전라남도,무안군,73,41
202205,전라남도,무안군,74,60
202205,전라남도,무안군,75,52
202205,전라남도,무안군,76,56
202205,전라남도,무안군,77,48
202205,전라남도,무안군,78,56
202205,전라남도,무안군,79,66
202205,전라남도,무안군,80,67
202205,전라남도,무안군,81,61
202205,전라남도,무안군,82,64
202205,전라남도,무안군,83,43
202205,전라남도,무안군,84,58
202205,전라남도,무안군,85,38
202205,전라남도,무안군,86,45
202205,전라남도,무안군,87,36
202205,전라남도,무안군,88,41
202205,전라남도,무안군,89,32
202205,전라남도,무안군,90,23
202205,전라남도,무안군,91,24
202205,전라남도,무안군,92,28
202205,전라남도,무안군,93,16
202205,전라남도,무안군,94,12
202205,전라남도,무안군,95,7
202205,전라남도,무안군,96,5
202205,전라남도,무안군,97,4
202205,전라남도,무안군,99,2
202205,전라남도,무안군,100,3
202205,전라남도,무안군,101,1
202205,전라남도,무안군,102,1
202205,전라남도,무안군,103,1
202205,전라남도,함평군,0,1
202205,전라남도,함평군,1,3
202205,전라남도,함평군,2,3
202205,전라남도,함평군,3,2
202205,전라남도,함평군,4,2
202205,전라남도,함평군,5,3
202205,전라남도,함평군,6,7
202205,전라남도,함평군,7,11
202205,전라남도,함평군,8,9
202205,전라남도,함평군,9,18
202205,전라남도,함평군,10,12
202205,전라남도,함평군,11,18
202205,전라남도,함평군,12,17
202205,전라남도,함평군,13,13
202205,전라남도,함평군,14,14
202205,전라남도,함평군,15,17
202205,전라남도,함평군,16,12
202205,전라남도,함평군,17,25
202205,전라남도,함평군,18,14
202205,전라남도,함평군,19,16
202205,전라남도,함평군,20,9
202205,전라남도,함평군,21,11
202205,전라남도,함평군,22,9
202205,전라남도,함평군,23,9
202205,전라남도,함평군,24,4
202205,전라남도,함평군,25,2
202205,전라남도,함평군,26,3
202205,전라남도,함평군,27,7
202205,전라남도,함평군,28,5
202205,전라남도,함평군,29,5
202205,전라남도,함평군,30,5
202205,전라남도,함평군,31,6
202205,전라남도,함평군,32,5
202205,전라남도,함평군,33,5
202205,전라남도,함평군,34,7
202205,전라남도,함평군,35,4
202205,전라남도,함평군,36,6
202205,전라남도,함평군,37,5
202205,전라남도,함평군,38,9
202205,전라남도,함평군,39,9
202205,전라남도,함평군,40,5
202205,전라남도,함평군,41,17
202205,전라남도,함평군,42,11
202205,전라남도,함평군,43,12
202205,전라남도,함평군,44,19
202205,전라남도,함평군,45,11
202205,전라남도,함평군,46,20
202205,전라남도,함평군,47,22
202205,전라남도,함평군,48,27
202205,전라남도,함평군,49,27
202205,전라남도,함평군,50,15
202205,전라남도,함평군,51,19
202205,전라남도,함평군,52,22
202205,전라남도,함평군,53,27
202205,전라남도,함평군,54,37
202205,전라남도,함평군,55,34
202205,전라남도,함평군,56,33
202205,전라남도,함평군,57,31
202205,전라남도,함평군,58,24
202205,전라남도,함평군,59,26
202205,전라남도,함평군,60,24
202205,전라남도,함평군,61,31
202205,전라남도,함평군,62,35
202205,전라남도,함평군,63,29
202205,전라남도,함평군,64,37
202205,전라남도,함평군,65,34
202205,전라남도,함평군,66,23
202205,전라남도,함평군,67,47
202205,전라남도,함평군,68,30
202205,전라남도,함평군,69,22
202205,전라남도,함평군,70,33
202205,전라남도,함평군,71,33
202205,전라남도,함평군,72,29
202205,전라남도,함평군,73,36
202205,전라남도,함평군,74,32
202205,전라남도,함평군,75,44
202205,전라남도,함평군,76,22
202205,전라남도,함평군,77,32
202205,전라남도,함평군,78,29
202205,전라남도,함평군,79,46
202205,전라남도,함평군,80,49
202205,전라남도,함평군,81,43
202205,전라남도,함평군,82,34
202205,전라남도,함평군,83,39
202205,전라남도,함평군,84,41
202205,전라남도,함평군,85,27
202205,전라남도,함평군,86,39
202205,전라남도,함평군,87,37
202205,전라남도,함평군,88,24
202205,전라남도,함평군,89,22
202205,전라남도,함평군,90,15
202205,전라남도,함평군,91,12
202205,전라남도,함평군,92,14
202205,전라남도,함평군,93,10
202205,전라남도,함평군,94,13
202205,전라남도,함평군,95,8
202205,전라남도,함평군,96,6
202205,전라남도,함평군,98,2
202205,전라남도,함평군,99,1
202205,전라남도,함평군,100,1
202205,전라남도,영광군,0,5
202205,전라남도,영광군,1,5
202205,전라남도,영광군,2,7
202205,전라남도,영광군,3,9
202205,전라남도,영광군,4,5
202205,전라남도,영광군,5,10
202205,전라남도,영광군,6,17
202205,전라남도,영광군,7,14
202205,전라남도,영광군,8,30
202205,전라남도,영광군,9,32
202205,전라남도,영광군,10,36
202205,전라남도,영광군,11,50
202205,전라남도,영광군,12,32
202205,전라남도,영광군,13,38
202205,전라남도,영광군,14,49
202205,전라남도,영광군,15,52
202205,전라남도,영광군,16,43
202205,전라남도,영광군,17,43
202205,전라남도,영광군,18,31
202205,전라남도,영광군,19,30
202205,전라남도,영광군,20,30
202205,전라남도,영광군,21,23
202205,전라남도,영광군,22,17
202205,전라남도,영광군,23,15
202205,전라남도,영광군,24,22
202205,전라남도,영광군,25,8
202205,전라남도,영광군,26,12
202205,전라남도,영광군,27,14
202205,전라남도,영광군,28,6
202205,전라남도,영광군,29,5
202205,전라남도,영광군,30,10
202205,전라남도,영광군,31,11
202205,전라남도,영광군,32,11
202205,전라남도,영광군,33,9
202205,전라남도,영광군,34,5
202205,전라남도,영광군,35,18
202205,전라남도,영광군,36,18
202205,전라남도,영광군,37,5
202205,전라남도,영광군,38,18
202205,전라남도,영광군,39,12
202205,전라남도,영광군,40,22
202205,전라남도,영광군,41,24
202205,전라남도,영광군,42,29
202205,전라남도,영광군,43,23
202205,전라남도,영광군,44,25
202205,전라남도,영광군,45,28
202205,전라남도,영광군,46,27
202205,전라남도,영광군,47,29
202205,전라남도,영광군,48,43
202205,전라남도,영광군,49,42
202205,전라남도,영광군,50,28
202205,전라남도,영광군,51,47
202205,전라남도,영광군,52,48
202205,전라남도,영광군,53,56
202205,전라남도,영광군,54,51
202205,전라남도,영광군,55,58
202205,전라남도,영광군,56,53
202205,전라남도,영광군,57,58
202205,전라남도,영광군,58,47
202205,전라남도,영광군,59,59
202205,전라남도,영광군,60,53
202205,전라남도,영광군,61,56
202205,전라남도,영광군,62,59
202205,전라남도,영광군,63,56
202205,전라남도,영광군,64,45
202205,전라남도,영광군,65,50
202205,전라남도,영광군,66,69
202205,전라남도,영광군,67,57
202205,전라남도,영광군,68,59
202205,전라남도,영광군,69,58
202205,전라남도,영광군,70,45
202205,전라남도,영광군,71,47
202205,전라남도,영광군,72,65
202205,전라남도,영광군,73,47
202205,전라남도,영광군,74,58
202205,전라남도,영광군,75,50
202205,전라남도,영광군,76,52
202205,전라남도,영광군,77,38
202205,전라남도,영광군,78,39
202205,전라남도,영광군,79,65
202205,전라남도,영광군,80,63
202205,전라남도,영광군,81,62
202205,전라남도,영광군,82,50
202205,전라남도,영광군,83,42
202205,전라남도,영광군,84,60
202205,전라남도,영광군,85,42
202205,전라남도,영광군,86,40
202205,전라남도,영광군,87,32
202205,전라남도,영광군,88,31
202205,전라남도,영광군,89,24
202205,전라남도,영광군,90,18
202205,전라남도,영광군,91,23
202205,전라남도,영광군,92,8
202205,전라남도,영광군,93,13
202205,전라남도,영광군,94,10
202205,전라남도,영광군,95,4
202205,전라남도,영광군,96,1
202205,전라남도,영광군,97,4
202205,전라남도,영광군,98,5
202205,전라남도,영광군,99,2
202205,전라남도,영광군,100,2
202205,전라남도,영광군,101,1
202205,전라남도,영광군,106,1
202205,전라남도,영광군,107,1
202205,전라남도,영광군,109,1
202205,전라남도,영광군,111,1
202205,전라남도,영광군,117,1
202205,전라남도,장성군,1,2
202205,전라남도,장성군,3,4
202205,전라남도,장성군,4,1
202205,전라남도,장성군,5,7
202205,전라남도,장성군,6,9
202205,전라남도,장성군,7,11
202205,전라남도,장성군,8,14
202205,전라남도,장성군,9,21
202205,전라남도,장성군,10,19
202205,전라남도,장성군,11,18
202205,전라남도,장성군,12,26
202205,전라남도,장성군,13,24
202205,전라남도,장성군,14,24
202205,전라남도,장성군,15,24
202205,전라남도,장성군,16,23
202205,전라남도,장성군,17,20
202205,전라남도,장성군,18,16
202205,전라남도,장성군,19,20
202205,전라남도,장성군,20,10
202205,전라남도,장성군,21,11
202205,전라남도,장성군,22,10
202205,전라남도,장성군,23,3
202205,전라남도,장성군,24,3
202205,전라남도,장성군,25,5
202205,전라남도,장성군,26,8
202205,전라남도,장성군,27,8
202205,전라남도,장성군,28,4
202205,전라남도,장성군,29,7
202205,전라남도,장성군,30,5
202205,전라남도,장성군,31,3
202205,전라남도,장성군,32,6
202205,전라남도,장성군,33,9
202205,전라남도,장성군,34,8
202205,전라남도,장성군,35,10
202205,전라남도,장성군,36,12
202205,전라남도,장성군,37,4
202205,전라남도,장성군,38,7
202205,전라남도,장성군,39,12
202205,전라남도,장성군,40,9
202205,전라남도,장성군,41,19
202205,전라남도,장성군,42,12
202205,전라남도,장성군,43,10
202205,전라남도,장성군,44,12
202205,전라남도,장성군,45,17
202205,전라남도,장성군,46,23
202205,전라남도,장성군,47,22
202205,전라남도,장성군,48,19
202205,전라남도,장성군,49,18
202205,전라남도,장성군,50,19
202205,전라남도,장성군,51,23
202205,전라남도,장성군,52,33
202205,전라남도,장성군,53,22
202205,전라남도,장성군,54,25
202205,전라남도,장성군,55,27
202205,전라남도,장성군,56,40
202205,전라남도,장성군,57,28
202205,전라남도,장성군,58,31
202205,전라남도,장성군,59,39
202205,전라남도,장성군,60,30
202205,전라남도,장성군,61,32
202205,전라남도,장성군,62,39
202205,전라남도,장성군,63,30
202205,전라남도,장성군,64,20
202205,전라남도,장성군,65,30
202205,전라남도,장성군,66,37
202205,전라남도,장성군,67,27
202205,전라남도,장성군,68,20
202205,전라남도,장성군,69,34
202205,전라남도,장성군,70,42
202205,전라남도,장성군,71,24
202205,전라남도,장성군,72,34
202205,전라남도,장성군,73,21
202205,전라남도,장성군,74,41
202205,전라남도,장성군,75,39
202205,전라남도,장성군,76,32
202205,전라남도,장성군,77,38
202205,전라남도,장성군,78,47
202205,전라남도,장성군,79,65
202205,전라남도,장성군,80,55
202205,전라남도,장성군,81,49
202205,전라남도,장성군,82,55
202205,전라남도,장성군,83,45
202205,전라남도,장성군,84,46
202205,전라남도,장성군,85,48
202205,전라남도,장성군,86,52
202205,전라남도,장성군,87,40
202205,전라남도,장성군,88,32
202205,전라남도,장성군,89,31
202205,전라남도,장성군,90,22
202205,전라남도,장성군,91,18
202205,전라남도,장성군,92,18
202205,전라남도,장성군,93,8
202205,전라남도,장성군,94,9
202205,전라남도,장성군,95,9
202205,전라남도,장성군,96,6
202205,전라남도,장성군,97,5
202205,전라남도,장성군,98,1
202205,전라남도,장성군,99,1
202205,전라남도,장성군,100,3
202205,전라남도,장성군,102,1
202205,전라남도,장성군,103,1
202205,전라남도,장성군,106,1
202205,전라남도,완도군,0,1
202205,전라남도,완도군,1,2
202205,전라남도,완도군,2,4
202205,전라남도,완도군,3,2
202205,전라남도,완도군,4,3
202205,전라남도,완도군,5,4
202205,전라남도,완도군,6,14
202205,전라남도,완도군,7,17
202205,전라남도,완도군,8,24
202205,전라남도,완도군,9,19
202205,전라남도,완도군,10,27
202205,전라남도,완도군,11,37
202205,전라남도,완도군,12,21
202205,전라남도,완도군,13,19
202205,전라남도,완도군,14,45
202205,전라남도,완도군,15,36
202205,전라남도,완도군,16,33
202205,전라남도,완도군,17,31
202205,전라남도,완도군,18,26
202205,전라남도,완도군,19,12
202205,전라남도,완도군,20,14
202205,전라남도,완도군,21,14
202205,전라남도,완도군,22,16
202205,전라남도,완도군,23,9
202205,전라남도,완도군,24,11
202205,전라남도,완도군,25,6
202205,전라남도,완도군,26,3
202205,전라남도,완도군,27,2
202205,전라남도,완도군,28,3
202205,전라남도,완도군,29,4
202205,전라남도,완도군,30,4
202205,전라남도,완도군,31,4
202205,전라남도,완도군,32,4
202205,전라남도,완도군,33,2
202205,전라남도,완도군,34,1
202205,전라남도,완도군,35,5
202205,전라남도,완도군,36,6
202205,전라남도,완도군,37,12
202205,전라남도,완도군,38,12
202205,전라남도,완도군,39,13
202205,전라남도,완도군,40,13
202205,전라남도,완도군,41,14
202205,전라남도,완도군,42,20
202205,전라남도,완도군,43,15
202205,전라남도,완도군,44,21
202205,전라남도,완도군,45,17
202205,전라남도,완도군,46,14
202205,전라남도,완도군,47,18
202205,전라남도,완도군,48,30
202205,전라남도,완도군,49,29
202205,전라남도,완도군,50,27
202205,전라남도,완도군,51,36
202205,전라남도,완도군,52,24
202205,전라남도,완도군,53,31
202205,전라남도,완도군,54,38
202205,전라남도,완도군,55,45
202205,전라남도,완도군,56,45
202205,전라남도,완도군,57,33
202205,전라남도,완도군,58,39
202205,전라남도,완도군,59,49
202205,전라남도,완도군,60,60
202205,전라남도,완도군,61,64
202205,전라남도,완도군,62,45
202205,전라남도,완도군,63,50
202205,전라남도,완도군,64,45
202205,전라남도,완도군,65,59
202205,전라남도,완도군,66,54
202205,전라남도,완도군,67,64
202205,전라남도,완도군,68,36
202205,전라남도,완도군,69,46
202205,전라남도,완도군,70,76
202205,전라남도,완도군,71,66
202205,전라남도,완도군,72,48
202205,전라남도,완도군,73,53
202205,전라남도,완도군,74,65
202205,전라남도,완도군,75,75
202205,전라남도,완도군,76,50
202205,전라남도,완도군,77,76
202205,전라남도,완도군,78,71
202205,전라남도,완도군,79,106
202205,전라남도,완도군,80,92
202205,전라남도,완도군,81,91
202205,전라남도,완도군,82,122
202205,전라남도,완도군,83,97
202205,전라남도,완도군,84,73
202205,전라남도,완도군,85,96
202205,전라남도,완도군,86,61
202205,전라남도,완도군,87,51
202205,전라남도,완도군,88,61
202205,전라남도,완도군,89,35
202205,전라남도,완도군,90,36
202205,전라남도,완도군,91,22
202205,전라남도,완도군,92,29
202205,전라남도,완도군,93,16
202205,전라남도,완도군,94,9
202205,전라남도,완도군,95,8
202205,전라남도,완도군,96,3
202205,전라남도,완도군,97,5
202205,전라남도,완도군,98,2
202205,전라남도,완도군,99,2
202205,전라남도,완도군,100,3
202205,전라남도,완도군,101,1
202205,전라남도,완도군,108,1
202205,전라남도,진도군,1,1
202205,전라남도,진도군,2,4
202205,전라남도,진도군,3,3
202205,전라남도,진도군,4,5
202205,전라남도,진도군,5,5
202205,전라남도,진도군,6,13
202205,전라남도,진도군,7,8
202205,전라남도,진도군,8,20
202205,전라남도,진도군,9,14
202205,전라남도,진도군,10,19
202205,전라남도,진도군,11,27
202205,전라남도,진도군,12,19
202205,전라남도,진도군,13,17
202205,전라남도,진도군,14,20
202205,전라남도,진도군,15,33
202205,전라남도,진도군,16,21
202205,전라남도,진도군,17,26
202205,전라남도,진도군,18,23
202205,전라남도,진도군,19,28
202205,전라남도,진도군,20,15
202205,전라남도,진도군,21,15
202205,전라남도,진도군,22,11
202205,전라남도,진도군,23,7
202205,전라남도,진도군,24,5
202205,전라남도,진도군,25,6
202205,전라남도,진도군,26,9
202205,전라남도,진도군,27,6
202205,전라남도,진도군,28,9
202205,전라남도,진도군,29,4
202205,전라남도,진도군,30,5
202205,전라남도,진도군,31,5
202205,전라남도,진도군,32,7
202205,전라남도,진도군,33,7
202205,전라남도,진도군,34,3
202205,전라남도,진도군,35,6
202205,전라남도,진도군,36,12
202205,전라남도,진도군,37,6
202205,전라남도,진도군,38,9
202205,전라남도,진도군,39,9
202205,전라남도,진도군,40,5
202205,전라남도,진도군,41,12
202205,전라남도,진도군,42,8
202205,전라남도,진도군,43,15
202205,전라남도,진도군,44,14
202205,전라남도,진도군,45,16
202205,전라남도,진도군,46,15
202205,전라남도,진도군,47,20
202205,전라남도,진도군,48,29
202205,전라남도,진도군,49,18
202205,전라남도,진도군,50,33
202205,전라남도,진도군,51,26
202205,전라남도,진도군,52,28
202205,전라남도,진도군,53,42
202205,전라남도,진도군,54,23
202205,전라남도,진도군,55,36
202205,전라남도,진도군,56,44
202205,전라남도,진도군,57,32
202205,전라남도,진도군,58,42
202205,전라남도,진도군,59,38
202205,전라남도,진도군,60,33
202205,전라남도,진도군,61,50
202205,전라남도,진도군,62,44
202205,전라남도,진도군,63,37
202205,전라남도,진도군,64,35
202205,전라남도,진도군,65,50
202205,전라남도,진도군,66,38
202205,전라남도,진도군,67,31
202205,전라남도,진도군,68,22
202205,전라남도,진도군,69,43
202205,전라남도,진도군,70,28
202205,전라남도,진도군,71,38
202205,전라남도,진도군,72,35
202205,전라남도,진도군,73,33
202205,전라남도,진도군,74,35
202205,전라남도,진도군,75,39
202205,전라남도,진도군,76,35
202205,전라남도,진도군,77,45
202205,전라남도,진도군,78,41
202205,전라남도,진도군,79,45
202205,전라남도,진도군,80,52
202205,전라남도,진도군,81,42
202205,전라남도,진도군,82,51
202205,전라남도,진도군,83,54
202205,전라남도,진도군,84,33
202205,전라남도,진도군,85,47
202205,전라남도,진도군,86,38
202205,전라남도,진도군,87,37
202205,전라남도,진도군,88,33
202205,전라남도,진도군,89,30
202205,전라남도,진도군,90,21
202205,전라남도,진도군,91,20
202205,전라남도,진도군,92,14
202205,전라남도,진도군,93,13
202205,전라남도,진도군,94,5
202205,전라남도,진도군,95,7
202205,전라남도,진도군,96,3
202205,전라남도,진도군,97,4
202205,전라남도,진도군,98,2
202205,전라남도,진도군,99,3
202205,전라남도,진도군,100,3
202205,전라남도,진도군,101,1
202205,전라남도,진도군,105,1
202205,전라남도,신안군,0,1
202205,전라남도,신안군,1,1
202205,전라남도,신안군,2,2
202205,전라남도,신안군,3,2
202205,전라남도,신안군,4,7
202205,전라남도,신안군,5,7
202205,전라남도,신안군,6,14
202205,전라남도,신안군,7,16
202205,전라남도,신안군,8,24
202205,전라남도,신안군,9,34
202205,전라남도,신안군,10,18
202205,전라남도,신안군,11,39
202205,전라남도,신안군,12,31
202205,전라남도,신안군,13,32
202205,전라남도,신안군,14,26
202205,전라남도,신안군,15,27
202205,전라남도,신안군,16,29
202205,전라남도,신안군,17,25
202205,전라남도,신안군,18,20
202205,전라남도,신안군,19,16
202205,전라남도,신안군,20,12
202205,전라남도,신안군,21,16
202205,전라남도,신안군,22,12
202205,전라남도,신안군,23,10
202205,전라남도,신안군,24,6
202205,전라남도,신안군,25,1
202205,전라남도,신안군,26,1
202205,전라남도,신안군,27,5
202205,전라남도,신안군,28,3
202205,전라남도,신안군,29,2
202205,전라남도,신안군,30,2
202205,전라남도,신안군,31,3
202205,전라남도,신안군,32,5
202205,전라남도,신안군,33,4
202205,전라남도,신안군,34,8
202205,전라남도,신안군,35,3
202205,전라남도,신안군,36,6
202205,전라남도,신안군,37,4
202205,전라남도,신안군,38,4
202205,전라남도,신안군,39,7
202205,전라남도,신안군,40,5
202205,전라남도,신안군,41,8
202205,전라남도,신안군,42,13
202205,전라남도,신안군,43,10
202205,전라남도,신안군,44,16
202205,전라남도,신안군,45,7
202205,전라남도,신안군,46,15
202205,전라남도,신안군,47,12
202205,전라남도,신안군,48,16
202205,전라남도,신안군,49,22
202205,전라남도,신안군,50,18
202205,전라남도,신안군,51,20
202205,전라남도,신안군,52,24
202205,전라남도,신안군,53,26
202205,전라남도,신안군,54,14
202205,전라남도,신안군,55,30
202205,전라남도,신안군,56,23
202205,전라남도,신안군,57,33
202205,전라남도,신안군,58,30
202205,전라남도,신안군,59,33
202205,전라남도,신안군,60,39
202205,전라남도,신안군,61,31
202205,전라남도,신안군,62,32
202205,전라남도,신안군,63,29
202205,전라남도,신안군,64,28
202205,전라남도,신안군,65,42
202205,전라남도,신안군,66,48
202205,전라남도,신안군,67,39
202205,전라남도,신안군,68,28
202205,전라남도,신안군,69,45
202205,전라남도,신안군,70,46
202205,전라남도,신안군,71,38
202205,전라남도,신안군,72,44
202205,전라남도,신안군,73,32
202205,전라남도,신안군,74,52
202205,전라남도,신안군,75,37
202205,전라남도,신안군,76,34
202205,전라남도,신안군,77,35
202205,전라남도,신안군,78,43
202205,전라남도,신안군,79,48
202205,전라남도,신안군,80,56
202205,전라남도,신안군,81,59
202205,전라남도,신안군,82,54
202205,전라남도,신안군,83,52
202205,전라남도,신안군,84,76
202205,전라남도,신안군,85,56
202205,전라남도,신안군,86,39
202205,전라남도,신안군,87,48
202205,전라남도,신안군,88,32
202205,전라남도,신안군,89,35
202205,전라남도,신안군,90,23
202205,전라남도,신안군,91,22
202205,전라남도,신안군,92,22
202205,전라남도,신안군,93,6
202205,전라남도,신안군,94,9
202205,전라남도,신안군,95,4
202205,전라남도,신안군,96,8
202205,전라남도,신안군,97,4
202205,전라남도,신안군,98,2
202205,전라남도,신안군,99,1
202205,전라남도,신안군,100,1
202205,경상북도,포항시,0,21
202205,경상북도,포항시,1,53
202205,경상북도,포항시,2,58
202205,경상북도,포항시,3,84
202205,경상북도,포항시,4,102
202205,경상북도,포항시,5,120
202205,경상북도,포항시,6,203
202205,경상북도,포항시,7,221
202205,경상북도,포항시,8,298
202205,경상북도,포항시,9,274
202205,경상북도,포항시,10,333
202205,경상북도,포항시,11,347
202205,경상북도,포항시,12,353
202205,경상북도,포항시,13,353
202205,경상북도,포항시,14,391
202205,경상북도,포항시,15,367
202205,경상북도,포항시,16,373
202205,경상북도,포항시,17,394
202205,경상북도,포항시,18,338
202205,경상북도,포항시,19,269
202205,경상북도,포항시,20,232
202205,경상북도,포항시,21,236
202205,경상북도,포항시,22,215
202205,경상북도,포항시,23,199
202205,경상북도,포항시,24,150
202205,경상북도,포항시,25,139
202205,경상북도,포항시,26,116
202205,경상북도,포항시,27,78
202205,경상북도,포항시,28,73
202205,경상북도,포항시,29,90
202205,경상북도,포항시,30,74
202205,경상북도,포항시,31,88
202205,경상북도,포항시,32,94
202205,경상북도,포항시,33,84
202205,경상북도,포항시,34,104
202205,경상북도,포항시,35,113
202205,경상북도,포항시,36,135
202205,경상북도,포항시,37,159
202205,경상북도,포항시,38,162
202205,경상북도,포항시,39,225
202205,경상북도,포항시,40,244
202205,경상북도,포항시,41,262
202205,경상북도,포항시,42,272
202205,경상북도,포항시,43,274
202205,경상북도,포항시,44,298
202205,경상북도,포항시,45,280
202205,경상북도,포항시,46,303
202205,경상북도,포항시,47,345
202205,경상북도,포항시,48,402
202205,경상북도,포항시,49,381
202205,경상북도,포항시,50,375
202205,경상북도,포항시,51,373
202205,경상북도,포항시,52,405
202205,경상북도,포항시,53,437
202205,경상북도,포항시,54,353
202205,경상북도,포항시,55,397
202205,경상북도,포항시,56,437
202205,경상북도,포항시,57,437
202205,경상북도,포항시,58,434
202205,경상북도,포항시,59,504
202205,경상북도,포항시,60,480
202205,경상북도,포항시,61,610
202205,경상북도,포항시,62,606
202205,경상북도,포항시,63,574
202205,경상북도,포항시,64,516
202205,경상북도,포항시,65,621
202205,경상북도,포항시,66,622
202205,경상북도,포항시,67,615
202205,경상북도,포항시,68,524
202205,경상북도,포항시,69,611
202205,경상북도,포항시,70,556
202205,경상북도,포항시,71,442
202205,경상북도,포항시,72,477
202205,경상북도,포항시,73,469
202205,경상북도,포항시,74,498
202205,경상북도,포항시,75,434
202205,경상북도,포항시,76,305
202205,경상북도,포항시,77,426
202205,경상북도,포항시,78,454
202205,경상북도,포항시,79,484
202205,경상북도,포항시,80,432
202205,경상북도,포항시,81,414
202205,경상북도,포항시,82,434
202205,경상북도,포항시,83,338
202205,경상북도,포항시,84,347
202205,경상북도,포항시,85,314
202205,경상북도,포항시,86,285
202205,경상북도,포항시,87,241
202205,경상북도,포항시,88,186
202205,경상북도,포항시,89,145
202205,경상북도,포항시,90,119
202205,경상북도,포항시,91,103
202205,경상북도,포항시,92,79
202205,경상북도,포항시,93,66
202205,경상북도,포항시,94,53
202205,경상북도,포항시,95,32
202205,경상북도,포항시,96,20
202205,경상북도,포항시,97,17
202205,경상북도,포항시,98,9
202205,경상북도,포항시,99,7
202205,경상북도,포항시,100,8
202205,경상북도,포항시,101,2
202205,경상북도,포항시,102,1
202205,경상북도,포항시,103,1
202205,경상북도,포항시,106,2
202205,경상북도,포항시,107,1
202205,경상북도,경주시,0,11
202205,경상북도,경주시,1,25
202205,경상북도,경주시,2,22
202205,경상북도,경주시,3,22
202205,경상북도,경주시,4,41
202205,경상북도,경주시,5,42
202205,경상북도,경주시,6,67
202205,경상북도,경주시,7,70
202205,경상북도,경주시,8,95
202205,경상북도,경주시,9,109
202205,경상북도,경주시,10,127
202205,경상북도,경주시,11,132
202205,경상북도,경주시,12,122
202205,경상북도,경주시,13,139
202205,경상북도,경주시,14,168
202205,경상북도,경주시,15,144
202205,경상북도,경주시,16,144
202205,경상북도,경주시,17,155
202205,경상북도,경주시,18,143
202205,경상북도,경주시,19,105
202205,경상북도,경주시,20,68
202205,경상북도,경주시,21,63
202205,경상북도,경주시,22,72
202205,경상북도,경주시,23,66
202205,경상북도,경주시,24,55
202205,경상북도,경주시,25,47
202205,경상북도,경주시,26,33
202205,경상북도,경주시,27,30
202205,경상북도,경주시,28,33
202205,경상북도,경주시,29,27
202205,경상북도,경주시,30,38
202205,경상북도,경주시,31,28
202205,경상북도,경주시,32,47
202205,경상북도,경주시,33,40
202205,경상북도,경주시,34,36
202205,경상북도,경주시,35,45
202205,경상북도,경주시,36,57
202205,경상북도,경주시,37,67
202205,경상북도,경주시,38,60
202205,경상북도,경주시,39,76
202205,경상북도,경주시,40,81
202205,경상북도,경주시,41,90
202205,경상북도,경주시,42,91
202205,경상북도,경주시,43,94
202205,경상북도,경주시,44,106
202205,경상북도,경주시,45,107
202205,경상북도,경주시,46,103
202205,경상북도,경주시,47,126
202205,경상북도,경주시,48,156
202205,경상북도,경주시,49,162
202205,경상북도,경주시,50,145
202205,경상북도,경주시,51,201
202205,경상북도,경주시,52,156
202205,경상북도,경주시,53,200
202205,경상북도,경주시,54,194
202205,경상북도,경주시,55,208
202205,경상북도,경주시,56,209
202205,경상북도,경주시,57,173
202205,경상북도,경주시,58,216
202205,경상북도,경주시,59,245
202205,경상북도,경주시,60,223
202205,경상북도,경주시,61,243
202205,경상북도,경주시,62,248
202205,경상북도,경주시,63,253
202205,경상북도,경주시,64,275
202205,경상북도,경주시,65,292
202205,경상북도,경주시,66,284
202205,경상북도,경주시,67,274
202205,경상북도,경주시,68,219
202205,경상북도,경주시,69,261
202205,경상북도,경주시,70,250
202205,경상북도,경주시,71,206
202205,경상북도,경주시,72,230
202205,경상북도,경주시,73,221
202205,경상북도,경주시,74,210
202205,경상북도,경주시,75,188
202205,경상북도,경주시,76,126
202205,경상북도,경주시,77,161
202205,경상북도,경주시,78,175
202205,경상북도,경주시,79,261
202205,경상북도,경주시,80,255
202205,경상북도,경주시,81,216
202205,경상북도,경주시,82,200
202205,경상북도,경주시,83,202
202205,경상북도,경주시,84,151
202205,경상북도,경주시,85,156
202205,경상북도,경주시,86,151
202205,경상북도,경주시,87,138
202205,경상북도,경주시,88,114
202205,경상북도,경주시,89,78
202205,경상북도,경주시,90,83
202205,경상북도,경주시,91,62
202205,경상북도,경주시,92,50
202205,경상북도,경주시,93,46
202205,경상북도,경주시,94,29
202205,경상북도,경주시,95,14
202205,경상북도,경주시,96,10
202205,경상북도,경주시,97,4
202205,경상북도,경주시,98,6
202205,경상북도,경주시,99,4
202205,경상북도,경주시,100,6
202205,경상북도,경주시,101,1
202205,경상북도,경주시,102,1
202205,경상북도,경주시,103,2
202205,경상북도,경주시,106,1
202205,경상북도,경주시,108,1
202205,경상북도,김천시,0,5
202205,경상북도,김천시,1,9
202205,경상북도,김천시,2,19
202205,경상북도,김천시,3,24
202205,경상북도,김천시,4,27
202205,경상북도,김천시,5,27
202205,경상북도,김천시,6,54
202205,경상북도,김천시,7,65
202205,경상북도,김천시,8,80
202205,경상북도,김천시,9,95
202205,경상북도,김천시,10,90
202205,경상북도,김천시,11,87
202205,경상북도,김천시,12,90
202205,경상북도,김천시,13,105
202205,경상북도,김천시,14,96
202205,경상북도,김천시,15,93
202205,경상북도,김천시,16,90
202205,경상북도,김천시,17,89
202205,경상북도,김천시,18,81
202205,경상북도,김천시,19,66
202205,경상북도,김천시,20,43
202205,경상북도,김천시,21,70
202205,경상북도,김천시,22,57
202205,경상북도,김천시,23,49
202205,경상북도,김천시,24,38
202205,경상북도,김천시,25,30
202205,경상북도,김천시,26,24
202205,경상북도,김천시,27,29
202205,경상북도,김천시,28,19
202205,경상북도,김천시,29,21
202205,경상북도,김천시,30,32
202205,경상북도,김천시,31,23
202205,경상북도,김천시,32,36
202205,경상북도,김천시,33,26
202205,경상북도,김천시,34,21
202205,경상북도,김천시,35,35
202205,경상북도,김천시,36,34
202205,경상북도,김천시,37,37
202205,경상북도,김천시,38,40
202205,경상북도,김천시,39,41
202205,경상북도,김천시,40,64
202205,경상북도,김천시,41,63
202205,경상북도,김천시,42,65
202205,경상북도,김천시,43,59
202205,경상북도,김천시,44,74
202205,경상북도,김천시,45,69
202205,경상북도,김천시,46,71
202205,경상북도,김천시,47,82
202205,경상북도,김천시,48,100
202205,경상북도,김천시,49,93
202205,경상북도,김천시,50,91
202205,경상북도,김천시,51,103
202205,경상북도,김천시,52,104
202205,경상북도,김천시,53,122
202205,경상북도,김천시,54,102
202205,경상북도,김천시,55,129
202205,경상북도,김천시,56,104
202205,경상북도,김천시,57,112
202205,경상북도,김천시,58,117
202205,경상북도,김천시,59,119
202205,경상북도,김천시,60,145
202205,경상북도,김천시,61,175
202205,경상북도,김천시,62,149
202205,경상북도,김천시,63,131
202205,경상북도,김천시,64,129
202205,경상북도,김천시,65,140
202205,경상북도,김천시,66,147
202205,경상북도,김천시,67,165
202205,경상북도,김천시,68,111
202205,경상북도,김천시,69,120
202205,경상북도,김천시,70,126
202205,경상북도,김천시,71,90
202205,경상북도,김천시,72,131
202205,경상북도,김천시,73,119
202205,경상북도,김천시,74,135
202205,경상북도,김천시,75,129
202205,경상북도,김천시,76,77
202205,경상북도,김천시,77,96
202205,경상북도,김천시,78,147
202205,경상북도,김천시,79,149
202205,경상북도,김천시,80,150
202205,경상북도,김천시,81,127
202205,경상북도,김천시,82,125
202205,경상북도,김천시,83,148
202205,경상북도,김천시,84,106
202205,경상북도,김천시,85,116
202205,경상북도,김천시,86,99
202205,경상북도,김천시,87,83
202205,경상북도,김천시,88,69
202205,경상북도,김천시,89,64
202205,경상북도,김천시,90,40
202205,경상북도,김천시,91,38
202205,경상북도,김천시,92,34
202205,경상북도,김천시,93,19
202205,경상북도,김천시,94,22
202205,경상북도,김천시,95,12
202205,경상북도,김천시,96,11
202205,경상북도,김천시,97,2
202205,경상북도,김천시,98,6
202205,경상북도,김천시,99,4
202205,경상북도,김천시,100,4
202205,경상북도,김천시,101,2
202205,경상북도,김천시,104,1
202205,경상북도,안동시,0,8
202205,경상북도,안동시,1,19
202205,경상북도,안동시,2,17
202205,경상북도,안동시,3,19
202205,경상북도,안동시,4,21
202205,경상북도,안동시,5,39
202205,경상북도,안동시,6,40
202205,경상북도,안동시,7,58
202205,경상북도,안동시,8,71
202205,경상북도,안동시,9,90
202205,경상북도,안동시,10,90
202205,경상북도,안동시,11,91
202205,경상북도,안동시,12,90
202205,경상북도,안동시,13,99
202205,경상북도,안동시,14,110
202205,경상북도,안동시,15,116
202205,경상북도,안동시,16,116
202205,경상북도,안동시,17,139
202205,경상북도,안동시,18,97
202205,경상북도,안동시,19,108
202205,경상북도,안동시,20,97
202205,경상북도,안동시,21,84
202205,경상북도,안동시,22,73
202205,경상북도,안동시,23,54
202205,경상북도,안동시,24,59
202205,경상북도,안동시,25,38
202205,경상북도,안동시,26,36
202205,경상북도,안동시,27,21
202205,경상북도,안동시,28,16
202205,경상북도,안동시,29,25
202205,경상북도,안동시,30,27
202205,경상북도,안동시,31,21
202205,경상북도,안동시,32,27
202205,경상북도,안동시,33,41
202205,경상북도,안동시,34,38
202205,경상북도,안동시,35,33
202205,경상북도,안동시,36,45
202205,경상북도,안동시,37,43
202205,경상북도,안동시,38,61
202205,경상북도,안동시,39,66
202205,경상북도,안동시,40,75
202205,경상북도,안동시,41,68
202205,경상북도,안동시,42,77
202205,경상북도,안동시,43,91
202205,경상북도,안동시,44,107
202205,경상북도,안동시,45,79
202205,경상북도,안동시,46,118
202205,경상북도,안동시,47,113
202205,경상북도,안동시,48,146
202205,경상북도,안동시,49,125
202205,경상북도,안동시,50,128
202205,경상북도,안동시,51,133
202205,경상북도,안동시,52,145
202205,경상북도,안동시,53,142
202205,경상북도,안동시,54,163
202205,경상북도,안동시,55,146
202205,경상북도,안동시,56,175
202205,경상북도,안동시,57,163
202205,경상북도,안동시,58,146
202205,경상북도,안동시,59,153
202205,경상북도,안동시,60,179
202205,경상북도,안동시,61,202
202205,경상북도,안동시,62,216
202205,경상북도,안동시,63,196
202205,경상북도,안동시,64,192
202205,경상북도,안동시,65,188
202205,경상북도,안동시,66,181
202205,경상북도,안동시,67,178
202205,경상북도,안동시,68,152
202205,경상북도,안동시,69,174
202205,경상북도,안동시,70,178
202205,경상북도,안동시,71,142
202205,경상북도,안동시,72,137
202205,경상북도,안동시,73,145
202205,경상북도,안동시,74,139
202205,경상북도,안동시,75,166
202205,경상북도,안동시,76,93
202205,경상북도,안동시,77,134
202205,경상북도,안동시,78,158
202205,경상북도,안동시,79,223
202205,경상북도,안동시,80,184
202205,경상북도,안동시,81,179
202205,경상북도,안동시,82,185
202205,경상북도,안동시,83,178
202205,경상북도,안동시,84,158
202205,경상북도,안동시,85,144
202205,경상북도,안동시,86,125
202205,경상북도,안동시,87,111
202205,경상북도,안동시,88,115
202205,경상북도,안동시,89,94
202205,경상북도,안동시,90,84
202205,경상북도,안동시,91,66
202205,경상북도,안동시,92,32
202205,경상북도,안동시,93,34
202205,경상북도,안동시,94,30
202205,경상북도,안동시,95,21
202205,경상북도,안동시,96,15
202205,경상북도,안동시,97,9
202205,경상북도,안동시,98,5
202205,경상북도,안동시,99,5
202205,경상북도,안동시,100,3
202205,경상북도,안동시,101,3
202205,경상북도,안동시,102,1
202205,경상북도,안동시,105,1
202205,경상북도,구미시,0,22
202205,경상북도,구미시,1,53
202205,경상북도,구미시,2,62
202205,경상북도,구미시,3,58
202205,경상북도,구미시,4,66
202205,경상북도,구미시,5,102
202205,경상북도,구미시,6,90
202205,경상북도,구미시,7,120
202205,경상북도,구미시,8,136
202205,경상북도,구미시,9,165
202205,경상북도,구미시,10,156
202205,경상북도,구미시,11,174
202205,경상북도,구미시,12,183
202205,경상북도,구미시,13,178
202205,경상북도,구미시,14,236
202205,경상북도,구미시,15,193
202205,경상북도,구미시,16,208
202205,경상북도,구미시,17,206
202205,경상북도,구미시,18,175
202205,경상북도,구미시,19,125
202205,경상북도,구미시,20,117
202205,경상북도,구미시,21,117
202205,경상북도,구미시,22,105
202205,경상북도,구미시,23,96
202205,경상북도,구미시,24,81
202205,경상북도,구미시,25,68
202205,경상북도,구미시,26,48
202205,경상북도,구미시,27,52
202205,경상북도,구미시,28,60
202205,경상북도,구미시,29,56
202205,경상북도,구미시,30,64
202205,경상북도,구미시,31,64
202205,경상북도,구미시,32,83
202205,경상북도,구미시,33,80
202205,경상북도,구미시,34,68
202205,경상북도,구미시,35,101
202205,경상북도,구미시,36,94
202205,경상북도,구미시,37,107
202205,경상북도,구미시,38,117
202205,경상북도,구미시,39,135
202205,경상북도,구미시,40,162
202205,경상북도,구미시,41,151
202205,경상북도,구미시,42,172
202205,경상북도,구미시,43,135
202205,경상북도,구미시,44,155
202205,경상북도,구미시,45,160
202205,경상북도,구미시,46,175
202205,경상북도,구미시,47,175
202205,경상북도,구미시,48,175
202205,경상북도,구미시,49,172
202205,경상북도,구미시,50,192
202205,경상북도,구미시,51,201
202205,경상북도,구미시,52,220
202205,경상북도,구미시,53,225
202205,경상북도,구미시,54,216
202205,경상북도,구미시,55,194
202205,경상북도,구미시,56,193
202205,경상북도,구미시,57,222
202205,경상북도,구미시,58,222
202205,경상북도,구미시,59,214
202205,경상북도,구미시,60,225
202205,경상북도,구미시,61,240
202205,경상북도,구미시,62,233
202205,경상북도,구미시,63,191
202205,경상북도,구미시,64,197
202205,경상북도,구미시,65,200
202205,경상북도,구미시,66,197
202205,경상북도,구미시,67,233
202205,경상북도,구미시,68,163
202205,경상북도,구미시,69,198
202205,경상북도,구미시,70,185
202205,경상북도,구미시,71,138
202205,경상북도,구미시,72,153
202205,경상북도,구미시,73,148
202205,경상북도,구미시,74,136
202205,경상북도,구미시,75,139
202205,경상북도,구미시,76,106
202205,경상북도,구미시,77,125
202205,경상북도,구미시,78,121
202205,경상북도,구미시,79,159
202205,경상북도,구미시,80,139
202205,경상북도,구미시,81,123
202205,경상북도,구미시,82,107
202205,경상북도,구미시,83,119
202205,경상북도,구미시,84,99
202205,경상북도,구미시,85,96
202205,경상북도,구미시,86,95
202205,경상북도,구미시,87,88
202205,경상북도,구미시,88,64
202205,경상북도,구미시,89,53
202205,경상북도,구미시,90,48
202205,경상북도,구미시,91,31
202205,경상북도,구미시,92,17
202205,경상북도,구미시,93,16
202205,경상북도,구미시,94,15
202205,경상북도,구미시,95,9
202205,경상북도,구미시,96,5
202205,경상북도,구미시,97,1
202205,경상북도,구미시,98,3
202205,경상북도,구미시,99,6
202205,경상북도,구미시,101,2
202205,경상북도,구미시,102,2
202205,경상북도,구미시,103,1
202205,경상북도,영주시,0,8
202205,경상북도,영주시,1,9
202205,경상북도,영주시,2,14
202205,경상북도,영주시,3,19
202205,경상북도,영주시,4,20
202205,경상북도,영주시,5,22
202205,경상북도,영주시,6,33
202205,경상북도,영주시,7,35
202205,경상북도,영주시,8,66
202205,경상북도,영주시,9,67
202205,경상북도,영주시,10,62
202205,경상북도,영주시,11,63
202205,경상북도,영주시,12,65
202205,경상북도,영주시,13,77
202205,경상북도,영주시,14,82
202205,경상북도,영주시,15,67
202205,경상북도,영주시,16,84
202205,경상북도,영주시,17,77
202205,경상북도,영주시,18,79
202205,경상북도,영주시,19,63
202205,경상북도,영주시,20,58
202205,경상북도,영주시,21,63
202205,경상북도,영주시,22,58
202205,경상북도,영주시,23,48
202205,경상북도,영주시,24,41
202205,경상북도,영주시,25,35
202205,경상북도,영주시,26,23
202205,경상북도,영주시,27,17
202205,경상북도,영주시,28,14
202205,경상북도,영주시,29,20
202205,경상북도,영주시,30,22
202205,경상북도,영주시,31,17
202205,경상북도,영주시,32,11
202205,경상북도,영주시,33,20
202205,경상북도,영주시,34,30
202205,경상북도,영주시,35,27
202205,경상북도,영주시,36,26
202205,경상북도,영주시,37,27
202205,경상북도,영주시,38,37
202205,경상북도,영주시,39,53
202205,경상북도,영주시,40,48
202205,경상북도,영주시,41,59
202205,경상북도,영주시,42,59
202205,경상북도,영주시,43,63
202205,경상북도,영주시,44,51
202205,경상북도,영주시,45,55
202205,경상북도,영주시,46,62
202205,경상북도,영주시,47,82
202205,경상북도,영주시,48,94
202205,경상북도,영주시,49,87
202205,경상북도,영주시,50,97
202205,경상북도,영주시,51,94
202205,경상북도,영주시,52,114
202205,경상북도,영주시,53,126
202205,경상북도,영주시,54,123
202205,경상북도,영주시,55,98
202205,경상북도,영주시,56,102
202205,경상북도,영주시,57,106
202205,경상북도,영주시,58,110
202205,경상북도,영주시,59,109
202205,경상북도,영주시,60,125
202205,경상북도,영주시,61,151
202205,경상북도,영주시,62,158
202205,경상북도,영주시,63,129
202205,경상북도,영주시,64,134
202205,경상북도,영주시,65,165
202205,경상북도,영주시,66,136
202205,경상북도,영주시,67,126
202205,경상북도,영주시,68,130
202205,경상북도,영주시,69,117
202205,경상북도,영주시,70,124
202205,경상북도,영주시,71,87
202205,경상북도,영주시,72,101
202205,경상북도,영주시,73,105
202205,경상북도,영주시,74,117
202205,경상북도,영주시,75,85
202205,경상북도,영주시,76,50
202205,경상북도,영주시,77,110
202205,경상북도,영주시,78,114
202205,경상북도,영주시,79,131
202205,경상북도,영주시,80,150
202205,경상북도,영주시,81,122
202205,경상북도,영주시,82,111
202205,경상북도,영주시,83,127
202205,경상북도,영주시,84,103
202205,경상북도,영주시,85,112
202205,경상북도,영주시,86,104
202205,경상북도,영주시,87,81
202205,경상북도,영주시,88,71
202205,경상북도,영주시,89,55
202205,경상북도,영주시,90,57
202205,경상북도,영주시,91,44
202205,경상북도,영주시,92,35
202205,경상북도,영주시,93,19
202205,경상북도,영주시,94,20
202205,경상북도,영주시,95,8
202205,경상북도,영주시,96,8
202205,경상북도,영주시,97,5
202205,경상북도,영주시,98,5
202205,경상북도,영주시,99,2
202205,경상북도,영주시,100,1
202205,경상북도,영주시,101,2
202205,경상북도,영주시,102,1
202205,경상북도,영주시,104,2
202205,경상북도,영천시,0,8
202205,경상북도,영천시,1,18
202205,경상북도,영천시,2,19
202205,경상북도,영천시,3,24
202205,경상북도,영천시,4,20
202205,경상북도,영천시,5,38
202205,경상북도,영천시,6,37
202205,경상북도,영천시,7,46
202205,경상북도,영천시,8,47
202205,경상북도,영천시,9,62
202205,경상북도,영천시,10,72
202205,경상북도,영천시,11,99
202205,경상북도,영천시,12,60
202205,경상북도,영천시,13,71
202205,경상북도,영천시,14,93
202205,경상북도,영천시,15,83
202205,경상북도,영천시,16,88
202205,경상북도,영천시,17,80
202205,경상북도,영천시,18,68
202205,경상북도,영천시,19,59
202205,경상북도,영천시,20,49
202205,경상북도,영천시,21,50
202205,경상북도,영천시,22,44
202205,경상북도,영천시,23,46
202205,경상북도,영천시,24,33
202205,경상북도,영천시,25,20
202205,경상북도,영천시,26,24
202205,경상북도,영천시,27,12
202205,경상북도,영천시,28,21
202205,경상북도,영천시,29,11
202205,경상북도,영천시,30,19
202205,경상북도,영천시,31,16
202205,경상북도,영천시,32,26
202205,경상북도,영천시,33,19
202205,경상북도,영천시,34,29
202205,경상북도,영천시,35,28
202205,경상북도,영천시,36,29
202205,경상북도,영천시,37,32
202205,경상북도,영천시,38,27
202205,경상북도,영천시,39,40
202205,경상북도,영천시,40,45
202205,경상북도,영천시,41,37
202205,경상북도,영천시,42,57
202205,경상북도,영천시,43,48
202205,경상북도,영천시,44,51
202205,경상북도,영천시,45,54
202205,경상북도,영천시,46,71
202205,경상북도,영천시,47,75
202205,경상북도,영천시,48,91
202205,경상북도,영천시,49,77
202205,경상북도,영천시,50,92
202205,경상북도,영천시,51,120
202205,경상북도,영천시,52,86
202205,경상북도,영천시,53,100
202205,경상북도,영천시,54,103
202205,경상북도,영천시,55,99
202205,경상북도,영천시,56,101
202205,경상북도,영천시,57,122
202205,경상북도,영천시,58,110
202205,경상북도,영천시,59,113
202205,경상북도,영천시,60,137
202205,경상북도,영천시,61,149
202205,경상북도,영천시,62,146
202205,경상북도,영천시,63,127
202205,경상북도,영천시,64,133
202205,경상북도,영천시,65,135
202205,경상북도,영천시,66,150
202205,경상북도,영천시,67,152
202205,경상북도,영천시,68,110
202205,경상북도,영천시,69,120
202205,경상북도,영천시,70,126
202205,경상북도,영천시,71,104
202205,경상북도,영천시,72,127
202205,경상북도,영천시,73,116
202205,경상북도,영천시,74,132
202205,경상북도,영천시,75,96
202205,경상북도,영천시,76,89
202205,경상북도,영천시,77,95
202205,경상북도,영천시,78,115
202205,경상북도,영천시,79,145
202205,경상북도,영천시,80,142
202205,경상북도,영천시,81,105
202205,경상북도,영천시,82,130
202205,경상북도,영천시,83,135
202205,경상북도,영천시,84,118
202205,경상북도,영천시,85,112
202205,경상북도,영천시,86,107
202205,경상북도,영천시,87,78
202205,경상북도,영천시,88,63
202205,경상북도,영천시,89,71
202205,경상북도,영천시,90,53
202205,경상북도,영천시,91,39
202205,경상북도,영천시,92,33
202205,경상북도,영천시,93,23
202205,경상북도,영천시,94,13
202205,경상북도,영천시,95,8
202205,경상북도,영천시,96,2
202205,경상북도,영천시,97,7
202205,경상북도,영천시,98,2
202205,경상북도,영천시,99,4
202205,경상북도,영천시,100,3
202205,경상북도,영천시,101,4
202205,경상북도,영천시,103,1
202205,경상북도,영천시,106,1
202205,경상북도,상주시,0,5
202205,경상북도,상주시,1,9
202205,경상북도,상주시,2,10
202205,경상북도,상주시,3,11
202205,경상북도,상주시,4,13
202205,경상북도,상주시,5,15
202205,경상북도,상주시,6,35
202205,경상북도,상주시,7,31
202205,경상북도,상주시,8,30
202205,경상북도,상주시,9,42
202205,경상북도,상주시,10,60
202205,경상북도,상주시,11,48
202205,경상북도,상주시,12,47
202205,경상북도,상주시,13,53
202205,경상북도,상주시,14,60
202205,경상북도,상주시,15,61
202205,경상북도,상주시,16,58
202205,경상북도,상주시,17,54
202205,경상북도,상주시,18,37
202205,경상북도,상주시,19,41
202205,경상북도,상주시,20,36
202205,경상북도,상주시,21,34
202205,경상북도,상주시,22,23
202205,경상북도,상주시,23,22
202205,경상북도,상주시,24,24
202205,경상북도,상주시,25,16
202205,경상북도,상주시,26,10
202205,경상북도,상주시,27,14
202205,경상북도,상주시,28,12
202205,경상북도,상주시,29,12
202205,경상북도,상주시,30,20
202205,경상북도,상주시,31,17
202205,경상북도,상주시,32,14
202205,경상북도,상주시,33,18
202205,경상북도,상주시,34,18
202205,경상북도,상주시,35,23
202205,경상북도,상주시,36,18
202205,경상북도,상주시,37,19
202205,경상북도,상주시,38,33
202205,경상북도,상주시,39,24
202205,경상북도,상주시,40,36
202205,경상북도,상주시,41,34
202205,경상북도,상주시,42,39
202205,경상북도,상주시,43,38
202205,경상북도,상주시,44,41
202205,경상북도,상주시,45,45
202205,경상북도,상주시,46,33
202205,경상북도,상주시,47,66
202205,경상북도,상주시,48,49
202205,경상북도,상주시,49,67
202205,경상북도,상주시,50,78
202205,경상북도,상주시,51,52
202205,경상북도,상주시,52,74
202205,경상북도,상주시,53,71
202205,경상북도,상주시,54,81
202205,경상북도,상주시,55,77
202205,경상북도,상주시,56,68
202205,경상북도,상주시,57,79
202205,경상북도,상주시,58,76
202205,경상북도,상주시,59,90
202205,경상북도,상주시,60,95
202205,경상북도,상주시,61,92
202205,경상북도,상주시,62,100
202205,경상북도,상주시,63,84
202205,경상북도,상주시,64,79
202205,경상북도,상주시,65,90
202205,경상북도,상주시,66,83
202205,경상북도,상주시,67,115
202205,경상북도,상주시,68,81
202205,경상북도,상주시,69,96
202205,경상북도,상주시,70,90
202205,경상북도,상주시,71,64
202205,경상북도,상주시,72,79
202205,경상북도,상주시,73,88
202205,경상북도,상주시,74,81
202205,경상북도,상주시,75,87
202205,경상북도,상주시,76,75
202205,경상북도,상주시,77,55
202205,경상북도,상주시,78,89
202205,경상북도,상주시,79,105
202205,경상북도,상주시,80,132
202205,경상북도,상주시,81,90
202205,경상북도,상주시,82,97
202205,경상북도,상주시,83,97
202205,경상북도,상주시,84,96
202205,경상북도,상주시,85,90
202205,경상북도,상주시,86,78
202205,경상북도,상주시,87,92
202205,경상북도,상주시,88,69
202205,경상북도,상주시,89,55
202205,경상북도,상주시,90,45
202205,경상북도,상주시,91,37
202205,경상북도,상주시,92,25
202205,경상북도,상주시,93,18
202205,경상북도,상주시,94,22
202205,경상북도,상주시,95,17
202205,경상북도,상주시,96,11
202205,경상북도,상주시,97,8
202205,경상북도,상주시,98,3
202205,경상북도,상주시,99,1
202205,경상북도,상주시,100,3
202205,경상북도,상주시,101,1
202205,경상북도,상주시,102,1
202205,경상북도,상주시,103,1
202205,경상북도,상주시,104,1
202205,경상북도,상주시,112,1
202205,경상북도,문경시,0,3
202205,경상북도,문경시,1,8
202205,경상북도,문경시,2,6
202205,경상북도,문경시,3,4
202205,경상북도,문경시,4,6
202205,경상북도,문경시,5,6
202205,경상북도,문경시,6,13
202205,경상북도,문경시,7,12
202205,경상북도,문경시,8,15
202205,경상북도,문경시,9,15
202205,경상북도,문경시,10,14
202205,경상북도,문경시,11,22
202205,경상북도,문경시,12,31
202205,경상북도,문경시,13,14
202205,경상북도,문경시,14,27
202205,경상북도,문경시,15,40
202205,경상북도,문경시,16,22
202205,경상북도,문경시,17,31
202205,경상북도,문경시,18,30
202205,경상북도,문경시,19,22
202205,경상북도,문경시,20,21
202205,경상북도,문경시,21,21
202205,경상북도,문경시,22,12
202205,경상북도,문경시,23,16
202205,경상북도,문경시,24,8
202205,경상북도,문경시,25,11
202205,경상북도,문경시,26,5
202205,경상북도,문경시,27,3
202205,경상북도,문경시,28,5
202205,경상북도,문경시,29,9
202205,경상북도,문경시,30,2
202205,경상북도,문경시,31,7
202205,경상북도,문경시,32,13
202205,경상북도,문경시,33,8
202205,경상북도,문경시,34,13
202205,경상북도,문경시,35,10
202205,경상북도,문경시,36,14
202205,경상북도,문경시,37,13
202205,경상북도,문경시,38,17
202205,경상북도,문경시,39,20
202205,경상북도,문경시,40,11
202205,경상북도,문경시,41,15
202205,경상북도,문경시,42,19
202205,경상북도,문경시,43,16
202205,경상북도,문경시,44,25
202205,경상북도,문경시,45,22
202205,경상북도,문경시,46,26
202205,경상북도,문경시,47,38
202205,경상북도,문경시,48,36
202205,경상북도,문경시,49,31
202205,경상북도,문경시,50,41
202205,경상북도,문경시,51,44
202205,경상북도,문경시,52,34
202205,경상북도,문경시,53,49
202205,경상북도,문경시,54,51
202205,경상북도,문경시,55,46
202205,경상북도,문경시,56,53
202205,경상북도,문경시,57,60
202205,경상북도,문경시,58,73
202205,경상북도,문경시,59,49
202205,경상북도,문경시,60,63
202205,경상북도,문경시,61,81
202205,경상북도,문경시,62,66
202205,경상북도,문경시,63,55
202205,경상북도,문경시,64,64
202205,경상북도,문경시,65,59
202205,경상북도,문경시,66,61
202205,경상북도,문경시,67,68
202205,경상북도,문경시,68,55
202205,경상북도,문경시,69,70
202205,경상북도,문경시,70,63
202205,경상북도,문경시,71,49
202205,경상북도,문경시,72,49
202205,경상북도,문경시,73,62
202205,경상북도,문경시,74,58
202205,경상북도,문경시,75,50
202205,경상북도,문경시,76,33
202205,경상북도,문경시,77,45
202205,경상북도,문경시,78,74
202205,경상북도,문경시,79,78
202205,경상북도,문경시,80,96
202205,경상북도,문경시,81,70
202205,경상북도,문경시,82,64
202205,경상북도,문경시,83,69
202205,경상북도,문경시,84,67
202205,경상북도,문경시,85,58
202205,경상북도,문경시,86,56
202205,경상북도,문경시,87,37
202205,경상북도,문경시,88,39
202205,경상북도,문경시,89,31
202205,경상북도,문경시,90,23
202205,경상북도,문경시,91,12
202205,경상북도,문경시,92,22
202205,경상북도,문경시,93,13
202205,경상북도,문경시,94,15
202205,경상북도,문경시,95,6
202205,경상북도,문경시,96,3
202205,경상북도,문경시,97,3
202205,경상북도,문경시,98,1
202205,경상북도,문경시,99,2
202205,경상북도,문경시,100,2
202205,경상북도,문경시,101,1
202205,경상북도,문경시,102,1
202205,경상북도,문경시,103,1
202205,경상북도,문경시,104,2
202205,경상북도,문경시,106,1
202205,경상북도,경산시,0,20
202205,경상북도,경산시,1,26
202205,경상북도,경산시,2,58
202205,경상북도,경산시,3,53
202205,경상북도,경산시,4,56
202205,경상북도,경산시,5,67
202205,경상북도,경산시,6,86
202205,경상북도,경산시,7,137
202205,경상북도,경산시,8,122
202205,경상북도,경산시,9,130
202205,경상북도,경산시,10,167
202205,경상북도,경산시,11,174
202205,경상북도,경산시,12,149
202205,경상북도,경산시,13,145
202205,경상북도,경산시,14,178
202205,경상북도,경산시,15,159
202205,경상북도,경산시,16,173
202205,경상북도,경산시,17,168
202205,경상북도,경산시,18,146
202205,경상북도,경산시,19,129
202205,경상북도,경산시,20,112
202205,경상북도,경산시,21,124
202205,경상북도,경산시,22,107
202205,경상북도,경산시,23,101
202205,경상북도,경산시,24,92
202205,경상북도,경산시,25,84
202205,경상북도,경산시,26,68
202205,경상북도,경산시,27,69
202205,경상북도,경산시,28,47
202205,경상북도,경산시,29,50
202205,경상북도,경산시,30,44
202205,경상북도,경산시,31,66
202205,경상북도,경산시,32,60
202205,경상북도,경산시,33,57
202205,경상북도,경산시,34,78
202205,경상북도,경산시,35,76
202205,경상북도,경산시,36,79
202205,경상북도,경산시,37,72
202205,경상북도,경산시,38,80
202205,경상북도,경산시,39,107
202205,경상북도,경산시,40,104
202205,경상북도,경산시,41,125
202205,경상북도,경산시,42,140
202205,경상북도,경산시,43,115
202205,경상북도,경산시,44,139
202205,경상북도,경산시,45,120
202205,경상북도,경산시,46,131
202205,경상북도,경산시,47,160
202205,경상북도,경산시,48,162
202205,경상북도,경산시,49,191
202205,경상북도,경산시,50,182
202205,경상북도,경산시,51,214
202205,경상북도,경산시,52,209
202205,경상북도,경산시,53,208
202205,경상북도,경산시,54,182
202205,경상북도,경산시,55,210
202205,경상북도,경산시,56,182
202205,경상북도,경산시,57,199
202205,경상북도,경산시,58,175
202205,경상북도,경산시,59,204
202205,경상북도,경산시,60,206
202205,경상북도,경산시,61,218
202205,경상북도,경산시,62,205
202205,경상북도,경산시,63,234
202205,경상북도,경산시,64,194
202205,경상북도,경산시,65,208
202205,경상북도,경산시,66,221
202205,경상북도,경산시,67,221
202205,경상북도,경산시,68,174
202205,경상북도,경산시,69,219
202205,경상북도,경산시,70,188
202205,경상북도,경산시,71,159
202205,경상북도,경산시,72,161
202205,경상북도,경산시,73,189
202205,경상북도,경산시,74,198
202205,경상북도,경산시,75,172
202205,경상북도,경산시,76,104
202205,경상북도,경산시,77,153
202205,경상북도,경산시,78,170
202205,경상북도,경산시,79,227
202205,경상북도,경산시,80,214
202205,경상북도,경산시,81,186
202205,경상북도,경산시,82,203
202205,경상북도,경산시,83,153
202205,경상북도,경산시,84,130
202205,경상북도,경산시,85,138
202205,경상북도,경산시,86,147
202205,경상북도,경산시,87,122
202205,경상북도,경산시,88,75
202205,경상북도,경산시,89,64
202205,경상북도,경산시,90,52
202205,경상북도,경산시,91,39
202205,경상북도,경산시,92,31
202205,경상북도,경산시,93,32
202205,경상북도,경산시,94,15
202205,경상북도,경산시,95,14
202205,경상북도,경산시,96,4
202205,경상북도,경산시,97,7
202205,경상북도,경산시,98,9
202205,경상북도,경산시,99,4
202205,경상북도,경산시,100,1
202205,경상북도,군위군,2,3
202205,경상북도,군위군,3,2
202205,경상북도,군위군,4,3
202205,경상북도,군위군,5,4
202205,경상북도,군위군,6,3
202205,경상북도,군위군,7,5
202205,경상북도,군위군,8,9
202205,경상북도,군위군,9,7
202205,경상북도,군위군,10,7
202205,경상북도,군위군,11,8
202205,경상북도,군위군,12,11
202205,경상북도,군위군,13,8
202205,경상북도,군위군,14,8
202205,경상북도,군위군,15,3
202205,경상북도,군위군,16,12
202205,경상북도,군위군,17,7
202205,경상북도,군위군,18,10
202205,경상북도,군위군,19,4
202205,경상북도,군위군,20,9
202205,경상북도,군위군,21,4
202205,경상북도,군위군,22,6
202205,경상북도,군위군,23,4
202205,경상북도,군위군,24,5
202205,경상북도,군위군,25,6
202205,경상북도,군위군,26,1
202205,경상북도,군위군,27,1
202205,경상북도,군위군,28,3
202205,경상북도,군위군,29,1
202205,경상북도,군위군,30,2
202205,경상북도,군위군,31,5
202205,경상북도,군위군,32,2
202205,경상북도,군위군,33,1
202205,경상북도,군위군,34,3
202205,경상북도,군위군,35,4
202205,경상북도,군위군,36,4
202205,경상북도,군위군,37,5
202205,경상북도,군위군,38,3
202205,경상북도,군위군,39,6
202205,경상북도,군위군,40,5
202205,경상북도,군위군,41,6
202205,경상북도,군위군,42,9
202205,경상북도,군위군,43,10
202205,경상북도,군위군,44,7
202205,경상북도,군위군,45,11
202205,경상북도,군위군,46,8
202205,경상북도,군위군,47,8
202205,경상북도,군위군,48,16
202205,경상북도,군위군,49,8
202205,경상북도,군위군,50,14
202205,경상북도,군위군,51,10
202205,경상북도,군위군,52,9
202205,경상북도,군위군,53,21
202205,경상북도,군위군,54,14
202205,경상북도,군위군,55,11
202205,경상북도,군위군,56,19
202205,경상북도,군위군,57,16
202205,경상북도,군위군,58,10
202205,경상북도,군위군,59,25
202205,경상북도,군위군,60,19
202205,경상북도,군위군,61,28
202205,경상북도,군위군,62,22
202205,경상북도,군위군,63,29
202205,경상북도,군위군,64,20
202205,경상북도,군위군,65,25
202205,경상북도,군위군,66,15
202205,경상북도,군위군,67,16
202205,경상북도,군위군,68,17
202205,경상북도,군위군,69,20
202205,경상북도,군위군,70,15
202205,경상북도,군위군,71,25
202205,경상북도,군위군,72,26
202205,경상북도,군위군,73,19
202205,경상북도,군위군,74,18
202205,경상북도,군위군,75,22
202205,경상북도,군위군,76,13
202205,경상북도,군위군,77,15
202205,경상북도,군위군,78,22
202205,경상북도,군위군,79,24
202205,경상북도,군위군,80,39
202205,경상북도,군위군,81,27
202205,경상북도,군위군,82,29
202205,경상북도,군위군,83,29
202205,경상북도,군위군,84,26
202205,경상북도,군위군,85,22
202205,경상북도,군위군,86,22
202205,경상북도,군위군,87,23
202205,경상북도,군위군,88,12
202205,경상북도,군위군,89,18
202205,경상북도,군위군,90,8
202205,경상북도,군위군,91,12
202205,경상북도,군위군,92,5
202205,경상북도,군위군,93,2
202205,경상북도,군위군,94,2
202205,경상북도,군위군,95,3
202205,경상북도,군위군,96,2
202205,경상북도,군위군,97,2
202205,경상북도,군위군,98,1
202205,경상북도,군위군,100,1
202205,경상북도,군위군,103,1
202205,경상북도,의성군,0,1
202205,경상북도,의성군,1,5
202205,경상북도,의성군,2,1
202205,경상북도,의성군,3,1
202205,경상북도,의성군,4,4
202205,경상북도,의성군,5,4
202205,경상북도,의성군,6,11
202205,경상북도,의성군,7,15
202205,경상북도,의성군,8,17
202205,경상북도,의성군,9,13
202205,경상북도,의성군,10,16
202205,경상북도,의성군,11,26
202205,경상북도,의성군,12,22
202205,경상북도,의성군,13,26
202205,경상북도,의성군,14,25
202205,경상북도,의성군,15,34
202205,경상북도,의성군,16,35
202205,경상북도,의성군,17,25
202205,경상북도,의성군,18,15
202205,경상북도,의성군,19,18
202205,경상북도,의성군,20,16
202205,경상북도,의성군,21,12
202205,경상북도,의성군,22,7
202205,경상북도,의성군,23,13
202205,경상북도,의성군,24,6
202205,경상북도,의성군,25,3
202205,경상북도,의성군,26,2
202205,경상북도,의성군,27,9
202205,경상북도,의성군,28,7
202205,경상북도,의성군,29,4
202205,경상북도,의성군,30,4
202205,경상북도,의성군,31,3
202205,경상북도,의성군,32,10
202205,경상북도,의성군,33,10
202205,경상북도,의성군,34,5
202205,경상북도,의성군,35,9
202205,경상북도,의성군,36,11
202205,경상북도,의성군,37,11
202205,경상북도,의성군,38,18
202205,경상북도,의성군,39,13
202205,경상북도,의성군,40,12
202205,경상북도,의성군,41,22
202205,경상북도,의성군,42,22
202205,경상북도,의성군,43,22
202205,경상북도,의성군,44,22
202205,경상북도,의성군,45,20
202205,경상북도,의성군,46,19
202205,경상북도,의성군,47,25
202205,경상북도,의성군,48,39
202205,경상북도,의성군,49,28
202205,경상북도,의성군,50,31
202205,경상북도,의성군,51,34
202205,경상북도,의성군,52,37
202205,경상북도,의성군,53,46
202205,경상북도,의성군,54,50
202205,경상북도,의성군,55,51
202205,경상북도,의성군,56,42
202205,경상북도,의성군,57,61
202205,경상북도,의성군,58,45
202205,경상북도,의성군,59,67
202205,경상북도,의성군,60,56
202205,경상북도,의성군,61,74
202205,경상북도,의성군,62,61
202205,경상북도,의성군,63,59
202205,경상북도,의성군,64,66
202205,경상북도,의성군,65,60
202205,경상북도,의성군,66,58
202205,경상북도,의성군,67,60
202205,경상북도,의성군,68,58
202205,경상북도,의성군,69,65
202205,경상북도,의성군,70,76
202205,경상북도,의성군,71,56
202205,경상북도,의성군,72,44
202205,경상북도,의성군,73,60
202205,경상북도,의성군,74,67
202205,경상북도,의성군,75,49
202205,경상북도,의성군,76,46
202205,경상북도,의성군,77,45
202205,경상북도,의성군,78,80
202205,경상북도,의성군,79,103
202205,경상북도,의성군,80,92
202205,경상북도,의성군,81,75
202205,경상북도,의성군,82,85
202205,경상북도,의성군,83,100
202205,경상북도,의성군,84,78
202205,경상북도,의성군,85,97
202205,경상북도,의성군,86,105
202205,경상북도,의성군,87,91
202205,경상북도,의성군,88,60
202205,경상북도,의성군,89,60
202205,경상북도,의성군,90,56
202205,경상북도,의성군,91,37
202205,경상북도,의성군,92,34
202205,경상북도,의성군,93,24
202205,경상북도,의성군,94,18
202205,경상북도,의성군,95,10
202205,경상북도,의성군,96,7
202205,경상북도,의성군,97,4
202205,경상북도,의성군,98,4
202205,경상북도,의성군,99,4
202205,경상북도,의성군,100,3
202205,경상북도,청송군,0,1
202205,경상북도,청송군,2,2
202205,경상북도,청송군,3,3
202205,경상북도,청송군,5,3
202205,경상북도,청송군,6,3
202205,경상북도,청송군,7,4
202205,경상북도,청송군,8,7
202205,경상북도,청송군,9,10
202205,경상북도,청송군,10,11
202205,경상북도,청송군,11,12
202205,경상북도,청송군,12,7
202205,경상북도,청송군,13,13
202205,경상북도,청송군,14,11
202205,경상북도,청송군,15,9
202205,경상북도,청송군,16,5
202205,경상북도,청송군,17,14
202205,경상북도,청송군,18,13
202205,경상북도,청송군,19,11
202205,경상북도,청송군,20,7
202205,경상북도,청송군,21,8
202205,경상북도,청송군,22,8
202205,경상북도,청송군,23,6
202205,경상북도,청송군,24,9
202205,경상북도,청송군,25,1
202205,경상북도,청송군,26,2
202205,경상북도,청송군,27,6
202205,경상북도,청송군,28,3
202205,경상북도,청송군,29,1
202205,경상북도,청송군,30,3
202205,경상북도,청송군,31,1
202205,경상북도,청송군,32,3
202205,경상북도,청송군,33,2
202205,경상북도,청송군,34,8
202205,경상북도,청송군,35,4
202205,경상북도,청송군,36,3
202205,경상북도,청송군,37,4
202205,경상북도,청송군,38,7
202205,경상북도,청송군,39,5
202205,경상북도,청송군,40,5
202205,경상북도,청송군,41,13
202205,경상북도,청송군,42,5
202205,경상북도,청송군,43,4
202205,경상북도,청송군,44,10
202205,경상북도,청송군,45,8
202205,경상북도,청송군,46,15
202205,경상북도,청송군,47,12
202205,경상북도,청송군,48,15
202205,경상북도,청송군,49,14
202205,경상북도,청송군,50,14
202205,경상북도,청송군,51,13
202205,경상북도,청송군,52,19
202205,경상북도,청송군,53,31
202205,경상북도,청송군,54,13
202205,경상북도,청송군,55,22
202205,경상북도,청송군,56,16
202205,경상북도,청송군,57,28
202205,경상북도,청송군,58,26
202205,경상북도,청송군,59,21
202205,경상북도,청송군,60,26
202205,경상북도,청송군,61,23
202205,경상북도,청송군,62,34
202205,경상북도,청송군,63,21
202205,경상북도,청송군,64,31
202205,경상북도,청송군,65,26
202205,경상북도,청송군,66,23
202205,경상북도,청송군,67,22
202205,경상북도,청송군,68,24
202205,경상북도,청송군,69,34
202205,경상북도,청송군,70,22
202205,경상북도,청송군,71,30
202205,경상북도,청송군,72,23
202205,경상북도,청송군,73,27
202205,경상북도,청송군,74,31
202205,경상북도,청송군,75,33
202205,경상북도,청송군,76,16
202205,경상북도,청송군,77,22
202205,경상북도,청송군,78,24
202205,경상북도,청송군,79,52
202205,경상북도,청송군,80,42
202205,경상북도,청송군,81,26
202205,경상북도,청송군,82,35
202205,경상북도,청송군,83,36
202205,경상북도,청송군,84,33
202205,경상북도,청송군,85,26
202205,경상북도,청송군,86,31
202205,경상북도,청송군,87,30
202205,경상북도,청송군,88,21
202205,경상북도,청송군,89,13
202205,경상북도,청송군,90,15
202205,경상북도,청송군,91,12
202205,경상북도,청송군,92,8
202205,경상북도,청송군,93,4
202205,경상북도,청송군,94,8
202205,경상북도,청송군,95,5
202205,경상북도,청송군,96,2
202205,경상북도,청송군,97,1
202205,경상북도,청송군,102,1
202205,경상북도,영양군,0,1
202205,경상북도,영양군,2,2
202205,경상북도,영양군,3,2
202205,경상북도,영양군,4,4
202205,경상북도,영양군,5,1
202205,경상북도,영양군,6,6
202205,경상북도,영양군,7,6
202205,경상북도,영양군,8,10
202205,경상북도,영양군,9,14
202205,경상북도,영양군,10,10
202205,경상북도,영양군,11,8
202205,경상북도,영양군,12,16
202205,경상북도,영양군,13,9
202205,경상북도,영양군,14,11
202205,경상북도,영양군,15,12
202205,경상북도,영양군,16,17
202205,경상북도,영양군,17,10
202205,경상북도,영양군,18,7
202205,경상북도,영양군,19,4
202205,경상북도,영양군,20,10
202205,경상북도,영양군,21,8
202205,경상북도,영양군,22,7
202205,경상북도,영양군,23,4
202205,경상북도,영양군,24,3
202205,경상북도,영양군,25,4
202205,경상북도,영양군,26,4
202205,경상북도,영양군,27,3
202205,경상북도,영양군,28,1
202205,경상북도,영양군,29,3
202205,경상북도,영양군,30,1
202205,경상북도,영양군,31,2
202205,경상북도,영양군,32,1
202205,경상북도,영양군,33,6
202205,경상북도,영양군,34,5
202205,경상북도,영양군,35,6
202205,경상북도,영양군,36,4
202205,경상북도,영양군,37,3
202205,경상북도,영양군,38,4
202205,경상북도,영양군,39,6
202205,경상북도,영양군,40,4
202205,경상북도,영양군,41,4
202205,경상북도,영양군,42,8
202205,경상북도,영양군,43,4
202205,경상북도,영양군,44,8
202205,경상북도,영양군,45,8
202205,경상북도,영양군,46,5
202205,경상북도,영양군,47,5
202205,경상북도,영양군,48,7
202205,경상북도,영양군,49,13
202205,경상북도,영양군,50,13
202205,경상북도,영양군,51,13
202205,경상북도,영양군,52,14
202205,경상북도,영양군,53,14
202205,경상북도,영양군,54,19
202205,경상북도,영양군,55,16
202205,경상북도,영양군,56,17
202205,경상북도,영양군,57,13
202205,경상북도,영양군,58,21
202205,경상북도,영양군,59,26
202205,경상북도,영양군,60,19
202205,경상북도,영양군,61,31
202205,경상북도,영양군,62,23
202205,경상북도,영양군,63,21
202205,경상북도,영양군,64,22
202205,경상북도,영양군,65,11
202205,경상북도,영양군,66,24
202205,경상북도,영양군,67,31
202205,경상북도,영양군,68,14
202205,경상북도,영양군,69,24
202205,경상북도,영양군,70,25
202205,경상북도,영양군,71,16
202205,경상북도,영양군,72,12
202205,경상북도,영양군,73,24
202205,경상북도,영양군,74,14
202205,경상북도,영양군,75,18
202205,경상북도,영양군,76,11
202205,경상북도,영양군,77,19
202205,경상북도,영양군,78,21
202205,경상북도,영양군,79,27
202205,경상북도,영양군,80,30
202205,경상북도,영양군,81,30
202205,경상북도,영양군,82,27
202205,경상북도,영양군,83,30
202205,경상북도,영양군,84,18
202205,경상북도,영양군,85,30
202205,경상북도,영양군,86,19
202205,경상북도,영양군,87,17
202205,경상북도,영양군,88,13
202205,경상북도,영양군,89,8
202205,경상북도,영양군,90,11
202205,경상북도,영양군,91,9
202205,경상북도,영양군,92,11
202205,경상북도,영양군,93,9
202205,경상북도,영양군,94,4
202205,경상북도,영양군,95,3
202205,경상북도,영양군,96,3
202205,경상북도,영양군,97,3
202205,경상북도,영양군,98,2
202205,경상북도,영양군,99,2
202205,경상북도,영양군,101,1
202205,경상북도,영양군,110,1
202205,경상북도,영양군,111,1
202205,경상북도,영덕군,1,2
202205,경상북도,영덕군,2,5
202205,경상북도,영덕군,3,5
202205,경상북도,영덕군,4,4
202205,경상북도,영덕군,5,5
202205,경상북도,영덕군,6,5
202205,경상북도,영덕군,7,14
202205,경상북도,영덕군,8,16
202205,경상북도,영덕군,9,18
202205,경상북도,영덕군,10,25
202205,경상북도,영덕군,11,27
202205,경상북도,영덕군,12,22
202205,경상북도,영덕군,13,23
202205,경상북도,영덕군,14,25
202205,경상북도,영덕군,15,27
202205,경상북도,영덕군,16,23
202205,경상북도,영덕군,17,27
202205,경상북도,영덕군,18,25
202205,경상북도,영덕군,19,6
202205,경상북도,영덕군,20,14
202205,경상북도,영덕군,21,14
202205,경상북도,영덕군,22,9
202205,경상북도,영덕군,23,7
202205,경상북도,영덕군,24,11
202205,경상북도,영덕군,25,6
202205,경상북도,영덕군,26,2
202205,경상북도,영덕군,27,5
202205,경상북도,영덕군,28,2
202205,경상북도,영덕군,29,4
202205,경상북도,영덕군,30,5
202205,경상북도,영덕군,31,4
202205,경상북도,영덕군,32,5
202205,경상북도,영덕군,33,4
202205,경상북도,영덕군,34,5
202205,경상북도,영덕군,35,1
202205,경상북도,영덕군,36,4
202205,경상북도,영덕군,37,4
202205,경상북도,영덕군,38,12
202205,경상북도,영덕군,39,7
202205,경상북도,영덕군,40,12
202205,경상북도,영덕군,41,13
202205,경상북도,영덕군,42,7
202205,경상북도,영덕군,43,12
202205,경상북도,영덕군,44,16
202205,경상북도,영덕군,45,18
202205,경상북도,영덕군,46,18
202205,경상북도,영덕군,47,20
202205,경상북도,영덕군,48,28
202205,경상북도,영덕군,49,27
202205,경상북도,영덕군,50,30
202205,경상북도,영덕군,51,29
202205,경상북도,영덕군,52,43
202205,경상북도,영덕군,53,35
202205,경상북도,영덕군,54,33
202205,경상북도,영덕군,55,38
202205,경상북도,영덕군,56,29
202205,경상북도,영덕군,57,36
202205,경상북도,영덕군,58,36
202205,경상북도,영덕군,59,49
202205,경상북도,영덕군,60,42
202205,경상북도,영덕군,61,60
202205,경상북도,영덕군,62,51
202205,경상북도,영덕군,63,45
202205,경상북도,영덕군,64,40
202205,경상북도,영덕군,65,44
202205,경상북도,영덕군,66,54
202205,경상북도,영덕군,67,43
202205,경상북도,영덕군,68,55
202205,경상북도,영덕군,69,47
202205,경상북도,영덕군,70,62
202205,경상북도,영덕군,71,37
202205,경상북도,영덕군,72,52
202205,경상북도,영덕군,73,49
202205,경상북도,영덕군,74,58
202205,경상북도,영덕군,75,43
202205,경상북도,영덕군,76,26
202205,경상북도,영덕군,77,50
202205,경상북도,영덕군,78,65
202205,경상북도,영덕군,79,77
202205,경상북도,영덕군,80,96
202205,경상북도,영덕군,81,56
202205,경상북도,영덕군,82,61
202205,경상북도,영덕군,83,74
202205,경상북도,영덕군,84,56
202205,경상북도,영덕군,85,53
202205,경상북도,영덕군,86,42
202205,경상북도,영덕군,87,39
202205,경상북도,영덕군,88,31
202205,경상북도,영덕군,89,23
202205,경상북도,영덕군,90,30
202205,경상북도,영덕군,91,26
202205,경상북도,영덕군,92,26
202205,경상북도,영덕군,93,9
202205,경상북도,영덕군,94,15
202205,경상북도,영덕군,95,5
202205,경상북도,영덕군,96,9
202205,경상북도,영덕군,97,2
202205,경상북도,영덕군,98,3
202205,경상북도,영덕군,99,2
202205,경상북도,영덕군,103,1
202205,경상북도,영덕군,104,1
202205,경상북도,영덕군,109,1
202205,경상북도,청도군,1,1
202205,경상북도,청도군,2,1
202205,경상북도,청도군,4,4
202205,경상북도,청도군,5,2
202205,경상북도,청도군,6,3
202205,경상북도,청도군,7,9
202205,경상북도,청도군,8,15
202205,경상북도,청도군,9,14
202205,경상북도,청도군,10,13
202205,경상북도,청도군,11,23
202205,경상북도,청도군,12,21
202205,경상북도,청도군,13,16
202205,경상북도,청도군,14,21
202205,경상북도,청도군,15,28
202205,경상북도,청도군,16,29
202205,경상북도,청도군,17,19
202205,경상북도,청도군,18,24
202205,경상북도,청도군,19,13
202205,경상북도,청도군,20,16
202205,경상북도,청도군,21,11
202205,경상북도,청도군,22,15
202205,경상북도,청도군,23,13
202205,경상북도,청도군,24,3
202205,경상북도,청도군,25,4
202205,경상북도,청도군,26,2
202205,경상북도,청도군,27,6
202205,경상북도,청도군,28,4
202205,경상북도,청도군,29,1
202205,경상북도,청도군,31,3
202205,경상북도,청도군,32,7
202205,경상북도,청도군,33,5
202205,경상북도,청도군,34,3
202205,경상북도,청도군,35,2
202205,경상북도,청도군,36,9
202205,경상북도,청도군,37,8
202205,경상북도,청도군,38,14
202205,경상북도,청도군,39,9
202205,경상북도,청도군,40,15
202205,경상북도,청도군,41,13
202205,경상북도,청도군,42,10
202205,경상북도,청도군,43,12
202205,경상북도,청도군,44,19
202205,경상북도,청도군,45,17
202205,경상북도,청도군,46,21
202205,경상북도,청도군,47,23
202205,경상북도,청도군,48,31
202205,경상북도,청도군,49,24
202205,경상북도,청도군,50,27
202205,경상북도,청도군,51,33
202205,경상북도,청도군,52,30
202205,경상북도,청도군,53,35
202205,경상북도,청도군,54,46
202205,경상북도,청도군,55,36
202205,경상북도,청도군,56,38
202205,경상북도,청도군,57,41
202205,경상북도,청도군,58,46
202205,경상북도,청도군,59,45
202205,경상북도,청도군,60,39
202205,경상북도,청도군,61,59
202205,경상북도,청도군,62,55
202205,경상북도,청도군,63,50
202205,경상북도,청도군,64,42
202205,경상북도,청도군,65,50
202205,경상북도,청도군,66,44
202205,경상북도,청도군,67,55
202205,경상북도,청도군,68,49
202205,경상북도,청도군,69,37
202205,경상북도,청도군,70,39
202205,경상북도,청도군,71,36
202205,경상북도,청도군,72,38
202205,경상북도,청도군,73,44
202205,경상북도,청도군,74,34
202205,경상북도,청도군,75,34
202205,경상북도,청도군,76,25
202205,경상북도,청도군,77,23
202205,경상북도,청도군,78,37
202205,경상북도,청도군,79,49
202205,경상북도,청도군,80,43
202205,경상북도,청도군,81,38
202205,경상북도,청도군,82,43
202205,경상북도,청도군,83,57
202205,경상북도,청도군,84,53
202205,경상북도,청도군,85,41
202205,경상북도,청도군,86,38
202205,경상북도,청도군,87,38
202205,경상북도,청도군,88,27
202205,경상북도,청도군,89,18
202205,경상북도,청도군,90,27
202205,경상북도,청도군,91,13
202205,경상북도,청도군,92,11
202205,경상북도,청도군,93,11
202205,경상북도,청도군,94,9
202205,경상북도,청도군,95,4
202205,경상북도,청도군,96,4
202205,경상북도,청도군,97,1
202205,경상북도,청도군,98,4
202205,경상북도,청도군,99,1
202205,경상북도,고령군,0,4
202205,경상북도,고령군,1,1
202205,경상북도,고령군,2,3
202205,경상북도,고령군,3,4
202205,경상북도,고령군,4,3
202205,경상북도,고령군,5,6
202205,경상북도,고령군,6,14
202205,경상북도,고령군,7,8
202205,경상북도,고령군,8,13
202205,경상북도,고령군,9,11
202205,경상북도,고령군,10,16
202205,경상북도,고령군,11,20
202205,경상북도,고령군,12,16
202205,경상북도,고령군,13,19
202205,경상북도,고령군,14,25
202205,경상북도,고령군,15,21
202205,경상북도,고령군,16,22
202205,경상북도,고령군,17,16
202205,경상북도,고령군,18,17
202205,경상북도,고령군,19,14
202205,경상북도,고령군,20,11
202205,경상북도,고령군,21,12
202205,경상북도,고령군,22,13
202205,경상북도,고령군,23,8
202205,경상북도,고령군,24,8
202205,경상북도,고령군,25,5
202205,경상북도,고령군,26,4
202205,경상북도,고령군,27,1
202205,경상북도,고령군,28,3
202205,경상북도,고령군,29,3
202205,경상북도,고령군,30,4
202205,경상북도,고령군,31,5
202205,경상북도,고령군,32,7
202205,경상북도,고령군,33,6
202205,경상북도,고령군,34,2
202205,경상북도,고령군,35,2
202205,경상북도,고령군,36,7
202205,경상북도,고령군,37,6
202205,경상북도,고령군,38,6
202205,경상북도,고령군,39,10
202205,경상북도,고령군,40,5
202205,경상북도,고령군,41,13
202205,경상북도,고령군,42,9
202205,경상북도,고령군,43,12
202205,경상북도,고령군,44,13
202205,경상북도,고령군,45,10
202205,경상북도,고령군,46,14
202205,경상북도,고령군,47,12
202205,경상북도,고령군,48,12
202205,경상북도,고령군,49,21
202205,경상북도,고령군,50,24
202205,경상북도,고령군,51,27
202205,경상북도,고령군,52,32
202205,경상북도,고령군,53,29
202205,경상북도,고령군,54,26
202205,경상북도,고령군,55,21
202205,경상북도,고령군,56,15
202205,경상북도,고령군,57,25
202205,경상북도,고령군,58,29
202205,경상북도,고령군,59,50
202205,경상북도,고령군,60,35
202205,경상북도,고령군,61,42
202205,경상북도,고령군,62,40
202205,경상북도,고령군,63,32
202205,경상북도,고령군,64,32
202205,경상북도,고령군,65,50
202205,경상북도,고령군,66,44
202205,경상북도,고령군,67,39
202205,경상북도,고령군,68,33
202205,경상북도,고령군,69,47
202205,경상북도,고령군,70,47
202205,경상북도,고령군,71,33
202205,경상북도,고령군,72,43
202205,경상북도,고령군,73,33
202205,경상북도,고령군,74,27
202205,경상북도,고령군,75,28
202205,경상북도,고령군,76,21
202205,경상북도,고령군,77,36
202205,경상북도,고령군,78,42
202205,경상북도,고령군,79,33
202205,경상북도,고령군,80,37
202205,경상북도,고령군,81,29
202205,경상북도,고령군,82,44
202205,경상북도,고령군,83,47
202205,경상북도,고령군,84,25
202205,경상북도,고령군,85,38
202205,경상북도,고령군,86,37
202205,경상북도,고령군,87,24
202205,경상북도,고령군,88,27
202205,경상북도,고령군,89,18
202205,경상북도,고령군,90,17
202205,경상북도,고령군,91,14
202205,경상북도,고령군,92,5
202205,경상북도,고령군,93,5
202205,경상북도,고령군,94,5
202205,경상북도,고령군,95,1
202205,경상북도,고령군,96,0
202205,경상북도,고령군,97,1
202205,경상북도,고령군,98,2
202205,경상북도,성주군,0,2
202205,경상북도,성주군,2,2
202205,경상북도,성주군,3,3
202205,경상북도,성주군,4,6
202205,경상북도,성주군,5,7
202205,경상북도,성주군,6,7
202205,경상북도,성주군,7,11
202205,경상북도,성주군,8,15
202205,경상북도,성주군,9,25
202205,경상북도,성주군,10,23
202205,경상북도,성주군,11,23
202205,경상북도,성주군,12,16
202205,경상북도,성주군,13,26
202205,경상북도,성주군,14,30
202205,경상북도,성주군,15,20
202205,경상북도,성주군,16,20
202205,경상북도,성주군,17,21
202205,경상북도,성주군,18,22
202205,경상북도,성주군,19,16
202205,경상북도,성주군,20,10
202205,경상북도,성주군,21,12
202205,경상북도,성주군,22,7
202205,경상북도,성주군,23,8
202205,경상북도,성주군,24,5
202205,경상북도,성주군,25,8
202205,경상북도,성주군,27,2
202205,경상북도,성주군,28,5
202205,경상북도,성주군,29,2
202205,경상북도,성주군,30,7
202205,경상북도,성주군,31,6
202205,경상북도,성주군,32,8
202205,경상북도,성주군,33,5
202205,경상북도,성주군,34,11
202205,경상북도,성주군,35,5
202205,경상북도,성주군,36,7
202205,경상북도,성주군,37,14
202205,경상북도,성주군,38,5
202205,경상북도,성주군,39,11
202205,경상북도,성주군,40,14
202205,경상북도,성주군,41,13
202205,경상북도,성주군,42,14
202205,경상북도,성주군,43,16
202205,경상북도,성주군,44,16
202205,경상북도,성주군,45,21
202205,경상북도,성주군,46,18
202205,경상북도,성주군,47,18
202205,경상북도,성주군,48,18
202205,경상북도,성주군,49,20
202205,경상북도,성주군,50,25
202205,경상북도,성주군,51,18
202205,경상북도,성주군,52,37
202205,경상북도,성주군,53,25
202205,경상북도,성주군,54,24
202205,경상북도,성주군,55,46
202205,경상북도,성주군,56,27
202205,경상북도,성주군,57,37
202205,경상북도,성주군,58,32
202205,경상북도,성주군,59,31
202205,경상북도,성주군,60,43
202205,경상북도,성주군,61,35
202205,경상북도,성주군,62,44
202205,경상북도,성주군,63,55
202205,경상북도,성주군,64,39
202205,경상북도,성주군,65,46
202205,경상북도,성주군,66,44
202205,경상북도,성주군,67,47
202205,경상북도,성주군,68,52
202205,경상북도,성주군,69,45
202205,경상북도,성주군,70,57
202205,경상북도,성주군,71,34
202205,경상북도,성주군,72,44
202205,경상북도,성주군,73,43
202205,경상북도,성주군,74,38
202205,경상북도,성주군,75,37
202205,경상북도,성주군,76,22
202205,경상북도,성주군,77,22
202205,경상북도,성주군,78,36
202205,경상북도,성주군,79,57
202205,경상북도,성주군,80,38
202205,경상북도,성주군,81,43
202205,경상북도,성주군,82,47
202205,경상북도,성주군,83,39
202205,경상북도,성주군,84,39
202205,경상북도,성주군,85,37
202205,경상북도,성주군,86,47
202205,경상북도,성주군,87,35
202205,경상북도,성주군,88,29
202205,경상북도,성주군,89,24
202205,경상북도,성주군,90,27
202205,경상북도,성주군,91,23
202205,경상북도,성주군,92,13
202205,경상북도,성주군,93,9
202205,경상북도,성주군,94,10
202205,경상북도,성주군,95,8
202205,경상북도,성주군,96,3
202205,경상북도,성주군,97,3
202205,경상북도,성주군,98,2
202205,경상북도,성주군,100,3
202205,경상북도,칠곡군,0,13
202205,경상북도,칠곡군,1,18
202205,경상북도,칠곡군,2,23
202205,경상북도,칠곡군,3,21
202205,경상북도,칠곡군,4,36
202205,경상북도,칠곡군,5,33
202205,경상북도,칠곡군,6,49
202205,경상북도,칠곡군,7,82
202205,경상북도,칠곡군,8,71
202205,경상북도,칠곡군,9,82
202205,경상북도,칠곡군,10,100
202205,경상북도,칠곡군,11,84
202205,경상북도,칠곡군,12,72
202205,경상북도,칠곡군,13,114
202205,경상북도,칠곡군,14,107
202205,경상북도,칠곡군,15,92
202205,경상북도,칠곡군,16,106
202205,경상북도,칠곡군,17,90
202205,경상북도,칠곡군,18,57
202205,경상북도,칠곡군,19,47
202205,경상북도,칠곡군,20,41
202205,경상북도,칠곡군,21,48
202205,경상북도,칠곡군,22,31
202205,경상북도,칠곡군,23,44
202205,경상북도,칠곡군,24,27
202205,경상북도,칠곡군,25,26
202205,경상북도,칠곡군,26,16
202205,경상북도,칠곡군,27,23
202205,경상북도,칠곡군,28,21
202205,경상북도,칠곡군,29,17
202205,경상북도,칠곡군,30,26
202205,경상북도,칠곡군,31,24
202205,경상북도,칠곡군,32,19
202205,경상북도,칠곡군,33,32
202205,경상북도,칠곡군,34,27
202205,경상북도,칠곡군,35,33
202205,경상북도,칠곡군,36,32
202205,경상북도,칠곡군,37,37
202205,경상북도,칠곡군,38,41
202205,경상북도,칠곡군,39,45
202205,경상북도,칠곡군,40,65
202205,경상북도,칠곡군,41,39
202205,경상북도,칠곡군,42,64
202205,경상북도,칠곡군,43,56
202205,경상북도,칠곡군,44,60
202205,경상북도,칠곡군,45,59
202205,경상북도,칠곡군,46,70
202205,경상북도,칠곡군,47,72
202205,경상북도,칠곡군,48,89
202205,경상북도,칠곡군,49,66
202205,경상북도,칠곡군,50,79
202205,경상북도,칠곡군,51,86
202205,경상북도,칠곡군,52,80
202205,경상북도,칠곡군,53,105
202205,경상북도,칠곡군,54,75
202205,경상북도,칠곡군,55,80
202205,경상북도,칠곡군,56,84
202205,경상북도,칠곡군,57,83
202205,경상북도,칠곡군,58,67
202205,경상북도,칠곡군,59,86
202205,경상북도,칠곡군,60,94
202205,경상북도,칠곡군,61,104
202205,경상북도,칠곡군,62,91
202205,경상북도,칠곡군,63,76
202205,경상북도,칠곡군,64,72
202205,경상북도,칠곡군,65,95
202205,경상북도,칠곡군,66,80
202205,경상북도,칠곡군,67,99
202205,경상북도,칠곡군,68,94
202205,경상북도,칠곡군,69,83
202205,경상북도,칠곡군,70,70
202205,경상북도,칠곡군,71,68
202205,경상북도,칠곡군,72,64
202205,경상북도,칠곡군,73,85
202205,경상북도,칠곡군,74,69
202205,경상북도,칠곡군,75,80
202205,경상북도,칠곡군,76,55
202205,경상북도,칠곡군,77,68
202205,경상북도,칠곡군,78,84
202205,경상북도,칠곡군,79,77
202205,경상북도,칠곡군,80,73
202205,경상북도,칠곡군,81,72
202205,경상북도,칠곡군,82,76
202205,경상북도,칠곡군,83,70
202205,경상북도,칠곡군,84,66
202205,경상북도,칠곡군,85,68
202205,경상북도,칠곡군,86,51
202205,경상북도,칠곡군,87,43
202205,경상북도,칠곡군,88,35
202205,경상북도,칠곡군,89,32
202205,경상북도,칠곡군,90,22
202205,경상북도,칠곡군,91,18
202205,경상북도,칠곡군,92,23
202205,경상북도,칠곡군,93,18
202205,경상북도,칠곡군,94,10
202205,경상북도,칠곡군,95,8
202205,경상북도,칠곡군,96,4
202205,경상북도,칠곡군,97,3
202205,경상북도,칠곡군,98,3
202205,경상북도,칠곡군,99,4
202205,경상북도,칠곡군,100,3
202205,경상북도,칠곡군,101,1
202205,경상북도,칠곡군,102,1
202205,경상북도,칠곡군,106,1
202205,경상북도,예천군,0,2
202205,경상북도,예천군,1,10
202205,경상북도,예천군,2,9
202205,경상북도,예천군,3,10
202205,경상북도,예천군,4,7
202205,경상북도,예천군,5,7
202205,경상북도,예천군,6,16
202205,경상북도,예천군,7,22
202205,경상북도,예천군,8,37
202205,경상북도,예천군,9,25
202205,경상북도,예천군,10,25
202205,경상북도,예천군,11,29
202205,경상북도,예천군,12,31
202205,경상북도,예천군,13,35
202205,경상북도,예천군,14,31
202205,경상북도,예천군,15,29
202205,경상북도,예천군,16,29
202205,경상북도,예천군,17,26
202205,경상북도,예천군,18,26
202205,경상북도,예천군,19,17
202205,경상북도,예천군,20,25
202205,경상북도,예천군,21,16
202205,경상북도,예천군,22,10
202205,경상북도,예천군,23,17
202205,경상북도,예천군,24,11
202205,경상북도,예천군,25,9
202205,경상북도,예천군,26,10
202205,경상북도,예천군,27,10
202205,경상북도,예천군,28,8
202205,경상북도,예천군,29,8
202205,경상북도,예천군,30,10
202205,경상북도,예천군,31,6
202205,경상북도,예천군,32,10
202205,경상북도,예천군,33,9
202205,경상북도,예천군,34,8
202205,경상북도,예천군,35,10
202205,경상북도,예천군,36,12
202205,경상북도,예천군,37,9
202205,경상북도,예천군,38,14
202205,경상북도,예천군,39,15
202205,경상북도,예천군,40,12
202205,경상북도,예천군,41,18
202205,경상북도,예천군,42,21
202205,경상북도,예천군,43,20
202205,경상북도,예천군,44,30
202205,경상북도,예천군,45,24
202205,경상북도,예천군,46,27
202205,경상북도,예천군,47,27
202205,경상북도,예천군,48,30
202205,경상북도,예천군,49,22
202205,경상북도,예천군,50,38
202205,경상북도,예천군,51,40
202205,경상북도,예천군,52,34
202205,경상북도,예천군,53,35
202205,경상북도,예천군,54,24
202205,경상북도,예천군,55,26
202205,경상북도,예천군,56,36
202205,경상북도,예천군,57,50
202205,경상북도,예천군,58,46
202205,경상북도,예천군,59,43
202205,경상북도,예천군,60,57
202205,경상북도,예천군,61,67
202205,경상북도,예천군,62,60
202205,경상북도,예천군,63,41
202205,경상북도,예천군,64,50
202205,경상북도,예천군,65,45
202205,경상북도,예천군,66,50
202205,경상북도,예천군,67,56
202205,경상북도,예천군,68,54
202205,경상북도,예천군,69,51
202205,경상북도,예천군,70,42
202205,경상북도,예천군,71,32
202205,경상북도,예천군,72,44
202205,경상북도,예천군,73,42
202205,경상북도,예천군,74,46
202205,경상북도,예천군,75,44
202205,경상북도,예천군,76,23
202205,경상북도,예천군,77,47
202205,경상북도,예천군,78,48
202205,경상북도,예천군,79,63
202205,경상북도,예천군,80,63
202205,경상북도,예천군,81,49
202205,경상북도,예천군,82,60
202205,경상북도,예천군,83,66
202205,경상북도,예천군,84,56
202205,경상북도,예천군,85,54
202205,경상북도,예천군,86,61
202205,경상북도,예천군,87,70
202205,경상북도,예천군,88,55
202205,경상북도,예천군,89,39
202205,경상북도,예천군,90,34
202205,경상북도,예천군,91,17
202205,경상북도,예천군,92,25
202205,경상북도,예천군,93,23
202205,경상북도,예천군,94,12
202205,경상북도,예천군,95,14
202205,경상북도,예천군,96,5
202205,경상북도,예천군,97,5
202205,경상북도,예천군,98,3
202205,경상북도,예천군,99,2
202205,경상북도,예천군,100,1
202205,경상북도,예천군,103,1
202205,경상북도,예천군,106,2
202205,경상북도,봉화군,0,1
202205,경상북도,봉화군,2,2
202205,경상북도,봉화군,3,2
202205,경상북도,봉화군,4,3
202205,경상북도,봉화군,5,2
202205,경상북도,봉화군,6,5
202205,경상북도,봉화군,7,10
202205,경상북도,봉화군,8,8
202205,경상북도,봉화군,9,9
202205,경상북도,봉화군,10,11
202205,경상북도,봉화군,11,13
202205,경상북도,봉화군,12,15
202205,경상북도,봉화군,13,10
202205,경상북도,봉화군,14,18
202205,경상북도,봉화군,15,21
202205,경상북도,봉화군,16,21
202205,경상북도,봉화군,17,16
202205,경상북도,봉화군,18,22
202205,경상북도,봉화군,19,11
202205,경상북도,봉화군,20,15
202205,경상북도,봉화군,21,9
202205,경상북도,봉화군,22,10
202205,경상북도,봉화군,23,8
202205,경상북도,봉화군,24,4
202205,경상북도,봉화군,25,2
202205,경상북도,봉화군,26,1
202205,경상북도,봉화군,27,5
202205,경상북도,봉화군,28,3
202205,경상북도,봉화군,29,1
202205,경상북도,봉화군,30,3
202205,경상북도,봉화군,31,3
202205,경상북도,봉화군,32,3
202205,경상북도,봉화군,33,1
202205,경상북도,봉화군,34,3
202205,경상북도,봉화군,35,4
202205,경상북도,봉화군,36,3
202205,경상북도,봉화군,37,4
202205,경상북도,봉화군,38,7
202205,경상북도,봉화군,39,5
202205,경상북도,봉화군,40,8
202205,경상북도,봉화군,41,6
202205,경상북도,봉화군,42,14
202205,경상북도,봉화군,43,8
202205,경상북도,봉화군,44,10
202205,경상북도,봉화군,45,12
202205,경상북도,봉화군,46,13
202205,경상북도,봉화군,47,19
202205,경상북도,봉화군,48,19
202205,경상북도,봉화군,49,18
202205,경상북도,봉화군,50,24
202205,경상북도,봉화군,51,14
202205,경상북도,봉화군,52,31
202205,경상북도,봉화군,53,29
202205,경상북도,봉화군,54,27
202205,경상북도,봉화군,55,26
202205,경상북도,봉화군,56,34
202205,경상북도,봉화군,57,31
202205,경상북도,봉화군,58,21
202205,경상북도,봉화군,59,36
202205,경상북도,봉화군,60,39
202205,경상북도,봉화군,61,32
202205,경상북도,봉화군,62,37
202205,경상북도,봉화군,63,37
202205,경상북도,봉화군,64,35
202205,경상북도,봉화군,65,20
202205,경상북도,봉화군,66,32
202205,경상북도,봉화군,67,43
202205,경상북도,봉화군,68,33
202205,경상북도,봉화군,69,28
202205,경상북도,봉화군,70,34
202205,경상북도,봉화군,71,22
202205,경상북도,봉화군,72,24
202205,경상북도,봉화군,73,26
202205,경상북도,봉화군,74,28
202205,경상북도,봉화군,75,37
202205,경상북도,봉화군,76,10
202205,경상북도,봉화군,77,21
202205,경상북도,봉화군,78,40
202205,경상북도,봉화군,79,45
202205,경상북도,봉화군,80,37
202205,경상북도,봉화군,81,38
202205,경상북도,봉화군,82,34
202205,경상북도,봉화군,83,37
202205,경상북도,봉화군,84,36
202205,경상북도,봉화군,85,32
202205,경상북도,봉화군,86,41
202205,경상북도,봉화군,87,38
202205,경상북도,봉화군,88,25
202205,경상북도,봉화군,89,18
202205,경상북도,봉화군,90,22
202205,경상북도,봉화군,91,20
202205,경상북도,봉화군,92,12
202205,경상북도,봉화군,93,8
202205,경상북도,봉화군,94,7
202205,경상북도,봉화군,95,7
202205,경상북도,봉화군,96,5
202205,경상북도,봉화군,97,3
202205,경상북도,봉화군,98,3
202205,경상북도,봉화군,99,1
202205,경상북도,봉화군,100,2
202205,경상북도,봉화군,101,1
202205,경상북도,봉화군,104,1
202205,경상북도,봉화군,106,1
202205,경상북도,봉화군,114,1
202205,경상북도,울진군,0,1
202205,경상북도,울진군,1,2
202205,경상북도,울진군,2,1
202205,경상북도,울진군,3,2
202205,경상북도,울진군,4,5
202205,경상북도,울진군,5,7
202205,경상북도,울진군,6,9
202205,경상북도,울진군,7,16
202205,경상북도,울진군,8,6
202205,경상북도,울진군,9,20
202205,경상북도,울진군,10,13
202205,경상북도,울진군,11,13
202205,경상북도,울진군,12,17
202205,경상북도,울진군,13,25
202205,경상북도,울진군,14,23
202205,경상북도,울진군,15,23
202205,경상북도,울진군,16,20
202205,경상북도,울진군,17,20
202205,경상북도,울진군,18,26
202205,경상북도,울진군,19,10
202205,경상북도,울진군,20,24
202205,경상북도,울진군,21,13
202205,경상북도,울진군,22,17
202205,경상북도,울진군,23,10
202205,경상북도,울진군,24,6
202205,경상북도,울진군,25,7
202205,경상북도,울진군,26,4
202205,경상북도,울진군,27,6
202205,경상북도,울진군,28,7
202205,경상북도,울진군,29,3
202205,경상북도,울진군,30,9
202205,경상북도,울진군,31,6
202205,경상북도,울진군,32,7
202205,경상북도,울진군,33,7
202205,경상북도,울진군,34,9
202205,경상북도,울진군,35,14
202205,경상북도,울진군,36,9
202205,경상북도,울진군,37,10
202205,경상북도,울진군,38,8
202205,경상북도,울진군,39,13
202205,경상북도,울진군,40,8
202205,경상북도,울진군,41,15
202205,경상북도,울진군,42,18
202205,경상북도,울진군,43,26
202205,경상북도,울진군,44,16
202205,경상북도,울진군,45,22
202205,경상북도,울진군,46,24
202205,경상북도,울진군,47,17
202205,경상북도,울진군,48,27
202205,경상북도,울진군,49,30
202205,경상북도,울진군,50,30
202205,경상북도,울진군,51,34
202205,경상북도,울진군,52,34
202205,경상북도,울진군,53,44
202205,경상북도,울진군,54,41
202205,경상북도,울진군,55,59
202205,경상북도,울진군,56,63
202205,경상북도,울진군,57,41
202205,경상북도,울진군,58,49
202205,경상북도,울진군,59,51
202205,경상북도,울진군,60,53
202205,경상북도,울진군,61,77
202205,경상북도,울진군,62,67
202205,경상북도,울진군,63,48
202205,경상북도,울진군,64,51
202205,경상북도,울진군,65,60
202205,경상북도,울진군,66,55
202205,경상북도,울진군,67,57
202205,경상북도,울진군,68,68
202205,경상북도,울진군,69,51
202205,경상북도,울진군,70,53
202205,경상북도,울진군,71,52
202205,경상북도,울진군,72,65
202205,경상북도,울진군,73,65
202205,경상북도,울진군,74,70
202205,경상북도,울진군,75,63
202205,경상북도,울진군,76,42
202205,경상북도,울진군,77,63
202205,경상북도,울진군,78,62
202205,경상북도,울진군,79,100
202205,경상북도,울진군,80,81
202205,경상북도,울진군,81,92
202205,경상북도,울진군,82,75
202205,경상북도,울진군,83,85
202205,경상북도,울진군,84,78
202205,경상북도,울진군,85,75
202205,경상북도,울진군,86,70
202205,경상북도,울진군,87,60
202205,경상북도,울진군,88,35
202205,경상북도,울진군,89,47
202205,경상북도,울진군,90,37
202205,경상북도,울진군,91,37
202205,경상북도,울진군,92,19
202205,경상북도,울진군,93,18
202205,경상북도,울진군,94,13
202205,경상북도,울진군,95,12
202205,경상북도,울진군,96,6
202205,경상북도,울진군,97,8
202205,경상북도,울진군,98,4
202205,경상북도,울진군,99,2
202205,경상북도,울진군,100,1
202205,경상북도,울진군,102,1
202205,경상북도,울진군,105,1
202205,경상북도,울릉군,1,1
202205,경상북도,울릉군,4,1
202205,경상북도,울릉군,6,1
202205,경상북도,울릉군,7,1
202205,경상북도,울릉군,11,1
202205,경상북도,울릉군,12,2
202205,경상북도,울릉군,13,2
202205,경상북도,울릉군,14,2
202205,경상북도,울릉군,15,7
202205,경상북도,울릉군,16,1
202205,경상북도,울릉군,17,3
202205,경상북도,울릉군,18,3
202205,경상북도,울릉군,19,1
202205,경상북도,울릉군,21,3
202205,경상북도,울릉군,22,2
202205,경상북도,울릉군,25,1
202205,경상북도,울릉군,28,1
202205,경상북도,울릉군,31,2
202205,경상북도,울릉군,34,1
202205,경상북도,울릉군,38,1
202205,경상북도,울릉군,39,1
202205,경상북도,울릉군,40,3
202205,경상북도,울릉군,41,2
202205,경상북도,울릉군,42,1
202205,경상북도,울릉군,43,2
202205,경상북도,울릉군,44,1
202205,경상북도,울릉군,46,1
202205,경상북도,울릉군,47,2
202205,경상북도,울릉군,48,2
202205,경상북도,울릉군,49,3
202205,경상북도,울릉군,50,2
202205,경상북도,울릉군,51,5
202205,경상북도,울릉군,52,2
202205,경상북도,울릉군,53,5
202205,경상북도,울릉군,54,3
202205,경상북도,울릉군,55,6
202205,경상북도,울릉군,56,4
202205,경상북도,울릉군,57,8
202205,경상북도,울릉군,58,1
202205,경상북도,울릉군,59,7
202205,경상북도,울릉군,60,7
202205,경상북도,울릉군,61,10
202205,경상북도,울릉군,62,4
202205,경상북도,울릉군,63,10
202205,경상북도,울릉군,64,3
202205,경상북도,울릉군,65,8
202205,경상북도,울릉군,66,8
202205,경상북도,울릉군,67,8
202205,경상북도,울릉군,68,5
202205,경상북도,울릉군,69,6
202205,경상북도,울릉군,70,13
202205,경상북도,울릉군,71,6
202205,경상북도,울릉군,72,6
202205,경상북도,울릉군,73,9
202205,경상북도,울릉군,74,8
202205,경상북도,울릉군,75,14
202205,경상북도,울릉군,76,7
202205,경상북도,울릉군,77,6
202205,경상북도,울릉군,78,12
202205,경상북도,울릉군,79,10
202205,경상북도,울릉군,80,10
202205,경상북도,울릉군,81,9
202205,경상북도,울릉군,82,11
202205,경상북도,울릉군,83,7
202205,경상북도,울릉군,84,5
202205,경상북도,울릉군,85,8
202205,경상북도,울릉군,86,7
202205,경상북도,울릉군,87,8
202205,경상북도,울릉군,88,5
202205,경상북도,울릉군,89,1
202205,경상북도,울릉군,90,4
202205,경상북도,울릉군,91,4
202205,경상북도,울릉군,93,4
202205,경상북도,울릉군,94,1
202205,경상북도,울릉군,96,1
202205,경상남도,창원시,0,47
202205,경상남도,창원시,1,77
202205,경상남도,창원시,2,91
202205,경상남도,창원시,3,119
202205,경상남도,창원시,4,150
202205,경상남도,창원시,5,173
202205,경상남도,창원시,6,256
202205,경상남도,창원시,7,359
202205,경상남도,창원시,8,414
202205,경상남도,창원시,9,458
202205,경상남도,창원시,10,537
202205,경상남도,창원시,11,553
202205,경상남도,창원시,12,573
202205,경상남도,창원시,13,568
202205,경상남도,창원시,14,673
202205,경상남도,창원시,15,621
202205,경상남도,창원시,16,619
202205,경상남도,창원시,17,586
202205,경상남도,창원시,18,504
202205,경상남도,창원시,19,392
202205,경상남도,창원시,20,311
202205,경상남도,창원시,21,364
202205,경상남도,창원시,22,335
202205,경상남도,창원시,23,268
202205,경상남도,창원시,24,230
202205,경상남도,창원시,25,209
202205,경상남도,창원시,26,145
202205,경상남도,창원시,27,141
202205,경상남도,창원시,28,104
202205,경상남도,창원시,29,96
202205,경상남도,창원시,30,125
202205,경상남도,창원시,31,157
202205,경상남도,창원시,32,138
202205,경상남도,창원시,33,134
202205,경상남도,창원시,34,171
202205,경상남도,창원시,35,187
202205,경상남도,창원시,36,223
202205,경상남도,창원시,37,231
202205,경상남도,창원시,38,233
202205,경상남도,창원시,39,310
202205,경상남도,창원시,40,357
202205,경상남도,창원시,41,390
202205,경상남도,창원시,42,393
202205,경상남도,창원시,43,389
202205,경상남도,창원시,44,386
202205,경상남도,창원시,45,414
202205,경상남도,창원시,46,430
202205,경상남도,창원시,47,455
202205,경상남도,창원시,48,555
202205,경상남도,창원시,49,578
202205,경상남도,창원시,50,559
202205,경상남도,창원시,51,621
202205,경상남도,창원시,52,607
202205,경상남도,창원시,53,661
202205,경상남도,창원시,54,602
202205,경상남도,창원시,55,675
202205,경상남도,창원시,56,645
202205,경상남도,창원시,57,634
202205,경상남도,창원시,58,601
202205,경상남도,창원시,59,803
202205,경상남도,창원시,60,746
202205,경상남도,창원시,61,888
202205,경상남도,창원시,62,842
202205,경상남도,창원시,63,824
202205,경상남도,창원시,64,865
202205,경상남도,창원시,65,957
202205,경상남도,창원시,66,961
202205,경상남도,창원시,67,1003
202205,경상남도,창원시,68,778
202205,경상남도,창원시,69,787
202205,경상남도,창원시,70,797
202205,경상남도,창원시,71,704
202205,경상남도,창원시,72,692
202205,경상남도,창원시,73,644
202205,경상남도,창원시,74,634
202205,경상남도,창원시,75,579
202205,경상남도,창원시,76,409
202205,경상남도,창원시,77,586
202205,경상남도,창원시,78,510
202205,경상남도,창원시,79,634
202205,경상남도,창원시,80,615
202205,경상남도,창원시,81,524
202205,경상남도,창원시,82,527
202205,경상남도,창원시,83,471
202205,경상남도,창원시,84,410
202205,경상남도,창원시,85,411
202205,경상남도,창원시,86,355
202205,경상남도,창원시,87,299
202205,경상남도,창원시,88,255
202205,경상남도,창원시,89,176
202205,경상남도,창원시,90,193
202205,경상남도,창원시,91,143
202205,경상남도,창원시,92,109
202205,경상남도,창원시,93,90
202205,경상남도,창원시,94,47
202205,경상남도,창원시,95,35
202205,경상남도,창원시,96,32
202205,경상남도,창원시,97,16
202205,경상남도,창원시,98,11
202205,경상남도,창원시,99,10
202205,경상남도,창원시,100,3
202205,경상남도,창원시,101,3
202205,경상남도,창원시,102,3
202205,경상남도,창원시,103,3
202205,경상남도,창원시,105,1
202205,경상남도,창원시,106,1
202205,경상남도,진주시,0,18
202205,경상남도,진주시,1,26
202205,경상남도,진주시,2,43
202205,경상남도,진주시,3,42
202205,경상남도,진주시,4,62
202205,경상남도,진주시,5,75
202205,경상남도,진주시,6,114
202205,경상남도,진주시,7,141
202205,경상남도,진주시,8,188
202205,경상남도,진주시,9,181
202205,경상남도,진주시,10,207
202205,경상남도,진주시,11,237
202205,경상남도,진주시,12,232
202205,경상남도,진주시,13,245
202205,경상남도,진주시,14,270
202205,경상남도,진주시,15,269
202205,경상남도,진주시,16,244
202205,경상남도,진주시,17,244
202205,경상남도,진주시,18,203
202205,경상남도,진주시,19,151
202205,경상남도,진주시,20,138
202205,경상남도,진주시,21,145
202205,경상남도,진주시,22,147
202205,경상남도,진주시,23,119
202205,경상남도,진주시,24,101
202205,경상남도,진주시,25,71
202205,경상남도,진주시,26,59
202205,경상남도,진주시,27,45
202205,경상남도,진주시,28,44
202205,경상남도,진주시,29,39
202205,경상남도,진주시,30,37
202205,경상남도,진주시,31,47
202205,경상남도,진주시,32,58
202205,경상남도,진주시,33,62
202205,경상남도,진주시,34,67
202205,경상남도,진주시,35,64
202205,경상남도,진주시,36,72
202205,경상남도,진주시,37,92
202205,경상남도,진주시,38,93
202205,경상남도,진주시,39,118
202205,경상남도,진주시,40,123
202205,경상남도,진주시,41,147
202205,경상남도,진주시,42,159
202205,경상남도,진주시,43,137
202205,경상남도,진주시,44,134
202205,경상남도,진주시,45,160
202205,경상남도,진주시,46,172
202205,경상남도,진주시,47,197
202205,경상남도,진주시,48,219
202205,경상남도,진주시,49,248
202205,경상남도,진주시,50,250
202205,경상남도,진주시,51,276
202205,경상남도,진주시,52,272
202205,경상남도,진주시,53,279
202205,경상남도,진주시,54,271
202205,경상남도,진주시,55,247
202205,경상남도,진주시,56,277
202205,경상남도,진주시,57,267
202205,경상남도,진주시,58,223
202205,경상남도,진주시,59,301
202205,경상남도,진주시,60,279
202205,경상남도,진주시,61,358
202205,경상남도,진주시,62,303
202205,경상남도,진주시,63,289
202205,경상남도,진주시,64,300
202205,경상남도,진주시,65,297
202205,경상남도,진주시,66,304
202205,경상남도,진주시,67,321
202205,경상남도,진주시,68,264
202205,경상남도,진주시,69,254
202205,경상남도,진주시,70,258
202205,경상남도,진주시,71,216
202205,경상남도,진주시,72,236
202205,경상남도,진주시,73,239
202205,경상남도,진주시,74,238
202205,경상남도,진주시,75,216
202205,경상남도,진주시,76,167
202205,경상남도,진주시,77,197
202205,경상남도,진주시,78,213
202205,경상남도,진주시,79,228
202205,경상남도,진주시,80,243
202205,경상남도,진주시,81,197
202205,경상남도,진주시,82,210
202205,경상남도,진주시,83,219
202205,경상남도,진주시,84,172
202205,경상남도,진주시,85,152
202205,경상남도,진주시,86,142
202205,경상남도,진주시,87,122
202205,경상남도,진주시,88,109
202205,경상남도,진주시,89,110
202205,경상남도,진주시,90,77
202205,경상남도,진주시,91,50
202205,경상남도,진주시,92,53
202205,경상남도,진주시,93,35
202205,경상남도,진주시,94,28
202205,경상남도,진주시,95,10
202205,경상남도,진주시,96,8
202205,경상남도,진주시,97,10
202205,경상남도,진주시,98,3
202205,경상남도,진주시,99,6
202205,경상남도,진주시,100,8
202205,경상남도,진주시,101,1
202205,경상남도,진주시,103,1
202205,경상남도,진주시,104,1
202205,경상남도,진주시,109,2
202205,경상남도,진주시,118,1
202205,경상남도,통영시,0,12
202205,경상남도,통영시,1,23
202205,경상남도,통영시,2,25
202205,경상남도,통영시,3,33
202205,경상남도,통영시,4,31
202205,경상남도,통영시,5,46
202205,경상남도,통영시,6,61
202205,경상남도,통영시,7,103
202205,경상남도,통영시,8,108
202205,경상남도,통영시,9,120
202205,경상남도,통영시,10,142
202205,경상남도,통영시,11,145
202205,경상남도,통영시,12,146
202205,경상남도,통영시,13,162
202205,경상남도,통영시,14,181
202205,경상남도,통영시,15,147
202205,경상남도,통영시,16,152
202205,경상남도,통영시,17,122
202205,경상남도,통영시,18,126
202205,경상남도,통영시,19,119
202205,경상남도,통영시,20,90
202205,경상남도,통영시,21,98
202205,경상남도,통영시,22,79
202205,경상남도,통영시,23,53
202205,경상남도,통영시,24,59
202205,경상남도,통영시,25,34
202205,경상남도,통영시,26,25
202205,경상남도,통영시,27,24
202205,경상남도,통영시,28,18
202205,경상남도,통영시,29,21
202205,경상남도,통영시,30,25
202205,경상남도,통영시,31,17
202205,경상남도,통영시,32,33
202205,경상남도,통영시,33,24
202205,경상남도,통영시,34,34
202205,경상남도,통영시,35,36
202205,경상남도,통영시,36,49
202205,경상남도,통영시,37,38
202205,경상남도,통영시,38,51
202205,경상남도,통영시,39,83
202205,경상남도,통영시,40,81
202205,경상남도,통영시,41,95
202205,경상남도,통영시,42,103
202205,경상남도,통영시,43,78
202205,경상남도,통영시,44,78
202205,경상남도,통영시,45,81
202205,경상남도,통영시,46,113
202205,경상남도,통영시,47,103
202205,경상남도,통영시,48,141
202205,경상남도,통영시,49,141
202205,경상남도,통영시,50,126
202205,경상남도,통영시,51,111
202205,경상남도,통영시,52,129
202205,경상남도,통영시,53,143
202205,경상남도,통영시,54,131
202205,경상남도,통영시,55,152
202205,경상남도,통영시,56,143
202205,경상남도,통영시,57,150
202205,경상남도,통영시,58,123
202205,경상남도,통영시,59,155
202205,경상남도,통영시,60,165
202205,경상남도,통영시,61,194
202205,경상남도,통영시,62,197
202205,경상남도,통영시,63,163
202205,경상남도,통영시,64,148
202205,경상남도,통영시,65,183
202205,경상남도,통영시,66,202
202205,경상남도,통영시,67,193
202205,경상남도,통영시,68,135
202205,경상남도,통영시,69,163
202205,경상남도,통영시,70,141
202205,경상남도,통영시,71,151
202205,경상남도,통영시,72,159
202205,경상남도,통영시,73,149
202205,경상남도,통영시,74,145
202205,경상남도,통영시,75,132
202205,경상남도,통영시,76,72
202205,경상남도,통영시,77,136
202205,경상남도,통영시,78,106
202205,경상남도,통영시,79,142
202205,경상남도,통영시,80,126
202205,경상남도,통영시,81,124
202205,경상남도,통영시,82,105
202205,경상남도,통영시,83,115
202205,경상남도,통영시,84,88
202205,경상남도,통영시,85,61
202205,경상남도,통영시,86,76
202205,경상남도,통영시,87,61
202205,경상남도,통영시,88,43
202205,경상남도,통영시,89,48
202205,경상남도,통영시,90,32
202205,경상남도,통영시,91,21
202205,경상남도,통영시,92,23
202205,경상남도,통영시,93,15
202205,경상남도,통영시,94,14
202205,경상남도,통영시,95,11
202205,경상남도,통영시,96,5
202205,경상남도,통영시,97,2
202205,경상남도,통영시,98,4
202205,경상남도,통영시,99,2
202205,경상남도,통영시,100,3
202205,경상남도,통영시,101,2
202205,경상남도,통영시,102,1
202205,경상남도,사천시,0,6
202205,경상남도,사천시,1,10
202205,경상남도,사천시,2,13
202205,경상남도,사천시,3,12
202205,경상남도,사천시,4,22
202205,경상남도,사천시,5,32
202205,경상남도,사천시,6,34
202205,경상남도,사천시,7,59
202205,경상남도,사천시,8,55
202205,경상남도,사천시,9,69
202205,경상남도,사천시,10,77
202205,경상남도,사천시,11,86
202205,경상남도,사천시,12,80
202205,경상남도,사천시,13,86
202205,경상남도,사천시,14,90
202205,경상남도,사천시,15,88
202205,경상남도,사천시,16,86
202205,경상남도,사천시,17,92
202205,경상남도,사천시,18,86
202205,경상남도,사천시,19,64
202205,경상남도,사천시,20,30
202205,경상남도,사천시,21,46
202205,경상남도,사천시,22,32
202205,경상남도,사천시,23,30
202205,경상남도,사천시,24,30
202205,경상남도,사천시,25,21
202205,경상남도,사천시,26,16
202205,경상남도,사천시,27,17
202205,경상남도,사천시,28,20
202205,경상남도,사천시,29,16
202205,경상남도,사천시,30,19
202205,경상남도,사천시,31,17
202205,경상남도,사천시,32,17
202205,경상남도,사천시,33,14
202205,경상남도,사천시,34,17
202205,경상남도,사천시,35,22
202205,경상남도,사천시,36,22
202205,경상남도,사천시,37,26
202205,경상남도,사천시,38,34
202205,경상남도,사천시,39,42
202205,경상남도,사천시,40,35
202205,경상남도,사천시,41,48
202205,경상남도,사천시,42,53
202205,경상남도,사천시,43,64
202205,경상남도,사천시,44,53
202205,경상남도,사천시,45,67
202205,경상남도,사천시,46,58
202205,경상남도,사천시,47,65
202205,경상남도,사천시,48,77
202205,경상남도,사천시,49,79
202205,경상남도,사천시,50,75
202205,경상남도,사천시,51,88
202205,경상남도,사천시,52,84
202205,경상남도,사천시,53,104
202205,경상남도,사천시,54,88
202205,경상남도,사천시,55,95
202205,경상남도,사천시,56,112
202205,경상남도,사천시,57,80
202205,경상남도,사천시,58,82
202205,경상남도,사천시,59,133
202205,경상남도,사천시,60,120
202205,경상남도,사천시,61,132
202205,경상남도,사천시,62,126
202205,경상남도,사천시,63,115
202205,경상남도,사천시,64,108
202205,경상남도,사천시,65,130
202205,경상남도,사천시,66,116
202205,경상남도,사천시,67,145
202205,경상남도,사천시,68,105
202205,경상남도,사천시,69,89
202205,경상남도,사천시,70,126
202205,경상남도,사천시,71,101
202205,경상남도,사천시,72,105
202205,경상남도,사천시,73,103
202205,경상남도,사천시,74,115
202205,경상남도,사천시,75,96
202205,경상남도,사천시,76,72
202205,경상남도,사천시,77,87
202205,경상남도,사천시,78,75
202205,경상남도,사천시,79,117
202205,경상남도,사천시,80,106
202205,경상남도,사천시,81,103
202205,경상남도,사천시,82,82
202205,경상남도,사천시,83,72
202205,경상남도,사천시,84,92
202205,경상남도,사천시,85,76
202205,경상남도,사천시,86,77
202205,경상남도,사천시,87,49
202205,경상남도,사천시,88,53
202205,경상남도,사천시,89,47
202205,경상남도,사천시,90,36
202205,경상남도,사천시,91,27
202205,경상남도,사천시,92,16
202205,경상남도,사천시,93,17
202205,경상남도,사천시,94,10
202205,경상남도,사천시,95,4
202205,경상남도,사천시,96,9
202205,경상남도,사천시,97,10
202205,경상남도,사천시,98,2
202205,경상남도,사천시,99,2
202205,경상남도,사천시,100,1
202205,경상남도,사천시,103,1
202205,경상남도,사천시,104,1
202205,경상남도,김해시,0,30
202205,경상남도,김해시,1,66
202205,경상남도,김해시,2,77
202205,경상남도,김해시,3,90
202205,경상남도,김해시,4,103
202205,경상남도,김해시,5,149
202205,경상남도,김해시,6,198
202205,경상남도,김해시,7,244
202205,경상남도,김해시,8,283
202205,경상남도,김해시,9,324
202205,경상남도,김해시,10,350
202205,경상남도,김해시,11,406
202205,경상남도,김해시,12,380
202205,경상남도,김해시,13,422
202205,경상남도,김해시,14,463
202205,경상남도,김해시,15,438
202205,경상남도,김해시,16,424
202205,경상남도,김해시,17,431
202205,경상남도,김해시,18,368
202205,경상남도,김해시,19,270
202205,경상남도,김해시,20,227
202205,경상남도,김해시,21,240
202205,경상남도,김해시,22,251
202205,경상남도,김해시,23,196
202205,경상남도,김해시,24,183
202205,경상남도,김해시,25,122
202205,경상남도,김해시,26,107
202205,경상남도,김해시,27,104
202205,경상남도,김해시,28,69
202205,경상남도,김해시,29,91
202205,경상남도,김해시,30,101
202205,경상남도,김해시,31,85
202205,경상남도,김해시,32,106
202205,경상남도,김해시,33,86
202205,경상남도,김해시,34,106
202205,경상남도,김해시,35,101
202205,경상남도,김해시,36,132
202205,경상남도,김해시,37,123
202205,경상남도,김해시,38,139
202205,경상남도,김해시,39,205
202205,경상남도,김해시,40,203
202205,경상남도,김해시,41,221
202205,경상남도,김해시,42,269
202205,경상남도,김해시,43,238
202205,경상남도,김해시,44,280
202205,경상남도,김해시,45,257
202205,경상남도,김해시,46,282
202205,경상남도,김해시,47,326
202205,경상남도,김해시,48,378
202205,경상남도,김해시,49,373
202205,경상남도,김해시,50,367
202205,경상남도,김해시,51,410
202205,경상남도,김해시,52,418
202205,경상남도,김해시,53,422
202205,경상남도,김해시,54,411
202205,경상남도,김해시,55,387
202205,경상남도,김해시,56,389
202205,경상남도,김해시,57,388
202205,경상남도,김해시,58,324
202205,경상남도,김해시,59,435
202205,경상남도,김해시,60,442
202205,경상남도,김해시,61,477
202205,경상남도,김해시,62,472
202205,경상남도,김해시,63,355
202205,경상남도,김해시,64,468
202205,경상남도,김해시,65,450
202205,경상남도,김해시,66,472
202205,경상남도,김해시,67,452
202205,경상남도,김해시,68,396
202205,경상남도,김해시,69,423
202205,경상남도,김해시,70,387
202205,경상남도,김해시,71,336
202205,경상남도,김해시,72,368
202205,경상남도,김해시,73,343
202205,경상남도,김해시,74,377
202205,경상남도,김해시,75,331
202205,경상남도,김해시,76,211
202205,경상남도,김해시,77,320
202205,경상남도,김해시,78,343
202205,경상남도,김해시,79,397
202205,경상남도,김해시,80,329
202205,경상남도,김해시,81,298
202205,경상남도,김해시,82,290
202205,경상남도,김해시,83,263
202205,경상남도,김해시,84,240
202205,경상남도,김해시,85,240
202205,경상남도,김해시,86,187
202205,경상남도,김해시,87,198
202205,경상남도,김해시,88,154
202205,경상남도,김해시,89,130
202205,경상남도,김해시,90,103
202205,경상남도,김해시,91,87
202205,경상남도,김해시,92,38
202205,경상남도,김해시,93,52
202205,경상남도,김해시,94,33
202205,경상남도,김해시,95,26
202205,경상남도,김해시,96,12
202205,경상남도,김해시,97,11
202205,경상남도,김해시,98,8
202205,경상남도,김해시,99,7
202205,경상남도,김해시,100,6
202205,경상남도,김해시,101,4
202205,경상남도,김해시,102,1
202205,경상남도,김해시,106,1
202205,경상남도,밀양시,0,4
202205,경상남도,밀양시,1,10
202205,경상남도,밀양시,2,11
202205,경상남도,밀양시,3,6
202205,경상남도,밀양시,4,12
202205,경상남도,밀양시,5,18
202205,경상남도,밀양시,6,23
202205,경상남도,밀양시,7,42
202205,경상남도,밀양시,8,51
202205,경상남도,밀양시,9,54
202205,경상남도,밀양시,10,50
202205,경상남도,밀양시,11,72
202205,경상남도,밀양시,12,70
202205,경상남도,밀양시,13,67
202205,경상남도,밀양시,14,93
202205,경상남도,밀양시,15,83
202205,경상남도,밀양시,16,92
202205,경상남도,밀양시,17,92
202205,경상남도,밀양시,18,79
202205,경상남도,밀양시,19,41
202205,경상남도,밀양시,20,36
202205,경상남도,밀양시,21,50
202205,경상남도,밀양시,22,42
202205,경상남도,밀양시,23,41
202205,경상남도,밀양시,24,18
202205,경상남도,밀양시,25,21
202205,경상남도,밀양시,26,17
202205,경상남도,밀양시,27,10
202205,경상남도,밀양시,28,14
202205,경상남도,밀양시,29,15
202205,경상남도,밀양시,30,6
202205,경상남도,밀양시,31,4
202205,경상남도,밀양시,32,16
202205,경상남도,밀양시,33,7
202205,경상남도,밀양시,34,13
202205,경상남도,밀양시,35,17
202205,경상남도,밀양시,36,36
202205,경상남도,밀양시,37,21
202205,경상남도,밀양시,38,36
202205,경상남도,밀양시,39,40
202205,경상남도,밀양시,40,31
202205,경상남도,밀양시,41,40
202205,경상남도,밀양시,42,54
202205,경상남도,밀양시,43,46
202205,경상남도,밀양시,44,55
202205,경상남도,밀양시,45,42
202205,경상남도,밀양시,46,60
202205,경상남도,밀양시,47,67
202205,경상남도,밀양시,48,74
202205,경상남도,밀양시,49,77
202205,경상남도,밀양시,50,61
202205,경상남도,밀양시,51,79
202205,경상남도,밀양시,52,110
202205,경상남도,밀양시,53,78
202205,경상남도,밀양시,54,87
202205,경상남도,밀양시,55,92
202205,경상남도,밀양시,56,113
202205,경상남도,밀양시,57,124
202205,경상남도,밀양시,58,104
202205,경상남도,밀양시,59,127
202205,경상남도,밀양시,60,117
202205,경상남도,밀양시,61,133
202205,경상남도,밀양시,62,126
202205,경상남도,밀양시,63,127
202205,경상남도,밀양시,64,122
202205,경상남도,밀양시,65,124
202205,경상남도,밀양시,66,133
202205,경상남도,밀양시,67,154
202205,경상남도,밀양시,68,100
202205,경상남도,밀양시,69,129
202205,경상남도,밀양시,70,116
202205,경상남도,밀양시,71,97
202205,경상남도,밀양시,72,112
202205,경상남도,밀양시,73,133
202205,경상남도,밀양시,74,118
202205,경상남도,밀양시,75,105
202205,경상남도,밀양시,76,78
202205,경상남도,밀양시,77,100
202205,경상남도,밀양시,78,111
202205,경상남도,밀양시,79,128
202205,경상남도,밀양시,80,144
202205,경상남도,밀양시,81,107
202205,경상남도,밀양시,82,124
202205,경상남도,밀양시,83,116
202205,경상남도,밀양시,84,105
202205,경상남도,밀양시,85,109
202205,경상남도,밀양시,86,84
202205,경상남도,밀양시,87,80
202205,경상남도,밀양시,88,66
202205,경상남도,밀양시,89,56
202205,경상남도,밀양시,90,50
202205,경상남도,밀양시,91,34
202205,경상남도,밀양시,92,36
202205,경상남도,밀양시,93,24
202205,경상남도,밀양시,94,18
202205,경상남도,밀양시,95,14
202205,경상남도,밀양시,96,4
202205,경상남도,밀양시,97,8
202205,경상남도,밀양시,98,6
202205,경상남도,밀양시,99,1
202205,경상남도,밀양시,101,1
202205,경상남도,밀양시,107,1
202205,경상남도,밀양시,108,1
202205,경상남도,거제시,0,11
202205,경상남도,거제시,1,29
202205,경상남도,거제시,2,25
202205,경상남도,거제시,3,36
202205,경상남도,거제시,4,52
202205,경상남도,거제시,5,52
202205,경상남도,거제시,6,116
202205,경상남도,거제시,7,138
202205,경상남도,거제시,8,135
202205,경상남도,거제시,9,166
202205,경상남도,거제시,10,198
202205,경상남도,거제시,11,198
202205,경상남도,거제시,12,161
202205,경상남도,거제시,13,193
202205,경상남도,거제시,14,207
202205,경상남도,거제시,15,181
202205,경상남도,거제시,16,177
202205,경상남도,거제시,17,172
202205,경상남도,거제시,18,133
202205,경상남도,거제시,19,93
202205,경상남도,거제시,20,74
202205,경상남도,거제시,21,72
202205,경상남도,거제시,22,68
202205,경상남도,거제시,23,43
202205,경상남도,거제시,24,38
202205,경상남도,거제시,25,38
202205,경상남도,거제시,26,26
202205,경상남도,거제시,27,27
202205,경상남도,거제시,28,19
202205,경상남도,거제시,29,36
202205,경상남도,거제시,30,29
202205,경상남도,거제시,31,27
202205,경상남도,거제시,32,35
202205,경상남도,거제시,33,44
202205,경상남도,거제시,34,40
202205,경상남도,거제시,35,43
202205,경상남도,거제시,36,63
202205,경상남도,거제시,37,46
202205,경상남도,거제시,38,84
202205,경상남도,거제시,39,88
202205,경상남도,거제시,40,100
202205,경상남도,거제시,41,110
202205,경상남도,거제시,42,103
202205,경상남도,거제시,43,119
202205,경상남도,거제시,44,133
202205,경상남도,거제시,45,105
202205,경상남도,거제시,46,127
202205,경상남도,거제시,47,119
202205,경상남도,거제시,48,142
202205,경상남도,거제시,49,136
202205,경상남도,거제시,50,128
202205,경상남도,거제시,51,145
202205,경상남도,거제시,52,139
202205,경상남도,거제시,53,142
202205,경상남도,거제시,54,134
202205,경상남도,거제시,55,122
202205,경상남도,거제시,56,126
202205,경상남도,거제시,57,130
202205,경상남도,거제시,58,101
202205,경상남도,거제시,59,138
202205,경상남도,거제시,60,132
202205,경상남도,거제시,61,173
202205,경상남도,거제시,62,156
202205,경상남도,거제시,63,143
202205,경상남도,거제시,64,147
202205,경상남도,거제시,65,186
202205,경상남도,거제시,66,158
202205,경상남도,거제시,67,176
202205,경상남도,거제시,68,125
202205,경상남도,거제시,69,134
202205,경상남도,거제시,70,127
202205,경상남도,거제시,71,81
202205,경상남도,거제시,72,111
202205,경상남도,거제시,73,100
202205,경상남도,거제시,74,97
202205,경상남도,거제시,75,100
202205,경상남도,거제시,76,62
202205,경상남도,거제시,77,87
202205,경상남도,거제시,78,90
202205,경상남도,거제시,79,103
202205,경상남도,거제시,80,90
202205,경상남도,거제시,81,87
202205,경상남도,거제시,82,62
202205,경상남도,거제시,83,70
202205,경상남도,거제시,84,69
202205,경상남도,거제시,85,64
202205,경상남도,거제시,86,79
202205,경상남도,거제시,87,58
202205,경상남도,거제시,88,43
202205,경상남도,거제시,89,49
202205,경상남도,거제시,90,29
202205,경상남도,거제시,91,20
202205,경상남도,거제시,92,24
202205,경상남도,거제시,93,23
202205,경상남도,거제시,94,14
202205,경상남도,거제시,95,8
202205,경상남도,거제시,96,3
202205,경상남도,거제시,97,6
202205,경상남도,거제시,98,3
202205,경상남도,거제시,99,3
202205,경상남도,거제시,100,1
202205,경상남도,거제시,101,2
202205,경상남도,거제시,104,1
202205,경상남도,양산시,0,21
202205,경상남도,양산시,1,31
202205,경상남도,양산시,2,33
202205,경상남도,양산시,3,52
202205,경상남도,양산시,4,68
202205,경상남도,양산시,5,78
202205,경상남도,양산시,6,104
202205,경상남도,양산시,7,110
202205,경상남도,양산시,8,145
202205,경상남도,양산시,9,153
202205,경상남도,양산시,10,192
202205,경상남도,양산시,11,181
202205,경상남도,양산시,12,184
202205,경상남도,양산시,13,184
202205,경상남도,양산시,14,224
202205,경상남도,양산시,15,198
202205,경상남도,양산시,16,231
202205,경상남도,양산시,17,179
202205,경상남도,양산시,18,176
202205,경상남도,양산시,19,134
202205,경상남도,양산시,20,115
202205,경상남도,양산시,21,107
202205,경상남도,양산시,22,120
202205,경상남도,양산시,23,89
202205,경상남도,양산시,24,71
202205,경상남도,양산시,25,62
202205,경상남도,양산시,26,57
202205,경상남도,양산시,27,43
202205,경상남도,양산시,28,40
202205,경상남도,양산시,29,33
202205,경상남도,양산시,30,45
202205,경상남도,양산시,31,58
202205,경상남도,양산시,32,58
202205,경상남도,양산시,33,47
202205,경상남도,양산시,34,48
202205,경상남도,양산시,35,59
202205,경상남도,양산시,36,72
202205,경상남도,양산시,37,79
202205,경상남도,양산시,38,79
202205,경상남도,양산시,39,113
202205,경상남도,양산시,40,135
202205,경상남도,양산시,41,128
202205,경상남도,양산시,42,131
202205,경상남도,양산시,43,126
202205,경상남도,양산시,44,171
202205,경상남도,양산시,45,146
202205,경상남도,양산시,46,147
202205,경상남도,양산시,47,168
202205,경상남도,양산시,48,199
202205,경상남도,양산시,49,206
202205,경상남도,양산시,50,190
202205,경상남도,양산시,51,215
202205,경상남도,양산시,52,218
202205,경상남도,양산시,53,236
202205,경상남도,양산시,54,243
202205,경상남도,양산시,55,199
202205,경상남도,양산시,56,221
202205,경상남도,양산시,57,214
202205,경상남도,양산시,58,222
202205,경상남도,양산시,59,230
202205,경상남도,양산시,60,256
202205,경상남도,양산시,61,275
202205,경상남도,양산시,62,270
202205,경상남도,양산시,63,278
202205,경상남도,양산시,64,250
202205,경상남도,양산시,65,291
202205,경상남도,양산시,66,272
202205,경상남도,양산시,67,315
202205,경상남도,양산시,68,228
202205,경상남도,양산시,69,241
202205,경상남도,양산시,70,238
202205,경상남도,양산시,71,234
202205,경상남도,양산시,72,252
202205,경상남도,양산시,73,245
202205,경상남도,양산시,74,248
202205,경상남도,양산시,75,242
202205,경상남도,양산시,76,167
202205,경상남도,양산시,77,251
202205,경상남도,양산시,78,261
202205,경상남도,양산시,79,297
202205,경상남도,양산시,80,247
202205,경상남도,양산시,81,270
202205,경상남도,양산시,82,223
202205,경상남도,양산시,83,184
202205,경상남도,양산시,84,186
202205,경상남도,양산시,85,183
202205,경상남도,양산시,86,153
202205,경상남도,양산시,87,131
202205,경상남도,양산시,88,99
202205,경상남도,양산시,89,80
202205,경상남도,양산시,90,68
202205,경상남도,양산시,91,57
202205,경상남도,양산시,92,50
202205,경상남도,양산시,93,27
202205,경상남도,양산시,94,24
202205,경상남도,양산시,95,23
202205,경상남도,양산시,96,8
202205,경상남도,양산시,97,8
202205,경상남도,양산시,98,6
202205,경상남도,양산시,99,5
202205,경상남도,양산시,100,4
202205,경상남도,양산시,101,1
202205,경상남도,양산시,102,3
202205,경상남도,의령군,0,2
202205,경상남도,의령군,3,3
202205,경상남도,의령군,4,4
202205,경상남도,의령군,5,3
202205,경상남도,의령군,6,4
202205,경상남도,의령군,7,8
202205,경상남도,의령군,8,12
202205,경상남도,의령군,9,13
202205,경상남도,의령군,10,10
202205,경상남도,의령군,11,15
202205,경상남도,의령군,12,17
202205,경상남도,의령군,13,13
202205,경상남도,의령군,14,15
202205,경상남도,의령군,15,13
202205,경상남도,의령군,16,11
202205,경상남도,의령군,17,14
202205,경상남도,의령군,18,10
202205,경상남도,의령군,19,8
202205,경상남도,의령군,20,4
202205,경상남도,의령군,21,10
202205,경상남도,의령군,22,8
202205,경상남도,의령군,23,7
202205,경상남도,의령군,24,3
202205,경상남도,의령군,25,6
202205,경상남도,의령군,26,5
202205,경상남도,의령군,27,6
202205,경상남도,의령군,28,3
202205,경상남도,의령군,29,2
202205,경상남도,의령군,30,2
202205,경상남도,의령군,31,3
202205,경상남도,의령군,32,5
202205,경상남도,의령군,33,8
202205,경상남도,의령군,34,5
202205,경상남도,의령군,35,3
202205,경상남도,의령군,36,8
202205,경상남도,의령군,37,5
202205,경상남도,의령군,38,4
202205,경상남도,의령군,39,7
202205,경상남도,의령군,40,8
202205,경상남도,의령군,41,10
202205,경상남도,의령군,42,5
202205,경상남도,의령군,43,10
202205,경상남도,의령군,44,8
202205,경상남도,의령군,45,12
202205,경상남도,의령군,46,13
202205,경상남도,의령군,47,14
202205,경상남도,의령군,48,15
202205,경상남도,의령군,49,20
202205,경상남도,의령군,50,24
202205,경상남도,의령군,51,18
202205,경상남도,의령군,52,21
202205,경상남도,의령군,53,24
202205,경상남도,의령군,54,15
202205,경상남도,의령군,55,26
202205,경상남도,의령군,56,20
202205,경상남도,의령군,57,32
202205,경상남도,의령군,58,30
202205,경상남도,의령군,59,31
202205,경상남도,의령군,60,33
202205,경상남도,의령군,61,34
202205,경상남도,의령군,62,33
202205,경상남도,의령군,63,29
202205,경상남도,의령군,64,29
202205,경상남도,의령군,65,32
202205,경상남도,의령군,66,34
202205,경상남도,의령군,67,37
202205,경상남도,의령군,68,24
202205,경상남도,의령군,69,25
202205,경상남도,의령군,70,22
202205,경상남도,의령군,71,28
202205,경상남도,의령군,72,23
202205,경상남도,의령군,73,28
202205,경상남도,의령군,74,28
202205,경상남도,의령군,75,22
202205,경상남도,의령군,76,17
202205,경상남도,의령군,77,25
202205,경상남도,의령군,78,28
202205,경상남도,의령군,79,45
202205,경상남도,의령군,80,41
202205,경상남도,의령군,81,39
202205,경상남도,의령군,82,37
202205,경상남도,의령군,83,38
202205,경상남도,의령군,84,37
202205,경상남도,의령군,85,39
202205,경상남도,의령군,86,29
202205,경상남도,의령군,87,29
202205,경상남도,의령군,88,32
202205,경상남도,의령군,89,33
202205,경상남도,의령군,90,25
202205,경상남도,의령군,91,20
202205,경상남도,의령군,92,15
202205,경상남도,의령군,93,13
202205,경상남도,의령군,94,6
202205,경상남도,의령군,95,4
202205,경상남도,의령군,96,3
202205,경상남도,의령군,97,1
202205,경상남도,의령군,98,1
202205,경상남도,의령군,99,2
202205,경상남도,의령군,100,1
202205,경상남도,함안군,0,2
202205,경상남도,함안군,1,2
202205,경상남도,함안군,2,3
202205,경상남도,함안군,3,9
202205,경상남도,함안군,4,9
202205,경상남도,함안군,5,9
202205,경상남도,함안군,6,16
202205,경상남도,함안군,7,30
202205,경상남도,함안군,8,33
202205,경상남도,함안군,9,35
202205,경상남도,함안군,10,40
202205,경상남도,함안군,11,41
202205,경상남도,함안군,12,43
202205,경상남도,함안군,13,41
202205,경상남도,함안군,14,51
202205,경상남도,함안군,15,40
202205,경상남도,함안군,16,37
202205,경상남도,함안군,17,45
202205,경상남도,함안군,18,38
202205,경상남도,함안군,19,20
202205,경상남도,함안군,20,27
202205,경상남도,함안군,21,20
202205,경상남도,함안군,22,21
202205,경상남도,함안군,23,14
202205,경상남도,함안군,24,11
202205,경상남도,함안군,25,5
202205,경상남도,함안군,26,11
202205,경상남도,함안군,27,8
202205,경상남도,함안군,28,3
202205,경상남도,함안군,29,4
202205,경상남도,함안군,30,7
202205,경상남도,함안군,31,11
202205,경상남도,함안군,32,8
202205,경상남도,함안군,33,11
202205,경상남도,함안군,34,7
202205,경상남도,함안군,35,8
202205,경상남도,함안군,36,11
202205,경상남도,함안군,37,10
202205,경상남도,함안군,38,9
202205,경상남도,함안군,39,12
202205,경상남도,함안군,40,21
202205,경상남도,함안군,41,19
202205,경상남도,함안군,42,24
202205,경상남도,함안군,43,20
202205,경상남도,함안군,44,25
202205,경상남도,함안군,45,25
202205,경상남도,함안군,46,27
202205,경상남도,함안군,47,22
202205,경상남도,함안군,48,36
202205,경상남도,함안군,49,26
202205,경상남도,함안군,50,46
202205,경상남도,함안군,51,34
202205,경상남도,함안군,52,36
202205,경상남도,함안군,53,56
202205,경상남도,함안군,54,52
202205,경상남도,함안군,55,51
202205,경상남도,함안군,56,40
202205,경상남도,함안군,57,60
202205,경상남도,함안군,58,44
202205,경상남도,함안군,59,60
202205,경상남도,함안군,60,50
202205,경상남도,함안군,61,71
202205,경상남도,함안군,62,60
202205,경상남도,함안군,63,62
202205,경상남도,함안군,64,66
202205,경상남도,함안군,65,65
202205,경상남도,함안군,66,76
202205,경상남도,함안군,67,67
202205,경상남도,함안군,68,69
202205,경상남도,함안군,69,67
202205,경상남도,함안군,70,61
202205,경상남도,함안군,71,51
202205,경상남도,함안군,72,59
202205,경상남도,함안군,73,52
202205,경상남도,함안군,74,52
202205,경상남도,함안군,75,52
202205,경상남도,함안군,76,43
202205,경상남도,함안군,77,54
202205,경상남도,함안군,78,59
202205,경상남도,함안군,79,76
202205,경상남도,함안군,80,76
202205,경상남도,함안군,81,66
202205,경상남도,함안군,82,57
202205,경상남도,함안군,83,58
202205,경상남도,함안군,84,50
202205,경상남도,함안군,85,59
202205,경상남도,함안군,86,41
202205,경상남도,함안군,87,46
202205,경상남도,함안군,88,41
202205,경상남도,함안군,89,23
202205,경상남도,함안군,90,25
202205,경상남도,함안군,91,21
202205,경상남도,함안군,92,15
202205,경상남도,함안군,93,21
202205,경상남도,함안군,94,13
202205,경상남도,함안군,95,5
202205,경상남도,함안군,96,6
202205,경상남도,함안군,97,4
202205,경상남도,함안군,98,2
202205,경상남도,함안군,99,1
202205,경상남도,함안군,100,1
202205,경상남도,창녕군,0,1
202205,경상남도,창녕군,1,1
202205,경상남도,창녕군,2,5
202205,경상남도,창녕군,3,7
202205,경상남도,창녕군,4,11
202205,경상남도,창녕군,5,8
202205,경상남도,창녕군,6,18
202205,경상남도,창녕군,7,22
202205,경상남도,창녕군,8,33
202205,경상남도,창녕군,9,25
202205,경상남도,창녕군,10,40
202205,경상남도,창녕군,11,47
202205,경상남도,창녕군,12,32
202205,경상남도,창녕군,13,44
202205,경상남도,창녕군,14,40
202205,경상남도,창녕군,15,35
202205,경상남도,창녕군,16,44
202205,경상남도,창녕군,17,29
202205,경상남도,창녕군,18,26
202205,경상남도,창녕군,19,25
202205,경상남도,창녕군,20,26
202205,경상남도,창녕군,21,23
202205,경상남도,창녕군,22,16
202205,경상남도,창녕군,23,21
202205,경상남도,창녕군,24,21
202205,경상남도,창녕군,25,10
202205,경상남도,창녕군,26,6
202205,경상남도,창녕군,27,8
202205,경상남도,창녕군,28,6
202205,경상남도,창녕군,29,6
202205,경상남도,창녕군,30,8
202205,경상남도,창녕군,31,10
202205,경상남도,창녕군,32,11
202205,경상남도,창녕군,33,9
202205,경상남도,창녕군,34,8
202205,경상남도,창녕군,35,12
202205,경상남도,창녕군,36,18
202205,경상남도,창녕군,37,15
202205,경상남도,창녕군,38,8
202205,경상남도,창녕군,39,14
202205,경상남도,창녕군,40,25
202205,경상남도,창녕군,41,19
202205,경상남도,창녕군,42,28
202205,경상남도,창녕군,43,27
202205,경상남도,창녕군,44,25
202205,경상남도,창녕군,45,21
202205,경상남도,창녕군,46,25
202205,경상남도,창녕군,47,24
202205,경상남도,창녕군,48,43
202205,경상남도,창녕군,49,40
202205,경상남도,창녕군,50,49
202205,경상남도,창녕군,51,44
202205,경상남도,창녕군,52,54
202205,경상남도,창녕군,53,60
202205,경상남도,창녕군,54,49
202205,경상남도,창녕군,55,59
202205,경상남도,창녕군,56,43
202205,경상남도,창녕군,57,54
202205,경상남도,창녕군,58,76
202205,경상남도,창녕군,59,57
202205,경상남도,창녕군,60,60
202205,경상남도,창녕군,61,88
202205,경상남도,창녕군,62,56
202205,경상남도,창녕군,63,67
202205,경상남도,창녕군,64,72
202205,경상남도,창녕군,65,79
202205,경상남도,창녕군,66,77
202205,경상남도,창녕군,67,76
202205,경상남도,창녕군,68,70
202205,경상남도,창녕군,69,57
202205,경상남도,창녕군,70,59
202205,경상남도,창녕군,71,66
202205,경상남도,창녕군,72,64
202205,경상남도,창녕군,73,73
202205,경상남도,창녕군,74,66
202205,경상남도,창녕군,75,58
202205,경상남도,창녕군,76,29
202205,경상남도,창녕군,77,55
202205,경상남도,창녕군,78,61
202205,경상남도,창녕군,79,88
202205,경상남도,창녕군,80,84
202205,경상남도,창녕군,81,61
202205,경상남도,창녕군,82,59
202205,경상남도,창녕군,83,75
202205,경상남도,창녕군,84,74
202205,경상남도,창녕군,85,49
202205,경상남도,창녕군,86,46
202205,경상남도,창녕군,87,43
202205,경상남도,창녕군,88,54
202205,경상남도,창녕군,89,44
202205,경상남도,창녕군,90,39
202205,경상남도,창녕군,91,26
202205,경상남도,창녕군,92,21
202205,경상남도,창녕군,93,19
202205,경상남도,창녕군,94,15
202205,경상남도,창녕군,95,8
202205,경상남도,창녕군,96,1
202205,경상남도,창녕군,97,5
202205,경상남도,창녕군,98,4
202205,경상남도,창녕군,100,2
202205,경상남도,창녕군,101,1
202205,경상남도,창녕군,109,1
202205,경상남도,창녕군,111,1
202205,경상남도,고성군,0,1
202205,경상남도,고성군,1,6
202205,경상남도,고성군,2,4
202205,경상남도,고성군,3,4
202205,경상남도,고성군,4,10
202205,경상남도,고성군,5,11
202205,경상남도,고성군,6,13
202205,경상남도,고성군,7,22
202205,경상남도,고성군,8,28
202205,경상남도,고성군,9,26
202205,경상남도,고성군,10,45
202205,경상남도,고성군,11,35
202205,경상남도,고성군,12,29
202205,경상남도,고성군,13,46
202205,경상남도,고성군,14,28
202205,경상남도,고성군,15,43
202205,경상남도,고성군,16,38
202205,경상남도,고성군,17,42
202205,경상남도,고성군,18,34
202205,경상남도,고성군,19,19
202205,경상남도,고성군,20,17
202205,경상남도,고성군,21,21
202205,경상남도,고성군,22,17
202205,경상남도,고성군,23,13
202205,경상남도,고성군,24,10
202205,경상남도,고성군,25,4
202205,경상남도,고성군,26,6
202205,경상남도,고성군,27,4
202205,경상남도,고성군,28,10
202205,경상남도,고성군,29,3
202205,경상남도,고성군,30,4
202205,경상남도,고성군,31,5
202205,경상남도,고성군,32,3
202205,경상남도,고성군,33,8
202205,경상남도,고성군,34,11
202205,경상남도,고성군,35,6
202205,경상남도,고성군,36,13
202205,경상남도,고성군,37,13
202205,경상남도,고성군,38,19
202205,경상남도,고성군,39,13
202205,경상남도,고성군,40,16
202205,경상남도,고성군,41,22
202205,경상남도,고성군,42,15
202205,경상남도,고성군,43,19
202205,경상남도,고성군,44,31
202205,경상남도,고성군,45,22
202205,경상남도,고성군,46,32
202205,경상남도,고성군,47,21
202205,경상남도,고성군,48,36
202205,경상남도,고성군,49,25
202205,경상남도,고성군,50,44
202205,경상남도,고성군,51,43
202205,경상남도,고성군,52,39
202205,경상남도,고성군,53,44
202205,경상남도,고성군,54,33
202205,경상남도,고성군,55,40
202205,경상남도,고성군,56,51
202205,경상남도,고성군,57,40
202205,경상남도,고성군,58,38
202205,경상남도,고성군,59,55
202205,경상남도,고성군,60,49
202205,경상남도,고성군,61,83
202205,경상남도,고성군,62,68
202205,경상남도,고성군,63,55
202205,경상남도,고성군,64,58
202205,경상남도,고성군,65,58
202205,경상남도,고성군,66,68
202205,경상남도,고성군,67,73
202205,경상남도,고성군,68,48
202205,경상남도,고성군,69,62
202205,경상남도,고성군,70,72
202205,경상남도,고성군,71,53
202205,경상남도,고성군,72,53
202205,경상남도,고성군,73,51
202205,경상남도,고성군,74,52
202205,경상남도,고성군,75,52
202205,경상남도,고성군,76,37
202205,경상남도,고성군,77,70
202205,경상남도,고성군,78,52
202205,경상남도,고성군,79,65
202205,경상남도,고성군,80,65
202205,경상남도,고성군,81,57
202205,경상남도,고성군,82,42
202205,경상남도,고성군,83,61
202205,경상남도,고성군,84,42
202205,경상남도,고성군,85,54
202205,경상남도,고성군,86,42
202205,경상남도,고성군,87,36
202205,경상남도,고성군,88,41
202205,경상남도,고성군,89,36
202205,경상남도,고성군,90,33
202205,경상남도,고성군,91,21
202205,경상남도,고성군,92,21
202205,경상남도,고성군,93,12
202205,경상남도,고성군,94,9
202205,경상남도,고성군,95,9
202205,경상남도,고성군,96,3
202205,경상남도,고성군,97,2
202205,경상남도,고성군,98,5
202205,경상남도,고성군,99,4
202205,경상남도,고성군,101,1
202205,경상남도,남해군,0,1
202205,경상남도,남해군,1,7
202205,경상남도,남해군,2,1
202205,경상남도,남해군,3,7
202205,경상남도,남해군,4,5
202205,경상남도,남해군,5,8
202205,경상남도,남해군,6,12
202205,경상남도,남해군,7,17
202205,경상남도,남해군,8,12
202205,경상남도,남해군,9,19
202205,경상남도,남해군,10,18
202205,경상남도,남해군,11,28
202205,경상남도,남해군,12,25
202205,경상남도,남해군,13,19
202205,경상남도,남해군,14,32
202205,경상남도,남해군,15,16
202205,경상남도,남해군,16,31
202205,경상남도,남해군,17,27
202205,경상남도,남해군,18,24
202205,경상남도,남해군,19,18
202205,경상남도,남해군,20,10
202205,경상남도,남해군,21,15
202205,경상남도,남해군,22,16
202205,경상남도,남해군,23,9
202205,경상남도,남해군,24,11
202205,경상남도,남해군,25,8
202205,경상남도,남해군,26,6
202205,경상남도,남해군,27,4
202205,경상남도,남해군,28,4
202205,경상남도,남해군,29,4
202205,경상남도,남해군,30,4
202205,경상남도,남해군,31,5
202205,경상남도,남해군,32,7
202205,경상남도,남해군,33,9
202205,경상남도,남해군,34,6
202205,경상남도,남해군,35,4
202205,경상남도,남해군,36,11
202205,경상남도,남해군,37,6
202205,경상남도,남해군,38,8
202205,경상남도,남해군,39,6
202205,경상남도,남해군,40,11
202205,경상남도,남해군,41,15
202205,경상남도,남해군,42,15
202205,경상남도,남해군,43,17
202205,경상남도,남해군,44,21
202205,경상남도,남해군,45,10
202205,경상남도,남해군,46,13
202205,경상남도,남해군,47,21
202205,경상남도,남해군,48,24
202205,경상남도,남해군,49,29
202205,경상남도,남해군,50,31
202205,경상남도,남해군,51,40
202205,경상남도,남해군,52,31
202205,경상남도,남해군,53,27
202205,경상남도,남해군,54,32
202205,경상남도,남해군,55,33
202205,경상남도,남해군,56,47
202205,경상남도,남해군,57,30
202205,경상남도,남해군,58,29
202205,경상남도,남해군,59,43
202205,경상남도,남해군,60,46
202205,경상남도,남해군,61,43
202205,경상남도,남해군,62,40
202205,경상남도,남해군,63,49
202205,경상남도,남해군,64,39
202205,경상남도,남해군,65,40
202205,경상남도,남해군,66,37
202205,경상남도,남해군,67,46
202205,경상남도,남해군,68,30
202205,경상남도,남해군,69,38
202205,경상남도,남해군,70,42
202205,경상남도,남해군,71,42
202205,경상남도,남해군,72,37
202205,경상남도,남해군,73,46
202205,경상남도,남해군,74,36
202205,경상남도,남해군,75,38
202205,경상남도,남해군,76,27
202205,경상남도,남해군,77,31
202205,경상남도,남해군,78,31
202205,경상남도,남해군,79,57
202205,경상남도,남해군,80,50
202205,경상남도,남해군,81,55
202205,경상남도,남해군,82,58
202205,경상남도,남해군,83,51
202205,경상남도,남해군,84,43
202205,경상남도,남해군,85,58
202205,경상남도,남해군,86,54
202205,경상남도,남해군,87,43
202205,경상남도,남해군,88,37
202205,경상남도,남해군,89,32
202205,경상남도,남해군,90,41
202205,경상남도,남해군,91,23
202205,경상남도,남해군,92,28
202205,경상남도,남해군,93,21
202205,경상남도,남해군,94,10
202205,경상남도,남해군,95,13
202205,경상남도,남해군,96,8
202205,경상남도,남해군,97,2
202205,경상남도,남해군,98,6
202205,경상남도,남해군,99,2
202205,경상남도,남해군,100,5
202205,경상남도,하동군,0,3
202205,경상남도,하동군,1,3
202205,경상남도,하동군,2,5
202205,경상남도,하동군,3,6
202205,경상남도,하동군,4,7
202205,경상남도,하동군,5,6
202205,경상남도,하동군,6,11
202205,경상남도,하동군,7,24
202205,경상남도,하동군,8,19
202205,경상남도,하동군,9,23
202205,경상남도,하동군,10,16
202205,경상남도,하동군,11,30
202205,경상남도,하동군,12,39
202205,경상남도,하동군,13,40
202205,경상남도,하동군,14,43
202205,경상남도,하동군,15,32
202205,경상남도,하동군,16,32
202205,경상남도,하동군,17,36
202205,경상남도,하동군,18,34
202205,경상남도,하동군,19,13
202205,경상남도,하동군,20,30
202205,경상남도,하동군,21,18
202205,경상남도,하동군,22,15
202205,경상남도,하동군,23,15
202205,경상남도,하동군,24,9
202205,경상남도,하동군,25,6
202205,경상남도,하동군,26,6
202205,경상남도,하동군,27,1
202205,경상남도,하동군,28,4
202205,경상남도,하동군,29,5
202205,경상남도,하동군,30,2
202205,경상남도,하동군,31,7
202205,경상남도,하동군,32,7
202205,경상남도,하동군,33,8
202205,경상남도,하동군,34,6
202205,경상남도,하동군,35,11
202205,경상남도,하동군,36,7
202205,경상남도,하동군,37,6
202205,경상남도,하동군,38,16
202205,경상남도,하동군,39,14
202205,경상남도,하동군,40,20
202205,경상남도,하동군,41,18
202205,경상남도,하동군,42,12
202205,경상남도,하동군,43,26
202205,경상남도,하동군,44,25
202205,경상남도,하동군,45,16
202205,경상남도,하동군,46,38
202205,경상남도,하동군,47,39
202205,경상남도,하동군,48,35
202205,경상남도,하동군,49,37
202205,경상남도,하동군,50,38
202205,경상남도,하동군,51,30
202205,경상남도,하동군,52,35
202205,경상남도,하동군,53,57
202205,경상남도,하동군,54,40
202205,경상남도,하동군,55,46
202205,경상남도,하동군,56,43
202205,경상남도,하동군,57,34
202205,경상남도,하동군,58,32
202205,경상남도,하동군,59,42
202205,경상남도,하동군,60,48
202205,경상남도,하동군,61,72
202205,경상남도,하동군,62,56
202205,경상남도,하동군,63,56
202205,경상남도,하동군,64,45
202205,경상남도,하동군,65,42
202205,경상남도,하동군,66,52
202205,경상남도,하동군,67,57
202205,경상남도,하동군,68,46
202205,경상남도,하동군,69,39
202205,경상남도,하동군,70,53
202205,경상남도,하동군,71,35
202205,경상남도,하동군,72,40
202205,경상남도,하동군,73,44
202205,경상남도,하동군,74,48
202205,경상남도,하동군,75,48
202205,경상남도,하동군,76,38
202205,경상남도,하동군,77,32
202205,경상남도,하동군,78,34
202205,경상남도,하동군,79,55
202205,경상남도,하동군,80,54
202205,경상남도,하동군,81,45
202205,경상남도,하동군,82,57
202205,경상남도,하동군,83,45
202205,경상남도,하동군,84,33
202205,경상남도,하동군,85,48
202205,경상남도,하동군,86,36
202205,경상남도,하동군,87,44
202205,경상남도,하동군,88,30
202205,경상남도,하동군,89,24
202205,경상남도,하동군,90,26
202205,경상남도,하동군,91,16
202205,경상남도,하동군,92,18
202205,경상남도,하동군,93,12
202205,경상남도,하동군,94,9
202205,경상남도,하동군,95,10
202205,경상남도,하동군,96,4
202205,경상남도,하동군,97,6
202205,경상남도,하동군,98,1
202205,경상남도,하동군,99,2
202205,경상남도,하동군,103,1
202205,경상남도,산청군,0,1
202205,경상남도,산청군,1,1
202205,경상남도,산청군,2,1
202205,경상남도,산청군,3,4
202205,경상남도,산청군,4,6
202205,경상남도,산청군,5,6
202205,경상남도,산청군,6,5
202205,경상남도,산청군,7,9
202205,경상남도,산청군,8,10
202205,경상남도,산청군,9,19
202205,경상남도,산청군,10,12
202205,경상남도,산청군,11,19
202205,경상남도,산청군,12,16
202205,경상남도,산청군,13,16
202205,경상남도,산청군,14,21
202205,경상남도,산청군,15,26
202205,경상남도,산청군,16,16
202205,경상남도,산청군,17,14
202205,경상남도,산청군,18,16
202205,경상남도,산청군,19,9
202205,경상남도,산청군,20,13
202205,경상남도,산청군,21,8
202205,경상남도,산청군,22,8
202205,경상남도,산청군,23,8
202205,경상남도,산청군,24,5
202205,경상남도,산청군,25,4
202205,경상남도,산청군,26,1
202205,경상남도,산청군,27,4
202205,경상남도,산청군,28,5
202205,경상남도,산청군,29,2
202205,경상남도,산청군,30,3
202205,경상남도,산청군,31,4
202205,경상남도,산청군,32,4
202205,경상남도,산청군,33,1
202205,경상남도,산청군,34,5
202205,경상남도,산청군,35,3
202205,경상남도,산청군,36,4
202205,경상남도,산청군,37,8
202205,경상남도,산청군,38,7
202205,경상남도,산청군,39,10
202205,경상남도,산청군,40,15
202205,경상남도,산청군,41,10
202205,경상남도,산청군,42,16
202205,경상남도,산청군,43,13
202205,경상남도,산청군,44,9
202205,경상남도,산청군,45,7
202205,경상남도,산청군,46,15
202205,경상남도,산청군,47,14
202205,경상남도,산청군,48,22
202205,경상남도,산청군,49,23
202205,경상남도,산청군,50,24
202205,경상남도,산청군,51,25
202205,경상남도,산청군,52,33
202205,경상남도,산청군,53,33
202205,경상남도,산청군,54,34
202205,경상남도,산청군,55,27
202205,경상남도,산청군,56,32
202205,경상남도,산청군,57,25
202205,경상남도,산청군,58,26
202205,경상남도,산청군,59,34
202205,경상남도,산청군,60,42
202205,경상남도,산청군,61,42
202205,경상남도,산청군,62,41
202205,경상남도,산청군,63,36
202205,경상남도,산청군,64,26
202205,경상남도,산청군,65,46
202205,경상남도,산청군,66,40
202205,경상남도,산청군,67,33
202205,경상남도,산청군,68,23
202205,경상남도,산청군,69,29
202205,경상남도,산청군,70,37
202205,경상남도,산청군,71,19
202205,경상남도,산청군,72,21
202205,경상남도,산청군,73,28
202205,경상남도,산청군,74,43
202205,경상남도,산청군,75,30
202205,경상남도,산청군,76,23
202205,경상남도,산청군,77,29
202205,경상남도,산청군,78,29
202205,경상남도,산청군,79,45
202205,경상남도,산청군,80,41
202205,경상남도,산청군,81,41
202205,경상남도,산청군,82,38
202205,경상남도,산청군,83,41
202205,경상남도,산청군,84,41
202205,경상남도,산청군,85,34
202205,경상남도,산청군,86,42
202205,경상남도,산청군,87,36
202205,경상남도,산청군,88,29
202205,경상남도,산청군,89,25
202205,경상남도,산청군,90,27
202205,경상남도,산청군,91,18
202205,경상남도,산청군,92,20
202205,경상남도,산청군,93,8
202205,경상남도,산청군,94,13
202205,경상남도,산청군,95,3
202205,경상남도,산청군,96,4
202205,경상남도,산청군,97,5
202205,경상남도,산청군,98,1
202205,경상남도,산청군,99,3
202205,경상남도,산청군,101,1
202205,경상남도,함양군,0,2
202205,경상남도,함양군,1,2
202205,경상남도,함양군,2,4
202205,경상남도,함양군,3,6
202205,경상남도,함양군,4,8
202205,경상남도,함양군,5,6
202205,경상남도,함양군,6,16
202205,경상남도,함양군,7,20
202205,경상남도,함양군,8,24
202205,경상남도,함양군,9,25
202205,경상남도,함양군,10,18
202205,경상남도,함양군,11,30
202205,경상남도,함양군,12,20
202205,경상남도,함양군,13,30
202205,경상남도,함양군,14,23
202205,경상남도,함양군,15,34
202205,경상남도,함양군,16,25
202205,경상남도,함양군,17,43
202205,경상남도,함양군,18,20
202205,경상남도,함양군,19,21
202205,경상남도,함양군,20,13
202205,경상남도,함양군,21,14
202205,경상남도,함양군,22,10
202205,경상남도,함양군,23,6
202205,경상남도,함양군,24,3
202205,경상남도,함양군,25,3
202205,경상남도,함양군,26,5
202205,경상남도,함양군,27,2
202205,경상남도,함양군,28,4
202205,경상남도,함양군,29,2
202205,경상남도,함양군,30,4
202205,경상남도,함양군,31,2
202205,경상남도,함양군,32,1
202205,경상남도,함양군,33,6
202205,경상남도,함양군,34,15
202205,경상남도,함양군,35,4
202205,경상남도,함양군,36,10
202205,경상남도,함양군,37,15
202205,경상남도,함양군,38,12
202205,경상남도,함양군,39,13
202205,경상남도,함양군,40,12
202205,경상남도,함양군,41,10
202205,경상남도,함양군,42,10
202205,경상남도,함양군,43,14
202205,경상남도,함양군,44,19
202205,경상남도,함양군,45,25
202205,경상남도,함양군,46,20
202205,경상남도,함양군,47,30
202205,경상남도,함양군,48,19
202205,경상남도,함양군,49,22
202205,경상남도,함양군,50,17
202205,경상남도,함양군,51,31
202205,경상남도,함양군,52,21
202205,경상남도,함양군,53,32
202205,경상남도,함양군,54,34
202205,경상남도,함양군,55,30
202205,경상남도,함양군,56,25
202205,경상남도,함양군,57,37
202205,경상남도,함양군,58,13
202205,경상남도,함양군,59,33
202205,경상남도,함양군,60,37
202205,경상남도,함양군,61,45
202205,경상남도,함양군,62,43
202205,경상남도,함양군,63,30
202205,경상남도,함양군,64,22
202205,경상남도,함양군,65,38
202205,경상남도,함양군,66,40
202205,경상남도,함양군,67,37
202205,경상남도,함양군,68,43
202205,경상남도,함양군,69,29
202205,경상남도,함양군,70,27
202205,경상남도,함양군,71,25
202205,경상남도,함양군,72,40
202205,경상남도,함양군,73,31
202205,경상남도,함양군,74,34
202205,경상남도,함양군,75,37
202205,경상남도,함양군,76,37
202205,경상남도,함양군,77,32
202205,경상남도,함양군,78,38
202205,경상남도,함양군,79,44
202205,경상남도,함양군,80,61
202205,경상남도,함양군,81,50
202205,경상남도,함양군,82,57
202205,경상남도,함양군,83,42
202205,경상남도,함양군,84,53
202205,경상남도,함양군,85,45
202205,경상남도,함양군,86,65
202205,경상남도,함양군,87,36
202205,경상남도,함양군,88,31
202205,경상남도,함양군,89,28
202205,경상남도,함양군,90,33
202205,경상남도,함양군,91,35
202205,경상남도,함양군,92,17
202205,경상남도,함양군,93,12
202205,경상남도,함양군,94,11
202205,경상남도,함양군,95,9
202205,경상남도,함양군,96,3
202205,경상남도,함양군,97,5
202205,경상남도,함양군,98,1
202205,경상남도,함양군,99,1
202205,경상남도,함양군,101,1
202205,경상남도,함양군,102,1
202205,경상남도,거창군,0,7
202205,경상남도,거창군,1,8
202205,경상남도,거창군,2,4
202205,경상남도,거창군,3,10
202205,경상남도,거창군,4,11
202205,경상남도,거창군,5,12
202205,경상남도,거창군,6,27
202205,경상남도,거창군,7,32
202205,경상남도,거창군,8,34
202205,경상남도,거창군,9,35
202205,경상남도,거창군,10,44
202205,경상남도,거창군,11,40
202205,경상남도,거창군,12,47
202205,경상남도,거창군,13,52
202205,경상남도,거창군,14,58
202205,경상남도,거창군,15,61
202205,경상남도,거창군,16,47
202205,경상남도,거창군,17,58
202205,경상남도,거창군,18,42
202205,경상남도,거창군,19,29
202205,경상남도,거창군,20,27
202205,경상남도,거창군,21,30
202205,경상남도,거창군,22,28
202205,경상남도,거창군,23,19
202205,경상남도,거창군,24,9
202205,경상남도,거창군,25,18
202205,경상남도,거창군,26,12
202205,경상남도,거창군,27,5
202205,경상남도,거창군,28,10
202205,경상남도,거창군,29,6
202205,경상남도,거창군,30,6
202205,경상남도,거창군,31,2
202205,경상남도,거창군,32,4
202205,경상남도,거창군,33,8
202205,경상남도,거창군,34,18
202205,경상남도,거창군,35,4
202205,경상남도,거창군,36,17
202205,경상남도,거창군,37,13
202205,경상남도,거창군,38,19
202205,경상남도,거창군,39,27
202205,경상남도,거창군,40,24
202205,경상남도,거창군,41,25
202205,경상남도,거창군,42,30
202205,경상남도,거창군,43,25
202205,경상남도,거창군,44,27
202205,경상남도,거창군,45,35
202205,경상남도,거창군,46,32
202205,경상남도,거창군,47,35
202205,경상남도,거창군,48,44
202205,경상남도,거창군,49,45
202205,경상남도,거창군,50,43
202205,경상남도,거창군,51,50
202205,경상남도,거창군,52,39
202205,경상남도,거창군,53,56
202205,경상남도,거창군,54,43
202205,경상남도,거창군,55,50
202205,경상남도,거창군,56,47
202205,경상남도,거창군,57,46
202205,경상남도,거창군,58,42
202205,경상남도,거창군,59,58
202205,경상남도,거창군,60,68
202205,경상남도,거창군,61,60
202205,경상남도,거창군,62,63
202205,경상남도,거창군,63,68
202205,경상남도,거창군,64,45
202205,경상남도,거창군,65,69
202205,경상남도,거창군,66,63
202205,경상남도,거창군,67,63
202205,경상남도,거창군,68,43
202205,경상남도,거창군,69,58
202205,경상남도,거창군,70,50
202205,경상남도,거창군,71,43
202205,경상남도,거창군,72,53
202205,경상남도,거창군,73,58
202205,경상남도,거창군,74,54
202205,경상남도,거창군,75,52
202205,경상남도,거창군,76,39
202205,경상남도,거창군,77,57
202205,경상남도,거창군,78,51
202205,경상남도,거창군,79,63
202205,경상남도,거창군,80,63
202205,경상남도,거창군,81,68
202205,경상남도,거창군,82,67
202205,경상남도,거창군,83,71
202205,경상남도,거창군,84,61
202205,경상남도,거창군,85,60
202205,경상남도,거창군,86,55
202205,경상남도,거창군,87,61
202205,경상남도,거창군,88,64
202205,경상남도,거창군,89,51
202205,경상남도,거창군,90,29
202205,경상남도,거창군,91,26
202205,경상남도,거창군,92,21
202205,경상남도,거창군,93,21
202205,경상남도,거창군,94,22
202205,경상남도,거창군,95,7
202205,경상남도,거창군,96,16
202205,경상남도,거창군,97,4
202205,경상남도,거창군,98,6
202205,경상남도,거창군,99,3
202205,경상남도,거창군,100,1
202205,경상남도,거창군,101,1
202205,경상남도,거창군,103,1
202205,경상남도,거창군,104,1
202205,경상남도,합천군,1,3
202205,경상남도,합천군,2,2
202205,경상남도,합천군,3,3
202205,경상남도,합천군,4,1
202205,경상남도,합천군,5,5
202205,경상남도,합천군,6,4
202205,경상남도,합천군,7,9
202205,경상남도,합천군,8,9
202205,경상남도,합천군,9,7
202205,경상남도,합천군,10,11
202205,경상남도,합천군,11,9
202205,경상남도,합천군,12,19
202205,경상남도,합천군,13,16
202205,경상남도,합천군,14,26
202205,경상남도,합천군,15,20
202205,경상남도,합천군,16,15
202205,경상남도,합천군,17,19
202205,경상남도,합천군,18,19
202205,경상남도,합천군,19,15
202205,경상남도,합천군,20,17
202205,경상남도,합천군,21,17
202205,경상남도,합천군,22,12
202205,경상남도,합천군,23,10
202205,경상남도,합천군,24,9
202205,경상남도,합천군,25,4
202205,경상남도,합천군,26,4
202205,경상남도,합천군,28,1
202205,경상남도,합천군,29,3
202205,경상남도,합천군,30,7
202205,경상남도,합천군,31,4
202205,경상남도,합천군,32,6
202205,경상남도,합천군,33,7
202205,경상남도,합천군,34,8
202205,경상남도,합천군,35,6
202205,경상남도,합천군,36,3
202205,경상남도,합천군,37,6
202205,경상남도,합천군,38,11
202205,경상남도,합천군,39,13
202205,경상남도,합천군,40,11
202205,경상남도,합천군,41,16
202205,경상남도,합천군,42,16
202205,경상남도,합천군,43,12
202205,경상남도,합천군,44,15
202205,경상남도,합천군,45,22
202205,경상남도,합천군,46,15
202205,경상남도,합천군,47,17
202205,경상남도,합천군,48,22
202205,경상남도,합천군,49,24
202205,경상남도,합천군,50,35
202205,경상남도,합천군,51,30
202205,경상남도,합천군,52,34
202205,경상남도,합천군,53,40
202205,경상남도,합천군,54,50
202205,경상남도,합천군,55,41
202205,경상남도,합천군,56,47
202205,경상남도,합천군,57,51
202205,경상남도,합천군,58,44
202205,경상남도,합천군,59,39
202205,경상남도,합천군,60,43
202205,경상남도,합천군,61,71
202205,경상남도,합천군,62,51
202205,경상남도,합천군,63,40
202205,경상남도,합천군,64,55
202205,경상남도,합천군,65,47
202205,경상남도,합천군,66,31
202205,경상남도,합천군,67,60
202205,경상남도,합천군,68,31
202205,경상남도,합천군,69,51
202205,경상남도,합천군,70,44
202205,경상남도,합천군,71,24
202205,경상남도,합천군,72,48
202205,경상남도,합천군,73,41
202205,경상남도,합천군,74,45
202205,경상남도,합천군,75,46
202205,경상남도,합천군,76,29
202205,경상남도,합천군,77,41
202205,경상남도,합천군,78,53
202205,경상남도,합천군,79,44
202205,경상남도,합천군,80,52
202205,경상남도,합천군,81,48
202205,경상남도,합천군,82,57
202205,경상남도,합천군,83,64
202205,경상남도,합천군,84,33
202205,경상남도,합천군,85,40
202205,경상남도,합천군,86,41
202205,경상남도,합천군,87,46
202205,경상남도,합천군,88,30
202205,경상남도,합천군,89,32
202205,경상남도,합천군,90,22
202205,경상남도,합천군,91,14
202205,경상남도,합천군,92,15
202205,경상남도,합천군,93,9
202205,경상남도,합천군,94,7
202205,경상남도,합천군,95,8
202205,경상남도,합천군,96,8
202205,경상남도,합천군,97,2
202205,경상남도,합천군,98,2
202205,경상남도,합천군,99,2
202205,경상남도,합천군,100,1
202205,경상남도,합천군,101,1
202205,경상남도,합천군,102,1
202205,제주특별자치도,제주시,0,41
202205,제주특별자치도,제주시,1,79
202205,제주특별자치도,제주시,2,84
202205,제주특별자치도,제주시,3,107
202205,제주특별자치도,제주시,4,120
202205,제주특별자치도,제주시,5,145
202205,제주특별자치도,제주시,6,202
202205,제주특별자치도,제주시,7,280
202205,제주특별자치도,제주시,8,286
202205,제주특별자치도,제주시,9,351
202205,제주특별자치도,제주시,10,337
202205,제주특별자치도,제주시,11,371
202205,제주특별자치도,제주시,12,373
202205,제주특별자치도,제주시,13,423
202205,제주특별자치도,제주시,14,393
202205,제주특별자치도,제주시,15,402
202205,제주특별자치도,제주시,16,383
202205,제주특별자치도,제주시,17,371
202205,제주특별자치도,제주시,18,358
202205,제주특별자치도,제주시,19,291
202205,제주특별자치도,제주시,20,251
202205,제주특별자치도,제주시,21,249
202205,제주특별자치도,제주시,22,220
202205,제주특별자치도,제주시,23,184
202205,제주특별자치도,제주시,24,173
202205,제주특별자치도,제주시,25,117
202205,제주특별자치도,제주시,26,108
202205,제주특별자치도,제주시,27,87
202205,제주특별자치도,제주시,28,76
202205,제주특별자치도,제주시,29,81
202205,제주특별자치도,제주시,30,76
202205,제주특별자치도,제주시,31,76
202205,제주특별자치도,제주시,32,89
202205,제주특별자치도,제주시,33,97
202205,제주특별자치도,제주시,34,88
202205,제주특별자치도,제주시,35,105
202205,제주특별자치도,제주시,36,153
202205,제주특별자치도,제주시,37,144
202205,제주특별자치도,제주시,38,157
202205,제주특별자치도,제주시,39,199
202205,제주특별자치도,제주시,40,186
202205,제주특별자치도,제주시,41,239
202205,제주특별자치도,제주시,42,221
202205,제주특별자치도,제주시,43,238
202205,제주특별자치도,제주시,44,233
202205,제주특별자치도,제주시,45,221
202205,제주특별자치도,제주시,46,268
202205,제주특별자치도,제주시,47,261
202205,제주특별자치도,제주시,48,322
202205,제주특별자치도,제주시,49,344
202205,제주특별자치도,제주시,50,356
202205,제주특별자치도,제주시,51,358
202205,제주특별자치도,제주시,52,377
202205,제주특별자치도,제주시,53,349
202205,제주특별자치도,제주시,54,344
202205,제주특별자치도,제주시,55,340
202205,제주특별자치도,제주시,56,382
202205,제주특별자치도,제주시,57,325
202205,제주특별자치도,제주시,58,349
202205,제주특별자치도,제주시,59,392
202205,제주특별자치도,제주시,60,351
202205,제주특별자치도,제주시,61,388
202205,제주특별자치도,제주시,62,395
202205,제주특별자치도,제주시,63,390
202205,제주특별자치도,제주시,64,374
202205,제주특별자치도,제주시,65,371
202205,제주특별자치도,제주시,66,405
202205,제주특별자치도,제주시,67,401
202205,제주특별자치도,제주시,68,334
202205,제주특별자치도,제주시,69,289
202205,제주특별자치도,제주시,70,316
202205,제주특별자치도,제주시,71,279
202205,제주특별자치도,제주시,72,275
202205,제주특별자치도,제주시,73,272
202205,제주특별자치도,제주시,74,282
202205,제주특별자치도,제주시,75,280
202205,제주특별자치도,제주시,76,222
202205,제주특별자치도,제주시,77,217
202205,제주특별자치도,제주시,78,243
202205,제주특별자치도,제주시,79,273
202205,제주특별자치도,제주시,80,256
202205,제주특별자치도,제주시,81,222
202205,제주특별자치도,제주시,82,212
202205,제주특별자치도,제주시,83,196
202205,제주특별자치도,제주시,84,185
202205,제주특별자치도,제주시,85,167
202205,제주특별자치도,제주시,86,165
202205,제주특별자치도,제주시,87,145
202205,제주특별자치도,제주시,88,131
202205,제주특별자치도,제주시,89,99
202205,제주특별자치도,제주시,90,76
202205,제주특별자치도,제주시,91,60
202205,제주특별자치도,제주시,92,67
202205,제주특별자치도,제주시,93,51
202205,제주특별자치도,제주시,94,29
202205,제주특별자치도,제주시,95,22
202205,제주특별자치도,제주시,96,10
202205,제주특별자치도,제주시,97,9
202205,제주특별자치도,제주시,98,13
202205,제주특별자치도,제주시,99,19
202205,제주특별자치도,제주시,100,7
202205,제주특별자치도,제주시,101,7
202205,제주특별자치도,제주시,102,3
202205,제주특별자치도,제주시,103,1
202205,제주특별자치도,제주시,105,1
202205,제주특별자치도,서귀포시,0,17
202205,제주특별자치도,서귀포시,1,20
202205,제주특별자치도,서귀포시,2,25
202205,제주특별자치도,서귀포시,3,31
202205,제주특별자치도,서귀포시,4,35
202205,제주특별자치도,서귀포시,5,45
202205,제주특별자치도,서귀포시,6,63
202205,제주특별자치도,서귀포시,7,105
202205,제주특별자치도,서귀포시,8,96
202205,제주특별자치도,서귀포시,9,117
202205,제주특별자치도,서귀포시,10,136
202205,제주특별자치도,서귀포시,11,147
202205,제주특별자치도,서귀포시,12,144
202205,제주특별자치도,서귀포시,13,129
202205,제주특별자치도,서귀포시,14,154
202205,제주특별자치도,서귀포시,15,127
202205,제주특별자치도,서귀포시,16,149
202205,제주특별자치도,서귀포시,17,135
202205,제주특별자치도,서귀포시,18,122
202205,제주특별자치도,서귀포시,19,89
202205,제주특별자치도,서귀포시,20,75
202205,제주특별자치도,서귀포시,21,87
202205,제주특별자치도,서귀포시,22,71
202205,제주특별자치도,서귀포시,23,52
202205,제주특별자치도,서귀포시,24,42
202205,제주특별자치도,서귀포시,25,32
202205,제주특별자치도,서귀포시,26,25
202205,제주특별자치도,서귀포시,27,19
202205,제주특별자치도,서귀포시,28,20
202205,제주특별자치도,서귀포시,29,20
202205,제주특별자치도,서귀포시,30,22
202205,제주특별자치도,서귀포시,31,30
202205,제주특별자치도,서귀포시,32,32
202205,제주특별자치도,서귀포시,33,29
202205,제주특별자치도,서귀포시,34,29
202205,제주특별자치도,서귀포시,35,31
202205,제주특별자치도,서귀포시,36,39
202205,제주특별자치도,서귀포시,37,40
202205,제주특별자치도,서귀포시,38,47
202205,제주특별자치도,서귀포시,39,66
202205,제주특별자치도,서귀포시,40,65
202205,제주특별자치도,서귀포시,41,73
202205,제주특별자치도,서귀포시,42,71
202205,제주특별자치도,서귀포시,43,83
202205,제주특별자치도,서귀포시,44,81
202205,제주특별자치도,서귀포시,45,86
202205,제주특별자치도,서귀포시,46,96
202205,제주특별자치도,서귀포시,47,87
202205,제주특별자치도,서귀포시,48,114
202205,제주특별자치도,서귀포시,49,108
202205,제주특별자치도,서귀포시,50,110
202205,제주특별자치도,서귀포시,51,138
202205,제주특별자치도,서귀포시,52,143
202205,제주특별자치도,서귀포시,53,146
202205,제주특별자치도,서귀포시,54,145
202205,제주특별자치도,서귀포시,55,129
202205,제주특별자치도,서귀포시,56,149
202205,제주특별자치도,서귀포시,57,133
202205,제주특별자치도,서귀포시,58,117
202205,제주특별자치도,서귀포시,59,173
202205,제주특별자치도,서귀포시,60,152
202205,제주특별자치도,서귀포시,61,175
202205,제주특별자치도,서귀포시,62,176
202205,제주특별자치도,서귀포시,63,138
202205,제주특별자치도,서귀포시,64,166
202205,제주특별자치도,서귀포시,65,173
202205,제주특별자치도,서귀포시,66,182
202205,제주특별자치도,서귀포시,67,176
202205,제주특별자치도,서귀포시,68,127
202205,제주특별자치도,서귀포시,69,128
202205,제주특별자치도,서귀포시,70,124
202205,제주특별자치도,서귀포시,71,122
202205,제주특별자치도,서귀포시,72,118
202205,제주특별자치도,서귀포시,73,130
202205,제주특별자치도,서귀포시,74,126
202205,제주특별자치도,서귀포시,75,104
202205,제주특별자치도,서귀포시,76,87
202205,제주특별자치도,서귀포시,77,91
202205,제주특별자치도,서귀포시,78,89
202205,제주특별자치도,서귀포시,79,125
202205,제주특별자치도,서귀포시,80,120
202205,제주특별자치도,서귀포시,81,90
202205,제주특별자치도,서귀포시,82,91
202205,제주특별자치도,서귀포시,83,96
202205,제주특별자치도,서귀포시,84,84
202205,제주특별자치도,서귀포시,85,73
202205,제주특별자치도,서귀포시,86,72
202205,제주특별자치도,서귀포시,87,62
202205,제주특별자치도,서귀포시,88,55
202205,제주특별자치도,서귀포시,89,74
202205,제주특별자치도,서귀포시,90,46
202205,제주특별자치도,서귀포시,91,38
202205,제주특별자치도,서귀포시,92,32
202205,제주특별자치도,서귀포시,93,22
202205,제주특별자치도,서귀포시,94,17
202205,제주특별자치도,서귀포시,95,13
202205,제주특별자치도,서귀포시,96,4
202205,제주특별자치도,서귀포시,97,1
202205,제주특별자치도,서귀포시,98,5
202205,제주특별자치도,서귀포시,99,7
202205,제주특별자치도,서귀포시,100,5
202205,제주특별자치도,서귀포시,101,2
202205,제주특별자치도,서귀포시,102,1
202205,제주특별자치도,서귀포시,105,1
202205,제주특별자치도,서귀포시,109,1
