통계연월,통계시도명,통계시군구명,연령,수급자수
202104,서울특별시,종로구,0,5
202104,서울특별시,종로구,1,5
202104,서울특별시,종로구,2,7
202104,서울특별시,종로구,3,3
202104,서울특별시,종로구,4,7
202104,서울특별시,종로구,5,8
202104,서울특별시,종로구,6,10
202104,서울특별시,종로구,7,3
202104,서울특별시,종로구,8,18
202104,서울특별시,종로구,9,24
202104,서울특별시,종로구,10,26
202104,서울특별시,종로구,11,17
202104,서울특별시,종로구,12,36
202104,서울특별시,종로구,13,33
202104,서울특별시,종로구,14,37
202104,서울특별시,종로구,15,35
202104,서울특별시,종로구,16,36
202104,서울특별시,종로구,17,40
202104,서울특별시,종로구,18,46
202104,서울특별시,종로구,19,38
202104,서울특별시,종로구,20,27
202104,서울특별시,종로구,21,24
202104,서울특별시,종로구,22,16
202104,서울특별시,종로구,23,25
202104,서울특별시,종로구,24,24
202104,서울특별시,종로구,25,21
202104,서울특별시,종로구,26,14
202104,서울특별시,종로구,27,18
202104,서울특별시,종로구,28,8
202104,서울특별시,종로구,29,11
202104,서울특별시,종로구,30,15
202104,서울특별시,종로구,31,18
202104,서울특별시,종로구,32,10
202104,서울특별시,종로구,33,15
202104,서울특별시,종로구,34,20
202104,서울특별시,종로구,35,12
202104,서울특별시,종로구,36,15
202104,서울특별시,종로구,37,26
202104,서울특별시,종로구,38,12
202104,서울특별시,종로구,39,23
202104,서울특별시,종로구,40,16
202104,서울특별시,종로구,41,30
202104,서울특별시,종로구,42,30
202104,서울특별시,종로구,43,32
202104,서울특별시,종로구,44,32
202104,서울특별시,종로구,45,32
202104,서울특별시,종로구,46,43
202104,서울특별시,종로구,47,54
202104,서울특별시,종로구,48,57
202104,서울특별시,종로구,49,60
202104,서울특별시,종로구,50,83
202104,서울특별시,종로구,51,51
202104,서울특별시,종로구,52,90
202104,서울특별시,종로구,53,81
202104,서울특별시,종로구,54,84
202104,서울특별시,종로구,55,103
202104,서울특별시,종로구,56,109
202104,서울특별시,종로구,57,99
202104,서울특별시,종로구,58,101
202104,서울특별시,종로구,59,130
202104,서울특별시,종로구,60,139
202104,서울특별시,종로구,61,108
202104,서울특별시,종로구,62,119
202104,서울특별시,종로구,63,130
202104,서울특별시,종로구,64,113
202104,서울특별시,종로구,65,126
202104,서울특별시,종로구,66,154
202104,서울특별시,종로구,67,119
202104,서울특별시,종로구,68,107
202104,서울특별시,종로구,69,105
202104,서울특별시,종로구,70,97
202104,서울특별시,종로구,71,87
202104,서울특별시,종로구,72,97
202104,서울특별시,종로구,73,99
202104,서울특별시,종로구,74,97
202104,서울특별시,종로구,75,79
202104,서울특별시,종로구,76,81
202104,서울특별시,종로구,77,83
202104,서울특별시,종로구,78,114
202104,서울특별시,종로구,79,103
202104,서울특별시,종로구,80,69
202104,서울특별시,종로구,81,74
202104,서울특별시,종로구,82,70
202104,서울특별시,종로구,83,54
202104,서울특별시,종로구,84,56
202104,서울특별시,종로구,85,41
202104,서울특별시,종로구,86,32
202104,서울특별시,종로구,87,25
202104,서울특별시,종로구,88,20
202104,서울특별시,종로구,89,24
202104,서울특별시,종로구,90,16
202104,서울특별시,종로구,91,15
202104,서울특별시,종로구,92,13
202104,서울특별시,종로구,93,9
202104,서울특별시,종로구,94,8
202104,서울특별시,종로구,95,5
202104,서울특별시,종로구,96,2
202104,서울특별시,종로구,97,3
202104,서울특별시,종로구,98,3
202104,서울특별시,종로구,99,1
202104,서울특별시,종로구,101,1
202104,서울특별시,종로구,103,1
202104,서울특별시,종로구,106,1
202104,서울특별시,중구,0,2
202104,서울특별시,중구,1,8
202104,서울특별시,중구,2,5
202104,서울특별시,중구,3,7
202104,서울특별시,중구,4,10
202104,서울특별시,중구,5,13
202104,서울특별시,중구,6,13
202104,서울특별시,중구,7,24
202104,서울특별시,중구,8,20
202104,서울특별시,중구,9,31
202104,서울특별시,중구,10,37
202104,서울특별시,중구,11,26
202104,서울특별시,중구,12,36
202104,서울특별시,중구,13,43
202104,서울특별시,중구,14,45
202104,서울특별시,중구,15,36
202104,서울특별시,중구,16,51
202104,서울특별시,중구,17,54
202104,서울특별시,중구,18,48
202104,서울특별시,중구,19,34
202104,서울특별시,중구,20,29
202104,서울특별시,중구,21,28
202104,서울특별시,중구,22,28
202104,서울특별시,중구,23,32
202104,서울특별시,중구,24,21
202104,서울특별시,중구,25,19
202104,서울특별시,중구,26,13
202104,서울특별시,중구,27,13
202104,서울특별시,중구,28,18
202104,서울특별시,중구,29,12
202104,서울특별시,중구,30,17
202104,서울특별시,중구,31,18
202104,서울특별시,중구,32,14
202104,서울특별시,중구,33,17
202104,서울특별시,중구,34,14
202104,서울특별시,중구,35,12
202104,서울특별시,중구,36,22
202104,서울특별시,중구,37,19
202104,서울특별시,중구,38,23
202104,서울특별시,중구,39,25
202104,서울특별시,중구,40,25
202104,서울특별시,중구,41,25
202104,서울특별시,중구,42,27
202104,서울특별시,중구,43,29
202104,서울특별시,중구,44,38
202104,서울특별시,중구,45,50
202104,서울특별시,중구,46,53
202104,서울특별시,중구,47,54
202104,서울특별시,중구,48,72
202104,서울특별시,중구,49,59
202104,서울특별시,중구,50,70
202104,서울특별시,중구,51,79
202104,서울특별시,중구,52,71
202104,서울특별시,중구,53,99
202104,서울특별시,중구,54,85
202104,서울특별시,중구,55,83
202104,서울특별시,중구,56,87
202104,서울특별시,중구,57,101
202104,서울특별시,중구,58,148
202104,서울특별시,중구,59,107
202104,서울특별시,중구,60,149
202104,서울특별시,중구,61,139
202104,서울특별시,중구,62,130
202104,서울특별시,중구,63,104
202104,서울특별시,중구,64,106
202104,서울특별시,중구,65,147
202104,서울특별시,중구,66,161
202104,서울특별시,중구,67,139
202104,서울특별시,중구,68,152
202104,서울특별시,중구,69,121
202104,서울특별시,중구,70,119
202104,서울특별시,중구,71,134
202104,서울특별시,중구,72,119
202104,서울특별시,중구,73,120
202104,서울특별시,중구,74,101
202104,서울특별시,중구,75,86
202104,서울특별시,중구,76,99
202104,서울특별시,중구,77,102
202104,서울특별시,중구,78,111
202104,서울특별시,중구,79,105
202104,서울특별시,중구,80,84
202104,서울특별시,중구,81,78
202104,서울특별시,중구,82,89
202104,서울특별시,중구,83,65
202104,서울특별시,중구,84,66
202104,서울특별시,중구,85,61
202104,서울특별시,중구,86,47
202104,서울특별시,중구,87,43
202104,서울특별시,중구,88,29
202104,서울특별시,중구,89,31
202104,서울특별시,중구,90,18
202104,서울특별시,중구,91,20
202104,서울특별시,중구,92,20
202104,서울특별시,중구,93,11
202104,서울특별시,중구,94,11
202104,서울특별시,중구,95,6
202104,서울특별시,중구,96,2
202104,서울특별시,중구,97,3
202104,서울특별시,중구,98,3
202104,서울특별시,중구,99,1
202104,서울특별시,중구,102,1
202104,서울특별시,용산구,0,7
202104,서울특별시,용산구,1,13
202104,서울특별시,용산구,2,10
202104,서울특별시,용산구,3,15
202104,서울특별시,용산구,4,19
202104,서울특별시,용산구,5,24
202104,서울특별시,용산구,6,27
202104,서울특별시,용산구,7,29
202104,서울특별시,용산구,8,42
202104,서울특별시,용산구,9,39
202104,서울특별시,용산구,10,51
202104,서울특별시,용산구,11,37
202104,서울특별시,용산구,12,73
202104,서울특별시,용산구,13,65
202104,서울특별시,용산구,14,74
202104,서울특별시,용산구,15,65
202104,서울특별시,용산구,16,86
202104,서울특별시,용산구,17,83
202104,서울특별시,용산구,18,88
202104,서울특별시,용산구,19,65
202104,서울특별시,용산구,20,78
202104,서울특별시,용산구,21,61
202104,서울특별시,용산구,22,46
202104,서울특별시,용산구,23,59
202104,서울특별시,용산구,24,47
202104,서울특별시,용산구,25,40
202104,서울특별시,용산구,26,33
202104,서울특별시,용산구,27,25
202104,서울특별시,용산구,28,26
202104,서울특별시,용산구,29,28
202104,서울특별시,용산구,30,34
202104,서울특별시,용산구,31,29
202104,서울특별시,용산구,32,37
202104,서울특별시,용산구,33,36
202104,서울특별시,용산구,34,38
202104,서울특별시,용산구,35,38
202104,서울특별시,용산구,36,36
202104,서울특별시,용산구,37,35
202104,서울특별시,용산구,38,53
202104,서울특별시,용산구,39,54
202104,서울특별시,용산구,40,58
202104,서울특별시,용산구,41,71
202104,서울특별시,용산구,42,61
202104,서울특별시,용산구,43,62
202104,서울특별시,용산구,44,75
202104,서울특별시,용산구,45,84
202104,서울특별시,용산구,46,94
202104,서울특별시,용산구,47,103
202104,서울특별시,용산구,48,123
202104,서울특별시,용산구,49,114
202104,서울특별시,용산구,50,142
202104,서울특별시,용산구,51,156
202104,서울특별시,용산구,52,172
202104,서울특별시,용산구,53,134
202104,서울특별시,용산구,54,155
202104,서울특별시,용산구,55,150
202104,서울특별시,용산구,56,151
202104,서울특별시,용산구,57,162
202104,서울특별시,용산구,58,215
202104,서울특별시,용산구,59,190
202104,서울특별시,용산구,60,197
202104,서울특별시,용산구,61,182
202104,서울특별시,용산구,62,186
202104,서울특별시,용산구,63,178
202104,서울특별시,용산구,64,188
202104,서울특별시,용산구,65,175
202104,서울특별시,용산구,66,205
202104,서울특별시,용산구,67,178
202104,서울특별시,용산구,68,201
202104,서울특별시,용산구,69,121
202104,서울특별시,용산구,70,133
202104,서울특별시,용산구,71,154
202104,서울특별시,용산구,72,131
202104,서울특별시,용산구,73,174
202104,서울특별시,용산구,74,128
202104,서울특별시,용산구,75,126
202104,서울특별시,용산구,76,145
202104,서울특별시,용산구,77,122
202104,서울특별시,용산구,78,159
202104,서울특별시,용산구,79,156
202104,서울특별시,용산구,80,115
202104,서울특별시,용산구,81,111
202104,서울특별시,용산구,82,112
202104,서울특별시,용산구,83,108
202104,서울특별시,용산구,84,109
202104,서울특별시,용산구,85,79
202104,서울특별시,용산구,86,64
202104,서울특별시,용산구,87,58
202104,서울특별시,용산구,88,30
202104,서울특별시,용산구,89,30
202104,서울특별시,용산구,90,36
202104,서울특별시,용산구,91,27
202104,서울특별시,용산구,92,24
202104,서울특별시,용산구,93,11
202104,서울특별시,용산구,94,10
202104,서울특별시,용산구,95,9
202104,서울특별시,용산구,96,6
202104,서울특별시,용산구,97,4
202104,서울특별시,용산구,99,4
202104,서울특별시,용산구,101,1
202104,서울특별시,용산구,102,1
202104,서울특별시,용산구,108,2
202104,서울특별시,성동구,0,2
202104,서울특별시,성동구,1,8
202104,서울특별시,성동구,2,12
202104,서울특별시,성동구,3,15
202104,서울특별시,성동구,4,24
202104,서울특별시,성동구,5,20
202104,서울특별시,성동구,6,26
202104,서울특별시,성동구,7,49
202104,서울특별시,성동구,8,51
202104,서울특별시,성동구,9,57
202104,서울특별시,성동구,10,54
202104,서울특별시,성동구,11,53
202104,서울특별시,성동구,12,72
202104,서울특별시,성동구,13,105
202104,서울특별시,성동구,14,82
202104,서울특별시,성동구,15,103
202104,서울특별시,성동구,16,112
202104,서울특별시,성동구,17,144
202104,서울특별시,성동구,18,96
202104,서울특별시,성동구,19,105
202104,서울특별시,성동구,20,87
202104,서울특별시,성동구,21,82
202104,서울특별시,성동구,22,84
202104,서울특별시,성동구,23,79
202104,서울특별시,성동구,24,72
202104,서울특별시,성동구,25,55
202104,서울특별시,성동구,26,43
202104,서울특별시,성동구,27,35
202104,서울특별시,성동구,28,36
202104,서울특별시,성동구,29,27
202104,서울특별시,성동구,30,30
202104,서울특별시,성동구,31,44
202104,서울특별시,성동구,32,43
202104,서울특별시,성동구,33,21
202104,서울특별시,성동구,34,24
202104,서울특별시,성동구,35,34
202104,서울특별시,성동구,36,33
202104,서울특별시,성동구,37,36
202104,서울특별시,성동구,38,39
202104,서울특별시,성동구,39,63
202104,서울특별시,성동구,40,51
202104,서울특별시,성동구,41,54
202104,서울특별시,성동구,42,63
202104,서울특별시,성동구,43,61
202104,서울특별시,성동구,44,69
202104,서울특별시,성동구,45,79
202104,서울특별시,성동구,46,97
202104,서울특별시,성동구,47,106
202104,서울특별시,성동구,48,133
202104,서울특별시,성동구,49,134
202104,서울특별시,성동구,50,148
202104,서울특별시,성동구,51,172
202104,서울특별시,성동구,52,176
202104,서울특별시,성동구,53,207
202104,서울특별시,성동구,54,160
202104,서울특별시,성동구,55,180
202104,서울특별시,성동구,56,172
202104,서울특별시,성동구,57,185
202104,서울특별시,성동구,58,219
202104,서울특별시,성동구,59,202
202104,서울특별시,성동구,60,266
202104,서울특별시,성동구,61,232
202104,서울특별시,성동구,62,196
202104,서울특별시,성동구,63,212
202104,서울특별시,성동구,64,210
202104,서울특별시,성동구,65,221
202104,서울특별시,성동구,66,210
202104,서울특별시,성동구,67,193
202104,서울특별시,성동구,68,175
202104,서울특별시,성동구,69,191
202104,서울특별시,성동구,70,144
202104,서울특별시,성동구,71,173
202104,서울특별시,성동구,72,157
202104,서울특별시,성동구,73,168
202104,서울특별시,성동구,74,210
202104,서울특별시,성동구,75,143
202104,서울특별시,성동구,76,178
202104,서울특별시,성동구,77,164
202104,서울특별시,성동구,78,205
202104,서울특별시,성동구,79,196
202104,서울특별시,성동구,80,144
202104,서울특별시,성동구,81,149
202104,서울특별시,성동구,82,140
202104,서울특별시,성동구,83,134
202104,서울특별시,성동구,84,109
202104,서울특별시,성동구,85,99
202104,서울특별시,성동구,86,92
202104,서울특별시,성동구,87,65
202104,서울특별시,성동구,88,63
202104,서울특별시,성동구,89,51
202104,서울특별시,성동구,90,39
202104,서울특별시,성동구,91,31
202104,서울특별시,성동구,92,21
202104,서울특별시,성동구,93,14
202104,서울특별시,성동구,94,17
202104,서울특별시,성동구,95,13
202104,서울특별시,성동구,96,5
202104,서울특별시,성동구,97,5
202104,서울특별시,성동구,98,2
202104,서울특별시,성동구,99,6
202104,서울특별시,성동구,100,1
202104,서울특별시,성동구,103,1
202104,서울특별시,광진구,0,10
202104,서울특별시,광진구,1,22
202104,서울특별시,광진구,2,24
202104,서울특별시,광진구,3,22
202104,서울특별시,광진구,4,33
202104,서울특별시,광진구,5,39
202104,서울특별시,광진구,6,43
202104,서울특별시,광진구,7,79
202104,서울특별시,광진구,8,108
202104,서울특별시,광진구,9,98
202104,서울특별시,광진구,10,102
202104,서울특별시,광진구,11,112
202104,서울특별시,광진구,12,130
202104,서울특별시,광진구,13,153
202104,서울특별시,광진구,14,154
202104,서울특별시,광진구,15,133
202104,서울특별시,광진구,16,184
202104,서울특별시,광진구,17,187
202104,서울특별시,광진구,18,162
202104,서울특별시,광진구,19,121
202104,서울특별시,광진구,20,134
202104,서울특별시,광진구,21,141
202104,서울특별시,광진구,22,129
202104,서울특별시,광진구,23,138
202104,서울특별시,광진구,24,114
202104,서울특별시,광진구,25,95
202104,서울특별시,광진구,26,74
202104,서울특별시,광진구,27,69
202104,서울특별시,광진구,28,73
202104,서울특별시,광진구,29,61
202104,서울특별시,광진구,30,54
202104,서울특별시,광진구,31,53
202104,서울특별시,광진구,32,72
202104,서울특별시,광진구,33,44
202104,서울특별시,광진구,34,49
202104,서울특별시,광진구,35,76
202104,서울특별시,광진구,36,67
202104,서울특별시,광진구,37,77
202104,서울특별시,광진구,38,71
202104,서울특별시,광진구,39,85
202104,서울특별시,광진구,40,111
202104,서울특별시,광진구,41,112
202104,서울특별시,광진구,42,100
202104,서울특별시,광진구,43,96
202104,서울특별시,광진구,44,120
202104,서울특별시,광진구,45,134
202104,서울특별시,광진구,46,142
202104,서울특별시,광진구,47,178
202104,서울특별시,광진구,48,181
202104,서울특별시,광진구,49,212
202104,서울특별시,광진구,50,222
202104,서울특별시,광진구,51,236
202104,서울특별시,광진구,52,266
202104,서울특별시,광진구,53,228
202104,서울특별시,광진구,54,229
202104,서울특별시,광진구,55,244
202104,서울특별시,광진구,56,231
202104,서울특별시,광진구,57,225
202104,서울특별시,광진구,58,278
202104,서울특별시,광진구,59,254
202104,서울특별시,광진구,60,293
202104,서울특별시,광진구,61,271
202104,서울특별시,광진구,62,283
202104,서울특별시,광진구,63,257
202104,서울특별시,광진구,64,242
202104,서울특별시,광진구,65,267
202104,서울특별시,광진구,66,286
202104,서울특별시,광진구,67,224
202104,서울특별시,광진구,68,224
202104,서울특별시,광진구,69,171
202104,서울특별시,광진구,70,183
202104,서울특별시,광진구,71,179
202104,서울특별시,광진구,72,192
202104,서울특별시,광진구,73,183
202104,서울특별시,광진구,74,153
202104,서울특별시,광진구,75,129
202104,서울특별시,광진구,76,160
202104,서울특별시,광진구,77,143
202104,서울특별시,광진구,78,170
202104,서울특별시,광진구,79,151
202104,서울특별시,광진구,80,126
202104,서울특별시,광진구,81,117
202104,서울특별시,광진구,82,118
202104,서울특별시,광진구,83,96
202104,서울특별시,광진구,84,90
202104,서울특별시,광진구,85,91
202104,서울특별시,광진구,86,88
202104,서울특별시,광진구,87,49
202104,서울특별시,광진구,88,46
202104,서울특별시,광진구,89,48
202104,서울특별시,광진구,90,36
202104,서울특별시,광진구,91,32
202104,서울특별시,광진구,92,19
202104,서울특별시,광진구,93,18
202104,서울특별시,광진구,94,18
202104,서울특별시,광진구,95,5
202104,서울특별시,광진구,96,8
202104,서울특별시,광진구,97,7
202104,서울특별시,광진구,98,4
202104,서울특별시,광진구,99,1
202104,서울특별시,광진구,102,1
202104,서울특별시,광진구,103,1
202104,서울특별시,동대문구,0,15
202104,서울특별시,동대문구,1,25
202104,서울특별시,동대문구,2,34
202104,서울특별시,동대문구,3,30
202104,서울특별시,동대문구,4,42
202104,서울특별시,동대문구,5,45
202104,서울특별시,동대문구,6,45
202104,서울특별시,동대문구,7,72
202104,서울특별시,동대문구,8,74
202104,서울특별시,동대문구,9,90
202104,서울특별시,동대문구,10,113
202104,서울특별시,동대문구,11,120
202104,서울특별시,동대문구,12,128
202104,서울특별시,동대문구,13,157
202104,서울특별시,동대문구,14,159
202104,서울특별시,동대문구,15,147
202104,서울특별시,동대문구,16,157
202104,서울특별시,동대문구,17,188
202104,서울특별시,동대문구,18,154
202104,서울특별시,동대문구,19,132
202104,서울특별시,동대문구,20,133
202104,서울특별시,동대문구,21,86
202104,서울특별시,동대문구,22,108
202104,서울특별시,동대문구,23,104
202104,서울특별시,동대문구,24,77
202104,서울특별시,동대문구,25,78
202104,서울특별시,동대문구,26,59
202104,서울특별시,동대문구,27,47
202104,서울특별시,동대문구,28,50
202104,서울특별시,동대문구,29,37
202104,서울특별시,동대문구,30,59
202104,서울특별시,동대문구,31,64
202104,서울특별시,동대문구,32,50
202104,서울특별시,동대문구,33,55
202104,서울특별시,동대문구,34,47
202104,서울특별시,동대문구,35,54
202104,서울특별시,동대문구,36,54
202104,서울특별시,동대문구,37,72
202104,서울특별시,동대문구,38,80
202104,서울특별시,동대문구,39,63
202104,서울특별시,동대문구,40,106
202104,서울특별시,동대문구,41,109
202104,서울특별시,동대문구,42,108
202104,서울특별시,동대문구,43,115
202104,서울특별시,동대문구,44,96
202104,서울특별시,동대문구,45,129
202104,서울특별시,동대문구,46,145
202104,서울특별시,동대문구,47,178
202104,서울특별시,동대문구,48,203
202104,서울특별시,동대문구,49,205
202104,서울특별시,동대문구,50,218
202104,서울특별시,동대문구,51,213
202104,서울특별시,동대문구,52,265
202104,서울특별시,동대문구,53,234
202104,서울특별시,동대문구,54,238
202104,서울특별시,동대문구,55,271
202104,서울특별시,동대문구,56,301
202104,서울특별시,동대문구,57,267
202104,서울특별시,동대문구,58,318
202104,서울특별시,동대문구,59,315
202104,서울특별시,동대문구,60,365
202104,서울특별시,동대문구,61,394
202104,서울특별시,동대문구,62,335
202104,서울특별시,동대문구,63,346
202104,서울특별시,동대문구,64,348
202104,서울특별시,동대문구,65,365
202104,서울특별시,동대문구,66,392
202104,서울특별시,동대문구,67,363
202104,서울특별시,동대문구,68,325
202104,서울특별시,동대문구,69,273
202104,서울특별시,동대문구,70,320
202104,서울특별시,동대문구,71,297
202104,서울특별시,동대문구,72,303
202104,서울특별시,동대문구,73,291
202104,서울특별시,동대문구,74,314
202104,서울특별시,동대문구,75,232
202104,서울특별시,동대문구,76,237
202104,서울특별시,동대문구,77,258
202104,서울특별시,동대문구,78,346
202104,서울특별시,동대문구,79,289
202104,서울특별시,동대문구,80,240
202104,서울특별시,동대문구,81,195
202104,서울특별시,동대문구,82,197
202104,서울특별시,동대문구,83,173
202104,서울특별시,동대문구,84,163
202104,서울특별시,동대문구,85,153
202104,서울특별시,동대문구,86,130
202104,서울특별시,동대문구,87,107
202104,서울특별시,동대문구,88,78
202104,서울특별시,동대문구,89,60
202104,서울특별시,동대문구,90,54
202104,서울특별시,동대문구,91,51
202104,서울특별시,동대문구,92,29
202104,서울특별시,동대문구,93,25
202104,서울특별시,동대문구,94,19
202104,서울특별시,동대문구,95,10
202104,서울특별시,동대문구,96,12
202104,서울특별시,동대문구,97,12
202104,서울특별시,동대문구,98,9
202104,서울특별시,동대문구,99,1
202104,서울특별시,동대문구,100,4
202104,서울특별시,동대문구,101,4
202104,서울특별시,동대문구,102,1
202104,서울특별시,동대문구,103,1
202104,서울특별시,동대문구,109,1
202104,서울특별시,중랑구,0,23
202104,서울특별시,중랑구,1,53
202104,서울특별시,중랑구,2,50
202104,서울특별시,중랑구,3,63
202104,서울특별시,중랑구,4,84
202104,서울특별시,중랑구,5,69
202104,서울특별시,중랑구,6,114
202104,서울특별시,중랑구,7,169
202104,서울특별시,중랑구,8,193
202104,서울특별시,중랑구,9,204
202104,서울특별시,중랑구,10,218
202104,서울특별시,중랑구,11,195
202104,서울특별시,중랑구,12,253
202104,서울특별시,중랑구,13,272
202104,서울특별시,중랑구,14,297
202104,서울특별시,중랑구,15,279
202104,서울특별시,중랑구,16,320
202104,서울특별시,중랑구,17,411
202104,서울특별시,중랑구,18,287
202104,서울특별시,중랑구,19,229
202104,서울특별시,중랑구,20,219
202104,서울특별시,중랑구,21,192
202104,서울특별시,중랑구,22,191
202104,서울특별시,중랑구,23,208
202104,서울특별시,중랑구,24,164
202104,서울특별시,중랑구,25,160
202104,서울특별시,중랑구,26,136
202104,서울특별시,중랑구,27,114
202104,서울특별시,중랑구,28,81
202104,서울특별시,중랑구,29,90
202104,서울특별시,중랑구,30,76
202104,서울특별시,중랑구,31,77
202104,서울특별시,중랑구,32,79
202104,서울특별시,중랑구,33,92
202104,서울특별시,중랑구,34,90
202104,서울특별시,중랑구,35,93
202104,서울특별시,중랑구,36,102
202104,서울특별시,중랑구,37,122
202104,서울특별시,중랑구,38,164
202104,서울특별시,중랑구,39,151
202104,서울특별시,중랑구,40,176
202104,서울특별시,중랑구,41,206
202104,서울특별시,중랑구,42,208
202104,서울특별시,중랑구,43,204
202104,서울특별시,중랑구,44,193
202104,서울특별시,중랑구,45,258
202104,서울특별시,중랑구,46,253
202104,서울특별시,중랑구,47,336
202104,서울특별시,중랑구,48,343
202104,서울특별시,중랑구,49,380
202104,서울특별시,중랑구,50,390
202104,서울특별시,중랑구,51,472
202104,서울특별시,중랑구,52,444
202104,서울특별시,중랑구,53,386
202104,서울특별시,중랑구,54,463
202104,서울특별시,중랑구,55,419
202104,서울특별시,중랑구,56,492
202104,서울특별시,중랑구,57,412
202104,서울특별시,중랑구,58,458
202104,서울특별시,중랑구,59,539
202104,서울특별시,중랑구,60,553
202104,서울특별시,중랑구,61,546
202104,서울특별시,중랑구,62,535
202104,서울특별시,중랑구,63,490
202104,서울특별시,중랑구,64,484
202104,서울특별시,중랑구,65,531
202104,서울특별시,중랑구,66,595
202104,서울특별시,중랑구,67,477
202104,서울특별시,중랑구,68,467
202104,서울특별시,중랑구,69,423
202104,서울특별시,중랑구,70,398
202104,서울특별시,중랑구,71,423
202104,서울특별시,중랑구,72,401
202104,서울특별시,중랑구,73,389
202104,서울특별시,중랑구,74,379
202104,서울특별시,중랑구,75,335
202104,서울특별시,중랑구,76,383
202104,서울특별시,중랑구,77,341
202104,서울특별시,중랑구,78,423
202104,서울특별시,중랑구,79,407
202104,서울특별시,중랑구,80,337
202104,서울특별시,중랑구,81,346
202104,서울특별시,중랑구,82,308
202104,서울특별시,중랑구,83,267
202104,서울특별시,중랑구,84,251
202104,서울특별시,중랑구,85,235
202104,서울특별시,중랑구,86,206
202104,서울특별시,중랑구,87,189
202104,서울특별시,중랑구,88,149
202104,서울특별시,중랑구,89,98
202104,서울특별시,중랑구,90,105
202104,서울특별시,중랑구,91,64
202104,서울특별시,중랑구,92,69
202104,서울특별시,중랑구,93,50
202104,서울특별시,중랑구,94,42
202104,서울특별시,중랑구,95,24
202104,서울특별시,중랑구,96,24
202104,서울특별시,중랑구,97,11
202104,서울특별시,중랑구,98,9
202104,서울특별시,중랑구,99,5
202104,서울특별시,중랑구,100,1
202104,서울특별시,중랑구,101,1
202104,서울특별시,중랑구,102,3
202104,서울특별시,중랑구,107,1
202104,서울특별시,성북구,0,22
202104,서울특별시,성북구,1,27
202104,서울특별시,성북구,2,37
202104,서울특별시,성북구,3,41
202104,서울특별시,성북구,4,51
202104,서울특별시,성북구,5,55
202104,서울특별시,성북구,6,53
202104,서울특별시,성북구,7,80
202104,서울특별시,성북구,8,119
202104,서울특별시,성북구,9,104
202104,서울특별시,성북구,10,161
202104,서울특별시,성북구,11,128
202104,서울특별시,성북구,12,147
202104,서울특별시,성북구,13,194
202104,서울특별시,성북구,14,201
202104,서울특별시,성북구,15,204
202104,서울특별시,성북구,16,234
202104,서울특별시,성북구,17,238
202104,서울특별시,성북구,18,207
202104,서울특별시,성북구,19,177
202104,서울특별시,성북구,20,135
202104,서울특별시,성북구,21,125
202104,서울특별시,성북구,22,127
202104,서울특별시,성북구,23,134
202104,서울특별시,성북구,24,109
202104,서울특별시,성북구,25,90
202104,서울특별시,성북구,26,74
202104,서울특별시,성북구,27,48
202104,서울특별시,성북구,28,56
202104,서울특별시,성북구,29,56
202104,서울특별시,성북구,30,46
202104,서울특별시,성북구,31,46
202104,서울특별시,성북구,32,50
202104,서울특별시,성북구,33,58
202104,서울특별시,성북구,34,57
202104,서울특별시,성북구,35,58
202104,서울특별시,성북구,36,54
202104,서울특별시,성북구,37,92
202104,서울특별시,성북구,38,88
202104,서울특별시,성북구,39,103
202104,서울특별시,성북구,40,107
202104,서울특별시,성북구,41,103
202104,서울특별시,성북구,42,108
202104,서울특별시,성북구,43,130
202104,서울특별시,성북구,44,136
202104,서울특별시,성북구,45,137
202104,서울특별시,성북구,46,169
202104,서울특별시,성북구,47,214
202104,서울특별시,성북구,48,197
202104,서울특별시,성북구,49,232
202104,서울특별시,성북구,50,243
202104,서울특별시,성북구,51,270
202104,서울특별시,성북구,52,270
202104,서울특별시,성북구,53,225
202104,서울특별시,성북구,54,224
202104,서울특별시,성북구,55,235
202104,서울특별시,성북구,56,267
202104,서울특별시,성북구,57,251
202104,서울특별시,성북구,58,279
202104,서울특별시,성북구,59,268
202104,서울특별시,성북구,60,325
202104,서울특별시,성북구,61,307
202104,서울특별시,성북구,62,287
202104,서울특별시,성북구,63,321
202104,서울특별시,성북구,64,287
202104,서울특별시,성북구,65,318
202104,서울특별시,성북구,66,341
202104,서울특별시,성북구,67,266
202104,서울특별시,성북구,68,307
202104,서울특별시,성북구,69,257
202104,서울특별시,성북구,70,221
202104,서울특별시,성북구,71,234
202104,서울특별시,성북구,72,282
202104,서울특별시,성북구,73,248
202104,서울특별시,성북구,74,269
202104,서울특별시,성북구,75,212
202104,서울특별시,성북구,76,229
202104,서울특별시,성북구,77,246
202104,서울특별시,성북구,78,290
202104,서울특별시,성북구,79,294
202104,서울특별시,성북구,80,242
202104,서울특별시,성북구,81,234
202104,서울특별시,성북구,82,192
202104,서울특별시,성북구,83,196
202104,서울특별시,성북구,84,169
202104,서울특별시,성북구,85,156
202104,서울특별시,성북구,86,138
202104,서울특별시,성북구,87,87
202104,서울특별시,성북구,88,68
202104,서울특별시,성북구,89,74
202104,서울특별시,성북구,90,46
202104,서울특별시,성북구,91,54
202104,서울특별시,성북구,92,38
202104,서울특별시,성북구,93,34
202104,서울특별시,성북구,94,31
202104,서울특별시,성북구,95,15
202104,서울특별시,성북구,96,15
202104,서울특별시,성북구,97,9
202104,서울특별시,성북구,98,9
202104,서울특별시,성북구,99,8
202104,서울특별시,성북구,100,1
202104,서울특별시,성북구,101,2
202104,서울특별시,성북구,103,1
202104,서울특별시,강북구,0,14
202104,서울특별시,강북구,1,26
202104,서울특별시,강북구,2,36
202104,서울특별시,강북구,3,36
202104,서울특별시,강북구,4,54
202104,서울특별시,강북구,5,59
202104,서울특별시,강북구,6,73
202104,서울특별시,강북구,7,100
202104,서울특별시,강북구,8,145
202104,서울특별시,강북구,9,140
202104,서울특별시,강북구,10,183
202104,서울특별시,강북구,11,149
202104,서울특별시,강북구,12,197
202104,서울특별시,강북구,13,225
202104,서울특별시,강북구,14,192
202104,서울특별시,강북구,15,213
202104,서울특별시,강북구,16,274
202104,서울특별시,강북구,17,293
202104,서울특별시,강북구,18,240
202104,서울특별시,강북구,19,205
202104,서울특별시,강북구,20,178
202104,서울특별시,강북구,21,167
202104,서울특별시,강북구,22,186
202104,서울특별시,강북구,23,153
202104,서울특별시,강북구,24,132
202104,서울특별시,강북구,25,108
202104,서울특별시,강북구,26,89
202104,서울특별시,강북구,27,63
202104,서울특별시,강북구,28,89
202104,서울특별시,강북구,29,63
202104,서울특별시,강북구,30,70
202104,서울특별시,강북구,31,58
202104,서울특별시,강북구,32,84
202104,서울특별시,강북구,33,49
202104,서울특별시,강북구,34,70
202104,서울특별시,강북구,35,61
202104,서울특별시,강북구,36,86
202104,서울특별시,강북구,37,91
202104,서울특별시,강북구,38,108
202104,서울특별시,강북구,39,104
202104,서울특별시,강북구,40,118
202104,서울특별시,강북구,41,137
202104,서울특별시,강북구,42,127
202104,서울특별시,강북구,43,159
202104,서울특별시,강북구,44,161
202104,서울특별시,강북구,45,209
202104,서울특별시,강북구,46,195
202104,서울특별시,강북구,47,256
202104,서울특별시,강북구,48,297
202104,서울특별시,강북구,49,318
202104,서울특별시,강북구,50,318
202104,서울특별시,강북구,51,301
202104,서울특별시,강북구,52,364
202104,서울특별시,강북구,53,354
202104,서울특별시,강북구,54,338
202104,서울특별시,강북구,55,352
202104,서울특별시,강북구,56,398
202104,서울특별시,강북구,57,351
202104,서울특별시,강북구,58,398
202104,서울특별시,강북구,59,352
202104,서울특별시,강북구,60,451
202104,서울특별시,강북구,61,446
202104,서울특별시,강북구,62,368
202104,서울특별시,강북구,63,386
202104,서울특별시,강북구,64,360
202104,서울특별시,강북구,65,404
202104,서울특별시,강북구,66,434
202104,서울특별시,강북구,67,384
202104,서울특별시,강북구,68,365
202104,서울특별시,강북구,69,363
202104,서울특별시,강북구,70,349
202104,서울특별시,강북구,71,354
202104,서울특별시,강북구,72,335
202104,서울특별시,강북구,73,416
202104,서울특별시,강북구,74,369
202104,서울특별시,강북구,75,288
202104,서울특별시,강북구,76,301
202104,서울특별시,강북구,77,358
202104,서울특별시,강북구,78,449
202104,서울특별시,강북구,79,399
202104,서울특별시,강북구,80,292
202104,서울특별시,강북구,81,274
202104,서울특별시,강북구,82,264
202104,서울특별시,강북구,83,230
202104,서울특별시,강북구,84,197
202104,서울특별시,강북구,85,198
202104,서울특별시,강북구,86,147
202104,서울특별시,강북구,87,125
202104,서울특별시,강북구,88,93
202104,서울특별시,강북구,89,94
202104,서울특별시,강북구,90,67
202104,서울특별시,강북구,91,47
202104,서울특별시,강북구,92,52
202104,서울특별시,강북구,93,35
202104,서울특별시,강북구,94,20
202104,서울특별시,강북구,95,14
202104,서울특별시,강북구,96,12
202104,서울특별시,강북구,97,6
202104,서울특별시,강북구,98,5
202104,서울특별시,강북구,99,6
202104,서울특별시,강북구,100,2
202104,서울특별시,강북구,101,3
202104,서울특별시,강북구,102,2
202104,서울특별시,도봉구,0,12
202104,서울특별시,도봉구,1,23
202104,서울특별시,도봉구,2,26
202104,서울특별시,도봉구,3,30
202104,서울특별시,도봉구,4,43
202104,서울특별시,도봉구,5,52
202104,서울특별시,도봉구,6,55
202104,서울특별시,도봉구,7,86
202104,서울특별시,도봉구,8,102
202104,서울특별시,도봉구,9,147
202104,서울특별시,도봉구,10,160
202104,서울특별시,도봉구,11,142
202104,서울특별시,도봉구,12,169
202104,서울특별시,도봉구,13,165
202104,서울특별시,도봉구,14,213
202104,서울특별시,도봉구,15,194
202104,서울특별시,도봉구,16,230
202104,서울특별시,도봉구,17,291
202104,서울특별시,도봉구,18,206
202104,서울특별시,도봉구,19,179
202104,서울특별시,도봉구,20,132
202104,서울특별시,도봉구,21,130
202104,서울특별시,도봉구,22,109
202104,서울특별시,도봉구,23,129
202104,서울특별시,도봉구,24,103
202104,서울특별시,도봉구,25,88
202104,서울특별시,도봉구,26,77
202104,서울특별시,도봉구,27,68
202104,서울특별시,도봉구,28,50
202104,서울특별시,도봉구,29,45
202104,서울특별시,도봉구,30,45
202104,서울특별시,도봉구,31,61
202104,서울특별시,도봉구,32,57
202104,서울특별시,도봉구,33,53
202104,서울특별시,도봉구,34,37
202104,서울특별시,도봉구,35,61
202104,서울특별시,도봉구,36,68
202104,서울특별시,도봉구,37,84
202104,서울특별시,도봉구,38,89
202104,서울특별시,도봉구,39,107
202104,서울특별시,도봉구,40,114
202104,서울특별시,도봉구,41,113
202104,서울특별시,도봉구,42,113
202104,서울특별시,도봉구,43,118
202104,서울특별시,도봉구,44,122
202104,서울특별시,도봉구,45,145
202104,서울특별시,도봉구,46,181
202104,서울특별시,도봉구,47,191
202104,서울특별시,도봉구,48,201
202104,서울특별시,도봉구,49,223
202104,서울특별시,도봉구,50,243
202104,서울특별시,도봉구,51,244
202104,서울특별시,도봉구,52,265
202104,서울특별시,도봉구,53,239
202104,서울특별시,도봉구,54,222
202104,서울특별시,도봉구,55,231
202104,서울특별시,도봉구,56,228
202104,서울특별시,도봉구,57,217
202104,서울특별시,도봉구,58,236
202104,서울특별시,도봉구,59,232
202104,서울특별시,도봉구,60,276
202104,서울특별시,도봉구,61,257
202104,서울특별시,도봉구,62,248
202104,서울특별시,도봉구,63,250
202104,서울특별시,도봉구,64,243
202104,서울특별시,도봉구,65,286
202104,서울특별시,도봉구,66,248
202104,서울특별시,도봉구,67,206
202104,서울특별시,도봉구,68,234
202104,서울특별시,도봉구,69,192
202104,서울특별시,도봉구,70,189
202104,서울특별시,도봉구,71,215
202104,서울특별시,도봉구,72,204
202104,서울특별시,도봉구,73,208
202104,서울특별시,도봉구,74,215
202104,서울특별시,도봉구,75,170
202104,서울특별시,도봉구,76,184
202104,서울특별시,도봉구,77,187
202104,서울특별시,도봉구,78,244
202104,서울특별시,도봉구,79,249
202104,서울특별시,도봉구,80,194
202104,서울특별시,도봉구,81,196
202104,서울특별시,도봉구,82,182
202104,서울특별시,도봉구,83,140
202104,서울특별시,도봉구,84,151
202104,서울특별시,도봉구,85,142
202104,서울특별시,도봉구,86,96
202104,서울특별시,도봉구,87,88
202104,서울특별시,도봉구,88,69
202104,서울특별시,도봉구,89,61
202104,서울특별시,도봉구,90,48
202104,서울특별시,도봉구,91,47
202104,서울특별시,도봉구,92,37
202104,서울특별시,도봉구,93,34
202104,서울특별시,도봉구,94,21
202104,서울특별시,도봉구,95,19
202104,서울특별시,도봉구,96,7
202104,서울특별시,도봉구,97,7
202104,서울특별시,도봉구,98,7
202104,서울특별시,도봉구,99,3
202104,서울특별시,도봉구,100,2
202104,서울특별시,도봉구,101,3
202104,서울특별시,도봉구,102,1
202104,서울특별시,도봉구,104,2
202104,서울특별시,도봉구,105,1
202104,서울특별시,도봉구,108,1
202104,서울특별시,노원구,0,16
202104,서울특별시,노원구,1,28
202104,서울특별시,노원구,2,43
202104,서울특별시,노원구,3,81
202104,서울특별시,노원구,4,60
202104,서울특별시,노원구,5,111
202104,서울특별시,노원구,6,114
202104,서울특별시,노원구,7,140
202104,서울특별시,노원구,8,191
202104,서울특별시,노원구,9,204
202104,서울특별시,노원구,10,211
202104,서울특별시,노원구,11,200
202104,서울특별시,노원구,12,272
202104,서울특별시,노원구,13,320
202104,서울특별시,노원구,14,298
202104,서울특별시,노원구,15,274
202104,서울특별시,노원구,16,366
202104,서울특별시,노원구,17,404
202104,서울특별시,노원구,18,339
202104,서울특별시,노원구,19,322
202104,서울특별시,노원구,20,296
202104,서울특별시,노원구,21,316
202104,서울특별시,노원구,22,290
202104,서울특별시,노원구,23,288
202104,서울특별시,노원구,24,258
202104,서울특별시,노원구,25,206
202104,서울특별시,노원구,26,152
202104,서울특별시,노원구,27,153
202104,서울특별시,노원구,28,111
202104,서울특별시,노원구,29,111
202104,서울특별시,노원구,30,95
202104,서울특별시,노원구,31,106
202104,서울특별시,노원구,32,125
202104,서울특별시,노원구,33,97
202104,서울특별시,노원구,34,120
202104,서울특별시,노원구,35,103
202104,서울특별시,노원구,36,129
202104,서울특별시,노원구,37,162
202104,서울특별시,노원구,38,162
202104,서울특별시,노원구,39,204
202104,서울특별시,노원구,40,200
202104,서울특별시,노원구,41,240
202104,서울특별시,노원구,42,228
202104,서울특별시,노원구,43,263
202104,서울특별시,노원구,44,262
202104,서울특별시,노원구,45,281
202104,서울특별시,노원구,46,351
202104,서울특별시,노원구,47,374
202104,서울특별시,노원구,48,394
202104,서울특별시,노원구,49,450
202104,서울특별시,노원구,50,500
202104,서울특별시,노원구,51,520
202104,서울특별시,노원구,52,543
202104,서울특별시,노원구,53,519
202104,서울특별시,노원구,54,500
202104,서울특별시,노원구,55,520
202104,서울특별시,노원구,56,538
202104,서울특별시,노원구,57,505
202104,서울특별시,노원구,58,587
202104,서울특별시,노원구,59,574
202104,서울특별시,노원구,60,637
202104,서울특별시,노원구,61,640
202104,서울특별시,노원구,62,655
202104,서울특별시,노원구,63,608
202104,서울특별시,노원구,64,558
202104,서울특별시,노원구,65,604
202104,서울특별시,노원구,66,607
202104,서울특별시,노원구,67,581
202104,서울특별시,노원구,68,602
202104,서울특별시,노원구,69,505
202104,서울특별시,노원구,70,433
202104,서울특별시,노원구,71,593
202104,서울특별시,노원구,72,562
202104,서울특별시,노원구,73,556
202104,서울특별시,노원구,74,570
202104,서울특별시,노원구,75,439
202104,서울특별시,노원구,76,497
202104,서울특별시,노원구,77,523
202104,서울특별시,노원구,78,613
202104,서울특별시,노원구,79,644
202104,서울특별시,노원구,80,511
202104,서울특별시,노원구,81,474
202104,서울특별시,노원구,82,419
202104,서울특별시,노원구,83,386
202104,서울특별시,노원구,84,308
202104,서울특별시,노원구,85,278
202104,서울특별시,노원구,86,241
202104,서울특별시,노원구,87,222
202104,서울특별시,노원구,88,186
202104,서울특별시,노원구,89,148
202104,서울특별시,노원구,90,94
202104,서울특별시,노원구,91,85
202104,서울특별시,노원구,92,72
202104,서울특별시,노원구,93,62
202104,서울특별시,노원구,94,45
202104,서울특별시,노원구,95,20
202104,서울특별시,노원구,96,22
202104,서울특별시,노원구,97,10
202104,서울특별시,노원구,98,19
202104,서울특별시,노원구,99,10
202104,서울특별시,노원구,100,7
202104,서울특별시,노원구,102,4
202104,서울특별시,노원구,103,1
202104,서울특별시,노원구,104,1
202104,서울특별시,노원구,105,1
202104,서울특별시,노원구,106,1
202104,서울특별시,은평구,0,29
202104,서울특별시,은평구,1,39
202104,서울특별시,은평구,2,39
202104,서울특별시,은평구,3,55
202104,서울특별시,은평구,4,65
202104,서울특별시,은평구,5,80
202104,서울특별시,은평구,6,117
202104,서울특별시,은평구,7,134
202104,서울특별시,은평구,8,149
202104,서울특별시,은평구,9,166
202104,서울특별시,은평구,10,184
202104,서울특별시,은평구,11,190
202104,서울특별시,은평구,12,235
202104,서울특별시,은평구,13,251
202104,서울특별시,은평구,14,273
202104,서울특별시,은평구,15,292
202104,서울특별시,은평구,16,339
202104,서울특별시,은평구,17,381
202104,서울특별시,은평구,18,336
202104,서울특별시,은평구,19,311
202104,서울특별시,은평구,20,261
202104,서울특별시,은평구,21,259
202104,서울특별시,은평구,22,218
202104,서울특별시,은평구,23,206
202104,서울특별시,은평구,24,193
202104,서울특별시,은평구,25,154
202104,서울특별시,은평구,26,125
202104,서울특별시,은평구,27,101
202104,서울특별시,은평구,28,112
202104,서울특별시,은평구,29,80
202104,서울특별시,은평구,30,84
202104,서울특별시,은평구,31,79
202104,서울특별시,은평구,32,84
202104,서울특별시,은평구,33,90
202104,서울특별시,은평구,34,88
202104,서울특별시,은평구,35,90
202104,서울특별시,은평구,36,96
202104,서울특별시,은평구,37,102
202104,서울특별시,은평구,38,119
202104,서울특별시,은평구,39,141
202104,서울특별시,은평구,40,170
202104,서울특별시,은평구,41,197
202104,서울특별시,은평구,42,170
202104,서울특별시,은평구,43,166
202104,서울특별시,은평구,44,195
202104,서울특별시,은평구,45,242
202104,서울특별시,은평구,46,256
202104,서울특별시,은평구,47,299
202104,서울특별시,은평구,48,350
202104,서울특별시,은평구,49,351
202104,서울특별시,은평구,50,397
202104,서울특별시,은평구,51,383
202104,서울특별시,은평구,52,398
202104,서울특별시,은평구,53,352
202104,서울특별시,은평구,54,353
202104,서울특별시,은평구,55,363
202104,서울특별시,은평구,56,357
202104,서울특별시,은평구,57,352
202104,서울특별시,은평구,58,409
202104,서울특별시,은평구,59,414
202104,서울특별시,은평구,60,431
202104,서울특별시,은평구,61,421
202104,서울특별시,은평구,62,403
202104,서울특별시,은평구,63,442
202104,서울특별시,은평구,64,396
202104,서울특별시,은평구,65,417
202104,서울특별시,은평구,66,498
202104,서울특별시,은평구,67,403
202104,서울특별시,은평구,68,427
202104,서울특별시,은평구,69,355
202104,서울특별시,은평구,70,346
202104,서울특별시,은평구,71,413
202104,서울특별시,은평구,72,407
202104,서울특별시,은평구,73,384
202104,서울특별시,은평구,74,443
202104,서울특별시,은평구,75,333
202104,서울특별시,은평구,76,364
202104,서울특별시,은평구,77,340
202104,서울특별시,은평구,78,428
202104,서울특별시,은평구,79,424
202104,서울특별시,은평구,80,329
202104,서울특별시,은평구,81,309
202104,서울특별시,은평구,82,317
202104,서울특별시,은평구,83,276
202104,서울특별시,은평구,84,260
202104,서울특별시,은평구,85,221
202104,서울특별시,은평구,86,188
202104,서울특별시,은평구,87,150
202104,서울특별시,은평구,88,126
202104,서울특별시,은평구,89,114
202104,서울특별시,은평구,90,79
202104,서울특별시,은평구,91,73
202104,서울특별시,은평구,92,58
202104,서울특별시,은평구,93,41
202104,서울특별시,은평구,94,20
202104,서울특별시,은평구,95,24
202104,서울특별시,은평구,96,16
202104,서울특별시,은평구,97,12
202104,서울특별시,은평구,98,11
202104,서울특별시,은평구,99,2
202104,서울특별시,은평구,100,2
202104,서울특별시,은평구,101,1
202104,서울특별시,은평구,108,1
202104,서울특별시,서대문구,0,89
202104,서울특별시,서대문구,1,65
202104,서울특별시,서대문구,2,64
202104,서울특별시,서대문구,3,28
202104,서울특별시,서대문구,4,25
202104,서울특별시,서대문구,5,26
202104,서울특별시,서대문구,6,45
202104,서울특별시,서대문구,7,35
202104,서울특별시,서대문구,8,61
202104,서울특별시,서대문구,9,59
202104,서울특별시,서대문구,10,87
202104,서울특별시,서대문구,11,72
202104,서울특별시,서대문구,12,84
202104,서울특별시,서대문구,13,106
202104,서울특별시,서대문구,14,117
202104,서울특별시,서대문구,15,111
202104,서울특별시,서대문구,16,130
202104,서울특별시,서대문구,17,152
202104,서울특별시,서대문구,18,147
202104,서울특별시,서대문구,19,124
202104,서울특별시,서대문구,20,104
202104,서울특별시,서대문구,21,84
202104,서울특별시,서대문구,22,98
202104,서울특별시,서대문구,23,98
202104,서울특별시,서대문구,24,69
202104,서울특별시,서대문구,25,87
202104,서울특별시,서대문구,26,45
202104,서울특별시,서대문구,27,35
202104,서울특별시,서대문구,28,38
202104,서울특별시,서대문구,29,44
202104,서울특별시,서대문구,30,43
202104,서울특별시,서대문구,31,40
202104,서울특별시,서대문구,32,48
202104,서울특별시,서대문구,33,37
202104,서울특별시,서대문구,34,37
202104,서울특별시,서대문구,35,47
202104,서울특별시,서대문구,36,46
202104,서울특별시,서대문구,37,41
202104,서울특별시,서대문구,38,56
202104,서울특별시,서대문구,39,72
202104,서울특별시,서대문구,40,69
202104,서울특별시,서대문구,41,60
202104,서울특별시,서대문구,42,60
202104,서울특별시,서대문구,43,74
202104,서울특별시,서대문구,44,83
202104,서울특별시,서대문구,45,92
202104,서울특별시,서대문구,46,100
202104,서울특별시,서대문구,47,135
202104,서울특별시,서대문구,48,148
202104,서울특별시,서대문구,49,147
202104,서울특별시,서대문구,50,155
202104,서울특별시,서대문구,51,157
202104,서울특별시,서대문구,52,176
202104,서울특별시,서대문구,53,161
202104,서울특별시,서대문구,54,171
202104,서울특별시,서대문구,55,180
202104,서울특별시,서대문구,56,173
202104,서울특별시,서대문구,57,159
202104,서울특별시,서대문구,58,199
202104,서울특별시,서대문구,59,203
202104,서울특별시,서대문구,60,218
202104,서울특별시,서대문구,61,207
202104,서울특별시,서대문구,62,197
202104,서울특별시,서대문구,63,181
202104,서울특별시,서대문구,64,211
202104,서울특별시,서대문구,65,216
202104,서울특별시,서대문구,66,258
202104,서울특별시,서대문구,67,166
202104,서울특별시,서대문구,68,213
202104,서울특별시,서대문구,69,159
202104,서울특별시,서대문구,70,153
202104,서울특별시,서대문구,71,191
202104,서울특별시,서대문구,72,175
202104,서울특별시,서대문구,73,203
202104,서울특별시,서대문구,74,205
202104,서울특별시,서대문구,75,145
202104,서울특별시,서대문구,76,162
202104,서울특별시,서대문구,77,175
202104,서울특별시,서대문구,78,214
202104,서울특별시,서대문구,79,230
202104,서울특별시,서대문구,80,174
202104,서울특별시,서대문구,81,191
202104,서울특별시,서대문구,82,164
202104,서울특별시,서대문구,83,140
202104,서울특별시,서대문구,84,132
202104,서울특별시,서대문구,85,144
202104,서울특별시,서대문구,86,121
202104,서울특별시,서대문구,87,93
202104,서울특별시,서대문구,88,53
202104,서울특별시,서대문구,89,41
202104,서울특별시,서대문구,90,31
202104,서울특별시,서대문구,91,45
202104,서울특별시,서대문구,92,26
202104,서울특별시,서대문구,93,18
202104,서울특별시,서대문구,94,19
202104,서울특별시,서대문구,95,7
202104,서울특별시,서대문구,96,9
202104,서울특별시,서대문구,97,4
202104,서울특별시,서대문구,98,3
202104,서울특별시,서대문구,99,2
202104,서울특별시,서대문구,100,1
202104,서울특별시,서대문구,103,3
202104,서울특별시,서대문구,105,1
202104,서울특별시,마포구,0,97
202104,서울특별시,마포구,1,73
202104,서울특별시,마포구,2,24
202104,서울특별시,마포구,3,17
202104,서울특별시,마포구,4,18
202104,서울특별시,마포구,5,19
202104,서울특별시,마포구,6,30
202104,서울특별시,마포구,7,33
202104,서울특별시,마포구,8,48
202104,서울특별시,마포구,9,58
202104,서울특별시,마포구,10,65
202104,서울특별시,마포구,11,69
202104,서울특별시,마포구,12,74
202104,서울특별시,마포구,13,82
202104,서울특별시,마포구,14,82
202104,서울특별시,마포구,15,95
202104,서울특별시,마포구,16,113
202104,서울특별시,마포구,17,139
202104,서울특별시,마포구,18,105
202104,서울특별시,마포구,19,104
202104,서울특별시,마포구,20,107
202104,서울특별시,마포구,21,99
202104,서울특별시,마포구,22,89
202104,서울특별시,마포구,23,94
202104,서울특별시,마포구,24,89
202104,서울특별시,마포구,25,61
202104,서울특별시,마포구,26,42
202104,서울특별시,마포구,27,30
202104,서울특별시,마포구,28,33
202104,서울특별시,마포구,29,32
202104,서울특별시,마포구,30,35
202104,서울특별시,마포구,31,50
202104,서울특별시,마포구,32,34
202104,서울특별시,마포구,33,38
202104,서울특별시,마포구,34,44
202104,서울특별시,마포구,35,50
202104,서울특별시,마포구,36,56
202104,서울특별시,마포구,37,61
202104,서울특별시,마포구,38,61
202104,서울특별시,마포구,39,49
202104,서울특별시,마포구,40,74
202104,서울특별시,마포구,41,61
202104,서울특별시,마포구,42,70
202104,서울특별시,마포구,43,76
202104,서울특별시,마포구,44,74
202104,서울특별시,마포구,45,105
202104,서울특별시,마포구,46,119
202104,서울특별시,마포구,47,148
202104,서울특별시,마포구,48,120
202104,서울특별시,마포구,49,143
202104,서울특별시,마포구,50,150
202104,서울특별시,마포구,51,161
202104,서울특별시,마포구,52,167
202104,서울특별시,마포구,53,160
202104,서울특별시,마포구,54,155
202104,서울특별시,마포구,55,170
202104,서울특별시,마포구,56,157
202104,서울특별시,마포구,57,160
202104,서울특별시,마포구,58,195
202104,서울특별시,마포구,59,171
202104,서울특별시,마포구,60,195
202104,서울특별시,마포구,61,200
202104,서울특별시,마포구,62,207
202104,서울특별시,마포구,63,178
202104,서울특별시,마포구,64,179
202104,서울특별시,마포구,65,202
202104,서울특별시,마포구,66,244
202104,서울특별시,마포구,67,187
202104,서울특별시,마포구,68,192
202104,서울특별시,마포구,69,179
202104,서울특별시,마포구,70,154
202104,서울특별시,마포구,71,178
202104,서울특별시,마포구,72,183
202104,서울특별시,마포구,73,213
202104,서울특별시,마포구,74,192
202104,서울특별시,마포구,75,171
202104,서울특별시,마포구,76,203
202104,서울특별시,마포구,77,165
202104,서울특별시,마포구,78,214
202104,서울특별시,마포구,79,207
202104,서울특별시,마포구,80,161
202104,서울특별시,마포구,81,147
202104,서울특별시,마포구,82,152
202104,서울특별시,마포구,83,131
202104,서울특별시,마포구,84,129
202104,서울특별시,마포구,85,113
202104,서울특별시,마포구,86,89
202104,서울특별시,마포구,87,78
202104,서울특별시,마포구,88,60
202104,서울특별시,마포구,89,63
202104,서울특별시,마포구,90,46
202104,서울특별시,마포구,91,33
202104,서울특별시,마포구,92,28
202104,서울특별시,마포구,93,26
202104,서울특별시,마포구,94,14
202104,서울특별시,마포구,95,9
202104,서울특별시,마포구,96,4
202104,서울특별시,마포구,97,3
202104,서울특별시,마포구,98,4
202104,서울특별시,마포구,99,1
202104,서울특별시,마포구,100,2
202104,서울특별시,마포구,101,1
202104,서울특별시,마포구,104,1
202104,서울특별시,양천구,0,18
202104,서울특별시,양천구,1,30
202104,서울특별시,양천구,2,38
202104,서울특별시,양천구,3,32
202104,서울특별시,양천구,4,61
202104,서울특별시,양천구,5,48
202104,서울특별시,양천구,6,57
202104,서울특별시,양천구,7,88
202104,서울특별시,양천구,8,115
202104,서울특별시,양천구,9,122
202104,서울특별시,양천구,10,155
202104,서울특별시,양천구,11,152
202104,서울특별시,양천구,12,201
202104,서울특별시,양천구,13,224
202104,서울특별시,양천구,14,202
202104,서울특별시,양천구,15,231
202104,서울특별시,양천구,16,241
202104,서울특별시,양천구,17,277
202104,서울특별시,양천구,18,222
202104,서울특별시,양천구,19,179
202104,서울특별시,양천구,20,156
202104,서울특별시,양천구,21,153
202104,서울특별시,양천구,22,132
202104,서울특별시,양천구,23,152
202104,서울특별시,양천구,24,160
202104,서울특별시,양천구,25,101
202104,서울특별시,양천구,26,92
202104,서울특별시,양천구,27,67
202104,서울특별시,양천구,28,63
202104,서울특별시,양천구,29,60
202104,서울특별시,양천구,30,59
202104,서울특별시,양천구,31,61
202104,서울특별시,양천구,32,66
202104,서울특별시,양천구,33,67
202104,서울특별시,양천구,34,69
202104,서울특별시,양천구,35,70
202104,서울특별시,양천구,36,67
202104,서울특별시,양천구,37,69
202104,서울특별시,양천구,38,89
202104,서울특별시,양천구,39,113
202104,서울특별시,양천구,40,121
202104,서울특별시,양천구,41,120
202104,서울특별시,양천구,42,136
202104,서울특별시,양천구,43,132
202104,서울특별시,양천구,44,138
202104,서울특별시,양천구,45,157
202104,서울특별시,양천구,46,202
202104,서울특별시,양천구,47,225
202104,서울특별시,양천구,48,228
202104,서울특별시,양천구,49,225
202104,서울특별시,양천구,50,247
202104,서울특별시,양천구,51,237
202104,서울특별시,양천구,52,271
202104,서울특별시,양천구,53,245
202104,서울특별시,양천구,54,246
202104,서울특별시,양천구,55,270
202104,서울특별시,양천구,56,259
202104,서울특별시,양천구,57,248
202104,서울특별시,양천구,58,307
202104,서울특별시,양천구,59,315
202104,서울특별시,양천구,60,322
202104,서울특별시,양천구,61,340
202104,서울특별시,양천구,62,311
202104,서울특별시,양천구,63,299
202104,서울특별시,양천구,64,285
202104,서울특별시,양천구,65,311
202104,서울특별시,양천구,66,351
202104,서울특별시,양천구,67,289
202104,서울특별시,양천구,68,284
202104,서울특별시,양천구,69,277
202104,서울특별시,양천구,70,264
202104,서울특별시,양천구,71,291
202104,서울특별시,양천구,72,273
202104,서울특별시,양천구,73,263
202104,서울특별시,양천구,74,289
202104,서울특별시,양천구,75,191
202104,서울특별시,양천구,76,260
202104,서울특별시,양천구,77,242
202104,서울특별시,양천구,78,293
202104,서울특별시,양천구,79,270
202104,서울특별시,양천구,80,239
202104,서울특별시,양천구,81,235
202104,서울특별시,양천구,82,221
202104,서울특별시,양천구,83,179
202104,서울특별시,양천구,84,171
202104,서울특별시,양천구,85,167
202104,서울특별시,양천구,86,119
202104,서울특별시,양천구,87,106
202104,서울특별시,양천구,88,97
202104,서울특별시,양천구,89,80
202104,서울특별시,양천구,90,66
202104,서울특별시,양천구,91,53
202104,서울특별시,양천구,92,41
202104,서울특별시,양천구,93,30
202104,서울특별시,양천구,94,22
202104,서울특별시,양천구,95,13
202104,서울특별시,양천구,96,8
202104,서울특별시,양천구,97,7
202104,서울특별시,양천구,98,2
202104,서울특별시,양천구,99,4
202104,서울특별시,양천구,100,2
202104,서울특별시,양천구,101,2
202104,서울특별시,양천구,102,1
202104,서울특별시,양천구,104,1
202104,서울특별시,강서구,0,21
202104,서울특별시,강서구,1,38
202104,서울특별시,강서구,2,54
202104,서울특별시,강서구,3,65
202104,서울특별시,강서구,4,71
202104,서울특별시,강서구,5,79
202104,서울특별시,강서구,6,107
202104,서울특별시,강서구,7,149
202104,서울특별시,강서구,8,172
202104,서울특별시,강서구,9,170
202104,서울특별시,강서구,10,192
202104,서울특별시,강서구,11,183
202104,서울특별시,강서구,12,202
202104,서울특별시,강서구,13,259
202104,서울특별시,강서구,14,258
202104,서울특별시,강서구,15,279
202104,서울특별시,강서구,16,291
202104,서울특별시,강서구,17,320
202104,서울특별시,강서구,18,272
202104,서울특별시,강서구,19,262
202104,서울특별시,강서구,20,248
202104,서울특별시,강서구,21,244
202104,서울특별시,강서구,22,225
202104,서울특별시,강서구,23,212
202104,서울특별시,강서구,24,198
202104,서울특별시,강서구,25,180
202104,서울특별시,강서구,26,124
202104,서울특별시,강서구,27,140
202104,서울특별시,강서구,28,115
202104,서울특별시,강서구,29,107
202104,서울특별시,강서구,30,109
202104,서울특별시,강서구,31,104
202104,서울특별시,강서구,32,100
202104,서울특별시,강서구,33,108
202104,서울특별시,강서구,34,126
202104,서울특별시,강서구,35,112
202104,서울특별시,강서구,36,123
202104,서울특별시,강서구,37,153
202104,서울특별시,강서구,38,182
202104,서울특별시,강서구,39,183
202104,서울특별시,강서구,40,206
202104,서울특별시,강서구,41,214
202104,서울특별시,강서구,42,180
202104,서울특별시,강서구,43,223
202104,서울특별시,강서구,44,187
202104,서울특별시,강서구,45,259
202104,서울특별시,강서구,46,272
202104,서울특별시,강서구,47,258
202104,서울특별시,강서구,48,325
202104,서울특별시,강서구,49,381
202104,서울특별시,강서구,50,395
202104,서울특별시,강서구,51,405
202104,서울특별시,강서구,52,417
202104,서울특별시,강서구,53,443
202104,서울특별시,강서구,54,442
202104,서울특별시,강서구,55,439
202104,서울특별시,강서구,56,471
202104,서울특별시,강서구,57,484
202104,서울특별시,강서구,58,600
202104,서울특별시,강서구,59,582
202104,서울특별시,강서구,60,618
202104,서울특별시,강서구,61,684
202104,서울특별시,강서구,62,666
202104,서울특별시,강서구,63,585
202104,서울특별시,강서구,64,586
202104,서울특별시,강서구,65,623
202104,서울특별시,강서구,66,703
202104,서울특별시,강서구,67,580
202104,서울특별시,강서구,68,611
202104,서울특별시,강서구,69,518
202104,서울특별시,강서구,70,446
202104,서울특별시,강서구,71,540
202104,서울특별시,강서구,72,463
202104,서울특별시,강서구,73,528
202104,서울특별시,강서구,74,543
202104,서울특별시,강서구,75,431
202104,서울특별시,강서구,76,445
202104,서울특별시,강서구,77,427
202104,서울특별시,강서구,78,538
202104,서울특별시,강서구,79,542
202104,서울특별시,강서구,80,460
202104,서울특별시,강서구,81,429
202104,서울특별시,강서구,82,401
202104,서울특별시,강서구,83,342
202104,서울특별시,강서구,84,321
202104,서울특별시,강서구,85,309
202104,서울특별시,강서구,86,244
202104,서울특별시,강서구,87,228
202104,서울특별시,강서구,88,171
202104,서울특별시,강서구,89,156
202104,서울특별시,강서구,90,114
202104,서울특별시,강서구,91,113
202104,서울특별시,강서구,92,101
202104,서울특별시,강서구,93,69
202104,서울특별시,강서구,94,42
202104,서울특별시,강서구,95,47
202104,서울특별시,강서구,96,28
202104,서울특별시,강서구,97,15
202104,서울특별시,강서구,98,17
202104,서울특별시,강서구,99,13
202104,서울특별시,강서구,100,9
202104,서울특별시,강서구,101,4
202104,서울특별시,강서구,102,1
202104,서울특별시,강서구,105,2
202104,서울특별시,강서구,113,1
202104,서울특별시,구로구,0,15
202104,서울특별시,구로구,1,29
202104,서울특별시,구로구,2,40
202104,서울특별시,구로구,3,35
202104,서울특별시,구로구,4,46
202104,서울특별시,구로구,5,60
202104,서울특별시,구로구,6,53
202104,서울특별시,구로구,7,87
202104,서울특별시,구로구,8,85
202104,서울특별시,구로구,9,105
202104,서울특별시,구로구,10,124
202104,서울특별시,구로구,11,110
202104,서울특별시,구로구,12,125
202104,서울특별시,구로구,13,148
202104,서울특별시,구로구,14,149
202104,서울특별시,구로구,15,160
202104,서울특별시,구로구,16,157
202104,서울특별시,구로구,17,197
202104,서울특별시,구로구,18,150
202104,서울특별시,구로구,19,127
202104,서울특별시,구로구,20,114
202104,서울특별시,구로구,21,106
202104,서울특별시,구로구,22,87
202104,서울특별시,구로구,23,83
202104,서울특별시,구로구,24,75
202104,서울특별시,구로구,25,58
202104,서울특별시,구로구,26,45
202104,서울특별시,구로구,27,43
202104,서울특별시,구로구,28,36
202104,서울특별시,구로구,29,35
202104,서울특별시,구로구,30,43
202104,서울특별시,구로구,31,50
202104,서울특별시,구로구,32,57
202104,서울특별시,구로구,33,57
202104,서울특별시,구로구,34,60
202104,서울특별시,구로구,35,68
202104,서울특별시,구로구,36,74
202104,서울특별시,구로구,37,66
202104,서울특별시,구로구,38,89
202104,서울특별시,구로구,39,80
202104,서울특별시,구로구,40,101
202104,서울특별시,구로구,41,97
202104,서울특별시,구로구,42,88
202104,서울특별시,구로구,43,96
202104,서울특별시,구로구,44,99
202104,서울특별시,구로구,45,119
202104,서울특별시,구로구,46,130
202104,서울특별시,구로구,47,156
202104,서울특별시,구로구,48,172
202104,서울특별시,구로구,49,179
202104,서울특별시,구로구,50,202
202104,서울특별시,구로구,51,189
202104,서울특별시,구로구,52,199
202104,서울특별시,구로구,53,170
202104,서울특별시,구로구,54,160
202104,서울특별시,구로구,55,220
202104,서울특별시,구로구,56,191
202104,서울특별시,구로구,57,183
202104,서울특별시,구로구,58,212
202104,서울특별시,구로구,59,194
202104,서울특별시,구로구,60,237
202104,서울특별시,구로구,61,248
202104,서울특별시,구로구,62,217
202104,서울특별시,구로구,63,218
202104,서울특별시,구로구,64,212
202104,서울특별시,구로구,65,214
202104,서울특별시,구로구,66,224
202104,서울특별시,구로구,67,249
202104,서울특별시,구로구,68,220
202104,서울특별시,구로구,69,181
202104,서울특별시,구로구,70,167
202104,서울특별시,구로구,71,260
202104,서울특별시,구로구,72,219
202104,서울특별시,구로구,73,214
202104,서울특별시,구로구,74,213
202104,서울특별시,구로구,75,188
202104,서울특별시,구로구,76,210
202104,서울특별시,구로구,77,197
202104,서울특별시,구로구,78,248
202104,서울특별시,구로구,79,231
202104,서울특별시,구로구,80,168
202104,서울특별시,구로구,81,184
202104,서울특별시,구로구,82,197
202104,서울특별시,구로구,83,171
202104,서울특별시,구로구,84,152
202104,서울특별시,구로구,85,119
202104,서울특별시,구로구,86,103
202104,서울특별시,구로구,87,78
202104,서울특별시,구로구,88,73
202104,서울특별시,구로구,89,78
202104,서울특별시,구로구,90,32
202104,서울특별시,구로구,91,30
202104,서울특별시,구로구,92,39
202104,서울특별시,구로구,93,21
202104,서울특별시,구로구,94,19
202104,서울특별시,구로구,95,14
202104,서울특별시,구로구,96,3
202104,서울특별시,구로구,97,6
202104,서울특별시,구로구,98,6
202104,서울특별시,구로구,99,3
202104,서울특별시,구로구,100,2
202104,서울특별시,구로구,102,1
202104,서울특별시,금천구,0,11
202104,서울특별시,금천구,1,24
202104,서울특별시,금천구,2,28
202104,서울특별시,금천구,3,28
202104,서울특별시,금천구,4,25
202104,서울특별시,금천구,5,48
202104,서울특별시,금천구,6,43
202104,서울특별시,금천구,7,60
202104,서울특별시,금천구,8,59
202104,서울특별시,금천구,9,79
202104,서울특별시,금천구,10,103
202104,서울특별시,금천구,11,89
202104,서울특별시,금천구,12,102
202104,서울특별시,금천구,13,113
202104,서울특별시,금천구,14,151
202104,서울특별시,금천구,15,117
202104,서울특별시,금천구,16,166
202104,서울특별시,금천구,17,160
202104,서울특별시,금천구,18,145
202104,서울특별시,금천구,19,103
202104,서울특별시,금천구,20,124
202104,서울특별시,금천구,21,104
202104,서울특별시,금천구,22,69
202104,서울특별시,금천구,23,104
202104,서울특별시,금천구,24,84
202104,서울특별시,금천구,25,81
202104,서울특별시,금천구,26,48
202104,서울특별시,금천구,27,40
202104,서울특별시,금천구,28,34
202104,서울특별시,금천구,29,44
202104,서울특별시,금천구,30,48
202104,서울특별시,금천구,31,32
202104,서울특별시,금천구,32,41
202104,서울특별시,금천구,33,40
202104,서울특별시,금천구,34,41
202104,서울특별시,금천구,35,33
202104,서울특별시,금천구,36,37
202104,서울특별시,금천구,37,50
202104,서울특별시,금천구,38,50
202104,서울특별시,금천구,39,73
202104,서울특별시,금천구,40,83
202104,서울특별시,금천구,41,78
202104,서울특별시,금천구,42,74
202104,서울특별시,금천구,43,68
202104,서울특별시,금천구,44,98
202104,서울특별시,금천구,45,103
202104,서울특별시,금천구,46,110
202104,서울특별시,금천구,47,158
202104,서울특별시,금천구,48,158
202104,서울특별시,금천구,49,179
202104,서울특별시,금천구,50,170
202104,서울특별시,금천구,51,190
202104,서울특별시,금천구,52,233
202104,서울특별시,금천구,53,218
202104,서울특별시,금천구,54,209
202104,서울특별시,금천구,55,212
202104,서울특별시,금천구,56,250
202104,서울특별시,금천구,57,208
202104,서울특별시,금천구,58,257
202104,서울특별시,금천구,59,256
202104,서울특별시,금천구,60,299
202104,서울특별시,금천구,61,261
202104,서울특별시,금천구,62,232
202104,서울특별시,금천구,63,218
202104,서울특별시,금천구,64,233
202104,서울특별시,금천구,65,261
202104,서울특별시,금천구,66,290
202104,서울특별시,금천구,67,222
202104,서울특별시,금천구,68,213
202104,서울특별시,금천구,69,177
202104,서울특별시,금천구,70,170
202104,서울특별시,금천구,71,215
202104,서울특별시,금천구,72,180
202104,서울특별시,금천구,73,206
202104,서울특별시,금천구,74,220
202104,서울특별시,금천구,75,169
202104,서울특별시,금천구,76,190
202104,서울특별시,금천구,77,188
202104,서울특별시,금천구,78,223
202104,서울특별시,금천구,79,201
202104,서울특별시,금천구,80,179
202104,서울특별시,금천구,81,185
202104,서울특별시,금천구,82,152
202104,서울특별시,금천구,83,140
202104,서울특별시,금천구,84,114
202104,서울특별시,금천구,85,113
202104,서울특별시,금천구,86,106
202104,서울특별시,금천구,87,64
202104,서울특별시,금천구,88,73
202104,서울특별시,금천구,89,44
202104,서울특별시,금천구,90,49
202104,서울특별시,금천구,91,31
202104,서울특별시,금천구,92,14
202104,서울특별시,금천구,93,22
202104,서울특별시,금천구,94,14
202104,서울특별시,금천구,95,9
202104,서울특별시,금천구,96,10
202104,서울특별시,금천구,97,1
202104,서울특별시,금천구,98,2
202104,서울특별시,금천구,99,2
202104,서울특별시,금천구,100,3
202104,서울특별시,금천구,107,1
202104,서울특별시,영등포구,0,5
202104,서울특별시,영등포구,1,9
202104,서울특별시,영등포구,2,11
202104,서울특별시,영등포구,3,28
202104,서울특별시,영등포구,4,26
202104,서울특별시,영등포구,5,26
202104,서울특별시,영등포구,6,37
202104,서울특별시,영등포구,7,40
202104,서울특별시,영등포구,8,44
202104,서울특별시,영등포구,9,45
202104,서울특별시,영등포구,10,53
202104,서울특별시,영등포구,11,56
202104,서울특별시,영등포구,12,67
202104,서울특별시,영등포구,13,78
202104,서울특별시,영등포구,14,83
202104,서울특별시,영등포구,15,98
202104,서울특별시,영등포구,16,125
202104,서울특별시,영등포구,17,113
202104,서울특별시,영등포구,18,94
202104,서울특별시,영등포구,19,88
202104,서울특별시,영등포구,20,73
202104,서울특별시,영등포구,21,62
202104,서울특별시,영등포구,22,62
202104,서울특별시,영등포구,23,75
202104,서울특별시,영등포구,24,53
202104,서울특별시,영등포구,25,48
202104,서울특별시,영등포구,26,37
202104,서울특별시,영등포구,27,29
202104,서울특별시,영등포구,28,30
202104,서울특별시,영등포구,29,16
202104,서울특별시,영등포구,30,19
202104,서울특별시,영등포구,31,30
202104,서울특별시,영등포구,32,35
202104,서울특별시,영등포구,33,43
202104,서울특별시,영등포구,34,33
202104,서울특별시,영등포구,35,46
202104,서울특별시,영등포구,36,47
202104,서울특별시,영등포구,37,41
202104,서울특별시,영등포구,38,49
202104,서울특별시,영등포구,39,75
202104,서울특별시,영등포구,40,66
202104,서울특별시,영등포구,41,90
202104,서울특별시,영등포구,42,58
202104,서울특별시,영등포구,43,75
202104,서울특별시,영등포구,44,97
202104,서울특별시,영등포구,45,95
202104,서울특별시,영등포구,46,86
202104,서울특별시,영등포구,47,129
202104,서울특별시,영등포구,48,139
202104,서울특별시,영등포구,49,145
202104,서울특별시,영등포구,50,165
202104,서울특별시,영등포구,51,162
202104,서울특별시,영등포구,52,181
202104,서울특별시,영등포구,53,184
202104,서울특별시,영등포구,54,197
202104,서울특별시,영등포구,55,192
202104,서울특별시,영등포구,56,221
202104,서울특별시,영등포구,57,223
202104,서울특별시,영등포구,58,251
202104,서울특별시,영등포구,59,253
202104,서울특별시,영등포구,60,268
202104,서울특별시,영등포구,61,236
202104,서울특별시,영등포구,62,257
202104,서울특별시,영등포구,63,260
202104,서울특별시,영등포구,64,273
202104,서울특별시,영등포구,65,267
202104,서울특별시,영등포구,66,306
202104,서울특별시,영등포구,67,251
202104,서울특별시,영등포구,68,245
202104,서울특별시,영등포구,69,231
202104,서울특별시,영등포구,70,217
202104,서울특별시,영등포구,71,230
202104,서울특별시,영등포구,72,247
202104,서울특별시,영등포구,73,222
202104,서울특별시,영등포구,74,202
202104,서울특별시,영등포구,75,152
202104,서울특별시,영등포구,76,155
202104,서울특별시,영등포구,77,179
202104,서울특별시,영등포구,78,226
202104,서울특별시,영등포구,79,216
202104,서울특별시,영등포구,80,157
202104,서울특별시,영등포구,81,150
202104,서울특별시,영등포구,82,141
202104,서울특별시,영등포구,83,119
202104,서울특별시,영등포구,84,120
202104,서울특별시,영등포구,85,92
202104,서울특별시,영등포구,86,78
202104,서울특별시,영등포구,87,78
202104,서울특별시,영등포구,88,57
202104,서울특별시,영등포구,89,32
202104,서울특별시,영등포구,90,40
202104,서울특별시,영등포구,91,28
202104,서울특별시,영등포구,92,30
202104,서울특별시,영등포구,93,25
202104,서울특별시,영등포구,94,11
202104,서울특별시,영등포구,95,12
202104,서울특별시,영등포구,96,7
202104,서울특별시,영등포구,97,7
202104,서울특별시,영등포구,98,5
202104,서울특별시,영등포구,99,3
202104,서울특별시,영등포구,100,4
202104,서울특별시,영등포구,101,1
202104,서울특별시,영등포구,106,1
202104,서울특별시,영등포구,111,1
202104,서울특별시,동작구,0,2
202104,서울특별시,동작구,1,29
202104,서울특별시,동작구,2,23
202104,서울특별시,동작구,3,29
202104,서울특별시,동작구,4,33
202104,서울특별시,동작구,5,15
202104,서울특별시,동작구,6,47
202104,서울특별시,동작구,7,52
202104,서울특별시,동작구,8,76
202104,서울특별시,동작구,9,82
202104,서울특별시,동작구,10,78
202104,서울특별시,동작구,11,88
202104,서울특별시,동작구,12,85
202104,서울특별시,동작구,13,110
202104,서울특별시,동작구,14,114
202104,서울특별시,동작구,15,116
202104,서울특별시,동작구,16,128
202104,서울특별시,동작구,17,163
202104,서울특별시,동작구,18,146
202104,서울특별시,동작구,19,109
202104,서울특별시,동작구,20,129
202104,서울특별시,동작구,21,108
202104,서울특별시,동작구,22,109
202104,서울특별시,동작구,23,121
202104,서울특별시,동작구,24,97
202104,서울특별시,동작구,25,90
202104,서울특별시,동작구,26,92
202104,서울특별시,동작구,27,57
202104,서울특별시,동작구,28,48
202104,서울특별시,동작구,29,46
202104,서울특별시,동작구,30,69
202104,서울특별시,동작구,31,61
202104,서울특별시,동작구,32,77
202104,서울특별시,동작구,33,57
202104,서울특별시,동작구,34,72
202104,서울특별시,동작구,35,66
202104,서울특별시,동작구,36,52
202104,서울특별시,동작구,37,75
202104,서울특별시,동작구,38,86
202104,서울특별시,동작구,39,99
202104,서울특별시,동작구,40,95
202104,서울특별시,동작구,41,97
202104,서울특별시,동작구,42,113
202104,서울특별시,동작구,43,90
202104,서울특별시,동작구,44,106
202104,서울특별시,동작구,45,107
202104,서울특별시,동작구,46,157
202104,서울특별시,동작구,47,140
202104,서울특별시,동작구,48,174
202104,서울특별시,동작구,49,173
202104,서울특별시,동작구,50,184
202104,서울특별시,동작구,51,213
202104,서울특별시,동작구,52,199
202104,서울특별시,동작구,53,184
202104,서울특별시,동작구,54,181
202104,서울특별시,동작구,55,183
202104,서울특별시,동작구,56,213
202104,서울특별시,동작구,57,187
202104,서울특별시,동작구,58,230
202104,서울특별시,동작구,59,233
202104,서울특별시,동작구,60,256
202104,서울특별시,동작구,61,269
202104,서울특별시,동작구,62,246
202104,서울특별시,동작구,63,210
202104,서울특별시,동작구,64,250
202104,서울특별시,동작구,65,276
202104,서울특별시,동작구,66,300
202104,서울특별시,동작구,67,226
202104,서울특별시,동작구,68,216
202104,서울특별시,동작구,69,220
202104,서울특별시,동작구,70,204
202104,서울특별시,동작구,71,235
202104,서울특별시,동작구,72,224
202104,서울특별시,동작구,73,229
202104,서울특별시,동작구,74,263
202104,서울특별시,동작구,75,188
202104,서울특별시,동작구,76,196
202104,서울특별시,동작구,77,202
202104,서울특별시,동작구,78,225
202104,서울특별시,동작구,79,244
202104,서울특별시,동작구,80,188
202104,서울특별시,동작구,81,204
202104,서울특별시,동작구,82,183
202104,서울특별시,동작구,83,145
202104,서울특별시,동작구,84,142
202104,서울특별시,동작구,85,115
202104,서울특별시,동작구,86,99
202104,서울특별시,동작구,87,90
202104,서울특별시,동작구,88,87
202104,서울특별시,동작구,89,60
202104,서울특별시,동작구,90,55
202104,서울특별시,동작구,91,49
202104,서울특별시,동작구,92,35
202104,서울특별시,동작구,93,31
202104,서울특별시,동작구,94,23
202104,서울특별시,동작구,95,7
202104,서울특별시,동작구,96,15
202104,서울특별시,동작구,97,7
202104,서울특별시,동작구,98,6
202104,서울특별시,동작구,99,3
202104,서울특별시,동작구,100,3
202104,서울특별시,동작구,101,3
202104,서울특별시,동작구,103,1
202104,서울특별시,동작구,106,1
202104,서울특별시,관악구,0,20
202104,서울특별시,관악구,1,24
202104,서울특별시,관악구,2,28
202104,서울특별시,관악구,3,44
202104,서울특별시,관악구,4,54
202104,서울특별시,관악구,5,52
202104,서울특별시,관악구,6,56
202104,서울특별시,관악구,7,88
202104,서울특별시,관악구,8,104
202104,서울특별시,관악구,9,125
202104,서울특별시,관악구,10,141
202104,서울특별시,관악구,11,134
202104,서울특별시,관악구,12,153
202104,서울특별시,관악구,13,166
202104,서울특별시,관악구,14,176
202104,서울특별시,관악구,15,173
202104,서울특별시,관악구,16,216
202104,서울특별시,관악구,17,241
202104,서울특별시,관악구,18,196
202104,서울특별시,관악구,19,188
202104,서울특별시,관악구,20,225
202104,서울특별시,관악구,21,175
202104,서울특별시,관악구,22,191
202104,서울특별시,관악구,23,178
202104,서울특별시,관악구,24,180
202104,서울특별시,관악구,25,171
202104,서울특별시,관악구,26,101
202104,서울특별시,관악구,27,107
202104,서울특별시,관악구,28,93
202104,서울특별시,관악구,29,76
202104,서울특별시,관악구,30,120
202104,서울특별시,관악구,31,142
202104,서울특별시,관악구,32,144
202104,서울특별시,관악구,33,119
202104,서울특별시,관악구,34,128
202104,서울특별시,관악구,35,108
202104,서울특별시,관악구,36,126
202104,서울특별시,관악구,37,133
202104,서울특별시,관악구,38,154
202104,서울특별시,관악구,39,155
202104,서울특별시,관악구,40,172
202104,서울특별시,관악구,41,186
202104,서울특별시,관악구,42,154
202104,서울특별시,관악구,43,176
202104,서울특별시,관악구,44,176
202104,서울특별시,관악구,45,206
202104,서울특별시,관악구,46,239
202104,서울특별시,관악구,47,266
202104,서울특별시,관악구,48,302
202104,서울특별시,관악구,49,321
202104,서울특별시,관악구,50,331
202104,서울특별시,관악구,51,376
202104,서울특별시,관악구,52,373
202104,서울특별시,관악구,53,350
202104,서울특별시,관악구,54,347
202104,서울특별시,관악구,55,337
202104,서울특별시,관악구,56,380
202104,서울특별시,관악구,57,377
202104,서울특별시,관악구,58,461
202104,서울특별시,관악구,59,393
202104,서울특별시,관악구,60,476
202104,서울특별시,관악구,61,468
202104,서울특별시,관악구,62,408
202104,서울특별시,관악구,63,449
202104,서울특별시,관악구,64,350
202104,서울특별시,관악구,65,456
202104,서울특별시,관악구,66,521
202104,서울특별시,관악구,67,384
202104,서울특별시,관악구,68,375
202104,서울특별시,관악구,69,324
202104,서울특별시,관악구,70,311
202104,서울특별시,관악구,71,363
202104,서울특별시,관악구,72,322
202104,서울특별시,관악구,73,383
202104,서울특별시,관악구,74,350
202104,서울특별시,관악구,75,286
202104,서울특별시,관악구,76,320
202104,서울특별시,관악구,77,331
202104,서울특별시,관악구,78,383
202104,서울특별시,관악구,79,356
202104,서울특별시,관악구,80,337
202104,서울특별시,관악구,81,291
202104,서울특별시,관악구,82,275
202104,서울특별시,관악구,83,227
202104,서울특별시,관악구,84,219
202104,서울특별시,관악구,85,177
202104,서울특별시,관악구,86,158
202104,서울특별시,관악구,87,131
202104,서울특별시,관악구,88,139
202104,서울특별시,관악구,89,85
202104,서울특별시,관악구,90,88
202104,서울특별시,관악구,91,68
202104,서울특별시,관악구,92,61
202104,서울특별시,관악구,93,42
202104,서울특별시,관악구,94,39
202104,서울특별시,관악구,95,24
202104,서울특별시,관악구,96,14
202104,서울특별시,관악구,97,14
202104,서울특별시,관악구,98,14
202104,서울특별시,관악구,99,7
202104,서울특별시,관악구,100,5
202104,서울특별시,관악구,102,1
202104,서울특별시,관악구,104,1
202104,서울특별시,관악구,108,1
202104,서울특별시,관악구,110,1
202104,서울특별시,서초구,0,5
202104,서울특별시,서초구,1,11
202104,서울특별시,서초구,2,12
202104,서울특별시,서초구,3,13
202104,서울특별시,서초구,4,26
202104,서울특별시,서초구,5,29
202104,서울특별시,서초구,6,27
202104,서울특별시,서초구,7,39
202104,서울특별시,서초구,8,61
202104,서울특별시,서초구,9,67
202104,서울특별시,서초구,10,69
202104,서울특별시,서초구,11,84
202104,서울특별시,서초구,12,65
202104,서울특별시,서초구,13,72
202104,서울특별시,서초구,14,70
202104,서울특별시,서초구,15,66
202104,서울특별시,서초구,16,85
202104,서울특별시,서초구,17,95
202104,서울특별시,서초구,18,80
202104,서울특별시,서초구,19,76
202104,서울특별시,서초구,20,56
202104,서울특별시,서초구,21,66
202104,서울특별시,서초구,22,74
202104,서울특별시,서초구,23,57
202104,서울특별시,서초구,24,52
202104,서울특별시,서초구,25,49
202104,서울특별시,서초구,26,38
202104,서울특별시,서초구,27,34
202104,서울특별시,서초구,28,26
202104,서울특별시,서초구,29,17
202104,서울특별시,서초구,30,32
202104,서울특별시,서초구,31,23
202104,서울특별시,서초구,32,32
202104,서울특별시,서초구,33,18
202104,서울특별시,서초구,34,31
202104,서울특별시,서초구,35,40
202104,서울특별시,서초구,36,25
202104,서울특별시,서초구,37,41
202104,서울특별시,서초구,38,37
202104,서울특별시,서초구,39,61
202104,서울특별시,서초구,40,48
202104,서울특별시,서초구,41,61
202104,서울특별시,서초구,42,53
202104,서울특별시,서초구,43,69
202104,서울특별시,서초구,44,71
202104,서울특별시,서초구,45,53
202104,서울특별시,서초구,46,78
202104,서울특별시,서초구,47,68
202104,서울특별시,서초구,48,80
202104,서울특별시,서초구,49,103
202104,서울특별시,서초구,50,123
202104,서울특별시,서초구,51,114
202104,서울특별시,서초구,52,115
202104,서울특별시,서초구,53,112
202104,서울특별시,서초구,54,106
202104,서울특별시,서초구,55,105
202104,서울특별시,서초구,56,123
202104,서울특별시,서초구,57,106
202104,서울특별시,서초구,58,119
202104,서울특별시,서초구,59,121
202104,서울특별시,서초구,60,137
202104,서울특별시,서초구,61,142
202104,서울특별시,서초구,62,147
202104,서울특별시,서초구,63,137
202104,서울특별시,서초구,64,143
202104,서울특별시,서초구,65,138
202104,서울특별시,서초구,66,153
202104,서울특별시,서초구,67,141
202104,서울특별시,서초구,68,126
202104,서울특별시,서초구,69,129
202104,서울특별시,서초구,70,113
202104,서울특별시,서초구,71,115
202104,서울특별시,서초구,72,128
202104,서울특별시,서초구,73,116
202104,서울특별시,서초구,74,121
202104,서울특별시,서초구,75,99
202104,서울특별시,서초구,76,88
202104,서울특별시,서초구,77,92
202104,서울특별시,서초구,78,102
202104,서울특별시,서초구,79,106
202104,서울특별시,서초구,80,81
202104,서울특별시,서초구,81,73
202104,서울특별시,서초구,82,70
202104,서울특별시,서초구,83,61
202104,서울특별시,서초구,84,58
202104,서울특별시,서초구,85,63
202104,서울특별시,서초구,86,66
202104,서울특별시,서초구,87,35
202104,서울특별시,서초구,88,38
202104,서울특별시,서초구,89,30
202104,서울특별시,서초구,90,36
202104,서울특별시,서초구,91,15
202104,서울특별시,서초구,92,25
202104,서울특별시,서초구,93,23
202104,서울특별시,서초구,94,11
202104,서울특별시,서초구,95,6
202104,서울특별시,서초구,96,4
202104,서울특별시,서초구,97,4
202104,서울특별시,서초구,98,4
202104,서울특별시,서초구,99,3
202104,서울특별시,서초구,100,1
202104,서울특별시,서초구,101,1
202104,서울특별시,강남구,0,64
202104,서울특별시,강남구,1,45
202104,서울특별시,강남구,2,21
202104,서울특별시,강남구,3,22
202104,서울특별시,강남구,4,20
202104,서울특별시,강남구,5,30
202104,서울특별시,강남구,6,45
202104,서울특별시,강남구,7,58
202104,서울특별시,강남구,8,74
202104,서울특별시,강남구,9,75
202104,서울특별시,강남구,10,79
202104,서울특별시,강남구,11,90
202104,서울특별시,강남구,12,96
202104,서울특별시,강남구,13,105
202104,서울특별시,강남구,14,123
202104,서울특별시,강남구,15,118
202104,서울특별시,강남구,16,143
202104,서울특별시,강남구,17,162
202104,서울특별시,강남구,18,173
202104,서울특별시,강남구,19,139
202104,서울특별시,강남구,20,166
202104,서울특별시,강남구,21,115
202104,서울특별시,강남구,22,142
202104,서울특별시,강남구,23,137
202104,서울특별시,강남구,24,105
202104,서울특별시,강남구,25,93
202104,서울특별시,강남구,26,103
202104,서울특별시,강남구,27,74
202104,서울특별시,강남구,28,57
202104,서울특별시,강남구,29,54
202104,서울특별시,강남구,30,59
202104,서울특별시,강남구,31,67
202104,서울특별시,강남구,32,86
202104,서울특별시,강남구,33,60
202104,서울특별시,강남구,34,67
202104,서울특별시,강남구,35,69
202104,서울특별시,강남구,36,74
202104,서울특별시,강남구,37,99
202104,서울특별시,강남구,38,115
202104,서울특별시,강남구,39,114
202104,서울특별시,강남구,40,102
202104,서울특별시,강남구,41,133
202104,서울특별시,강남구,42,127
202104,서울특별시,강남구,43,99
202104,서울특별시,강남구,44,126
202104,서울특별시,강남구,45,134
202104,서울특별시,강남구,46,144
202104,서울특별시,강남구,47,177
202104,서울특별시,강남구,48,166
202104,서울특별시,강남구,49,204
202104,서울특별시,강남구,50,215
202104,서울특별시,강남구,51,218
202104,서울특별시,강남구,52,228
202104,서울특별시,강남구,53,232
202104,서울특별시,강남구,54,199
202104,서울특별시,강남구,55,256
202104,서울특별시,강남구,56,252
202104,서울특별시,강남구,57,250
202104,서울특별시,강남구,58,284
202104,서울특별시,강남구,59,271
202104,서울특별시,강남구,60,305
202104,서울특별시,강남구,61,307
202104,서울특별시,강남구,62,311
202104,서울특별시,강남구,63,379
202104,서울특별시,강남구,64,325
202104,서울특별시,강남구,65,321
202104,서울특별시,강남구,66,351
202104,서울특별시,강남구,67,291
202104,서울특별시,강남구,68,308
202104,서울특별시,강남구,69,267
202104,서울특별시,강남구,70,255
202104,서울특별시,강남구,71,300
202104,서울특별시,강남구,72,271
202104,서울특별시,강남구,73,284
202104,서울특별시,강남구,74,302
202104,서울특별시,강남구,75,216
202104,서울특별시,강남구,76,226
202104,서울특별시,강남구,77,231
202104,서울특별시,강남구,78,282
202104,서울특별시,강남구,79,248
202104,서울특별시,강남구,80,173
202104,서울특별시,강남구,81,181
202104,서울특별시,강남구,82,149
202104,서울특별시,강남구,83,145
202104,서울특별시,강남구,84,130
202104,서울특별시,강남구,85,104
202104,서울특별시,강남구,86,90
202104,서울특별시,강남구,87,75
202104,서울특별시,강남구,88,81
202104,서울특별시,강남구,89,55
202104,서울특별시,강남구,90,37
202104,서울특별시,강남구,91,38
202104,서울특별시,강남구,92,33
202104,서울특별시,강남구,93,28
202104,서울특별시,강남구,94,24
202104,서울특별시,강남구,95,10
202104,서울특별시,강남구,96,6
202104,서울특별시,강남구,97,12
202104,서울특별시,강남구,98,11
202104,서울특별시,강남구,99,7
202104,서울특별시,강남구,100,4
202104,서울특별시,강남구,102,1
202104,서울특별시,강남구,103,1
202104,서울특별시,강남구,106,1
202104,서울특별시,송파구,0,14
202104,서울특별시,송파구,1,31
202104,서울특별시,송파구,2,38
202104,서울특별시,송파구,3,51
202104,서울특별시,송파구,4,62
202104,서울특별시,송파구,5,58
202104,서울특별시,송파구,6,88
202104,서울특별시,송파구,7,103
202104,서울특별시,송파구,8,131
202104,서울특별시,송파구,9,142
202104,서울특별시,송파구,10,160
202104,서울특별시,송파구,11,151
202104,서울특별시,송파구,12,160
202104,서울특별시,송파구,13,213
202104,서울특별시,송파구,14,177
202104,서울특별시,송파구,15,216
202104,서울특별시,송파구,16,220
202104,서울특별시,송파구,17,232
202104,서울특별시,송파구,18,237
202104,서울특별시,송파구,19,180
202104,서울특별시,송파구,20,190
202104,서울특별시,송파구,21,188
202104,서울특별시,송파구,22,154
202104,서울특별시,송파구,23,170
202104,서울특별시,송파구,24,117
202104,서울특별시,송파구,25,114
202104,서울특별시,송파구,26,84
202104,서울특별시,송파구,27,85
202104,서울특별시,송파구,28,57
202104,서울특별시,송파구,29,61
202104,서울특별시,송파구,30,73
202104,서울특별시,송파구,31,86
202104,서울특별시,송파구,32,78
202104,서울특별시,송파구,33,66
202104,서울특별시,송파구,34,79
202104,서울특별시,송파구,35,92
202104,서울특별시,송파구,36,97
202104,서울특별시,송파구,37,110
202104,서울특별시,송파구,38,102
202104,서울특별시,송파구,39,123
202104,서울특별시,송파구,40,133
202104,서울특별시,송파구,41,139
202104,서울특별시,송파구,42,127
202104,서울특별시,송파구,43,140
202104,서울특별시,송파구,44,165
202104,서울특별시,송파구,45,173
202104,서울특별시,송파구,46,172
202104,서울특별시,송파구,47,229
202104,서울특별시,송파구,48,252
202104,서울특별시,송파구,49,240
202104,서울특별시,송파구,50,277
202104,서울특별시,송파구,51,269
202104,서울특별시,송파구,52,304
202104,서울특별시,송파구,53,268
202104,서울특별시,송파구,54,252
202104,서울특별시,송파구,55,272
202104,서울특별시,송파구,56,313
202104,서울특별시,송파구,57,261
202104,서울특별시,송파구,58,313
202104,서울특별시,송파구,59,293
202104,서울특별시,송파구,60,319
202104,서울특별시,송파구,61,343
202104,서울특별시,송파구,62,308
202104,서울특별시,송파구,63,339
202104,서울특별시,송파구,64,294
202104,서울특별시,송파구,65,330
202104,서울특별시,송파구,66,358
202104,서울특별시,송파구,67,288
202104,서울특별시,송파구,68,299
202104,서울특별시,송파구,69,262
202104,서울특별시,송파구,70,253
202104,서울특별시,송파구,71,263
202104,서울특별시,송파구,72,267
202104,서울특별시,송파구,73,241
202104,서울특별시,송파구,74,288
202104,서울특별시,송파구,75,196
202104,서울특별시,송파구,76,194
202104,서울특별시,송파구,77,221
202104,서울특별시,송파구,78,213
202104,서울특별시,송파구,79,196
202104,서울특별시,송파구,80,204
202104,서울특별시,송파구,81,156
202104,서울특별시,송파구,82,166
202104,서울특별시,송파구,83,163
202104,서울특별시,송파구,84,123
202104,서울특별시,송파구,85,110
202104,서울특별시,송파구,86,99
202104,서울특별시,송파구,87,110
202104,서울특별시,송파구,88,77
202104,서울특별시,송파구,89,76
202104,서울특별시,송파구,90,59
202104,서울특별시,송파구,91,55
202104,서울특별시,송파구,92,52
202104,서울특별시,송파구,93,32
202104,서울특별시,송파구,94,22
202104,서울특별시,송파구,95,19
202104,서울특별시,송파구,96,12
202104,서울특별시,송파구,97,8
202104,서울특별시,송파구,98,15
202104,서울특별시,송파구,99,5
202104,서울특별시,송파구,100,3
202104,서울특별시,송파구,101,4
202104,서울특별시,송파구,102,1
202104,서울특별시,송파구,103,3
202104,서울특별시,송파구,109,1
202104,서울특별시,송파구,113,1
202104,서울특별시,강동구,0,8
202104,서울특별시,강동구,1,24
202104,서울특별시,강동구,2,28
202104,서울특별시,강동구,3,36
202104,서울특별시,강동구,4,32
202104,서울특별시,강동구,5,49
202104,서울특별시,강동구,6,64
202104,서울특별시,강동구,7,78
202104,서울특별시,강동구,8,88
202104,서울특별시,강동구,9,107
202104,서울특별시,강동구,10,130
202104,서울특별시,강동구,11,132
202104,서울특별시,강동구,12,157
202104,서울특별시,강동구,13,146
202104,서울특별시,강동구,14,168
202104,서울특별시,강동구,15,164
202104,서울특별시,강동구,16,186
202104,서울특별시,강동구,17,232
202104,서울특별시,강동구,18,178
202104,서울특별시,강동구,19,157
202104,서울특별시,강동구,20,144
202104,서울특별시,강동구,21,135
202104,서울특별시,강동구,22,138
202104,서울특별시,강동구,23,119
202104,서울특별시,강동구,24,111
202104,서울특별시,강동구,25,85
202104,서울특별시,강동구,26,71
202104,서울특별시,강동구,27,39
202104,서울특별시,강동구,28,57
202104,서울특별시,강동구,29,74
202104,서울특별시,강동구,30,55
202104,서울특별시,강동구,31,59
202104,서울특별시,강동구,32,61
202104,서울특별시,강동구,33,55
202104,서울특별시,강동구,34,56
202104,서울특별시,강동구,35,64
202104,서울특별시,강동구,36,67
202104,서울특별시,강동구,37,84
202104,서울특별시,강동구,38,94
202104,서울특별시,강동구,39,115
202104,서울특별시,강동구,40,107
202104,서울특별시,강동구,41,114
202104,서울특별시,강동구,42,121
202104,서울특별시,강동구,43,116
202104,서울특별시,강동구,44,150
202104,서울특별시,강동구,45,146
202104,서울특별시,강동구,46,159
202104,서울특별시,강동구,47,208
202104,서울특별시,강동구,48,219
202104,서울특별시,강동구,49,214
202104,서울특별시,강동구,50,264
202104,서울특별시,강동구,51,245
202104,서울특별시,강동구,52,257
202104,서울특별시,강동구,53,274
202104,서울특별시,강동구,54,278
202104,서울특별시,강동구,55,266
202104,서울특별시,강동구,56,277
202104,서울특별시,강동구,57,302
202104,서울특별시,강동구,58,304
202104,서울특별시,강동구,59,293
202104,서울특별시,강동구,60,335
202104,서울특별시,강동구,61,339
202104,서울특별시,강동구,62,315
202104,서울특별시,강동구,63,284
202104,서울특별시,강동구,64,291
202104,서울특별시,강동구,65,332
202104,서울특별시,강동구,66,384
202104,서울특별시,강동구,67,293
202104,서울특별시,강동구,68,314
202104,서울특별시,강동구,69,211
202104,서울특별시,강동구,70,251
202104,서울특별시,강동구,71,277
202104,서울특별시,강동구,72,236
202104,서울특별시,강동구,73,254
202104,서울특별시,강동구,74,228
202104,서울특별시,강동구,75,164
202104,서울특별시,강동구,76,199
202104,서울특별시,강동구,77,185
202104,서울특별시,강동구,78,256
202104,서울특별시,강동구,79,236
202104,서울특별시,강동구,80,182
202104,서울특별시,강동구,81,194
202104,서울특별시,강동구,82,183
202104,서울특별시,강동구,83,159
202104,서울특별시,강동구,84,133
202104,서울특별시,강동구,85,124
202104,서울특별시,강동구,86,126
202104,서울특별시,강동구,87,103
202104,서울특별시,강동구,88,73
202104,서울특별시,강동구,89,65
202104,서울특별시,강동구,90,61
202104,서울특별시,강동구,91,48
202104,서울특별시,강동구,92,48
202104,서울특별시,강동구,93,28
202104,서울특별시,강동구,94,32
202104,서울특별시,강동구,95,17
202104,서울특별시,강동구,96,11
202104,서울특별시,강동구,97,14
202104,서울특별시,강동구,98,3
202104,서울특별시,강동구,99,4
202104,서울특별시,강동구,100,3
202104,서울특별시,강동구,101,5
202104,서울특별시,강동구,102,3
202104,서울특별시,강동구,104,2
202104,부산광역시,중구,1,4
202104,부산광역시,중구,2,2
202104,부산광역시,중구,3,5
202104,부산광역시,중구,4,9
202104,부산광역시,중구,5,8
202104,부산광역시,중구,6,9
202104,부산광역시,중구,7,19
202104,부산광역시,중구,8,15
202104,부산광역시,중구,9,16
202104,부산광역시,중구,10,20
202104,부산광역시,중구,11,18
202104,부산광역시,중구,12,30
202104,부산광역시,중구,13,28
202104,부산광역시,중구,14,23
202104,부산광역시,중구,15,29
202104,부산광역시,중구,16,28
202104,부산광역시,중구,17,42
202104,부산광역시,중구,18,31
202104,부산광역시,중구,19,27
202104,부산광역시,중구,20,30
202104,부산광역시,중구,21,37
202104,부산광역시,중구,22,37
202104,부산광역시,중구,23,30
202104,부산광역시,중구,24,21
202104,부산광역시,중구,25,14
202104,부산광역시,중구,26,12
202104,부산광역시,중구,27,8
202104,부산광역시,중구,28,10
202104,부산광역시,중구,29,1
202104,부산광역시,중구,30,7
202104,부산광역시,중구,31,8
202104,부산광역시,중구,32,6
202104,부산광역시,중구,33,6
202104,부산광역시,중구,34,11
202104,부산광역시,중구,35,7
202104,부산광역시,중구,36,12
202104,부산광역시,중구,37,7
202104,부산광역시,중구,38,23
202104,부산광역시,중구,39,21
202104,부산광역시,중구,40,19
202104,부산광역시,중구,41,17
202104,부산광역시,중구,42,24
202104,부산광역시,중구,43,29
202104,부산광역시,중구,44,26
202104,부산광역시,중구,45,27
202104,부산광역시,중구,46,36
202104,부산광역시,중구,47,40
202104,부산광역시,중구,48,53
202104,부산광역시,중구,49,46
202104,부산광역시,중구,50,46
202104,부산광역시,중구,51,52
202104,부산광역시,중구,52,54
202104,부산광역시,중구,53,70
202104,부산광역시,중구,54,70
202104,부산광역시,중구,55,54
202104,부산광역시,중구,56,75
202104,부산광역시,중구,57,66
202104,부산광역시,중구,58,62
202104,부산광역시,중구,59,94
202104,부산광역시,중구,60,75
202104,부산광역시,중구,61,80
202104,부산광역시,중구,62,94
202104,부산광역시,중구,63,107
202104,부산광역시,중구,64,93
202104,부산광역시,중구,65,102
202104,부산광역시,중구,66,106
202104,부산광역시,중구,67,96
202104,부산광역시,중구,68,110
202104,부산광역시,중구,69,92
202104,부산광역시,중구,70,86
202104,부산광역시,중구,71,87
202104,부산광역시,중구,72,75
202104,부산광역시,중구,73,84
202104,부산광역시,중구,74,76
202104,부산광역시,중구,75,58
202104,부산광역시,중구,76,79
202104,부산광역시,중구,77,72
202104,부산광역시,중구,78,76
202104,부산광역시,중구,79,86
202104,부산광역시,중구,80,54
202104,부산광역시,중구,81,58
202104,부산광역시,중구,82,68
202104,부산광역시,중구,83,55
202104,부산광역시,중구,84,34
202104,부산광역시,중구,85,44
202104,부산광역시,중구,86,34
202104,부산광역시,중구,87,27
202104,부산광역시,중구,88,22
202104,부산광역시,중구,89,24
202104,부산광역시,중구,90,9
202104,부산광역시,중구,91,13
202104,부산광역시,중구,92,10
202104,부산광역시,중구,93,9
202104,부산광역시,중구,94,7
202104,부산광역시,중구,95,2
202104,부산광역시,중구,97,8
202104,부산광역시,중구,110,1
202104,부산광역시,서구,0,2
202104,부산광역시,서구,1,2
202104,부산광역시,서구,2,11
202104,부산광역시,서구,3,15
202104,부산광역시,서구,4,13
202104,부산광역시,서구,5,26
202104,부산광역시,서구,6,40
202104,부산광역시,서구,7,33
202104,부산광역시,서구,8,50
202104,부산광역시,서구,9,65
202104,부산광역시,서구,10,60
202104,부산광역시,서구,11,64
202104,부산광역시,서구,12,65
202104,부산광역시,서구,13,71
202104,부산광역시,서구,14,83
202104,부산광역시,서구,15,72
202104,부산광역시,서구,16,91
202104,부산광역시,서구,17,110
202104,부산광역시,서구,18,96
202104,부산광역시,서구,19,80
202104,부산광역시,서구,20,75
202104,부산광역시,서구,21,86
202104,부산광역시,서구,22,61
202104,부산광역시,서구,23,64
202104,부산광역시,서구,24,46
202104,부산광역시,서구,25,33
202104,부산광역시,서구,26,33
202104,부산광역시,서구,27,26
202104,부산광역시,서구,28,20
202104,부산광역시,서구,29,13
202104,부산광역시,서구,30,19
202104,부산광역시,서구,31,22
202104,부산광역시,서구,32,14
202104,부산광역시,서구,33,15
202104,부산광역시,서구,34,23
202104,부산광역시,서구,35,24
202104,부산광역시,서구,36,24
202104,부산광역시,서구,37,40
202104,부산광역시,서구,38,40
202104,부산광역시,서구,39,35
202104,부산광역시,서구,40,56
202104,부산광역시,서구,41,53
202104,부산광역시,서구,42,62
202104,부산광역시,서구,43,62
202104,부산광역시,서구,44,71
202104,부산광역시,서구,45,83
202104,부산광역시,서구,46,100
202104,부산광역시,서구,47,107
202104,부산광역시,서구,48,109
202104,부산광역시,서구,49,111
202104,부산광역시,서구,50,113
202104,부산광역시,서구,51,133
202104,부산광역시,서구,52,140
202104,부산광역시,서구,53,111
202104,부산광역시,서구,54,133
202104,부산광역시,서구,55,142
202104,부산광역시,서구,56,143
202104,부산광역시,서구,57,139
202104,부산광역시,서구,58,165
202104,부산광역시,서구,59,169
202104,부산광역시,서구,60,194
202104,부산광역시,서구,61,175
202104,부산광역시,서구,62,206
202104,부산광역시,서구,63,208
202104,부산광역시,서구,64,204
202104,부산광역시,서구,65,207
202104,부산광역시,서구,66,242
202104,부산광역시,서구,67,222
202104,부산광역시,서구,68,219
202104,부산광역시,서구,69,200
202104,부산광역시,서구,70,190
202104,부산광역시,서구,71,193
202104,부산광역시,서구,72,162
202104,부산광역시,서구,73,201
202104,부산광역시,서구,74,182
202104,부산광역시,서구,75,152
202104,부산광역시,서구,76,163
202104,부산광역시,서구,77,179
202104,부산광역시,서구,78,217
202104,부산광역시,서구,79,192
202104,부산광역시,서구,80,163
202104,부산광역시,서구,81,159
202104,부산광역시,서구,82,165
202104,부산광역시,서구,83,103
202104,부산광역시,서구,84,135
202104,부산광역시,서구,85,127
202104,부산광역시,서구,86,93
202104,부산광역시,서구,87,89
202104,부산광역시,서구,88,61
202104,부산광역시,서구,89,45
202104,부산광역시,서구,90,32
202104,부산광역시,서구,91,25
202104,부산광역시,서구,92,24
202104,부산광역시,서구,93,26
202104,부산광역시,서구,94,7
202104,부산광역시,서구,95,13
202104,부산광역시,서구,96,2
202104,부산광역시,서구,97,5
202104,부산광역시,서구,98,5
202104,부산광역시,서구,99,2
202104,부산광역시,서구,101,5
202104,부산광역시,서구,103,2
202104,부산광역시,동구,1,7
202104,부산광역시,동구,2,14
202104,부산광역시,동구,3,11
202104,부산광역시,동구,4,27
202104,부산광역시,동구,5,29
202104,부산광역시,동구,6,39
202104,부산광역시,동구,7,43
202104,부산광역시,동구,8,56
202104,부산광역시,동구,9,81
202104,부산광역시,동구,10,72
202104,부산광역시,동구,11,78
202104,부산광역시,동구,12,76
202104,부산광역시,동구,13,96
202104,부산광역시,동구,14,90
202104,부산광역시,동구,15,90
202104,부산광역시,동구,16,87
202104,부산광역시,동구,17,104
202104,부산광역시,동구,18,94
202104,부산광역시,동구,19,92
202104,부산광역시,동구,20,83
202104,부산광역시,동구,21,63
202104,부산광역시,동구,22,78
202104,부산광역시,동구,23,78
202104,부산광역시,동구,24,61
202104,부산광역시,동구,25,39
202104,부산광역시,동구,26,41
202104,부산광역시,동구,27,27
202104,부산광역시,동구,28,19
202104,부산광역시,동구,29,14
202104,부산광역시,동구,30,27
202104,부산광역시,동구,31,22
202104,부산광역시,동구,32,23
202104,부산광역시,동구,33,20
202104,부산광역시,동구,34,22
202104,부산광역시,동구,35,31
202104,부산광역시,동구,36,37
202104,부산광역시,동구,37,36
202104,부산광역시,동구,38,32
202104,부산광역시,동구,39,49
202104,부산광역시,동구,40,64
202104,부산광역시,동구,41,55
202104,부산광역시,동구,42,63
202104,부산광역시,동구,43,73
202104,부산광역시,동구,44,74
202104,부산광역시,동구,45,85
202104,부산광역시,동구,46,78
202104,부산광역시,동구,47,142
202104,부산광역시,동구,48,113
202104,부산광역시,동구,49,139
202104,부산광역시,동구,50,134
202104,부산광역시,동구,51,157
202104,부산광역시,동구,52,163
202104,부산광역시,동구,53,141
202104,부산광역시,동구,54,134
202104,부산광역시,동구,55,149
202104,부산광역시,동구,56,145
202104,부산광역시,동구,57,159
202104,부산광역시,동구,58,169
202104,부산광역시,동구,59,177
202104,부산광역시,동구,60,217
202104,부산광역시,동구,61,223
202104,부산광역시,동구,62,177
202104,부산광역시,동구,63,219
202104,부산광역시,동구,64,224
202104,부산광역시,동구,65,224
202104,부산광역시,동구,66,221
202104,부산광역시,동구,67,203
202104,부산광역시,동구,68,220
202104,부산광역시,동구,69,192
202104,부산광역시,동구,70,174
202104,부산광역시,동구,71,172
202104,부산광역시,동구,72,182
202104,부산광역시,동구,73,209
202104,부산광역시,동구,74,185
202104,부산광역시,동구,75,122
202104,부산광역시,동구,76,188
202104,부산광역시,동구,77,164
202104,부산광역시,동구,78,223
202104,부산광역시,동구,79,188
202104,부산광역시,동구,80,181
202104,부산광역시,동구,81,168
202104,부산광역시,동구,82,167
202104,부산광역시,동구,83,141
202104,부산광역시,동구,84,128
202104,부산광역시,동구,85,139
202104,부산광역시,동구,86,84
202104,부산광역시,동구,87,66
202104,부산광역시,동구,88,63
202104,부산광역시,동구,89,71
202104,부산광역시,동구,90,34
202104,부산광역시,동구,91,26
202104,부산광역시,동구,92,34
202104,부산광역시,동구,93,20
202104,부산광역시,동구,94,11
202104,부산광역시,동구,95,12
202104,부산광역시,동구,96,1
202104,부산광역시,동구,97,3
202104,부산광역시,동구,98,3
202104,부산광역시,동구,99,3
202104,부산광역시,동구,104,1
202104,부산광역시,동구,111,1
202104,부산광역시,영도구,0,5
202104,부산광역시,영도구,1,11
202104,부산광역시,영도구,2,17
202104,부산광역시,영도구,3,23
202104,부산광역시,영도구,4,20
202104,부산광역시,영도구,5,33
202104,부산광역시,영도구,6,55
202104,부산광역시,영도구,7,65
202104,부산광역시,영도구,8,81
202104,부산광역시,영도구,9,77
202104,부산광역시,영도구,10,92
202104,부산광역시,영도구,11,76
202104,부산광역시,영도구,12,90
202104,부산광역시,영도구,13,101
202104,부산광역시,영도구,14,117
202104,부산광역시,영도구,15,124
202104,부산광역시,영도구,16,118
202104,부산광역시,영도구,17,145
202104,부산광역시,영도구,18,110
202104,부산광역시,영도구,19,100
202104,부산광역시,영도구,20,87
202104,부산광역시,영도구,21,85
202104,부산광역시,영도구,22,82
202104,부산광역시,영도구,23,75
202104,부산광역시,영도구,24,61
202104,부산광역시,영도구,25,47
202104,부산광역시,영도구,26,53
202104,부산광역시,영도구,27,23
202104,부산광역시,영도구,28,34
202104,부산광역시,영도구,29,25
202104,부산광역시,영도구,30,17
202104,부산광역시,영도구,31,27
202104,부산광역시,영도구,32,24
202104,부산광역시,영도구,33,25
202104,부산광역시,영도구,34,24
202104,부산광역시,영도구,35,30
202104,부산광역시,영도구,36,42
202104,부산광역시,영도구,37,47
202104,부산광역시,영도구,38,46
202104,부산광역시,영도구,39,55
202104,부산광역시,영도구,40,87
202104,부산광역시,영도구,41,73
202104,부산광역시,영도구,42,73
202104,부산광역시,영도구,43,68
202104,부산광역시,영도구,44,97
202104,부산광역시,영도구,45,116
202104,부산광역시,영도구,46,102
202104,부산광역시,영도구,47,145
202104,부산광역시,영도구,48,137
202104,부산광역시,영도구,49,171
202104,부산광역시,영도구,50,168
202104,부산광역시,영도구,51,159
202104,부산광역시,영도구,52,187
202104,부산광역시,영도구,53,176
202104,부산광역시,영도구,54,225
202104,부산광역시,영도구,55,211
202104,부산광역시,영도구,56,167
202104,부산광역시,영도구,57,191
202104,부산광역시,영도구,58,253
202104,부산광역시,영도구,59,216
202104,부산광역시,영도구,60,275
202104,부산광역시,영도구,61,266
202104,부산광역시,영도구,62,258
202104,부산광역시,영도구,63,258
202104,부산광역시,영도구,64,239
202104,부산광역시,영도구,65,294
202104,부산광역시,영도구,66,347
202104,부산광역시,영도구,67,250
202104,부산광역시,영도구,68,235
202104,부산광역시,영도구,69,235
202104,부산광역시,영도구,70,204
202104,부산광역시,영도구,71,247
202104,부산광역시,영도구,72,237
202104,부산광역시,영도구,73,265
202104,부산광역시,영도구,74,241
202104,부산광역시,영도구,75,160
202104,부산광역시,영도구,76,243
202104,부산광역시,영도구,77,243
202104,부산광역시,영도구,78,292
202104,부산광역시,영도구,79,238
202104,부산광역시,영도구,80,224
202104,부산광역시,영도구,81,229
202104,부산광역시,영도구,82,187
202104,부산광역시,영도구,83,166
202104,부산광역시,영도구,84,174
202104,부산광역시,영도구,85,153
202104,부산광역시,영도구,86,126
202104,부산광역시,영도구,87,93
202104,부산광역시,영도구,88,86
202104,부산광역시,영도구,89,52
202104,부산광역시,영도구,90,36
202104,부산광역시,영도구,91,39
202104,부산광역시,영도구,92,21
202104,부산광역시,영도구,93,17
202104,부산광역시,영도구,94,21
202104,부산광역시,영도구,95,16
202104,부산광역시,영도구,96,7
202104,부산광역시,영도구,97,5
202104,부산광역시,영도구,98,7
202104,부산광역시,영도구,99,5
202104,부산광역시,영도구,100,2
202104,부산광역시,영도구,101,2
202104,부산광역시,영도구,104,2
202104,부산광역시,부산진구,0,23
202104,부산광역시,부산진구,1,21
202104,부산광역시,부산진구,2,38
202104,부산광역시,부산진구,3,47
202104,부산광역시,부산진구,4,45
202104,부산광역시,부산진구,5,81
202104,부산광역시,부산진구,6,110
202104,부산광역시,부산진구,7,125
202104,부산광역시,부산진구,8,162
202104,부산광역시,부산진구,9,141
202104,부산광역시,부산진구,10,166
202104,부산광역시,부산진구,11,157
202104,부산광역시,부산진구,12,173
202104,부산광역시,부산진구,13,211
202104,부산광역시,부산진구,14,190
202104,부산광역시,부산진구,15,208
202104,부산광역시,부산진구,16,209
202104,부산광역시,부산진구,17,257
202104,부산광역시,부산진구,18,233
202104,부산광역시,부산진구,19,185
202104,부산광역시,부산진구,20,209
202104,부산광역시,부산진구,21,193
202104,부산광역시,부산진구,22,208
202104,부산광역시,부산진구,23,206
202104,부산광역시,부산진구,24,166
202104,부산광역시,부산진구,25,158
202104,부산광역시,부산진구,26,96
202104,부산광역시,부산진구,27,74
202104,부산광역시,부산진구,28,60
202104,부산광역시,부산진구,29,69
202104,부산광역시,부산진구,30,70
202104,부산광역시,부산진구,31,83
202104,부산광역시,부산진구,32,83
202104,부산광역시,부산진구,33,84
202104,부산광역시,부산진구,34,84
202104,부산광역시,부산진구,35,91
202104,부산광역시,부산진구,36,103
202104,부산광역시,부산진구,37,118
202104,부산광역시,부산진구,38,120
202104,부산광역시,부산진구,39,150
202104,부산광역시,부산진구,40,151
202104,부산광역시,부산진구,41,174
202104,부산광역시,부산진구,42,138
202104,부산광역시,부산진구,43,136
202104,부산광역시,부산진구,44,181
202104,부산광역시,부산진구,45,178
202104,부산광역시,부산진구,46,226
202104,부산광역시,부산진구,47,279
202104,부산광역시,부산진구,48,262
202104,부산광역시,부산진구,49,313
202104,부산광역시,부산진구,50,309
202104,부산광역시,부산진구,51,321
202104,부산광역시,부산진구,52,333
202104,부산광역시,부산진구,53,326
202104,부산광역시,부산진구,54,324
202104,부산광역시,부산진구,55,345
202104,부산광역시,부산진구,56,356
202104,부산광역시,부산진구,57,327
202104,부산광역시,부산진구,58,430
202104,부산광역시,부산진구,59,389
202104,부산광역시,부산진구,60,409
202104,부산광역시,부산진구,61,442
202104,부산광역시,부산진구,62,435
202104,부산광역시,부산진구,63,451
202104,부산광역시,부산진구,64,462
202104,부산광역시,부산진구,65,455
202104,부산광역시,부산진구,66,528
202104,부산광역시,부산진구,67,389
202104,부산광역시,부산진구,68,441
202104,부산광역시,부산진구,69,384
202104,부산광역시,부산진구,70,344
202104,부산광역시,부산진구,71,410
202104,부산광역시,부산진구,72,378
202104,부산광역시,부산진구,73,391
202104,부산광역시,부산진구,74,367
202104,부산광역시,부산진구,75,252
202104,부산광역시,부산진구,76,307
202104,부산광역시,부산진구,77,321
202104,부산광역시,부산진구,78,390
202104,부산광역시,부산진구,79,387
202104,부산광역시,부산진구,80,315
202104,부산광역시,부산진구,81,346
202104,부산광역시,부산진구,82,287
202104,부산광역시,부산진구,83,237
202104,부산광역시,부산진구,84,238
202104,부산광역시,부산진구,85,209
202104,부산광역시,부산진구,86,193
202104,부산광역시,부산진구,87,180
202104,부산광역시,부산진구,88,122
202104,부산광역시,부산진구,89,111
202104,부산광역시,부산진구,90,74
202104,부산광역시,부산진구,91,55
202104,부산광역시,부산진구,92,51
202104,부산광역시,부산진구,93,42
202104,부산광역시,부산진구,94,31
202104,부산광역시,부산진구,95,8
202104,부산광역시,부산진구,96,13
202104,부산광역시,부산진구,97,9
202104,부산광역시,부산진구,98,3
202104,부산광역시,부산진구,99,7
202104,부산광역시,부산진구,100,2
202104,부산광역시,부산진구,101,3
202104,부산광역시,부산진구,102,1
202104,부산광역시,부산진구,103,1
202104,부산광역시,부산진구,105,1
202104,부산광역시,부산진구,106,1
202104,부산광역시,부산진구,109,1
202104,부산광역시,동래구,0,10
202104,부산광역시,동래구,1,22
202104,부산광역시,동래구,2,23
202104,부산광역시,동래구,3,23
202104,부산광역시,동래구,4,40
202104,부산광역시,동래구,5,42
202104,부산광역시,동래구,6,69
202104,부산광역시,동래구,7,75
202104,부산광역시,동래구,8,93
202104,부산광역시,동래구,9,84
202104,부산광역시,동래구,10,109
202104,부산광역시,동래구,11,83
202104,부산광역시,동래구,12,103
202104,부산광역시,동래구,13,128
202104,부산광역시,동래구,14,135
202104,부산광역시,동래구,15,122
202104,부산광역시,동래구,16,140
202104,부산광역시,동래구,17,167
202104,부산광역시,동래구,18,147
202104,부산광역시,동래구,19,120
202104,부산광역시,동래구,20,135
202104,부산광역시,동래구,21,114
202104,부산광역시,동래구,22,108
202104,부산광역시,동래구,23,103
202104,부산광역시,동래구,24,100
202104,부산광역시,동래구,25,68
202104,부산광역시,동래구,26,45
202104,부산광역시,동래구,27,42
202104,부산광역시,동래구,28,35
202104,부산광역시,동래구,29,40
202104,부산광역시,동래구,30,30
202104,부산광역시,동래구,31,39
202104,부산광역시,동래구,32,46
202104,부산광역시,동래구,33,32
202104,부산광역시,동래구,34,43
202104,부산광역시,동래구,35,34
202104,부산광역시,동래구,36,42
202104,부산광역시,동래구,37,54
202104,부산광역시,동래구,38,70
202104,부산광역시,동래구,39,79
202104,부산광역시,동래구,40,89
202104,부산광역시,동래구,41,94
202104,부산광역시,동래구,42,88
202104,부산광역시,동래구,43,108
202104,부산광역시,동래구,44,87
202104,부산광역시,동래구,45,116
202104,부산광역시,동래구,46,129
202104,부산광역시,동래구,47,124
202104,부산광역시,동래구,48,159
202104,부산광역시,동래구,49,163
202104,부산광역시,동래구,50,174
202104,부산광역시,동래구,51,154
202104,부산광역시,동래구,52,190
202104,부산광역시,동래구,53,136
202104,부산광역시,동래구,54,174
202104,부산광역시,동래구,55,182
202104,부산광역시,동래구,56,175
202104,부산광역시,동래구,57,156
202104,부산광역시,동래구,58,215
202104,부산광역시,동래구,59,219
202104,부산광역시,동래구,60,239
202104,부산광역시,동래구,61,221
202104,부산광역시,동래구,62,207
202104,부산광역시,동래구,63,196
202104,부산광역시,동래구,64,227
202104,부산광역시,동래구,65,256
202104,부산광역시,동래구,66,248
202104,부산광역시,동래구,67,237
202104,부산광역시,동래구,68,229
202104,부산광역시,동래구,69,203
202104,부산광역시,동래구,70,182
202104,부산광역시,동래구,71,185
202104,부산광역시,동래구,72,186
202104,부산광역시,동래구,73,169
202104,부산광역시,동래구,74,154
202104,부산광역시,동래구,75,142
202104,부산광역시,동래구,76,164
202104,부산광역시,동래구,77,182
202104,부산광역시,동래구,78,187
202104,부산광역시,동래구,79,162
202104,부산광역시,동래구,80,163
202104,부산광역시,동래구,81,159
202104,부산광역시,동래구,82,150
202104,부산광역시,동래구,83,111
202104,부산광역시,동래구,84,113
202104,부산광역시,동래구,85,114
202104,부산광역시,동래구,86,108
202104,부산광역시,동래구,87,63
202104,부산광역시,동래구,88,70
202104,부산광역시,동래구,89,48
202104,부산광역시,동래구,90,44
202104,부산광역시,동래구,91,27
202104,부산광역시,동래구,92,24
202104,부산광역시,동래구,93,21
202104,부산광역시,동래구,94,6
202104,부산광역시,동래구,95,10
202104,부산광역시,동래구,96,5
202104,부산광역시,동래구,97,4
202104,부산광역시,동래구,98,2
202104,부산광역시,동래구,99,1
202104,부산광역시,동래구,100,2
202104,부산광역시,동래구,101,2
202104,부산광역시,동래구,102,1
202104,부산광역시,동래구,104,1
202104,부산광역시,남구,0,6
202104,부산광역시,남구,1,15
202104,부산광역시,남구,2,16
202104,부산광역시,남구,3,29
202104,부산광역시,남구,4,23
202104,부산광역시,남구,5,39
202104,부산광역시,남구,6,53
202104,부산광역시,남구,7,88
202104,부산광역시,남구,8,78
202104,부산광역시,남구,9,91
202104,부산광역시,남구,10,107
202104,부산광역시,남구,11,101
202104,부산광역시,남구,12,115
202104,부산광역시,남구,13,129
202104,부산광역시,남구,14,120
202104,부산광역시,남구,15,128
202104,부산광역시,남구,16,140
202104,부산광역시,남구,17,159
202104,부산광역시,남구,18,131
202104,부산광역시,남구,19,107
202104,부산광역시,남구,20,111
202104,부산광역시,남구,21,106
202104,부산광역시,남구,22,96
202104,부산광역시,남구,23,87
202104,부산광역시,남구,24,95
202104,부산광역시,남구,25,56
202104,부산광역시,남구,26,40
202104,부산광역시,남구,27,39
202104,부산광역시,남구,28,32
202104,부산광역시,남구,29,31
202104,부산광역시,남구,30,34
202104,부산광역시,남구,31,32
202104,부산광역시,남구,32,24
202104,부산광역시,남구,33,36
202104,부산광역시,남구,34,26
202104,부산광역시,남구,35,42
202104,부산광역시,남구,36,27
202104,부산광역시,남구,37,50
202104,부산광역시,남구,38,72
202104,부산광역시,남구,39,70
202104,부산광역시,남구,40,69
202104,부산광역시,남구,41,91
202104,부산광역시,남구,42,110
202104,부산광역시,남구,43,78
202104,부산광역시,남구,44,104
202104,부산광역시,남구,45,105
202104,부산광역시,남구,46,126
202104,부산광역시,남구,47,137
202104,부산광역시,남구,48,169
202104,부산광역시,남구,49,205
202104,부산광역시,남구,50,154
202104,부산광역시,남구,51,189
202104,부산광역시,남구,52,203
202104,부산광역시,남구,53,188
202104,부산광역시,남구,54,171
202104,부산광역시,남구,55,165
202104,부산광역시,남구,56,165
202104,부산광역시,남구,57,153
202104,부산광역시,남구,58,196
202104,부산광역시,남구,59,186
202104,부산광역시,남구,60,229
202104,부산광역시,남구,61,204
202104,부산광역시,남구,62,190
202104,부산광역시,남구,63,218
202104,부산광역시,남구,64,206
202104,부산광역시,남구,65,237
202104,부산광역시,남구,66,268
202104,부산광역시,남구,67,199
202104,부산광역시,남구,68,215
202104,부산광역시,남구,69,185
202104,부산광역시,남구,70,195
202104,부산광역시,남구,71,210
202104,부산광역시,남구,72,170
202104,부산광역시,남구,73,199
202104,부산광역시,남구,74,208
202104,부산광역시,남구,75,185
202104,부산광역시,남구,76,187
202104,부산광역시,남구,77,210
202104,부산광역시,남구,78,243
202104,부산광역시,남구,79,216
202104,부산광역시,남구,80,202
202104,부산광역시,남구,81,202
202104,부산광역시,남구,82,172
202104,부산광역시,남구,83,156
202104,부산광역시,남구,84,130
202104,부산광역시,남구,85,137
202104,부산광역시,남구,86,141
202104,부산광역시,남구,87,96
202104,부산광역시,남구,88,68
202104,부산광역시,남구,89,51
202104,부산광역시,남구,90,48
202104,부산광역시,남구,91,39
202104,부산광역시,남구,92,39
202104,부산광역시,남구,93,26
202104,부산광역시,남구,94,17
202104,부산광역시,남구,95,17
202104,부산광역시,남구,96,6
202104,부산광역시,남구,97,3
202104,부산광역시,남구,98,2
202104,부산광역시,남구,99,3
202104,부산광역시,남구,100,3
202104,부산광역시,남구,101,3
202104,부산광역시,남구,106,1
202104,부산광역시,북구,0,22
202104,부산광역시,북구,1,24
202104,부산광역시,북구,2,23
202104,부산광역시,북구,3,41
202104,부산광역시,북구,4,64
202104,부산광역시,북구,5,74
202104,부산광역시,북구,6,90
202104,부산광역시,북구,7,116
202104,부산광역시,북구,8,151
202104,부산광역시,북구,9,164
202104,부산광역시,북구,10,158
202104,부산광역시,북구,11,159
202104,부산광역시,북구,12,183
202104,부산광역시,북구,13,193
202104,부산광역시,북구,14,177
202104,부산광역시,북구,15,215
202104,부산광역시,북구,16,205
202104,부산광역시,북구,17,251
202104,부산광역시,북구,18,210
202104,부산광역시,북구,19,182
202104,부산광역시,북구,20,221
202104,부산광역시,북구,21,184
202104,부산광역시,북구,22,219
202104,부산광역시,북구,23,175
202104,부산광역시,북구,24,165
202104,부산광역시,북구,25,111
202104,부산광역시,북구,26,95
202104,부산광역시,북구,27,80
202104,부산광역시,북구,28,83
202104,부산광역시,북구,29,67
202104,부산광역시,북구,30,72
202104,부산광역시,북구,31,82
202104,부산광역시,북구,32,61
202104,부산광역시,북구,33,71
202104,부산광역시,북구,34,65
202104,부산광역시,북구,35,75
202104,부산광역시,북구,36,68
202104,부산광역시,북구,37,99
202104,부산광역시,북구,38,115
202104,부산광역시,북구,39,130
202104,부산광역시,북구,40,137
202104,부산광역시,북구,41,146
202104,부산광역시,북구,42,152
202104,부산광역시,북구,43,145
202104,부산광역시,북구,44,180
202104,부산광역시,북구,45,179
202104,부산광역시,북구,46,217
202104,부산광역시,북구,47,235
202104,부산광역시,북구,48,292
202104,부산광역시,북구,49,284
202104,부산광역시,북구,50,312
202104,부산광역시,북구,51,319
202104,부산광역시,북구,52,377
202104,부산광역시,북구,53,334
202104,부산광역시,북구,54,364
202104,부산광역시,북구,55,345
202104,부산광역시,북구,56,361
202104,부산광역시,북구,57,334
202104,부산광역시,북구,58,468
202104,부산광역시,북구,59,415
202104,부산광역시,북구,60,498
202104,부산광역시,북구,61,463
202104,부산광역시,북구,62,466
202104,부산광역시,북구,63,447
202104,부산광역시,북구,64,465
202104,부산광역시,북구,65,472
202104,부산광역시,북구,66,495
202104,부산광역시,북구,67,401
202104,부산광역시,북구,68,426
202104,부산광역시,북구,69,362
202104,부산광역시,북구,70,342
202104,부산광역시,북구,71,343
202104,부산광역시,북구,72,374
202104,부산광역시,북구,73,351
202104,부산광역시,북구,74,358
202104,부산광역시,북구,75,251
202104,부산광역시,북구,76,301
202104,부산광역시,북구,77,329
202104,부산광역시,북구,78,449
202104,부산광역시,북구,79,373
202104,부산광역시,북구,80,351
202104,부산광역시,북구,81,333
202104,부산광역시,북구,82,293
202104,부산광역시,북구,83,243
202104,부산광역시,북구,84,272
202104,부산광역시,북구,85,210
202104,부산광역시,북구,86,220
202104,부산광역시,북구,87,161
202104,부산광역시,북구,88,123
202104,부산광역시,북구,89,124
202104,부산광역시,북구,90,86
202104,부산광역시,북구,91,44
202104,부산광역시,북구,92,40
202104,부산광역시,북구,93,42
202104,부산광역시,북구,94,15
202104,부산광역시,북구,95,23
202104,부산광역시,북구,96,12
202104,부산광역시,북구,97,15
202104,부산광역시,북구,98,4
202104,부산광역시,북구,99,6
202104,부산광역시,북구,100,3
202104,부산광역시,북구,102,1
202104,부산광역시,북구,103,1
202104,부산광역시,북구,104,1
202104,부산광역시,북구,106,1
202104,부산광역시,해운대구,0,15
202104,부산광역시,해운대구,1,32
202104,부산광역시,해운대구,2,34
202104,부산광역시,해운대구,3,55
202104,부산광역시,해운대구,4,50
202104,부산광역시,해운대구,5,69
202104,부산광역시,해운대구,6,111
202104,부산광역시,해운대구,7,130
202104,부산광역시,해운대구,8,178
202104,부산광역시,해운대구,9,152
202104,부산광역시,해운대구,10,200
202104,부산광역시,해운대구,11,171
202104,부산광역시,해운대구,12,205
202104,부산광역시,해운대구,13,235
202104,부산광역시,해운대구,14,215
202104,부산광역시,해운대구,15,220
202104,부산광역시,해운대구,16,249
202104,부산광역시,해운대구,17,302
202104,부산광역시,해운대구,18,259
202104,부산광역시,해운대구,19,212
202104,부산광역시,해운대구,20,206
202104,부산광역시,해운대구,21,177
202104,부산광역시,해운대구,22,181
202104,부산광역시,해운대구,23,153
202104,부산광역시,해운대구,24,154
202104,부산광역시,해운대구,25,127
202104,부산광역시,해운대구,26,99
202104,부산광역시,해운대구,27,78
202104,부산광역시,해운대구,28,70
202104,부산광역시,해운대구,29,63
202104,부산광역시,해운대구,30,64
202104,부산광역시,해운대구,31,69
202104,부산광역시,해운대구,32,50
202104,부산광역시,해운대구,33,56
202104,부산광역시,해운대구,34,82
202104,부산광역시,해운대구,35,72
202104,부산광역시,해운대구,36,93
202104,부산광역시,해운대구,37,104
202104,부산광역시,해운대구,38,128
202104,부산광역시,해운대구,39,161
202104,부산광역시,해운대구,40,157
202104,부산광역시,해운대구,41,163
202104,부산광역시,해운대구,42,178
202104,부산광역시,해운대구,43,179
202104,부산광역시,해운대구,44,182
202104,부산광역시,해운대구,45,200
202104,부산광역시,해운대구,46,239
202104,부산광역시,해운대구,47,266
202104,부산광역시,해운대구,48,291
202104,부산광역시,해운대구,49,330
202104,부산광역시,해운대구,50,349
202104,부산광역시,해운대구,51,344
202104,부산광역시,해운대구,52,298
202104,부산광역시,해운대구,53,300
202104,부산광역시,해운대구,54,294
202104,부산광역시,해운대구,55,313
202104,부산광역시,해운대구,56,324
202104,부산광역시,해운대구,57,255
202104,부산광역시,해운대구,58,352
202104,부산광역시,해운대구,59,341
202104,부산광역시,해운대구,60,398
202104,부산광역시,해운대구,61,391
202104,부산광역시,해운대구,62,366
202104,부산광역시,해운대구,63,360
202104,부산광역시,해운대구,64,384
202104,부산광역시,해운대구,65,442
202104,부산광역시,해운대구,66,473
202104,부산광역시,해운대구,67,382
202104,부산광역시,해운대구,68,444
202104,부산광역시,해운대구,69,352
202104,부산광역시,해운대구,70,320
202104,부산광역시,해운대구,71,345
202104,부산광역시,해운대구,72,365
202104,부산광역시,해운대구,73,342
202104,부산광역시,해운대구,74,358
202104,부산광역시,해운대구,75,221
202104,부산광역시,해운대구,76,343
202104,부산광역시,해운대구,77,339
202104,부산광역시,해운대구,78,429
202104,부산광역시,해운대구,79,359
202104,부산광역시,해운대구,80,341
202104,부산광역시,해운대구,81,319
202104,부산광역시,해운대구,82,303
202104,부산광역시,해운대구,83,287
202104,부산광역시,해운대구,84,245
202104,부산광역시,해운대구,85,208
202104,부산광역시,해운대구,86,178
202104,부산광역시,해운대구,87,150
202104,부산광역시,해운대구,88,117
202104,부산광역시,해운대구,89,107
202104,부산광역시,해운대구,90,63
202104,부산광역시,해운대구,91,67
202104,부산광역시,해운대구,92,49
202104,부산광역시,해운대구,93,46
202104,부산광역시,해운대구,94,29
202104,부산광역시,해운대구,95,20
202104,부산광역시,해운대구,96,16
202104,부산광역시,해운대구,97,9
202104,부산광역시,해운대구,98,13
202104,부산광역시,해운대구,99,8
202104,부산광역시,해운대구,100,1
202104,부산광역시,해운대구,101,2
202104,부산광역시,해운대구,102,1
202104,부산광역시,해운대구,111,1
202104,부산광역시,사하구,0,19
202104,부산광역시,사하구,1,44
202104,부산광역시,사하구,2,34
202104,부산광역시,사하구,3,53
202104,부산광역시,사하구,4,54
202104,부산광역시,사하구,5,83
202104,부산광역시,사하구,6,96
202104,부산광역시,사하구,7,132
202104,부산광역시,사하구,8,172
202104,부산광역시,사하구,9,182
202104,부산광역시,사하구,10,185
202104,부산광역시,사하구,11,150
202104,부산광역시,사하구,12,190
202104,부산광역시,사하구,13,264
202104,부산광역시,사하구,14,242
202104,부산광역시,사하구,15,227
202104,부산광역시,사하구,16,260
202104,부산광역시,사하구,17,260
202104,부산광역시,사하구,18,266
202104,부산광역시,사하구,19,208
202104,부산광역시,사하구,20,208
202104,부산광역시,사하구,21,184
202104,부산광역시,사하구,22,179
202104,부산광역시,사하구,23,189
202104,부산광역시,사하구,24,145
202104,부산광역시,사하구,25,126
202104,부산광역시,사하구,26,95
202104,부산광역시,사하구,27,76
202104,부산광역시,사하구,28,69
202104,부산광역시,사하구,29,38
202104,부산광역시,사하구,30,67
202104,부산광역시,사하구,31,54
202104,부산광역시,사하구,32,45
202104,부산광역시,사하구,33,68
202104,부산광역시,사하구,34,61
202104,부산광역시,사하구,35,67
202104,부산광역시,사하구,36,82
202104,부산광역시,사하구,37,114
202104,부산광역시,사하구,38,104
202104,부산광역시,사하구,39,165
202104,부산광역시,사하구,40,141
202104,부산광역시,사하구,41,179
202104,부산광역시,사하구,42,157
202104,부산광역시,사하구,43,149
202104,부산광역시,사하구,44,161
202104,부산광역시,사하구,45,214
202104,부산광역시,사하구,46,234
202104,부산광역시,사하구,47,255
202104,부산광역시,사하구,48,296
202104,부산광역시,사하구,49,285
202104,부산광역시,사하구,50,319
202104,부산광역시,사하구,51,319
202104,부산광역시,사하구,52,351
202104,부산광역시,사하구,53,335
202104,부산광역시,사하구,54,349
202104,부산광역시,사하구,55,324
202104,부산광역시,사하구,56,356
202104,부산광역시,사하구,57,369
202104,부산광역시,사하구,58,410
202104,부산광역시,사하구,59,425
202104,부산광역시,사하구,60,456
202104,부산광역시,사하구,61,439
202104,부산광역시,사하구,62,444
202104,부산광역시,사하구,63,411
202104,부산광역시,사하구,64,439
202104,부산광역시,사하구,65,435
202104,부산광역시,사하구,66,495
202104,부산광역시,사하구,67,370
202104,부산광역시,사하구,68,395
202104,부산광역시,사하구,69,380
202104,부산광역시,사하구,70,312
202104,부산광역시,사하구,71,358
202104,부산광역시,사하구,72,332
202104,부산광역시,사하구,73,376
202104,부산광역시,사하구,74,384
202104,부산광역시,사하구,75,241
202104,부산광역시,사하구,76,344
202104,부산광역시,사하구,77,336
202104,부산광역시,사하구,78,377
202104,부산광역시,사하구,79,372
202104,부산광역시,사하구,80,302
202104,부산광역시,사하구,81,328
202104,부산광역시,사하구,82,282
202104,부산광역시,사하구,83,250
202104,부산광역시,사하구,84,229
202104,부산광역시,사하구,85,180
202104,부산광역시,사하구,86,154
202104,부산광역시,사하구,87,138
202104,부산광역시,사하구,88,102
202104,부산광역시,사하구,89,68
202104,부산광역시,사하구,90,69
202104,부산광역시,사하구,91,72
202104,부산광역시,사하구,92,49
202104,부산광역시,사하구,93,37
202104,부산광역시,사하구,94,26
202104,부산광역시,사하구,95,29
202104,부산광역시,사하구,96,16
202104,부산광역시,사하구,97,10
202104,부산광역시,사하구,98,9
202104,부산광역시,사하구,99,1
202104,부산광역시,사하구,100,3
202104,부산광역시,사하구,101,1
202104,부산광역시,사하구,102,1
202104,부산광역시,금정구,0,12
202104,부산광역시,금정구,1,17
202104,부산광역시,금정구,2,21
202104,부산광역시,금정구,3,21
202104,부산광역시,금정구,4,26
202104,부산광역시,금정구,5,29
202104,부산광역시,금정구,6,42
202104,부산광역시,금정구,7,62
202104,부산광역시,금정구,8,69
202104,부산광역시,금정구,9,93
202104,부산광역시,금정구,10,85
202104,부산광역시,금정구,11,95
202104,부산광역시,금정구,12,101
202104,부산광역시,금정구,13,121
202104,부산광역시,금정구,14,113
202104,부산광역시,금정구,15,148
202104,부산광역시,금정구,16,131
202104,부산광역시,금정구,17,187
202104,부산광역시,금정구,18,155
202104,부산광역시,금정구,19,133
202104,부산광역시,금정구,20,138
202104,부산광역시,금정구,21,120
202104,부산광역시,금정구,22,130
202104,부산광역시,금정구,23,135
202104,부산광역시,금정구,24,102
202104,부산광역시,금정구,25,86
202104,부산광역시,금정구,26,66
202104,부산광역시,금정구,27,48
202104,부산광역시,금정구,28,36
202104,부산광역시,금정구,29,40
202104,부산광역시,금정구,30,40
202104,부산광역시,금정구,31,37
202104,부산광역시,금정구,32,45
202104,부산광역시,금정구,33,32
202104,부산광역시,금정구,34,36
202104,부산광역시,금정구,35,49
202104,부산광역시,금정구,36,43
202104,부산광역시,금정구,37,42
202104,부산광역시,금정구,38,47
202104,부산광역시,금정구,39,64
202104,부산광역시,금정구,40,85
202104,부산광역시,금정구,41,95
202104,부산광역시,금정구,42,77
202104,부산광역시,금정구,43,89
202104,부산광역시,금정구,44,100
202104,부산광역시,금정구,45,121
202104,부산광역시,금정구,46,127
202104,부산광역시,금정구,47,139
202104,부산광역시,금정구,48,193
202104,부산광역시,금정구,49,184
202104,부산광역시,금정구,50,184
202104,부산광역시,금정구,51,210
202104,부산광역시,금정구,52,202
202104,부산광역시,금정구,53,189
202104,부산광역시,금정구,54,205
202104,부산광역시,금정구,55,216
202104,부산광역시,금정구,56,209
202104,부산광역시,금정구,57,203
202104,부산광역시,금정구,58,258
202104,부산광역시,금정구,59,234
202104,부산광역시,금정구,60,256
202104,부산광역시,금정구,61,261
202104,부산광역시,금정구,62,271
202104,부산광역시,금정구,63,256
202104,부산광역시,금정구,64,235
202104,부산광역시,금정구,65,306
202104,부산광역시,금정구,66,297
202104,부산광역시,금정구,67,280
202104,부산광역시,금정구,68,250
202104,부산광역시,금정구,69,259
202104,부산광역시,금정구,70,189
202104,부산광역시,금정구,71,222
202104,부산광역시,금정구,72,235
202104,부산광역시,금정구,73,225
202104,부산광역시,금정구,74,242
202104,부산광역시,금정구,75,153
202104,부산광역시,금정구,76,223
202104,부산광역시,금정구,77,206
202104,부산광역시,금정구,78,240
202104,부산광역시,금정구,79,252
202104,부산광역시,금정구,80,201
202104,부산광역시,금정구,81,224
202104,부산광역시,금정구,82,167
202104,부산광역시,금정구,83,150
202104,부산광역시,금정구,84,142
202104,부산광역시,금정구,85,128
202104,부산광역시,금정구,86,125
202104,부산광역시,금정구,87,90
202104,부산광역시,금정구,88,78
202104,부산광역시,금정구,89,68
202104,부산광역시,금정구,90,54
202104,부산광역시,금정구,91,37
202104,부산광역시,금정구,92,42
202104,부산광역시,금정구,93,20
202104,부산광역시,금정구,94,8
202104,부산광역시,금정구,95,9
202104,부산광역시,금정구,96,7
202104,부산광역시,금정구,97,5
202104,부산광역시,금정구,98,3
202104,부산광역시,금정구,99,4
202104,부산광역시,금정구,101,1
202104,부산광역시,금정구,106,1
202104,부산광역시,강서구,0,9
202104,부산광역시,강서구,1,15
202104,부산광역시,강서구,2,22
202104,부산광역시,강서구,3,23
202104,부산광역시,강서구,4,27
202104,부산광역시,강서구,5,34
202104,부산광역시,강서구,6,43
202104,부산광역시,강서구,7,65
202104,부산광역시,강서구,8,59
202104,부산광역시,강서구,9,68
202104,부산광역시,강서구,10,50
202104,부산광역시,강서구,11,69
202104,부산광역시,강서구,12,62
202104,부산광역시,강서구,13,56
202104,부산광역시,강서구,14,40
202104,부산광역시,강서구,15,60
202104,부산광역시,강서구,16,56
202104,부산광역시,강서구,17,60
202104,부산광역시,강서구,18,40
202104,부산광역시,강서구,19,29
202104,부산광역시,강서구,20,20
202104,부산광역시,강서구,21,20
202104,부산광역시,강서구,22,28
202104,부산광역시,강서구,23,20
202104,부산광역시,강서구,24,17
202104,부산광역시,강서구,25,16
202104,부산광역시,강서구,26,13
202104,부산광역시,강서구,27,14
202104,부산광역시,강서구,28,11
202104,부산광역시,강서구,29,16
202104,부산광역시,강서구,30,13
202104,부산광역시,강서구,31,11
202104,부산광역시,강서구,32,14
202104,부산광역시,강서구,33,18
202104,부산광역시,강서구,34,16
202104,부산광역시,강서구,35,15
202104,부산광역시,강서구,36,22
202104,부산광역시,강서구,37,32
202104,부산광역시,강서구,38,41
202104,부산광역시,강서구,39,41
202104,부산광역시,강서구,40,41
202104,부산광역시,강서구,41,51
202104,부산광역시,강서구,42,35
202104,부산광역시,강서구,43,42
202104,부산광역시,강서구,44,35
202104,부산광역시,강서구,45,31
202104,부산광역시,강서구,46,50
202104,부산광역시,강서구,47,45
202104,부산광역시,강서구,48,47
202104,부산광역시,강서구,49,48
202104,부산광역시,강서구,50,39
202104,부산광역시,강서구,51,49
202104,부산광역시,강서구,52,47
202104,부산광역시,강서구,53,36
202104,부산광역시,강서구,54,55
202104,부산광역시,강서구,55,45
202104,부산광역시,강서구,56,53
202104,부산광역시,강서구,57,46
202104,부산광역시,강서구,58,52
202104,부산광역시,강서구,59,63
202104,부산광역시,강서구,60,74
202104,부산광역시,강서구,61,70
202104,부산광역시,강서구,62,59
202104,부산광역시,강서구,63,74
202104,부산광역시,강서구,64,79
202104,부산광역시,강서구,65,76
202104,부산광역시,강서구,66,97
202104,부산광역시,강서구,67,73
202104,부산광역시,강서구,68,84
202104,부산광역시,강서구,69,71
202104,부산광역시,강서구,70,53
202104,부산광역시,강서구,71,69
202104,부산광역시,강서구,72,79
202104,부산광역시,강서구,73,51
202104,부산광역시,강서구,74,59
202104,부산광역시,강서구,75,53
202104,부산광역시,강서구,76,63
202104,부산광역시,강서구,77,64
202104,부산광역시,강서구,78,76
202104,부산광역시,강서구,79,66
202104,부산광역시,강서구,80,46
202104,부산광역시,강서구,81,52
202104,부산광역시,강서구,82,55
202104,부산광역시,강서구,83,43
202104,부산광역시,강서구,84,33
202104,부산광역시,강서구,85,27
202104,부산광역시,강서구,86,26
202104,부산광역시,강서구,87,24
202104,부산광역시,강서구,88,18
202104,부산광역시,강서구,89,25
202104,부산광역시,강서구,90,16
202104,부산광역시,강서구,91,14
202104,부산광역시,강서구,92,12
202104,부산광역시,강서구,93,7
202104,부산광역시,강서구,94,3
202104,부산광역시,강서구,95,6
202104,부산광역시,강서구,96,5
202104,부산광역시,강서구,97,2
202104,부산광역시,강서구,98,2
202104,부산광역시,강서구,99,2
202104,부산광역시,강서구,100,1
202104,부산광역시,강서구,105,1
202104,부산광역시,연제구,0,6
202104,부산광역시,연제구,1,9
202104,부산광역시,연제구,2,23
202104,부산광역시,연제구,3,9
202104,부산광역시,연제구,4,27
202104,부산광역시,연제구,5,37
202104,부산광역시,연제구,6,50
202104,부산광역시,연제구,7,71
202104,부산광역시,연제구,8,77
202104,부산광역시,연제구,9,90
202104,부산광역시,연제구,10,96
202104,부산광역시,연제구,11,90
202104,부산광역시,연제구,12,95
202104,부산광역시,연제구,13,118
202104,부산광역시,연제구,14,105
202104,부산광역시,연제구,15,116
202104,부산광역시,연제구,16,120
202104,부산광역시,연제구,17,159
202104,부산광역시,연제구,18,117
202104,부산광역시,연제구,19,125
202104,부산광역시,연제구,20,108
202104,부산광역시,연제구,21,115
202104,부산광역시,연제구,22,108
202104,부산광역시,연제구,23,110
202104,부산광역시,연제구,24,88
202104,부산광역시,연제구,25,72
202104,부산광역시,연제구,26,55
202104,부산광역시,연제구,27,33
202104,부산광역시,연제구,28,38
202104,부산광역시,연제구,29,36
202104,부산광역시,연제구,30,31
202104,부산광역시,연제구,31,34
202104,부산광역시,연제구,32,30
202104,부산광역시,연제구,33,31
202104,부산광역시,연제구,34,39
202104,부산광역시,연제구,35,50
202104,부산광역시,연제구,36,39
202104,부산광역시,연제구,37,53
202104,부산광역시,연제구,38,62
202104,부산광역시,연제구,39,58
202104,부산광역시,연제구,40,67
202104,부산광역시,연제구,41,81
202104,부산광역시,연제구,42,81
202104,부산광역시,연제구,43,81
202104,부산광역시,연제구,44,65
202104,부산광역시,연제구,45,79
202104,부산광역시,연제구,46,124
202104,부산광역시,연제구,47,116
202104,부산광역시,연제구,48,122
202104,부산광역시,연제구,49,141
202104,부산광역시,연제구,50,167
202104,부산광역시,연제구,51,177
202104,부산광역시,연제구,52,189
202104,부산광역시,연제구,53,170
202104,부산광역시,연제구,54,161
202104,부산광역시,연제구,55,202
202104,부산광역시,연제구,56,160
202104,부산광역시,연제구,57,159
202104,부산광역시,연제구,58,228
202104,부산광역시,연제구,59,218
202104,부산광역시,연제구,60,236
202104,부산광역시,연제구,61,212
202104,부산광역시,연제구,62,209
202104,부산광역시,연제구,63,216
202104,부산광역시,연제구,64,228
202104,부산광역시,연제구,65,258
202104,부산광역시,연제구,66,296
202104,부산광역시,연제구,67,187
202104,부산광역시,연제구,68,232
202104,부산광역시,연제구,69,159
202104,부산광역시,연제구,70,174
202104,부산광역시,연제구,71,184
202104,부산광역시,연제구,72,191
202104,부산광역시,연제구,73,195
202104,부산광역시,연제구,74,169
202104,부산광역시,연제구,75,111
202104,부산광역시,연제구,76,136
202104,부산광역시,연제구,77,142
202104,부산광역시,연제구,78,152
202104,부산광역시,연제구,79,171
202104,부산광역시,연제구,80,147
202104,부산광역시,연제구,81,145
202104,부산광역시,연제구,82,133
202104,부산광역시,연제구,83,94
202104,부산광역시,연제구,84,112
202104,부산광역시,연제구,85,107
202104,부산광역시,연제구,86,81
202104,부산광역시,연제구,87,51
202104,부산광역시,연제구,88,36
202104,부산광역시,연제구,89,37
202104,부산광역시,연제구,90,31
202104,부산광역시,연제구,91,25
202104,부산광역시,연제구,92,35
202104,부산광역시,연제구,93,16
202104,부산광역시,연제구,94,13
202104,부산광역시,연제구,95,4
202104,부산광역시,연제구,96,5
202104,부산광역시,연제구,97,3
202104,부산광역시,연제구,98,2
202104,부산광역시,연제구,99,3
202104,부산광역시,연제구,100,2
202104,부산광역시,연제구,101,1
202104,부산광역시,연제구,108,1
202104,부산광역시,수영구,0,8
202104,부산광역시,수영구,1,11
202104,부산광역시,수영구,2,17
202104,부산광역시,수영구,3,20
202104,부산광역시,수영구,4,18
202104,부산광역시,수영구,5,17
202104,부산광역시,수영구,6,31
202104,부산광역시,수영구,7,52
202104,부산광역시,수영구,8,61
202104,부산광역시,수영구,9,58
202104,부산광역시,수영구,10,74
202104,부산광역시,수영구,11,70
202104,부산광역시,수영구,12,55
202104,부산광역시,수영구,13,92
202104,부산광역시,수영구,14,73
202104,부산광역시,수영구,15,69
202104,부산광역시,수영구,16,106
202104,부산광역시,수영구,17,113
202104,부산광역시,수영구,18,103
202104,부산광역시,수영구,19,90
202104,부산광역시,수영구,20,93
202104,부산광역시,수영구,21,85
202104,부산광역시,수영구,22,93
202104,부산광역시,수영구,23,80
202104,부산광역시,수영구,24,72
202104,부산광역시,수영구,25,38
202104,부산광역시,수영구,26,48
202104,부산광역시,수영구,27,30
202104,부산광역시,수영구,28,34
202104,부산광역시,수영구,29,28
202104,부산광역시,수영구,30,22
202104,부산광역시,수영구,31,30
202104,부산광역시,수영구,32,16
202104,부산광역시,수영구,33,23
202104,부산광역시,수영구,34,32
202104,부산광역시,수영구,35,31
202104,부산광역시,수영구,36,33
202104,부산광역시,수영구,37,50
202104,부산광역시,수영구,38,53
202104,부산광역시,수영구,39,33
202104,부산광역시,수영구,40,65
202104,부산광역시,수영구,41,55
202104,부산광역시,수영구,42,70
202104,부산광역시,수영구,43,61
202104,부산광역시,수영구,44,80
202104,부산광역시,수영구,45,73
202104,부산광역시,수영구,46,85
202104,부산광역시,수영구,47,114
202104,부산광역시,수영구,48,119
202104,부산광역시,수영구,49,126
202104,부산광역시,수영구,50,136
202104,부산광역시,수영구,51,135
202104,부산광역시,수영구,52,125
202104,부산광역시,수영구,53,131
202104,부산광역시,수영구,54,136
202104,부산광역시,수영구,55,138
202104,부산광역시,수영구,56,156
202104,부산광역시,수영구,57,113
202104,부산광역시,수영구,58,125
202104,부산광역시,수영구,59,136
202104,부산광역시,수영구,60,164
202104,부산광역시,수영구,61,149
202104,부산광역시,수영구,62,156
202104,부산광역시,수영구,63,163
202104,부산광역시,수영구,64,185
202104,부산광역시,수영구,65,185
202104,부산광역시,수영구,66,198
202104,부산광역시,수영구,67,149
202104,부산광역시,수영구,68,155
202104,부산광역시,수영구,69,152
202104,부산광역시,수영구,70,129
202104,부산광역시,수영구,71,141
202104,부산광역시,수영구,72,141
202104,부산광역시,수영구,73,175
202104,부산광역시,수영구,74,142
202104,부산광역시,수영구,75,85
202104,부산광역시,수영구,76,115
202104,부산광역시,수영구,77,127
202104,부산광역시,수영구,78,169
202104,부산광역시,수영구,79,123
202104,부산광역시,수영구,80,141
202104,부산광역시,수영구,81,126
202104,부산광역시,수영구,82,106
202104,부산광역시,수영구,83,118
202104,부산광역시,수영구,84,90
202104,부산광역시,수영구,85,68
202104,부산광역시,수영구,86,80
202104,부산광역시,수영구,87,51
202104,부산광역시,수영구,88,37
202104,부산광역시,수영구,89,44
202104,부산광역시,수영구,90,38
202104,부산광역시,수영구,91,21
202104,부산광역시,수영구,92,30
202104,부산광역시,수영구,93,13
202104,부산광역시,수영구,94,7
202104,부산광역시,수영구,95,10
202104,부산광역시,수영구,96,4
202104,부산광역시,수영구,97,4
202104,부산광역시,수영구,98,2
202104,부산광역시,수영구,100,2
202104,부산광역시,수영구,104,1
202104,부산광역시,사상구,0,10
202104,부산광역시,사상구,1,18
202104,부산광역시,사상구,2,20
202104,부산광역시,사상구,3,34
202104,부산광역시,사상구,4,40
202104,부산광역시,사상구,5,48
202104,부산광역시,사상구,6,59
202104,부산광역시,사상구,7,63
202104,부산광역시,사상구,8,96
202104,부산광역시,사상구,9,111
202104,부산광역시,사상구,10,107
202104,부산광역시,사상구,11,93
202104,부산광역시,사상구,12,122
202104,부산광역시,사상구,13,124
202104,부산광역시,사상구,14,139
202104,부산광역시,사상구,15,141
202104,부산광역시,사상구,16,168
202104,부산광역시,사상구,17,187
202104,부산광역시,사상구,18,150
202104,부산광역시,사상구,19,122
202104,부산광역시,사상구,20,127
202104,부산광역시,사상구,21,107
202104,부산광역시,사상구,22,127
202104,부산광역시,사상구,23,90
202104,부산광역시,사상구,24,66
202104,부산광역시,사상구,25,68
202104,부산광역시,사상구,26,72
202104,부산광역시,사상구,27,44
202104,부산광역시,사상구,28,44
202104,부산광역시,사상구,29,28
202104,부산광역시,사상구,30,37
202104,부산광역시,사상구,31,42
202104,부산광역시,사상구,32,43
202104,부산광역시,사상구,33,39
202104,부산광역시,사상구,34,47
202104,부산광역시,사상구,35,67
202104,부산광역시,사상구,36,49
202104,부산광역시,사상구,37,66
202104,부산광역시,사상구,38,73
202104,부산광역시,사상구,39,91
202104,부산광역시,사상구,40,111
202104,부산광역시,사상구,41,109
202104,부산광역시,사상구,42,102
202104,부산광역시,사상구,43,125
202104,부산광역시,사상구,44,112
202104,부산광역시,사상구,45,146
202104,부산광역시,사상구,46,157
202104,부산광역시,사상구,47,176
202104,부산광역시,사상구,48,202
202104,부산광역시,사상구,49,206
202104,부산광역시,사상구,50,234
202104,부산광역시,사상구,51,225
202104,부산광역시,사상구,52,284
202104,부산광역시,사상구,53,277
202104,부산광역시,사상구,54,294
202104,부산광역시,사상구,55,292
202104,부산광역시,사상구,56,236
202104,부산광역시,사상구,57,283
202104,부산광역시,사상구,58,324
202104,부산광역시,사상구,59,327
202104,부산광역시,사상구,60,376
202104,부산광역시,사상구,61,373
202104,부산광역시,사상구,62,378
202104,부산광역시,사상구,63,336
202104,부산광역시,사상구,64,294
202104,부산광역시,사상구,65,339
202104,부산광역시,사상구,66,328
202104,부산광역시,사상구,67,289
202104,부산광역시,사상구,68,294
202104,부산광역시,사상구,69,285
202104,부산광역시,사상구,70,239
202104,부산광역시,사상구,71,267
202104,부산광역시,사상구,72,270
202104,부산광역시,사상구,73,292
202104,부산광역시,사상구,74,246
202104,부산광역시,사상구,75,183
202104,부산광역시,사상구,76,198
202104,부산광역시,사상구,77,202
202104,부산광역시,사상구,78,231
202104,부산광역시,사상구,79,235
202104,부산광역시,사상구,80,199
202104,부산광역시,사상구,81,199
202104,부산광역시,사상구,82,182
202104,부산광역시,사상구,83,164
202104,부산광역시,사상구,84,152
202104,부산광역시,사상구,85,134
202104,부산광역시,사상구,86,105
202104,부산광역시,사상구,87,85
202104,부산광역시,사상구,88,63
202104,부산광역시,사상구,89,57
202104,부산광역시,사상구,90,25
202104,부산광역시,사상구,91,29
202104,부산광역시,사상구,92,31
202104,부산광역시,사상구,93,17
202104,부산광역시,사상구,94,17
202104,부산광역시,사상구,95,10
202104,부산광역시,사상구,96,6
202104,부산광역시,사상구,97,5
202104,부산광역시,사상구,98,3
202104,부산광역시,사상구,99,3
202104,부산광역시,사상구,100,2
202104,부산광역시,기장군,0,13
202104,부산광역시,기장군,1,26
202104,부산광역시,기장군,2,30
202104,부산광역시,기장군,3,29
202104,부산광역시,기장군,4,56
202104,부산광역시,기장군,5,70
202104,부산광역시,기장군,6,98
202104,부산광역시,기장군,7,116
202104,부산광역시,기장군,8,127
202104,부산광역시,기장군,9,123
202104,부산광역시,기장군,10,167
202104,부산광역시,기장군,11,117
202104,부산광역시,기장군,12,128
202104,부산광역시,기장군,13,147
202104,부산광역시,기장군,14,147
202104,부산광역시,기장군,15,138
202104,부산광역시,기장군,16,126
202104,부산광역시,기장군,17,165
202104,부산광역시,기장군,18,132
202104,부산광역시,기장군,19,95
202104,부산광역시,기장군,20,99
202104,부산광역시,기장군,21,67
202104,부산광역시,기장군,22,80
202104,부산광역시,기장군,23,86
202104,부산광역시,기장군,24,63
202104,부산광역시,기장군,25,44
202104,부산광역시,기장군,26,44
202104,부산광역시,기장군,27,29
202104,부산광역시,기장군,28,21
202104,부산광역시,기장군,29,22
202104,부산광역시,기장군,30,27
202104,부산광역시,기장군,31,30
202104,부산광역시,기장군,32,32
202104,부산광역시,기장군,33,30
202104,부산광역시,기장군,34,40
202104,부산광역시,기장군,35,40
202104,부산광역시,기장군,36,48
202104,부산광역시,기장군,37,54
202104,부산광역시,기장군,38,74
202104,부산광역시,기장군,39,75
202104,부산광역시,기장군,40,98
202104,부산광역시,기장군,41,116
202104,부산광역시,기장군,42,112
202104,부산광역시,기장군,43,97
202104,부산광역시,기장군,44,118
202104,부산광역시,기장군,45,120
202104,부산광역시,기장군,46,118
202104,부산광역시,기장군,47,144
202104,부산광역시,기장군,48,135
202104,부산광역시,기장군,49,126
202104,부산광역시,기장군,50,158
202104,부산광역시,기장군,51,133
202104,부산광역시,기장군,52,127
202104,부산광역시,기장군,53,138
202104,부산광역시,기장군,54,108
202104,부산광역시,기장군,55,104
202104,부산광역시,기장군,56,115
202104,부산광역시,기장군,57,117
202104,부산광역시,기장군,58,128
202104,부산광역시,기장군,59,115
202104,부산광역시,기장군,60,150
202104,부산광역시,기장군,61,140
202104,부산광역시,기장군,62,149
202104,부산광역시,기장군,63,156
202104,부산광역시,기장군,64,164
202104,부산광역시,기장군,65,174
202104,부산광역시,기장군,66,181
202104,부산광역시,기장군,67,185
202104,부산광역시,기장군,68,190
202104,부산광역시,기장군,69,191
202104,부산광역시,기장군,70,174
202104,부산광역시,기장군,71,189
202104,부산광역시,기장군,72,190
202104,부산광역시,기장군,73,197
202104,부산광역시,기장군,74,195
202104,부산광역시,기장군,75,125
202104,부산광역시,기장군,76,184
202104,부산광역시,기장군,77,163
202104,부산광역시,기장군,78,210
202104,부산광역시,기장군,79,147
202104,부산광역시,기장군,80,170
202104,부산광역시,기장군,81,151
202104,부산광역시,기장군,82,140
202104,부산광역시,기장군,83,118
202104,부산광역시,기장군,84,113
202104,부산광역시,기장군,85,83
202104,부산광역시,기장군,86,74
202104,부산광역시,기장군,87,56
202104,부산광역시,기장군,88,65
202104,부산광역시,기장군,89,52
202104,부산광역시,기장군,90,27
202104,부산광역시,기장군,91,32
202104,부산광역시,기장군,92,18
202104,부산광역시,기장군,93,19
202104,부산광역시,기장군,94,9
202104,부산광역시,기장군,95,9
202104,부산광역시,기장군,96,3
202104,부산광역시,기장군,97,6
202104,부산광역시,기장군,98,4
202104,부산광역시,기장군,99,1
202104,부산광역시,기장군,100,1
202104,부산광역시,기장군,101,1
202104,대구광역시,중구,1,3
202104,대구광역시,중구,2,6
202104,대구광역시,중구,3,3
202104,대구광역시,중구,4,8
202104,대구광역시,중구,5,11
202104,대구광역시,중구,6,17
202104,대구광역시,중구,7,19
202104,대구광역시,중구,8,23
202104,대구광역시,중구,9,21
202104,대구광역시,중구,10,29
202104,대구광역시,중구,11,32
202104,대구광역시,중구,12,22
202104,대구광역시,중구,13,42
202104,대구광역시,중구,14,37
202104,대구광역시,중구,15,40
202104,대구광역시,중구,16,31
202104,대구광역시,중구,17,54
202104,대구광역시,중구,18,60
202104,대구광역시,중구,19,49
202104,대구광역시,중구,20,40
202104,대구광역시,중구,21,55
202104,대구광역시,중구,22,50
202104,대구광역시,중구,23,36
202104,대구광역시,중구,24,35
202104,대구광역시,중구,25,31
202104,대구광역시,중구,26,19
202104,대구광역시,중구,27,18
202104,대구광역시,중구,28,21
202104,대구광역시,중구,29,13
202104,대구광역시,중구,30,21
202104,대구광역시,중구,31,14
202104,대구광역시,중구,32,8
202104,대구광역시,중구,33,13
202104,대구광역시,중구,34,12
202104,대구광역시,중구,35,17
202104,대구광역시,중구,36,22
202104,대구광역시,중구,37,20
202104,대구광역시,중구,38,21
202104,대구광역시,중구,39,25
202104,대구광역시,중구,40,30
202104,대구광역시,중구,41,38
202104,대구광역시,중구,42,27
202104,대구광역시,중구,43,19
202104,대구광역시,중구,44,34
202104,대구광역시,중구,45,37
202104,대구광역시,중구,46,42
202104,대구광역시,중구,47,58
202104,대구광역시,중구,48,50
202104,대구광역시,중구,49,71
202104,대구광역시,중구,50,71
202104,대구광역시,중구,51,52
202104,대구광역시,중구,52,69
202104,대구광역시,중구,53,71
202104,대구광역시,중구,54,67
202104,대구광역시,중구,55,62
202104,대구광역시,중구,56,67
202104,대구광역시,중구,57,82
202104,대구광역시,중구,58,72
202104,대구광역시,중구,59,92
202104,대구광역시,중구,60,80
202104,대구광역시,중구,61,93
202104,대구광역시,중구,62,90
202104,대구광역시,중구,63,79
202104,대구광역시,중구,64,108
202104,대구광역시,중구,65,102
202104,대구광역시,중구,66,97
202104,대구광역시,중구,67,80
202104,대구광역시,중구,68,106
202104,대구광역시,중구,69,74
202104,대구광역시,중구,70,69
202104,대구광역시,중구,71,74
202104,대구광역시,중구,72,102
202104,대구광역시,중구,73,87
202104,대구광역시,중구,74,97
202104,대구광역시,중구,75,66
202104,대구광역시,중구,76,73
202104,대구광역시,중구,77,85
202104,대구광역시,중구,78,98
202104,대구광역시,중구,79,76
202104,대구광역시,중구,80,84
202104,대구광역시,중구,81,78
202104,대구광역시,중구,82,79
202104,대구광역시,중구,83,62
202104,대구광역시,중구,84,55
202104,대구광역시,중구,85,59
202104,대구광역시,중구,86,48
202104,대구광역시,중구,87,40
202104,대구광역시,중구,88,35
202104,대구광역시,중구,89,30
202104,대구광역시,중구,90,24
202104,대구광역시,중구,91,19
202104,대구광역시,중구,92,9
202104,대구광역시,중구,93,15
202104,대구광역시,중구,94,11
202104,대구광역시,중구,95,3
202104,대구광역시,중구,96,2
202104,대구광역시,중구,97,6
202104,대구광역시,중구,99,3
202104,대구광역시,중구,100,1
202104,대구광역시,동구,0,15
202104,대구광역시,동구,1,30
202104,대구광역시,동구,2,43
202104,대구광역시,동구,3,41
202104,대구광역시,동구,4,53
202104,대구광역시,동구,5,62
202104,대구광역시,동구,6,101
202104,대구광역시,동구,7,120
202104,대구광역시,동구,8,134
202104,대구광역시,동구,9,146
202104,대구광역시,동구,10,162
202104,대구광역시,동구,11,188
202104,대구광역시,동구,12,162
202104,대구광역시,동구,13,226
202104,대구광역시,동구,14,186
202104,대구광역시,동구,15,200
202104,대구광역시,동구,16,237
202104,대구광역시,동구,17,245
202104,대구광역시,동구,18,227
202104,대구광역시,동구,19,211
202104,대구광역시,동구,20,206
202104,대구광역시,동구,21,166
202104,대구광역시,동구,22,172
202104,대구광역시,동구,23,181
202104,대구광역시,동구,24,123
202104,대구광역시,동구,25,122
202104,대구광역시,동구,26,97
202104,대구광역시,동구,27,71
202104,대구광역시,동구,28,70
202104,대구광역시,동구,29,57
202104,대구광역시,동구,30,55
202104,대구광역시,동구,31,57
202104,대구광역시,동구,32,62
202104,대구광역시,동구,33,64
202104,대구광역시,동구,34,57
202104,대구광역시,동구,35,69
202104,대구광역시,동구,36,75
202104,대구광역시,동구,37,77
202104,대구광역시,동구,38,125
202104,대구광역시,동구,39,120
202104,대구광역시,동구,40,143
202104,대구광역시,동구,41,149
202104,대구광역시,동구,42,160
202104,대구광역시,동구,43,133
202104,대구광역시,동구,44,174
202104,대구광역시,동구,45,180
202104,대구광역시,동구,46,225
202104,대구광역시,동구,47,238
202104,대구광역시,동구,48,250
202104,대구광역시,동구,49,311
202104,대구광역시,동구,50,272
202104,대구광역시,동구,51,313
202104,대구광역시,동구,52,346
202104,대구광역시,동구,53,326
202104,대구광역시,동구,54,320
202104,대구광역시,동구,55,336
202104,대구광역시,동구,56,349
202104,대구광역시,동구,57,325
202104,대구광역시,동구,58,389
202104,대구광역시,동구,59,380
202104,대구광역시,동구,60,432
202104,대구광역시,동구,61,449
202104,대구광역시,동구,62,394
202104,대구광역시,동구,63,361
202104,대구광역시,동구,64,361
202104,대구광역시,동구,65,437
202104,대구광역시,동구,66,440
202104,대구광역시,동구,67,348
202104,대구광역시,동구,68,409
202104,대구광역시,동구,69,380
202104,대구광역시,동구,70,299
202104,대구광역시,동구,71,336
202104,대구광역시,동구,72,324
202104,대구광역시,동구,73,347
202104,대구광역시,동구,74,298
202104,대구광역시,동구,75,219
202104,대구광역시,동구,76,281
202104,대구광역시,동구,77,322
202104,대구광역시,동구,78,336
202104,대구광역시,동구,79,367
202104,대구광역시,동구,80,308
202104,대구광역시,동구,81,320
202104,대구광역시,동구,82,277
202104,대구광역시,동구,83,281
202104,대구광역시,동구,84,250
202104,대구광역시,동구,85,206
202104,대구광역시,동구,86,204
202104,대구광역시,동구,87,140
202104,대구광역시,동구,88,144
202104,대구광역시,동구,89,107
202104,대구광역시,동구,90,69
202104,대구광역시,동구,91,54
202104,대구광역시,동구,92,41
202104,대구광역시,동구,93,38
202104,대구광역시,동구,94,31
202104,대구광역시,동구,95,14
202104,대구광역시,동구,96,11
202104,대구광역시,동구,97,16
202104,대구광역시,동구,98,7
202104,대구광역시,동구,99,7
202104,대구광역시,동구,100,5
202104,대구광역시,동구,101,4
202104,대구광역시,동구,103,2
202104,대구광역시,동구,104,1
202104,대구광역시,서구,0,18
202104,대구광역시,서구,1,23
202104,대구광역시,서구,2,36
202104,대구광역시,서구,3,39
202104,대구광역시,서구,4,52
202104,대구광역시,서구,5,43
202104,대구광역시,서구,6,70
202104,대구광역시,서구,7,106
202104,대구광역시,서구,8,135
202104,대구광역시,서구,9,129
202104,대구광역시,서구,10,140
202104,대구광역시,서구,11,121
202104,대구광역시,서구,12,144
202104,대구광역시,서구,13,146
202104,대구광역시,서구,14,138
202104,대구광역시,서구,15,162
202104,대구광역시,서구,16,170
202104,대구광역시,서구,17,234
202104,대구광역시,서구,18,193
202104,대구광역시,서구,19,153
202104,대구광역시,서구,20,135
202104,대구광역시,서구,21,149
202104,대구광역시,서구,22,127
202104,대구광역시,서구,23,118
202104,대구광역시,서구,24,111
202104,대구광역시,서구,25,70
202104,대구광역시,서구,26,72
202104,대구광역시,서구,27,51
202104,대구광역시,서구,28,59
202104,대구광역시,서구,29,41
202104,대구광역시,서구,30,37
202104,대구광역시,서구,31,43
202104,대구광역시,서구,32,54
202104,대구광역시,서구,33,44
202104,대구광역시,서구,34,59
202104,대구광역시,서구,35,52
202104,대구광역시,서구,36,63
202104,대구광역시,서구,37,72
202104,대구광역시,서구,38,102
202104,대구광역시,서구,39,76
202104,대구광역시,서구,40,98
202104,대구광역시,서구,41,104
202104,대구광역시,서구,42,108
202104,대구광역시,서구,43,134
202104,대구광역시,서구,44,130
202104,대구광역시,서구,45,159
202104,대구광역시,서구,46,198
202104,대구광역시,서구,47,198
202104,대구광역시,서구,48,191
202104,대구광역시,서구,49,233
202104,대구광역시,서구,50,243
202104,대구광역시,서구,51,252
202104,대구광역시,서구,52,282
202104,대구광역시,서구,53,293
202104,대구광역시,서구,54,262
202104,대구광역시,서구,55,315
202104,대구광역시,서구,56,303
202104,대구광역시,서구,57,289
202104,대구광역시,서구,58,345
202104,대구광역시,서구,59,307
202104,대구광역시,서구,60,354
202104,대구광역시,서구,61,344
202104,대구광역시,서구,62,295
202104,대구광역시,서구,63,289
202104,대구광역시,서구,64,264
202104,대구광역시,서구,65,309
202104,대구광역시,서구,66,312
202104,대구광역시,서구,67,241
202104,대구광역시,서구,68,282
202104,대구광역시,서구,69,238
202104,대구광역시,서구,70,199
202104,대구광역시,서구,71,227
202104,대구광역시,서구,72,217
202104,대구광역시,서구,73,194
202104,대구광역시,서구,74,204
202104,대구광역시,서구,75,136
202104,대구광역시,서구,76,183
202104,대구광역시,서구,77,218
202104,대구광역시,서구,78,264
202104,대구광역시,서구,79,248
202104,대구광역시,서구,80,196
202104,대구광역시,서구,81,209
202104,대구광역시,서구,82,219
202104,대구광역시,서구,83,170
202104,대구광역시,서구,84,160
202104,대구광역시,서구,85,143
202104,대구광역시,서구,86,125
202104,대구광역시,서구,87,110
202104,대구광역시,서구,88,81
202104,대구광역시,서구,89,64
202104,대구광역시,서구,90,38
202104,대구광역시,서구,91,35
202104,대구광역시,서구,92,27
202104,대구광역시,서구,93,18
202104,대구광역시,서구,94,18
202104,대구광역시,서구,95,6
202104,대구광역시,서구,96,6
202104,대구광역시,서구,97,6
202104,대구광역시,서구,98,1
202104,대구광역시,서구,99,1
202104,대구광역시,서구,100,1
202104,대구광역시,서구,104,1
202104,대구광역시,서구,107,1
202104,대구광역시,남구,0,19
202104,대구광역시,남구,1,28
202104,대구광역시,남구,2,31
202104,대구광역시,남구,3,33
202104,대구광역시,남구,4,50
202104,대구광역시,남구,5,63
202104,대구광역시,남구,6,58
202104,대구광역시,남구,7,82
202104,대구광역시,남구,8,109
202104,대구광역시,남구,9,115
202104,대구광역시,남구,10,125
202104,대구광역시,남구,11,104
202104,대구광역시,남구,12,157
202104,대구광역시,남구,13,155
202104,대구광역시,남구,14,175
202104,대구광역시,남구,15,147
202104,대구광역시,남구,16,170
202104,대구광역시,남구,17,203
202104,대구광역시,남구,18,153
202104,대구광역시,남구,19,149
202104,대구광역시,남구,20,135
202104,대구광역시,남구,21,138
202104,대구광역시,남구,22,138
202104,대구광역시,남구,23,125
202104,대구광역시,남구,24,108
202104,대구광역시,남구,25,119
202104,대구광역시,남구,26,77
202104,대구광역시,남구,27,50
202104,대구광역시,남구,28,63
202104,대구광역시,남구,29,54
202104,대구광역시,남구,30,40
202104,대구광역시,남구,31,60
202104,대구광역시,남구,32,66
202104,대구광역시,남구,33,44
202104,대구광역시,남구,34,58
202104,대구광역시,남구,35,82
202104,대구광역시,남구,36,62
202104,대구광역시,남구,37,90
202104,대구광역시,남구,38,87
202104,대구광역시,남구,39,111
202104,대구광역시,남구,40,109
202104,대구광역시,남구,41,136
202104,대구광역시,남구,42,135
202104,대구광역시,남구,43,116
202104,대구광역시,남구,44,135
202104,대구광역시,남구,45,142
202104,대구광역시,남구,46,160
202104,대구광역시,남구,47,183
202104,대구광역시,남구,48,229
202104,대구광역시,남구,49,227
202104,대구광역시,남구,50,211
202104,대구광역시,남구,51,228
202104,대구광역시,남구,52,261
202104,대구광역시,남구,53,231
202104,대구광역시,남구,54,233
202104,대구광역시,남구,55,265
202104,대구광역시,남구,56,225
202104,대구광역시,남구,57,221
202104,대구광역시,남구,58,295
202104,대구광역시,남구,59,293
202104,대구광역시,남구,60,317
202104,대구광역시,남구,61,295
202104,대구광역시,남구,62,273
202104,대구광역시,남구,63,293
202104,대구광역시,남구,64,270
202104,대구광역시,남구,65,294
202104,대구광역시,남구,66,270
202104,대구광역시,남구,67,259
202104,대구광역시,남구,68,274
202104,대구광역시,남구,69,252
202104,대구광역시,남구,70,196
202104,대구광역시,남구,71,251
202104,대구광역시,남구,72,231
202104,대구광역시,남구,73,249
202104,대구광역시,남구,74,246
202104,대구광역시,남구,75,138
202104,대구광역시,남구,76,165
202104,대구광역시,남구,77,203
202104,대구광역시,남구,78,232
202104,대구광역시,남구,79,243
202104,대구광역시,남구,80,178
202104,대구광역시,남구,81,182
202104,대구광역시,남구,82,179
202104,대구광역시,남구,83,139
202104,대구광역시,남구,84,141
202104,대구광역시,남구,85,123
202104,대구광역시,남구,86,120
202104,대구광역시,남구,87,91
202104,대구광역시,남구,88,83
202104,대구광역시,남구,89,67
202104,대구광역시,남구,90,60
202104,대구광역시,남구,91,28
202104,대구광역시,남구,92,31
202104,대구광역시,남구,93,16
202104,대구광역시,남구,94,15
202104,대구광역시,남구,95,6
202104,대구광역시,남구,96,8
202104,대구광역시,남구,97,6
202104,대구광역시,남구,98,2
202104,대구광역시,남구,99,1
202104,대구광역시,남구,100,1
202104,대구광역시,남구,101,1
202104,대구광역시,북구,0,22
202104,대구광역시,북구,1,38
202104,대구광역시,북구,2,47
202104,대구광역시,북구,3,59
202104,대구광역시,북구,4,52
202104,대구광역시,북구,5,82
202104,대구광역시,북구,6,95
202104,대구광역시,북구,7,122
202104,대구광역시,북구,8,165
202104,대구광역시,북구,9,194
202104,대구광역시,북구,10,184
202104,대구광역시,북구,11,177
202104,대구광역시,북구,12,201
202104,대구광역시,북구,13,258
202104,대구광역시,북구,14,277
202104,대구광역시,북구,15,258
202104,대구광역시,북구,16,285
202104,대구광역시,북구,17,340
202104,대구광역시,북구,18,268
202104,대구광역시,북구,19,254
202104,대구광역시,북구,20,211
202104,대구광역시,북구,21,185
202104,대구광역시,북구,22,186
202104,대구광역시,북구,23,156
202104,대구광역시,북구,24,111
202104,대구광역시,북구,25,108
202104,대구광역시,북구,26,78
202104,대구광역시,북구,27,57
202104,대구광역시,북구,28,38
202104,대구광역시,북구,29,36
202104,대구광역시,북구,30,62
202104,대구광역시,북구,31,54
202104,대구광역시,북구,32,52
202104,대구광역시,북구,33,64
202104,대구광역시,북구,34,78
202104,대구광역시,북구,35,74
202104,대구광역시,북구,36,67
202104,대구광역시,북구,37,95
202104,대구광역시,북구,38,100
202104,대구광역시,북구,39,158
202104,대구광역시,북구,40,143
202104,대구광역시,북구,41,157
202104,대구광역시,북구,42,180
202104,대구광역시,북구,43,187
202104,대구광역시,북구,44,177
202104,대구광역시,북구,45,222
202104,대구광역시,북구,46,241
202104,대구광역시,북구,47,271
202104,대구광역시,북구,48,260
202104,대구광역시,북구,49,290
202104,대구광역시,북구,50,318
202104,대구광역시,북구,51,305
202104,대구광역시,북구,52,310
202104,대구광역시,북구,53,322
202104,대구광역시,북구,54,311
202104,대구광역시,북구,55,276
202104,대구광역시,북구,56,315
202104,대구광역시,북구,57,310
202104,대구광역시,북구,58,338
202104,대구광역시,북구,59,359
202104,대구광역시,북구,60,362
202104,대구광역시,북구,61,345
202104,대구광역시,북구,62,310
202104,대구광역시,북구,63,294
202104,대구광역시,북구,64,303
202104,대구광역시,북구,65,273
202104,대구광역시,북구,66,305
202104,대구광역시,북구,67,278
202104,대구광역시,북구,68,289
202104,대구광역시,북구,69,261
202104,대구광역시,북구,70,261
202104,대구광역시,북구,71,240
202104,대구광역시,북구,72,297
202104,대구광역시,북구,73,281
202104,대구광역시,북구,74,253
202104,대구광역시,북구,75,164
202104,대구광역시,북구,76,245
202104,대구광역시,북구,77,254
202104,대구광역시,북구,78,317
202104,대구광역시,북구,79,314
202104,대구광역시,북구,80,297
202104,대구광역시,북구,81,278
202104,대구광역시,북구,82,237
202104,대구광역시,북구,83,208
202104,대구광역시,북구,84,211
202104,대구광역시,북구,85,162
202104,대구광역시,북구,86,160
202104,대구광역시,북구,87,123
202104,대구광역시,북구,88,110
202104,대구광역시,북구,89,96
202104,대구광역시,북구,90,71
202104,대구광역시,북구,91,61
202104,대구광역시,북구,92,37
202104,대구광역시,북구,93,37
202104,대구광역시,북구,94,24
202104,대구광역시,북구,95,13
202104,대구광역시,북구,96,14
202104,대구광역시,북구,97,6
202104,대구광역시,북구,98,4
202104,대구광역시,북구,99,3
202104,대구광역시,북구,100,3
202104,대구광역시,북구,102,1
202104,대구광역시,북구,103,2
202104,대구광역시,수성구,0,12
202104,대구광역시,수성구,1,22
202104,대구광역시,수성구,2,34
202104,대구광역시,수성구,3,42
202104,대구광역시,수성구,4,52
202104,대구광역시,수성구,5,54
202104,대구광역시,수성구,6,97
202104,대구광역시,수성구,7,132
202104,대구광역시,수성구,8,148
202104,대구광역시,수성구,9,164
202104,대구광역시,수성구,10,187
202104,대구광역시,수성구,11,200
202104,대구광역시,수성구,12,174
202104,대구광역시,수성구,13,215
202104,대구광역시,수성구,14,241
202104,대구광역시,수성구,15,242
202104,대구광역시,수성구,16,267
202104,대구광역시,수성구,17,317
202104,대구광역시,수성구,18,282
202104,대구광역시,수성구,19,281
202104,대구광역시,수성구,20,262
202104,대구광역시,수성구,21,264
202104,대구광역시,수성구,22,275
202104,대구광역시,수성구,23,230
202104,대구광역시,수성구,24,212
202104,대구광역시,수성구,25,167
202104,대구광역시,수성구,26,119
202104,대구광역시,수성구,27,109
202104,대구광역시,수성구,28,73
202104,대구광역시,수성구,29,64
202104,대구광역시,수성구,30,72
202104,대구광역시,수성구,31,60
202104,대구광역시,수성구,32,66
202104,대구광역시,수성구,33,62
202104,대구광역시,수성구,34,61
202104,대구광역시,수성구,35,72
202104,대구광역시,수성구,36,69
202104,대구광역시,수성구,37,109
202104,대구광역시,수성구,38,109
202104,대구광역시,수성구,39,115
202104,대구광역시,수성구,40,134
202104,대구광역시,수성구,41,131
202104,대구광역시,수성구,42,138
202104,대구광역시,수성구,43,162
202104,대구광역시,수성구,44,145
202104,대구광역시,수성구,45,216
202104,대구광역시,수성구,46,226
202104,대구광역시,수성구,47,266
202104,대구광역시,수성구,48,309
202104,대구광역시,수성구,49,341
202104,대구광역시,수성구,50,357
202104,대구광역시,수성구,51,365
202104,대구광역시,수성구,52,389
202104,대구광역시,수성구,53,355
202104,대구광역시,수성구,54,340
202104,대구광역시,수성구,55,340
202104,대구광역시,수성구,56,357
202104,대구광역시,수성구,57,315
202104,대구광역시,수성구,58,407
202104,대구광역시,수성구,59,362
202104,대구광역시,수성구,60,444
202104,대구광역시,수성구,61,382
202104,대구광역시,수성구,62,359
202104,대구광역시,수성구,63,342
202104,대구광역시,수성구,64,348
202104,대구광역시,수성구,65,351
202104,대구광역시,수성구,66,419
202104,대구광역시,수성구,67,319
202104,대구광역시,수성구,68,392
202104,대구광역시,수성구,69,302
202104,대구광역시,수성구,70,286
202104,대구광역시,수성구,71,299
202104,대구광역시,수성구,72,278
202104,대구광역시,수성구,73,310
202104,대구광역시,수성구,74,249
202104,대구광역시,수성구,75,168
202104,대구광역시,수성구,76,221
202104,대구광역시,수성구,77,269
202104,대구광역시,수성구,78,347
202104,대구광역시,수성구,79,314
202104,대구광역시,수성구,80,269
202104,대구광역시,수성구,81,246
202104,대구광역시,수성구,82,240
202104,대구광역시,수성구,83,227
202104,대구광역시,수성구,84,201
202104,대구광역시,수성구,85,183
202104,대구광역시,수성구,86,180
202104,대구광역시,수성구,87,135
202104,대구광역시,수성구,88,107
202104,대구광역시,수성구,89,93
202104,대구광역시,수성구,90,73
202104,대구광역시,수성구,91,46
202104,대구광역시,수성구,92,50
202104,대구광역시,수성구,93,32
202104,대구광역시,수성구,94,22
202104,대구광역시,수성구,95,11
202104,대구광역시,수성구,96,13
202104,대구광역시,수성구,97,2
202104,대구광역시,수성구,98,4
202104,대구광역시,수성구,99,7
202104,대구광역시,수성구,102,2
202104,대구광역시,수성구,104,1
202104,대구광역시,수성구,106,1
202104,대구광역시,달서구,0,23
202104,대구광역시,달서구,1,42
202104,대구광역시,달서구,2,63
202104,대구광역시,달서구,3,83
202104,대구광역시,달서구,4,108
202104,대구광역시,달서구,5,121
202104,대구광역시,달서구,6,174
202104,대구광역시,달서구,7,180
202104,대구광역시,달서구,8,234
202104,대구광역시,달서구,9,241
202104,대구광역시,달서구,10,275
202104,대구광역시,달서구,11,274
202104,대구광역시,달서구,12,255
202104,대구광역시,달서구,13,337
202104,대구광역시,달서구,14,311
202104,대구광역시,달서구,15,356
202104,대구광역시,달서구,16,383
202104,대구광역시,달서구,17,441
202104,대구광역시,달서구,18,374
202104,대구광역시,달서구,19,360
202104,대구광역시,달서구,20,323
202104,대구광역시,달서구,21,366
202104,대구광역시,달서구,22,313
202104,대구광역시,달서구,23,297
202104,대구광역시,달서구,24,257
202104,대구광역시,달서구,25,201
202104,대구광역시,달서구,26,135
202104,대구광역시,달서구,27,126
202104,대구광역시,달서구,28,103
202104,대구광역시,달서구,29,117
202104,대구광역시,달서구,30,104
202104,대구광역시,달서구,31,99
202104,대구광역시,달서구,32,124
202104,대구광역시,달서구,33,114
202104,대구광역시,달서구,34,115
202104,대구광역시,달서구,35,128
202104,대구광역시,달서구,36,126
202104,대구광역시,달서구,37,165
202104,대구광역시,달서구,38,218
202104,대구광역시,달서구,39,266
202104,대구광역시,달서구,40,254
202104,대구광역시,달서구,41,254
202104,대구광역시,달서구,42,281
202104,대구광역시,달서구,43,293
202104,대구광역시,달서구,44,282
202104,대구광역시,달서구,45,328
202104,대구광역시,달서구,46,385
202104,대구광역시,달서구,47,488
202104,대구광역시,달서구,48,457
202104,대구광역시,달서구,49,470
202104,대구광역시,달서구,50,552
202104,대구광역시,달서구,51,559
202104,대구광역시,달서구,52,625
202104,대구광역시,달서구,53,595
202104,대구광역시,달서구,54,597
202104,대구광역시,달서구,55,578
202104,대구광역시,달서구,56,575
202104,대구광역시,달서구,57,503
202104,대구광역시,달서구,58,704
202104,대구광역시,달서구,59,650
202104,대구광역시,달서구,60,619
202104,대구광역시,달서구,61,707
202104,대구광역시,달서구,62,580
202104,대구광역시,달서구,63,566
202104,대구광역시,달서구,64,551
202104,대구광역시,달서구,65,555
202104,대구광역시,달서구,66,630
202104,대구광역시,달서구,67,462
202104,대구광역시,달서구,68,577
202104,대구광역시,달서구,69,491
202104,대구광역시,달서구,70,411
202104,대구광역시,달서구,71,447
202104,대구광역시,달서구,72,441
202104,대구광역시,달서구,73,444
202104,대구광역시,달서구,74,418
202104,대구광역시,달서구,75,278
202104,대구광역시,달서구,76,382
202104,대구광역시,달서구,77,410
202104,대구광역시,달서구,78,496
202104,대구광역시,달서구,79,474
202104,대구광역시,달서구,80,409
202104,대구광역시,달서구,81,385
202104,대구광역시,달서구,82,381
202104,대구광역시,달서구,83,330
202104,대구광역시,달서구,84,290
202104,대구광역시,달서구,85,306
202104,대구광역시,달서구,86,178
202104,대구광역시,달서구,87,206
202104,대구광역시,달서구,88,152
202104,대구광역시,달서구,89,115
202104,대구광역시,달서구,90,100
202104,대구광역시,달서구,91,74
202104,대구광역시,달서구,92,57
202104,대구광역시,달서구,93,43
202104,대구광역시,달서구,94,25
202104,대구광역시,달서구,95,20
202104,대구광역시,달서구,96,13
202104,대구광역시,달서구,97,10
202104,대구광역시,달서구,98,6
202104,대구광역시,달서구,99,5
202104,대구광역시,달서구,100,2
202104,대구광역시,달서구,101,1
202104,대구광역시,달서구,102,2
202104,대구광역시,달서구,103,1
202104,대구광역시,달서구,104,1
202104,대구광역시,달서구,105,1
202104,대구광역시,달서구,111,1
202104,대구광역시,달성군,0,20
202104,대구광역시,달성군,1,43
202104,대구광역시,달성군,2,54
202104,대구광역시,달성군,3,56
202104,대구광역시,달성군,4,71
202104,대구광역시,달성군,5,79
202104,대구광역시,달성군,6,94
202104,대구광역시,달성군,7,126
202104,대구광역시,달성군,8,136
202104,대구광역시,달성군,9,159
202104,대구광역시,달성군,10,150
202104,대구광역시,달성군,11,123
202104,대구광역시,달성군,12,151
202104,대구광역시,달성군,13,173
202104,대구광역시,달성군,14,132
202104,대구광역시,달성군,15,154
202104,대구광역시,달성군,16,175
202104,대구광역시,달성군,17,178
202104,대구광역시,달성군,18,132
202104,대구광역시,달성군,19,130
202104,대구광역시,달성군,20,108
202104,대구광역시,달성군,21,100
202104,대구광역시,달성군,22,98
202104,대구광역시,달성군,23,63
202104,대구광역시,달성군,24,72
202104,대구광역시,달성군,25,47
202104,대구광역시,달성군,26,40
202104,대구광역시,달성군,27,43
202104,대구광역시,달성군,28,35
202104,대구광역시,달성군,29,44
202104,대구광역시,달성군,30,36
202104,대구광역시,달성군,31,41
202104,대구광역시,달성군,32,45
202104,대구광역시,달성군,33,32
202104,대구광역시,달성군,34,49
202104,대구광역시,달성군,35,57
202104,대구광역시,달성군,36,66
202104,대구광역시,달성군,37,76
202104,대구광역시,달성군,38,83
202104,대구광역시,달성군,39,105
202104,대구광역시,달성군,40,110
202104,대구광역시,달성군,41,110
202104,대구광역시,달성군,42,114
202104,대구광역시,달성군,43,91
202104,대구광역시,달성군,44,89
202104,대구광역시,달성군,45,102
202104,대구광역시,달성군,46,116
202104,대구광역시,달성군,47,153
202104,대구광역시,달성군,48,159
202104,대구광역시,달성군,49,172
202104,대구광역시,달성군,50,146
202104,대구광역시,달성군,51,137
202104,대구광역시,달성군,52,159
202104,대구광역시,달성군,53,158
202104,대구광역시,달성군,54,137
202104,대구광역시,달성군,55,159
202104,대구광역시,달성군,56,140
202104,대구광역시,달성군,57,143
202104,대구광역시,달성군,58,163
202104,대구광역시,달성군,59,137
202104,대구광역시,달성군,60,180
202104,대구광역시,달성군,61,174
202104,대구광역시,달성군,62,164
202104,대구광역시,달성군,63,155
202104,대구광역시,달성군,64,157
202104,대구광역시,달성군,65,158
202104,대구광역시,달성군,66,172
202104,대구광역시,달성군,67,127
202104,대구광역시,달성군,68,158
202104,대구광역시,달성군,69,159
202104,대구광역시,달성군,70,129
202104,대구광역시,달성군,71,133
202104,대구광역시,달성군,72,135
202104,대구광역시,달성군,73,146
202104,대구광역시,달성군,74,140
202104,대구광역시,달성군,75,105
202104,대구광역시,달성군,76,105
202104,대구광역시,달성군,77,122
202104,대구광역시,달성군,78,158
202104,대구광역시,달성군,79,162
202104,대구광역시,달성군,80,136
202104,대구광역시,달성군,81,104
202104,대구광역시,달성군,82,119
202104,대구광역시,달성군,83,104
202104,대구광역시,달성군,84,93
202104,대구광역시,달성군,85,79
202104,대구광역시,달성군,86,71
202104,대구광역시,달성군,87,44
202104,대구광역시,달성군,88,51
202104,대구광역시,달성군,89,41
202104,대구광역시,달성군,90,30
202104,대구광역시,달성군,91,24
202104,대구광역시,달성군,92,14
202104,대구광역시,달성군,93,16
202104,대구광역시,달성군,94,8
202104,대구광역시,달성군,95,3
202104,대구광역시,달성군,96,3
202104,대구광역시,달성군,97,3
202104,대구광역시,달성군,98,3
202104,대구광역시,달성군,101,2
202104,인천광역시,중구,0,9
202104,인천광역시,중구,1,12
202104,인천광역시,중구,2,19
202104,인천광역시,중구,3,24
202104,인천광역시,중구,4,27
202104,인천광역시,중구,5,36
202104,인천광역시,중구,6,37
202104,인천광역시,중구,7,49
202104,인천광역시,중구,8,57
202104,인천광역시,중구,9,74
202104,인천광역시,중구,10,66
202104,인천광역시,중구,11,77
202104,인천광역시,중구,12,77
202104,인천광역시,중구,13,94
202104,인천광역시,중구,14,79
202104,인천광역시,중구,15,77
202104,인천광역시,중구,16,87
202104,인천광역시,중구,17,99
202104,인천광역시,중구,18,62
202104,인천광역시,중구,19,50
202104,인천광역시,중구,20,56
202104,인천광역시,중구,21,49
202104,인천광역시,중구,22,47
202104,인천광역시,중구,23,43
202104,인천광역시,중구,24,34
202104,인천광역시,중구,25,32
202104,인천광역시,중구,26,28
202104,인천광역시,중구,27,22
202104,인천광역시,중구,28,15
202104,인천광역시,중구,29,16
202104,인천광역시,중구,30,19
202104,인천광역시,중구,31,29
202104,인천광역시,중구,32,25
202104,인천광역시,중구,33,18
202104,인천광역시,중구,34,26
202104,인천광역시,중구,35,24
202104,인천광역시,중구,36,20
202104,인천광역시,중구,37,25
202104,인천광역시,중구,38,44
202104,인천광역시,중구,39,34
202104,인천광역시,중구,40,60
202104,인천광역시,중구,41,60
202104,인천광역시,중구,42,52
202104,인천광역시,중구,43,54
202104,인천광역시,중구,44,63
202104,인천광역시,중구,45,67
202104,인천광역시,중구,46,51
202104,인천광역시,중구,47,78
202104,인천광역시,중구,48,72
202104,인천광역시,중구,49,80
202104,인천광역시,중구,50,83
202104,인천광역시,중구,51,85
202104,인천광역시,중구,52,77
202104,인천광역시,중구,53,80
202104,인천광역시,중구,54,85
202104,인천광역시,중구,55,78
202104,인천광역시,중구,56,99
202104,인천광역시,중구,57,113
202104,인천광역시,중구,58,91
202104,인천광역시,중구,59,99
202104,인천광역시,중구,60,116
202104,인천광역시,중구,61,125
202104,인천광역시,중구,62,120
202104,인천광역시,중구,63,115
202104,인천광역시,중구,64,109
202104,인천광역시,중구,65,129
202104,인천광역시,중구,66,132
202104,인천광역시,중구,67,129
202104,인천광역시,중구,68,120
202104,인천광역시,중구,69,103
202104,인천광역시,중구,70,91
202104,인천광역시,중구,71,110
202104,인천광역시,중구,72,122
202104,인천광역시,중구,73,129
202104,인천광역시,중구,74,129
202104,인천광역시,중구,75,88
202104,인천광역시,중구,76,110
202104,인천광역시,중구,77,106
202104,인천광역시,중구,78,139
202104,인천광역시,중구,79,120
202104,인천광역시,중구,80,89
202104,인천광역시,중구,81,85
202104,인천광역시,중구,82,86
202104,인천광역시,중구,83,62
202104,인천광역시,중구,84,60
202104,인천광역시,중구,85,57
202104,인천광역시,중구,86,54
202104,인천광역시,중구,87,40
202104,인천광역시,중구,88,43
202104,인천광역시,중구,89,28
202104,인천광역시,중구,90,22
202104,인천광역시,중구,91,16
202104,인천광역시,중구,92,17
202104,인천광역시,중구,93,13
202104,인천광역시,중구,94,9
202104,인천광역시,중구,95,4
202104,인천광역시,중구,96,4
202104,인천광역시,중구,98,3
202104,인천광역시,중구,99,1
202104,인천광역시,중구,101,1
202104,인천광역시,중구,105,1
202104,인천광역시,동구,0,2
202104,인천광역시,동구,1,9
202104,인천광역시,동구,2,8
202104,인천광역시,동구,3,9
202104,인천광역시,동구,4,13
202104,인천광역시,동구,5,16
202104,인천광역시,동구,6,18
202104,인천광역시,동구,7,24
202104,인천광역시,동구,8,28
202104,인천광역시,동구,9,40
202104,인천광역시,동구,10,44
202104,인천광역시,동구,11,43
202104,인천광역시,동구,12,34
202104,인천광역시,동구,13,49
202104,인천광역시,동구,14,30
202104,인천광역시,동구,15,37
202104,인천광역시,동구,16,41
202104,인천광역시,동구,17,46
202104,인천광역시,동구,18,44
202104,인천광역시,동구,19,24
202104,인천광역시,동구,20,28
202104,인천광역시,동구,21,21
202104,인천광역시,동구,22,17
202104,인천광역시,동구,23,20
202104,인천광역시,동구,24,19
202104,인천광역시,동구,25,11
202104,인천광역시,동구,26,11
202104,인천광역시,동구,27,7
202104,인천광역시,동구,28,8
202104,인천광역시,동구,29,8
202104,인천광역시,동구,30,7
202104,인천광역시,동구,31,12
202104,인천광역시,동구,32,8
202104,인천광역시,동구,33,8
202104,인천광역시,동구,34,15
202104,인천광역시,동구,35,16
202104,인천광역시,동구,36,9
202104,인천광역시,동구,37,16
202104,인천광역시,동구,38,25
202104,인천광역시,동구,39,31
202104,인천광역시,동구,40,21
202104,인천광역시,동구,41,32
202104,인천광역시,동구,42,18
202104,인천광역시,동구,43,37
202104,인천광역시,동구,44,28
202104,인천광역시,동구,45,27
202104,인천광역시,동구,46,42
202104,인천광역시,동구,47,32
202104,인천광역시,동구,48,54
202104,인천광역시,동구,49,58
202104,인천광역시,동구,50,40
202104,인천광역시,동구,51,35
202104,인천광역시,동구,52,37
202104,인천광역시,동구,53,47
202104,인천광역시,동구,54,53
202104,인천광역시,동구,55,66
202104,인천광역시,동구,56,56
202104,인천광역시,동구,57,56
202104,인천광역시,동구,58,69
202104,인천광역시,동구,59,69
202104,인천광역시,동구,60,62
202104,인천광역시,동구,61,84
202104,인천광역시,동구,62,65
202104,인천광역시,동구,63,91
202104,인천광역시,동구,64,76
202104,인천광역시,동구,65,85
202104,인천광역시,동구,66,77
202104,인천광역시,동구,67,64
202104,인천광역시,동구,68,90
202104,인천광역시,동구,69,65
202104,인천광역시,동구,70,45
202104,인천광역시,동구,71,59
202104,인천광역시,동구,72,66
202104,인천광역시,동구,73,73
202104,인천광역시,동구,74,81
202104,인천광역시,동구,75,53
202104,인천광역시,동구,76,66
202104,인천광역시,동구,77,66
202104,인천광역시,동구,78,83
202104,인천광역시,동구,79,69
202104,인천광역시,동구,80,71
202104,인천광역시,동구,81,54
202104,인천광역시,동구,82,61
202104,인천광역시,동구,83,52
202104,인천광역시,동구,84,38
202104,인천광역시,동구,85,51
202104,인천광역시,동구,86,44
202104,인천광역시,동구,87,27
202104,인천광역시,동구,88,26
202104,인천광역시,동구,89,31
202104,인천광역시,동구,90,14
202104,인천광역시,동구,91,23
202104,인천광역시,동구,92,13
202104,인천광역시,동구,93,10
202104,인천광역시,동구,94,8
202104,인천광역시,동구,95,3
202104,인천광역시,동구,96,4
202104,인천광역시,동구,97,6
202104,인천광역시,동구,98,4
202104,인천광역시,동구,101,1
202104,인천광역시,동구,102,1
202104,인천광역시,미추홀구,0,49
202104,인천광역시,미추홀구,1,85
202104,인천광역시,미추홀구,2,107
202104,인천광역시,미추홀구,3,127
202104,인천광역시,미추홀구,4,144
202104,인천광역시,미추홀구,5,169
202104,인천광역시,미추홀구,6,179
202104,인천광역시,미추홀구,7,194
202104,인천광역시,미추홀구,8,276
202104,인천광역시,미추홀구,9,259
202104,인천광역시,미추홀구,10,255
202104,인천광역시,미추홀구,11,264
202104,인천광역시,미추홀구,12,263
202104,인천광역시,미추홀구,13,321
202104,인천광역시,미추홀구,14,264
202104,인천광역시,미추홀구,15,303
202104,인천광역시,미추홀구,16,328
202104,인천광역시,미추홀구,17,345
202104,인천광역시,미추홀구,18,288
202104,인천광역시,미추홀구,19,262
202104,인천광역시,미추홀구,20,235
202104,인천광역시,미추홀구,21,218
202104,인천광역시,미추홀구,22,188
202104,인천광역시,미추홀구,23,185
202104,인천광역시,미추홀구,24,152
202104,인천광역시,미추홀구,25,133
202104,인천광역시,미추홀구,26,127
202104,인천광역시,미추홀구,27,97
202104,인천광역시,미추홀구,28,96
202104,인천광역시,미추홀구,29,99
202104,인천광역시,미추홀구,30,125
202104,인천광역시,미추홀구,31,92
202104,인천광역시,미추홀구,32,89
202104,인천광역시,미추홀구,33,103
202104,인천광역시,미추홀구,34,111
202104,인천광역시,미추홀구,35,139
202104,인천광역시,미추홀구,36,134
202104,인천광역시,미추홀구,37,164
202104,인천광역시,미추홀구,38,179
202104,인천광역시,미추홀구,39,206
202104,인천광역시,미추홀구,40,204
202104,인천광역시,미추홀구,41,208
202104,인천광역시,미추홀구,42,226
202104,인천광역시,미추홀구,43,214
202104,인천광역시,미추홀구,44,252
202104,인천광역시,미추홀구,45,276
202104,인천광역시,미추홀구,46,276
202104,인천광역시,미추홀구,47,326
202104,인천광역시,미추홀구,48,368
202104,인천광역시,미추홀구,49,339
202104,인천광역시,미추홀구,50,383
202104,인천광역시,미추홀구,51,343
202104,인천광역시,미추홀구,52,370
202104,인천광역시,미추홀구,53,304
202104,인천광역시,미추홀구,54,309
202104,인천광역시,미추홀구,55,338
202104,인천광역시,미추홀구,56,363
202104,인천광역시,미추홀구,57,349
202104,인천광역시,미추홀구,58,420
202104,인천광역시,미추홀구,59,435
202104,인천광역시,미추홀구,60,465
202104,인천광역시,미추홀구,61,412
202104,인천광역시,미추홀구,62,438
202104,인천광역시,미추홀구,63,456
202104,인천광역시,미추홀구,64,395
202104,인천광역시,미추홀구,65,445
202104,인천광역시,미추홀구,66,469
202104,인천광역시,미추홀구,67,342
202104,인천광역시,미추홀구,68,359
202104,인천광역시,미추홀구,69,324
202104,인천광역시,미추홀구,70,305
202104,인천광역시,미추홀구,71,321
202104,인천광역시,미추홀구,72,333
202104,인천광역시,미추홀구,73,326
202104,인천광역시,미추홀구,74,350
202104,인천광역시,미추홀구,75,272
202104,인천광역시,미추홀구,76,277
202104,인천광역시,미추홀구,77,271
202104,인천광역시,미추홀구,78,336
202104,인천광역시,미추홀구,79,366
202104,인천광역시,미추홀구,80,268
202104,인천광역시,미추홀구,81,270
202104,인천광역시,미추홀구,82,254
202104,인천광역시,미추홀구,83,257
202104,인천광역시,미추홀구,84,221
202104,인천광역시,미추홀구,85,217
202104,인천광역시,미추홀구,86,182
202104,인천광역시,미추홀구,87,153
202104,인천광역시,미추홀구,88,108
202104,인천광역시,미추홀구,89,81
202104,인천광역시,미추홀구,90,90
202104,인천광역시,미추홀구,91,69
202104,인천광역시,미추홀구,92,53
202104,인천광역시,미추홀구,93,31
202104,인천광역시,미추홀구,94,32
202104,인천광역시,미추홀구,95,11
202104,인천광역시,미추홀구,96,14
202104,인천광역시,미추홀구,97,9
202104,인천광역시,미추홀구,98,8
202104,인천광역시,미추홀구,99,2
202104,인천광역시,미추홀구,100,1
202104,인천광역시,미추홀구,101,1
202104,인천광역시,미추홀구,102,2
202104,인천광역시,미추홀구,103,1
202104,인천광역시,미추홀구,104,2
202104,인천광역시,미추홀구,105,1
202104,인천광역시,미추홀구,119,1
202104,인천광역시,연수구,0,20
202104,인천광역시,연수구,1,31
202104,인천광역시,연수구,2,33
202104,인천광역시,연수구,3,41
202104,인천광역시,연수구,4,59
202104,인천광역시,연수구,5,60
202104,인천광역시,연수구,6,79
202104,인천광역시,연수구,7,100
202104,인천광역시,연수구,8,122
202104,인천광역시,연수구,9,121
202104,인천광역시,연수구,10,140
202104,인천광역시,연수구,11,120
202104,인천광역시,연수구,12,147
202104,인천광역시,연수구,13,150
202104,인천광역시,연수구,14,133
202104,인천광역시,연수구,15,115
202104,인천광역시,연수구,16,166
202104,인천광역시,연수구,17,187
202104,인천광역시,연수구,18,165
202104,인천광역시,연수구,19,150
202104,인천광역시,연수구,20,110
202104,인천광역시,연수구,21,102
202104,인천광역시,연수구,22,114
202104,인천광역시,연수구,23,93
202104,인천광역시,연수구,24,89
202104,인천광역시,연수구,25,62
202104,인천광역시,연수구,26,38
202104,인천광역시,연수구,27,63
202104,인천광역시,연수구,28,50
202104,인천광역시,연수구,29,40
202104,인천광역시,연수구,30,43
202104,인천광역시,연수구,31,55
202104,인천광역시,연수구,32,51
202104,인천광역시,연수구,33,60
202104,인천광역시,연수구,34,58
202104,인천광역시,연수구,35,55
202104,인천광역시,연수구,36,69
202104,인천광역시,연수구,37,79
202104,인천광역시,연수구,38,80
202104,인천광역시,연수구,39,94
202104,인천광역시,연수구,40,99
202104,인천광역시,연수구,41,119
202104,인천광역시,연수구,42,94
202104,인천광역시,연수구,43,115
202104,인천광역시,연수구,44,98
202104,인천광역시,연수구,45,99
202104,인천광역시,연수구,46,139
202104,인천광역시,연수구,47,166
202104,인천광역시,연수구,48,177
202104,인천광역시,연수구,49,196
202104,인천광역시,연수구,50,196
202104,인천광역시,연수구,51,172
202104,인천광역시,연수구,52,192
202104,인천광역시,연수구,53,195
202104,인천광역시,연수구,54,165
202104,인천광역시,연수구,55,217
202104,인천광역시,연수구,56,161
202104,인천광역시,연수구,57,168
202104,인천광역시,연수구,58,229
202104,인천광역시,연수구,59,232
202104,인천광역시,연수구,60,242
202104,인천광역시,연수구,61,230
202104,인천광역시,연수구,62,203
202104,인천광역시,연수구,63,216
202104,인천광역시,연수구,64,200
202104,인천광역시,연수구,65,232
202104,인천광역시,연수구,66,248
202104,인천광역시,연수구,67,205
202104,인천광역시,연수구,68,185
202104,인천광역시,연수구,69,144
202104,인천광역시,연수구,70,129
202104,인천광역시,연수구,71,158
202104,인천광역시,연수구,72,183
202104,인천광역시,연수구,73,177
202104,인천광역시,연수구,74,165
202104,인천광역시,연수구,75,130
202104,인천광역시,연수구,76,152
202104,인천광역시,연수구,77,162
202104,인천광역시,연수구,78,194
202104,인천광역시,연수구,79,184
202104,인천광역시,연수구,80,151
202104,인천광역시,연수구,81,173
202104,인천광역시,연수구,82,173
202104,인천광역시,연수구,83,148
202104,인천광역시,연수구,84,131
202104,인천광역시,연수구,85,114
202104,인천광역시,연수구,86,119
202104,인천광역시,연수구,87,101
202104,인천광역시,연수구,88,86
202104,인천광역시,연수구,89,63
202104,인천광역시,연수구,90,63
202104,인천광역시,연수구,91,38
202104,인천광역시,연수구,92,40
202104,인천광역시,연수구,93,31
202104,인천광역시,연수구,94,24
202104,인천광역시,연수구,95,29
202104,인천광역시,연수구,96,8
202104,인천광역시,연수구,97,12
202104,인천광역시,연수구,98,12
202104,인천광역시,연수구,99,6
202104,인천광역시,연수구,100,1
202104,인천광역시,연수구,101,2
202104,인천광역시,연수구,102,1
202104,인천광역시,연수구,103,2
202104,인천광역시,남동구,0,56
202104,인천광역시,남동구,1,118
202104,인천광역시,남동구,2,130
202104,인천광역시,남동구,3,133
202104,인천광역시,남동구,4,152
202104,인천광역시,남동구,5,183
202104,인천광역시,남동구,6,210
202104,인천광역시,남동구,7,264
202104,인천광역시,남동구,8,337
202104,인천광역시,남동구,9,353
202104,인천광역시,남동구,10,370
202104,인천광역시,남동구,11,311
202104,인천광역시,남동구,12,376
202104,인천광역시,남동구,13,392
202104,인천광역시,남동구,14,406
202104,인천광역시,남동구,15,366
202104,인천광역시,남동구,16,407
202104,인천광역시,남동구,17,436
202104,인천광역시,남동구,18,420
202104,인천광역시,남동구,19,325
202104,인천광역시,남동구,20,294
202104,인천광역시,남동구,21,265
202104,인천광역시,남동구,22,225
202104,인천광역시,남동구,23,230
202104,인천광역시,남동구,24,209
202104,인천광역시,남동구,25,189
202104,인천광역시,남동구,26,135
202104,인천광역시,남동구,27,139
202104,인천광역시,남동구,28,115
202104,인천광역시,남동구,29,129
202104,인천광역시,남동구,30,134
202104,인천광역시,남동구,31,154
202104,인천광역시,남동구,32,136
202104,인천광역시,남동구,33,128
202104,인천광역시,남동구,34,158
202104,인천광역시,남동구,35,152
202104,인천광역시,남동구,36,144
202104,인천광역시,남동구,37,187
202104,인천광역시,남동구,38,230
202104,인천광역시,남동구,39,264
202104,인천광역시,남동구,40,258
202104,인천광역시,남동구,41,270
202104,인천광역시,남동구,42,258
202104,인천광역시,남동구,43,283
202104,인천광역시,남동구,44,265
202104,인천광역시,남동구,45,307
202104,인천광역시,남동구,46,341
202104,인천광역시,남동구,47,398
202104,인천광역시,남동구,48,435
202104,인천광역시,남동구,49,383
202104,인천광역시,남동구,50,414
202104,인천광역시,남동구,51,455
202104,인천광역시,남동구,52,434
202104,인천광역시,남동구,53,446
202104,인천광역시,남동구,54,432
202104,인천광역시,남동구,55,366
202104,인천광역시,남동구,56,424
202104,인천광역시,남동구,57,444
202104,인천광역시,남동구,58,461
202104,인천광역시,남동구,59,447
202104,인천광역시,남동구,60,555
202104,인천광역시,남동구,61,514
202104,인천광역시,남동구,62,468
202104,인천광역시,남동구,63,543
202104,인천광역시,남동구,64,439
202104,인천광역시,남동구,65,455
202104,인천광역시,남동구,66,546
202104,인천광역시,남동구,67,446
202104,인천광역시,남동구,68,462
202104,인천광역시,남동구,69,383
202104,인천광역시,남동구,70,392
202104,인천광역시,남동구,71,406
202104,인천광역시,남동구,72,413
202104,인천광역시,남동구,73,435
202104,인천광역시,남동구,74,464
202104,인천광역시,남동구,75,359
202104,인천광역시,남동구,76,402
202104,인천광역시,남동구,77,424
202104,인천광역시,남동구,78,517
202104,인천광역시,남동구,79,496
202104,인천광역시,남동구,80,430
202104,인천광역시,남동구,81,373
202104,인천광역시,남동구,82,379
202104,인천광역시,남동구,83,375
202104,인천광역시,남동구,84,319
202104,인천광역시,남동구,85,277
202104,인천광역시,남동구,86,231
202104,인천광역시,남동구,87,194
202104,인천광역시,남동구,88,154
202104,인천광역시,남동구,89,140
202104,인천광역시,남동구,90,85
202104,인천광역시,남동구,91,90
202104,인천광역시,남동구,92,63
202104,인천광역시,남동구,93,51
202104,인천광역시,남동구,94,31
202104,인천광역시,남동구,95,21
202104,인천광역시,남동구,96,20
202104,인천광역시,남동구,97,12
202104,인천광역시,남동구,98,14
202104,인천광역시,남동구,99,5
202104,인천광역시,남동구,100,4
202104,인천광역시,남동구,101,3
202104,인천광역시,남동구,102,3
202104,인천광역시,남동구,103,1
202104,인천광역시,남동구,105,1
202104,인천광역시,남동구,108,1
202104,인천광역시,부평구,0,32
202104,인천광역시,부평구,1,74
202104,인천광역시,부평구,2,83
202104,인천광역시,부평구,3,71
202104,인천광역시,부평구,4,98
202104,인천광역시,부평구,5,105
202104,인천광역시,부평구,6,139
202104,인천광역시,부평구,7,218
202104,인천광역시,부평구,8,254
202104,인천광역시,부평구,9,302
202104,인천광역시,부평구,10,305
202104,인천광역시,부평구,11,290
202104,인천광역시,부평구,12,334
202104,인천광역시,부평구,13,360
202104,인천광역시,부평구,14,379
202104,인천광역시,부평구,15,379
202104,인천광역시,부평구,16,424
202104,인천광역시,부평구,17,484
202104,인천광역시,부평구,18,444
202104,인천광역시,부평구,19,391
202104,인천광역시,부평구,20,278
202104,인천광역시,부평구,21,257
202104,인천광역시,부평구,22,275
202104,인천광역시,부평구,23,266
202104,인천광역시,부평구,24,228
202104,인천광역시,부평구,25,183
202104,인천광역시,부평구,26,150
202104,인천광역시,부평구,27,137
202104,인천광역시,부평구,28,106
202104,인천광역시,부평구,29,106
202104,인천광역시,부평구,30,99
202104,인천광역시,부평구,31,108
202104,인천광역시,부평구,32,106
202104,인천광역시,부평구,33,118
202104,인천광역시,부평구,34,104
202104,인천광역시,부평구,35,104
202104,인천광역시,부평구,36,146
202104,인천광역시,부평구,37,171
202104,인천광역시,부평구,38,175
202104,인천광역시,부평구,39,218
202104,인천광역시,부평구,40,232
202104,인천광역시,부평구,41,230
202104,인천광역시,부평구,42,267
202104,인천광역시,부평구,43,278
202104,인천광역시,부평구,44,284
202104,인천광역시,부평구,45,288
202104,인천광역시,부평구,46,373
202104,인천광역시,부평구,47,363
202104,인천광역시,부평구,48,419
202104,인천광역시,부평구,49,437
202104,인천광역시,부평구,50,461
202104,인천광역시,부평구,51,482
202104,인천광역시,부평구,52,452
202104,인천광역시,부평구,53,440
202104,인천광역시,부평구,54,466
202104,인천광역시,부평구,55,475
202104,인천광역시,부평구,56,463
202104,인천광역시,부평구,57,427
202104,인천광역시,부평구,58,521
202104,인천광역시,부평구,59,512
202104,인천광역시,부평구,60,599
202104,인천광역시,부평구,61,552
202104,인천광역시,부평구,62,570
202104,인천광역시,부평구,63,570
202104,인천광역시,부평구,64,511
202104,인천광역시,부평구,65,563
202104,인천광역시,부평구,66,557
202104,인천광역시,부평구,67,477
202104,인천광역시,부평구,68,469
202104,인천광역시,부평구,69,463
202104,인천광역시,부평구,70,429
202104,인천광역시,부평구,71,393
202104,인천광역시,부평구,72,464
202104,인천광역시,부평구,73,425
202104,인천광역시,부평구,74,429
202104,인천광역시,부평구,75,360
202104,인천광역시,부평구,76,349
202104,인천광역시,부평구,77,398
202104,인천광역시,부평구,78,408
202104,인천광역시,부평구,79,387
202104,인천광역시,부평구,80,364
202104,인천광역시,부평구,81,360
202104,인천광역시,부평구,82,362
202104,인천광역시,부평구,83,305
202104,인천광역시,부평구,84,296
202104,인천광역시,부평구,85,282
202104,인천광역시,부평구,86,227
202104,인천광역시,부평구,87,182
202104,인천광역시,부평구,88,164
202104,인천광역시,부평구,89,116
202104,인천광역시,부평구,90,111
202104,인천광역시,부평구,91,84
202104,인천광역시,부평구,92,73
202104,인천광역시,부평구,93,53
202104,인천광역시,부평구,94,38
202104,인천광역시,부평구,95,22
202104,인천광역시,부평구,96,17
202104,인천광역시,부평구,97,13
202104,인천광역시,부평구,98,9
202104,인천광역시,부평구,99,12
202104,인천광역시,부평구,100,4
202104,인천광역시,부평구,101,1
202104,인천광역시,부평구,103,1
202104,인천광역시,부평구,105,2
202104,인천광역시,부평구,107,1
202104,인천광역시,부평구,127,1
202104,인천광역시,계양구,0,14
202104,인천광역시,계양구,1,44
202104,인천광역시,계양구,2,46
202104,인천광역시,계양구,3,42
202104,인천광역시,계양구,4,66
202104,인천광역시,계양구,5,63
202104,인천광역시,계양구,6,87
202104,인천광역시,계양구,7,128
202104,인천광역시,계양구,8,159
202104,인천광역시,계양구,9,205
202104,인천광역시,계양구,10,193
202104,인천광역시,계양구,11,201
202104,인천광역시,계양구,12,181
202104,인천광역시,계양구,13,242
202104,인천광역시,계양구,14,245
202104,인천광역시,계양구,15,225
202104,인천광역시,계양구,16,237
202104,인천광역시,계양구,17,300
202104,인천광역시,계양구,18,249
202104,인천광역시,계양구,19,223
202104,인천광역시,계양구,20,176
202104,인천광역시,계양구,21,178
202104,인천광역시,계양구,22,125
202104,인천광역시,계양구,23,135
202104,인천광역시,계양구,24,119
202104,인천광역시,계양구,25,89
202104,인천광역시,계양구,26,68
202104,인천광역시,계양구,27,61
202104,인천광역시,계양구,28,53
202104,인천광역시,계양구,29,64
202104,인천광역시,계양구,30,56
202104,인천광역시,계양구,31,78
202104,인천광역시,계양구,32,63
202104,인천광역시,계양구,33,54
202104,인천광역시,계양구,34,74
202104,인천광역시,계양구,35,72
202104,인천광역시,계양구,36,88
202104,인천광역시,계양구,37,92
202104,인천광역시,계양구,38,120
202104,인천광역시,계양구,39,122
202104,인천광역시,계양구,40,142
202104,인천광역시,계양구,41,161
202104,인천광역시,계양구,42,140
202104,인천광역시,계양구,43,152
202104,인천광역시,계양구,44,151
202104,인천광역시,계양구,45,176
202104,인천광역시,계양구,46,210
202104,인천광역시,계양구,47,230
202104,인천광역시,계양구,48,255
202104,인천광역시,계양구,49,262
202104,인천광역시,계양구,50,250
202104,인천광역시,계양구,51,251
202104,인천광역시,계양구,52,244
202104,인천광역시,계양구,53,237
202104,인천광역시,계양구,54,251
202104,인천광역시,계양구,55,261
202104,인천광역시,계양구,56,248
202104,인천광역시,계양구,57,208
202104,인천광역시,계양구,58,268
202104,인천광역시,계양구,59,253
202104,인천광역시,계양구,60,275
202104,인천광역시,계양구,61,255
202104,인천광역시,계양구,62,244
202104,인천광역시,계양구,63,234
202104,인천광역시,계양구,64,220
202104,인천광역시,계양구,65,256
202104,인천광역시,계양구,66,272
202104,인천광역시,계양구,67,197
202104,인천광역시,계양구,68,190
202104,인천광역시,계양구,69,188
202104,인천광역시,계양구,70,164
202104,인천광역시,계양구,71,175
202104,인천광역시,계양구,72,180
202104,인천광역시,계양구,73,200
202104,인천광역시,계양구,74,204
202104,인천광역시,계양구,75,142
202104,인천광역시,계양구,76,171
202104,인천광역시,계양구,77,177
202104,인천광역시,계양구,78,203
202104,인천광역시,계양구,79,260
202104,인천광역시,계양구,80,175
202104,인천광역시,계양구,81,189
202104,인천광역시,계양구,82,199
202104,인천광역시,계양구,83,160
202104,인천광역시,계양구,84,149
202104,인천광역시,계양구,85,161
202104,인천광역시,계양구,86,147
202104,인천광역시,계양구,87,104
202104,인천광역시,계양구,88,86
202104,인천광역시,계양구,89,77
202104,인천광역시,계양구,90,66
202104,인천광역시,계양구,91,55
202104,인천광역시,계양구,92,37
202104,인천광역시,계양구,93,37
202104,인천광역시,계양구,94,24
202104,인천광역시,계양구,95,12
202104,인천광역시,계양구,96,14
202104,인천광역시,계양구,97,10
202104,인천광역시,계양구,98,8
202104,인천광역시,계양구,99,5
202104,인천광역시,계양구,100,3
202104,인천광역시,계양구,101,1
202104,인천광역시,계양구,103,1
202104,인천광역시,서구,0,34
202104,인천광역시,서구,1,57
202104,인천광역시,서구,2,83
202104,인천광역시,서구,3,98
202104,인천광역시,서구,4,117
202104,인천광역시,서구,5,141
202104,인천광역시,서구,6,191
202104,인천광역시,서구,7,222
202104,인천광역시,서구,8,309
202104,인천광역시,서구,9,324
202104,인천광역시,서구,10,382
202104,인천광역시,서구,11,286
202104,인천광역시,서구,12,338
202104,인천광역시,서구,13,382
202104,인천광역시,서구,14,348
202104,인천광역시,서구,15,372
202104,인천광역시,서구,16,433
202104,인천광역시,서구,17,377
202104,인천광역시,서구,18,348
202104,인천광역시,서구,19,298
202104,인천광역시,서구,20,210
202104,인천광역시,서구,21,211
202104,인천광역시,서구,22,180
202104,인천광역시,서구,23,148
202104,인천광역시,서구,24,146
202104,인천광역시,서구,25,118
202104,인천광역시,서구,26,80
202104,인천광역시,서구,27,82
202104,인천광역시,서구,28,80
202104,인천광역시,서구,29,91
202104,인천광역시,서구,30,73
202104,인천광역시,서구,31,77
202104,인천광역시,서구,32,100
202104,인천광역시,서구,33,90
202104,인천광역시,서구,34,113
202104,인천광역시,서구,35,115
202104,인천광역시,서구,36,139
202104,인천광역시,서구,37,162
202104,인천광역시,서구,38,180
202104,인천광역시,서구,39,192
202104,인천광역시,서구,40,205
202104,인천광역시,서구,41,207
202104,인천광역시,서구,42,223
202104,인천광역시,서구,43,237
202104,인천광역시,서구,44,240
202104,인천광역시,서구,45,236
202104,인천광역시,서구,46,275
202104,인천광역시,서구,47,311
202104,인천광역시,서구,48,309
202104,인천광역시,서구,49,301
202104,인천광역시,서구,50,296
202104,인천광역시,서구,51,285
202104,인천광역시,서구,52,328
202104,인천광역시,서구,53,317
202104,인천광역시,서구,54,266
202104,인천광역시,서구,55,314
202104,인천광역시,서구,56,315
202104,인천광역시,서구,57,270
202104,인천광역시,서구,58,330
202104,인천광역시,서구,59,321
202104,인천광역시,서구,60,375
202104,인천광역시,서구,61,332
202104,인천광역시,서구,62,341
202104,인천광역시,서구,63,312
202104,인천광역시,서구,64,321
202104,인천광역시,서구,65,327
202104,인천광역시,서구,66,370
202104,인천광역시,서구,67,274
202104,인천광역시,서구,68,286
202104,인천광역시,서구,69,253
202104,인천광역시,서구,70,220
202104,인천광역시,서구,71,248
202104,인천광역시,서구,72,259
202104,인천광역시,서구,73,270
202104,인천광역시,서구,74,278
202104,인천광역시,서구,75,178
202104,인천광역시,서구,76,245
202104,인천광역시,서구,77,239
202104,인천광역시,서구,78,275
202104,인천광역시,서구,79,268
202104,인천광역시,서구,80,232
202104,인천광역시,서구,81,223
202104,인천광역시,서구,82,199
202104,인천광역시,서구,83,216
202104,인천광역시,서구,84,194
202104,인천광역시,서구,85,189
202104,인천광역시,서구,86,129
202104,인천광역시,서구,87,137
202104,인천광역시,서구,88,106
202104,인천광역시,서구,89,80
202104,인천광역시,서구,90,74
202104,인천광역시,서구,91,62
202104,인천광역시,서구,92,50
202104,인천광역시,서구,93,37
202104,인천광역시,서구,94,29
202104,인천광역시,서구,95,15
202104,인천광역시,서구,96,16
202104,인천광역시,서구,97,5
202104,인천광역시,서구,98,7
202104,인천광역시,서구,99,3
202104,인천광역시,서구,100,4
202104,인천광역시,서구,103,2
202104,인천광역시,강화군,0,7
202104,인천광역시,강화군,1,9
202104,인천광역시,강화군,2,4
202104,인천광역시,강화군,3,9
202104,인천광역시,강화군,4,13
202104,인천광역시,강화군,5,18
202104,인천광역시,강화군,6,31
202104,인천광역시,강화군,7,22
202104,인천광역시,강화군,8,39
202104,인천광역시,강화군,9,33
202104,인천광역시,강화군,10,36
202104,인천광역시,강화군,11,33
202104,인천광역시,강화군,12,50
202104,인천광역시,강화군,13,34
202104,인천광역시,강화군,14,42
202104,인천광역시,강화군,15,36
202104,인천광역시,강화군,16,30
202104,인천광역시,강화군,17,47
202104,인천광역시,강화군,18,39
202104,인천광역시,강화군,19,31
202104,인천광역시,강화군,20,29
202104,인천광역시,강화군,21,23
202104,인천광역시,강화군,22,28
202104,인천광역시,강화군,23,12
202104,인천광역시,강화군,24,13
202104,인천광역시,강화군,25,11
202104,인천광역시,강화군,26,10
202104,인천광역시,강화군,27,9
202104,인천광역시,강화군,28,5
202104,인천광역시,강화군,29,6
202104,인천광역시,강화군,30,11
202104,인천광역시,강화군,31,5
202104,인천광역시,강화군,32,7
202104,인천광역시,강화군,33,12
202104,인천광역시,강화군,34,12
202104,인천광역시,강화군,35,8
202104,인천광역시,강화군,36,8
202104,인천광역시,강화군,37,17
202104,인천광역시,강화군,38,19
202104,인천광역시,강화군,39,19
202104,인천광역시,강화군,40,20
202104,인천광역시,강화군,41,28
202104,인천광역시,강화군,42,17
202104,인천광역시,강화군,43,31
202104,인천광역시,강화군,44,23
202104,인천광역시,강화군,45,36
202104,인천광역시,강화군,46,29
202104,인천광역시,강화군,47,31
202104,인천광역시,강화군,48,40
202104,인천광역시,강화군,49,34
202104,인천광역시,강화군,50,43
202104,인천광역시,강화군,51,51
202104,인천광역시,강화군,52,50
202104,인천광역시,강화군,53,56
202104,인천광역시,강화군,54,56
202104,인천광역시,강화군,55,68
202104,인천광역시,강화군,56,51
202104,인천광역시,강화군,57,46
202104,인천광역시,강화군,58,48
202104,인천광역시,강화군,59,58
202104,인천광역시,강화군,60,65
202104,인천광역시,강화군,61,58
202104,인천광역시,강화군,62,65
202104,인천광역시,강화군,63,63
202104,인천광역시,강화군,64,77
202104,인천광역시,강화군,65,67
202104,인천광역시,강화군,66,78
202104,인천광역시,강화군,67,56
202104,인천광역시,강화군,68,64
202104,인천광역시,강화군,69,64
202104,인천광역시,강화군,70,48
202104,인천광역시,강화군,71,53
202104,인천광역시,강화군,72,64
202104,인천광역시,강화군,73,62
202104,인천광역시,강화군,74,84
202104,인천광역시,강화군,75,70
202104,인천광역시,강화군,76,60
202104,인천광역시,강화군,77,80
202104,인천광역시,강화군,78,81
202104,인천광역시,강화군,79,85
202104,인천광역시,강화군,80,67
202104,인천광역시,강화군,81,72
202104,인천광역시,강화군,82,77
202104,인천광역시,강화군,83,60
202104,인천광역시,강화군,84,68
202104,인천광역시,강화군,85,69
202104,인천광역시,강화군,86,47
202104,인천광역시,강화군,87,67
202104,인천광역시,강화군,88,46
202104,인천광역시,강화군,89,38
202104,인천광역시,강화군,90,28
202104,인천광역시,강화군,91,19
202104,인천광역시,강화군,92,24
202104,인천광역시,강화군,93,21
202104,인천광역시,강화군,94,13
202104,인천광역시,강화군,95,14
202104,인천광역시,강화군,96,9
202104,인천광역시,강화군,97,2
202104,인천광역시,강화군,98,4
202104,인천광역시,강화군,99,1
202104,인천광역시,강화군,102,1
202104,인천광역시,강화군,103,1
202104,인천광역시,옹진군,0,1
202104,인천광역시,옹진군,1,1
202104,인천광역시,옹진군,2,1
202104,인천광역시,옹진군,4,2
202104,인천광역시,옹진군,5,2
202104,인천광역시,옹진군,6,2
202104,인천광역시,옹진군,7,2
202104,인천광역시,옹진군,8,5
202104,인천광역시,옹진군,9,5
202104,인천광역시,옹진군,10,3
202104,인천광역시,옹진군,11,5
202104,인천광역시,옹진군,12,5
202104,인천광역시,옹진군,13,3
202104,인천광역시,옹진군,14,9
202104,인천광역시,옹진군,15,6
202104,인천광역시,옹진군,16,9
202104,인천광역시,옹진군,17,6
202104,인천광역시,옹진군,18,12
202104,인천광역시,옹진군,19,8
202104,인천광역시,옹진군,20,8
202104,인천광역시,옹진군,21,9
202104,인천광역시,옹진군,22,4
202104,인천광역시,옹진군,23,4
202104,인천광역시,옹진군,24,3
202104,인천광역시,옹진군,25,1
202104,인천광역시,옹진군,26,1
202104,인천광역시,옹진군,28,2
202104,인천광역시,옹진군,31,1
202104,인천광역시,옹진군,33,3
202104,인천광역시,옹진군,35,1
202104,인천광역시,옹진군,36,3
202104,인천광역시,옹진군,37,1
202104,인천광역시,옹진군,38,1
202104,인천광역시,옹진군,40,3
202104,인천광역시,옹진군,41,4
202104,인천광역시,옹진군,42,3
202104,인천광역시,옹진군,43,8
202104,인천광역시,옹진군,44,5
202104,인천광역시,옹진군,45,6
202104,인천광역시,옹진군,46,5
202104,인천광역시,옹진군,47,5
202104,인천광역시,옹진군,48,10
202104,인천광역시,옹진군,49,4
202104,인천광역시,옹진군,50,7
202104,인천광역시,옹진군,51,6
202104,인천광역시,옹진군,52,6
202104,인천광역시,옹진군,53,6
202104,인천광역시,옹진군,54,6
202104,인천광역시,옹진군,55,6
202104,인천광역시,옹진군,56,9
202104,인천광역시,옹진군,57,10
202104,인천광역시,옹진군,58,6
202104,인천광역시,옹진군,59,7
202104,인천광역시,옹진군,60,12
202104,인천광역시,옹진군,61,6
202104,인천광역시,옹진군,62,16
202104,인천광역시,옹진군,63,16
202104,인천광역시,옹진군,64,9
202104,인천광역시,옹진군,65,15
202104,인천광역시,옹진군,66,16
202104,인천광역시,옹진군,67,11
202104,인천광역시,옹진군,68,10
202104,인천광역시,옹진군,69,15
202104,인천광역시,옹진군,70,6
202104,인천광역시,옹진군,71,7
202104,인천광역시,옹진군,72,6
202104,인천광역시,옹진군,73,8
202104,인천광역시,옹진군,74,4
202104,인천광역시,옹진군,75,7
202104,인천광역시,옹진군,76,9
202104,인천광역시,옹진군,77,9
202104,인천광역시,옹진군,78,9
202104,인천광역시,옹진군,79,8
202104,인천광역시,옹진군,80,7
202104,인천광역시,옹진군,81,9
202104,인천광역시,옹진군,82,10
202104,인천광역시,옹진군,83,8
202104,인천광역시,옹진군,84,8
202104,인천광역시,옹진군,85,6
202104,인천광역시,옹진군,86,4
202104,인천광역시,옹진군,87,5
202104,인천광역시,옹진군,88,3
202104,인천광역시,옹진군,89,10
202104,인천광역시,옹진군,90,3
202104,인천광역시,옹진군,92,2
202104,인천광역시,옹진군,93,3
202104,인천광역시,옹진군,94,3
202104,인천광역시,옹진군,95,3
202104,인천광역시,옹진군,96,1
202104,인천광역시,옹진군,97,1
202104,인천광역시,옹진군,98,2
202104,인천광역시,옹진군,99,1
202104,인천광역시,옹진군,101,1
202104,광주광역시,동구,0,8
202104,광주광역시,동구,1,12
202104,광주광역시,동구,2,19
202104,광주광역시,동구,3,21
202104,광주광역시,동구,4,14
202104,광주광역시,동구,5,30
202104,광주광역시,동구,6,37
202104,광주광역시,동구,7,48
202104,광주광역시,동구,8,58
202104,광주광역시,동구,9,54
202104,광주광역시,동구,10,74
202104,광주광역시,동구,11,60
202104,광주광역시,동구,12,52
202104,광주광역시,동구,13,63
202104,광주광역시,동구,14,55
202104,광주광역시,동구,15,68
202104,광주광역시,동구,16,100
202104,광주광역시,동구,17,102
202104,광주광역시,동구,18,76
202104,광주광역시,동구,19,75
202104,광주광역시,동구,20,73
202104,광주광역시,동구,21,82
202104,광주광역시,동구,22,90
202104,광주광역시,동구,23,68
202104,광주광역시,동구,24,67
202104,광주광역시,동구,25,56
202104,광주광역시,동구,26,47
202104,광주광역시,동구,27,23
202104,광주광역시,동구,28,25
202104,광주광역시,동구,29,25
202104,광주광역시,동구,30,21
202104,광주광역시,동구,31,22
202104,광주광역시,동구,32,28
202104,광주광역시,동구,33,19
202104,광주광역시,동구,34,28
202104,광주광역시,동구,35,24
202104,광주광역시,동구,36,27
202104,광주광역시,동구,37,33
202104,광주광역시,동구,38,36
202104,광주광역시,동구,39,34
202104,광주광역시,동구,40,39
202104,광주광역시,동구,41,48
202104,광주광역시,동구,42,57
202104,광주광역시,동구,43,54
202104,광주광역시,동구,44,70
202104,광주광역시,동구,45,53
202104,광주광역시,동구,46,67
202104,광주광역시,동구,47,63
202104,광주광역시,동구,48,84
202104,광주광역시,동구,49,91
202104,광주광역시,동구,50,110
202104,광주광역시,동구,51,111
202104,광주광역시,동구,52,86
202104,광주광역시,동구,53,115
202104,광주광역시,동구,54,104
202104,광주광역시,동구,55,107
202104,광주광역시,동구,56,84
202104,광주광역시,동구,57,109
202104,광주광역시,동구,58,100
202104,광주광역시,동구,59,116
202104,광주광역시,동구,60,138
202104,광주광역시,동구,61,124
202104,광주광역시,동구,62,105
202104,광주광역시,동구,63,138
202104,광주광역시,동구,64,106
202104,광주광역시,동구,65,122
202104,광주광역시,동구,66,130
202104,광주광역시,동구,67,100
202104,광주광역시,동구,68,126
202104,광주광역시,동구,69,96
202104,광주광역시,동구,70,85
202104,광주광역시,동구,71,89
202104,광주광역시,동구,72,86
202104,광주광역시,동구,73,99
202104,광주광역시,동구,74,104
202104,광주광역시,동구,75,70
202104,광주광역시,동구,76,73
202104,광주광역시,동구,77,71
202104,광주광역시,동구,78,83
202104,광주광역시,동구,79,100
202104,광주광역시,동구,80,75
202104,광주광역시,동구,81,78
202104,광주광역시,동구,82,67
202104,광주광역시,동구,83,58
202104,광주광역시,동구,84,55
202104,광주광역시,동구,85,49
202104,광주광역시,동구,86,50
202104,광주광역시,동구,87,40
202104,광주광역시,동구,88,26
202104,광주광역시,동구,89,25
202104,광주광역시,동구,90,18
202104,광주광역시,동구,91,17
202104,광주광역시,동구,92,11
202104,광주광역시,동구,93,11
202104,광주광역시,동구,94,11
202104,광주광역시,동구,95,4
202104,광주광역시,동구,96,4
202104,광주광역시,동구,97,2
202104,광주광역시,동구,98,2
202104,광주광역시,동구,99,1
202104,광주광역시,동구,100,1
202104,광주광역시,동구,103,1
202104,광주광역시,동구,105,1
202104,광주광역시,서구,0,22
202104,광주광역시,서구,1,41
202104,광주광역시,서구,2,63
202104,광주광역시,서구,3,60
202104,광주광역시,서구,4,75
202104,광주광역시,서구,5,87
202104,광주광역시,서구,6,129
202104,광주광역시,서구,7,167
202104,광주광역시,서구,8,187
202104,광주광역시,서구,9,189
202104,광주광역시,서구,10,214
202104,광주광역시,서구,11,201
202104,광주광역시,서구,12,188
202104,광주광역시,서구,13,245
202104,광주광역시,서구,14,244
202104,광주광역시,서구,15,267
202104,광주광역시,서구,16,277
202104,광주광역시,서구,17,316
202104,광주광역시,서구,18,298
202104,광주광역시,서구,19,237
202104,광주광역시,서구,20,239
202104,광주광역시,서구,21,210
202104,광주광역시,서구,22,282
202104,광주광역시,서구,23,241
202104,광주광역시,서구,24,180
202104,광주광역시,서구,25,150
202104,광주광역시,서구,26,125
202104,광주광역시,서구,27,93
202104,광주광역시,서구,28,86
202104,광주광역시,서구,29,86
202104,광주광역시,서구,30,64
202104,광주광역시,서구,31,85
202104,광주광역시,서구,32,85
202104,광주광역시,서구,33,78
202104,광주광역시,서구,34,70
202104,광주광역시,서구,35,87
202104,광주광역시,서구,36,83
202104,광주광역시,서구,37,99
202104,광주광역시,서구,38,126
202104,광주광역시,서구,39,140
202104,광주광역시,서구,40,133
202104,광주광역시,서구,41,164
202104,광주광역시,서구,42,173
202104,광주광역시,서구,43,182
202104,광주광역시,서구,44,213
202104,광주광역시,서구,45,180
202104,광주광역시,서구,46,236
202104,광주광역시,서구,47,238
202104,광주광역시,서구,48,275
202104,광주광역시,서구,49,276
202104,광주광역시,서구,50,277
202104,광주광역시,서구,51,273
202104,광주광역시,서구,52,299
202104,광주광역시,서구,53,287
202104,광주광역시,서구,54,293
202104,광주광역시,서구,55,276
202104,광주광역시,서구,56,284
202104,광주광역시,서구,57,263
202104,광주광역시,서구,58,285
202104,광주광역시,서구,59,295
202104,광주광역시,서구,60,321
202104,광주광역시,서구,61,295
202104,광주광역시,서구,62,263
202104,광주광역시,서구,63,309
202104,광주광역시,서구,64,254
202104,광주광역시,서구,65,237
202104,광주광역시,서구,66,310
202104,광주광역시,서구,67,244
202104,광주광역시,서구,68,219
202104,광주광역시,서구,69,221
202104,광주광역시,서구,70,193
202104,광주광역시,서구,71,219
202104,광주광역시,서구,72,222
202104,광주광역시,서구,73,236
202104,광주광역시,서구,74,209
202104,광주광역시,서구,75,153
202104,광주광역시,서구,76,156
202104,광주광역시,서구,77,173
202104,광주광역시,서구,78,214
202104,광주광역시,서구,79,201
202104,광주광역시,서구,80,169
202104,광주광역시,서구,81,162
202104,광주광역시,서구,82,137
202104,광주광역시,서구,83,145
202104,광주광역시,서구,84,129
202104,광주광역시,서구,85,123
202104,광주광역시,서구,86,88
202104,광주광역시,서구,87,73
202104,광주광역시,서구,88,64
202104,광주광역시,서구,89,50
202104,광주광역시,서구,90,38
202104,광주광역시,서구,91,47
202104,광주광역시,서구,92,24
202104,광주광역시,서구,93,21
202104,광주광역시,서구,94,12
202104,광주광역시,서구,95,11
202104,광주광역시,서구,96,4
202104,광주광역시,서구,97,4
202104,광주광역시,서구,98,5
202104,광주광역시,서구,99,2
202104,광주광역시,서구,100,1
202104,광주광역시,서구,101,2
202104,광주광역시,서구,102,1
202104,광주광역시,서구,104,1
202104,광주광역시,서구,105,1
202104,광주광역시,남구,0,20
202104,광주광역시,남구,1,32
202104,광주광역시,남구,2,48
202104,광주광역시,남구,3,57
202104,광주광역시,남구,4,52
202104,광주광역시,남구,5,67
202104,광주광역시,남구,6,120
202104,광주광역시,남구,7,117
202104,광주광역시,남구,8,160
202104,광주광역시,남구,9,173
202104,광주광역시,남구,10,156
202104,광주광역시,남구,11,174
202104,광주광역시,남구,12,190
202104,광주광역시,남구,13,169
202104,광주광역시,남구,14,221
202104,광주광역시,남구,15,210
202104,광주광역시,남구,16,245
202104,광주광역시,남구,17,236
202104,광주광역시,남구,18,180
202104,광주광역시,남구,19,194
202104,광주광역시,남구,20,171
202104,광주광역시,남구,21,161
202104,광주광역시,남구,22,184
202104,광주광역시,남구,23,173
202104,광주광역시,남구,24,133
202104,광주광역시,남구,25,123
202104,광주광역시,남구,26,93
202104,광주광역시,남구,27,56
202104,광주광역시,남구,28,46
202104,광주광역시,남구,29,56
202104,광주광역시,남구,30,32
202104,광주광역시,남구,31,42
202104,광주광역시,남구,32,55
202104,광주광역시,남구,33,41
202104,광주광역시,남구,34,51
202104,광주광역시,남구,35,55
202104,광주광역시,남구,36,67
202104,광주광역시,남구,37,78
202104,광주광역시,남구,38,98
202104,광주광역시,남구,39,130
202104,광주광역시,남구,40,111
202104,광주광역시,남구,41,108
202104,광주광역시,남구,42,112
202104,광주광역시,남구,43,120
202104,광주광역시,남구,44,127
202104,광주광역시,남구,45,144
202104,광주광역시,남구,46,147
202104,광주광역시,남구,47,175
202104,광주광역시,남구,48,195
202104,광주광역시,남구,49,201
202104,광주광역시,남구,50,181
202104,광주광역시,남구,51,200
202104,광주광역시,남구,52,236
202104,광주광역시,남구,53,213
202104,광주광역시,남구,54,209
202104,광주광역시,남구,55,207
202104,광주광역시,남구,56,202
202104,광주광역시,남구,57,168
202104,광주광역시,남구,58,212
202104,광주광역시,남구,59,196
202104,광주광역시,남구,60,205
202104,광주광역시,남구,61,216
202104,광주광역시,남구,62,188
202104,광주광역시,남구,63,195
202104,광주광역시,남구,64,193
202104,광주광역시,남구,65,186
202104,광주광역시,남구,66,206
202104,광주광역시,남구,67,138
202104,광주광역시,남구,68,150
202104,광주광역시,남구,69,170
202104,광주광역시,남구,70,141
202104,광주광역시,남구,71,164
202104,광주광역시,남구,72,140
202104,광주광역시,남구,73,151
202104,광주광역시,남구,74,168
202104,광주광역시,남구,75,117
202104,광주광역시,남구,76,131
202104,광주광역시,남구,77,136
202104,광주광역시,남구,78,171
202104,광주광역시,남구,79,158
202104,광주광역시,남구,80,133
202104,광주광역시,남구,81,146
202104,광주광역시,남구,82,140
202104,광주광역시,남구,83,111
202104,광주광역시,남구,84,121
202104,광주광역시,남구,85,97
202104,광주광역시,남구,86,93
202104,광주광역시,남구,87,86
202104,광주광역시,남구,88,66
202104,광주광역시,남구,89,53
202104,광주광역시,남구,90,55
202104,광주광역시,남구,91,48
202104,광주광역시,남구,92,32
202104,광주광역시,남구,93,24
202104,광주광역시,남구,94,22
202104,광주광역시,남구,95,5
202104,광주광역시,남구,96,13
202104,광주광역시,남구,97,5
202104,광주광역시,남구,98,4
202104,광주광역시,남구,99,2
202104,광주광역시,남구,101,2
202104,광주광역시,남구,102,1
202104,광주광역시,남구,106,1
202104,광주광역시,남구,109,1
202104,광주광역시,북구,0,53
202104,광주광역시,북구,1,98
202104,광주광역시,북구,2,116
202104,광주광역시,북구,3,111
202104,광주광역시,북구,4,135
202104,광주광역시,북구,5,168
202104,광주광역시,북구,6,215
202104,광주광역시,북구,7,332
202104,광주광역시,북구,8,341
202104,광주광역시,북구,9,339
202104,광주광역시,북구,10,376
202104,광주광역시,북구,11,377
202104,광주광역시,북구,12,394
202104,광주광역시,북구,13,383
202104,광주광역시,북구,14,378
202104,광주광역시,북구,15,426
202104,광주광역시,북구,16,428
202104,광주광역시,북구,17,519
202104,광주광역시,북구,18,462
202104,광주광역시,북구,19,389
202104,광주광역시,북구,20,344
202104,광주광역시,북구,21,394
202104,광주광역시,북구,22,371
202104,광주광역시,북구,23,348
202104,광주광역시,북구,24,291
202104,광주광역시,북구,25,231
202104,광주광역시,북구,26,214
202104,광주광역시,북구,27,155
202104,광주광역시,북구,28,141
202104,광주광역시,북구,29,145
202104,광주광역시,북구,30,130
202104,광주광역시,북구,31,129
202104,광주광역시,북구,32,135
202104,광주광역시,북구,33,163
202104,광주광역시,북구,34,162
202104,광주광역시,북구,35,159
202104,광주광역시,북구,36,179
202104,광주광역시,북구,37,192
202104,광주광역시,북구,38,247
202104,광주광역시,북구,39,265
202104,광주광역시,북구,40,270
202104,광주광역시,북구,41,280
202104,광주광역시,북구,42,311
202104,광주광역시,북구,43,309
202104,광주광역시,북구,44,280
202104,광주광역시,북구,45,320
202104,광주광역시,북구,46,398
202104,광주광역시,북구,47,413
202104,광주광역시,북구,48,420
202104,광주광역시,북구,49,488
202104,광주광역시,북구,50,493
202104,광주광역시,북구,51,517
202104,광주광역시,북구,52,558
202104,광주광역시,북구,53,492
202104,광주광역시,북구,54,507
202104,광주광역시,북구,55,489
202104,광주광역시,북구,56,465
202104,광주광역시,북구,57,468
202104,광주광역시,북구,58,536
202104,광주광역시,북구,59,513
202104,광주광역시,북구,60,632
202104,광주광역시,북구,61,629
202104,광주광역시,북구,62,492
202104,광주광역시,북구,63,489
202104,광주광역시,북구,64,473
202104,광주광역시,북구,65,479
202104,광주광역시,북구,66,537
202104,광주광역시,북구,67,375
202104,광주광역시,북구,68,432
202104,광주광역시,북구,69,403
202104,광주광역시,북구,70,358
202104,광주광역시,북구,71,380
202104,광주광역시,북구,72,375
202104,광주광역시,북구,73,377
202104,광주광역시,북구,74,397
202104,광주광역시,북구,75,278
202104,광주광역시,북구,76,312
202104,광주광역시,북구,77,294
202104,광주광역시,북구,78,425
202104,광주광역시,북구,79,402
202104,광주광역시,북구,80,345
202104,광주광역시,북구,81,323
202104,광주광역시,북구,82,275
202104,광주광역시,북구,83,299
202104,광주광역시,북구,84,242
202104,광주광역시,북구,85,229
202104,광주광역시,북구,86,191
202104,광주광역시,북구,87,192
202104,광주광역시,북구,88,119
202104,광주광역시,북구,89,110
202104,광주광역시,북구,90,95
202104,광주광역시,북구,91,100
202104,광주광역시,북구,92,61
202104,광주광역시,북구,93,36
202104,광주광역시,북구,94,37
202104,광주광역시,북구,95,24
202104,광주광역시,북구,96,19
202104,광주광역시,북구,97,10
202104,광주광역시,북구,98,18
202104,광주광역시,북구,99,4
202104,광주광역시,북구,100,5
202104,광주광역시,북구,101,1
202104,광주광역시,북구,102,1
202104,광주광역시,북구,103,2
202104,광주광역시,북구,104,1
202104,광주광역시,북구,105,1
202104,광주광역시,광산구,0,38
202104,광주광역시,광산구,1,73
202104,광주광역시,광산구,2,91
202104,광주광역시,광산구,3,86
202104,광주광역시,광산구,4,145
202104,광주광역시,광산구,5,153
202104,광주광역시,광산구,6,212
202104,광주광역시,광산구,7,257
202104,광주광역시,광산구,8,286
202104,광주광역시,광산구,9,277
202104,광주광역시,광산구,10,333
202104,광주광역시,광산구,11,337
202104,광주광역시,광산구,12,333
202104,광주광역시,광산구,13,341
202104,광주광역시,광산구,14,385
202104,광주광역시,광산구,15,342
202104,광주광역시,광산구,16,357
202104,광주광역시,광산구,17,390
202104,광주광역시,광산구,18,393
202104,광주광역시,광산구,19,292
202104,광주광역시,광산구,20,296
202104,광주광역시,광산구,21,286
202104,광주광역시,광산구,22,265
202104,광주광역시,광산구,23,249
202104,광주광역시,광산구,24,232
202104,광주광역시,광산구,25,159
202104,광주광역시,광산구,26,95
202104,광주광역시,광산구,27,96
202104,광주광역시,광산구,28,96
202104,광주광역시,광산구,29,72
202104,광주광역시,광산구,30,90
202104,광주광역시,광산구,31,87
202104,광주광역시,광산구,32,99
202104,광주광역시,광산구,33,94
202104,광주광역시,광산구,34,130
202104,광주광역시,광산구,35,129
202104,광주광역시,광산구,36,120
202104,광주광역시,광산구,37,138
202104,광주광역시,광산구,38,181
202104,광주광역시,광산구,39,177
202104,광주광역시,광산구,40,219
202104,광주광역시,광산구,41,269
202104,광주광역시,광산구,42,243
202104,광주광역시,광산구,43,234
202104,광주광역시,광산구,44,241
202104,광주광역시,광산구,45,241
202104,광주광역시,광산구,46,285
202104,광주광역시,광산구,47,360
202104,광주광역시,광산구,48,330
202104,광주광역시,광산구,49,362
202104,광주광역시,광산구,50,347
202104,광주광역시,광산구,51,325
202104,광주광역시,광산구,52,335
202104,광주광역시,광산구,53,330
202104,광주광역시,광산구,54,306
202104,광주광역시,광산구,55,276
202104,광주광역시,광산구,56,264
202104,광주광역시,광산구,57,271
202104,광주광역시,광산구,58,304
202104,광주광역시,광산구,59,283
202104,광주광역시,광산구,60,307
202104,광주광역시,광산구,61,282
202104,광주광역시,광산구,62,276
202104,광주광역시,광산구,63,242
202104,광주광역시,광산구,64,245
202104,광주광역시,광산구,65,248
202104,광주광역시,광산구,66,256
202104,광주광역시,광산구,67,201
202104,광주광역시,광산구,68,171
202104,광주광역시,광산구,69,189
202104,광주광역시,광산구,70,178
202104,광주광역시,광산구,71,215
202104,광주광역시,광산구,72,197
202104,광주광역시,광산구,73,206
202104,광주광역시,광산구,74,205
202104,광주광역시,광산구,75,171
202104,광주광역시,광산구,76,151
202104,광주광역시,광산구,77,162
202104,광주광역시,광산구,78,224
202104,광주광역시,광산구,79,214
202104,광주광역시,광산구,80,186
202104,광주광역시,광산구,81,178
202104,광주광역시,광산구,82,181
202104,광주광역시,광산구,83,158
202104,광주광역시,광산구,84,132
202104,광주광역시,광산구,85,128
202104,광주광역시,광산구,86,129
202104,광주광역시,광산구,87,63
202104,광주광역시,광산구,88,74
202104,광주광역시,광산구,89,60
202104,광주광역시,광산구,90,55
202104,광주광역시,광산구,91,42
202104,광주광역시,광산구,92,34
202104,광주광역시,광산구,93,21
202104,광주광역시,광산구,94,19
202104,광주광역시,광산구,95,13
202104,광주광역시,광산구,96,7
202104,광주광역시,광산구,97,4
202104,광주광역시,광산구,98,5
202104,광주광역시,광산구,99,1
202104,광주광역시,광산구,100,3
202104,광주광역시,광산구,102,1
202104,광주광역시,광산구,104,1
202104,광주광역시,광산구,107,1
202104,대전광역시,동구,0,20
202104,대전광역시,동구,1,45
202104,대전광역시,동구,2,50
202104,대전광역시,동구,3,52
202104,대전광역시,동구,4,62
202104,대전광역시,동구,5,52
202104,대전광역시,동구,6,83
202104,대전광역시,동구,7,123
202104,대전광역시,동구,8,140
202104,대전광역시,동구,9,122
202104,대전광역시,동구,10,177
202104,대전광역시,동구,11,160
202104,대전광역시,동구,12,162
202104,대전광역시,동구,13,216
202104,대전광역시,동구,14,216
202104,대전광역시,동구,15,220
202104,대전광역시,동구,16,271
202104,대전광역시,동구,17,279
202104,대전광역시,동구,18,240
202104,대전광역시,동구,19,182
202104,대전광역시,동구,20,193
202104,대전광역시,동구,21,175
202104,대전광역시,동구,22,148
202104,대전광역시,동구,23,141
202104,대전광역시,동구,24,118
202104,대전광역시,동구,25,82
202104,대전광역시,동구,26,65
202104,대전광역시,동구,27,54
202104,대전광역시,동구,28,51
202104,대전광역시,동구,29,41
202104,대전광역시,동구,30,44
202104,대전광역시,동구,31,54
202104,대전광역시,동구,32,54
202104,대전광역시,동구,33,55
202104,대전광역시,동구,34,67
202104,대전광역시,동구,35,60
202104,대전광역시,동구,36,69
202104,대전광역시,동구,37,71
202104,대전광역시,동구,38,78
202104,대전광역시,동구,39,115
202104,대전광역시,동구,40,121
202104,대전광역시,동구,41,117
202104,대전광역시,동구,42,141
202104,대전광역시,동구,43,118
202104,대전광역시,동구,44,128
202104,대전광역시,동구,45,157
202104,대전광역시,동구,46,175
202104,대전광역시,동구,47,210
202104,대전광역시,동구,48,217
202104,대전광역시,동구,49,233
202104,대전광역시,동구,50,221
202104,대전광역시,동구,51,243
202104,대전광역시,동구,52,272
202104,대전광역시,동구,53,250
202104,대전광역시,동구,54,215
202104,대전광역시,동구,55,230
202104,대전광역시,동구,56,292
202104,대전광역시,동구,57,220
202104,대전광역시,동구,58,299
202104,대전광역시,동구,59,281
202104,대전광역시,동구,60,347
202104,대전광역시,동구,61,318
202104,대전광역시,동구,62,299
202104,대전광역시,동구,63,310
202104,대전광역시,동구,64,341
202104,대전광역시,동구,65,305
202104,대전광역시,동구,66,342
202104,대전광역시,동구,67,267
202104,대전광역시,동구,68,280
202104,대전광역시,동구,69,274
202104,대전광역시,동구,70,224
202104,대전광역시,동구,71,246
202104,대전광역시,동구,72,276
202104,대전광역시,동구,73,242
202104,대전광역시,동구,74,274
202104,대전광역시,동구,75,196
202104,대전광역시,동구,76,219
202104,대전광역시,동구,77,236
202104,대전광역시,동구,78,307
202104,대전광역시,동구,79,277
202104,대전광역시,동구,80,239
202104,대전광역시,동구,81,202
202104,대전광역시,동구,82,206
202104,대전광역시,동구,83,197
202104,대전광역시,동구,84,152
202104,대전광역시,동구,85,148
202104,대전광역시,동구,86,122
202104,대전광역시,동구,87,110
202104,대전광역시,동구,88,78
202104,대전광역시,동구,89,63
202104,대전광역시,동구,90,46
202104,대전광역시,동구,91,53
202104,대전광역시,동구,92,33
202104,대전광역시,동구,93,29
202104,대전광역시,동구,94,13
202104,대전광역시,동구,95,16
202104,대전광역시,동구,96,9
202104,대전광역시,동구,97,4
202104,대전광역시,동구,98,7
202104,대전광역시,동구,99,3
202104,대전광역시,동구,100,1
202104,대전광역시,동구,103,1
202104,대전광역시,동구,111,1
202104,대전광역시,중구,0,16
202104,대전광역시,중구,1,31
202104,대전광역시,중구,2,34
202104,대전광역시,중구,3,46
202104,대전광역시,중구,4,55
202104,대전광역시,중구,5,65
202104,대전광역시,중구,6,69
202104,대전광역시,중구,7,99
202104,대전광역시,중구,8,132
202104,대전광역시,중구,9,134
202104,대전광역시,중구,10,151
202104,대전광역시,중구,11,144
202104,대전광역시,중구,12,132
202104,대전광역시,중구,13,188
202104,대전광역시,중구,14,165
202104,대전광역시,중구,15,191
202104,대전광역시,중구,16,176
202104,대전광역시,중구,17,215
202104,대전광역시,중구,18,196
202104,대전광역시,중구,19,172
202104,대전광역시,중구,20,169
202104,대전광역시,중구,21,123
202104,대전광역시,중구,22,138
202104,대전광역시,중구,23,133
202104,대전광역시,중구,24,106
202104,대전광역시,중구,25,77
202104,대전광역시,중구,26,72
202104,대전광역시,중구,27,45
202104,대전광역시,중구,28,62
202104,대전광역시,중구,29,40
202104,대전광역시,중구,30,44
202104,대전광역시,중구,31,47
202104,대전광역시,중구,32,44
202104,대전광역시,중구,33,46
202104,대전광역시,중구,34,52
202104,대전광역시,중구,35,39
202104,대전광역시,중구,36,58
202104,대전광역시,중구,37,65
202104,대전광역시,중구,38,103
202104,대전광역시,중구,39,82
202104,대전광역시,중구,40,104
202104,대전광역시,중구,41,119
202104,대전광역시,중구,42,96
202104,대전광역시,중구,43,118
202104,대전광역시,중구,44,126
202104,대전광역시,중구,45,160
202104,대전광역시,중구,46,121
202104,대전광역시,중구,47,195
202104,대전광역시,중구,48,172
202104,대전광역시,중구,49,209
202104,대전광역시,중구,50,218
202104,대전광역시,중구,51,225
202104,대전광역시,중구,52,238
202104,대전광역시,중구,53,219
202104,대전광역시,중구,54,232
202104,대전광역시,중구,55,216
202104,대전광역시,중구,56,191
202104,대전광역시,중구,57,202
202104,대전광역시,중구,58,258
202104,대전광역시,중구,59,242
202104,대전광역시,중구,60,280
202104,대전광역시,중구,61,294
202104,대전광역시,중구,62,260
202104,대전광역시,중구,63,253
202104,대전광역시,중구,64,256
202104,대전광역시,중구,65,255
202104,대전광역시,중구,66,268
202104,대전광역시,중구,67,239
202104,대전광역시,중구,68,228
202104,대전광역시,중구,69,187
202104,대전광역시,중구,70,200
202104,대전광역시,중구,71,206
202104,대전광역시,중구,72,225
202104,대전광역시,중구,73,177
202104,대전광역시,중구,74,178
202104,대전광역시,중구,75,168
202104,대전광역시,중구,76,183
202104,대전광역시,중구,77,149
202104,대전광역시,중구,78,204
202104,대전광역시,중구,79,209
202104,대전광역시,중구,80,138
202104,대전광역시,중구,81,161
202104,대전광역시,중구,82,146
202104,대전광역시,중구,83,145
202104,대전광역시,중구,84,107
202104,대전광역시,중구,85,98
202104,대전광역시,중구,86,93
202104,대전광역시,중구,87,77
202104,대전광역시,중구,88,69
202104,대전광역시,중구,89,55
202104,대전광역시,중구,90,35
202104,대전광역시,중구,91,41
202104,대전광역시,중구,92,28
202104,대전광역시,중구,93,21
202104,대전광역시,중구,94,11
202104,대전광역시,중구,95,12
202104,대전광역시,중구,96,5
202104,대전광역시,중구,97,7
202104,대전광역시,중구,98,2
202104,대전광역시,중구,99,5
202104,대전광역시,중구,100,1
202104,대전광역시,중구,101,2
202104,대전광역시,중구,103,1
202104,대전광역시,서구,0,32
202104,대전광역시,서구,1,55
202104,대전광역시,서구,2,68
202104,대전광역시,서구,3,87
202104,대전광역시,서구,4,111
202104,대전광역시,서구,5,134
202104,대전광역시,서구,6,147
202104,대전광역시,서구,7,185
202104,대전광역시,서구,8,193
202104,대전광역시,서구,9,233
202104,대전광역시,서구,10,208
202104,대전광역시,서구,11,238
202104,대전광역시,서구,12,207
202104,대전광역시,서구,13,259
202104,대전광역시,서구,14,260
202104,대전광역시,서구,15,270
202104,대전광역시,서구,16,282
202104,대전광역시,서구,17,335
202104,대전광역시,서구,18,285
202104,대전광역시,서구,19,247
202104,대전광역시,서구,20,248
202104,대전광역시,서구,21,241
202104,대전광역시,서구,22,218
202104,대전광역시,서구,23,195
202104,대전광역시,서구,24,178
202104,대전광역시,서구,25,145
202104,대전광역시,서구,26,118
202104,대전광역시,서구,27,119
202104,대전광역시,서구,28,97
202104,대전광역시,서구,29,73
202104,대전광역시,서구,30,81
202104,대전광역시,서구,31,88
202104,대전광역시,서구,32,102
202104,대전광역시,서구,33,100
202104,대전광역시,서구,34,103
202104,대전광역시,서구,35,99
202104,대전광역시,서구,36,100
202104,대전광역시,서구,37,105
202104,대전광역시,서구,38,138
202104,대전광역시,서구,39,150
202104,대전광역시,서구,40,143
202104,대전광역시,서구,41,155
202104,대전광역시,서구,42,143
202104,대전광역시,서구,43,151
202104,대전광역시,서구,44,189
202104,대전광역시,서구,45,186
202104,대전광역시,서구,46,199
202104,대전광역시,서구,47,287
202104,대전광역시,서구,48,289
202104,대전광역시,서구,49,267
202104,대전광역시,서구,50,294
202104,대전광역시,서구,51,308
202104,대전광역시,서구,52,323
202104,대전광역시,서구,53,303
202104,대전광역시,서구,54,295
202104,대전광역시,서구,55,277
202104,대전광역시,서구,56,290
202104,대전광역시,서구,57,247
202104,대전광역시,서구,58,315
202104,대전광역시,서구,59,317
202104,대전광역시,서구,60,335
202104,대전광역시,서구,61,318
202104,대전광역시,서구,62,305
202104,대전광역시,서구,63,302
202104,대전광역시,서구,64,247
202104,대전광역시,서구,65,286
202104,대전광역시,서구,66,362
202104,대전광역시,서구,67,237
202104,대전광역시,서구,68,283
202104,대전광역시,서구,69,238
202104,대전광역시,서구,70,234
202104,대전광역시,서구,71,232
202104,대전광역시,서구,72,214
202104,대전광역시,서구,73,234
202104,대전광역시,서구,74,219
202104,대전광역시,서구,75,154
202104,대전광역시,서구,76,172
202104,대전광역시,서구,77,202
202104,대전광역시,서구,78,215
202104,대전광역시,서구,79,241
202104,대전광역시,서구,80,165
202104,대전광역시,서구,81,156
202104,대전광역시,서구,82,167
202104,대전광역시,서구,83,121
202104,대전광역시,서구,84,154
202104,대전광역시,서구,85,138
202104,대전광역시,서구,86,114
202104,대전광역시,서구,87,96
202104,대전광역시,서구,88,87
202104,대전광역시,서구,89,53
202104,대전광역시,서구,90,57
202104,대전광역시,서구,91,40
202104,대전광역시,서구,92,32
202104,대전광역시,서구,93,42
202104,대전광역시,서구,94,13
202104,대전광역시,서구,95,11
202104,대전광역시,서구,96,13
202104,대전광역시,서구,97,5
202104,대전광역시,서구,98,5
202104,대전광역시,서구,99,4
202104,대전광역시,서구,101,1
202104,대전광역시,서구,102,1
202104,대전광역시,서구,103,2
202104,대전광역시,유성구,0,26
202104,대전광역시,유성구,1,31
202104,대전광역시,유성구,2,35
202104,대전광역시,유성구,3,41
202104,대전광역시,유성구,4,64
202104,대전광역시,유성구,5,62
202104,대전광역시,유성구,6,79
202104,대전광역시,유성구,7,77
202104,대전광역시,유성구,8,77
202104,대전광역시,유성구,9,101
202104,대전광역시,유성구,10,96
202104,대전광역시,유성구,11,92
202104,대전광역시,유성구,12,108
202104,대전광역시,유성구,13,125
202104,대전광역시,유성구,14,134
202104,대전광역시,유성구,15,120
202104,대전광역시,유성구,16,155
202104,대전광역시,유성구,17,129
202104,대전광역시,유성구,18,116
202104,대전광역시,유성구,19,103
202104,대전광역시,유성구,20,120
202104,대전광역시,유성구,21,93
202104,대전광역시,유성구,22,84
202104,대전광역시,유성구,23,101
202104,대전광역시,유성구,24,88
202104,대전광역시,유성구,25,65
202104,대전광역시,유성구,26,44
202104,대전광역시,유성구,27,45
202104,대전광역시,유성구,28,42
202104,대전광역시,유성구,29,21
202104,대전광역시,유성구,30,46
202104,대전광역시,유성구,31,40
202104,대전광역시,유성구,32,46
202104,대전광역시,유성구,33,52
202104,대전광역시,유성구,34,53
202104,대전광역시,유성구,35,57
202104,대전광역시,유성구,36,59
202104,대전광역시,유성구,37,55
202104,대전광역시,유성구,38,67
202104,대전광역시,유성구,39,65
202104,대전광역시,유성구,40,83
202104,대전광역시,유성구,41,83
202104,대전광역시,유성구,42,78
202104,대전광역시,유성구,43,96
202104,대전광역시,유성구,44,93
202104,대전광역시,유성구,45,101
202104,대전광역시,유성구,46,91
202104,대전광역시,유성구,47,120
202104,대전광역시,유성구,48,137
202104,대전광역시,유성구,49,132
202104,대전광역시,유성구,50,151
202104,대전광역시,유성구,51,140
202104,대전광역시,유성구,52,158
202104,대전광역시,유성구,53,109
202104,대전광역시,유성구,54,128
202104,대전광역시,유성구,55,110
202104,대전광역시,유성구,56,137
202104,대전광역시,유성구,57,107
202104,대전광역시,유성구,58,127
202104,대전광역시,유성구,59,140
202104,대전광역시,유성구,60,156
202104,대전광역시,유성구,61,150
202104,대전광역시,유성구,62,127
202104,대전광역시,유성구,63,129
202104,대전광역시,유성구,64,161
202104,대전광역시,유성구,65,145
202104,대전광역시,유성구,66,162
202104,대전광역시,유성구,67,115
202104,대전광역시,유성구,68,122
202104,대전광역시,유성구,69,116
202104,대전광역시,유성구,70,94
202104,대전광역시,유성구,71,108
202104,대전광역시,유성구,72,108
202104,대전광역시,유성구,73,116
202104,대전광역시,유성구,74,99
202104,대전광역시,유성구,75,76
202104,대전광역시,유성구,76,85
202104,대전광역시,유성구,77,97
202104,대전광역시,유성구,78,116
202104,대전광역시,유성구,79,89
202104,대전광역시,유성구,80,88
202104,대전광역시,유성구,81,81
202104,대전광역시,유성구,82,88
202104,대전광역시,유성구,83,87
202104,대전광역시,유성구,84,66
202104,대전광역시,유성구,85,55
202104,대전광역시,유성구,86,60
202104,대전광역시,유성구,87,40
202104,대전광역시,유성구,88,42
202104,대전광역시,유성구,89,32
202104,대전광역시,유성구,90,22
202104,대전광역시,유성구,91,22
202104,대전광역시,유성구,92,23
202104,대전광역시,유성구,93,12
202104,대전광역시,유성구,94,12
202104,대전광역시,유성구,95,5
202104,대전광역시,유성구,96,3
202104,대전광역시,유성구,97,4
202104,대전광역시,유성구,98,6
202104,대전광역시,유성구,99,2
202104,대전광역시,대덕구,0,14
202104,대전광역시,대덕구,1,21
202104,대전광역시,대덕구,2,43
202104,대전광역시,대덕구,3,39
202104,대전광역시,대덕구,4,52
202104,대전광역시,대덕구,5,52
202104,대전광역시,대덕구,6,76
202104,대전광역시,대덕구,7,93
202104,대전광역시,대덕구,8,107
202104,대전광역시,대덕구,9,132
202104,대전광역시,대덕구,10,144
202104,대전광역시,대덕구,11,130
202104,대전광역시,대덕구,12,160
202104,대전광역시,대덕구,13,183
202104,대전광역시,대덕구,14,174
202104,대전광역시,대덕구,15,176
202104,대전광역시,대덕구,16,188
202104,대전광역시,대덕구,17,205
202104,대전광역시,대덕구,18,163
202104,대전광역시,대덕구,19,124
202104,대전광역시,대덕구,20,128
202104,대전광역시,대덕구,21,107
202104,대전광역시,대덕구,22,104
202104,대전광역시,대덕구,23,87
202104,대전광역시,대덕구,24,81
202104,대전광역시,대덕구,25,58
202104,대전광역시,대덕구,26,52
202104,대전광역시,대덕구,27,39
202104,대전광역시,대덕구,28,33
202104,대전광역시,대덕구,29,38
202104,대전광역시,대덕구,30,35
202104,대전광역시,대덕구,31,31
202104,대전광역시,대덕구,32,47
202104,대전광역시,대덕구,33,36
202104,대전광역시,대덕구,34,33
202104,대전광역시,대덕구,35,42
202104,대전광역시,대덕구,36,50
202104,대전광역시,대덕구,37,57
202104,대전광역시,대덕구,38,64
202104,대전광역시,대덕구,39,86
202104,대전광역시,대덕구,40,79
202104,대전광역시,대덕구,41,94
202104,대전광역시,대덕구,42,102
202104,대전광역시,대덕구,43,102
202104,대전광역시,대덕구,44,96
202104,대전광역시,대덕구,45,126
202104,대전광역시,대덕구,46,121
202104,대전광역시,대덕구,47,159
202104,대전광역시,대덕구,48,154
202104,대전광역시,대덕구,49,168
202104,대전광역시,대덕구,50,180
202104,대전광역시,대덕구,51,179
202104,대전광역시,대덕구,52,188
202104,대전광역시,대덕구,53,168
202104,대전광역시,대덕구,54,146
202104,대전광역시,대덕구,55,148
202104,대전광역시,대덕구,56,172
202104,대전광역시,대덕구,57,111
202104,대전광역시,대덕구,58,194
202104,대전광역시,대덕구,59,158
202104,대전광역시,대덕구,60,214
202104,대전광역시,대덕구,61,194
202104,대전광역시,대덕구,62,194
202104,대전광역시,대덕구,63,198
202104,대전광역시,대덕구,64,160
202104,대전광역시,대덕구,65,197
202104,대전광역시,대덕구,66,179
202104,대전광역시,대덕구,67,155
202104,대전광역시,대덕구,68,167
202104,대전광역시,대덕구,69,151
202104,대전광역시,대덕구,70,141
202104,대전광역시,대덕구,71,147
202104,대전광역시,대덕구,72,152
202104,대전광역시,대덕구,73,153
202104,대전광역시,대덕구,74,133
202104,대전광역시,대덕구,75,108
202104,대전광역시,대덕구,76,121
202104,대전광역시,대덕구,77,116
202104,대전광역시,대덕구,78,173
202104,대전광역시,대덕구,79,157
202104,대전광역시,대덕구,80,121
202104,대전광역시,대덕구,81,115
202104,대전광역시,대덕구,82,121
202104,대전광역시,대덕구,83,95
202104,대전광역시,대덕구,84,94
202104,대전광역시,대덕구,85,82
202104,대전광역시,대덕구,86,85
202104,대전광역시,대덕구,87,62
202104,대전광역시,대덕구,88,40
202104,대전광역시,대덕구,89,41
202104,대전광역시,대덕구,90,25
202104,대전광역시,대덕구,91,28
202104,대전광역시,대덕구,92,23
202104,대전광역시,대덕구,93,20
202104,대전광역시,대덕구,94,8
202104,대전광역시,대덕구,95,3
202104,대전광역시,대덕구,96,3
202104,대전광역시,대덕구,97,8
202104,대전광역시,대덕구,98,4
202104,대전광역시,대덕구,99,3
202104,대전광역시,대덕구,100,1
202104,대전광역시,대덕구,106,1
202104,울산광역시,중구,0,10
202104,울산광역시,중구,1,12
202104,울산광역시,중구,2,25
202104,울산광역시,중구,3,24
202104,울산광역시,중구,4,26
202104,울산광역시,중구,5,32
202104,울산광역시,중구,6,33
202104,울산광역시,중구,7,56
202104,울산광역시,중구,8,59
202104,울산광역시,중구,9,68
202104,울산광역시,중구,10,59
202104,울산광역시,중구,11,76
202104,울산광역시,중구,12,76
202104,울산광역시,중구,13,83
202104,울산광역시,중구,14,91
202104,울산광역시,중구,15,79
202104,울산광역시,중구,16,111
202104,울산광역시,중구,17,91
202104,울산광역시,중구,18,90
202104,울산광역시,중구,19,73
202104,울산광역시,중구,20,72
202104,울산광역시,중구,21,85
202104,울산광역시,중구,22,53
202104,울산광역시,중구,23,52
202104,울산광역시,중구,24,39
202104,울산광역시,중구,25,32
202104,울산광역시,중구,26,26
202104,울산광역시,중구,27,23
202104,울산광역시,중구,28,22
202104,울산광역시,중구,29,17
202104,울산광역시,중구,30,21
202104,울산광역시,중구,31,26
202104,울산광역시,중구,32,27
202104,울산광역시,중구,33,28
202104,울산광역시,중구,34,21
202104,울산광역시,중구,35,42
202104,울산광역시,중구,36,29
202104,울산광역시,중구,37,37
202104,울산광역시,중구,38,40
202104,울산광역시,중구,39,47
202104,울산광역시,중구,40,60
202104,울산광역시,중구,41,54
202104,울산광역시,중구,42,65
202104,울산광역시,중구,43,78
202104,울산광역시,중구,44,64
202104,울산광역시,중구,45,88
202104,울산광역시,중구,46,115
202104,울산광역시,중구,47,104
202104,울산광역시,중구,48,112
202104,울산광역시,중구,49,118
202104,울산광역시,중구,50,123
202104,울산광역시,중구,51,105
202104,울산광역시,중구,52,133
202104,울산광역시,중구,53,127
202104,울산광역시,중구,54,126
202104,울산광역시,중구,55,117
202104,울산광역시,중구,56,140
202104,울산광역시,중구,57,121
202104,울산광역시,중구,58,142
202104,울산광역시,중구,59,146
202104,울산광역시,중구,60,196
202104,울산광역시,중구,61,169
202104,울산광역시,중구,62,180
202104,울산광역시,중구,63,167
202104,울산광역시,중구,64,175
202104,울산광역시,중구,65,198
202104,울산광역시,중구,66,208
202104,울산광역시,중구,67,178
202104,울산광역시,중구,68,188
202104,울산광역시,중구,69,161
202104,울산광역시,중구,70,144
202104,울산광역시,중구,71,165
202104,울산광역시,중구,72,154
202104,울산광역시,중구,73,132
202104,울산광역시,중구,74,128
202104,울산광역시,중구,75,89
202104,울산광역시,중구,76,151
202104,울산광역시,중구,77,125
202104,울산광역시,중구,78,166
202104,울산광역시,중구,79,123
202104,울산광역시,중구,80,84
202104,울산광역시,중구,81,113
202104,울산광역시,중구,82,102
202104,울산광역시,중구,83,84
202104,울산광역시,중구,84,68
202104,울산광역시,중구,85,63
202104,울산광역시,중구,86,53
202104,울산광역시,중구,87,54
202104,울산광역시,중구,88,46
202104,울산광역시,중구,89,31
202104,울산광역시,중구,90,22
202104,울산광역시,중구,91,18
202104,울산광역시,중구,92,18
202104,울산광역시,중구,93,12
202104,울산광역시,중구,94,7
202104,울산광역시,중구,95,4
202104,울산광역시,중구,96,2
202104,울산광역시,중구,97,7
202104,울산광역시,중구,98,3
202104,울산광역시,중구,101,1
202104,울산광역시,남구,0,12
202104,울산광역시,남구,1,26
202104,울산광역시,남구,2,20
202104,울산광역시,남구,3,29
202104,울산광역시,남구,4,34
202104,울산광역시,남구,5,55
202104,울산광역시,남구,6,66
202104,울산광역시,남구,7,80
202104,울산광역시,남구,8,61
202104,울산광역시,남구,9,74
202104,울산광역시,남구,10,66
202104,울산광역시,남구,11,87
202104,울산광역시,남구,12,80
202104,울산광역시,남구,13,110
202104,울산광역시,남구,14,120
202104,울산광역시,남구,15,103
202104,울산광역시,남구,16,89
202104,울산광역시,남구,17,131
202104,울산광역시,남구,18,127
202104,울산광역시,남구,19,94
202104,울산광역시,남구,20,100
202104,울산광역시,남구,21,86
202104,울산광역시,남구,22,87
202104,울산광역시,남구,23,79
202104,울산광역시,남구,24,59
202104,울산광역시,남구,25,54
202104,울산광역시,남구,26,44
202104,울산광역시,남구,27,43
202104,울산광역시,남구,28,26
202104,울산광역시,남구,29,34
202104,울산광역시,남구,30,32
202104,울산광역시,남구,31,40
202104,울산광역시,남구,32,54
202104,울산광역시,남구,33,43
202104,울산광역시,남구,34,41
202104,울산광역시,남구,35,54
202104,울산광역시,남구,36,41
202104,울산광역시,남구,37,62
202104,울산광역시,남구,38,72
202104,울산광역시,남구,39,64
202104,울산광역시,남구,40,92
202104,울산광역시,남구,41,111
202104,울산광역시,남구,42,96
202104,울산광역시,남구,43,82
202104,울산광역시,남구,44,92
202104,울산광역시,남구,45,121
202104,울산광역시,남구,46,117
202104,울산광역시,남구,47,153
202104,울산광역시,남구,48,152
202104,울산광역시,남구,49,194
202104,울산광역시,남구,50,187
202104,울산광역시,남구,51,165
202104,울산광역시,남구,52,168
202104,울산광역시,남구,53,169
202104,울산광역시,남구,54,161
202104,울산광역시,남구,55,190
202104,울산광역시,남구,56,167
202104,울산광역시,남구,57,138
202104,울산광역시,남구,58,211
202104,울산광역시,남구,59,192
202104,울산광역시,남구,60,223
202104,울산광역시,남구,61,217
202104,울산광역시,남구,62,203
202104,울산광역시,남구,63,239
202104,울산광역시,남구,64,203
202104,울산광역시,남구,65,248
202104,울산광역시,남구,66,257
202104,울산광역시,남구,67,211
202104,울산광역시,남구,68,225
202104,울산광역시,남구,69,178
202104,울산광역시,남구,70,166
202104,울산광역시,남구,71,148
202104,울산광역시,남구,72,162
202104,울산광역시,남구,73,150
202104,울산광역시,남구,74,148
202104,울산광역시,남구,75,104
202104,울산광역시,남구,76,108
202104,울산광역시,남구,77,98
202104,울산광역시,남구,78,139
202104,울산광역시,남구,79,159
202104,울산광역시,남구,80,126
202104,울산광역시,남구,81,106
202104,울산광역시,남구,82,94
202104,울산광역시,남구,83,78
202104,울산광역시,남구,84,68
202104,울산광역시,남구,85,86
202104,울산광역시,남구,86,65
202104,울산광역시,남구,87,63
202104,울산광역시,남구,88,40
202104,울산광역시,남구,89,38
202104,울산광역시,남구,90,35
202104,울산광역시,남구,91,18
202104,울산광역시,남구,92,14
202104,울산광역시,남구,93,9
202104,울산광역시,남구,94,10
202104,울산광역시,남구,95,8
202104,울산광역시,남구,96,7
202104,울산광역시,남구,97,1
202104,울산광역시,남구,98,3
202104,울산광역시,남구,100,1
202104,울산광역시,남구,103,1
202104,울산광역시,동구,0,14
202104,울산광역시,동구,1,15
202104,울산광역시,동구,2,23
202104,울산광역시,동구,3,34
202104,울산광역시,동구,4,40
202104,울산광역시,동구,5,42
202104,울산광역시,동구,6,58
202104,울산광역시,동구,7,59
202104,울산광역시,동구,8,68
202104,울산광역시,동구,9,71
202104,울산광역시,동구,10,64
202104,울산광역시,동구,11,56
202104,울산광역시,동구,12,79
202104,울산광역시,동구,13,93
202104,울산광역시,동구,14,87
202104,울산광역시,동구,15,60
202104,울산광역시,동구,16,69
202104,울산광역시,동구,17,74
202104,울산광역시,동구,18,70
202104,울산광역시,동구,19,61
202104,울산광역시,동구,20,51
202104,울산광역시,동구,21,49
202104,울산광역시,동구,22,47
202104,울산광역시,동구,23,29
202104,울산광역시,동구,24,28
202104,울산광역시,동구,25,24
202104,울산광역시,동구,26,25
202104,울산광역시,동구,27,21
202104,울산광역시,동구,28,17
202104,울산광역시,동구,29,15
202104,울산광역시,동구,30,25
202104,울산광역시,동구,31,23
202104,울산광역시,동구,32,26
202104,울산광역시,동구,33,32
202104,울산광역시,동구,34,30
202104,울산광역시,동구,35,32
202104,울산광역시,동구,36,25
202104,울산광역시,동구,37,56
202104,울산광역시,동구,38,47
202104,울산광역시,동구,39,49
202104,울산광역시,동구,40,58
202104,울산광역시,동구,41,63
202104,울산광역시,동구,42,66
202104,울산광역시,동구,43,59
202104,울산광역시,동구,44,57
202104,울산광역시,동구,45,63
202104,울산광역시,동구,46,75
202104,울산광역시,동구,47,67
202104,울산광역시,동구,48,83
202104,울산광역시,동구,49,59
202104,울산광역시,동구,50,88
202104,울산광역시,동구,51,82
202104,울산광역시,동구,52,107
202104,울산광역시,동구,53,73
202104,울산광역시,동구,54,69
202104,울산광역시,동구,55,75
202104,울산광역시,동구,56,85
202104,울산광역시,동구,57,86
202104,울산광역시,동구,58,75
202104,울산광역시,동구,59,94
202104,울산광역시,동구,60,105
202104,울산광역시,동구,61,100
202104,울산광역시,동구,62,109
202104,울산광역시,동구,63,108
202104,울산광역시,동구,64,94
202104,울산광역시,동구,65,95
202104,울산광역시,동구,66,138
202104,울산광역시,동구,67,102
202104,울산광역시,동구,68,96
202104,울산광역시,동구,69,102
202104,울산광역시,동구,70,84
202104,울산광역시,동구,71,95
202104,울산광역시,동구,72,86
202104,울산광역시,동구,73,87
202104,울산광역시,동구,74,87
202104,울산광역시,동구,75,56
202104,울산광역시,동구,76,68
202104,울산광역시,동구,77,69
202104,울산광역시,동구,78,105
202104,울산광역시,동구,79,60
202104,울산광역시,동구,80,78
202104,울산광역시,동구,81,80
202104,울산광역시,동구,82,49
202104,울산광역시,동구,83,64
202104,울산광역시,동구,84,49
202104,울산광역시,동구,85,58
202104,울산광역시,동구,86,35
202104,울산광역시,동구,87,31
202104,울산광역시,동구,88,20
202104,울산광역시,동구,89,22
202104,울산광역시,동구,90,17
202104,울산광역시,동구,91,11
202104,울산광역시,동구,92,10
202104,울산광역시,동구,93,7
202104,울산광역시,동구,94,4
202104,울산광역시,동구,95,6
202104,울산광역시,동구,96,2
202104,울산광역시,동구,97,5
202104,울산광역시,동구,99,1
202104,울산광역시,동구,100,2
202104,울산광역시,동구,103,1
202104,울산광역시,북구,0,4
202104,울산광역시,북구,1,13
202104,울산광역시,북구,2,18
202104,울산광역시,북구,3,20
202104,울산광역시,북구,4,26
202104,울산광역시,북구,5,44
202104,울산광역시,북구,6,57
202104,울산광역시,북구,7,61
202104,울산광역시,북구,8,60
202104,울산광역시,북구,9,68
202104,울산광역시,북구,10,75
202104,울산광역시,북구,11,72
202104,울산광역시,북구,12,60
202104,울산광역시,북구,13,81
202104,울산광역시,북구,14,88
202104,울산광역시,북구,15,79
202104,울산광역시,북구,16,79
202104,울산광역시,북구,17,101
202104,울산광역시,북구,18,93
202104,울산광역시,북구,19,61
202104,울산광역시,북구,20,63
202104,울산광역시,북구,21,38
202104,울산광역시,북구,22,38
202104,울산광역시,북구,23,23
202104,울산광역시,북구,24,22
202104,울산광역시,북구,25,17
202104,울산광역시,북구,26,20
202104,울산광역시,북구,27,12
202104,울산광역시,북구,28,15
202104,울산광역시,북구,29,15
202104,울산광역시,북구,30,19
202104,울산광역시,북구,31,14
202104,울산광역시,북구,32,21
202104,울산광역시,북구,33,15
202104,울산광역시,북구,34,15
202104,울산광역시,북구,35,25
202104,울산광역시,북구,36,29
202104,울산광역시,북구,37,37
202104,울산광역시,북구,38,46
202104,울산광역시,북구,39,50
202104,울산광역시,북구,40,44
202104,울산광역시,북구,41,63
202104,울산광역시,북구,42,50
202104,울산광역시,북구,43,63
202104,울산광역시,북구,44,50
202104,울산광역시,북구,45,56
202104,울산광역시,북구,46,70
202104,울산광역시,북구,47,61
202104,울산광역시,북구,48,76
202104,울산광역시,북구,49,74
202104,울산광역시,북구,50,69
202104,울산광역시,북구,51,67
202104,울산광역시,북구,52,68
202104,울산광역시,북구,53,56
202104,울산광역시,북구,54,73
202104,울산광역시,북구,55,66
202104,울산광역시,북구,56,60
202104,울산광역시,북구,57,63
202104,울산광역시,북구,58,59
202104,울산광역시,북구,59,51
202104,울산광역시,북구,60,69
202104,울산광역시,북구,61,90
202104,울산광역시,북구,62,58
202104,울산광역시,북구,63,57
202104,울산광역시,북구,64,66
202104,울산광역시,북구,65,84
202104,울산광역시,북구,66,91
202104,울산광역시,북구,67,67
202104,울산광역시,북구,68,77
202104,울산광역시,북구,69,58
202104,울산광역시,북구,70,62
202104,울산광역시,북구,71,67
202104,울산광역시,북구,72,72
202104,울산광역시,북구,73,77
202104,울산광역시,북구,74,79
202104,울산광역시,북구,75,49
202104,울산광역시,북구,76,65
202104,울산광역시,북구,77,71
202104,울산광역시,북구,78,85
202104,울산광역시,북구,79,79
202104,울산광역시,북구,80,50
202104,울산광역시,북구,81,59
202104,울산광역시,북구,82,51
202104,울산광역시,북구,83,53
202104,울산광역시,북구,84,56
202104,울산광역시,북구,85,34
202104,울산광역시,북구,86,35
202104,울산광역시,북구,87,23
202104,울산광역시,북구,88,26
202104,울산광역시,북구,89,12
202104,울산광역시,북구,90,19
202104,울산광역시,북구,91,8
202104,울산광역시,북구,92,9
202104,울산광역시,북구,93,9
202104,울산광역시,북구,94,5
202104,울산광역시,북구,95,2
202104,울산광역시,북구,96,1
202104,울산광역시,북구,97,1
202104,울산광역시,북구,98,4
202104,울산광역시,북구,99,2
202104,울산광역시,북구,100,1
202104,울산광역시,울주군,0,12
202104,울산광역시,울주군,1,13
202104,울산광역시,울주군,2,25
202104,울산광역시,울주군,3,18
202104,울산광역시,울주군,4,28
202104,울산광역시,울주군,5,18
202104,울산광역시,울주군,6,38
202104,울산광역시,울주군,7,42
202104,울산광역시,울주군,8,53
202104,울산광역시,울주군,9,50
202104,울산광역시,울주군,10,63
202104,울산광역시,울주군,11,52
202104,울산광역시,울주군,12,56
202104,울산광역시,울주군,13,78
202104,울산광역시,울주군,14,72
202104,울산광역시,울주군,15,70
202104,울산광역시,울주군,16,81
202104,울산광역시,울주군,17,81
202104,울산광역시,울주군,18,77
202104,울산광역시,울주군,19,58
202104,울산광역시,울주군,20,59
202104,울산광역시,울주군,21,35
202104,울산광역시,울주군,22,54
202104,울산광역시,울주군,23,33
202104,울산광역시,울주군,24,29
202104,울산광역시,울주군,25,20
202104,울산광역시,울주군,26,26
202104,울산광역시,울주군,27,14
202104,울산광역시,울주군,28,17
202104,울산광역시,울주군,29,18
202104,울산광역시,울주군,30,14
202104,울산광역시,울주군,31,14
202104,울산광역시,울주군,32,20
202104,울산광역시,울주군,33,22
202104,울산광역시,울주군,34,19
202104,울산광역시,울주군,35,23
202104,울산광역시,울주군,36,18
202104,울산광역시,울주군,37,30
202104,울산광역시,울주군,38,42
202104,울산광역시,울주군,39,49
202104,울산광역시,울주군,40,40
202104,울산광역시,울주군,41,44
202104,울산광역시,울주군,42,50
202104,울산광역시,울주군,43,53
202104,울산광역시,울주군,44,47
202104,울산광역시,울주군,45,58
202104,울산광역시,울주군,46,81
202104,울산광역시,울주군,47,82
202104,울산광역시,울주군,48,81
202104,울산광역시,울주군,49,80
202104,울산광역시,울주군,50,79
202104,울산광역시,울주군,51,93
202104,울산광역시,울주군,52,84
202104,울산광역시,울주군,53,97
202104,울산광역시,울주군,54,97
202104,울산광역시,울주군,55,93
202104,울산광역시,울주군,56,100
202104,울산광역시,울주군,57,79
202104,울산광역시,울주군,58,109
202104,울산광역시,울주군,59,103
202104,울산광역시,울주군,60,124
202104,울산광역시,울주군,61,111
202104,울산광역시,울주군,62,128
202104,울산광역시,울주군,63,133
202104,울산광역시,울주군,64,120
202104,울산광역시,울주군,65,131
202104,울산광역시,울주군,66,122
202104,울산광역시,울주군,67,124
202104,울산광역시,울주군,68,121
202104,울산광역시,울주군,69,93
202104,울산광역시,울주군,70,111
202104,울산광역시,울주군,71,96
202104,울산광역시,울주군,72,101
202104,울산광역시,울주군,73,122
202104,울산광역시,울주군,74,96
202104,울산광역시,울주군,75,88
202104,울산광역시,울주군,76,93
202104,울산광역시,울주군,77,106
202104,울산광역시,울주군,78,120
202104,울산광역시,울주군,79,102
202104,울산광역시,울주군,80,79
202104,울산광역시,울주군,81,82
202104,울산광역시,울주군,82,75
202104,울산광역시,울주군,83,79
202104,울산광역시,울주군,84,66
202104,울산광역시,울주군,85,56
202104,울산광역시,울주군,86,56
202104,울산광역시,울주군,87,46
202104,울산광역시,울주군,88,38
202104,울산광역시,울주군,89,34
202104,울산광역시,울주군,90,27
202104,울산광역시,울주군,91,18
202104,울산광역시,울주군,92,10
202104,울산광역시,울주군,93,8
202104,울산광역시,울주군,94,10
202104,울산광역시,울주군,95,8
202104,울산광역시,울주군,96,4
202104,울산광역시,울주군,97,4
202104,울산광역시,울주군,98,2
202104,세종특별자치시,세종특별자치시,0,13
202104,세종특별자치시,세종특별자치시,1,23
202104,세종특별자치시,세종특별자치시,2,26
202104,세종특별자치시,세종특별자치시,3,33
202104,세종특별자치시,세종특별자치시,4,34
202104,세종특별자치시,세종특별자치시,5,58
202104,세종특별자치시,세종특별자치시,6,60
202104,세종특별자치시,세종특별자치시,7,68
202104,세종특별자치시,세종특별자치시,8,84
202104,세종특별자치시,세종특별자치시,9,110
202104,세종특별자치시,세종특별자치시,10,106
202104,세종특별자치시,세종특별자치시,11,118
202104,세종특별자치시,세종특별자치시,12,134
202104,세종특별자치시,세종특별자치시,13,148
202104,세종특별자치시,세종특별자치시,14,151
202104,세종특별자치시,세종특별자치시,15,123
202104,세종특별자치시,세종특별자치시,16,133
202104,세종특별자치시,세종특별자치시,17,147
202104,세종특별자치시,세종특별자치시,18,111
202104,세종특별자치시,세종특별자치시,19,68
202104,세종특별자치시,세종특별자치시,20,66
202104,세종특별자치시,세종특별자치시,21,54
202104,세종특별자치시,세종특별자치시,22,49
202104,세종특별자치시,세종특별자치시,23,54
202104,세종특별자치시,세종특별자치시,24,28
202104,세종특별자치시,세종특별자치시,25,31
202104,세종특별자치시,세종특별자치시,26,19
202104,세종특별자치시,세종특별자치시,27,25
202104,세종특별자치시,세종특별자치시,28,15
202104,세종특별자치시,세종특별자치시,29,22
202104,세종특별자치시,세종특별자치시,30,19
202104,세종특별자치시,세종특별자치시,31,23
202104,세종특별자치시,세종특별자치시,32,37
202104,세종특별자치시,세종특별자치시,33,21
202104,세종특별자치시,세종특별자치시,34,30
202104,세종특별자치시,세종특별자치시,35,41
202104,세종특별자치시,세종특별자치시,36,34
202104,세종특별자치시,세종특별자치시,37,48
202104,세종특별자치시,세종특별자치시,38,64
202104,세종특별자치시,세종특별자치시,39,74
202104,세종특별자치시,세종특별자치시,40,76
202104,세종특별자치시,세종특별자치시,41,77
202104,세종특별자치시,세종특별자치시,42,80
202104,세종특별자치시,세종특별자치시,43,74
202104,세종특별자치시,세종특별자치시,44,71
202104,세종특별자치시,세종특별자치시,45,89
202104,세종특별자치시,세종특별자치시,46,82
202104,세종특별자치시,세종특별자치시,47,83
202104,세종특별자치시,세종특별자치시,48,98
202104,세종특별자치시,세종특별자치시,49,111
202104,세종특별자치시,세종특별자치시,50,94
202104,세종특별자치시,세종특별자치시,51,96
202104,세종특별자치시,세종특별자치시,52,84
202104,세종특별자치시,세종특별자치시,53,84
202104,세종특별자치시,세종특별자치시,54,81
202104,세종특별자치시,세종특별자치시,55,65
202104,세종특별자치시,세종특별자치시,56,85
202104,세종특별자치시,세종특별자치시,57,70
202104,세종특별자치시,세종특별자치시,58,111
202104,세종특별자치시,세종특별자치시,59,103
202104,세종특별자치시,세종특별자치시,60,108
202104,세종특별자치시,세종특별자치시,61,123
202104,세종특별자치시,세종특별자치시,62,96
202104,세종특별자치시,세종특별자치시,63,96
202104,세종특별자치시,세종특별자치시,64,79
202104,세종특별자치시,세종특별자치시,65,109
202104,세종특별자치시,세종특별자치시,66,127
202104,세종특별자치시,세종특별자치시,67,109
202104,세종특별자치시,세종특별자치시,68,102
202104,세종특별자치시,세종특별자치시,69,75
202104,세종특별자치시,세종특별자치시,70,91
202104,세종특별자치시,세종특별자치시,71,90
202104,세종특별자치시,세종특별자치시,72,76
202104,세종특별자치시,세종특별자치시,73,101
202104,세종특별자치시,세종특별자치시,74,76
202104,세종특별자치시,세종특별자치시,75,77
202104,세종특별자치시,세종특별자치시,76,78
202104,세종특별자치시,세종특별자치시,77,77
202104,세종특별자치시,세종특별자치시,78,105
202104,세종특별자치시,세종특별자치시,79,107
202104,세종특별자치시,세종특별자치시,80,90
202104,세종특별자치시,세종특별자치시,81,92
202104,세종특별자치시,세종특별자치시,82,105
202104,세종특별자치시,세종특별자치시,83,83
202104,세종특별자치시,세종특별자치시,84,66
202104,세종특별자치시,세종특별자치시,85,63
202104,세종특별자치시,세종특별자치시,86,53
202104,세종특별자치시,세종특별자치시,87,45
202104,세종특별자치시,세종특별자치시,88,37
202104,세종특별자치시,세종특별자치시,89,34
202104,세종특별자치시,세종특별자치시,90,33
202104,세종특별자치시,세종특별자치시,91,26
202104,세종특별자치시,세종특별자치시,92,16
202104,세종특별자치시,세종특별자치시,93,9
202104,세종특별자치시,세종특별자치시,94,8
202104,세종특별자치시,세종특별자치시,95,2
202104,세종특별자치시,세종특별자치시,96,6
202104,세종특별자치시,세종특별자치시,97,4
202104,세종특별자치시,세종특별자치시,98,4
202104,세종특별자치시,세종특별자치시,99,3
202104,세종특별자치시,세종특별자치시,100,1
202104,세종특별자치시,세종특별자치시,105,1
202104,경기도,수원시,0,20
202104,경기도,수원시,1,47
202104,경기도,수원시,2,69
202104,경기도,수원시,3,65
202104,경기도,수원시,4,71
202104,경기도,수원시,5,112
202104,경기도,수원시,6,117
202104,경기도,수원시,7,136
202104,경기도,수원시,8,153
202104,경기도,수원시,9,229
202104,경기도,수원시,10,263
202104,경기도,수원시,11,225
202104,경기도,수원시,12,304
202104,경기도,수원시,13,301
202104,경기도,수원시,14,315
202104,경기도,수원시,15,315
202104,경기도,수원시,16,338
202104,경기도,수원시,17,394
202104,경기도,수원시,18,374
202104,경기도,수원시,19,280
202104,경기도,수원시,20,226
202104,경기도,수원시,21,195
202104,경기도,수원시,22,193
202104,경기도,수원시,23,167
202104,경기도,수원시,24,123
202104,경기도,수원시,25,124
202104,경기도,수원시,26,81
202104,경기도,수원시,27,73
202104,경기도,수원시,28,68
202104,경기도,수원시,29,71
202104,경기도,수원시,30,63
202104,경기도,수원시,31,82
202104,경기도,수원시,32,89
202104,경기도,수원시,33,99
202104,경기도,수원시,34,88
202104,경기도,수원시,35,112
202104,경기도,수원시,36,108
202104,경기도,수원시,37,121
202104,경기도,수원시,38,162
202104,경기도,수원시,39,158
202104,경기도,수원시,40,213
202104,경기도,수원시,41,217
202104,경기도,수원시,42,190
202104,경기도,수원시,43,211
202104,경기도,수원시,44,214
202104,경기도,수원시,45,226
202104,경기도,수원시,46,281
202104,경기도,수원시,47,336
202104,경기도,수원시,48,330
202104,경기도,수원시,49,346
202104,경기도,수원시,50,365
202104,경기도,수원시,51,386
202104,경기도,수원시,52,377
202104,경기도,수원시,53,382
202104,경기도,수원시,54,371
202104,경기도,수원시,55,378
202104,경기도,수원시,56,391
202104,경기도,수원시,57,353
202104,경기도,수원시,58,421
202104,경기도,수원시,59,409
202104,경기도,수원시,60,538
202104,경기도,수원시,61,476
202104,경기도,수원시,62,454
202104,경기도,수원시,63,447
202104,경기도,수원시,64,431
202104,경기도,수원시,65,459
202104,경기도,수원시,66,498
202104,경기도,수원시,67,423
202104,경기도,수원시,68,437
202104,경기도,수원시,69,428
202104,경기도,수원시,70,346
202104,경기도,수원시,71,387
202104,경기도,수원시,72,432
202104,경기도,수원시,73,414
202104,경기도,수원시,74,387
202104,경기도,수원시,75,292
202104,경기도,수원시,76,372
202104,경기도,수원시,77,356
202104,경기도,수원시,78,425
202104,경기도,수원시,79,421
202104,경기도,수원시,80,357
202104,경기도,수원시,81,338
202104,경기도,수원시,82,359
202104,경기도,수원시,83,304
202104,경기도,수원시,84,259
202104,경기도,수원시,85,243
202104,경기도,수원시,86,208
202104,경기도,수원시,87,203
202104,경기도,수원시,88,155
202104,경기도,수원시,89,131
202104,경기도,수원시,90,106
202104,경기도,수원시,91,77
202104,경기도,수원시,92,58
202104,경기도,수원시,93,58
202104,경기도,수원시,94,33
202104,경기도,수원시,95,26
202104,경기도,수원시,96,17
202104,경기도,수원시,97,7
202104,경기도,수원시,98,16
202104,경기도,수원시,99,6
202104,경기도,수원시,100,3
202104,경기도,수원시,101,5
202104,경기도,수원시,102,4
202104,경기도,수원시,104,1
202104,경기도,수원시,105,2
202104,경기도,수원시,106,1
202104,경기도,성남시,0,29
202104,경기도,성남시,1,52
202104,경기도,성남시,2,66
202104,경기도,성남시,3,68
202104,경기도,성남시,4,81
202104,경기도,성남시,5,114
202104,경기도,성남시,6,155
202104,경기도,성남시,7,212
202104,경기도,성남시,8,265
202104,경기도,성남시,9,282
202104,경기도,성남시,10,314
202104,경기도,성남시,11,299
202104,경기도,성남시,12,313
202104,경기도,성남시,13,374
202104,경기도,성남시,14,376
202104,경기도,성남시,15,342
202104,경기도,성남시,16,433
202104,경기도,성남시,17,484
202104,경기도,성남시,18,459
202104,경기도,성남시,19,344
202104,경기도,성남시,20,321
202104,경기도,성남시,21,277
202104,경기도,성남시,22,265
202104,경기도,성남시,23,229
202104,경기도,성남시,24,194
202104,경기도,성남시,25,143
202104,경기도,성남시,26,115
202104,경기도,성남시,27,115
202104,경기도,성남시,28,120
202104,경기도,성남시,29,121
202104,경기도,성남시,30,105
202104,경기도,성남시,31,104
202104,경기도,성남시,32,105
202104,경기도,성남시,33,103
202104,경기도,성남시,34,127
202104,경기도,성남시,35,131
202104,경기도,성남시,36,154
202104,경기도,성남시,37,153
202104,경기도,성남시,38,191
202104,경기도,성남시,39,225
202104,경기도,성남시,40,249
202104,경기도,성남시,41,255
202104,경기도,성남시,42,247
202104,경기도,성남시,43,233
202104,경기도,성남시,44,268
202104,경기도,성남시,45,289
202104,경기도,성남시,46,312
202104,경기도,성남시,47,368
202104,경기도,성남시,48,448
202104,경기도,성남시,49,442
202104,경기도,성남시,50,460
202104,경기도,성남시,51,506
202104,경기도,성남시,52,500
202104,경기도,성남시,53,510
202104,경기도,성남시,54,498
202104,경기도,성남시,55,506
202104,경기도,성남시,56,449
202104,경기도,성남시,57,462
202104,경기도,성남시,58,562
202104,경기도,성남시,59,566
202104,경기도,성남시,60,695
202104,경기도,성남시,61,632
202104,경기도,성남시,62,636
202104,경기도,성남시,63,595
202104,경기도,성남시,64,559
202104,경기도,성남시,65,554
202104,경기도,성남시,66,652
202104,경기도,성남시,67,508
202104,경기도,성남시,68,554
202104,경기도,성남시,69,458
202104,경기도,성남시,70,423
202104,경기도,성남시,71,457
202104,경기도,성남시,72,469
202104,경기도,성남시,73,497
202104,경기도,성남시,74,486
202104,경기도,성남시,75,364
202104,경기도,성남시,76,437
202104,경기도,성남시,77,419
202104,경기도,성남시,78,506
202104,경기도,성남시,79,489
202104,경기도,성남시,80,371
202104,경기도,성남시,81,400
202104,경기도,성남시,82,394
202104,경기도,성남시,83,331
202104,경기도,성남시,84,288
202104,경기도,성남시,85,302
202104,경기도,성남시,86,265
202104,경기도,성남시,87,219
202104,경기도,성남시,88,176
202104,경기도,성남시,89,133
202104,경기도,성남시,90,103
202104,경기도,성남시,91,115
202104,경기도,성남시,92,80
202104,경기도,성남시,93,85
202104,경기도,성남시,94,35
202104,경기도,성남시,95,28
202104,경기도,성남시,96,16
202104,경기도,성남시,97,19
202104,경기도,성남시,98,16
202104,경기도,성남시,99,12
202104,경기도,성남시,100,9
202104,경기도,성남시,101,2
202104,경기도,성남시,103,2
202104,경기도,성남시,105,1
202104,경기도,성남시,107,1
202104,경기도,성남시,109,1
202104,경기도,의정부시,0,33
202104,경기도,의정부시,1,41
202104,경기도,의정부시,2,69
202104,경기도,의정부시,3,66
202104,경기도,의정부시,4,95
202104,경기도,의정부시,5,105
202104,경기도,의정부시,6,124
202104,경기도,의정부시,7,155
202104,경기도,의정부시,8,224
202104,경기도,의정부시,9,247
202104,경기도,의정부시,10,249
202104,경기도,의정부시,11,235
202104,경기도,의정부시,12,288
202104,경기도,의정부시,13,287
202104,경기도,의정부시,14,305
202104,경기도,의정부시,15,316
202104,경기도,의정부시,16,348
202104,경기도,의정부시,17,419
202104,경기도,의정부시,18,359
202104,경기도,의정부시,19,290
202104,경기도,의정부시,20,230
202104,경기도,의정부시,21,215
202104,경기도,의정부시,22,188
202104,경기도,의정부시,23,178
202104,경기도,의정부시,24,139
202104,경기도,의정부시,25,116
202104,경기도,의정부시,26,90
202104,경기도,의정부시,27,82
202104,경기도,의정부시,28,76
202104,경기도,의정부시,29,80
202104,경기도,의정부시,30,69
202104,경기도,의정부시,31,78
202104,경기도,의정부시,32,87
202104,경기도,의정부시,33,91
202104,경기도,의정부시,34,91
202104,경기도,의정부시,35,110
202104,경기도,의정부시,36,113
202104,경기도,의정부시,37,119
202104,경기도,의정부시,38,143
202104,경기도,의정부시,39,141
202104,경기도,의정부시,40,171
202104,경기도,의정부시,41,162
202104,경기도,의정부시,42,177
202104,경기도,의정부시,43,204
202104,경기도,의정부시,44,178
202104,경기도,의정부시,45,184
202104,경기도,의정부시,46,288
202104,경기도,의정부시,47,251
202104,경기도,의정부시,48,314
202104,경기도,의정부시,49,354
202104,경기도,의정부시,50,323
202104,경기도,의정부시,51,309
202104,경기도,의정부시,52,328
202104,경기도,의정부시,53,339
202104,경기도,의정부시,54,336
202104,경기도,의정부시,55,335
202104,경기도,의정부시,56,343
202104,경기도,의정부시,57,286
202104,경기도,의정부시,58,353
202104,경기도,의정부시,59,377
202104,경기도,의정부시,60,424
202104,경기도,의정부시,61,408
202104,경기도,의정부시,62,373
202104,경기도,의정부시,63,369
202104,경기도,의정부시,64,341
202104,경기도,의정부시,65,364
202104,경기도,의정부시,66,413
202104,경기도,의정부시,67,338
202104,경기도,의정부시,68,365
202104,경기도,의정부시,69,279
202104,경기도,의정부시,70,266
202104,경기도,의정부시,71,301
202104,경기도,의정부시,72,309
202104,경기도,의정부시,73,318
202104,경기도,의정부시,74,326
202104,경기도,의정부시,75,265
202104,경기도,의정부시,76,268
202104,경기도,의정부시,77,280
202104,경기도,의정부시,78,339
202104,경기도,의정부시,79,348
202104,경기도,의정부시,80,288
202104,경기도,의정부시,81,272
202104,경기도,의정부시,82,282
202104,경기도,의정부시,83,242
202104,경기도,의정부시,84,199
202104,경기도,의정부시,85,190
202104,경기도,의정부시,86,156
202104,경기도,의정부시,87,139
202104,경기도,의정부시,88,113
202104,경기도,의정부시,89,72
202104,경기도,의정부시,90,66
202104,경기도,의정부시,91,66
202104,경기도,의정부시,92,50
202104,경기도,의정부시,93,34
202104,경기도,의정부시,94,18
202104,경기도,의정부시,95,13
202104,경기도,의정부시,96,12
202104,경기도,의정부시,97,8
202104,경기도,의정부시,98,14
202104,경기도,의정부시,99,4
202104,경기도,의정부시,100,1
202104,경기도,의정부시,101,1
202104,경기도,의정부시,102,2
202104,경기도,안양시,0,12
202104,경기도,안양시,1,32
202104,경기도,안양시,2,29
202104,경기도,안양시,3,39
202104,경기도,안양시,4,43
202104,경기도,안양시,5,43
202104,경기도,안양시,6,52
202104,경기도,안양시,7,77
202104,경기도,안양시,8,77
202104,경기도,안양시,9,112
202104,경기도,안양시,10,138
202104,경기도,안양시,11,133
202104,경기도,안양시,12,109
202104,경기도,안양시,13,168
202104,경기도,안양시,14,174
202104,경기도,안양시,15,175
202104,경기도,안양시,16,182
202104,경기도,안양시,17,195
202104,경기도,안양시,18,196
202104,경기도,안양시,19,157
202104,경기도,안양시,20,130
202104,경기도,안양시,21,102
202104,경기도,안양시,22,105
202104,경기도,안양시,23,99
202104,경기도,안양시,24,95
202104,경기도,안양시,25,51
202104,경기도,안양시,26,56
202104,경기도,안양시,27,42
202104,경기도,안양시,28,38
202104,경기도,안양시,29,29
202104,경기도,안양시,30,39
202104,경기도,안양시,31,52
202104,경기도,안양시,32,48
202104,경기도,안양시,33,41
202104,경기도,안양시,34,46
202104,경기도,안양시,35,61
202104,경기도,안양시,36,56
202104,경기도,안양시,37,63
202104,경기도,안양시,38,70
202104,경기도,안양시,39,90
202104,경기도,안양시,40,96
202104,경기도,안양시,41,100
202104,경기도,안양시,42,88
202104,경기도,안양시,43,89
202104,경기도,안양시,44,98
202104,경기도,안양시,45,121
202104,경기도,안양시,46,127
202104,경기도,안양시,47,127
202104,경기도,안양시,48,167
202104,경기도,안양시,49,176
202104,경기도,안양시,50,203
202104,경기도,안양시,51,193
202104,경기도,안양시,52,220
202104,경기도,안양시,53,203
202104,경기도,안양시,54,205
202104,경기도,안양시,55,211
202104,경기도,안양시,56,200
202104,경기도,안양시,57,203
202104,경기도,안양시,58,241
202104,경기도,안양시,59,264
202104,경기도,안양시,60,277
202104,경기도,안양시,61,283
202104,경기도,안양시,62,251
202104,경기도,안양시,63,222
202104,경기도,안양시,64,259
202104,경기도,안양시,65,235
202104,경기도,안양시,66,275
202104,경기도,안양시,67,227
202104,경기도,안양시,68,235
202104,경기도,안양시,69,189
202104,경기도,안양시,70,176
202104,경기도,안양시,71,204
202104,경기도,안양시,72,187
202104,경기도,안양시,73,190
202104,경기도,안양시,74,173
202104,경기도,안양시,75,167
202104,경기도,안양시,76,169
202104,경기도,안양시,77,196
202104,경기도,안양시,78,207
202104,경기도,안양시,79,195
202104,경기도,안양시,80,154
202104,경기도,안양시,81,135
202104,경기도,안양시,82,166
202104,경기도,안양시,83,173
202104,경기도,안양시,84,163
202104,경기도,안양시,85,138
202104,경기도,안양시,86,134
202104,경기도,안양시,87,90
202104,경기도,안양시,88,93
202104,경기도,안양시,89,71
202104,경기도,안양시,90,70
202104,경기도,안양시,91,55
202104,경기도,안양시,92,43
202104,경기도,안양시,93,37
202104,경기도,안양시,94,19
202104,경기도,안양시,95,14
202104,경기도,안양시,96,5
202104,경기도,안양시,97,16
202104,경기도,안양시,98,6
202104,경기도,안양시,99,2
202104,경기도,안양시,100,3
202104,경기도,안양시,102,2
202104,경기도,부천시,0,22
202104,경기도,부천시,1,58
202104,경기도,부천시,2,60
202104,경기도,부천시,3,75
202104,경기도,부천시,4,69
202104,경기도,부천시,5,82
202104,경기도,부천시,6,128
202104,경기도,부천시,7,153
202104,경기도,부천시,8,193
202104,경기도,부천시,9,200
202104,경기도,부천시,10,233
202104,경기도,부천시,11,233
202104,경기도,부천시,12,254
202104,경기도,부천시,13,311
202104,경기도,부천시,14,305
202104,경기도,부천시,15,309
202104,경기도,부천시,16,343
202104,경기도,부천시,17,412
202104,경기도,부천시,18,347
202104,경기도,부천시,19,289
202104,경기도,부천시,20,233
202104,경기도,부천시,21,194
202104,경기도,부천시,22,200
202104,경기도,부천시,23,187
202104,경기도,부천시,24,160
202104,경기도,부천시,25,139
202104,경기도,부천시,26,102
202104,경기도,부천시,27,81
202104,경기도,부천시,28,76
202104,경기도,부천시,29,79
202104,경기도,부천시,30,64
202104,경기도,부천시,31,89
202104,경기도,부천시,32,89
202104,경기도,부천시,33,101
202104,경기도,부천시,34,84
202104,경기도,부천시,35,116
202104,경기도,부천시,36,126
202104,경기도,부천시,37,135
202104,경기도,부천시,38,159
202104,경기도,부천시,39,165
202104,경기도,부천시,40,169
202104,경기도,부천시,41,183
202104,경기도,부천시,42,178
202104,경기도,부천시,43,201
202104,경기도,부천시,44,190
202104,경기도,부천시,45,236
202104,경기도,부천시,46,249
202104,경기도,부천시,47,297
202104,경기도,부천시,48,308
202104,경기도,부천시,49,324
202104,경기도,부천시,50,369
202104,경기도,부천시,51,405
202104,경기도,부천시,52,436
202104,경기도,부천시,53,383
202104,경기도,부천시,54,385
202104,경기도,부천시,55,417
202104,경기도,부천시,56,405
202104,경기도,부천시,57,397
202104,경기도,부천시,58,456
202104,경기도,부천시,59,475
202104,경기도,부천시,60,534
202104,경기도,부천시,61,498
202104,경기도,부천시,62,451
202104,경기도,부천시,63,469
202104,경기도,부천시,64,466
202104,경기도,부천시,65,497
202104,경기도,부천시,66,556
202104,경기도,부천시,67,390
202104,경기도,부천시,68,440
202104,경기도,부천시,69,423
202104,경기도,부천시,70,393
202104,경기도,부천시,71,408
202104,경기도,부천시,72,391
202104,경기도,부천시,73,406
202104,경기도,부천시,74,413
202104,경기도,부천시,75,316
202104,경기도,부천시,76,333
202104,경기도,부천시,77,354
202104,경기도,부천시,78,442
202104,경기도,부천시,79,415
202104,경기도,부천시,80,324
202104,경기도,부천시,81,369
202104,경기도,부천시,82,341
202104,경기도,부천시,83,278
202104,경기도,부천시,84,257
202104,경기도,부천시,85,248
202104,경기도,부천시,86,224
202104,경기도,부천시,87,209
202104,경기도,부천시,88,161
202104,경기도,부천시,89,142
202104,경기도,부천시,90,110
202104,경기도,부천시,91,86
202104,경기도,부천시,92,84
202104,경기도,부천시,93,62
202104,경기도,부천시,94,29
202104,경기도,부천시,95,29
202104,경기도,부천시,96,14
202104,경기도,부천시,97,20
202104,경기도,부천시,98,19
202104,경기도,부천시,99,7
202104,경기도,부천시,100,3
202104,경기도,부천시,101,3
202104,경기도,부천시,102,1
202104,경기도,부천시,104,2
202104,경기도,부천시,105,1
202104,경기도,부천시,106,1
202104,경기도,광명시,0,12
202104,경기도,광명시,1,20
202104,경기도,광명시,2,24
202104,경기도,광명시,3,20
202104,경기도,광명시,4,22
202104,경기도,광명시,5,35
202104,경기도,광명시,6,49
202104,경기도,광명시,7,48
202104,경기도,광명시,8,89
202104,경기도,광명시,9,84
202104,경기도,광명시,10,97
202104,경기도,광명시,11,88
202104,경기도,광명시,12,122
202104,경기도,광명시,13,114
202104,경기도,광명시,14,125
202104,경기도,광명시,15,133
202104,경기도,광명시,16,138
202104,경기도,광명시,17,172
202104,경기도,광명시,18,155
202104,경기도,광명시,19,110
202104,경기도,광명시,20,76
202104,경기도,광명시,21,88
202104,경기도,광명시,22,74
202104,경기도,광명시,23,62
202104,경기도,광명시,24,54
202104,경기도,광명시,25,51
202104,경기도,광명시,26,48
202104,경기도,광명시,27,27
202104,경기도,광명시,28,30
202104,경기도,광명시,29,24
202104,경기도,광명시,30,32
202104,경기도,광명시,31,44
202104,경기도,광명시,32,31
202104,경기도,광명시,33,28
202104,경기도,광명시,34,33
202104,경기도,광명시,35,45
202104,경기도,광명시,36,38
202104,경기도,광명시,37,40
202104,경기도,광명시,38,63
202104,경기도,광명시,39,60
202104,경기도,광명시,40,72
202104,경기도,광명시,41,74
202104,경기도,광명시,42,71
202104,경기도,광명시,43,66
202104,경기도,광명시,44,75
202104,경기도,광명시,45,89
202104,경기도,광명시,46,109
202104,경기도,광명시,47,103
202104,경기도,광명시,48,125
202104,경기도,광명시,49,128
202104,경기도,광명시,50,140
202104,경기도,광명시,51,140
202104,경기도,광명시,52,163
202104,경기도,광명시,53,127
202104,경기도,광명시,54,132
202104,경기도,광명시,55,137
202104,경기도,광명시,56,127
202104,경기도,광명시,57,118
202104,경기도,광명시,58,152
202104,경기도,광명시,59,151
202104,경기도,광명시,60,145
202104,경기도,광명시,61,160
202104,경기도,광명시,62,164
202104,경기도,광명시,63,120
202104,경기도,광명시,64,167
202104,경기도,광명시,65,167
202104,경기도,광명시,66,190
202104,경기도,광명시,67,145
202104,경기도,광명시,68,166
202104,경기도,광명시,69,138
202104,경기도,광명시,70,122
202104,경기도,광명시,71,138
202104,경기도,광명시,72,157
202104,경기도,광명시,73,139
202104,경기도,광명시,74,168
202104,경기도,광명시,75,123
202104,경기도,광명시,76,123
202104,경기도,광명시,77,115
202104,경기도,광명시,78,149
202104,경기도,광명시,79,166
202104,경기도,광명시,80,141
202104,경기도,광명시,81,130
202104,경기도,광명시,82,134
202104,경기도,광명시,83,94
202104,경기도,광명시,84,104
202104,경기도,광명시,85,95
202104,경기도,광명시,86,78
202104,경기도,광명시,87,73
202104,경기도,광명시,88,47
202104,경기도,광명시,89,48
202104,경기도,광명시,90,40
202104,경기도,광명시,91,41
202104,경기도,광명시,92,20
202104,경기도,광명시,93,21
202104,경기도,광명시,94,7
202104,경기도,광명시,95,9
202104,경기도,광명시,96,4
202104,경기도,광명시,97,6
202104,경기도,광명시,98,7
202104,경기도,광명시,99,3
202104,경기도,광명시,102,2
202104,경기도,평택시,0,44
202104,경기도,평택시,1,46
202104,경기도,평택시,2,82
202104,경기도,평택시,3,70
202104,경기도,평택시,4,94
202104,경기도,평택시,5,109
202104,경기도,평택시,6,120
202104,경기도,평택시,7,188
202104,경기도,평택시,8,228
202104,경기도,평택시,9,236
202104,경기도,평택시,10,219
202104,경기도,평택시,11,211
202104,경기도,평택시,12,233
202104,경기도,평택시,13,264
202104,경기도,평택시,14,227
202104,경기도,평택시,15,241
202104,경기도,평택시,16,232
202104,경기도,평택시,17,275
202104,경기도,평택시,18,197
202104,경기도,평택시,19,165
202104,경기도,평택시,20,150
202104,경기도,평택시,21,115
202104,경기도,평택시,22,105
202104,경기도,평택시,23,107
202104,경기도,평택시,24,75
202104,경기도,평택시,25,63
202104,경기도,평택시,26,64
202104,경기도,평택시,27,52
202104,경기도,평택시,28,56
202104,경기도,평택시,29,67
202104,경기도,평택시,30,62
202104,경기도,평택시,31,45
202104,경기도,평택시,32,70
202104,경기도,평택시,33,73
202104,경기도,평택시,34,88
202104,경기도,평택시,35,101
202104,경기도,평택시,36,87
202104,경기도,평택시,37,108
202104,경기도,평택시,38,113
202104,경기도,평택시,39,141
202104,경기도,평택시,40,129
202104,경기도,평택시,41,175
202104,경기도,평택시,42,168
202104,경기도,평택시,43,152
202104,경기도,평택시,44,137
202104,경기도,평택시,45,150
202104,경기도,평택시,46,172
202104,경기도,평택시,47,216
202104,경기도,평택시,48,206
202104,경기도,평택시,49,204
202104,경기도,평택시,50,220
202104,경기도,평택시,51,239
202104,경기도,평택시,52,243
202104,경기도,평택시,53,214
202104,경기도,평택시,54,211
202104,경기도,평택시,55,211
202104,경기도,평택시,56,244
202104,경기도,평택시,57,210
202104,경기도,평택시,58,267
202104,경기도,평택시,59,272
202104,경기도,평택시,60,293
202104,경기도,평택시,61,259
202104,경기도,평택시,62,265
202104,경기도,평택시,63,266
202104,경기도,평택시,64,261
202104,경기도,평택시,65,276
202104,경기도,평택시,66,296
202104,경기도,평택시,67,230
202104,경기도,평택시,68,259
202104,경기도,평택시,69,212
202104,경기도,평택시,70,222
202104,경기도,평택시,71,225
202104,경기도,평택시,72,210
202104,경기도,평택시,73,240
202104,경기도,평택시,74,238
202104,경기도,평택시,75,185
202104,경기도,평택시,76,209
202104,경기도,평택시,77,217
202104,경기도,평택시,78,241
202104,경기도,평택시,79,250
202104,경기도,평택시,80,209
202104,경기도,평택시,81,199
202104,경기도,평택시,82,181
202104,경기도,평택시,83,186
202104,경기도,평택시,84,180
202104,경기도,평택시,85,148
202104,경기도,평택시,86,125
202104,경기도,평택시,87,96
202104,경기도,평택시,88,97
202104,경기도,평택시,89,58
202104,경기도,평택시,90,67
202104,경기도,평택시,91,34
202104,경기도,평택시,92,38
202104,경기도,평택시,93,25
202104,경기도,평택시,94,16
202104,경기도,평택시,95,7
202104,경기도,평택시,96,11
202104,경기도,평택시,97,7
202104,경기도,평택시,98,8
202104,경기도,평택시,99,4
202104,경기도,평택시,100,2
202104,경기도,평택시,101,1
202104,경기도,평택시,102,1
202104,경기도,평택시,103,1
202104,경기도,평택시,104,1
202104,경기도,동두천시,0,12
202104,경기도,동두천시,1,24
202104,경기도,동두천시,2,26
202104,경기도,동두천시,3,21
202104,경기도,동두천시,4,32
202104,경기도,동두천시,5,26
202104,경기도,동두천시,6,53
202104,경기도,동두천시,7,64
202104,경기도,동두천시,8,72
202104,경기도,동두천시,9,85
202104,경기도,동두천시,10,108
202104,경기도,동두천시,11,79
202104,경기도,동두천시,12,96
202104,경기도,동두천시,13,108
202104,경기도,동두천시,14,98
202104,경기도,동두천시,15,90
202104,경기도,동두천시,16,111
202104,경기도,동두천시,17,134
202104,경기도,동두천시,18,91
202104,경기도,동두천시,19,78
202104,경기도,동두천시,20,73
202104,경기도,동두천시,21,64
202104,경기도,동두천시,22,46
202104,경기도,동두천시,23,45
202104,경기도,동두천시,24,41
202104,경기도,동두천시,25,24
202104,경기도,동두천시,26,24
202104,경기도,동두천시,27,26
202104,경기도,동두천시,28,23
202104,경기도,동두천시,29,19
202104,경기도,동두천시,30,17
202104,경기도,동두천시,31,17
202104,경기도,동두천시,32,17
202104,경기도,동두천시,33,24
202104,경기도,동두천시,34,21
202104,경기도,동두천시,35,18
202104,경기도,동두천시,36,35
202104,경기도,동두천시,37,31
202104,경기도,동두천시,38,51
202104,경기도,동두천시,39,47
202104,경기도,동두천시,40,46
202104,경기도,동두천시,41,56
202104,경기도,동두천시,42,45
202104,경기도,동두천시,43,51
202104,경기도,동두천시,44,59
202104,경기도,동두천시,45,68
202104,경기도,동두천시,46,65
202104,경기도,동두천시,47,71
202104,경기도,동두천시,48,72
202104,경기도,동두천시,49,91
202104,경기도,동두천시,50,95
202104,경기도,동두천시,51,104
202104,경기도,동두천시,52,110
202104,경기도,동두천시,53,96
202104,경기도,동두천시,54,96
202104,경기도,동두천시,55,101
202104,경기도,동두천시,56,107
202104,경기도,동두천시,57,99
202104,경기도,동두천시,58,89
202104,경기도,동두천시,59,104
202104,경기도,동두천시,60,127
202104,경기도,동두천시,61,117
202104,경기도,동두천시,62,113
202104,경기도,동두천시,63,130
202104,경기도,동두천시,64,107
202104,경기도,동두천시,65,119
202104,경기도,동두천시,66,146
202104,경기도,동두천시,67,109
202104,경기도,동두천시,68,141
202104,경기도,동두천시,69,89
202104,경기도,동두천시,70,95
202104,경기도,동두천시,71,121
202104,경기도,동두천시,72,106
202104,경기도,동두천시,73,107
202104,경기도,동두천시,74,142
202104,경기도,동두천시,75,88
202104,경기도,동두천시,76,92
202104,경기도,동두천시,77,118
202104,경기도,동두천시,78,158
202104,경기도,동두천시,79,146
202104,경기도,동두천시,80,139
202104,경기도,동두천시,81,117
202104,경기도,동두천시,82,109
202104,경기도,동두천시,83,91
202104,경기도,동두천시,84,86
202104,경기도,동두천시,85,77
202104,경기도,동두천시,86,66
202104,경기도,동두천시,87,48
202104,경기도,동두천시,88,48
202104,경기도,동두천시,89,30
202104,경기도,동두천시,90,22
202104,경기도,동두천시,91,18
202104,경기도,동두천시,92,11
202104,경기도,동두천시,93,16
202104,경기도,동두천시,94,16
202104,경기도,동두천시,95,4
202104,경기도,동두천시,96,4
202104,경기도,동두천시,97,4
202104,경기도,동두천시,98,1
202104,경기도,동두천시,101,1
202104,경기도,동두천시,104,1
202104,경기도,동두천시,106,1
202104,경기도,안산시,0,43
202104,경기도,안산시,1,73
202104,경기도,안산시,2,88
202104,경기도,안산시,3,96
202104,경기도,안산시,4,129
202104,경기도,안산시,5,151
202104,경기도,안산시,6,208
202104,경기도,안산시,7,259
202104,경기도,안산시,8,295
202104,경기도,안산시,9,362
202104,경기도,안산시,10,400
202104,경기도,안산시,11,351
202104,경기도,안산시,12,407
202104,경기도,안산시,13,469
202104,경기도,안산시,14,477
202104,경기도,안산시,15,470
202104,경기도,안산시,16,471
202104,경기도,안산시,17,543
202104,경기도,안산시,18,484
202104,경기도,안산시,19,380
202104,경기도,안산시,20,345
202104,경기도,안산시,21,303
202104,경기도,안산시,22,237
202104,경기도,안산시,23,234
202104,경기도,안산시,24,179
202104,경기도,안산시,25,145
202104,경기도,안산시,26,123
202104,경기도,안산시,27,95
202104,경기도,안산시,28,84
202104,경기도,안산시,29,78
202104,경기도,안산시,30,97
202104,경기도,안산시,31,122
202104,경기도,안산시,32,121
202104,경기도,안산시,33,121
202104,경기도,안산시,34,123
202104,경기도,안산시,35,116
202104,경기도,안산시,36,126
202104,경기도,안산시,37,172
202104,경기도,안산시,38,182
202104,경기도,안산시,39,217
202104,경기도,안산시,40,235
202104,경기도,안산시,41,227
202104,경기도,안산시,42,242
202104,경기도,안산시,43,285
202104,경기도,안산시,44,252
202104,경기도,안산시,45,309
202104,경기도,안산시,46,335
202104,경기도,안산시,47,384
202104,경기도,안산시,48,359
202104,경기도,안산시,49,426
202104,경기도,안산시,50,428
202104,경기도,안산시,51,415
202104,경기도,안산시,52,475
202104,경기도,안산시,53,423
202104,경기도,안산시,54,453
202104,경기도,안산시,55,423
202104,경기도,안산시,56,484
202104,경기도,안산시,57,409
202104,경기도,안산시,58,446
202104,경기도,안산시,59,437
202104,경기도,안산시,60,483
202104,경기도,안산시,61,433
202104,경기도,안산시,62,440
202104,경기도,안산시,63,399
202104,경기도,안산시,64,375
202104,경기도,안산시,65,385
202104,경기도,안산시,66,458
202104,경기도,안산시,67,351
202104,경기도,안산시,68,363
202104,경기도,안산시,69,293
202104,경기도,안산시,70,316
202104,경기도,안산시,71,342
202104,경기도,안산시,72,360
202104,경기도,안산시,73,344
202104,경기도,안산시,74,387
202104,경기도,안산시,75,291
202104,경기도,안산시,76,356
202104,경기도,안산시,77,359
202104,경기도,안산시,78,396
202104,경기도,안산시,79,417
202104,경기도,안산시,80,344
202104,경기도,안산시,81,362
202104,경기도,안산시,82,344
202104,경기도,안산시,83,347
202104,경기도,안산시,84,314
202104,경기도,안산시,85,323
202104,경기도,안산시,86,259
202104,경기도,안산시,87,218
202104,경기도,안산시,88,183
202104,경기도,안산시,89,130
202104,경기도,안산시,90,101
202104,경기도,안산시,91,88
202104,경기도,안산시,92,70
202104,경기도,안산시,93,46
202104,경기도,안산시,94,45
202104,경기도,안산시,95,27
202104,경기도,안산시,96,24
202104,경기도,안산시,97,18
202104,경기도,안산시,98,11
202104,경기도,안산시,99,9
202104,경기도,안산시,100,2
202104,경기도,안산시,101,2
202104,경기도,안산시,102,2
202104,경기도,안산시,103,1
202104,경기도,안산시,104,3
202104,경기도,안산시,119,1
202104,경기도,고양시,0,39
202104,경기도,고양시,1,44
202104,경기도,고양시,2,78
202104,경기도,고양시,3,86
202104,경기도,고양시,4,100
202104,경기도,고양시,5,116
202104,경기도,고양시,6,151
202104,경기도,고양시,7,217
202104,경기도,고양시,8,251
202104,경기도,고양시,9,327
202104,경기도,고양시,10,311
202104,경기도,고양시,11,329
202104,경기도,고양시,12,340
202104,경기도,고양시,13,397
202104,경기도,고양시,14,436
202104,경기도,고양시,15,433
202104,경기도,고양시,16,476
202104,경기도,고양시,17,527
202104,경기도,고양시,18,459
202104,경기도,고양시,19,392
202104,경기도,고양시,20,322
202104,경기도,고양시,21,300
202104,경기도,고양시,22,290
202104,경기도,고양시,23,270
202104,경기도,고양시,24,186
202104,경기도,고양시,25,178
202104,경기도,고양시,26,128
202104,경기도,고양시,27,92
202104,경기도,고양시,28,88
202104,경기도,고양시,29,94
202104,경기도,고양시,30,110
202104,경기도,고양시,31,116
202104,경기도,고양시,32,115
202104,경기도,고양시,33,124
202104,경기도,고양시,34,99
202104,경기도,고양시,35,140
202104,경기도,고양시,36,115
202104,경기도,고양시,37,134
202104,경기도,고양시,38,195
202104,경기도,고양시,39,179
202104,경기도,고양시,40,192
202104,경기도,고양시,41,219
202104,경기도,고양시,42,214
202104,경기도,고양시,43,249
202104,경기도,고양시,44,258
202104,경기도,고양시,45,294
202104,경기도,고양시,46,284
202104,경기도,고양시,47,384
202104,경기도,고양시,48,408
202104,경기도,고양시,49,488
202104,경기도,고양시,50,451
202104,경기도,고양시,51,481
202104,경기도,고양시,52,503
202104,경기도,고양시,53,461
202104,경기도,고양시,54,492
202104,경기도,고양시,55,486
202104,경기도,고양시,56,459
202104,경기도,고양시,57,461
202104,경기도,고양시,58,523
202104,경기도,고양시,59,489
202104,경기도,고양시,60,558
202104,경기도,고양시,61,561
202104,경기도,고양시,62,534
202104,경기도,고양시,63,520
202104,경기도,고양시,64,514
202104,경기도,고양시,65,546
202104,경기도,고양시,66,567
202104,경기도,고양시,67,463
202104,경기도,고양시,68,532
202104,경기도,고양시,69,361
202104,경기도,고양시,70,348
202104,경기도,고양시,71,436
202104,경기도,고양시,72,425
202104,경기도,고양시,73,467
202104,경기도,고양시,74,454
202104,경기도,고양시,75,354
202104,경기도,고양시,76,442
202104,경기도,고양시,77,448
202104,경기도,고양시,78,511
202104,경기도,고양시,79,535
202104,경기도,고양시,80,423
202104,경기도,고양시,81,465
202104,경기도,고양시,82,451
202104,경기도,고양시,83,395
202104,경기도,고양시,84,361
202104,경기도,고양시,85,293
202104,경기도,고양시,86,298
202104,경기도,고양시,87,226
202104,경기도,고양시,88,179
202104,경기도,고양시,89,183
202104,경기도,고양시,90,145
202104,경기도,고양시,91,114
202104,경기도,고양시,92,77
202104,경기도,고양시,93,63
202104,경기도,고양시,94,48
202104,경기도,고양시,95,27
202104,경기도,고양시,96,23
202104,경기도,고양시,97,18
202104,경기도,고양시,98,11
202104,경기도,고양시,99,6
202104,경기도,고양시,100,5
202104,경기도,고양시,101,1
202104,경기도,고양시,102,3
202104,경기도,고양시,104,1
202104,경기도,고양시,106,1
202104,경기도,고양시,107,1
202104,경기도,과천시,0,1
202104,경기도,과천시,1,2
202104,경기도,과천시,2,3
202104,경기도,과천시,3,2
202104,경기도,과천시,4,1
202104,경기도,과천시,5,3
202104,경기도,과천시,6,1
202104,경기도,과천시,7,4
202104,경기도,과천시,8,4
202104,경기도,과천시,9,7
202104,경기도,과천시,10,7
202104,경기도,과천시,11,7
202104,경기도,과천시,12,7
202104,경기도,과천시,13,5
202104,경기도,과천시,14,9
202104,경기도,과천시,15,15
202104,경기도,과천시,16,20
202104,경기도,과천시,17,14
202104,경기도,과천시,18,12
202104,경기도,과천시,19,13
202104,경기도,과천시,20,12
202104,경기도,과천시,21,12
202104,경기도,과천시,22,9
202104,경기도,과천시,23,9
202104,경기도,과천시,24,4
202104,경기도,과천시,25,14
202104,경기도,과천시,26,3
202104,경기도,과천시,27,6
202104,경기도,과천시,28,2
202104,경기도,과천시,29,3
202104,경기도,과천시,30,2
202104,경기도,과천시,31,3
202104,경기도,과천시,32,7
202104,경기도,과천시,33,3
202104,경기도,과천시,34,1
202104,경기도,과천시,35,7
202104,경기도,과천시,36,3
202104,경기도,과천시,37,4
202104,경기도,과천시,38,6
202104,경기도,과천시,39,3
202104,경기도,과천시,40,6
202104,경기도,과천시,41,8
202104,경기도,과천시,42,4
202104,경기도,과천시,43,4
202104,경기도,과천시,44,4
202104,경기도,과천시,45,4
202104,경기도,과천시,46,10
202104,경기도,과천시,47,8
202104,경기도,과천시,48,8
202104,경기도,과천시,49,12
202104,경기도,과천시,50,17
202104,경기도,과천시,51,13
202104,경기도,과천시,52,13
202104,경기도,과천시,53,15
202104,경기도,과천시,54,13
202104,경기도,과천시,55,16
202104,경기도,과천시,56,12
202104,경기도,과천시,57,14
202104,경기도,과천시,58,20
202104,경기도,과천시,59,12
202104,경기도,과천시,60,20
202104,경기도,과천시,61,25
202104,경기도,과천시,62,22
202104,경기도,과천시,63,20
202104,경기도,과천시,64,17
202104,경기도,과천시,65,31
202104,경기도,과천시,66,18
202104,경기도,과천시,67,17
202104,경기도,과천시,68,21
202104,경기도,과천시,69,15
202104,경기도,과천시,70,12
202104,경기도,과천시,71,16
202104,경기도,과천시,72,12
202104,경기도,과천시,73,19
202104,경기도,과천시,74,17
202104,경기도,과천시,75,17
202104,경기도,과천시,76,21
202104,경기도,과천시,77,22
202104,경기도,과천시,78,24
202104,경기도,과천시,79,15
202104,경기도,과천시,80,21
202104,경기도,과천시,81,11
202104,경기도,과천시,82,10
202104,경기도,과천시,83,13
202104,경기도,과천시,84,9
202104,경기도,과천시,85,19
202104,경기도,과천시,86,10
202104,경기도,과천시,87,10
202104,경기도,과천시,88,11
202104,경기도,과천시,89,9
202104,경기도,과천시,90,6
202104,경기도,과천시,91,2
202104,경기도,과천시,92,4
202104,경기도,과천시,93,3
202104,경기도,과천시,94,3
202104,경기도,과천시,95,4
202104,경기도,과천시,97,2
202104,경기도,구리시,0,2
202104,경기도,구리시,1,13
202104,경기도,구리시,2,15
202104,경기도,구리시,3,24
202104,경기도,구리시,4,22
202104,경기도,구리시,5,29
202104,경기도,구리시,6,38
202104,경기도,구리시,7,44
202104,경기도,구리시,8,75
202104,경기도,구리시,9,74
202104,경기도,구리시,10,77
202104,경기도,구리시,11,68
202104,경기도,구리시,12,72
202104,경기도,구리시,13,102
202104,경기도,구리시,14,86
202104,경기도,구리시,15,90
202104,경기도,구리시,16,94
202104,경기도,구리시,17,96
202104,경기도,구리시,18,114
202104,경기도,구리시,19,78
202104,경기도,구리시,20,93
202104,경기도,구리시,21,75
202104,경기도,구리시,22,78
202104,경기도,구리시,23,69
202104,경기도,구리시,24,54
202104,경기도,구리시,25,42
202104,경기도,구리시,26,24
202104,경기도,구리시,27,32
202104,경기도,구리시,28,25
202104,경기도,구리시,29,35
202104,경기도,구리시,30,23
202104,경기도,구리시,31,32
202104,경기도,구리시,32,24
202104,경기도,구리시,33,25
202104,경기도,구리시,34,30
202104,경기도,구리시,35,27
202104,경기도,구리시,36,40
202104,경기도,구리시,37,26
202104,경기도,구리시,38,54
202104,경기도,구리시,39,41
202104,경기도,구리시,40,60
202104,경기도,구리시,41,69
202104,경기도,구리시,42,46
202104,경기도,구리시,43,68
202104,경기도,구리시,44,71
202104,경기도,구리시,45,71
202104,경기도,구리시,46,90
202104,경기도,구리시,47,91
202104,경기도,구리시,48,94
202104,경기도,구리시,49,113
202104,경기도,구리시,50,109
202104,경기도,구리시,51,117
202104,경기도,구리시,52,130
202104,경기도,구리시,53,113
202104,경기도,구리시,54,134
202104,경기도,구리시,55,123
202104,경기도,구리시,56,139
202104,경기도,구리시,57,136
202104,경기도,구리시,58,164
202104,경기도,구리시,59,156
202104,경기도,구리시,60,169
202104,경기도,구리시,61,175
202104,경기도,구리시,62,139
202104,경기도,구리시,63,153
202104,경기도,구리시,64,133
202104,경기도,구리시,65,146
202104,경기도,구리시,66,180
202104,경기도,구리시,67,130
202104,경기도,구리시,68,145
202104,경기도,구리시,69,110
202104,경기도,구리시,70,112
202104,경기도,구리시,71,92
202104,경기도,구리시,72,84
202104,경기도,구리시,73,101
202104,경기도,구리시,74,105
202104,경기도,구리시,75,75
202104,경기도,구리시,76,81
202104,경기도,구리시,77,97
202104,경기도,구리시,78,115
202104,경기도,구리시,79,114
202104,경기도,구리시,80,95
202104,경기도,구리시,81,85
202104,경기도,구리시,82,76
202104,경기도,구리시,83,82
202104,경기도,구리시,84,65
202104,경기도,구리시,85,70
202104,경기도,구리시,86,67
202104,경기도,구리시,87,37
202104,경기도,구리시,88,34
202104,경기도,구리시,89,29
202104,경기도,구리시,90,25
202104,경기도,구리시,91,27
202104,경기도,구리시,92,18
202104,경기도,구리시,93,7
202104,경기도,구리시,94,4
202104,경기도,구리시,95,7
202104,경기도,구리시,96,9
202104,경기도,구리시,97,4
202104,경기도,구리시,98,1
202104,경기도,구리시,99,2
202104,경기도,구리시,100,1
202104,경기도,구리시,101,1
202104,경기도,구리시,103,1
202104,경기도,남양주시,0,23
202104,경기도,남양주시,1,41
202104,경기도,남양주시,2,82
202104,경기도,남양주시,3,59
202104,경기도,남양주시,4,93
202104,경기도,남양주시,5,102
202104,경기도,남양주시,6,120
202104,경기도,남양주시,7,164
202104,경기도,남양주시,8,209
202104,경기도,남양주시,9,247
202104,경기도,남양주시,10,263
202104,경기도,남양주시,11,269
202104,경기도,남양주시,12,269
202104,경기도,남양주시,13,355
202104,경기도,남양주시,14,331
202104,경기도,남양주시,15,340
202104,경기도,남양주시,16,352
202104,경기도,남양주시,17,402
202104,경기도,남양주시,18,350
202104,경기도,남양주시,19,247
202104,경기도,남양주시,20,197
202104,경기도,남양주시,21,168
202104,경기도,남양주시,22,167
202104,경기도,남양주시,23,134
202104,경기도,남양주시,24,125
202104,경기도,남양주시,25,91
202104,경기도,남양주시,26,78
202104,경기도,남양주시,27,60
202104,경기도,남양주시,28,51
202104,경기도,남양주시,29,57
202104,경기도,남양주시,30,49
202104,경기도,남양주시,31,63
202104,경기도,남양주시,32,55
202104,경기도,남양주시,33,66
202104,경기도,남양주시,34,71
202104,경기도,남양주시,35,84
202104,경기도,남양주시,36,88
202104,경기도,남양주시,37,106
202104,경기도,남양주시,38,123
202104,경기도,남양주시,39,158
202104,경기도,남양주시,40,156
202104,경기도,남양주시,41,165
202104,경기도,남양주시,42,163
202104,경기도,남양주시,43,200
202104,경기도,남양주시,44,194
202104,경기도,남양주시,45,200
202104,경기도,남양주시,46,240
202104,경기도,남양주시,47,264
202104,경기도,남양주시,48,242
202104,경기도,남양주시,49,279
202104,경기도,남양주시,50,279
202104,경기도,남양주시,51,247
202104,경기도,남양주시,52,297
202104,경기도,남양주시,53,264
202104,경기도,남양주시,54,256
202104,경기도,남양주시,55,261
202104,경기도,남양주시,56,291
202104,경기도,남양주시,57,258
202104,경기도,남양주시,58,340
202104,경기도,남양주시,59,276
202104,경기도,남양주시,60,310
202104,경기도,남양주시,61,317
202104,경기도,남양주시,62,318
202104,경기도,남양주시,63,320
202104,경기도,남양주시,64,305
202104,경기도,남양주시,65,344
202104,경기도,남양주시,66,384
202104,경기도,남양주시,67,325
202104,경기도,남양주시,68,359
202104,경기도,남양주시,69,295
202104,경기도,남양주시,70,271
202104,경기도,남양주시,71,296
202104,경기도,남양주시,72,322
202104,경기도,남양주시,73,388
202104,경기도,남양주시,74,360
202104,경기도,남양주시,75,297
202104,경기도,남양주시,76,309
202104,경기도,남양주시,77,296
202104,경기도,남양주시,78,412
202104,경기도,남양주시,79,400
202104,경기도,남양주시,80,331
202104,경기도,남양주시,81,292
202104,경기도,남양주시,82,300
202104,경기도,남양주시,83,290
202104,경기도,남양주시,84,259
202104,경기도,남양주시,85,234
202104,경기도,남양주시,86,212
202104,경기도,남양주시,87,149
202104,경기도,남양주시,88,132
202104,경기도,남양주시,89,113
202104,경기도,남양주시,90,92
202104,경기도,남양주시,91,80
202104,경기도,남양주시,92,67
202104,경기도,남양주시,93,51
202104,경기도,남양주시,94,36
202104,경기도,남양주시,95,25
202104,경기도,남양주시,96,20
202104,경기도,남양주시,97,13
202104,경기도,남양주시,98,17
202104,경기도,남양주시,99,10
202104,경기도,남양주시,100,1
202104,경기도,남양주시,101,6
202104,경기도,남양주시,102,1
202104,경기도,남양주시,104,3
202104,경기도,남양주시,107,1
202104,경기도,남양주시,121,1
202104,경기도,오산시,0,16
202104,경기도,오산시,1,36
202104,경기도,오산시,2,32
202104,경기도,오산시,3,45
202104,경기도,오산시,4,35
202104,경기도,오산시,5,49
202104,경기도,오산시,6,54
202104,경기도,오산시,7,66
202104,경기도,오산시,8,64
202104,경기도,오산시,9,98
202104,경기도,오산시,10,88
202104,경기도,오산시,11,81
202104,경기도,오산시,12,101
202104,경기도,오산시,13,108
202104,경기도,오산시,14,94
202104,경기도,오산시,15,98
202104,경기도,오산시,16,93
202104,경기도,오산시,17,96
202104,경기도,오산시,18,85
202104,경기도,오산시,19,81
202104,경기도,오산시,20,44
202104,경기도,오산시,21,45
202104,경기도,오산시,22,33
202104,경기도,오산시,23,40
202104,경기도,오산시,24,33
202104,경기도,오산시,25,29
202104,경기도,오산시,26,33
202104,경기도,오산시,27,34
202104,경기도,오산시,28,34
202104,경기도,오산시,29,13
202104,경기도,오산시,30,29
202104,경기도,오산시,31,24
202104,경기도,오산시,32,31
202104,경기도,오산시,33,38
202104,경기도,오산시,34,46
202104,경기도,오산시,35,44
202104,경기도,오산시,36,39
202104,경기도,오산시,37,55
202104,경기도,오산시,38,58
202104,경기도,오산시,39,63
202104,경기도,오산시,40,49
202104,경기도,오산시,41,79
202104,경기도,오산시,42,39
202104,경기도,오산시,43,51
202104,경기도,오산시,44,61
202104,경기도,오산시,45,73
202104,경기도,오산시,46,77
202104,경기도,오산시,47,82
202104,경기도,오산시,48,78
202104,경기도,오산시,49,65
202104,경기도,오산시,50,80
202104,경기도,오산시,51,74
202104,경기도,오산시,52,79
202104,경기도,오산시,53,85
202104,경기도,오산시,54,86
202104,경기도,오산시,55,80
202104,경기도,오산시,56,80
202104,경기도,오산시,57,81
202104,경기도,오산시,58,95
202104,경기도,오산시,59,89
202104,경기도,오산시,60,103
202104,경기도,오산시,61,113
202104,경기도,오산시,62,91
202104,경기도,오산시,63,88
202104,경기도,오산시,64,97
202104,경기도,오산시,65,85
202104,경기도,오산시,66,101
202104,경기도,오산시,67,84
202104,경기도,오산시,68,83
202104,경기도,오산시,69,70
202104,경기도,오산시,70,71
202104,경기도,오산시,71,72
202104,경기도,오산시,72,73
202104,경기도,오산시,73,79
202104,경기도,오산시,74,88
202104,경기도,오산시,75,72
202104,경기도,오산시,76,102
202104,경기도,오산시,77,90
202104,경기도,오산시,78,107
202104,경기도,오산시,79,106
202104,경기도,오산시,80,81
202104,경기도,오산시,81,67
202104,경기도,오산시,82,76
202104,경기도,오산시,83,63
202104,경기도,오산시,84,57
202104,경기도,오산시,85,65
202104,경기도,오산시,86,51
202104,경기도,오산시,87,40
202104,경기도,오산시,88,22
202104,경기도,오산시,89,22
202104,경기도,오산시,90,20
202104,경기도,오산시,91,14
202104,경기도,오산시,92,11
202104,경기도,오산시,93,8
202104,경기도,오산시,94,6
202104,경기도,오산시,95,5
202104,경기도,오산시,96,7
202104,경기도,오산시,98,2
202104,경기도,오산시,103,1
202104,경기도,시흥시,0,29
202104,경기도,시흥시,1,46
202104,경기도,시흥시,2,55
202104,경기도,시흥시,3,56
202104,경기도,시흥시,4,74
202104,경기도,시흥시,5,83
202104,경기도,시흥시,6,96
202104,경기도,시흥시,7,121
202104,경기도,시흥시,8,165
202104,경기도,시흥시,9,192
202104,경기도,시흥시,10,202
202104,경기도,시흥시,11,184
202104,경기도,시흥시,12,247
202104,경기도,시흥시,13,254
202104,경기도,시흥시,14,228
202104,경기도,시흥시,15,243
202104,경기도,시흥시,16,259
202104,경기도,시흥시,17,253
202104,경기도,시흥시,18,269
202104,경기도,시흥시,19,197
202104,경기도,시흥시,20,149
202104,경기도,시흥시,21,140
202104,경기도,시흥시,22,107
202104,경기도,시흥시,23,99
202104,경기도,시흥시,24,87
202104,경기도,시흥시,25,67
202104,경기도,시흥시,26,58
202104,경기도,시흥시,27,48
202104,경기도,시흥시,28,53
202104,경기도,시흥시,29,47
202104,경기도,시흥시,30,51
202104,경기도,시흥시,31,61
202104,경기도,시흥시,32,63
202104,경기도,시흥시,33,73
202104,경기도,시흥시,34,69
202104,경기도,시흥시,35,82
202104,경기도,시흥시,36,73
202104,경기도,시흥시,37,91
202104,경기도,시흥시,38,119
202104,경기도,시흥시,39,139
202104,경기도,시흥시,40,113
202104,경기도,시흥시,41,142
202104,경기도,시흥시,42,136
202104,경기도,시흥시,43,152
202104,경기도,시흥시,44,155
202104,경기도,시흥시,45,179
202104,경기도,시흥시,46,183
202104,경기도,시흥시,47,211
202104,경기도,시흥시,48,185
202104,경기도,시흥시,49,205
202104,경기도,시흥시,50,269
202104,경기도,시흥시,51,248
202104,경기도,시흥시,52,252
202104,경기도,시흥시,53,230
202104,경기도,시흥시,54,232
202104,경기도,시흥시,55,222
202104,경기도,시흥시,56,215
202104,경기도,시흥시,57,209
202104,경기도,시흥시,58,247
202104,경기도,시흥시,59,215
202104,경기도,시흥시,60,269
202104,경기도,시흥시,61,241
202104,경기도,시흥시,62,223
202104,경기도,시흥시,63,213
202104,경기도,시흥시,64,236
202104,경기도,시흥시,65,201
202104,경기도,시흥시,66,249
202104,경기도,시흥시,67,202
202104,경기도,시흥시,68,180
202104,경기도,시흥시,69,184
202104,경기도,시흥시,70,146
202104,경기도,시흥시,71,174
202104,경기도,시흥시,72,168
202104,경기도,시흥시,73,187
202104,경기도,시흥시,74,180
202104,경기도,시흥시,75,132
202104,경기도,시흥시,76,163
202104,경기도,시흥시,77,154
202104,경기도,시흥시,78,193
202104,경기도,시흥시,79,186
202104,경기도,시흥시,80,137
202104,경기도,시흥시,81,160
202104,경기도,시흥시,82,167
202104,경기도,시흥시,83,154
202104,경기도,시흥시,84,121
202104,경기도,시흥시,85,119
202104,경기도,시흥시,86,91
202104,경기도,시흥시,87,73
202104,경기도,시흥시,88,83
202104,경기도,시흥시,89,52
202104,경기도,시흥시,90,52
202104,경기도,시흥시,91,49
202104,경기도,시흥시,92,28
202104,경기도,시흥시,93,25
202104,경기도,시흥시,94,22
202104,경기도,시흥시,95,7
202104,경기도,시흥시,96,6
202104,경기도,시흥시,97,3
202104,경기도,시흥시,98,3
202104,경기도,시흥시,99,3
202104,경기도,시흥시,100,3
202104,경기도,시흥시,101,2
202104,경기도,시흥시,102,1
202104,경기도,시흥시,107,1
202104,경기도,군포시,0,21
202104,경기도,군포시,1,30
202104,경기도,군포시,2,40
202104,경기도,군포시,3,22
202104,경기도,군포시,4,42
202104,경기도,군포시,5,39
202104,경기도,군포시,6,54
202104,경기도,군포시,7,86
202104,경기도,군포시,8,69
202104,경기도,군포시,9,101
202104,경기도,군포시,10,107
202104,경기도,군포시,11,94
202104,경기도,군포시,12,113
202104,경기도,군포시,13,111
202104,경기도,군포시,14,111
202104,경기도,군포시,15,134
202104,경기도,군포시,16,125
202104,경기도,군포시,17,128
202104,경기도,군포시,18,147
202104,경기도,군포시,19,106
202104,경기도,군포시,20,99
202104,경기도,군포시,21,81
202104,경기도,군포시,22,75
202104,경기도,군포시,23,68
202104,경기도,군포시,24,79
202104,경기도,군포시,25,60
202104,경기도,군포시,26,59
202104,경기도,군포시,27,40
202104,경기도,군포시,28,43
202104,경기도,군포시,29,32
202104,경기도,군포시,30,36
202104,경기도,군포시,31,46
202104,경기도,군포시,32,26
202104,경기도,군포시,33,42
202104,경기도,군포시,34,31
202104,경기도,군포시,35,50
202104,경기도,군포시,36,35
202104,경기도,군포시,37,52
202104,경기도,군포시,38,72
202104,경기도,군포시,39,62
202104,경기도,군포시,40,71
202104,경기도,군포시,41,70
202104,경기도,군포시,42,62
202104,경기도,군포시,43,90
202104,경기도,군포시,44,76
202104,경기도,군포시,45,77
202104,경기도,군포시,46,81
202104,경기도,군포시,47,119
202104,경기도,군포시,48,114
202104,경기도,군포시,49,136
202104,경기도,군포시,50,111
202104,경기도,군포시,51,127
202104,경기도,군포시,52,157
202104,경기도,군포시,53,142
202104,경기도,군포시,54,120
202104,경기도,군포시,55,163
202104,경기도,군포시,56,148
202104,경기도,군포시,57,124
202104,경기도,군포시,58,172
202104,경기도,군포시,59,194
202104,경기도,군포시,60,192
202104,경기도,군포시,61,191
202104,경기도,군포시,62,187
202104,경기도,군포시,63,163
202104,경기도,군포시,64,153
202104,경기도,군포시,65,165
202104,경기도,군포시,66,196
202104,경기도,군포시,67,147
202104,경기도,군포시,68,143
202104,경기도,군포시,69,129
202104,경기도,군포시,70,113
202104,경기도,군포시,71,148
202104,경기도,군포시,72,142
202104,경기도,군포시,73,133
202104,경기도,군포시,74,129
202104,경기도,군포시,75,88
202104,경기도,군포시,76,105
202104,경기도,군포시,77,111
202104,경기도,군포시,78,137
202104,경기도,군포시,79,140
202104,경기도,군포시,80,129
202104,경기도,군포시,81,124
202104,경기도,군포시,82,123
202104,경기도,군포시,83,102
202104,경기도,군포시,84,98
202104,경기도,군포시,85,90
202104,경기도,군포시,86,83
202104,경기도,군포시,87,85
202104,경기도,군포시,88,47
202104,경기도,군포시,89,43
202104,경기도,군포시,90,36
202104,경기도,군포시,91,36
202104,경기도,군포시,92,25
202104,경기도,군포시,93,30
202104,경기도,군포시,94,19
202104,경기도,군포시,95,9
202104,경기도,군포시,96,10
202104,경기도,군포시,97,1
202104,경기도,군포시,98,4
202104,경기도,군포시,99,7
202104,경기도,군포시,101,1
202104,경기도,의왕시,0,6
202104,경기도,의왕시,1,8
202104,경기도,의왕시,2,6
202104,경기도,의왕시,3,9
202104,경기도,의왕시,4,8
202104,경기도,의왕시,5,16
202104,경기도,의왕시,6,13
202104,경기도,의왕시,7,15
202104,경기도,의왕시,8,34
202104,경기도,의왕시,9,38
202104,경기도,의왕시,10,39
202104,경기도,의왕시,11,31
202104,경기도,의왕시,12,36
202104,경기도,의왕시,13,38
202104,경기도,의왕시,14,36
202104,경기도,의왕시,15,40
202104,경기도,의왕시,16,37
202104,경기도,의왕시,17,46
202104,경기도,의왕시,18,43
202104,경기도,의왕시,19,48
202104,경기도,의왕시,20,41
202104,경기도,의왕시,21,31
202104,경기도,의왕시,22,29
202104,경기도,의왕시,23,28
202104,경기도,의왕시,24,27
202104,경기도,의왕시,25,20
202104,경기도,의왕시,26,17
202104,경기도,의왕시,27,13
202104,경기도,의왕시,28,9
202104,경기도,의왕시,29,12
202104,경기도,의왕시,30,8
202104,경기도,의왕시,31,12
202104,경기도,의왕시,32,13
202104,경기도,의왕시,33,20
202104,경기도,의왕시,34,19
202104,경기도,의왕시,35,18
202104,경기도,의왕시,36,17
202104,경기도,의왕시,37,16
202104,경기도,의왕시,38,18
202104,경기도,의왕시,39,27
202104,경기도,의왕시,40,21
202104,경기도,의왕시,41,31
202104,경기도,의왕시,42,13
202104,경기도,의왕시,43,24
202104,경기도,의왕시,44,29
202104,경기도,의왕시,45,28
202104,경기도,의왕시,46,39
202104,경기도,의왕시,47,32
202104,경기도,의왕시,48,28
202104,경기도,의왕시,49,59
202104,경기도,의왕시,50,45
202104,경기도,의왕시,51,47
202104,경기도,의왕시,52,55
202104,경기도,의왕시,53,50
202104,경기도,의왕시,54,35
202104,경기도,의왕시,55,34
202104,경기도,의왕시,56,51
202104,경기도,의왕시,57,45
202104,경기도,의왕시,58,53
202104,경기도,의왕시,59,58
202104,경기도,의왕시,60,47
202104,경기도,의왕시,61,81
202104,경기도,의왕시,62,45
202104,경기도,의왕시,63,57
202104,경기도,의왕시,64,70
202104,경기도,의왕시,65,62
202104,경기도,의왕시,66,72
202104,경기도,의왕시,67,59
202104,경기도,의왕시,68,60
202104,경기도,의왕시,69,53
202104,경기도,의왕시,70,59
202104,경기도,의왕시,71,53
202104,경기도,의왕시,72,69
202104,경기도,의왕시,73,57
202104,경기도,의왕시,74,51
202104,경기도,의왕시,75,57
202104,경기도,의왕시,76,46
202104,경기도,의왕시,77,53
202104,경기도,의왕시,78,86
202104,경기도,의왕시,79,73
202104,경기도,의왕시,80,69
202104,경기도,의왕시,81,63
202104,경기도,의왕시,82,64
202104,경기도,의왕시,83,50
202104,경기도,의왕시,84,50
202104,경기도,의왕시,85,43
202104,경기도,의왕시,86,48
202104,경기도,의왕시,87,33
202104,경기도,의왕시,88,30
202104,경기도,의왕시,89,18
202104,경기도,의왕시,90,21
202104,경기도,의왕시,91,19
202104,경기도,의왕시,92,12
202104,경기도,의왕시,93,14
202104,경기도,의왕시,94,8
202104,경기도,의왕시,95,2
202104,경기도,의왕시,96,5
202104,경기도,의왕시,97,4
202104,경기도,의왕시,98,3
202104,경기도,의왕시,99,3
202104,경기도,의왕시,100,1
202104,경기도,의왕시,102,1
202104,경기도,의왕시,103,2
202104,경기도,하남시,0,2
202104,경기도,하남시,1,11
202104,경기도,하남시,2,26
202104,경기도,하남시,3,25
202104,경기도,하남시,4,23
202104,경기도,하남시,5,29
202104,경기도,하남시,6,39
202104,경기도,하남시,7,49
202104,경기도,하남시,8,55
202104,경기도,하남시,9,51
202104,경기도,하남시,10,62
202104,경기도,하남시,11,60
202104,경기도,하남시,12,62
202104,경기도,하남시,13,77
202104,경기도,하남시,14,69
202104,경기도,하남시,15,84
202104,경기도,하남시,16,78
202104,경기도,하남시,17,98
202104,경기도,하남시,18,68
202104,경기도,하남시,19,72
202104,경기도,하남시,20,52
202104,경기도,하남시,21,45
202104,경기도,하남시,22,48
202104,경기도,하남시,23,46
202104,경기도,하남시,24,43
202104,경기도,하남시,25,29
202104,경기도,하남시,26,26
202104,경기도,하남시,27,27
202104,경기도,하남시,28,11
202104,경기도,하남시,29,20
202104,경기도,하남시,30,21
202104,경기도,하남시,31,29
202104,경기도,하남시,32,22
202104,경기도,하남시,33,32
202104,경기도,하남시,34,22
202104,경기도,하남시,35,31
202104,경기도,하남시,36,32
202104,경기도,하남시,37,33
202104,경기도,하남시,38,36
202104,경기도,하남시,39,70
202104,경기도,하남시,40,44
202104,경기도,하남시,41,63
202104,경기도,하남시,42,49
202104,경기도,하남시,43,62
202104,경기도,하남시,44,41
202104,경기도,하남시,45,73
202104,경기도,하남시,46,70
202104,경기도,하남시,47,72
202104,경기도,하남시,48,65
202104,경기도,하남시,49,80
202104,경기도,하남시,50,79
202104,경기도,하남시,51,80
202104,경기도,하남시,52,88
202104,경기도,하남시,53,87
202104,경기도,하남시,54,83
202104,경기도,하남시,55,84
202104,경기도,하남시,56,80
202104,경기도,하남시,57,83
202104,경기도,하남시,58,106
202104,경기도,하남시,59,102
202104,경기도,하남시,60,136
202104,경기도,하남시,61,129
202104,경기도,하남시,62,135
202104,경기도,하남시,63,114
202104,경기도,하남시,64,120
202104,경기도,하남시,65,132
202104,경기도,하남시,66,132
202104,경기도,하남시,67,130
202104,경기도,하남시,68,156
202104,경기도,하남시,69,111
202104,경기도,하남시,70,119
202104,경기도,하남시,71,109
202104,경기도,하남시,72,106
202104,경기도,하남시,73,136
202104,경기도,하남시,74,140
202104,경기도,하남시,75,86
202104,경기도,하남시,76,95
202104,경기도,하남시,77,111
202104,경기도,하남시,78,99
202104,경기도,하남시,79,119
202104,경기도,하남시,80,71
202104,경기도,하남시,81,106
202104,경기도,하남시,82,84
202104,경기도,하남시,83,64
202104,경기도,하남시,84,72
202104,경기도,하남시,85,69
202104,경기도,하남시,86,52
202104,경기도,하남시,87,45
202104,경기도,하남시,88,32
202104,경기도,하남시,89,34
202104,경기도,하남시,90,23
202104,경기도,하남시,91,33
202104,경기도,하남시,92,19
202104,경기도,하남시,93,11
202104,경기도,하남시,94,6
202104,경기도,하남시,95,7
202104,경기도,하남시,96,3
202104,경기도,하남시,97,3
202104,경기도,하남시,98,3
202104,경기도,하남시,101,2
202104,경기도,하남시,102,1
202104,경기도,하남시,105,1
202104,경기도,용인시,0,18
202104,경기도,용인시,1,48
202104,경기도,용인시,2,60
202104,경기도,용인시,3,45
202104,경기도,용인시,4,85
202104,경기도,용인시,5,91
202104,경기도,용인시,6,100
202104,경기도,용인시,7,130
202104,경기도,용인시,8,143
202104,경기도,용인시,9,168
202104,경기도,용인시,10,208
202104,경기도,용인시,11,186
202104,경기도,용인시,12,169
202104,경기도,용인시,13,233
202104,경기도,용인시,14,207
202104,경기도,용인시,15,208
202104,경기도,용인시,16,245
202104,경기도,용인시,17,267
202104,경기도,용인시,18,208
202104,경기도,용인시,19,174
202104,경기도,용인시,20,171
202104,경기도,용인시,21,139
202104,경기도,용인시,22,136
202104,경기도,용인시,23,117
202104,경기도,용인시,24,90
202104,경기도,용인시,25,71
202104,경기도,용인시,26,66
202104,경기도,용인시,27,72
202104,경기도,용인시,28,47
202104,경기도,용인시,29,54
202104,경기도,용인시,30,52
202104,경기도,용인시,31,57
202104,경기도,용인시,32,67
202104,경기도,용인시,33,58
202104,경기도,용인시,34,54
202104,경기도,용인시,35,67
202104,경기도,용인시,36,81
202104,경기도,용인시,37,94
202104,경기도,용인시,38,100
202104,경기도,용인시,39,126
202104,경기도,용인시,40,125
202104,경기도,용인시,41,150
202104,경기도,용인시,42,116
202104,경기도,용인시,43,121
202104,경기도,용인시,44,99
202104,경기도,용인시,45,145
202104,경기도,용인시,46,183
202104,경기도,용인시,47,184
202104,경기도,용인시,48,226
202104,경기도,용인시,49,222
202104,경기도,용인시,50,248
202104,경기도,용인시,51,204
202104,경기도,용인시,52,199
202104,경기도,용인시,53,230
202104,경기도,용인시,54,190
202104,경기도,용인시,55,207
202104,경기도,용인시,56,205
202104,경기도,용인시,57,197
202104,경기도,용인시,58,210
202104,경기도,용인시,59,227
202104,경기도,용인시,60,231
202104,경기도,용인시,61,219
202104,경기도,용인시,62,202
202104,경기도,용인시,63,188
202104,경기도,용인시,64,221
202104,경기도,용인시,65,246
202104,경기도,용인시,66,255
202104,경기도,용인시,67,203
202104,경기도,용인시,68,247
202104,경기도,용인시,69,195
202104,경기도,용인시,70,202
202104,경기도,용인시,71,249
202104,경기도,용인시,72,223
202104,경기도,용인시,73,275
202104,경기도,용인시,74,270
202104,경기도,용인시,75,213
202104,경기도,용인시,76,274
202104,경기도,용인시,77,247
202104,경기도,용인시,78,332
202104,경기도,용인시,79,321
202104,경기도,용인시,80,291
202104,경기도,용인시,81,264
202104,경기도,용인시,82,256
202104,경기도,용인시,83,243
202104,경기도,용인시,84,188
202104,경기도,용인시,85,199
202104,경기도,용인시,86,171
202104,경기도,용인시,87,144
202104,경기도,용인시,88,130
202104,경기도,용인시,89,105
202104,경기도,용인시,90,85
202104,경기도,용인시,91,84
202104,경기도,용인시,92,73
202104,경기도,용인시,93,53
202104,경기도,용인시,94,40
202104,경기도,용인시,95,25
202104,경기도,용인시,96,24
202104,경기도,용인시,97,16
202104,경기도,용인시,98,15
202104,경기도,용인시,99,8
202104,경기도,용인시,100,4
202104,경기도,용인시,101,4
202104,경기도,용인시,102,4
202104,경기도,용인시,103,1
202104,경기도,용인시,104,1
202104,경기도,용인시,109,1
202104,경기도,파주시,0,21
202104,경기도,파주시,1,42
202104,경기도,파주시,2,54
202104,경기도,파주시,3,60
202104,경기도,파주시,4,79
202104,경기도,파주시,5,92
202104,경기도,파주시,6,114
202104,경기도,파주시,7,187
202104,경기도,파주시,8,210
202104,경기도,파주시,9,231
202104,경기도,파주시,10,238
202104,경기도,파주시,11,266
202104,경기도,파주시,12,249
202104,경기도,파주시,13,310
202104,경기도,파주시,14,293
202104,경기도,파주시,15,277
202104,경기도,파주시,16,305
202104,경기도,파주시,17,292
202104,경기도,파주시,18,316
202104,경기도,파주시,19,255
202104,경기도,파주시,20,167
202104,경기도,파주시,21,155
202104,경기도,파주시,22,128
202104,경기도,파주시,23,115
202104,경기도,파주시,24,86
202104,경기도,파주시,25,73
202104,경기도,파주시,26,72
202104,경기도,파주시,27,42
202104,경기도,파주시,28,43
202104,경기도,파주시,29,38
202104,경기도,파주시,30,47
202104,경기도,파주시,31,51
202104,경기도,파주시,32,57
202104,경기도,파주시,33,53
202104,경기도,파주시,34,72
202104,경기도,파주시,35,71
202104,경기도,파주시,36,66
202104,경기도,파주시,37,92
202104,경기도,파주시,38,120
202104,경기도,파주시,39,117
202104,경기도,파주시,40,130
202104,경기도,파주시,41,162
202104,경기도,파주시,42,144
202104,경기도,파주시,43,164
202104,경기도,파주시,44,170
202104,경기도,파주시,45,173
202104,경기도,파주시,46,197
202104,경기도,파주시,47,232
202104,경기도,파주시,48,211
202104,경기도,파주시,49,262
202104,경기도,파주시,50,237
202104,경기도,파주시,51,255
202104,경기도,파주시,52,247
202104,경기도,파주시,53,233
202104,경기도,파주시,54,256
202104,경기도,파주시,55,225
202104,경기도,파주시,56,232
202104,경기도,파주시,57,201
202104,경기도,파주시,58,262
202104,경기도,파주시,59,288
202104,경기도,파주시,60,280
202104,경기도,파주시,61,271
202104,경기도,파주시,62,276
202104,경기도,파주시,63,270
202104,경기도,파주시,64,255
202104,경기도,파주시,65,286
202104,경기도,파주시,66,302
202104,경기도,파주시,67,263
202104,경기도,파주시,68,284
202104,경기도,파주시,69,213
202104,경기도,파주시,70,220
202104,경기도,파주시,71,306
202104,경기도,파주시,72,262
202104,경기도,파주시,73,255
202104,경기도,파주시,74,287
202104,경기도,파주시,75,257
202104,경기도,파주시,76,322
202104,경기도,파주시,77,317
202104,경기도,파주시,78,348
202104,경기도,파주시,79,337
202104,경기도,파주시,80,298
202104,경기도,파주시,81,286
202104,경기도,파주시,82,211
202104,경기도,파주시,83,242
202104,경기도,파주시,84,222
202104,경기도,파주시,85,204
202104,경기도,파주시,86,156
202104,경기도,파주시,87,126
202104,경기도,파주시,88,107
202104,경기도,파주시,89,83
202104,경기도,파주시,90,63
202104,경기도,파주시,91,64
202104,경기도,파주시,92,55
202104,경기도,파주시,93,40
202104,경기도,파주시,94,25
202104,경기도,파주시,95,10
202104,경기도,파주시,96,12
202104,경기도,파주시,97,8
202104,경기도,파주시,98,3
202104,경기도,파주시,99,6
202104,경기도,파주시,100,2
202104,경기도,파주시,101,4
202104,경기도,파주시,102,2
202104,경기도,파주시,103,1
202104,경기도,파주시,104,1
202104,경기도,파주시,105,1
202104,경기도,이천시,0,11
202104,경기도,이천시,1,13
202104,경기도,이천시,2,21
202104,경기도,이천시,3,18
202104,경기도,이천시,4,22
202104,경기도,이천시,5,33
202104,경기도,이천시,6,39
202104,경기도,이천시,7,63
202104,경기도,이천시,8,83
202104,경기도,이천시,9,68
202104,경기도,이천시,10,111
202104,경기도,이천시,11,68
202104,경기도,이천시,12,104
202104,경기도,이천시,13,102
202104,경기도,이천시,14,86
202104,경기도,이천시,15,86
202104,경기도,이천시,16,108
202104,경기도,이천시,17,103
202104,경기도,이천시,18,101
202104,경기도,이천시,19,79
202104,경기도,이천시,20,57
202104,경기도,이천시,21,41
202104,경기도,이천시,22,41
202104,경기도,이천시,23,39
202104,경기도,이천시,24,29
202104,경기도,이천시,25,35
202104,경기도,이천시,26,20
202104,경기도,이천시,27,16
202104,경기도,이천시,28,14
202104,경기도,이천시,29,16
202104,경기도,이천시,30,20
202104,경기도,이천시,31,19
202104,경기도,이천시,32,22
202104,경기도,이천시,33,22
202104,경기도,이천시,34,20
202104,경기도,이천시,35,20
202104,경기도,이천시,36,26
202104,경기도,이천시,37,22
202104,경기도,이천시,38,36
202104,경기도,이천시,39,42
202104,경기도,이천시,40,47
202104,경기도,이천시,41,39
202104,경기도,이천시,42,53
202104,경기도,이천시,43,55
202104,경기도,이천시,44,48
202104,경기도,이천시,45,61
202104,경기도,이천시,46,63
202104,경기도,이천시,47,79
202104,경기도,이천시,48,62
202104,경기도,이천시,49,63
202104,경기도,이천시,50,88
202104,경기도,이천시,51,87
202104,경기도,이천시,52,81
202104,경기도,이천시,53,83
202104,경기도,이천시,54,83
202104,경기도,이천시,55,88
202104,경기도,이천시,56,90
202104,경기도,이천시,57,88
202104,경기도,이천시,58,104
202104,경기도,이천시,59,120
202104,경기도,이천시,60,134
202104,경기도,이천시,61,114
202104,경기도,이천시,62,101
202104,경기도,이천시,63,90
202104,경기도,이천시,64,86
202104,경기도,이천시,65,98
202104,경기도,이천시,66,104
202104,경기도,이천시,67,105
202104,경기도,이천시,68,113
202104,경기도,이천시,69,83
202104,경기도,이천시,70,86
202104,경기도,이천시,71,88
202104,경기도,이천시,72,92
202104,경기도,이천시,73,82
202104,경기도,이천시,74,81
202104,경기도,이천시,75,64
202104,경기도,이천시,76,85
202104,경기도,이천시,77,95
202104,경기도,이천시,78,106
202104,경기도,이천시,79,93
202104,경기도,이천시,80,93
202104,경기도,이천시,81,81
202104,경기도,이천시,82,99
202104,경기도,이천시,83,82
202104,경기도,이천시,84,65
202104,경기도,이천시,85,63
202104,경기도,이천시,86,73
202104,경기도,이천시,87,54
202104,경기도,이천시,88,40
202104,경기도,이천시,89,39
202104,경기도,이천시,90,24
202104,경기도,이천시,91,15
202104,경기도,이천시,92,23
202104,경기도,이천시,93,10
202104,경기도,이천시,94,6
202104,경기도,이천시,95,8
202104,경기도,이천시,96,7
202104,경기도,이천시,97,2
202104,경기도,이천시,98,1
202104,경기도,이천시,99,1
202104,경기도,이천시,100,1
202104,경기도,이천시,104,1
202104,경기도,안성시,0,11
202104,경기도,안성시,1,14
202104,경기도,안성시,2,17
202104,경기도,안성시,3,15
202104,경기도,안성시,4,19
202104,경기도,안성시,5,24
202104,경기도,안성시,6,36
202104,경기도,안성시,7,44
202104,경기도,안성시,8,57
202104,경기도,안성시,9,74
202104,경기도,안성시,10,65
202104,경기도,안성시,11,60
202104,경기도,안성시,12,66
202104,경기도,안성시,13,95
202104,경기도,안성시,14,88
202104,경기도,안성시,15,70
202104,경기도,안성시,16,93
202104,경기도,안성시,17,87
202104,경기도,안성시,18,93
202104,경기도,안성시,19,76
202104,경기도,안성시,20,81
202104,경기도,안성시,21,55
202104,경기도,안성시,22,46
202104,경기도,안성시,23,29
202104,경기도,안성시,24,22
202104,경기도,안성시,25,31
202104,경기도,안성시,26,17
202104,경기도,안성시,27,11
202104,경기도,안성시,28,16
202104,경기도,안성시,29,16
202104,경기도,안성시,30,20
202104,경기도,안성시,31,22
202104,경기도,안성시,32,19
202104,경기도,안성시,33,17
202104,경기도,안성시,34,21
202104,경기도,안성시,35,19
202104,경기도,안성시,36,26
202104,경기도,안성시,37,30
202104,경기도,안성시,38,39
202104,경기도,안성시,39,52
202104,경기도,안성시,40,43
202104,경기도,안성시,41,34
202104,경기도,안성시,42,41
202104,경기도,안성시,43,49
202104,경기도,안성시,44,45
202104,경기도,안성시,45,62
202104,경기도,안성시,46,65
202104,경기도,안성시,47,63
202104,경기도,안성시,48,71
202104,경기도,안성시,49,80
202104,경기도,안성시,50,73
202104,경기도,안성시,51,88
202104,경기도,안성시,52,77
202104,경기도,안성시,53,82
202104,경기도,안성시,54,89
202104,경기도,안성시,55,78
202104,경기도,안성시,56,91
202104,경기도,안성시,57,92
202104,경기도,안성시,58,114
202104,경기도,안성시,59,104
202104,경기도,안성시,60,142
202104,경기도,안성시,61,116
202104,경기도,안성시,62,104
202104,경기도,안성시,63,116
202104,경기도,안성시,64,93
202104,경기도,안성시,65,100
202104,경기도,안성시,66,111
202104,경기도,안성시,67,91
202104,경기도,안성시,68,86
202104,경기도,안성시,69,97
202104,경기도,안성시,70,97
202104,경기도,안성시,71,77
202104,경기도,안성시,72,74
202104,경기도,안성시,73,94
202104,경기도,안성시,74,77
202104,경기도,안성시,75,74
202104,경기도,안성시,76,84
202104,경기도,안성시,77,78
202104,경기도,안성시,78,103
202104,경기도,안성시,79,103
202104,경기도,안성시,80,91
202104,경기도,안성시,81,83
202104,경기도,안성시,82,84
202104,경기도,안성시,83,75
202104,경기도,안성시,84,81
202104,경기도,안성시,85,56
202104,경기도,안성시,86,55
202104,경기도,안성시,87,43
202104,경기도,안성시,88,42
202104,경기도,안성시,89,41
202104,경기도,안성시,90,18
202104,경기도,안성시,91,18
202104,경기도,안성시,92,14
202104,경기도,안성시,93,12
202104,경기도,안성시,94,8
202104,경기도,안성시,95,4
202104,경기도,안성시,96,4
202104,경기도,안성시,97,3
202104,경기도,안성시,101,2
202104,경기도,안성시,105,1
202104,경기도,김포시,0,12
202104,경기도,김포시,1,40
202104,경기도,김포시,2,42
202104,경기도,김포시,3,50
202104,경기도,김포시,4,60
202104,경기도,김포시,5,61
202104,경기도,김포시,6,75
202104,경기도,김포시,7,107
202104,경기도,김포시,8,133
202104,경기도,김포시,9,132
202104,경기도,김포시,10,150
202104,경기도,김포시,11,141
202104,경기도,김포시,12,158
202104,경기도,김포시,13,151
202104,경기도,김포시,14,172
202104,경기도,김포시,15,148
202104,경기도,김포시,16,128
202104,경기도,김포시,17,177
202104,경기도,김포시,18,155
202104,경기도,김포시,19,116
202104,경기도,김포시,20,92
202104,경기도,김포시,21,69
202104,경기도,김포시,22,56
202104,경기도,김포시,23,63
202104,경기도,김포시,24,67
202104,경기도,김포시,25,43
202104,경기도,김포시,26,40
202104,경기도,김포시,27,27
202104,경기도,김포시,28,34
202104,경기도,김포시,29,31
202104,경기도,김포시,30,41
202104,경기도,김포시,31,36
202104,경기도,김포시,32,33
202104,경기도,김포시,33,38
202104,경기도,김포시,34,50
202104,경기도,김포시,35,60
202104,경기도,김포시,36,62
202104,경기도,김포시,37,78
202104,경기도,김포시,38,73
202104,경기도,김포시,39,99
202104,경기도,김포시,40,98
202104,경기도,김포시,41,87
202104,경기도,김포시,42,109
202104,경기도,김포시,43,106
202104,경기도,김포시,44,117
202104,경기도,김포시,45,97
202104,경기도,김포시,46,95
202104,경기도,김포시,47,126
202104,경기도,김포시,48,148
202104,경기도,김포시,49,124
202104,경기도,김포시,50,131
202104,경기도,김포시,51,146
202104,경기도,김포시,52,128
202104,경기도,김포시,53,143
202104,경기도,김포시,54,122
202104,경기도,김포시,55,132
202104,경기도,김포시,56,132
202104,경기도,김포시,57,136
202104,경기도,김포시,58,164
202104,경기도,김포시,59,169
202104,경기도,김포시,60,163
202104,경기도,김포시,61,163
202104,경기도,김포시,62,170
202104,경기도,김포시,63,202
202104,경기도,김포시,64,168
202104,경기도,김포시,65,186
202104,경기도,김포시,66,225
202104,경기도,김포시,67,202
202104,경기도,김포시,68,198
202104,경기도,김포시,69,179
202104,경기도,김포시,70,148
202104,경기도,김포시,71,196
202104,경기도,김포시,72,194
202104,경기도,김포시,73,219
202104,경기도,김포시,74,193
202104,경기도,김포시,75,178
202104,경기도,김포시,76,206
202104,경기도,김포시,77,207
202104,경기도,김포시,78,237
202104,경기도,김포시,79,222
202104,경기도,김포시,80,149
202104,경기도,김포시,81,172
202104,경기도,김포시,82,162
202104,경기도,김포시,83,172
202104,경기도,김포시,84,122
202104,경기도,김포시,85,136
202104,경기도,김포시,86,138
202104,경기도,김포시,87,92
202104,경기도,김포시,88,76
202104,경기도,김포시,89,80
202104,경기도,김포시,90,62
202104,경기도,김포시,91,45
202104,경기도,김포시,92,38
202104,경기도,김포시,93,37
202104,경기도,김포시,94,33
202104,경기도,김포시,95,11
202104,경기도,김포시,96,17
202104,경기도,김포시,97,6
202104,경기도,김포시,98,8
202104,경기도,김포시,100,4
202104,경기도,김포시,101,2
202104,경기도,김포시,102,2
202104,경기도,김포시,106,1
202104,경기도,화성시,0,25
202104,경기도,화성시,1,51
202104,경기도,화성시,2,54
202104,경기도,화성시,3,59
202104,경기도,화성시,4,80
202104,경기도,화성시,5,91
202104,경기도,화성시,6,88
202104,경기도,화성시,7,129
202104,경기도,화성시,8,163
202104,경기도,화성시,9,200
202104,경기도,화성시,10,196
202104,경기도,화성시,11,190
202104,경기도,화성시,12,208
202104,경기도,화성시,13,222
202104,경기도,화성시,14,211
202104,경기도,화성시,15,218
202104,경기도,화성시,16,214
202104,경기도,화성시,17,209
202104,경기도,화성시,18,184
202104,경기도,화성시,19,191
202104,경기도,화성시,20,125
202104,경기도,화성시,21,104
202104,경기도,화성시,22,79
202104,경기도,화성시,23,81
202104,경기도,화성시,24,68
202104,경기도,화성시,25,55
202104,경기도,화성시,26,41
202104,경기도,화성시,27,51
202104,경기도,화성시,28,36
202104,경기도,화성시,29,35
202104,경기도,화성시,30,54
202104,경기도,화성시,31,69
202104,경기도,화성시,32,56
202104,경기도,화성시,33,63
202104,경기도,화성시,34,57
202104,경기도,화성시,35,65
202104,경기도,화성시,36,83
202104,경기도,화성시,37,97
202104,경기도,화성시,38,99
202104,경기도,화성시,39,124
202104,경기도,화성시,40,125
202104,경기도,화성시,41,113
202104,경기도,화성시,42,124
202104,경기도,화성시,43,133
202104,경기도,화성시,44,116
202104,경기도,화성시,45,128
202104,경기도,화성시,46,164
202104,경기도,화성시,47,191
202104,경기도,화성시,48,166
202104,경기도,화성시,49,170
202104,경기도,화성시,50,186
202104,경기도,화성시,51,173
202104,경기도,화성시,52,188
202104,경기도,화성시,53,182
202104,경기도,화성시,54,186
202104,경기도,화성시,55,177
202104,경기도,화성시,56,173
202104,경기도,화성시,57,160
202104,경기도,화성시,58,184
202104,경기도,화성시,59,167
202104,경기도,화성시,60,200
202104,경기도,화성시,61,220
202104,경기도,화성시,62,220
202104,경기도,화성시,63,197
202104,경기도,화성시,64,171
202104,경기도,화성시,65,204
202104,경기도,화성시,66,254
202104,경기도,화성시,67,212
202104,경기도,화성시,68,211
202104,경기도,화성시,69,174
202104,경기도,화성시,70,190
202104,경기도,화성시,71,173
202104,경기도,화성시,72,208
202104,경기도,화성시,73,177
202104,경기도,화성시,74,211
202104,경기도,화성시,75,144
202104,경기도,화성시,76,191
202104,경기도,화성시,77,186
202104,경기도,화성시,78,223
202104,경기도,화성시,79,228
202104,경기도,화성시,80,206
202104,경기도,화성시,81,177
202104,경기도,화성시,82,169
202104,경기도,화성시,83,196
202104,경기도,화성시,84,174
202104,경기도,화성시,85,168
202104,경기도,화성시,86,154
202104,경기도,화성시,87,101
202104,경기도,화성시,88,108
202104,경기도,화성시,89,80
202104,경기도,화성시,90,74
202104,경기도,화성시,91,53
202104,경기도,화성시,92,37
202104,경기도,화성시,93,43
202104,경기도,화성시,94,24
202104,경기도,화성시,95,19
202104,경기도,화성시,96,19
202104,경기도,화성시,97,8
202104,경기도,화성시,98,17
202104,경기도,화성시,99,6
202104,경기도,화성시,100,2
202104,경기도,화성시,103,2
202104,경기도,화성시,108,1
202104,경기도,광주시,0,17
202104,경기도,광주시,1,28
202104,경기도,광주시,2,30
202104,경기도,광주시,3,31
202104,경기도,광주시,4,46
202104,경기도,광주시,5,53
202104,경기도,광주시,6,54
202104,경기도,광주시,7,84
202104,경기도,광주시,8,93
202104,경기도,광주시,9,132
202104,경기도,광주시,10,135
202104,경기도,광주시,11,133
202104,경기도,광주시,12,133
202104,경기도,광주시,13,164
202104,경기도,광주시,14,156
202104,경기도,광주시,15,141
202104,경기도,광주시,16,153
202104,경기도,광주시,17,196
202104,경기도,광주시,18,133
202104,경기도,광주시,19,96
202104,경기도,광주시,20,75
202104,경기도,광주시,21,59
202104,경기도,광주시,22,51
202104,경기도,광주시,23,43
202104,경기도,광주시,24,48
202104,경기도,광주시,25,29
202104,경기도,광주시,26,29
202104,경기도,광주시,27,26
202104,경기도,광주시,28,14
202104,경기도,광주시,29,23
202104,경기도,광주시,30,31
202104,경기도,광주시,31,30
202104,경기도,광주시,32,25
202104,경기도,광주시,33,29
202104,경기도,광주시,34,30
202104,경기도,광주시,35,44
202104,경기도,광주시,36,35
202104,경기도,광주시,37,52
202104,경기도,광주시,38,50
202104,경기도,광주시,39,66
202104,경기도,광주시,40,79
202104,경기도,광주시,41,61
202104,경기도,광주시,42,66
202104,경기도,광주시,43,67
202104,경기도,광주시,44,78
202104,경기도,광주시,45,65
202104,경기도,광주시,46,79
202104,경기도,광주시,47,107
202104,경기도,광주시,48,90
202104,경기도,광주시,49,100
202104,경기도,광주시,50,124
202104,경기도,광주시,51,119
202104,경기도,광주시,52,105
202104,경기도,광주시,53,93
202104,경기도,광주시,54,94
202104,경기도,광주시,55,100
202104,경기도,광주시,56,99
202104,경기도,광주시,57,83
202104,경기도,광주시,58,119
202104,경기도,광주시,59,99
202104,경기도,광주시,60,121
202104,경기도,광주시,61,110
202104,경기도,광주시,62,114
202104,경기도,광주시,63,105
202104,경기도,광주시,64,112
202104,경기도,광주시,65,129
202104,경기도,광주시,66,151
202104,경기도,광주시,67,125
202104,경기도,광주시,68,136
202104,경기도,광주시,69,116
202104,경기도,광주시,70,97
202104,경기도,광주시,71,110
202104,경기도,광주시,72,112
202104,경기도,광주시,73,106
202104,경기도,광주시,74,101
202104,경기도,광주시,75,80
202104,경기도,광주시,76,90
202104,경기도,광주시,77,121
202104,경기도,광주시,78,132
202104,경기도,광주시,79,115
202104,경기도,광주시,80,92
202104,경기도,광주시,81,95
202104,경기도,광주시,82,85
202104,경기도,광주시,83,104
202104,경기도,광주시,84,79
202104,경기도,광주시,85,76
202104,경기도,광주시,86,84
202104,경기도,광주시,87,58
202104,경기도,광주시,88,45
202104,경기도,광주시,89,38
202104,경기도,광주시,90,29
202104,경기도,광주시,91,42
202104,경기도,광주시,92,26
202104,경기도,광주시,93,21
202104,경기도,광주시,94,12
202104,경기도,광주시,95,8
202104,경기도,광주시,96,5
202104,경기도,광주시,97,5
202104,경기도,광주시,98,6
202104,경기도,광주시,99,4
202104,경기도,광주시,100,1
202104,경기도,광주시,101,2
202104,경기도,광주시,103,2
202104,경기도,양주시,0,15
202104,경기도,양주시,1,26
202104,경기도,양주시,2,51
202104,경기도,양주시,3,55
202104,경기도,양주시,4,60
202104,경기도,양주시,5,52
202104,경기도,양주시,6,82
202104,경기도,양주시,7,100
202104,경기도,양주시,8,124
202104,경기도,양주시,9,121
202104,경기도,양주시,10,147
202104,경기도,양주시,11,149
202104,경기도,양주시,12,174
202104,경기도,양주시,13,170
202104,경기도,양주시,14,173
202104,경기도,양주시,15,170
202104,경기도,양주시,16,182
202104,경기도,양주시,17,194
202104,경기도,양주시,18,154
202104,경기도,양주시,19,128
202104,경기도,양주시,20,101
202104,경기도,양주시,21,94
202104,경기도,양주시,22,87
202104,경기도,양주시,23,59
202104,경기도,양주시,24,46
202104,경기도,양주시,25,36
202104,경기도,양주시,26,27
202104,경기도,양주시,27,21
202104,경기도,양주시,28,25
202104,경기도,양주시,29,28
202104,경기도,양주시,30,26
202104,경기도,양주시,31,29
202104,경기도,양주시,32,22
202104,경기도,양주시,33,47
202104,경기도,양주시,34,27
202104,경기도,양주시,35,53
202104,경기도,양주시,36,59
202104,경기도,양주시,37,63
202104,경기도,양주시,38,64
202104,경기도,양주시,39,103
202104,경기도,양주시,40,86
202104,경기도,양주시,41,109
202104,경기도,양주시,42,96
202104,경기도,양주시,43,88
202104,경기도,양주시,44,85
202104,경기도,양주시,45,105
202104,경기도,양주시,46,101
202104,경기도,양주시,47,145
202104,경기도,양주시,48,152
202104,경기도,양주시,49,146
202104,경기도,양주시,50,155
202104,경기도,양주시,51,123
202104,경기도,양주시,52,133
202104,경기도,양주시,53,138
202104,경기도,양주시,54,111
202104,경기도,양주시,55,123
202104,경기도,양주시,56,119
202104,경기도,양주시,57,106
202104,경기도,양주시,58,126
202104,경기도,양주시,59,146
202104,경기도,양주시,60,168
202104,경기도,양주시,61,173
202104,경기도,양주시,62,152
202104,경기도,양주시,63,141
202104,경기도,양주시,64,136
202104,경기도,양주시,65,164
202104,경기도,양주시,66,171
202104,경기도,양주시,67,160
202104,경기도,양주시,68,184
202104,경기도,양주시,69,159
202104,경기도,양주시,70,157
202104,경기도,양주시,71,171
202104,경기도,양주시,72,192
202104,경기도,양주시,73,207
202104,경기도,양주시,74,186
202104,경기도,양주시,75,182
202104,경기도,양주시,76,189
202104,경기도,양주시,77,180
202104,경기도,양주시,78,198
202104,경기도,양주시,79,187
202104,경기도,양주시,80,184
202104,경기도,양주시,81,147
202104,경기도,양주시,82,155
202104,경기도,양주시,83,133
202104,경기도,양주시,84,115
202104,경기도,양주시,85,90
202104,경기도,양주시,86,92
202104,경기도,양주시,87,70
202104,경기도,양주시,88,59
202104,경기도,양주시,89,57
202104,경기도,양주시,90,34
202104,경기도,양주시,91,32
202104,경기도,양주시,92,28
202104,경기도,양주시,93,16
202104,경기도,양주시,94,14
202104,경기도,양주시,95,10
202104,경기도,양주시,96,4
202104,경기도,양주시,97,10
202104,경기도,양주시,98,4
202104,경기도,양주시,99,1
202104,경기도,양주시,100,3
202104,경기도,양주시,101,2
202104,경기도,양주시,102,1
202104,경기도,양주시,103,2
202104,경기도,양주시,104,1
202104,경기도,포천시,0,9
202104,경기도,포천시,1,12
202104,경기도,포천시,2,18
202104,경기도,포천시,3,24
202104,경기도,포천시,4,26
202104,경기도,포천시,5,26
202104,경기도,포천시,6,40
202104,경기도,포천시,7,44
202104,경기도,포천시,8,61
202104,경기도,포천시,9,77
202104,경기도,포천시,10,67
202104,경기도,포천시,11,99
202104,경기도,포천시,12,100
202104,경기도,포천시,13,102
202104,경기도,포천시,14,108
202104,경기도,포천시,15,101
202104,경기도,포천시,16,99
202104,경기도,포천시,17,126
202104,경기도,포천시,18,97
202104,경기도,포천시,19,93
202104,경기도,포천시,20,77
202104,경기도,포천시,21,62
202104,경기도,포천시,22,56
202104,경기도,포천시,23,33
202104,경기도,포천시,24,23
202104,경기도,포천시,25,29
202104,경기도,포천시,26,14
202104,경기도,포천시,27,8
202104,경기도,포천시,28,16
202104,경기도,포천시,29,14
202104,경기도,포천시,30,11
202104,경기도,포천시,31,21
202104,경기도,포천시,32,25
202104,경기도,포천시,33,20
202104,경기도,포천시,34,26
202104,경기도,포천시,35,26
202104,경기도,포천시,36,26
202104,경기도,포천시,37,34
202104,경기도,포천시,38,37
202104,경기도,포천시,39,51
202104,경기도,포천시,40,39
202104,경기도,포천시,41,49
202104,경기도,포천시,42,46
202104,경기도,포천시,43,61
202104,경기도,포천시,44,50
202104,경기도,포천시,45,82
202104,경기도,포천시,46,62
202104,경기도,포천시,47,90
202104,경기도,포천시,48,76
202104,경기도,포천시,49,85
202104,경기도,포천시,50,90
202104,경기도,포천시,51,96
202104,경기도,포천시,52,98
202104,경기도,포천시,53,101
202104,경기도,포천시,54,108
202104,경기도,포천시,55,118
202104,경기도,포천시,56,117
202104,경기도,포천시,57,92
202104,경기도,포천시,58,111
202104,경기도,포천시,59,122
202104,경기도,포천시,60,142
202104,경기도,포천시,61,133
202104,경기도,포천시,62,152
202104,경기도,포천시,63,151
202104,경기도,포천시,64,135
202104,경기도,포천시,65,145
202104,경기도,포천시,66,146
202104,경기도,포천시,67,122
202104,경기도,포천시,68,146
202104,경기도,포천시,69,108
202104,경기도,포천시,70,119
202104,경기도,포천시,71,108
202104,경기도,포천시,72,129
202104,경기도,포천시,73,145
202104,경기도,포천시,74,119
202104,경기도,포천시,75,93
202104,경기도,포천시,76,99
202104,경기도,포천시,77,123
202104,경기도,포천시,78,139
202104,경기도,포천시,79,119
202104,경기도,포천시,80,125
202104,경기도,포천시,81,114
202104,경기도,포천시,82,110
202104,경기도,포천시,83,90
202104,경기도,포천시,84,77
202104,경기도,포천시,85,62
202104,경기도,포천시,86,71
202104,경기도,포천시,87,38
202104,경기도,포천시,88,33
202104,경기도,포천시,89,29
202104,경기도,포천시,90,23
202104,경기도,포천시,91,24
202104,경기도,포천시,92,22
202104,경기도,포천시,93,13
202104,경기도,포천시,94,11
202104,경기도,포천시,95,5
202104,경기도,포천시,96,5
202104,경기도,포천시,97,6
202104,경기도,포천시,98,5
202104,경기도,포천시,99,4
202104,경기도,포천시,100,1
202104,경기도,포천시,102,2
202104,경기도,포천시,103,1
202104,경기도,포천시,108,1
202104,경기도,여주시,0,11
202104,경기도,여주시,1,8
202104,경기도,여주시,2,18
202104,경기도,여주시,3,11
202104,경기도,여주시,4,28
202104,경기도,여주시,5,28
202104,경기도,여주시,6,33
202104,경기도,여주시,7,43
202104,경기도,여주시,8,64
202104,경기도,여주시,9,59
202104,경기도,여주시,10,63
202104,경기도,여주시,11,64
202104,경기도,여주시,12,76
202104,경기도,여주시,13,88
202104,경기도,여주시,14,74
202104,경기도,여주시,15,69
202104,경기도,여주시,16,69
202104,경기도,여주시,17,89
202104,경기도,여주시,18,95
202104,경기도,여주시,19,66
202104,경기도,여주시,20,54
202104,경기도,여주시,21,38
202104,경기도,여주시,22,38
202104,경기도,여주시,23,31
202104,경기도,여주시,24,28
202104,경기도,여주시,25,17
202104,경기도,여주시,26,20
202104,경기도,여주시,27,17
202104,경기도,여주시,28,9
202104,경기도,여주시,29,10
202104,경기도,여주시,30,12
202104,경기도,여주시,31,9
202104,경기도,여주시,32,18
202104,경기도,여주시,33,10
202104,경기도,여주시,34,27
202104,경기도,여주시,35,24
202104,경기도,여주시,36,16
202104,경기도,여주시,37,31
202104,경기도,여주시,38,33
202104,경기도,여주시,39,27
202104,경기도,여주시,40,34
202104,경기도,여주시,41,45
202104,경기도,여주시,42,41
202104,경기도,여주시,43,40
202104,경기도,여주시,44,35
202104,경기도,여주시,45,53
202104,경기도,여주시,46,61
202104,경기도,여주시,47,76
202104,경기도,여주시,48,74
202104,경기도,여주시,49,67
202104,경기도,여주시,50,55
202104,경기도,여주시,51,65
202104,경기도,여주시,52,78
202104,경기도,여주시,53,59
202104,경기도,여주시,54,76
202104,경기도,여주시,55,87
202104,경기도,여주시,56,82
202104,경기도,여주시,57,78
202104,경기도,여주시,58,97
202104,경기도,여주시,59,90
202104,경기도,여주시,60,118
202104,경기도,여주시,61,88
202104,경기도,여주시,62,89
202104,경기도,여주시,63,91
202104,경기도,여주시,64,95
202104,경기도,여주시,65,117
202104,경기도,여주시,66,113
202104,경기도,여주시,67,102
202104,경기도,여주시,68,107
202104,경기도,여주시,69,98
202104,경기도,여주시,70,58
202104,경기도,여주시,71,72
202104,경기도,여주시,72,76
202104,경기도,여주시,73,92
202104,경기도,여주시,74,81
202104,경기도,여주시,75,79
202104,경기도,여주시,76,91
202104,경기도,여주시,77,78
202104,경기도,여주시,78,93
202104,경기도,여주시,79,111
202104,경기도,여주시,80,89
202104,경기도,여주시,81,93
202104,경기도,여주시,82,88
202104,경기도,여주시,83,75
202104,경기도,여주시,84,62
202104,경기도,여주시,85,64
202104,경기도,여주시,86,61
202104,경기도,여주시,87,43
202104,경기도,여주시,88,28
202104,경기도,여주시,89,26
202104,경기도,여주시,90,25
202104,경기도,여주시,91,27
202104,경기도,여주시,92,18
202104,경기도,여주시,93,12
202104,경기도,여주시,94,14
202104,경기도,여주시,95,10
202104,경기도,여주시,96,3
202104,경기도,여주시,97,4
202104,경기도,여주시,98,5
202104,경기도,여주시,99,1
202104,경기도,여주시,100,3
202104,경기도,여주시,106,1
202104,경기도,연천군,0,3
202104,경기도,연천군,1,3
202104,경기도,연천군,2,6
202104,경기도,연천군,3,2
202104,경기도,연천군,4,8
202104,경기도,연천군,5,10
202104,경기도,연천군,6,11
202104,경기도,연천군,7,21
202104,경기도,연천군,8,19
202104,경기도,연천군,9,20
202104,경기도,연천군,10,23
202104,경기도,연천군,11,29
202104,경기도,연천군,12,27
202104,경기도,연천군,13,35
202104,경기도,연천군,14,27
202104,경기도,연천군,15,38
202104,경기도,연천군,16,36
202104,경기도,연천군,17,36
202104,경기도,연천군,18,35
202104,경기도,연천군,19,21
202104,경기도,연천군,20,17
202104,경기도,연천군,21,18
202104,경기도,연천군,22,11
202104,경기도,연천군,23,11
202104,경기도,연천군,24,10
202104,경기도,연천군,25,6
202104,경기도,연천군,26,4
202104,경기도,연천군,27,7
202104,경기도,연천군,28,4
202104,경기도,연천군,29,4
202104,경기도,연천군,30,7
202104,경기도,연천군,31,5
202104,경기도,연천군,32,5
202104,경기도,연천군,33,9
202104,경기도,연천군,34,7
202104,경기도,연천군,35,5
202104,경기도,연천군,36,9
202104,경기도,연천군,37,6
202104,경기도,연천군,38,10
202104,경기도,연천군,39,17
202104,경기도,연천군,40,13
202104,경기도,연천군,41,16
202104,경기도,연천군,42,12
202104,경기도,연천군,43,18
202104,경기도,연천군,44,13
202104,경기도,연천군,45,10
202104,경기도,연천군,46,22
202104,경기도,연천군,47,21
202104,경기도,연천군,48,26
202104,경기도,연천군,49,19
202104,경기도,연천군,50,30
202104,경기도,연천군,51,33
202104,경기도,연천군,52,27
202104,경기도,연천군,53,33
202104,경기도,연천군,54,29
202104,경기도,연천군,55,32
202104,경기도,연천군,56,36
202104,경기도,연천군,57,29
202104,경기도,연천군,58,48
202104,경기도,연천군,59,32
202104,경기도,연천군,60,45
202104,경기도,연천군,61,57
202104,경기도,연천군,62,49
202104,경기도,연천군,63,56
202104,경기도,연천군,64,40
202104,경기도,연천군,65,49
202104,경기도,연천군,66,61
202104,경기도,연천군,67,59
202104,경기도,연천군,68,59
202104,경기도,연천군,69,41
202104,경기도,연천군,70,43
202104,경기도,연천군,71,57
202104,경기도,연천군,72,49
202104,경기도,연천군,73,57
202104,경기도,연천군,74,65
202104,경기도,연천군,75,37
202104,경기도,연천군,76,43
202104,경기도,연천군,77,53
202104,경기도,연천군,78,51
202104,경기도,연천군,79,67
202104,경기도,연천군,80,56
202104,경기도,연천군,81,66
202104,경기도,연천군,82,46
202104,경기도,연천군,83,57
202104,경기도,연천군,84,51
202104,경기도,연천군,85,44
202104,경기도,연천군,86,43
202104,경기도,연천군,87,28
202104,경기도,연천군,88,33
202104,경기도,연천군,89,21
202104,경기도,연천군,90,16
202104,경기도,연천군,91,14
202104,경기도,연천군,92,9
202104,경기도,연천군,93,6
202104,경기도,연천군,94,3
202104,경기도,연천군,95,7
202104,경기도,연천군,96,5
202104,경기도,연천군,97,2
202104,경기도,연천군,98,3
202104,경기도,가평군,0,3
202104,경기도,가평군,1,1
202104,경기도,가평군,2,6
202104,경기도,가평군,3,4
202104,경기도,가평군,4,9
202104,경기도,가평군,5,8
202104,경기도,가평군,6,12
202104,경기도,가평군,7,14
202104,경기도,가평군,8,24
202104,경기도,가평군,9,29
202104,경기도,가평군,10,26
202104,경기도,가평군,11,25
202104,경기도,가평군,12,34
202104,경기도,가평군,13,36
202104,경기도,가평군,14,23
202104,경기도,가평군,15,54
202104,경기도,가평군,16,40
202104,경기도,가평군,17,50
202104,경기도,가평군,18,44
202104,경기도,가평군,19,25
202104,경기도,가평군,20,30
202104,경기도,가평군,21,20
202104,경기도,가평군,22,13
202104,경기도,가평군,23,14
202104,경기도,가평군,24,12
202104,경기도,가평군,25,6
202104,경기도,가평군,26,4
202104,경기도,가평군,27,3
202104,경기도,가평군,28,6
202104,경기도,가평군,29,4
202104,경기도,가평군,30,4
202104,경기도,가평군,31,5
202104,경기도,가평군,32,7
202104,경기도,가평군,33,8
202104,경기도,가평군,34,10
202104,경기도,가평군,35,5
202104,경기도,가평군,36,6
202104,경기도,가평군,37,9
202104,경기도,가평군,38,14
202104,경기도,가평군,39,13
202104,경기도,가평군,40,11
202104,경기도,가평군,41,15
202104,경기도,가평군,42,18
202104,경기도,가평군,43,22
202104,경기도,가평군,44,20
202104,경기도,가평군,45,22
202104,경기도,가평군,46,30
202104,경기도,가평군,47,26
202104,경기도,가평군,48,25
202104,경기도,가평군,49,21
202104,경기도,가평군,50,42
202104,경기도,가평군,51,41
202104,경기도,가평군,52,38
202104,경기도,가평군,53,32
202104,경기도,가평군,54,28
202104,경기도,가평군,55,43
202104,경기도,가평군,56,44
202104,경기도,가평군,57,49
202104,경기도,가평군,58,52
202104,경기도,가평군,59,42
202104,경기도,가평군,60,46
202104,경기도,가평군,61,61
202104,경기도,가평군,62,42
202104,경기도,가평군,63,61
202104,경기도,가평군,64,38
202104,경기도,가평군,65,60
202104,경기도,가평군,66,69
202104,경기도,가평군,67,59
202104,경기도,가평군,68,71
202104,경기도,가평군,69,44
202104,경기도,가평군,70,41
202104,경기도,가평군,71,51
202104,경기도,가평군,72,48
202104,경기도,가평군,73,67
202104,경기도,가평군,74,57
202104,경기도,가평군,75,54
202104,경기도,가평군,76,58
202104,경기도,가평군,77,57
202104,경기도,가평군,78,75
202104,경기도,가평군,79,68
202104,경기도,가평군,80,57
202104,경기도,가평군,81,60
202104,경기도,가평군,82,44
202104,경기도,가평군,83,45
202104,경기도,가평군,84,59
202104,경기도,가평군,85,36
202104,경기도,가평군,86,39
202104,경기도,가평군,87,25
202104,경기도,가평군,88,23
202104,경기도,가평군,89,28
202104,경기도,가평군,90,12
202104,경기도,가평군,91,16
202104,경기도,가평군,92,19
202104,경기도,가평군,93,6
202104,경기도,가평군,94,4
202104,경기도,가평군,95,5
202104,경기도,가평군,96,6
202104,경기도,가평군,97,6
202104,경기도,가평군,98,2
202104,경기도,가평군,100,2
202104,경기도,가평군,101,2
202104,경기도,양평군,0,4
202104,경기도,양평군,1,5
202104,경기도,양평군,2,8
202104,경기도,양평군,3,10
202104,경기도,양평군,4,20
202104,경기도,양평군,5,18
202104,경기도,양평군,6,23
202104,경기도,양평군,7,27
202104,경기도,양평군,8,39
202104,경기도,양평군,9,51
202104,경기도,양평군,10,56
202104,경기도,양평군,11,61
202104,경기도,양평군,12,56
202104,경기도,양평군,13,56
202104,경기도,양평군,14,71
202104,경기도,양평군,15,67
202104,경기도,양평군,16,80
202104,경기도,양평군,17,61
202104,경기도,양평군,18,56
202104,경기도,양평군,19,38
202104,경기도,양평군,20,41
202104,경기도,양평군,21,35
202104,경기도,양평군,22,21
202104,경기도,양평군,23,25
202104,경기도,양평군,24,16
202104,경기도,양평군,25,16
202104,경기도,양평군,26,9
202104,경기도,양평군,27,13
202104,경기도,양평군,28,10
202104,경기도,양평군,29,11
202104,경기도,양평군,30,9
202104,경기도,양평군,31,13
202104,경기도,양평군,32,16
202104,경기도,양평군,33,13
202104,경기도,양평군,34,16
202104,경기도,양평군,35,14
202104,경기도,양평군,36,14
202104,경기도,양평군,37,17
202104,경기도,양평군,38,26
202104,경기도,양평군,39,25
202104,경기도,양평군,40,33
202104,경기도,양평군,41,26
202104,경기도,양평군,42,28
202104,경기도,양평군,43,31
202104,경기도,양평군,44,34
202104,경기도,양평군,45,24
202104,경기도,양평군,46,37
202104,경기도,양평군,47,38
202104,경기도,양평군,48,39
202104,경기도,양평군,49,52
202104,경기도,양평군,50,40
202104,경기도,양평군,51,48
202104,경기도,양평군,52,61
202104,경기도,양평군,53,50
202104,경기도,양평군,54,60
202104,경기도,양평군,55,59
202104,경기도,양평군,56,62
202104,경기도,양평군,57,55
202104,경기도,양평군,58,77
202104,경기도,양평군,59,67
202104,경기도,양평군,60,90
202104,경기도,양평군,61,76
202104,경기도,양평군,62,75
202104,경기도,양평군,63,92
202104,경기도,양평군,64,75
202104,경기도,양평군,65,102
202104,경기도,양평군,66,106
202104,경기도,양평군,67,70
202104,경기도,양평군,68,85
202104,경기도,양평군,69,84
202104,경기도,양평군,70,71
202104,경기도,양평군,71,58
202104,경기도,양평군,72,68
202104,경기도,양평군,73,71
202104,경기도,양평군,74,66
202104,경기도,양평군,75,65
202104,경기도,양평군,76,77
202104,경기도,양평군,77,54
202104,경기도,양평군,78,75
202104,경기도,양평군,79,68
202104,경기도,양평군,80,59
202104,경기도,양평군,81,77
202104,경기도,양평군,82,50
202104,경기도,양평군,83,68
202104,경기도,양평군,84,53
202104,경기도,양평군,85,56
202104,경기도,양평군,86,45
202104,경기도,양평군,87,44
202104,경기도,양평군,88,44
202104,경기도,양평군,89,32
202104,경기도,양평군,90,29
202104,경기도,양평군,91,19
202104,경기도,양평군,92,17
202104,경기도,양평군,93,16
202104,경기도,양평군,94,7
202104,경기도,양평군,95,5
202104,경기도,양평군,96,1
202104,경기도,양평군,97,5
202104,경기도,양평군,98,3
202104,경기도,양평군,100,4
202104,경기도,양평군,101,1
202104,경기도,양평군,106,1
202104,강원도,춘천시,0,22
202104,강원도,춘천시,1,46
202104,강원도,춘천시,2,36
202104,강원도,춘천시,3,45
202104,강원도,춘천시,4,65
202104,강원도,춘천시,5,86
202104,강원도,춘천시,6,88
202104,강원도,춘천시,7,118
202104,강원도,춘천시,8,167
202104,강원도,춘천시,9,174
202104,강원도,춘천시,10,174
202104,강원도,춘천시,11,151
202104,강원도,춘천시,12,193
202104,강원도,춘천시,13,233
202104,강원도,춘천시,14,203
202104,강원도,춘천시,15,225
202104,강원도,춘천시,16,229
202104,강원도,춘천시,17,221
202104,강원도,춘천시,18,223
202104,강원도,춘천시,19,206
202104,강원도,춘천시,20,167
202104,강원도,춘천시,21,180
202104,강원도,춘천시,22,141
202104,강원도,춘천시,23,125
202104,강원도,춘천시,24,121
202104,강원도,춘천시,25,75
202104,강원도,춘천시,26,68
202104,강원도,춘천시,27,50
202104,강원도,춘천시,28,52
202104,강원도,춘천시,29,42
202104,강원도,춘천시,30,51
202104,강원도,춘천시,31,55
202104,강원도,춘천시,32,60
202104,강원도,춘천시,33,62
202104,강원도,춘천시,34,62
202104,강원도,춘천시,35,62
202104,강원도,춘천시,36,74
202104,강원도,춘천시,37,77
202104,강원도,춘천시,38,112
202104,강원도,춘천시,39,126
202104,강원도,춘천시,40,114
202104,강원도,춘천시,41,143
202104,강원도,춘천시,42,128
202104,강원도,춘천시,43,154
202104,강원도,춘천시,44,130
202104,강원도,춘천시,45,153
202104,강원도,춘천시,46,187
202104,강원도,춘천시,47,190
202104,강원도,춘천시,48,188
202104,강원도,춘천시,49,230
202104,강원도,춘천시,50,236
202104,강원도,춘천시,51,211
202104,강원도,춘천시,52,259
202104,강원도,춘천시,53,227
202104,강원도,춘천시,54,223
202104,강원도,춘천시,55,250
202104,강원도,춘천시,56,228
202104,강원도,춘천시,57,266
202104,강원도,춘천시,58,338
202104,강원도,춘천시,59,276
202104,강원도,춘천시,60,348
202104,강원도,춘천시,61,274
202104,강원도,춘천시,62,290
202104,강원도,춘천시,63,285
202104,강원도,춘천시,64,285
202104,강원도,춘천시,65,297
202104,강원도,춘천시,66,292
202104,강원도,춘천시,67,244
202104,강원도,춘천시,68,270
202104,강원도,춘천시,69,174
202104,강원도,춘천시,70,178
202104,강원도,춘천시,71,206
202104,강원도,춘천시,72,204
202104,강원도,춘천시,73,239
202104,강원도,춘천시,74,220
202104,강원도,춘천시,75,198
202104,강원도,춘천시,76,227
202104,강원도,춘천시,77,213
202104,강원도,춘천시,78,271
202104,강원도,춘천시,79,282
202104,강원도,춘천시,80,226
202104,강원도,춘천시,81,228
202104,강원도,춘천시,82,215
202104,강원도,춘천시,83,204
202104,강원도,춘천시,84,176
202104,강원도,춘천시,85,186
202104,강원도,춘천시,86,137
202104,강원도,춘천시,87,146
202104,강원도,춘천시,88,91
202104,강원도,춘천시,89,81
202104,강원도,춘천시,90,66
202104,강원도,춘천시,91,69
202104,강원도,춘천시,92,46
202104,강원도,춘천시,93,36
202104,강원도,춘천시,94,26
202104,강원도,춘천시,95,20
202104,강원도,춘천시,96,14
202104,강원도,춘천시,97,3
202104,강원도,춘천시,98,5
202104,강원도,춘천시,99,4
202104,강원도,춘천시,100,5
202104,강원도,춘천시,101,1
202104,강원도,춘천시,102,1
202104,강원도,춘천시,103,1
202104,강원도,원주시,0,17
202104,강원도,원주시,1,39
202104,강원도,원주시,2,50
202104,강원도,원주시,3,49
202104,강원도,원주시,4,68
202104,강원도,원주시,5,103
202104,강원도,원주시,6,101
202104,강원도,원주시,7,136
202104,강원도,원주시,8,153
202104,강원도,원주시,9,203
202104,강원도,원주시,10,205
202104,강원도,원주시,11,212
202104,강원도,원주시,12,209
202104,강원도,원주시,13,257
202104,강원도,원주시,14,246
202104,강원도,원주시,15,242
202104,강원도,원주시,16,268
202104,강원도,원주시,17,282
202104,강원도,원주시,18,228
202104,강원도,원주시,19,187
202104,강원도,원주시,20,173
202104,강원도,원주시,21,158
202104,강원도,원주시,22,131
202104,강원도,원주시,23,125
202104,강원도,원주시,24,98
202104,강원도,원주시,25,87
202104,강원도,원주시,26,63
202104,강원도,원주시,27,49
202104,강원도,원주시,28,49
202104,강원도,원주시,29,36
202104,강원도,원주시,30,38
202104,강원도,원주시,31,58
202104,강원도,원주시,32,55
202104,강원도,원주시,33,67
202104,강원도,원주시,34,68
202104,강원도,원주시,35,78
202104,강원도,원주시,36,79
202104,강원도,원주시,37,88
202104,강원도,원주시,38,93
202104,강원도,원주시,39,117
202104,강원도,원주시,40,138
202104,강원도,원주시,41,136
202104,강원도,원주시,42,128
202104,강원도,원주시,43,156
202104,강원도,원주시,44,146
202104,강원도,원주시,45,194
202104,강원도,원주시,46,160
202104,강원도,원주시,47,214
202104,강원도,원주시,48,185
202104,강원도,원주시,49,229
202104,강원도,원주시,50,225
202104,강원도,원주시,51,221
202104,강원도,원주시,52,253
202104,강원도,원주시,53,232
202104,강원도,원주시,54,231
202104,강원도,원주시,55,250
202104,강원도,원주시,56,228
202104,강원도,원주시,57,243
202104,강원도,원주시,58,289
202104,강원도,원주시,59,277
202104,강원도,원주시,60,299
202104,강원도,원주시,61,302
202104,강원도,원주시,62,264
202104,강원도,원주시,63,280
202104,강원도,원주시,64,297
202104,강원도,원주시,65,284
202104,강원도,원주시,66,318
202104,강원도,원주시,67,243
202104,강원도,원주시,68,249
202104,강원도,원주시,69,253
202104,강원도,원주시,70,203
202104,강원도,원주시,71,181
202104,강원도,원주시,72,192
202104,강원도,원주시,73,231
202104,강원도,원주시,74,225
202104,강원도,원주시,75,183
202104,강원도,원주시,76,196
202104,강원도,원주시,77,200
202104,강원도,원주시,78,256
202104,강원도,원주시,79,278
202104,강원도,원주시,80,234
202104,강원도,원주시,81,217
202104,강원도,원주시,82,198
202104,강원도,원주시,83,240
202104,강원도,원주시,84,203
202104,강원도,원주시,85,179
202104,강원도,원주시,86,168
202104,강원도,원주시,87,135
202104,강원도,원주시,88,112
202104,강원도,원주시,89,100
202104,강원도,원주시,90,69
202104,강원도,원주시,91,67
202104,강원도,원주시,92,62
202104,강원도,원주시,93,34
202104,강원도,원주시,94,33
202104,강원도,원주시,95,25
202104,강원도,원주시,96,12
202104,강원도,원주시,97,15
202104,강원도,원주시,98,10
202104,강원도,원주시,99,3
202104,강원도,원주시,100,1
202104,강원도,원주시,101,3
202104,강원도,원주시,102,1
202104,강원도,원주시,104,1
202104,강원도,강릉시,0,10
202104,강원도,강릉시,1,21
202104,강원도,강릉시,2,32
202104,강원도,강릉시,3,26
202104,강원도,강릉시,4,36
202104,강원도,강릉시,5,40
202104,강원도,강릉시,6,71
202104,강원도,강릉시,7,69
202104,강원도,강릉시,8,97
202104,강원도,강릉시,9,119
202104,강원도,강릉시,10,106
202104,강원도,강릉시,11,119
202104,강원도,강릉시,12,125
202104,강원도,강릉시,13,133
202104,강원도,강릉시,14,143
202104,강원도,강릉시,15,139
202104,강원도,강릉시,16,168
202104,강원도,강릉시,17,190
202104,강원도,강릉시,18,144
202104,강원도,강릉시,19,123
202104,강원도,강릉시,20,133
202104,강원도,강릉시,21,95
202104,강원도,강릉시,22,106
202104,강원도,강릉시,23,82
202104,강원도,강릉시,24,78
202104,강원도,강릉시,25,52
202104,강원도,강릉시,26,61
202104,강원도,강릉시,27,31
202104,강원도,강릉시,28,19
202104,강원도,강릉시,29,26
202104,강원도,강릉시,30,25
202104,강원도,강릉시,31,32
202104,강원도,강릉시,32,40
202104,강원도,강릉시,33,32
202104,강원도,강릉시,34,35
202104,강원도,강릉시,35,47
202104,강원도,강릉시,36,42
202104,강원도,강릉시,37,72
202104,강원도,강릉시,38,59
202104,강원도,강릉시,39,82
202104,강원도,강릉시,40,75
202104,강원도,강릉시,41,72
202104,강원도,강릉시,42,89
202104,강원도,강릉시,43,87
202104,강원도,강릉시,44,111
202104,강원도,강릉시,45,114
202104,강원도,강릉시,46,133
202104,강원도,강릉시,47,147
202104,강원도,강릉시,48,142
202104,강원도,강릉시,49,142
202104,강원도,강릉시,50,154
202104,강원도,강릉시,51,158
202104,강원도,강릉시,52,157
202104,강원도,강릉시,53,156
202104,강원도,강릉시,54,173
202104,강원도,강릉시,55,152
202104,강원도,강릉시,56,162
202104,강원도,강릉시,57,145
202104,강원도,강릉시,58,214
202104,강원도,강릉시,59,210
202104,강원도,강릉시,60,230
202104,강원도,강릉시,61,221
202104,강원도,강릉시,62,208
202104,강원도,강릉시,63,215
202104,강원도,강릉시,64,200
202104,강원도,강릉시,65,206
202104,강원도,강릉시,66,257
202104,강원도,강릉시,67,204
202104,강원도,강릉시,68,223
202104,강원도,강릉시,69,184
202104,강원도,강릉시,70,173
202104,강원도,강릉시,71,177
202104,강원도,강릉시,72,177
202104,강원도,강릉시,73,214
202104,강원도,강릉시,74,187
202104,강원도,강릉시,75,139
202104,강원도,강릉시,76,175
202104,강원도,강릉시,77,182
202104,강원도,강릉시,78,189
202104,강원도,강릉시,79,196
202104,강원도,강릉시,80,163
202104,강원도,강릉시,81,183
202104,강원도,강릉시,82,153
202104,강원도,강릉시,83,151
202104,강원도,강릉시,84,132
202104,강원도,강릉시,85,98
202104,강원도,강릉시,86,101
202104,강원도,강릉시,87,80
202104,강원도,강릉시,88,68
202104,강원도,강릉시,89,58
202104,강원도,강릉시,90,50
202104,강원도,강릉시,91,44
202104,강원도,강릉시,92,29
202104,강원도,강릉시,93,23
202104,강원도,강릉시,94,22
202104,강원도,강릉시,95,16
202104,강원도,강릉시,96,10
202104,강원도,강릉시,97,11
202104,강원도,강릉시,98,10
202104,강원도,강릉시,99,3
202104,강원도,강릉시,100,3
202104,강원도,강릉시,101,2
202104,강원도,강릉시,104,1
202104,강원도,강릉시,105,1
202104,강원도,동해시,0,6
202104,강원도,동해시,1,12
202104,강원도,동해시,2,11
202104,강원도,동해시,3,18
202104,강원도,동해시,4,24
202104,강원도,동해시,5,22
202104,강원도,동해시,6,31
202104,강원도,동해시,7,38
202104,강원도,동해시,8,51
202104,강원도,동해시,9,47
202104,강원도,동해시,10,58
202104,강원도,동해시,11,57
202104,강원도,동해시,12,55
202104,강원도,동해시,13,50
202104,강원도,동해시,14,56
202104,강원도,동해시,15,73
202104,강원도,동해시,16,70
202104,강원도,동해시,17,73
202104,강원도,동해시,18,49
202104,강원도,동해시,19,56
202104,강원도,동해시,20,38
202104,강원도,동해시,21,48
202104,강원도,동해시,22,42
202104,강원도,동해시,23,30
202104,강원도,동해시,24,21
202104,강원도,동해시,25,24
202104,강원도,동해시,26,16
202104,강원도,동해시,27,11
202104,강원도,동해시,28,18
202104,강원도,동해시,29,13
202104,강원도,동해시,30,5
202104,강원도,동해시,31,12
202104,강원도,동해시,32,14
202104,강원도,동해시,33,13
202104,강원도,동해시,34,13
202104,강원도,동해시,35,23
202104,강원도,동해시,36,23
202104,강원도,동해시,37,24
202104,강원도,동해시,38,34
202104,강원도,동해시,39,31
202104,강원도,동해시,40,33
202104,강원도,동해시,41,37
202104,강원도,동해시,42,38
202104,강원도,동해시,43,46
202104,강원도,동해시,44,43
202104,강원도,동해시,45,53
202104,강원도,동해시,46,51
202104,강원도,동해시,47,68
202104,강원도,동해시,48,60
202104,강원도,동해시,49,56
202104,강원도,동해시,50,59
202104,강원도,동해시,51,73
202104,강원도,동해시,52,67
202104,강원도,동해시,53,61
202104,강원도,동해시,54,64
202104,강원도,동해시,55,65
202104,강원도,동해시,56,64
202104,강원도,동해시,57,73
202104,강원도,동해시,58,90
202104,강원도,동해시,59,87
202104,강원도,동해시,60,105
202104,강원도,동해시,61,101
202104,강원도,동해시,62,89
202104,강원도,동해시,63,90
202104,강원도,동해시,64,100
202104,강원도,동해시,65,90
202104,강원도,동해시,66,111
202104,강원도,동해시,67,97
202104,강원도,동해시,68,90
202104,강원도,동해시,69,73
202104,강원도,동해시,70,65
202104,강원도,동해시,71,90
202104,강원도,동해시,72,96
202104,강원도,동해시,73,84
202104,강원도,동해시,74,93
202104,강원도,동해시,75,80
202104,강원도,동해시,76,90
202104,강원도,동해시,77,104
202104,강원도,동해시,78,104
202104,강원도,동해시,79,99
202104,강원도,동해시,80,83
202104,강원도,동해시,81,75
202104,강원도,동해시,82,79
202104,강원도,동해시,83,76
202104,강원도,동해시,84,67
202104,강원도,동해시,85,71
202104,강원도,동해시,86,54
202104,강원도,동해시,87,54
202104,강원도,동해시,88,32
202104,강원도,동해시,89,42
202104,강원도,동해시,90,27
202104,강원도,동해시,91,29
202104,강원도,동해시,92,13
202104,강원도,동해시,93,11
202104,강원도,동해시,94,7
202104,강원도,동해시,95,6
202104,강원도,동해시,96,4
202104,강원도,동해시,97,5
202104,강원도,동해시,98,3
202104,강원도,동해시,99,5
202104,강원도,태백시,0,3
202104,강원도,태백시,1,6
202104,강원도,태백시,2,1
202104,강원도,태백시,3,7
202104,강원도,태백시,4,7
202104,강원도,태백시,5,8
202104,강원도,태백시,6,19
202104,강원도,태백시,7,16
202104,강원도,태백시,8,27
202104,강원도,태백시,9,31
202104,강원도,태백시,10,39
202104,강원도,태백시,11,33
202104,강원도,태백시,12,31
202104,강원도,태백시,13,31
202104,강원도,태백시,14,29
202104,강원도,태백시,15,38
202104,강원도,태백시,16,43
202104,강원도,태백시,17,34
202104,강원도,태백시,18,26
202104,강원도,태백시,19,29
202104,강원도,태백시,20,28
202104,강원도,태백시,21,26
202104,강원도,태백시,22,25
202104,강원도,태백시,23,14
202104,강원도,태백시,24,7
202104,강원도,태백시,25,8
202104,강원도,태백시,26,7
202104,강원도,태백시,27,8
202104,강원도,태백시,28,7
202104,강원도,태백시,29,6
202104,강원도,태백시,30,4
202104,강원도,태백시,31,11
202104,강원도,태백시,32,4
202104,강원도,태백시,33,6
202104,강원도,태백시,34,6
202104,강원도,태백시,35,6
202104,강원도,태백시,36,9
202104,강원도,태백시,37,12
202104,강원도,태백시,38,19
202104,강원도,태백시,39,22
202104,강원도,태백시,40,15
202104,강원도,태백시,41,26
202104,강원도,태백시,42,22
202104,강원도,태백시,43,20
202104,강원도,태백시,44,14
202104,강원도,태백시,45,20
202104,강원도,태백시,46,27
202104,강원도,태백시,47,29
202104,강원도,태백시,48,40
202104,강원도,태백시,49,27
202104,강원도,태백시,50,36
202104,강원도,태백시,51,41
202104,강원도,태백시,52,40
202104,강원도,태백시,53,36
202104,강원도,태백시,54,45
202104,강원도,태백시,55,41
202104,강원도,태백시,56,33
202104,강원도,태백시,57,33
202104,강원도,태백시,58,35
202104,강원도,태백시,59,43
202104,강원도,태백시,60,51
202104,강원도,태백시,61,48
202104,강원도,태백시,62,40
202104,강원도,태백시,63,45
202104,강원도,태백시,64,43
202104,강원도,태백시,65,63
202104,강원도,태백시,66,63
202104,강원도,태백시,67,53
202104,강원도,태백시,68,49
202104,강원도,태백시,69,48
202104,강원도,태백시,70,40
202104,강원도,태백시,71,58
202104,강원도,태백시,72,42
202104,강원도,태백시,73,49
202104,강원도,태백시,74,45
202104,강원도,태백시,75,45
202104,강원도,태백시,76,56
202104,강원도,태백시,77,58
202104,강원도,태백시,78,61
202104,강원도,태백시,79,60
202104,강원도,태백시,80,50
202104,강원도,태백시,81,55
202104,강원도,태백시,82,50
202104,강원도,태백시,83,53
202104,강원도,태백시,84,34
202104,강원도,태백시,85,30
202104,강원도,태백시,86,30
202104,강원도,태백시,87,32
202104,강원도,태백시,88,13
202104,강원도,태백시,89,8
202104,강원도,태백시,90,10
202104,강원도,태백시,91,7
202104,강원도,태백시,92,6
202104,강원도,태백시,93,10
202104,강원도,태백시,94,2
202104,강원도,태백시,95,6
202104,강원도,태백시,96,1
202104,강원도,태백시,97,1
202104,강원도,태백시,98,1
202104,강원도,태백시,99,1
202104,강원도,속초시,0,5
202104,강원도,속초시,1,3
202104,강원도,속초시,2,11
202104,강원도,속초시,3,10
202104,강원도,속초시,4,18
202104,강원도,속초시,5,18
202104,강원도,속초시,6,30
202104,강원도,속초시,7,28
202104,강원도,속초시,8,48
202104,강원도,속초시,9,48
202104,강원도,속초시,10,38
202104,강원도,속초시,11,44
202104,강원도,속초시,12,46
202104,강원도,속초시,13,60
202104,강원도,속초시,14,51
202104,강원도,속초시,15,61
202104,강원도,속초시,16,72
202104,강원도,속초시,17,86
202104,강원도,속초시,18,63
202104,강원도,속초시,19,52
202104,강원도,속초시,20,60
202104,강원도,속초시,21,39
202104,강원도,속초시,22,41
202104,강원도,속초시,23,31
202104,강원도,속초시,24,29
202104,강원도,속초시,25,31
202104,강원도,속초시,26,11
202104,강원도,속초시,27,13
202104,강원도,속초시,28,14
202104,강원도,속초시,29,11
202104,강원도,속초시,30,13
202104,강원도,속초시,31,15
202104,강원도,속초시,32,16
202104,강원도,속초시,33,12
202104,강원도,속초시,34,14
202104,강원도,속초시,35,17
202104,강원도,속초시,36,12
202104,강원도,속초시,37,16
202104,강원도,속초시,38,24
202104,강원도,속초시,39,32
202104,강원도,속초시,40,33
202104,강원도,속초시,41,32
202104,강원도,속초시,42,39
202104,강원도,속초시,43,31
202104,강원도,속초시,44,38
202104,강원도,속초시,45,43
202104,강원도,속초시,46,38
202104,강원도,속초시,47,56
202104,강원도,속초시,48,74
202104,강원도,속초시,49,49
202104,강원도,속초시,50,78
202104,강원도,속초시,51,66
202104,강원도,속초시,52,101
202104,강원도,속초시,53,68
202104,강원도,속초시,54,73
202104,강원도,속초시,55,77
202104,강원도,속초시,56,78
202104,강원도,속초시,57,85
202104,강원도,속초시,58,92
202104,강원도,속초시,59,80
202104,강원도,속초시,60,108
202104,강원도,속초시,61,116
202104,강원도,속초시,62,95
202104,강원도,속초시,63,106
202104,강원도,속초시,64,107
202104,강원도,속초시,65,93
202104,강원도,속초시,66,128
202104,강원도,속초시,67,88
202104,강원도,속초시,68,97
202104,강원도,속초시,69,76
202104,강원도,속초시,70,82
202104,강원도,속초시,71,81
202104,강원도,속초시,72,81
202104,강원도,속초시,73,83
202104,강원도,속초시,74,110
202104,강원도,속초시,75,85
202104,강원도,속초시,76,92
202104,강원도,속초시,77,90
202104,강원도,속초시,78,116
202104,강원도,속초시,79,109
202104,강원도,속초시,80,108
202104,강원도,속초시,81,84
202104,강원도,속초시,82,83
202104,강원도,속초시,83,62
202104,강원도,속초시,84,78
202104,강원도,속초시,85,57
202104,강원도,속초시,86,37
202104,강원도,속초시,87,39
202104,강원도,속초시,88,33
202104,강원도,속초시,89,25
202104,강원도,속초시,90,20
202104,강원도,속초시,91,26
202104,강원도,속초시,92,22
202104,강원도,속초시,93,13
202104,강원도,속초시,94,14
202104,강원도,속초시,95,11
202104,강원도,속초시,96,6
202104,강원도,속초시,97,5
202104,강원도,속초시,98,1
202104,강원도,속초시,100,2
202104,강원도,속초시,102,1
202104,강원도,삼척시,0,3
202104,강원도,삼척시,1,7
202104,강원도,삼척시,2,5
202104,강원도,삼척시,3,10
202104,강원도,삼척시,4,12
202104,강원도,삼척시,5,9
202104,강원도,삼척시,6,14
202104,강원도,삼척시,7,28
202104,강원도,삼척시,8,29
202104,강원도,삼척시,9,37
202104,강원도,삼척시,10,29
202104,강원도,삼척시,11,26
202104,강원도,삼척시,12,29
202104,강원도,삼척시,13,36
202104,강원도,삼척시,14,46
202104,강원도,삼척시,15,41
202104,강원도,삼척시,16,44
202104,강원도,삼척시,17,40
202104,강원도,삼척시,18,55
202104,강원도,삼척시,19,32
202104,강원도,삼척시,20,28
202104,강원도,삼척시,21,30
202104,강원도,삼척시,22,30
202104,강원도,삼척시,23,18
202104,강원도,삼척시,24,23
202104,강원도,삼척시,25,13
202104,강원도,삼척시,26,11
202104,강원도,삼척시,27,7
202104,강원도,삼척시,28,6
202104,강원도,삼척시,29,8
202104,강원도,삼척시,30,7
202104,강원도,삼척시,31,3
202104,강원도,삼척시,32,6
202104,강원도,삼척시,33,6
202104,강원도,삼척시,34,9
202104,강원도,삼척시,35,14
202104,강원도,삼척시,36,15
202104,강원도,삼척시,37,13
202104,강원도,삼척시,38,13
202104,강원도,삼척시,39,25
202104,강원도,삼척시,40,29
202104,강원도,삼척시,41,32
202104,강원도,삼척시,42,31
202104,강원도,삼척시,43,28
202104,강원도,삼척시,44,29
202104,강원도,삼척시,45,30
202104,강원도,삼척시,46,44
202104,강원도,삼척시,47,40
202104,강원도,삼척시,48,44
202104,강원도,삼척시,49,53
202104,강원도,삼척시,50,34
202104,강원도,삼척시,51,57
202104,강원도,삼척시,52,48
202104,강원도,삼척시,53,65
202104,강원도,삼척시,54,59
202104,강원도,삼척시,55,68
202104,강원도,삼척시,56,61
202104,강원도,삼척시,57,64
202104,강원도,삼척시,58,60
202104,강원도,삼척시,59,78
202104,강원도,삼척시,60,90
202104,강원도,삼척시,61,88
202104,강원도,삼척시,62,55
202104,강원도,삼척시,63,63
202104,강원도,삼척시,64,88
202104,강원도,삼척시,65,75
202104,강원도,삼척시,66,76
202104,강원도,삼척시,67,54
202104,강원도,삼척시,68,67
202104,강원도,삼척시,69,72
202104,강원도,삼척시,70,51
202104,강원도,삼척시,71,65
202104,강원도,삼척시,72,63
202104,강원도,삼척시,73,57
202104,강원도,삼척시,74,60
202104,강원도,삼척시,75,41
202104,강원도,삼척시,76,49
202104,강원도,삼척시,77,62
202104,강원도,삼척시,78,92
202104,강원도,삼척시,79,73
202104,강원도,삼척시,80,90
202104,강원도,삼척시,81,66
202104,강원도,삼척시,82,65
202104,강원도,삼척시,83,72
202104,강원도,삼척시,84,62
202104,강원도,삼척시,85,52
202104,강원도,삼척시,86,55
202104,강원도,삼척시,87,45
202104,강원도,삼척시,88,38
202104,강원도,삼척시,89,44
202104,강원도,삼척시,90,27
202104,강원도,삼척시,91,18
202104,강원도,삼척시,92,14
202104,강원도,삼척시,93,15
202104,강원도,삼척시,94,10
202104,강원도,삼척시,95,6
202104,강원도,삼척시,96,9
202104,강원도,삼척시,97,3
202104,강원도,삼척시,98,5
202104,강원도,삼척시,99,2
202104,강원도,삼척시,100,1
202104,강원도,삼척시,104,1
202104,강원도,홍천군,0,2
202104,강원도,홍천군,1,1
202104,강원도,홍천군,2,4
202104,강원도,홍천군,3,6
202104,강원도,홍천군,4,11
202104,강원도,홍천군,5,9
202104,강원도,홍천군,6,13
202104,강원도,홍천군,7,13
202104,강원도,홍천군,8,17
202104,강원도,홍천군,9,22
202104,강원도,홍천군,10,16
202104,강원도,홍천군,11,23
202104,강원도,홍천군,12,29
202104,강원도,홍천군,13,27
202104,강원도,홍천군,14,25
202104,강원도,홍천군,15,38
202104,강원도,홍천군,16,24
202104,강원도,홍천군,17,31
202104,강원도,홍천군,18,25
202104,강원도,홍천군,19,22
202104,강원도,홍천군,20,23
202104,강원도,홍천군,21,14
202104,강원도,홍천군,22,16
202104,강원도,홍천군,23,16
202104,강원도,홍천군,24,6
202104,강원도,홍천군,25,9
202104,강원도,홍천군,26,1
202104,강원도,홍천군,27,1
202104,강원도,홍천군,28,6
202104,강원도,홍천군,29,4
202104,강원도,홍천군,30,5
202104,강원도,홍천군,31,10
202104,강원도,홍천군,32,6
202104,강원도,홍천군,33,5
202104,강원도,홍천군,34,4
202104,강원도,홍천군,35,6
202104,강원도,홍천군,36,5
202104,강원도,홍천군,37,15
202104,강원도,홍천군,38,19
202104,강원도,홍천군,39,11
202104,강원도,홍천군,40,16
202104,강원도,홍천군,41,18
202104,강원도,홍천군,42,13
202104,강원도,홍천군,43,18
202104,강원도,홍천군,44,13
202104,강원도,홍천군,45,18
202104,강원도,홍천군,46,21
202104,강원도,홍천군,47,22
202104,강원도,홍천군,48,25
202104,강원도,홍천군,49,27
202104,강원도,홍천군,50,28
202104,강원도,홍천군,51,37
202104,강원도,홍천군,52,30
202104,강원도,홍천군,53,43
202104,강원도,홍천군,54,42
202104,강원도,홍천군,55,45
202104,강원도,홍천군,56,36
202104,강원도,홍천군,57,37
202104,강원도,홍천군,58,49
202104,강원도,홍천군,59,43
202104,강원도,홍천군,60,61
202104,강원도,홍천군,61,56
202104,강원도,홍천군,62,50
202104,강원도,홍천군,63,63
202104,강원도,홍천군,64,46
202104,강원도,홍천군,65,54
202104,강원도,홍천군,66,54
202104,강원도,홍천군,67,42
202104,강원도,홍천군,68,45
202104,강원도,홍천군,69,46
202104,강원도,홍천군,70,46
202104,강원도,홍천군,71,25
202104,강원도,홍천군,72,40
202104,강원도,홍천군,73,43
202104,강원도,홍천군,74,44
202104,강원도,홍천군,75,34
202104,강원도,홍천군,76,48
202104,강원도,홍천군,77,36
202104,강원도,홍천군,78,45
202104,강원도,홍천군,79,52
202104,강원도,홍천군,80,43
202104,강원도,홍천군,81,48
202104,강원도,홍천군,82,47
202104,강원도,홍천군,83,51
202104,강원도,홍천군,84,44
202104,강원도,홍천군,85,28
202104,강원도,홍천군,86,50
202104,강원도,홍천군,87,30
202104,강원도,홍천군,88,22
202104,강원도,홍천군,89,17
202104,강원도,홍천군,90,21
202104,강원도,홍천군,91,19
202104,강원도,홍천군,92,4
202104,강원도,홍천군,93,10
202104,강원도,홍천군,94,4
202104,강원도,홍천군,95,8
202104,강원도,홍천군,96,6
202104,강원도,홍천군,98,2
202104,강원도,홍천군,99,3
202104,강원도,홍천군,101,2
202104,강원도,횡성군,0,3
202104,강원도,횡성군,1,3
202104,강원도,횡성군,2,4
202104,강원도,횡성군,3,6
202104,강원도,횡성군,4,6
202104,강원도,횡성군,5,5
202104,강원도,횡성군,6,4
202104,강원도,횡성군,7,11
202104,강원도,횡성군,8,16
202104,강원도,횡성군,9,15
202104,강원도,횡성군,10,13
202104,강원도,횡성군,11,17
202104,강원도,횡성군,12,21
202104,강원도,횡성군,13,19
202104,강원도,횡성군,14,20
202104,강원도,횡성군,15,28
202104,강원도,횡성군,16,26
202104,강원도,횡성군,17,32
202104,강원도,횡성군,18,23
202104,강원도,횡성군,19,18
202104,강원도,횡성군,20,15
202104,강원도,횡성군,21,17
202104,강원도,횡성군,22,13
202104,강원도,횡성군,23,10
202104,강원도,횡성군,24,8
202104,강원도,횡성군,25,2
202104,강원도,횡성군,26,4
202104,강원도,횡성군,27,5
202104,강원도,횡성군,28,4
202104,강원도,횡성군,29,3
202104,강원도,횡성군,30,9
202104,강원도,횡성군,31,4
202104,강원도,횡성군,32,8
202104,강원도,횡성군,33,4
202104,강원도,횡성군,34,2
202104,강원도,횡성군,35,3
202104,강원도,횡성군,36,9
202104,강원도,횡성군,37,6
202104,강원도,횡성군,38,10
202104,강원도,횡성군,39,20
202104,강원도,횡성군,40,12
202104,강원도,횡성군,41,14
202104,강원도,횡성군,42,9
202104,강원도,횡성군,43,10
202104,강원도,횡성군,44,14
202104,강원도,횡성군,45,20
202104,강원도,횡성군,46,9
202104,강원도,횡성군,47,22
202104,강원도,횡성군,48,19
202104,강원도,횡성군,49,17
202104,강원도,횡성군,50,24
202104,강원도,횡성군,51,30
202104,강원도,횡성군,52,33
202104,강원도,횡성군,53,19
202104,강원도,횡성군,54,36
202104,강원도,횡성군,55,29
202104,강원도,횡성군,56,39
202104,강원도,횡성군,57,18
202104,강원도,횡성군,58,33
202104,강원도,횡성군,59,32
202104,강원도,횡성군,60,36
202104,강원도,횡성군,61,51
202104,강원도,횡성군,62,23
202104,강원도,횡성군,63,33
202104,강원도,횡성군,64,32
202104,강원도,횡성군,65,46
202104,강원도,횡성군,66,35
202104,강원도,횡성군,67,32
202104,강원도,횡성군,68,38
202104,강원도,횡성군,69,30
202104,강원도,횡성군,70,31
202104,강원도,횡성군,71,22
202104,강원도,횡성군,72,31
202104,강원도,횡성군,73,34
202104,강원도,횡성군,74,35
202104,강원도,횡성군,75,27
202104,강원도,횡성군,76,27
202104,강원도,횡성군,77,30
202104,강원도,횡성군,78,32
202104,강원도,횡성군,79,33
202104,강원도,횡성군,80,47
202104,강원도,횡성군,81,39
202104,강원도,횡성군,82,34
202104,강원도,횡성군,83,28
202104,강원도,횡성군,84,30
202104,강원도,횡성군,85,24
202104,강원도,횡성군,86,32
202104,강원도,횡성군,87,33
202104,강원도,횡성군,88,12
202104,강원도,횡성군,89,11
202104,강원도,횡성군,90,8
202104,강원도,횡성군,91,10
202104,강원도,횡성군,92,9
202104,강원도,횡성군,93,8
202104,강원도,횡성군,94,8
202104,강원도,횡성군,95,7
202104,강원도,횡성군,96,4
202104,강원도,횡성군,98,2
202104,강원도,횡성군,99,2
202104,강원도,횡성군,100,1
202104,강원도,영월군,3,1
202104,강원도,영월군,4,1
202104,강원도,영월군,5,3
202104,강원도,영월군,6,8
202104,강원도,영월군,7,9
202104,강원도,영월군,8,10
202104,강원도,영월군,9,13
202104,강원도,영월군,10,18
202104,강원도,영월군,11,8
202104,강원도,영월군,12,20
202104,강원도,영월군,13,26
202104,강원도,영월군,14,29
202104,강원도,영월군,15,18
202104,강원도,영월군,16,23
202104,강원도,영월군,17,23
202104,강원도,영월군,18,25
202104,강원도,영월군,19,19
202104,강원도,영월군,20,13
202104,강원도,영월군,21,15
202104,강원도,영월군,22,9
202104,강원도,영월군,23,10
202104,강원도,영월군,24,9
202104,강원도,영월군,25,4
202104,강원도,영월군,26,6
202104,강원도,영월군,27,1
202104,강원도,영월군,28,3
202104,강원도,영월군,29,2
202104,강원도,영월군,30,1
202104,강원도,영월군,31,4
202104,강원도,영월군,32,3
202104,강원도,영월군,33,3
202104,강원도,영월군,34,5
202104,강원도,영월군,35,3
202104,강원도,영월군,36,4
202104,강원도,영월군,37,5
202104,강원도,영월군,38,6
202104,강원도,영월군,39,5
202104,강원도,영월군,40,9
202104,강원도,영월군,41,7
202104,강원도,영월군,42,5
202104,강원도,영월군,43,11
202104,강원도,영월군,44,8
202104,강원도,영월군,45,16
202104,강원도,영월군,46,12
202104,강원도,영월군,47,15
202104,강원도,영월군,48,17
202104,강원도,영월군,49,18
202104,강원도,영월군,50,19
202104,강원도,영월군,51,8
202104,강원도,영월군,52,24
202104,강원도,영월군,53,23
202104,강원도,영월군,54,15
202104,강원도,영월군,55,34
202104,강원도,영월군,56,20
202104,강원도,영월군,57,25
202104,강원도,영월군,58,29
202104,강원도,영월군,59,27
202104,강원도,영월군,60,28
202104,강원도,영월군,61,24
202104,강원도,영월군,62,27
202104,강원도,영월군,63,28
202104,강원도,영월군,64,20
202104,강원도,영월군,65,28
202104,강원도,영월군,66,50
202104,강원도,영월군,67,28
202104,강원도,영월군,68,25
202104,강원도,영월군,69,25
202104,강원도,영월군,70,19
202104,강원도,영월군,71,26
202104,강원도,영월군,72,25
202104,강원도,영월군,73,16
202104,강원도,영월군,74,22
202104,강원도,영월군,75,28
202104,강원도,영월군,76,31
202104,강원도,영월군,77,27
202104,강원도,영월군,78,24
202104,강원도,영월군,79,34
202104,강원도,영월군,80,39
202104,강원도,영월군,81,26
202104,강원도,영월군,82,33
202104,강원도,영월군,83,28
202104,강원도,영월군,84,19
202104,강원도,영월군,85,14
202104,강원도,영월군,86,22
202104,강원도,영월군,87,16
202104,강원도,영월군,88,18
202104,강원도,영월군,89,16
202104,강원도,영월군,90,4
202104,강원도,영월군,91,13
202104,강원도,영월군,92,6
202104,강원도,영월군,93,2
202104,강원도,영월군,94,5
202104,강원도,영월군,95,1
202104,강원도,영월군,96,2
202104,강원도,영월군,97,3
202104,강원도,영월군,98,1
202104,강원도,영월군,102,1
202104,강원도,평창군,0,1
202104,강원도,평창군,1,1
202104,강원도,평창군,2,1
202104,강원도,평창군,3,3
202104,강원도,평창군,4,4
202104,강원도,평창군,5,4
202104,강원도,평창군,6,5
202104,강원도,평창군,7,8
202104,강원도,평창군,8,6
202104,강원도,평창군,9,12
202104,강원도,평창군,10,14
202104,강원도,평창군,11,12
202104,강원도,평창군,12,7
202104,강원도,평창군,13,13
202104,강원도,평창군,14,23
202104,강원도,평창군,15,20
202104,강원도,평창군,16,21
202104,강원도,평창군,17,22
202104,강원도,평창군,18,20
202104,강원도,평창군,19,25
202104,강원도,평창군,20,4
202104,강원도,평창군,21,13
202104,강원도,평창군,22,7
202104,강원도,평창군,23,7
202104,강원도,평창군,24,1
202104,강원도,평창군,25,6
202104,강원도,평창군,26,6
202104,강원도,평창군,27,2
202104,강원도,평창군,28,2
202104,강원도,평창군,29,1
202104,강원도,평창군,30,1
202104,강원도,평창군,31,2
202104,강원도,평창군,32,2
202104,강원도,평창군,33,1
202104,강원도,평창군,34,6
202104,강원도,평창군,35,2
202104,강원도,평창군,36,6
202104,강원도,평창군,37,5
202104,강원도,평창군,38,6
202104,강원도,평창군,39,7
202104,강원도,평창군,40,10
202104,강원도,평창군,41,5
202104,강원도,평창군,42,5
202104,강원도,평창군,43,5
202104,강원도,평창군,44,10
202104,강원도,평창군,45,11
202104,강원도,평창군,46,7
202104,강원도,평창군,47,19
202104,강원도,평창군,48,17
202104,강원도,평창군,49,15
202104,강원도,평창군,50,17
202104,강원도,평창군,51,24
202104,강원도,평창군,52,21
202104,강원도,평창군,53,12
202104,강원도,평창군,54,19
202104,강원도,평창군,55,13
202104,강원도,평창군,56,22
202104,강원도,평창군,57,21
202104,강원도,평창군,58,23
202104,강원도,평창군,59,23
202104,강원도,평창군,60,30
202104,강원도,평창군,61,32
202104,강원도,평창군,62,21
202104,강원도,평창군,63,28
202104,강원도,평창군,64,17
202104,강원도,평창군,65,26
202104,강원도,평창군,66,23
202104,강원도,평창군,67,19
202104,강원도,평창군,68,24
202104,강원도,평창군,69,22
202104,강원도,평창군,70,24
202104,강원도,평창군,71,26
202104,강원도,평창군,72,23
202104,강원도,평창군,73,29
202104,강원도,평창군,74,23
202104,강원도,평창군,75,24
202104,강원도,평창군,76,32
202104,강원도,평창군,77,27
202104,강원도,평창군,78,33
202104,강원도,평창군,79,38
202104,강원도,평창군,80,33
202104,강원도,평창군,81,27
202104,강원도,평창군,82,26
202104,강원도,평창군,83,36
202104,강원도,평창군,84,17
202104,강원도,평창군,85,18
202104,강원도,평창군,86,16
202104,강원도,평창군,87,7
202104,강원도,평창군,88,11
202104,강원도,평창군,89,14
202104,강원도,평창군,90,10
202104,강원도,평창군,91,8
202104,강원도,평창군,92,5
202104,강원도,평창군,93,5
202104,강원도,평창군,94,3
202104,강원도,평창군,95,2
202104,강원도,평창군,96,2
202104,강원도,평창군,97,3
202104,강원도,평창군,99,2
202104,강원도,평창군,100,3
202104,강원도,평창군,102,1
202104,강원도,정선군,0,1
202104,강원도,정선군,1,2
202104,강원도,정선군,2,1
202104,강원도,정선군,3,4
202104,강원도,정선군,4,1
202104,강원도,정선군,5,5
202104,강원도,정선군,6,5
202104,강원도,정선군,7,4
202104,강원도,정선군,8,16
202104,강원도,정선군,9,11
202104,강원도,정선군,10,17
202104,강원도,정선군,11,18
202104,강원도,정선군,12,18
202104,강원도,정선군,13,23
202104,강원도,정선군,14,21
202104,강원도,정선군,15,15
202104,강원도,정선군,16,18
202104,강원도,정선군,17,15
202104,강원도,정선군,18,18
202104,강원도,정선군,19,14
202104,강원도,정선군,20,11
202104,강원도,정선군,21,5
202104,강원도,정선군,22,8
202104,강원도,정선군,23,5
202104,강원도,정선군,24,1
202104,강원도,정선군,25,2
202104,강원도,정선군,26,2
202104,강원도,정선군,27,2
202104,강원도,정선군,28,1
202104,강원도,정선군,30,2
202104,강원도,정선군,31,4
202104,강원도,정선군,32,4
202104,강원도,정선군,33,5
202104,강원도,정선군,34,8
202104,강원도,정선군,35,3
202104,강원도,정선군,36,7
202104,강원도,정선군,37,6
202104,강원도,정선군,38,9
202104,강원도,정선군,39,5
202104,강원도,정선군,40,3
202104,강원도,정선군,41,9
202104,강원도,정선군,42,10
202104,강원도,정선군,43,15
202104,강원도,정선군,44,10
202104,강원도,정선군,45,14
202104,강원도,정선군,46,16
202104,강원도,정선군,47,15
202104,강원도,정선군,48,16
202104,강원도,정선군,49,20
202104,강원도,정선군,50,22
202104,강원도,정선군,51,22
202104,강원도,정선군,52,25
202104,강원도,정선군,53,18
202104,강원도,정선군,54,24
202104,강원도,정선군,55,12
202104,강원도,정선군,56,20
202104,강원도,정선군,57,25
202104,강원도,정선군,58,19
202104,강원도,정선군,59,24
202104,강원도,정선군,60,31
202104,강원도,정선군,61,38
202104,강원도,정선군,62,26
202104,강원도,정선군,63,37
202104,강원도,정선군,64,25
202104,강원도,정선군,65,32
202104,강원도,정선군,66,42
202104,강원도,정선군,67,32
202104,강원도,정선군,68,41
202104,강원도,정선군,69,32
202104,강원도,정선군,70,24
202104,강원도,정선군,71,30
202104,강원도,정선군,72,33
202104,강원도,정선군,73,32
202104,강원도,정선군,74,30
202104,강원도,정선군,75,30
202104,강원도,정선군,76,35
202104,강원도,정선군,77,29
202104,강원도,정선군,78,38
202104,강원도,정선군,79,37
202104,강원도,정선군,80,37
202104,강원도,정선군,81,38
202104,강원도,정선군,82,40
202104,강원도,정선군,83,25
202104,강원도,정선군,84,25
202104,강원도,정선군,85,23
202104,강원도,정선군,86,15
202104,강원도,정선군,87,22
202104,강원도,정선군,88,20
202104,강원도,정선군,89,10
202104,강원도,정선군,90,5
202104,강원도,정선군,91,15
202104,강원도,정선군,92,6
202104,강원도,정선군,93,8
202104,강원도,정선군,94,5
202104,강원도,정선군,95,4
202104,강원도,정선군,96,3
202104,강원도,정선군,97,2
202104,강원도,정선군,98,1
202104,강원도,정선군,102,1
202104,강원도,정선군,104,1
202104,강원도,철원군,0,2
202104,강원도,철원군,2,5
202104,강원도,철원군,3,3
202104,강원도,철원군,4,7
202104,강원도,철원군,5,4
202104,강원도,철원군,6,11
202104,강원도,철원군,7,11
202104,강원도,철원군,8,17
202104,강원도,철원군,9,15
202104,강원도,철원군,10,15
202104,강원도,철원군,11,23
202104,강원도,철원군,12,23
202104,강원도,철원군,13,28
202104,강원도,철원군,14,21
202104,강원도,철원군,15,27
202104,강원도,철원군,16,34
202104,강원도,철원군,17,29
202104,강원도,철원군,18,26
202104,강원도,철원군,19,26
202104,강원도,철원군,20,23
202104,강원도,철원군,21,16
202104,강원도,철원군,22,19
202104,강원도,철원군,23,7
202104,강원도,철원군,24,10
202104,강원도,철원군,25,5
202104,강원도,철원군,26,4
202104,강원도,철원군,27,4
202104,강원도,철원군,28,5
202104,강원도,철원군,29,3
202104,강원도,철원군,30,3
202104,강원도,철원군,31,6
202104,강원도,철원군,32,3
202104,강원도,철원군,33,6
202104,강원도,철원군,34,4
202104,강원도,철원군,35,5
202104,강원도,철원군,36,5
202104,강원도,철원군,37,7
202104,강원도,철원군,38,4
202104,강원도,철원군,39,8
202104,강원도,철원군,40,9
202104,강원도,철원군,41,13
202104,강원도,철원군,42,6
202104,강원도,철원군,43,7
202104,강원도,철원군,44,12
202104,강원도,철원군,45,14
202104,강원도,철원군,46,15
202104,강원도,철원군,47,20
202104,강원도,철원군,48,13
202104,강원도,철원군,49,27
202104,강원도,철원군,50,21
202104,강원도,철원군,51,20
202104,강원도,철원군,52,24
202104,강원도,철원군,53,25
202104,강원도,철원군,54,31
202104,강원도,철원군,55,30
202104,강원도,철원군,56,37
202104,강원도,철원군,57,27
202104,강원도,철원군,58,33
202104,강원도,철원군,59,34
202104,강원도,철원군,60,45
202104,강원도,철원군,61,36
202104,강원도,철원군,62,40
202104,강원도,철원군,63,40
202104,강원도,철원군,64,36
202104,강원도,철원군,65,38
202104,강원도,철원군,66,52
202104,강원도,철원군,67,31
202104,강원도,철원군,68,28
202104,강원도,철원군,69,26
202104,강원도,철원군,70,38
202104,강원도,철원군,71,32
202104,강원도,철원군,72,27
202104,강원도,철원군,73,40
202104,강원도,철원군,74,35
202104,강원도,철원군,75,29
202104,강원도,철원군,76,47
202104,강원도,철원군,77,40
202104,강원도,철원군,78,57
202104,강원도,철원군,79,54
202104,강원도,철원군,80,49
202104,강원도,철원군,81,37
202104,강원도,철원군,82,52
202104,강원도,철원군,83,40
202104,강원도,철원군,84,27
202104,강원도,철원군,85,32
202104,강원도,철원군,86,24
202104,강원도,철원군,87,26
202104,강원도,철원군,88,19
202104,강원도,철원군,89,14
202104,강원도,철원군,90,11
202104,강원도,철원군,91,14
202104,강원도,철원군,92,9
202104,강원도,철원군,93,4
202104,강원도,철원군,94,4
202104,강원도,철원군,95,5
202104,강원도,철원군,96,1
202104,강원도,철원군,97,2
202104,강원도,철원군,98,1
202104,강원도,철원군,99,1
202104,강원도,철원군,100,1
202104,강원도,화천군,3,1
202104,강원도,화천군,4,2
202104,강원도,화천군,5,3
202104,강원도,화천군,6,8
202104,강원도,화천군,7,2
202104,강원도,화천군,8,5
202104,강원도,화천군,9,9
202104,강원도,화천군,10,10
202104,강원도,화천군,11,5
202104,강원도,화천군,12,6
202104,강원도,화천군,13,9
202104,강원도,화천군,14,9
202104,강원도,화천군,15,8
202104,강원도,화천군,16,13
202104,강원도,화천군,17,9
202104,강원도,화천군,18,10
202104,강원도,화천군,19,8
202104,강원도,화천군,20,11
202104,강원도,화천군,21,10
202104,강원도,화천군,22,8
202104,강원도,화천군,23,7
202104,강원도,화천군,24,3
202104,강원도,화천군,25,1
202104,강원도,화천군,26,1
202104,강원도,화천군,27,2
202104,강원도,화천군,28,1
202104,강원도,화천군,30,1
202104,강원도,화천군,31,2
202104,강원도,화천군,32,1
202104,강원도,화천군,34,3
202104,강원도,화천군,35,3
202104,강원도,화천군,36,2
202104,강원도,화천군,37,7
202104,강원도,화천군,38,3
202104,강원도,화천군,39,3
202104,강원도,화천군,40,1
202104,강원도,화천군,41,5
202104,강원도,화천군,43,5
202104,강원도,화천군,44,7
202104,강원도,화천군,45,6
202104,강원도,화천군,46,13
202104,강원도,화천군,47,11
202104,강원도,화천군,48,13
202104,강원도,화천군,49,16
202104,강원도,화천군,50,7
202104,강원도,화천군,51,13
202104,강원도,화천군,52,12
202104,강원도,화천군,53,11
202104,강원도,화천군,54,13
202104,강원도,화천군,55,10
202104,강원도,화천군,56,14
202104,강원도,화천군,57,14
202104,강원도,화천군,58,21
202104,강원도,화천군,59,20
202104,강원도,화천군,60,30
202104,강원도,화천군,61,17
202104,강원도,화천군,62,23
202104,강원도,화천군,63,10
202104,강원도,화천군,64,20
202104,강원도,화천군,65,16
202104,강원도,화천군,66,22
202104,강원도,화천군,67,22
202104,강원도,화천군,68,11
202104,강원도,화천군,69,9
202104,강원도,화천군,70,6
202104,강원도,화천군,71,16
202104,강원도,화천군,72,15
202104,강원도,화천군,73,28
202104,강원도,화천군,74,16
202104,강원도,화천군,75,13
202104,강원도,화천군,76,11
202104,강원도,화천군,77,22
202104,강원도,화천군,78,35
202104,강원도,화천군,79,34
202104,강원도,화천군,80,30
202104,강원도,화천군,81,30
202104,강원도,화천군,82,42
202104,강원도,화천군,83,40
202104,강원도,화천군,84,30
202104,강원도,화천군,85,17
202104,강원도,화천군,86,19
202104,강원도,화천군,87,23
202104,강원도,화천군,88,11
202104,강원도,화천군,89,9
202104,강원도,화천군,90,10
202104,강원도,화천군,91,10
202104,강원도,화천군,92,6
202104,강원도,화천군,93,8
202104,강원도,화천군,94,1
202104,강원도,화천군,96,1
202104,강원도,화천군,97,4
202104,강원도,화천군,98,1
202104,강원도,화천군,100,1
202104,강원도,화천군,101,1
202104,강원도,화천군,107,1
202104,강원도,양구군,0,2
202104,강원도,양구군,1,1
202104,강원도,양구군,2,1
202104,강원도,양구군,3,2
202104,강원도,양구군,4,1
202104,강원도,양구군,5,2
202104,강원도,양구군,6,3
202104,강원도,양구군,7,8
202104,강원도,양구군,8,11
202104,강원도,양구군,9,17
202104,강원도,양구군,10,9
202104,강원도,양구군,11,13
202104,강원도,양구군,12,9
202104,강원도,양구군,13,21
202104,강원도,양구군,14,12
202104,강원도,양구군,15,12
202104,강원도,양구군,16,17
202104,강원도,양구군,17,12
202104,강원도,양구군,18,11
202104,강원도,양구군,19,9
202104,강원도,양구군,20,12
202104,강원도,양구군,21,4
202104,강원도,양구군,22,12
202104,강원도,양구군,23,3
202104,강원도,양구군,24,4
202104,강원도,양구군,25,3
202104,강원도,양구군,26,2
202104,강원도,양구군,27,3
202104,강원도,양구군,28,2
202104,강원도,양구군,31,2
202104,강원도,양구군,33,3
202104,강원도,양구군,34,3
202104,강원도,양구군,35,3
202104,강원도,양구군,36,3
202104,강원도,양구군,37,1
202104,강원도,양구군,38,7
202104,강원도,양구군,39,5
202104,강원도,양구군,40,6
202104,강원도,양구군,41,3
202104,강원도,양구군,42,9
202104,강원도,양구군,43,4
202104,강원도,양구군,44,5
202104,강원도,양구군,45,4
202104,강원도,양구군,46,5
202104,강원도,양구군,47,8
202104,강원도,양구군,48,10
202104,강원도,양구군,49,10
202104,강원도,양구군,50,15
202104,강원도,양구군,51,10
202104,강원도,양구군,52,12
202104,강원도,양구군,53,19
202104,강원도,양구군,54,13
202104,강원도,양구군,55,15
202104,강원도,양구군,56,12
202104,강원도,양구군,57,30
202104,강원도,양구군,58,32
202104,강원도,양구군,59,22
202104,강원도,양구군,60,29
202104,강원도,양구군,61,26
202104,강원도,양구군,62,30
202104,강원도,양구군,63,20
202104,강원도,양구군,64,24
202104,강원도,양구군,65,22
202104,강원도,양구군,66,24
202104,강원도,양구군,67,23
202104,강원도,양구군,68,21
202104,강원도,양구군,69,16
202104,강원도,양구군,70,20
202104,강원도,양구군,71,14
202104,강원도,양구군,72,17
202104,강원도,양구군,73,19
202104,강원도,양구군,74,19
202104,강원도,양구군,75,14
202104,강원도,양구군,76,16
202104,강원도,양구군,77,22
202104,강원도,양구군,78,16
202104,강원도,양구군,79,30
202104,강원도,양구군,80,20
202104,강원도,양구군,81,24
202104,강원도,양구군,82,13
202104,강원도,양구군,83,28
202104,강원도,양구군,84,18
202104,강원도,양구군,85,19
202104,강원도,양구군,86,9
202104,강원도,양구군,87,8
202104,강원도,양구군,88,9
202104,강원도,양구군,89,2
202104,강원도,양구군,90,9
202104,강원도,양구군,91,1
202104,강원도,양구군,92,5
202104,강원도,양구군,93,5
202104,강원도,양구군,94,4
202104,강원도,양구군,96,1
202104,강원도,인제군,0,1
202104,강원도,인제군,1,1
202104,강원도,인제군,2,4
202104,강원도,인제군,3,4
202104,강원도,인제군,4,4
202104,강원도,인제군,5,6
202104,강원도,인제군,6,2
202104,강원도,인제군,7,7
202104,강원도,인제군,8,15
202104,강원도,인제군,9,9
202104,강원도,인제군,10,18
202104,강원도,인제군,11,8
202104,강원도,인제군,12,8
202104,강원도,인제군,13,10
202104,강원도,인제군,14,11
202104,강원도,인제군,15,16
202104,강원도,인제군,16,8
202104,강원도,인제군,17,14
202104,강원도,인제군,18,7
202104,강원도,인제군,19,8
202104,강원도,인제군,20,7
202104,강원도,인제군,21,10
202104,강원도,인제군,22,5
202104,강원도,인제군,23,4
202104,강원도,인제군,24,1
202104,강원도,인제군,25,4
202104,강원도,인제군,26,8
202104,강원도,인제군,27,2
202104,강원도,인제군,28,2
202104,강원도,인제군,29,1
202104,강원도,인제군,30,1
202104,강원도,인제군,31,3
202104,강원도,인제군,32,5
202104,강원도,인제군,33,2
202104,강원도,인제군,34,1
202104,강원도,인제군,35,8
202104,강원도,인제군,36,1
202104,강원도,인제군,37,4
202104,강원도,인제군,38,5
202104,강원도,인제군,39,7
202104,강원도,인제군,40,2
202104,강원도,인제군,41,6
202104,강원도,인제군,42,9
202104,강원도,인제군,43,11
202104,강원도,인제군,44,5
202104,강원도,인제군,45,7
202104,강원도,인제군,46,8
202104,강원도,인제군,47,14
202104,강원도,인제군,48,13
202104,강원도,인제군,49,9
202104,강원도,인제군,50,16
202104,강원도,인제군,51,12
202104,강원도,인제군,52,8
202104,강원도,인제군,53,14
202104,강원도,인제군,54,17
202104,강원도,인제군,55,18
202104,강원도,인제군,56,10
202104,강원도,인제군,57,12
202104,강원도,인제군,58,18
202104,강원도,인제군,59,24
202104,강원도,인제군,60,27
202104,강원도,인제군,61,15
202104,강원도,인제군,62,16
202104,강원도,인제군,63,20
202104,강원도,인제군,64,15
202104,강원도,인제군,65,20
202104,강원도,인제군,66,23
202104,강원도,인제군,67,22
202104,강원도,인제군,68,22
202104,강원도,인제군,69,13
202104,강원도,인제군,70,16
202104,강원도,인제군,71,21
202104,강원도,인제군,72,22
202104,강원도,인제군,73,18
202104,강원도,인제군,74,21
202104,강원도,인제군,75,13
202104,강원도,인제군,76,17
202104,강원도,인제군,77,17
202104,강원도,인제군,78,31
202104,강원도,인제군,79,32
202104,강원도,인제군,80,19
202104,강원도,인제군,81,31
202104,강원도,인제군,82,22
202104,강원도,인제군,83,27
202104,강원도,인제군,84,21
202104,강원도,인제군,85,21
202104,강원도,인제군,86,21
202104,강원도,인제군,87,13
202104,강원도,인제군,88,18
202104,강원도,인제군,89,12
202104,강원도,인제군,90,9
202104,강원도,인제군,91,8
202104,강원도,인제군,92,12
202104,강원도,인제군,93,6
202104,강원도,인제군,94,6
202104,강원도,인제군,95,3
202104,강원도,인제군,96,4
202104,강원도,인제군,97,1
202104,강원도,인제군,98,1
202104,강원도,고성군,0,1
202104,강원도,고성군,1,2
202104,강원도,고성군,2,1
202104,강원도,고성군,3,1
202104,강원도,고성군,4,2
202104,강원도,고성군,5,2
202104,강원도,고성군,6,2
202104,강원도,고성군,7,8
202104,강원도,고성군,8,9
202104,강원도,고성군,9,10
202104,강원도,고성군,10,11
202104,강원도,고성군,11,10
202104,강원도,고성군,12,11
202104,강원도,고성군,13,15
202104,강원도,고성군,14,20
202104,강원도,고성군,15,18
202104,강원도,고성군,16,13
202104,강원도,고성군,17,19
202104,강원도,고성군,18,11
202104,강원도,고성군,19,13
202104,강원도,고성군,20,16
202104,강원도,고성군,21,8
202104,강원도,고성군,22,10
202104,강원도,고성군,23,8
202104,강원도,고성군,24,4
202104,강원도,고성군,25,3
202104,강원도,고성군,26,2
202104,강원도,고성군,27,1
202104,강원도,고성군,28,5
202104,강원도,고성군,29,4
202104,강원도,고성군,30,4
202104,강원도,고성군,31,2
202104,강원도,고성군,32,1
202104,강원도,고성군,33,3
202104,강원도,고성군,34,2
202104,강원도,고성군,35,6
202104,강원도,고성군,36,4
202104,강원도,고성군,37,5
202104,강원도,고성군,38,12
202104,강원도,고성군,39,7
202104,강원도,고성군,40,8
202104,강원도,고성군,41,7
202104,강원도,고성군,42,6
202104,강원도,고성군,43,4
202104,강원도,고성군,44,10
202104,강원도,고성군,45,7
202104,강원도,고성군,46,10
202104,강원도,고성군,47,10
202104,강원도,고성군,48,14
202104,강원도,고성군,49,21
202104,강원도,고성군,50,22
202104,강원도,고성군,51,18
202104,강원도,고성군,52,14
202104,강원도,고성군,53,22
202104,강원도,고성군,54,19
202104,강원도,고성군,55,13
202104,강원도,고성군,56,21
202104,강원도,고성군,57,21
202104,강원도,고성군,58,26
202104,강원도,고성군,59,16
202104,강원도,고성군,60,30
202104,강원도,고성군,61,30
202104,강원도,고성군,62,24
202104,강원도,고성군,63,20
202104,강원도,고성군,64,36
202104,강원도,고성군,65,38
202104,강원도,고성군,66,28
202104,강원도,고성군,67,22
202104,강원도,고성군,68,21
202104,강원도,고성군,69,26
202104,강원도,고성군,70,20
202104,강원도,고성군,71,23
202104,강원도,고성군,72,21
202104,강원도,고성군,73,21
202104,강원도,고성군,74,23
202104,강원도,고성군,75,25
202104,강원도,고성군,76,29
202104,강원도,고성군,77,25
202104,강원도,고성군,78,32
202104,강원도,고성군,79,32
202104,강원도,고성군,80,34
202104,강원도,고성군,81,30
202104,강원도,고성군,82,26
202104,강원도,고성군,83,20
202104,강원도,고성군,84,23
202104,강원도,고성군,85,21
202104,강원도,고성군,86,18
202104,강원도,고성군,87,20
202104,강원도,고성군,88,17
202104,강원도,고성군,89,9
202104,강원도,고성군,90,10
202104,강원도,고성군,91,7
202104,강원도,고성군,92,8
202104,강원도,고성군,93,12
202104,강원도,고성군,94,7
202104,강원도,고성군,95,5
202104,강원도,고성군,96,2
202104,강원도,고성군,97,4
202104,강원도,고성군,98,2
202104,강원도,고성군,101,1
202104,강원도,고성군,102,1
202104,강원도,고성군,106,1
202104,강원도,양양군,0,2
202104,강원도,양양군,1,1
202104,강원도,양양군,2,1
202104,강원도,양양군,3,2
202104,강원도,양양군,4,4
202104,강원도,양양군,5,1
202104,강원도,양양군,6,10
202104,강원도,양양군,7,7
202104,강원도,양양군,8,10
202104,강원도,양양군,9,6
202104,강원도,양양군,10,12
202104,강원도,양양군,11,10
202104,강원도,양양군,12,6
202104,강원도,양양군,13,15
202104,강원도,양양군,14,19
202104,강원도,양양군,15,16
202104,강원도,양양군,16,20
202104,강원도,양양군,17,20
202104,강원도,양양군,18,16
202104,강원도,양양군,19,11
202104,강원도,양양군,20,16
202104,강원도,양양군,21,13
202104,강원도,양양군,22,12
202104,강원도,양양군,23,7
202104,강원도,양양군,24,7
202104,강원도,양양군,25,3
202104,강원도,양양군,26,1
202104,강원도,양양군,27,3
202104,강원도,양양군,29,1
202104,강원도,양양군,30,3
202104,강원도,양양군,31,2
202104,강원도,양양군,33,2
202104,강원도,양양군,34,2
202104,강원도,양양군,35,6
202104,강원도,양양군,36,2
202104,강원도,양양군,37,4
202104,강원도,양양군,38,8
202104,강원도,양양군,39,4
202104,강원도,양양군,40,9
202104,강원도,양양군,41,7
202104,강원도,양양군,42,7
202104,강원도,양양군,43,11
202104,강원도,양양군,44,5
202104,강원도,양양군,45,8
202104,강원도,양양군,46,7
202104,강원도,양양군,47,12
202104,강원도,양양군,48,15
202104,강원도,양양군,49,15
202104,강원도,양양군,50,16
202104,강원도,양양군,51,18
202104,강원도,양양군,52,17
202104,강원도,양양군,53,15
202104,강원도,양양군,54,30
202104,강원도,양양군,55,31
202104,강원도,양양군,56,21
202104,강원도,양양군,57,22
202104,강원도,양양군,58,33
202104,강원도,양양군,59,22
202104,강원도,양양군,60,25
202104,강원도,양양군,61,20
202104,강원도,양양군,62,36
202104,강원도,양양군,63,39
202104,강원도,양양군,64,37
202104,강원도,양양군,65,29
202104,강원도,양양군,66,40
202104,강원도,양양군,67,24
202104,강원도,양양군,68,34
202104,강원도,양양군,69,19
202104,강원도,양양군,70,28
202104,강원도,양양군,71,30
202104,강원도,양양군,72,26
202104,강원도,양양군,73,36
202104,강원도,양양군,74,29
202104,강원도,양양군,75,23
202104,강원도,양양군,76,28
202104,강원도,양양군,77,37
202104,강원도,양양군,78,36
202104,강원도,양양군,79,37
202104,강원도,양양군,80,28
202104,강원도,양양군,81,26
202104,강원도,양양군,82,27
202104,강원도,양양군,83,20
202104,강원도,양양군,84,20
202104,강원도,양양군,85,27
202104,강원도,양양군,86,17
202104,강원도,양양군,87,12
202104,강원도,양양군,88,12
202104,강원도,양양군,89,10
202104,강원도,양양군,90,7
202104,강원도,양양군,91,5
202104,강원도,양양군,92,16
202104,강원도,양양군,93,9
202104,강원도,양양군,94,10
202104,강원도,양양군,95,6
202104,강원도,양양군,96,3
202104,강원도,양양군,97,2
202104,강원도,양양군,101,1
202104,충청북도,청주시,0,50
202104,충청북도,청주시,1,86
202104,충청북도,청주시,2,133
202104,충청북도,청주시,3,163
202104,충청북도,청주시,4,147
202104,충청북도,청주시,5,183
202104,충청북도,청주시,6,231
202104,충청북도,청주시,7,311
202104,충청북도,청주시,8,394
202104,충청북도,청주시,9,417
202104,충청북도,청주시,10,419
202104,충청북도,청주시,11,463
202104,충청북도,청주시,12,432
202104,충청북도,청주시,13,510
202104,충청북도,청주시,14,488
202104,충청북도,청주시,15,498
202104,충청북도,청주시,16,506
202104,충청북도,청주시,17,563
202104,충청북도,청주시,18,446
202104,충청북도,청주시,19,381
202104,충청북도,청주시,20,324
202104,충청북도,청주시,21,285
202104,충청북도,청주시,22,231
202104,충청북도,청주시,23,228
202104,충청북도,청주시,24,203
202104,충청북도,청주시,25,152
202104,충청북도,청주시,26,129
202104,충청북도,청주시,27,124
202104,충청북도,청주시,28,100
202104,충청북도,청주시,29,94
202104,충청북도,청주시,30,140
202104,충청북도,청주시,31,133
202104,충청북도,청주시,32,110
202104,충청북도,청주시,33,185
202104,충청북도,청주시,34,156
202104,충청북도,청주시,35,171
202104,충청북도,청주시,36,189
202104,충청북도,청주시,37,202
202104,충청북도,청주시,38,250
202104,충청북도,청주시,39,278
202104,충청북도,청주시,40,277
202104,충청북도,청주시,41,311
202104,충청북도,청주시,42,269
202104,충청북도,청주시,43,310
202104,충청북도,청주시,44,305
202104,충청북도,청주시,45,328
202104,충청북도,청주시,46,336
202104,충청북도,청주시,47,370
202104,충청북도,청주시,48,424
202104,충청북도,청주시,49,389
202104,충청북도,청주시,50,446
202104,충청북도,청주시,51,427
202104,충청북도,청주시,52,479
202104,충청북도,청주시,53,445
202104,충청북도,청주시,54,415
202104,충청북도,청주시,55,418
202104,충청북도,청주시,56,426
202104,충청북도,청주시,57,418
202104,충청북도,청주시,58,469
202104,충청북도,청주시,59,467
202104,충청북도,청주시,60,547
202104,충청북도,청주시,61,451
202104,충청북도,청주시,62,529
202104,충청북도,청주시,63,536
202104,충청북도,청주시,64,508
202104,충청북도,청주시,65,489
202104,충청북도,청주시,66,539
202104,충청북도,청주시,67,444
202104,충청북도,청주시,68,494
202104,충청북도,청주시,69,453
202104,충청북도,청주시,70,341
202104,충청북도,청주시,71,391
202104,충청북도,청주시,72,398
202104,충청북도,청주시,73,422
202104,충청북도,청주시,74,411
202104,충청북도,청주시,75,324
202104,충청북도,청주시,76,355
202104,충청북도,청주시,77,383
202104,충청북도,청주시,78,555
202104,충청북도,청주시,79,453
202104,충청북도,청주시,80,355
202104,충청북도,청주시,81,376
202104,충청북도,청주시,82,356
202104,충청북도,청주시,83,349
202104,충청북도,청주시,84,344
202104,충청북도,청주시,85,313
202104,충청북도,청주시,86,277
202104,충청북도,청주시,87,197
202104,충청북도,청주시,88,173
202104,충청북도,청주시,89,142
202104,충청북도,청주시,90,122
202104,충청북도,청주시,91,86
202104,충청북도,청주시,92,85
202104,충청북도,청주시,93,49
202104,충청북도,청주시,94,41
202104,충청북도,청주시,95,20
202104,충청북도,청주시,96,32
202104,충청북도,청주시,97,12
202104,충청북도,청주시,98,13
202104,충청북도,청주시,99,4
202104,충청북도,청주시,100,8
202104,충청북도,청주시,101,1
202104,충청북도,청주시,102,1
202104,충청북도,청주시,107,1
202104,충청북도,청주시,108,1
202104,충청북도,충주시,0,15
202104,충청북도,충주시,1,25
202104,충청북도,충주시,2,25
202104,충청북도,충주시,3,32
202104,충청북도,충주시,4,33
202104,충청북도,충주시,5,55
202104,충청북도,충주시,6,60
202104,충청북도,충주시,7,87
202104,충청북도,충주시,8,100
202104,충청북도,충주시,9,95
202104,충청북도,충주시,10,121
202104,충청북도,충주시,11,109
202104,충청북도,충주시,12,121
202104,충청북도,충주시,13,155
202104,충청북도,충주시,14,143
202104,충청북도,충주시,15,163
202104,충청북도,충주시,16,168
202104,충청북도,충주시,17,164
202104,충청북도,충주시,18,134
202104,충청북도,충주시,19,106
202104,충청북도,충주시,20,97
202104,충청북도,충주시,21,74
202104,충청북도,충주시,22,82
202104,충청북도,충주시,23,71
202104,충청북도,충주시,24,59
202104,충청북도,충주시,25,50
202104,충청북도,충주시,26,45
202104,충청북도,충주시,27,42
202104,충청북도,충주시,28,30
202104,충청북도,충주시,29,25
202104,충청북도,충주시,30,29
202104,충청북도,충주시,31,26
202104,충청북도,충주시,32,28
202104,충청북도,충주시,33,47
202104,충청북도,충주시,34,43
202104,충청북도,충주시,35,43
202104,충청북도,충주시,36,42
202104,충청북도,충주시,37,53
202104,충청북도,충주시,38,59
202104,충청북도,충주시,39,78
202104,충청북도,충주시,40,81
202104,충청북도,충주시,41,78
202104,충청북도,충주시,42,72
202104,충청북도,충주시,43,101
202104,충청북도,충주시,44,87
202104,충청북도,충주시,45,99
202104,충청북도,충주시,46,107
202104,충청북도,충주시,47,105
202104,충청북도,충주시,48,109
202104,충청북도,충주시,49,126
202104,충청북도,충주시,50,143
202104,충청북도,충주시,51,136
202104,충청북도,충주시,52,157
202104,충청북도,충주시,53,140
202104,충청북도,충주시,54,165
202104,충청북도,충주시,55,142
202104,충청북도,충주시,56,155
202104,충청북도,충주시,57,118
202104,충청북도,충주시,58,175
202104,충청북도,충주시,59,181
202104,충청북도,충주시,60,212
202104,충청북도,충주시,61,172
202104,충청북도,충주시,62,168
202104,충청북도,충주시,63,182
202104,충청북도,충주시,64,185
202104,충청북도,충주시,65,187
202104,충청북도,충주시,66,191
202104,충청북도,충주시,67,173
202104,충청북도,충주시,68,180
202104,충청북도,충주시,69,164
202104,충청북도,충주시,70,140
202104,충청북도,충주시,71,116
202104,충청북도,충주시,72,125
202104,충청북도,충주시,73,148
202104,충청북도,충주시,74,150
202104,충청북도,충주시,75,110
202104,충청북도,충주시,76,145
202104,충청북도,충주시,77,127
202104,충청북도,충주시,78,197
202104,충청북도,충주시,79,204
202104,충청북도,충주시,80,139
202104,충청북도,충주시,81,179
202104,충청북도,충주시,82,157
202104,충청북도,충주시,83,113
202104,충청북도,충주시,84,120
202104,충청북도,충주시,85,97
202104,충청북도,충주시,86,111
202104,충청북도,충주시,87,88
202104,충청북도,충주시,88,66
202104,충청북도,충주시,89,45
202104,충청북도,충주시,90,32
202104,충청북도,충주시,91,30
202104,충청북도,충주시,92,28
202104,충청북도,충주시,93,11
202104,충청북도,충주시,94,10
202104,충청북도,충주시,95,14
202104,충청북도,충주시,96,2
202104,충청북도,충주시,97,9
202104,충청북도,충주시,98,9
202104,충청북도,충주시,99,1
202104,충청북도,충주시,100,2
202104,충청북도,충주시,106,1
202104,충청북도,충주시,107,1
202104,충청북도,제천시,0,9
202104,충청북도,제천시,1,19
202104,충청북도,제천시,2,20
202104,충청북도,제천시,3,23
202104,충청북도,제천시,4,28
202104,충청북도,제천시,5,35
202104,충청북도,제천시,6,55
202104,충청북도,제천시,7,76
202104,충청북도,제천시,8,77
202104,충청북도,제천시,9,94
202104,충청북도,제천시,10,89
202104,충청북도,제천시,11,72
202104,충청북도,제천시,12,92
202104,충청북도,제천시,13,96
202104,충청북도,제천시,14,99
202104,충청북도,제천시,15,114
202104,충청북도,제천시,16,95
202104,충청북도,제천시,17,103
202104,충청북도,제천시,18,99
202104,충청북도,제천시,19,81
202104,충청북도,제천시,20,78
202104,충청북도,제천시,21,68
202104,충청북도,제천시,22,64
202104,충청북도,제천시,23,45
202104,충청북도,제천시,24,44
202104,충청북도,제천시,25,38
202104,충청북도,제천시,26,35
202104,충청북도,제천시,27,27
202104,충청북도,제천시,28,18
202104,충청북도,제천시,29,26
202104,충청북도,제천시,30,27
202104,충청북도,제천시,31,21
202104,충청북도,제천시,32,28
202104,충청북도,제천시,33,18
202104,충청북도,제천시,34,26
202104,충청북도,제천시,35,29
202104,충청북도,제천시,36,44
202104,충청북도,제천시,37,40
202104,충청북도,제천시,38,36
202104,충청북도,제천시,39,66
202104,충청북도,제천시,40,71
202104,충청북도,제천시,41,59
202104,충청북도,제천시,42,55
202104,충청북도,제천시,43,53
202104,충청북도,제천시,44,66
202104,충청북도,제천시,45,77
202104,충청북도,제천시,46,80
202104,충청북도,제천시,47,92
202104,충청북도,제천시,48,90
202104,충청북도,제천시,49,92
202104,충청북도,제천시,50,103
202104,충청북도,제천시,51,105
202104,충청북도,제천시,52,118
202104,충청북도,제천시,53,135
202104,충청북도,제천시,54,115
202104,충청북도,제천시,55,112
202104,충청북도,제천시,56,110
202104,충청북도,제천시,57,101
202104,충청북도,제천시,58,137
202104,충청북도,제천시,59,145
202104,충청북도,제천시,60,157
202104,충청북도,제천시,61,162
202104,충청북도,제천시,62,132
202104,충청북도,제천시,63,160
202104,충청북도,제천시,64,159
202104,충청북도,제천시,65,130
202104,충청북도,제천시,66,178
202104,충청북도,제천시,67,136
202104,충청북도,제천시,68,148
202104,충청북도,제천시,69,121
202104,충청북도,제천시,70,115
202104,충청북도,제천시,71,130
202104,충청북도,제천시,72,123
202104,충청북도,제천시,73,149
202104,충청북도,제천시,74,120
202104,충청북도,제천시,75,123
202104,충청북도,제천시,76,159
202104,충청북도,제천시,77,180
202104,충청북도,제천시,78,165
202104,충청북도,제천시,79,160
202104,충청북도,제천시,80,154
202104,충청북도,제천시,81,146
202104,충청북도,제천시,82,136
202104,충청북도,제천시,83,141
202104,충청북도,제천시,84,127
202104,충청북도,제천시,85,109
202104,충청북도,제천시,86,115
202104,충청북도,제천시,87,72
202104,충청북도,제천시,88,62
202104,충청북도,제천시,89,50
202104,충청북도,제천시,90,41
202104,충청북도,제천시,91,36
202104,충청북도,제천시,92,21
202104,충청북도,제천시,93,19
202104,충청북도,제천시,94,14
202104,충청북도,제천시,95,11
202104,충청북도,제천시,96,5
202104,충청북도,제천시,97,7
202104,충청북도,제천시,98,7
202104,충청북도,제천시,99,7
202104,충청북도,제천시,100,2
202104,충청북도,제천시,101,2
202104,충청북도,보은군,0,1
202104,충청북도,보은군,1,1
202104,충청북도,보은군,2,1
202104,충청북도,보은군,3,2
202104,충청북도,보은군,4,3
202104,충청북도,보은군,5,7
202104,충청북도,보은군,6,10
202104,충청북도,보은군,7,9
202104,충청북도,보은군,8,13
202104,충청북도,보은군,9,21
202104,충청북도,보은군,10,14
202104,충청북도,보은군,11,16
202104,충청북도,보은군,12,19
202104,충청북도,보은군,13,17
202104,충청북도,보은군,14,26
202104,충청북도,보은군,15,27
202104,충청북도,보은군,16,23
202104,충청북도,보은군,17,25
202104,충청북도,보은군,18,17
202104,충청북도,보은군,19,13
202104,충청북도,보은군,20,12
202104,충청북도,보은군,21,9
202104,충청북도,보은군,22,8
202104,충청북도,보은군,23,5
202104,충청북도,보은군,24,4
202104,충청북도,보은군,25,4
202104,충청북도,보은군,26,2
202104,충청북도,보은군,27,2
202104,충청북도,보은군,28,8
202104,충청북도,보은군,29,2
202104,충청북도,보은군,30,1
202104,충청북도,보은군,31,5
202104,충청북도,보은군,32,7
202104,충청북도,보은군,33,7
202104,충청북도,보은군,34,6
202104,충청북도,보은군,35,3
202104,충청북도,보은군,36,7
202104,충청북도,보은군,37,10
202104,충청북도,보은군,38,13
202104,충청북도,보은군,39,15
202104,충청북도,보은군,40,10
202104,충청북도,보은군,41,11
202104,충청북도,보은군,42,13
202104,충청북도,보은군,43,9
202104,충청북도,보은군,44,9
202104,충청북도,보은군,45,18
202104,충청북도,보은군,46,20
202104,충청북도,보은군,47,25
202104,충청북도,보은군,48,16
202104,충청북도,보은군,49,14
202104,충청북도,보은군,50,25
202104,충청북도,보은군,51,20
202104,충청북도,보은군,52,23
202104,충청북도,보은군,53,25
202104,충청북도,보은군,54,20
202104,충청북도,보은군,55,32
202104,충청북도,보은군,56,20
202104,충청북도,보은군,57,17
202104,충청북도,보은군,58,23
202104,충청북도,보은군,59,30
202104,충청북도,보은군,60,24
202104,충청북도,보은군,61,33
202104,충청북도,보은군,62,31
202104,충청북도,보은군,63,35
202104,충청북도,보은군,64,38
202104,충청북도,보은군,65,31
202104,충청북도,보은군,66,36
202104,충청북도,보은군,67,34
202104,충청북도,보은군,68,22
202104,충청북도,보은군,69,32
202104,충청북도,보은군,70,20
202104,충청북도,보은군,71,33
202104,충청북도,보은군,72,25
202104,충청북도,보은군,73,50
202104,충청북도,보은군,74,29
202104,충청북도,보은군,75,32
202104,충청북도,보은군,76,27
202104,충청북도,보은군,77,29
202104,충청북도,보은군,78,48
202104,충청북도,보은군,79,52
202104,충청북도,보은군,80,32
202104,충청북도,보은군,81,41
202104,충청북도,보은군,82,29
202104,충청북도,보은군,83,35
202104,충청북도,보은군,84,36
202104,충청북도,보은군,85,44
202104,충청북도,보은군,86,34
202104,충청북도,보은군,87,36
202104,충청북도,보은군,88,26
202104,충청북도,보은군,89,24
202104,충청북도,보은군,90,19
202104,충청북도,보은군,91,23
202104,충청북도,보은군,92,19
202104,충청북도,보은군,93,11
202104,충청북도,보은군,94,8
202104,충청북도,보은군,95,7
202104,충청북도,보은군,96,4
202104,충청북도,보은군,97,1
202104,충청북도,보은군,98,2
202104,충청북도,보은군,99,1
202104,충청북도,옥천군,0,4
202104,충청북도,옥천군,1,8
202104,충청북도,옥천군,2,6
202104,충청북도,옥천군,3,7
202104,충청북도,옥천군,4,5
202104,충청북도,옥천군,5,4
202104,충청북도,옥천군,6,11
202104,충청북도,옥천군,7,8
202104,충청북도,옥천군,8,22
202104,충청북도,옥천군,9,27
202104,충청북도,옥천군,10,30
202104,충청북도,옥천군,11,29
202104,충청북도,옥천군,12,25
202104,충청북도,옥천군,13,39
202104,충청북도,옥천군,14,27
202104,충청북도,옥천군,15,29
202104,충청북도,옥천군,16,32
202104,충청북도,옥천군,17,33
202104,충청북도,옥천군,18,17
202104,충청북도,옥천군,19,19
202104,충청북도,옥천군,20,18
202104,충청북도,옥천군,21,16
202104,충청북도,옥천군,22,18
202104,충청북도,옥천군,23,17
202104,충청북도,옥천군,24,8
202104,충청북도,옥천군,25,3
202104,충청북도,옥천군,26,7
202104,충청북도,옥천군,27,3
202104,충청북도,옥천군,28,3
202104,충청북도,옥천군,29,3
202104,충청북도,옥천군,30,4
202104,충청북도,옥천군,31,5
202104,충청북도,옥천군,32,6
202104,충청북도,옥천군,33,7
202104,충청북도,옥천군,34,13
202104,충청북도,옥천군,35,4
202104,충청북도,옥천군,36,12
202104,충청북도,옥천군,37,13
202104,충청북도,옥천군,38,11
202104,충청북도,옥천군,39,20
202104,충청북도,옥천군,40,15
202104,충청북도,옥천군,41,16
202104,충청북도,옥천군,42,13
202104,충청북도,옥천군,43,16
202104,충청북도,옥천군,44,18
202104,충청북도,옥천군,45,12
202104,충청북도,옥천군,46,20
202104,충청북도,옥천군,47,34
202104,충청북도,옥천군,48,28
202104,충청북도,옥천군,49,25
202104,충청북도,옥천군,50,21
202104,충청북도,옥천군,51,22
202104,충청북도,옥천군,52,36
202104,충청북도,옥천군,53,26
202104,충청북도,옥천군,54,36
202104,충청북도,옥천군,55,33
202104,충청북도,옥천군,56,22
202104,충청북도,옥천군,57,23
202104,충청북도,옥천군,58,31
202104,충청북도,옥천군,59,49
202104,충청북도,옥천군,60,54
202104,충청북도,옥천군,61,34
202104,충청북도,옥천군,62,45
202104,충청북도,옥천군,63,32
202104,충청북도,옥천군,64,32
202104,충청북도,옥천군,65,28
202104,충청북도,옥천군,66,30
202104,충청북도,옥천군,67,29
202104,충청북도,옥천군,68,45
202104,충청북도,옥천군,69,42
202104,충청북도,옥천군,70,31
202104,충청북도,옥천군,71,37
202104,충청북도,옥천군,72,39
202104,충청북도,옥천군,73,50
202104,충청북도,옥천군,74,43
202104,충청북도,옥천군,75,30
202104,충청북도,옥천군,76,38
202104,충청북도,옥천군,77,43
202104,충청북도,옥천군,78,60
202104,충청북도,옥천군,79,53
202104,충청북도,옥천군,80,52
202104,충청북도,옥천군,81,48
202104,충청북도,옥천군,82,57
202104,충청북도,옥천군,83,48
202104,충청북도,옥천군,84,55
202104,충청북도,옥천군,85,55
202104,충청북도,옥천군,86,56
202104,충청북도,옥천군,87,47
202104,충청북도,옥천군,88,34
202104,충청북도,옥천군,89,31
202104,충청북도,옥천군,90,27
202104,충청북도,옥천군,91,24
202104,충청북도,옥천군,92,14
202104,충청북도,옥천군,93,9
202104,충청북도,옥천군,94,12
202104,충청북도,옥천군,95,6
202104,충청북도,옥천군,96,4
202104,충청북도,옥천군,97,3
202104,충청북도,옥천군,101,1
202104,충청북도,영동군,0,4
202104,충청북도,영동군,1,3
202104,충청북도,영동군,2,5
202104,충청북도,영동군,3,5
202104,충청북도,영동군,4,10
202104,충청북도,영동군,5,9
202104,충청북도,영동군,6,12
202104,충청북도,영동군,7,15
202104,충청북도,영동군,8,20
202104,충청북도,영동군,9,30
202104,충청북도,영동군,10,12
202104,충청북도,영동군,11,22
202104,충청북도,영동군,12,24
202104,충청북도,영동군,13,31
202104,충청북도,영동군,14,17
202104,충청북도,영동군,15,27
202104,충청북도,영동군,16,28
202104,충청북도,영동군,17,33
202104,충청북도,영동군,18,23
202104,충청북도,영동군,19,25
202104,충청북도,영동군,20,15
202104,충청북도,영동군,21,17
202104,충청북도,영동군,22,14
202104,충청북도,영동군,23,8
202104,충청북도,영동군,24,7
202104,충청북도,영동군,25,7
202104,충청북도,영동군,26,14
202104,충청북도,영동군,27,4
202104,충청북도,영동군,28,4
202104,충청북도,영동군,29,6
202104,충청북도,영동군,30,5
202104,충청북도,영동군,31,5
202104,충청북도,영동군,32,5
202104,충청북도,영동군,33,9
202104,충청북도,영동군,34,9
202104,충청북도,영동군,35,14
202104,충청북도,영동군,36,6
202104,충청북도,영동군,37,11
202104,충청북도,영동군,38,6
202104,충청북도,영동군,39,14
202104,충청북도,영동군,40,13
202104,충청북도,영동군,41,8
202104,충청북도,영동군,42,15
202104,충청북도,영동군,43,20
202104,충청북도,영동군,44,9
202104,충청북도,영동군,45,25
202104,충청북도,영동군,46,25
202104,충청북도,영동군,47,22
202104,충청북도,영동군,48,20
202104,충청북도,영동군,49,30
202104,충청북도,영동군,50,30
202104,충청북도,영동군,51,38
202104,충청북도,영동군,52,41
202104,충청북도,영동군,53,25
202104,충청북도,영동군,54,33
202104,충청북도,영동군,55,38
202104,충청북도,영동군,56,32
202104,충청북도,영동군,57,29
202104,충청북도,영동군,58,48
202104,충청북도,영동군,59,29
202104,충청북도,영동군,60,48
202104,충청북도,영동군,61,46
202104,충청북도,영동군,62,48
202104,충청북도,영동군,63,49
202104,충청북도,영동군,64,43
202104,충청북도,영동군,65,46
202104,충청북도,영동군,66,48
202104,충청북도,영동군,67,38
202104,충청북도,영동군,68,40
202104,충청북도,영동군,69,35
202104,충청북도,영동군,70,36
202104,충청북도,영동군,71,33
202104,충청북도,영동군,72,38
202104,충청북도,영동군,73,38
202104,충청북도,영동군,74,47
202104,충청북도,영동군,75,32
202104,충청북도,영동군,76,42
202104,충청북도,영동군,77,43
202104,충청북도,영동군,78,57
202104,충청북도,영동군,79,60
202104,충청북도,영동군,80,38
202104,충청북도,영동군,81,41
202104,충청북도,영동군,82,52
202104,충청북도,영동군,83,56
202104,충청북도,영동군,84,38
202104,충청북도,영동군,85,41
202104,충청북도,영동군,86,34
202104,충청북도,영동군,87,27
202104,충청북도,영동군,88,26
202104,충청북도,영동군,89,21
202104,충청북도,영동군,90,16
202104,충청북도,영동군,91,21
202104,충청북도,영동군,92,11
202104,충청북도,영동군,93,14
202104,충청북도,영동군,94,8
202104,충청북도,영동군,95,6
202104,충청북도,영동군,96,5
202104,충청북도,영동군,97,1
202104,충청북도,영동군,98,1
202104,충청북도,영동군,99,4
202104,충청북도,영동군,101,1
202104,충청북도,증평군,0,1
202104,충청북도,증평군,1,7
202104,충청북도,증평군,2,9
202104,충청북도,증평군,3,5
202104,충청북도,증평군,4,15
202104,충청북도,증평군,5,7
202104,충청북도,증평군,6,15
202104,충청북도,증평군,7,13
202104,충청북도,증평군,8,23
202104,충청북도,증평군,9,11
202104,충청북도,증평군,10,17
202104,충청북도,증평군,11,25
202104,충청북도,증평군,12,25
202104,충청북도,증평군,13,22
202104,충청북도,증평군,14,26
202104,충청북도,증평군,15,31
202104,충청북도,증평군,16,29
202104,충청북도,증평군,17,22
202104,충청북도,증평군,18,20
202104,충청북도,증평군,19,18
202104,충청북도,증평군,20,11
202104,충청북도,증평군,21,12
202104,충청북도,증평군,22,8
202104,충청북도,증평군,23,7
202104,충청북도,증평군,24,6
202104,충청북도,증평군,25,5
202104,충청북도,증평군,26,5
202104,충청북도,증평군,27,4
202104,충청북도,증평군,28,4
202104,충청북도,증평군,29,2
202104,충청북도,증평군,30,1
202104,충청북도,증평군,31,8
202104,충청북도,증평군,32,4
202104,충청북도,증평군,33,5
202104,충청북도,증평군,34,18
202104,충청북도,증평군,35,6
202104,충청북도,증평군,36,14
202104,충청북도,증평군,37,6
202104,충청북도,증평군,38,9
202104,충청북도,증평군,39,21
202104,충청북도,증평군,40,15
202104,충청북도,증평군,41,20
202104,충청북도,증평군,42,15
202104,충청북도,증평군,43,21
202104,충청북도,증평군,44,15
202104,충청북도,증평군,45,16
202104,충청북도,증평군,46,26
202104,충청북도,증평군,47,15
202104,충청북도,증평군,48,19
202104,충청북도,증평군,49,17
202104,충청북도,증평군,50,16
202104,충청북도,증평군,51,13
202104,충청북도,증평군,52,17
202104,충청북도,증평군,53,32
202104,충청북도,증평군,54,20
202104,충청북도,증평군,55,36
202104,충청북도,증평군,56,21
202104,충청북도,증평군,57,19
202104,충청북도,증평군,58,34
202104,충청북도,증평군,59,27
202104,충청북도,증평군,60,29
202104,충청북도,증평군,61,32
202104,충청북도,증평군,62,23
202104,충청북도,증평군,63,40
202104,충청북도,증평군,64,26
202104,충청북도,증평군,65,31
202104,충청북도,증평군,66,27
202104,충청북도,증평군,67,30
202104,충청북도,증평군,68,37
202104,충청북도,증평군,69,35
202104,충청북도,증평군,70,23
202104,충청북도,증평군,71,25
202104,충청북도,증평군,72,13
202104,충청북도,증평군,73,32
202104,충청북도,증평군,74,27
202104,충청북도,증평군,75,30
202104,충청북도,증평군,76,26
202104,충청북도,증평군,77,26
202104,충청북도,증평군,78,33
202104,충청북도,증평군,79,35
202104,충청북도,증평군,80,28
202104,충청북도,증평군,81,30
202104,충청북도,증평군,82,30
202104,충청북도,증평군,83,32
202104,충청북도,증평군,84,23
202104,충청북도,증평군,85,25
202104,충청북도,증평군,86,16
202104,충청북도,증평군,87,18
202104,충청북도,증평군,88,13
202104,충청북도,증평군,89,16
202104,충청북도,증평군,90,10
202104,충청북도,증평군,91,5
202104,충청북도,증평군,92,4
202104,충청북도,증평군,93,6
202104,충청북도,증평군,94,1
202104,충청북도,증평군,95,3
202104,충청북도,증평군,96,1
202104,충청북도,증평군,97,2
202104,충청북도,증평군,98,1
202104,충청북도,증평군,99,2
202104,충청북도,진천군,0,6
202104,충청북도,진천군,1,10
202104,충청북도,진천군,2,15
202104,충청북도,진천군,3,11
202104,충청북도,진천군,4,16
202104,충청북도,진천군,5,12
202104,충청북도,진천군,6,18
202104,충청북도,진천군,7,27
202104,충청북도,진천군,8,40
202104,충청북도,진천군,9,38
202104,충청북도,진천군,10,45
202104,충청북도,진천군,11,44
202104,충청북도,진천군,12,43
202104,충청북도,진천군,13,39
202104,충청북도,진천군,14,38
202104,충청북도,진천군,15,36
202104,충청북도,진천군,16,36
202104,충청북도,진천군,17,38
202104,충청북도,진천군,18,30
202104,충청북도,진천군,19,30
202104,충청북도,진천군,20,23
202104,충청북도,진천군,21,16
202104,충청북도,진천군,22,26
202104,충청북도,진천군,23,15
202104,충청북도,진천군,24,14
202104,충청북도,진천군,25,11
202104,충청북도,진천군,26,13
202104,충청북도,진천군,27,11
202104,충청북도,진천군,28,13
202104,충청북도,진천군,29,8
202104,충청북도,진천군,30,9
202104,충청북도,진천군,31,11
202104,충청북도,진천군,32,10
202104,충청북도,진천군,33,17
202104,충청북도,진천군,34,20
202104,충청북도,진천군,35,14
202104,충청북도,진천군,36,17
202104,충청북도,진천군,37,16
202104,충청북도,진천군,38,24
202104,충청북도,진천군,39,21
202104,충청북도,진천군,40,15
202104,충청북도,진천군,41,24
202104,충청북도,진천군,42,21
202104,충청북도,진천군,43,16
202104,충청북도,진천군,44,14
202104,충청북도,진천군,45,40
202104,충청북도,진천군,46,27
202104,충청북도,진천군,47,31
202104,충청북도,진천군,48,34
202104,충청북도,진천군,49,22
202104,충청북도,진천군,50,32
202104,충청북도,진천군,51,35
202104,충청북도,진천군,52,49
202104,충청북도,진천군,53,27
202104,충청북도,진천군,54,41
202104,충청북도,진천군,55,40
202104,충청북도,진천군,56,48
202104,충청북도,진천군,57,46
202104,충청북도,진천군,58,40
202104,충청북도,진천군,59,53
202104,충청북도,진천군,60,53
202104,충청북도,진천군,61,48
202104,충청북도,진천군,62,38
202104,충청북도,진천군,63,50
202104,충청북도,진천군,64,36
202104,충청북도,진천군,65,54
202104,충청북도,진천군,66,60
202104,충청북도,진천군,67,41
202104,충청북도,진천군,68,40
202104,충청북도,진천군,69,29
202104,충청북도,진천군,70,38
202104,충청북도,진천군,71,39
202104,충청북도,진천군,72,34
202104,충청북도,진천군,73,41
202104,충청북도,진천군,74,33
202104,충청북도,진천군,75,22
202104,충청북도,진천군,76,24
202104,충청북도,진천군,77,33
202104,충청북도,진천군,78,54
202104,충청북도,진천군,79,47
202104,충청북도,진천군,80,51
202104,충청북도,진천군,81,42
202104,충청북도,진천군,82,41
202104,충청북도,진천군,83,39
202104,충청북도,진천군,84,46
202104,충청북도,진천군,85,34
202104,충청북도,진천군,86,35
202104,충청북도,진천군,87,38
202104,충청북도,진천군,88,22
202104,충청북도,진천군,89,18
202104,충청북도,진천군,90,15
202104,충청북도,진천군,91,8
202104,충청북도,진천군,92,10
202104,충청북도,진천군,93,9
202104,충청북도,진천군,94,5
202104,충청북도,진천군,95,4
202104,충청북도,진천군,96,8
202104,충청북도,진천군,97,3
202104,충청북도,진천군,98,1
202104,충청북도,진천군,99,2
202104,충청북도,진천군,100,1
202104,충청북도,진천군,101,1
202104,충청북도,괴산군,0,3
202104,충청북도,괴산군,1,6
202104,충청북도,괴산군,2,3
202104,충청북도,괴산군,3,5
202104,충청북도,괴산군,4,4
202104,충청북도,괴산군,5,8
202104,충청북도,괴산군,6,11
202104,충청북도,괴산군,7,12
202104,충청북도,괴산군,8,12
202104,충청북도,괴산군,9,15
202104,충청북도,괴산군,10,17
202104,충청북도,괴산군,11,20
202104,충청북도,괴산군,12,25
202104,충청북도,괴산군,13,15
202104,충청북도,괴산군,14,17
202104,충청북도,괴산군,15,19
202104,충청북도,괴산군,16,30
202104,충청북도,괴산군,17,17
202104,충청북도,괴산군,18,25
202104,충청북도,괴산군,19,17
202104,충청북도,괴산군,20,12
202104,충청북도,괴산군,21,16
202104,충청북도,괴산군,22,12
202104,충청북도,괴산군,23,10
202104,충청북도,괴산군,24,5
202104,충청북도,괴산군,25,12
202104,충청북도,괴산군,26,5
202104,충청북도,괴산군,27,4
202104,충청북도,괴산군,28,5
202104,충청북도,괴산군,29,5
202104,충청북도,괴산군,30,3
202104,충청북도,괴산군,31,3
202104,충청북도,괴산군,32,10
202104,충청북도,괴산군,33,10
202104,충청북도,괴산군,34,9
202104,충청북도,괴산군,35,6
202104,충청북도,괴산군,36,6
202104,충청북도,괴산군,37,9
202104,충청북도,괴산군,38,10
202104,충청북도,괴산군,39,9
202104,충청북도,괴산군,40,10
202104,충청북도,괴산군,41,21
202104,충청북도,괴산군,42,12
202104,충청북도,괴산군,43,10
202104,충청북도,괴산군,44,11
202104,충청북도,괴산군,45,13
202104,충청북도,괴산군,46,18
202104,충청북도,괴산군,47,22
202104,충청북도,괴산군,48,20
202104,충청북도,괴산군,49,22
202104,충청북도,괴산군,50,35
202104,충청북도,괴산군,51,26
202104,충청북도,괴산군,52,34
202104,충청북도,괴산군,53,37
202104,충청북도,괴산군,54,31
202104,충청북도,괴산군,55,31
202104,충청북도,괴산군,56,44
202104,충청북도,괴산군,57,27
202104,충청북도,괴산군,58,39
202104,충청북도,괴산군,59,36
202104,충청북도,괴산군,60,46
202104,충청북도,괴산군,61,45
202104,충청북도,괴산군,62,37
202104,충청북도,괴산군,63,31
202104,충청북도,괴산군,64,37
202104,충청북도,괴산군,65,41
202104,충청북도,괴산군,66,39
202104,충청북도,괴산군,67,37
202104,충청북도,괴산군,68,28
202104,충청북도,괴산군,69,25
202104,충청북도,괴산군,70,36
202104,충청북도,괴산군,71,30
202104,충청북도,괴산군,72,21
202104,충청북도,괴산군,73,35
202104,충청북도,괴산군,74,40
202104,충청북도,괴산군,75,35
202104,충청북도,괴산군,76,35
202104,충청북도,괴산군,77,41
202104,충청북도,괴산군,78,60
202104,충청북도,괴산군,79,40
202104,충청북도,괴산군,80,33
202104,충청북도,괴산군,81,39
202104,충청북도,괴산군,82,43
202104,충청북도,괴산군,83,37
202104,충청북도,괴산군,84,31
202104,충청북도,괴산군,85,33
202104,충청북도,괴산군,86,27
202104,충청북도,괴산군,87,18
202104,충청북도,괴산군,88,19
202104,충청북도,괴산군,89,20
202104,충청북도,괴산군,90,15
202104,충청북도,괴산군,91,12
202104,충청북도,괴산군,92,9
202104,충청북도,괴산군,93,5
202104,충청북도,괴산군,94,1
202104,충청북도,괴산군,95,2
202104,충청북도,괴산군,96,1
202104,충청북도,괴산군,97,2
202104,충청북도,괴산군,98,1
202104,충청북도,괴산군,99,2
202104,충청북도,괴산군,100,1
202104,충청북도,괴산군,101,1
202104,충청북도,괴산군,103,1
202104,충청북도,괴산군,104,1
202104,충청북도,음성군,0,6
202104,충청북도,음성군,1,6
202104,충청북도,음성군,2,7
202104,충청북도,음성군,3,11
202104,충청북도,음성군,4,11
202104,충청북도,음성군,5,15
202104,충청북도,음성군,6,30
202104,충청북도,음성군,7,31
202104,충청북도,음성군,8,34
202104,충청북도,음성군,9,36
202104,충청북도,음성군,10,47
202104,충청북도,음성군,11,36
202104,충청북도,음성군,12,43
202104,충청북도,음성군,13,50
202104,충청북도,음성군,14,51
202104,충청북도,음성군,15,60
202104,충청북도,음성군,16,54
202104,충청북도,음성군,17,51
202104,충청북도,음성군,18,47
202104,충청북도,음성군,19,39
202104,충청북도,음성군,20,30
202104,충청북도,음성군,21,22
202104,충청북도,음성군,22,15
202104,충청북도,음성군,23,23
202104,충청북도,음성군,24,17
202104,충청북도,음성군,25,20
202104,충청북도,음성군,26,14
202104,충청북도,음성군,27,12
202104,충청북도,음성군,28,6
202104,충청북도,음성군,29,6
202104,충청북도,음성군,30,7
202104,충청북도,음성군,31,11
202104,충청북도,음성군,32,8
202104,충청북도,음성군,33,15
202104,충청북도,음성군,34,16
202104,충청북도,음성군,35,11
202104,충청북도,음성군,36,23
202104,충청북도,음성군,37,17
202104,충청북도,음성군,38,24
202104,충청북도,음성군,39,23
202104,충청북도,음성군,40,39
202104,충청북도,음성군,41,29
202104,충청북도,음성군,42,31
202104,충청북도,음성군,43,41
202104,충청북도,음성군,44,29
202104,충청북도,음성군,45,41
202104,충청북도,음성군,46,36
202104,충청북도,음성군,47,51
202104,충청북도,음성군,48,56
202104,충청북도,음성군,49,46
202104,충청북도,음성군,50,55
202104,충청북도,음성군,51,52
202104,충청북도,음성군,52,45
202104,충청북도,음성군,53,51
202104,충청북도,음성군,54,47
202104,충청북도,음성군,55,59
202104,충청북도,음성군,56,58
202104,충청북도,음성군,57,58
202104,충청북도,음성군,58,78
202104,충청북도,음성군,59,53
202104,충청북도,음성군,60,92
202104,충청북도,음성군,61,74
202104,충청북도,음성군,62,82
202104,충청북도,음성군,63,66
202104,충청북도,음성군,64,75
202104,충청북도,음성군,65,64
202104,충청북도,음성군,66,77
202104,충청북도,음성군,67,66
202104,충청북도,음성군,68,63
202104,충청북도,음성군,69,76
202104,충청북도,음성군,70,63
202104,충청북도,음성군,71,63
202104,충청북도,음성군,72,75
202104,충청북도,음성군,73,56
202104,충청북도,음성군,74,70
202104,충청북도,음성군,75,55
202104,충청북도,음성군,76,66
202104,충청북도,음성군,77,64
202104,충청북도,음성군,78,76
202104,충청북도,음성군,79,81
202104,충청북도,음성군,80,62
202104,충청북도,음성군,81,55
202104,충청북도,음성군,82,66
202104,충청북도,음성군,83,68
202104,충청북도,음성군,84,59
202104,충청북도,음성군,85,53
202104,충청북도,음성군,86,53
202104,충청북도,음성군,87,26
202104,충청북도,음성군,88,29
202104,충청북도,음성군,89,14
202104,충청북도,음성군,90,16
202104,충청북도,음성군,91,15
202104,충청북도,음성군,92,15
202104,충청북도,음성군,93,12
202104,충청북도,음성군,94,5
202104,충청북도,음성군,95,10
202104,충청북도,음성군,96,6
202104,충청북도,음성군,97,3
202104,충청북도,음성군,98,2
202104,충청북도,음성군,99,1
202104,충청북도,음성군,100,2
202104,충청북도,단양군,0,1
202104,충청북도,단양군,1,3
202104,충청북도,단양군,2,4
202104,충청북도,단양군,4,2
202104,충청북도,단양군,5,3
202104,충청북도,단양군,6,3
202104,충청북도,단양군,7,11
202104,충청북도,단양군,8,12
202104,충청북도,단양군,9,12
202104,충청북도,단양군,10,19
202104,충청북도,단양군,11,14
202104,충청북도,단양군,12,22
202104,충청북도,단양군,13,13
202104,충청북도,단양군,14,16
202104,충청북도,단양군,15,14
202104,충청북도,단양군,16,26
202104,충청북도,단양군,17,30
202104,충청북도,단양군,18,11
202104,충청북도,단양군,19,15
202104,충청북도,단양군,20,16
202104,충청북도,단양군,21,13
202104,충청북도,단양군,22,9
202104,충청북도,단양군,23,6
202104,충청북도,단양군,24,3
202104,충청북도,단양군,25,2
202104,충청북도,단양군,26,4
202104,충청북도,단양군,27,3
202104,충청북도,단양군,28,5
202104,충청북도,단양군,29,4
202104,충청북도,단양군,30,1
202104,충청북도,단양군,31,3
202104,충청북도,단양군,32,1
202104,충청북도,단양군,33,1
202104,충청북도,단양군,34,3
202104,충청북도,단양군,35,7
202104,충청북도,단양군,36,4
202104,충청북도,단양군,37,4
202104,충청북도,단양군,38,6
202104,충청북도,단양군,39,10
202104,충청북도,단양군,40,6
202104,충청북도,단양군,41,8
202104,충청북도,단양군,42,10
202104,충청북도,단양군,43,8
202104,충청북도,단양군,44,13
202104,충청북도,단양군,45,15
202104,충청북도,단양군,46,15
202104,충청북도,단양군,47,14
202104,충청북도,단양군,48,10
202104,충청북도,단양군,49,18
202104,충청북도,단양군,50,15
202104,충청북도,단양군,51,21
202104,충청북도,단양군,52,22
202104,충청북도,단양군,53,18
202104,충청북도,단양군,54,24
202104,충청북도,단양군,55,22
202104,충청북도,단양군,56,21
202104,충청북도,단양군,57,21
202104,충청북도,단양군,58,29
202104,충청북도,단양군,59,21
202104,충청북도,단양군,60,37
202104,충청북도,단양군,61,41
202104,충청북도,단양군,62,34
202104,충청북도,단양군,63,19
202104,충청북도,단양군,64,30
202104,충청북도,단양군,65,31
202104,충청북도,단양군,66,31
202104,충청북도,단양군,67,35
202104,충청북도,단양군,68,14
202104,충청북도,단양군,69,33
202104,충청북도,단양군,70,19
202104,충청북도,단양군,71,21
202104,충청북도,단양군,72,40
202104,충청북도,단양군,73,33
202104,충청북도,단양군,74,26
202104,충청북도,단양군,75,14
202104,충청북도,단양군,76,37
202104,충청북도,단양군,77,39
202104,충청북도,단양군,78,33
202104,충청북도,단양군,79,46
202104,충청북도,단양군,80,37
202104,충청북도,단양군,81,41
202104,충청북도,단양군,82,25
202104,충청북도,단양군,83,30
202104,충청북도,단양군,84,37
202104,충청북도,단양군,85,27
202104,충청북도,단양군,86,21
202104,충청북도,단양군,87,18
202104,충청북도,단양군,88,17
202104,충청북도,단양군,89,11
202104,충청북도,단양군,90,10
202104,충청북도,단양군,91,9
202104,충청북도,단양군,92,8
202104,충청북도,단양군,93,6
202104,충청북도,단양군,94,2
202104,충청북도,단양군,95,1
202104,충청북도,단양군,96,2
202104,충청북도,단양군,97,1
202104,충청북도,단양군,98,1
202104,충청북도,단양군,99,1
202104,충청남도,천안시,0,21
202104,충청남도,천안시,1,61
202104,충청남도,천안시,2,67
202104,충청남도,천안시,3,80
202104,충청남도,천안시,4,106
202104,충청남도,천안시,5,109
202104,충청남도,천안시,6,134
202104,충청남도,천안시,7,187
202104,충청남도,천안시,8,191
202104,충청남도,천안시,9,220
202104,충청남도,천안시,10,237
202104,충청남도,천안시,11,223
202104,충청남도,천안시,12,246
202104,충청남도,천안시,13,271
202104,충청남도,천안시,14,267
202104,충청남도,천안시,15,290
202104,충청남도,천안시,16,298
202104,충청남도,천안시,17,297
202104,충청남도,천안시,18,269
202104,충청남도,천안시,19,239
202104,충청남도,천안시,20,198
202104,충청남도,천안시,21,175
202104,충청남도,천안시,22,134
202104,충청남도,천안시,23,133
202104,충청남도,천안시,24,106
202104,충청남도,천안시,25,73
202104,충청남도,천안시,26,84
202104,충청남도,천안시,27,63
202104,충청남도,천안시,28,47
202104,충청남도,천안시,29,51
202104,충청남도,천안시,30,56
202104,충청남도,천안시,31,69
202104,충청남도,천안시,32,69
202104,충청남도,천안시,33,59
202104,충청남도,천안시,34,71
202104,충청남도,천안시,35,70
202104,충청남도,천안시,36,76
202104,충청남도,천안시,37,122
202104,충청남도,천안시,38,136
202104,충청남도,천안시,39,150
202104,충청남도,천안시,40,147
202104,충청남도,천안시,41,163
202104,충청남도,천안시,42,144
202104,충청남도,천안시,43,162
202104,충청남도,천안시,44,156
202104,충청남도,천안시,45,193
202104,충청남도,천안시,46,208
202104,충청남도,천안시,47,216
202104,충청남도,천안시,48,204
202104,충청남도,천안시,49,232
202104,충청남도,천안시,50,225
202104,충청남도,천안시,51,265
202104,충청남도,천안시,52,274
202104,충청남도,천안시,53,251
202104,충청남도,천안시,54,228
202104,충청남도,천안시,55,253
202104,충청남도,천안시,56,269
202104,충청남도,천안시,57,230
202104,충청남도,천안시,58,280
202104,충청남도,천안시,59,297
202104,충청남도,천안시,60,350
202104,충청남도,천안시,61,309
202104,충청남도,천안시,62,283
202104,충청남도,천안시,63,276
202104,충청남도,천안시,64,286
202104,충청남도,천안시,65,321
202104,충청남도,천안시,66,306
202104,충청남도,천안시,67,265
202104,충청남도,천안시,68,260
202104,충청남도,천안시,69,266
202104,충청남도,천안시,70,212
202104,충청남도,천안시,71,235
202104,충청남도,천안시,72,229
202104,충청남도,천안시,73,222
202104,충청남도,천안시,74,204
202104,충청남도,천안시,75,177
202104,충청남도,천안시,76,186
202104,충청남도,천안시,77,219
202104,충청남도,천안시,78,220
202104,충청남도,천안시,79,239
202104,충청남도,천안시,80,199
202104,충청남도,천안시,81,197
202104,충청남도,천안시,82,188
202104,충청남도,천안시,83,187
202104,충청남도,천안시,84,155
202104,충청남도,천안시,85,152
202104,충청남도,천안시,86,129
202104,충청남도,천안시,87,89
202104,충청남도,천안시,88,84
202104,충청남도,천안시,89,85
202104,충청남도,천안시,90,59
202104,충청남도,천안시,91,44
202104,충청남도,천안시,92,36
202104,충청남도,천안시,93,24
202104,충청남도,천안시,94,29
202104,충청남도,천안시,95,10
202104,충청남도,천안시,96,10
202104,충청남도,천안시,97,9
202104,충청남도,천안시,98,5
202104,충청남도,천안시,99,1
202104,충청남도,천안시,100,4
202104,충청남도,천안시,101,1
202104,충청남도,천안시,103,1
202104,충청남도,천안시,104,1
202104,충청남도,공주시,0,4
202104,충청남도,공주시,1,12
202104,충청남도,공주시,2,12
202104,충청남도,공주시,3,16
202104,충청남도,공주시,4,16
202104,충청남도,공주시,5,20
202104,충청남도,공주시,6,27
202104,충청남도,공주시,7,30
202104,충청남도,공주시,8,32
202104,충청남도,공주시,9,33
202104,충청남도,공주시,10,61
202104,충청남도,공주시,11,57
202104,충청남도,공주시,12,52
202104,충청남도,공주시,13,71
202104,충청남도,공주시,14,71
202104,충청남도,공주시,15,72
202104,충청남도,공주시,16,79
202104,충청남도,공주시,17,74
202104,충청남도,공주시,18,69
202104,충청남도,공주시,19,42
202104,충청남도,공주시,20,49
202104,충청남도,공주시,21,42
202104,충청남도,공주시,22,44
202104,충청남도,공주시,23,32
202104,충청남도,공주시,24,22
202104,충청남도,공주시,25,21
202104,충청남도,공주시,26,15
202104,충청남도,공주시,27,16
202104,충청남도,공주시,28,18
202104,충청남도,공주시,29,12
202104,충청남도,공주시,30,12
202104,충청남도,공주시,31,12
202104,충청남도,공주시,32,16
202104,충청남도,공주시,33,15
202104,충청남도,공주시,34,16
202104,충청남도,공주시,35,17
202104,충청남도,공주시,36,17
202104,충청남도,공주시,37,26
202104,충청남도,공주시,38,30
202104,충청남도,공주시,39,39
202104,충청남도,공주시,40,28
202104,충청남도,공주시,41,39
202104,충청남도,공주시,42,40
202104,충청남도,공주시,43,35
202104,충청남도,공주시,44,28
202104,충청남도,공주시,45,41
202104,충청남도,공주시,46,58
202104,충청남도,공주시,47,58
202104,충청남도,공주시,48,60
202104,충청남도,공주시,49,63
202104,충청남도,공주시,50,59
202104,충청남도,공주시,51,62
202104,충청남도,공주시,52,81
202104,충청남도,공주시,53,77
202104,충청남도,공주시,54,75
202104,충청남도,공주시,55,71
202104,충청남도,공주시,56,88
202104,충청남도,공주시,57,66
202104,충청남도,공주시,58,92
202104,충청남도,공주시,59,94
202104,충청남도,공주시,60,93
202104,충청남도,공주시,61,72
202104,충청남도,공주시,62,104
202104,충청남도,공주시,63,95
202104,충청남도,공주시,64,89
202104,충청남도,공주시,65,105
202104,충청남도,공주시,66,101
202104,충청남도,공주시,67,68
202104,충청남도,공주시,68,63
202104,충청남도,공주시,69,86
202104,충청남도,공주시,70,78
202104,충청남도,공주시,71,76
202104,충청남도,공주시,72,82
202104,충청남도,공주시,73,76
202104,충청남도,공주시,74,78
202104,충청남도,공주시,75,61
202104,충청남도,공주시,76,61
202104,충청남도,공주시,77,78
202104,충청남도,공주시,78,108
202104,충청남도,공주시,79,103
202104,충청남도,공주시,80,66
202104,충청남도,공주시,81,60
202104,충청남도,공주시,82,68
202104,충청남도,공주시,83,56
202104,충청남도,공주시,84,60
202104,충청남도,공주시,85,61
202104,충청남도,공주시,86,58
202104,충청남도,공주시,87,38
202104,충청남도,공주시,88,39
202104,충청남도,공주시,89,24
202104,충청남도,공주시,90,22
202104,충청남도,공주시,91,21
202104,충청남도,공주시,92,12
202104,충청남도,공주시,93,12
202104,충청남도,공주시,94,7
202104,충청남도,공주시,95,8
202104,충청남도,공주시,96,1
202104,충청남도,공주시,97,2
202104,충청남도,공주시,98,1
202104,충청남도,공주시,99,1
202104,충청남도,공주시,100,1
202104,충청남도,공주시,101,1
202104,충청남도,공주시,102,2
202104,충청남도,공주시,104,1
202104,충청남도,공주시,105,1
202104,충청남도,보령시,0,5
202104,충청남도,보령시,1,4
202104,충청남도,보령시,2,13
202104,충청남도,보령시,3,6
202104,충청남도,보령시,4,21
202104,충청남도,보령시,5,16
202104,충청남도,보령시,6,28
202104,충청남도,보령시,7,32
202104,충청남도,보령시,8,52
202104,충청남도,보령시,9,58
202104,충청남도,보령시,10,58
202104,충청남도,보령시,11,55
202104,충청남도,보령시,12,63
202104,충청남도,보령시,13,74
202104,충청남도,보령시,14,68
202104,충청남도,보령시,15,73
202104,충청남도,보령시,16,75
202104,충청남도,보령시,17,73
202104,충청남도,보령시,18,64
202104,충청남도,보령시,19,30
202104,충청남도,보령시,20,48
202104,충청남도,보령시,21,28
202104,충청남도,보령시,22,31
202104,충청남도,보령시,23,32
202104,충청남도,보령시,24,13
202104,충청남도,보령시,25,14
202104,충청남도,보령시,26,10
202104,충청남도,보령시,27,10
202104,충청남도,보령시,28,12
202104,충청남도,보령시,29,7
202104,충청남도,보령시,30,8
202104,충청남도,보령시,31,9
202104,충청남도,보령시,32,14
202104,충청남도,보령시,33,17
202104,충청남도,보령시,34,17
202104,충청남도,보령시,35,24
202104,충청남도,보령시,36,26
202104,충청남도,보령시,37,19
202104,충청남도,보령시,38,32
202104,충청남도,보령시,39,34
202104,충청남도,보령시,40,43
202104,충청남도,보령시,41,33
202104,충청남도,보령시,42,35
202104,충청남도,보령시,43,39
202104,충청남도,보령시,44,40
202104,충청남도,보령시,45,50
202104,충청남도,보령시,46,65
202104,충청남도,보령시,47,65
202104,충청남도,보령시,48,67
202104,충청남도,보령시,49,67
202104,충청남도,보령시,50,62
202104,충청남도,보령시,51,81
202104,충청남도,보령시,52,84
202104,충청남도,보령시,53,66
202104,충청남도,보령시,54,83
202104,충청남도,보령시,55,66
202104,충청남도,보령시,56,82
202104,충청남도,보령시,57,70
202104,충청남도,보령시,58,86
202104,충청남도,보령시,59,74
202104,충청남도,보령시,60,107
202104,충청남도,보령시,61,97
202104,충청남도,보령시,62,103
202104,충청남도,보령시,63,78
202104,충청남도,보령시,64,96
202104,충청남도,보령시,65,121
202104,충청남도,보령시,66,139
202104,충청남도,보령시,67,101
202104,충청남도,보령시,68,98
202104,충청남도,보령시,69,104
202104,충청남도,보령시,70,93
202104,충청남도,보령시,71,97
202104,충청남도,보령시,72,87
202104,충청남도,보령시,73,110
202104,충청남도,보령시,74,106
202104,충청남도,보령시,75,74
202104,충청남도,보령시,76,77
202104,충청남도,보령시,77,101
202104,충청남도,보령시,78,122
202104,충청남도,보령시,79,99
202104,충청남도,보령시,80,82
202104,충청남도,보령시,81,94
202104,충청남도,보령시,82,94
202104,충청남도,보령시,83,80
202104,충청남도,보령시,84,90
202104,충청남도,보령시,85,87
202104,충청남도,보령시,86,80
202104,충청남도,보령시,87,72
202104,충청남도,보령시,88,59
202104,충청남도,보령시,89,38
202104,충청남도,보령시,90,45
202104,충청남도,보령시,91,33
202104,충청남도,보령시,92,26
202104,충청남도,보령시,93,25
202104,충청남도,보령시,94,13
202104,충청남도,보령시,95,4
202104,충청남도,보령시,96,5
202104,충청남도,보령시,97,4
202104,충청남도,보령시,98,5
202104,충청남도,보령시,99,2
202104,충청남도,보령시,100,1
202104,충청남도,보령시,101,1
202104,충청남도,보령시,102,1
202104,충청남도,보령시,108,1
202104,충청남도,아산시,0,16
202104,충청남도,아산시,1,22
202104,충청남도,아산시,2,41
202104,충청남도,아산시,3,37
202104,충청남도,아산시,4,50
202104,충청남도,아산시,5,62
202104,충청남도,아산시,6,73
202104,충청남도,아산시,7,107
202104,충청남도,아산시,8,126
202104,충청남도,아산시,9,123
202104,충청남도,아산시,10,160
202104,충청남도,아산시,11,148
202104,충청남도,아산시,12,174
202104,충청남도,아산시,13,172
202104,충청남도,아산시,14,181
202104,충청남도,아산시,15,173
202104,충청남도,아산시,16,165
202104,충청남도,아산시,17,208
202104,충청남도,아산시,18,145
202104,충청남도,아산시,19,131
202104,충청남도,아산시,20,109
202104,충청남도,아산시,21,67
202104,충청남도,아산시,22,82
202104,충청남도,아산시,23,61
202104,충청남도,아산시,24,48
202104,충청남도,아산시,25,43
202104,충청남도,아산시,26,27
202104,충청남도,아산시,27,29
202104,충청남도,아산시,28,30
202104,충청남도,아산시,29,25
202104,충청남도,아산시,30,40
202104,충청남도,아산시,31,40
202104,충청남도,아산시,32,40
202104,충청남도,아산시,33,29
202104,충청남도,아산시,34,42
202104,충청남도,아산시,35,39
202104,충청남도,아산시,36,61
202104,충청남도,아산시,37,65
202104,충청남도,아산시,38,85
202104,충청남도,아산시,39,80
202104,충청남도,아산시,40,101
202104,충청남도,아산시,41,92
202104,충청남도,아산시,42,80
202104,충청남도,아산시,43,98
202104,충청남도,아산시,44,84
202104,충청남도,아산시,45,110
202104,충청남도,아산시,46,87
202104,충청남도,아산시,47,121
202104,충청남도,아산시,48,139
202104,충청남도,아산시,49,124
202104,충청남도,아산시,50,144
202104,충청남도,아산시,51,132
202104,충청남도,아산시,52,165
202104,충청남도,아산시,53,145
202104,충청남도,아산시,54,146
202104,충청남도,아산시,55,136
202104,충청남도,아산시,56,148
202104,충청남도,아산시,57,122
202104,충청남도,아산시,58,147
202104,충청남도,아산시,59,157
202104,충청남도,아산시,60,187
202104,충청남도,아산시,61,196
202104,충청남도,아산시,62,175
202104,충청남도,아산시,63,163
202104,충청남도,아산시,64,179
202104,충청남도,아산시,65,197
202104,충청남도,아산시,66,201
202104,충청남도,아산시,67,175
202104,충청남도,아산시,68,159
202104,충청남도,아산시,69,182
202104,충청남도,아산시,70,144
202104,충청남도,아산시,71,167
202104,충청남도,아산시,72,146
202104,충청남도,아산시,73,175
202104,충청남도,아산시,74,166
202104,충청남도,아산시,75,154
202104,충청남도,아산시,76,162
202104,충청남도,아산시,77,171
202104,충청남도,아산시,78,184
202104,충청남도,아산시,79,199
202104,충청남도,아산시,80,136
202104,충청남도,아산시,81,159
202104,충청남도,아산시,82,165
202104,충청남도,아산시,83,135
202104,충청남도,아산시,84,156
202104,충청남도,아산시,85,140
202104,충청남도,아산시,86,93
202104,충청남도,아산시,87,103
202104,충청남도,아산시,88,79
202104,충청남도,아산시,89,84
202104,충청남도,아산시,90,39
202104,충청남도,아산시,91,49
202104,충청남도,아산시,92,36
202104,충청남도,아산시,93,18
202104,충청남도,아산시,94,17
202104,충청남도,아산시,95,10
202104,충청남도,아산시,96,9
202104,충청남도,아산시,97,2
202104,충청남도,아산시,98,6
202104,충청남도,아산시,99,5
202104,충청남도,아산시,100,6
202104,충청남도,아산시,103,1
202104,충청남도,아산시,104,2
202104,충청남도,아산시,106,1
202104,충청남도,아산시,107,1
202104,충청남도,서산시,0,5
202104,충청남도,서산시,1,11
202104,충청남도,서산시,2,9
202104,충청남도,서산시,3,12
202104,충청남도,서산시,4,14
202104,충청남도,서산시,5,18
202104,충청남도,서산시,6,29
202104,충청남도,서산시,7,45
202104,충청남도,서산시,8,43
202104,충청남도,서산시,9,63
202104,충청남도,서산시,10,61
202104,충청남도,서산시,11,44
202104,충청남도,서산시,12,77
202104,충청남도,서산시,13,62
202104,충청남도,서산시,14,74
202104,충청남도,서산시,15,74
202104,충청남도,서산시,16,73
202104,충청남도,서산시,17,85
202104,충청남도,서산시,18,61
202104,충청남도,서산시,19,50
202104,충청남도,서산시,20,30
202104,충청남도,서산시,21,47
202104,충청남도,서산시,22,25
202104,충청남도,서산시,23,22
202104,충청남도,서산시,24,14
202104,충청남도,서산시,25,12
202104,충청남도,서산시,26,12
202104,충청남도,서산시,27,12
202104,충청남도,서산시,28,4
202104,충청남도,서산시,29,7
202104,충청남도,서산시,30,11
202104,충청남도,서산시,31,16
202104,충청남도,서산시,32,9
202104,충청남도,서산시,33,16
202104,충청남도,서산시,34,16
202104,충청남도,서산시,35,14
202104,충청남도,서산시,36,21
202104,충청남도,서산시,37,13
202104,충청남도,서산시,38,27
202104,충청남도,서산시,39,30
202104,충청남도,서산시,40,30
202104,충청남도,서산시,41,40
202104,충청남도,서산시,42,33
202104,충청남도,서산시,43,49
202104,충청남도,서산시,44,52
202104,충청남도,서산시,45,48
202104,충청남도,서산시,46,46
202104,충청남도,서산시,47,38
202104,충청남도,서산시,48,57
202104,충청남도,서산시,49,47
202104,충청남도,서산시,50,71
202104,충청남도,서산시,51,62
202104,충청남도,서산시,52,50
202104,충청남도,서산시,53,55
202104,충청남도,서산시,54,61
202104,충청남도,서산시,55,56
202104,충청남도,서산시,56,57
202104,충청남도,서산시,57,47
202104,충청남도,서산시,58,66
202104,충청남도,서산시,59,64
202104,충청남도,서산시,60,94
202104,충청남도,서산시,61,71
202104,충청남도,서산시,62,65
202104,충청남도,서산시,63,77
202104,충청남도,서산시,64,81
202104,충청남도,서산시,65,83
202104,충청남도,서산시,66,65
202104,충청남도,서산시,67,73
202104,충청남도,서산시,68,63
202104,충청남도,서산시,69,54
202104,충청남도,서산시,70,70
202104,충청남도,서산시,71,81
202104,충청남도,서산시,72,81
202104,충청남도,서산시,73,85
202104,충청남도,서산시,74,73
202104,충청남도,서산시,75,51
202104,충청남도,서산시,76,54
202104,충청남도,서산시,77,87
202104,충청남도,서산시,78,91
202104,충청남도,서산시,79,76
202104,충청남도,서산시,80,68
202104,충청남도,서산시,81,50
202104,충청남도,서산시,82,74
202104,충청남도,서산시,83,71
202104,충청남도,서산시,84,66
202104,충청남도,서산시,85,57
202104,충청남도,서산시,86,53
202104,충청남도,서산시,87,47
202104,충청남도,서산시,88,38
202104,충청남도,서산시,89,24
202104,충청남도,서산시,90,25
202104,충청남도,서산시,91,22
202104,충청남도,서산시,92,16
202104,충청남도,서산시,93,11
202104,충청남도,서산시,94,7
202104,충청남도,서산시,95,4
202104,충청남도,서산시,96,6
202104,충청남도,서산시,97,6
202104,충청남도,서산시,98,1
202104,충청남도,서산시,99,3
202104,충청남도,서산시,100,1
202104,충청남도,서산시,105,1
202104,충청남도,논산시,0,5
202104,충청남도,논산시,1,15
202104,충청남도,논산시,2,14
202104,충청남도,논산시,3,17
202104,충청남도,논산시,4,19
202104,충청남도,논산시,5,32
202104,충청남도,논산시,6,42
202104,충청남도,논산시,7,55
202104,충청남도,논산시,8,61
202104,충청남도,논산시,9,90
202104,충청남도,논산시,10,64
202104,충청남도,논산시,11,71
202104,충청남도,논산시,12,97
202104,충청남도,논산시,13,108
202104,충청남도,논산시,14,99
202104,충청남도,논산시,15,123
202104,충청남도,논산시,16,105
202104,충청남도,논산시,17,102
202104,충청남도,논산시,18,89
202104,충청남도,논산시,19,74
202104,충청남도,논산시,20,67
202104,충청남도,논산시,21,61
202104,충청남도,논산시,22,56
202104,충청남도,논산시,23,48
202104,충청남도,논산시,24,36
202104,충청남도,논산시,25,27
202104,충청남도,논산시,26,21
202104,충청남도,논산시,27,16
202104,충청남도,논산시,28,10
202104,충청남도,논산시,29,18
202104,충청남도,논산시,30,16
202104,충청남도,논산시,31,14
202104,충청남도,논산시,32,19
202104,충청남도,논산시,33,23
202104,충청남도,논산시,34,25
202104,충청남도,논산시,35,32
202104,충청남도,논산시,36,29
202104,충청남도,논산시,37,33
202104,충청남도,논산시,38,42
202104,충청남도,논산시,39,56
202104,충청남도,논산시,40,51
202104,충청남도,논산시,41,40
202104,충청남도,논산시,42,40
202104,충청남도,논산시,43,57
202104,충청남도,논산시,44,58
202104,충청남도,논산시,45,71
202104,충청남도,논산시,46,85
202104,충청남도,논산시,47,85
202104,충청남도,논산시,48,70
202104,충청남도,논산시,49,100
202104,충청남도,논산시,50,86
202104,충청남도,논산시,51,86
202104,충청남도,논산시,52,113
202104,충청남도,논산시,53,108
202104,충청남도,논산시,54,111
202104,충청남도,논산시,55,135
202104,충청남도,논산시,56,132
202104,충청남도,논산시,57,113
202104,충청남도,논산시,58,124
202104,충청남도,논산시,59,130
202104,충청남도,논산시,60,136
202104,충청남도,논산시,61,138
202104,충청남도,논산시,62,147
202104,충청남도,논산시,63,129
202104,충청남도,논산시,64,126
202104,충청남도,논산시,65,151
202104,충청남도,논산시,66,156
202104,충청남도,논산시,67,120
202104,충청남도,논산시,68,116
202104,충청남도,논산시,69,132
202104,충청남도,논산시,70,119
202104,충청남도,논산시,71,122
202104,충청남도,논산시,72,99
202104,충청남도,논산시,73,131
202104,충청남도,논산시,74,114
202104,충청남도,논산시,75,84
202104,충청남도,논산시,76,107
202104,충청남도,논산시,77,115
202104,충청남도,논산시,78,152
202104,충청남도,논산시,79,153
202104,충청남도,논산시,80,94
202104,충청남도,논산시,81,130
202104,충청남도,논산시,82,103
202104,충청남도,논산시,83,120
202104,충청남도,논산시,84,99
202104,충청남도,논산시,85,105
202104,충청남도,논산시,86,84
202104,충청남도,논산시,87,67
202104,충청남도,논산시,88,70
202104,충청남도,논산시,89,32
202104,충청남도,논산시,90,29
202104,충청남도,논산시,91,29
202104,충청남도,논산시,92,22
202104,충청남도,논산시,93,18
202104,충청남도,논산시,94,17
202104,충청남도,논산시,95,10
202104,충청남도,논산시,96,4
202104,충청남도,논산시,97,7
202104,충청남도,논산시,98,6
202104,충청남도,논산시,99,5
202104,충청남도,논산시,101,1
202104,충청남도,논산시,103,1
202104,충청남도,논산시,105,1
202104,충청남도,계룡시,0,1
202104,충청남도,계룡시,1,4
202104,충청남도,계룡시,2,4
202104,충청남도,계룡시,3,8
202104,충청남도,계룡시,4,8
202104,충청남도,계룡시,5,7
202104,충청남도,계룡시,6,12
202104,충청남도,계룡시,7,9
202104,충청남도,계룡시,8,17
202104,충청남도,계룡시,9,13
202104,충청남도,계룡시,10,20
202104,충청남도,계룡시,11,16
202104,충청남도,계룡시,12,14
202104,충청남도,계룡시,13,20
202104,충청남도,계룡시,14,16
202104,충청남도,계룡시,15,25
202104,충청남도,계룡시,16,14
202104,충청남도,계룡시,17,13
202104,충청남도,계룡시,18,11
202104,충청남도,계룡시,19,13
202104,충청남도,계룡시,20,12
202104,충청남도,계룡시,21,4
202104,충청남도,계룡시,22,8
202104,충청남도,계룡시,23,8
202104,충청남도,계룡시,24,3
202104,충청남도,계룡시,25,3
202104,충청남도,계룡시,26,2
202104,충청남도,계룡시,27,2
202104,충청남도,계룡시,28,1
202104,충청남도,계룡시,29,7
202104,충청남도,계룡시,30,1
202104,충청남도,계룡시,31,5
202104,충청남도,계룡시,32,2
202104,충청남도,계룡시,33,6
202104,충청남도,계룡시,34,3
202104,충청남도,계룡시,35,3
202104,충청남도,계룡시,36,3
202104,충청남도,계룡시,37,7
202104,충청남도,계룡시,38,8
202104,충청남도,계룡시,39,15
202104,충청남도,계룡시,40,6
202104,충청남도,계룡시,41,15
202104,충청남도,계룡시,42,7
202104,충청남도,계룡시,43,5
202104,충청남도,계룡시,44,15
202104,충청남도,계룡시,45,11
202104,충청남도,계룡시,46,7
202104,충청남도,계룡시,47,10
202104,충청남도,계룡시,48,8
202104,충청남도,계룡시,49,16
202104,충청남도,계룡시,50,9
202104,충청남도,계룡시,51,12
202104,충청남도,계룡시,52,8
202104,충청남도,계룡시,53,6
202104,충청남도,계룡시,54,10
202104,충청남도,계룡시,55,5
202104,충청남도,계룡시,56,13
202104,충청남도,계룡시,57,8
202104,충청남도,계룡시,58,12
202104,충청남도,계룡시,59,14
202104,충청남도,계룡시,60,11
202104,충청남도,계룡시,61,13
202104,충청남도,계룡시,62,18
202104,충청남도,계룡시,63,8
202104,충청남도,계룡시,64,9
202104,충청남도,계룡시,65,15
202104,충청남도,계룡시,66,9
202104,충청남도,계룡시,67,19
202104,충청남도,계룡시,68,7
202104,충청남도,계룡시,69,13
202104,충청남도,계룡시,70,9
202104,충청남도,계룡시,71,9
202104,충청남도,계룡시,72,10
202104,충청남도,계룡시,73,5
202104,충청남도,계룡시,74,9
202104,충청남도,계룡시,75,6
202104,충청남도,계룡시,76,15
202104,충청남도,계룡시,77,11
202104,충청남도,계룡시,78,14
202104,충청남도,계룡시,79,14
202104,충청남도,계룡시,80,22
202104,충청남도,계룡시,81,14
202104,충청남도,계룡시,82,11
202104,충청남도,계룡시,83,13
202104,충청남도,계룡시,84,17
202104,충청남도,계룡시,85,20
202104,충청남도,계룡시,86,14
202104,충청남도,계룡시,87,15
202104,충청남도,계룡시,88,10
202104,충청남도,계룡시,89,11
202104,충청남도,계룡시,90,3
202104,충청남도,계룡시,91,3
202104,충청남도,계룡시,92,4
202104,충청남도,계룡시,93,4
202104,충청남도,계룡시,94,2
202104,충청남도,당진시,0,3
202104,충청남도,당진시,1,11
202104,충청남도,당진시,2,11
202104,충청남도,당진시,3,13
202104,충청남도,당진시,4,14
202104,충청남도,당진시,5,15
202104,충청남도,당진시,6,29
202104,충청남도,당진시,7,39
202104,충청남도,당진시,8,40
202104,충청남도,당진시,9,58
202104,충청남도,당진시,10,69
202104,충청남도,당진시,11,56
202104,충청남도,당진시,12,61
202104,충청남도,당진시,13,74
202104,충청남도,당진시,14,80
202104,충청남도,당진시,15,52
202104,충청남도,당진시,16,64
202104,충청남도,당진시,17,64
202104,충청남도,당진시,18,51
202104,충청남도,당진시,19,40
202104,충청남도,당진시,20,47
202104,충청남도,당진시,21,25
202104,충청남도,당진시,22,23
202104,충청남도,당진시,23,23
202104,충청남도,당진시,24,15
202104,충청남도,당진시,25,14
202104,충청남도,당진시,26,12
202104,충청남도,당진시,27,8
202104,충청남도,당진시,28,6
202104,충청남도,당진시,29,10
202104,충청남도,당진시,30,19
202104,충청남도,당진시,31,6
202104,충청남도,당진시,32,10
202104,충청남도,당진시,33,15
202104,충청남도,당진시,34,10
202104,충청남도,당진시,35,20
202104,충청남도,당진시,36,15
202104,충청남도,당진시,37,16
202104,충청남도,당진시,38,26
202104,충청남도,당진시,39,34
202104,충청남도,당진시,40,31
202104,충청남도,당진시,41,30
202104,충청남도,당진시,42,38
202104,충청남도,당진시,43,42
202104,충청남도,당진시,44,33
202104,충청남도,당진시,45,44
202104,충청남도,당진시,46,35
202104,충청남도,당진시,47,54
202104,충청남도,당진시,48,58
202104,충청남도,당진시,49,50
202104,충청남도,당진시,50,46
202104,충청남도,당진시,51,57
202104,충청남도,당진시,52,70
202104,충청남도,당진시,53,47
202104,충청남도,당진시,54,55
202104,충청남도,당진시,55,59
202104,충청남도,당진시,56,75
202104,충청남도,당진시,57,59
202104,충청남도,당진시,58,61
202104,충청남도,당진시,59,49
202104,충청남도,당진시,60,71
202104,충청남도,당진시,61,83
202104,충청남도,당진시,62,75
202104,충청남도,당진시,63,71
202104,충청남도,당진시,64,80
202104,충청남도,당진시,65,81
202104,충청남도,당진시,66,81
202104,충청남도,당진시,67,64
202104,충청남도,당진시,68,53
202104,충청남도,당진시,69,73
202104,충청남도,당진시,70,65
202104,충청남도,당진시,71,69
202104,충청남도,당진시,72,84
202104,충청남도,당진시,73,72
202104,충청남도,당진시,74,66
202104,충청남도,당진시,75,53
202104,충청남도,당진시,76,50
202104,충청남도,당진시,77,49
202104,충청남도,당진시,78,57
202104,충청남도,당진시,79,87
202104,충청남도,당진시,80,46
202104,충청남도,당진시,81,64
202104,충청남도,당진시,82,59
202104,충청남도,당진시,83,59
202104,충청남도,당진시,84,65
202104,충청남도,당진시,85,58
202104,충청남도,당진시,86,39
202104,충청남도,당진시,87,31
202104,충청남도,당진시,88,39
202104,충청남도,당진시,89,32
202104,충청남도,당진시,90,19
202104,충청남도,당진시,91,17
202104,충청남도,당진시,92,11
202104,충청남도,당진시,93,10
202104,충청남도,당진시,94,3
202104,충청남도,당진시,95,3
202104,충청남도,당진시,96,4
202104,충청남도,당진시,98,6
202104,충청남도,당진시,99,1
202104,충청남도,당진시,100,1
202104,충청남도,당진시,101,1
202104,충청남도,당진시,102,1
202104,충청남도,금산군,0,1
202104,충청남도,금산군,1,2
202104,충청남도,금산군,2,4
202104,충청남도,금산군,3,2
202104,충청남도,금산군,4,8
202104,충청남도,금산군,5,11
202104,충청남도,금산군,6,10
202104,충청남도,금산군,7,17
202104,충청남도,금산군,8,27
202104,충청남도,금산군,9,26
202104,충청남도,금산군,10,37
202104,충청남도,금산군,11,28
202104,충청남도,금산군,12,38
202104,충청남도,금산군,13,37
202104,충청남도,금산군,14,31
202104,충청남도,금산군,15,45
202104,충청남도,금산군,16,44
202104,충청남도,금산군,17,37
202104,충청남도,금산군,18,34
202104,충청남도,금산군,19,22
202104,충청남도,금산군,20,19
202104,충청남도,금산군,21,16
202104,충청남도,금산군,22,8
202104,충청남도,금산군,23,13
202104,충청남도,금산군,24,11
202104,충청남도,금산군,25,5
202104,충청남도,금산군,26,6
202104,충청남도,금산군,27,5
202104,충청남도,금산군,28,7
202104,충청남도,금산군,29,5
202104,충청남도,금산군,30,3
202104,충청남도,금산군,31,3
202104,충청남도,금산군,32,6
202104,충청남도,금산군,33,9
202104,충청남도,금산군,34,5
202104,충청남도,금산군,35,9
202104,충청남도,금산군,36,10
202104,충청남도,금산군,37,9
202104,충청남도,금산군,38,14
202104,충청남도,금산군,39,7
202104,충청남도,금산군,40,15
202104,충청남도,금산군,41,25
202104,충청남도,금산군,42,9
202104,충청남도,금산군,43,18
202104,충청남도,금산군,44,21
202104,충청남도,금산군,45,25
202104,충청남도,금산군,46,22
202104,충청남도,금산군,47,24
202104,충청남도,금산군,48,32
202104,충청남도,금산군,49,38
202104,충청남도,금산군,50,29
202104,충청남도,금산군,51,39
202104,충청남도,금산군,52,42
202104,충청남도,금산군,53,26
202104,충청남도,금산군,54,54
202104,충청남도,금산군,55,43
202104,충청남도,금산군,56,50
202104,충청남도,금산군,57,44
202104,충청남도,금산군,58,43
202104,충청남도,금산군,59,44
202104,충청남도,금산군,60,39
202104,충청남도,금산군,61,44
202104,충청남도,금산군,62,48
202104,충청남도,금산군,63,47
202104,충청남도,금산군,64,46
202104,충청남도,금산군,65,45
202104,충청남도,금산군,66,62
202104,충청남도,금산군,67,55
202104,충청남도,금산군,68,52
202104,충청남도,금산군,69,35
202104,충청남도,금산군,70,41
202104,충청남도,금산군,71,42
202104,충청남도,금산군,72,41
202104,충청남도,금산군,73,50
202104,충청남도,금산군,74,66
202104,충청남도,금산군,75,37
202104,충청남도,금산군,76,46
202104,충청남도,금산군,77,41
202104,충청남도,금산군,78,74
202104,충청남도,금산군,79,64
202104,충청남도,금산군,80,47
202104,충청남도,금산군,81,64
202104,충청남도,금산군,82,58
202104,충청남도,금산군,83,58
202104,충청남도,금산군,84,58
202104,충청남도,금산군,85,53
202104,충청남도,금산군,86,43
202104,충청남도,금산군,87,43
202104,충청남도,금산군,88,27
202104,충청남도,금산군,89,29
202104,충청남도,금산군,90,29
202104,충청남도,금산군,91,21
202104,충청남도,금산군,92,16
202104,충청남도,금산군,93,9
202104,충청남도,금산군,94,5
202104,충청남도,금산군,95,2
202104,충청남도,금산군,96,6
202104,충청남도,금산군,97,2
202104,충청남도,금산군,98,3
202104,충청남도,금산군,101,1
202104,충청남도,부여군,0,3
202104,충청남도,부여군,1,2
202104,충청남도,부여군,2,7
202104,충청남도,부여군,3,9
202104,충청남도,부여군,4,10
202104,충청남도,부여군,5,14
202104,충청남도,부여군,6,21
202104,충청남도,부여군,7,33
202104,충청남도,부여군,8,30
202104,충청남도,부여군,9,37
202104,충청남도,부여군,10,37
202104,충청남도,부여군,11,48
202104,충청남도,부여군,12,44
202104,충청남도,부여군,13,43
202104,충청남도,부여군,14,47
202104,충청남도,부여군,15,57
202104,충청남도,부여군,16,45
202104,충청남도,부여군,17,59
202104,충청남도,부여군,18,31
202104,충청남도,부여군,19,39
202104,충청남도,부여군,20,29
202104,충청남도,부여군,21,22
202104,충청남도,부여군,22,23
202104,충청남도,부여군,23,15
202104,충청남도,부여군,24,8
202104,충청남도,부여군,25,12
202104,충청남도,부여군,26,13
202104,충청남도,부여군,27,5
202104,충청남도,부여군,28,3
202104,충청남도,부여군,29,8
202104,충청남도,부여군,30,9
202104,충청남도,부여군,31,9
202104,충청남도,부여군,32,8
202104,충청남도,부여군,33,11
202104,충청남도,부여군,34,15
202104,충청남도,부여군,35,15
202104,충청남도,부여군,36,16
202104,충청남도,부여군,37,18
202104,충청남도,부여군,38,16
202104,충청남도,부여군,39,17
202104,충청남도,부여군,40,25
202104,충청남도,부여군,41,41
202104,충청남도,부여군,42,24
202104,충청남도,부여군,43,34
202104,충청남도,부여군,44,29
202104,충청남도,부여군,45,37
202104,충청남도,부여군,46,37
202104,충청남도,부여군,47,47
202104,충청남도,부여군,48,45
202104,충청남도,부여군,49,45
202104,충청남도,부여군,50,50
202104,충청남도,부여군,51,48
202104,충청남도,부여군,52,69
202104,충청남도,부여군,53,54
202104,충청남도,부여군,54,52
202104,충청남도,부여군,55,56
202104,충청남도,부여군,56,52
202104,충청남도,부여군,57,50
202104,충청남도,부여군,58,70
202104,충청남도,부여군,59,72
202104,충청남도,부여군,60,87
202104,충청남도,부여군,61,77
202104,충청남도,부여군,62,60
202104,충청남도,부여군,63,62
202104,충청남도,부여군,64,55
202104,충청남도,부여군,65,81
202104,충청남도,부여군,66,61
202104,충청남도,부여군,67,66
202104,충청남도,부여군,68,70
202104,충청남도,부여군,69,51
202104,충청남도,부여군,70,57
202104,충청남도,부여군,71,57
202104,충청남도,부여군,72,49
202104,충청남도,부여군,73,63
202104,충청남도,부여군,74,54
202104,충청남도,부여군,75,40
202104,충청남도,부여군,76,64
202104,충청남도,부여군,77,76
202104,충청남도,부여군,78,92
202104,충청남도,부여군,79,88
202104,충청남도,부여군,80,52
202104,충청남도,부여군,81,71
202104,충청남도,부여군,82,65
202104,충청남도,부여군,83,57
202104,충청남도,부여군,84,66
202104,충청남도,부여군,85,61
202104,충청남도,부여군,86,71
202104,충청남도,부여군,87,54
202104,충청남도,부여군,88,51
202104,충청남도,부여군,89,51
202104,충청남도,부여군,90,28
202104,충청남도,부여군,91,30
202104,충청남도,부여군,92,23
202104,충청남도,부여군,93,17
202104,충청남도,부여군,94,16
202104,충청남도,부여군,95,9
202104,충청남도,부여군,96,6
202104,충청남도,부여군,97,8
202104,충청남도,부여군,98,6
202104,충청남도,부여군,99,3
202104,충청남도,부여군,100,2
202104,충청남도,부여군,101,3
202104,충청남도,부여군,102,1
202104,충청남도,부여군,103,1
202104,충청남도,부여군,104,1
202104,충청남도,서천군,0,1
202104,충청남도,서천군,2,1
202104,충청남도,서천군,3,2
202104,충청남도,서천군,4,2
202104,충청남도,서천군,5,7
202104,충청남도,서천군,6,2
202104,충청남도,서천군,7,18
202104,충청남도,서천군,8,13
202104,충청남도,서천군,9,17
202104,충청남도,서천군,10,21
202104,충청남도,서천군,11,15
202104,충청남도,서천군,12,18
202104,충청남도,서천군,13,22
202104,충청남도,서천군,14,25
202104,충청남도,서천군,15,24
202104,충청남도,서천군,16,28
202104,충청남도,서천군,17,29
202104,충청남도,서천군,18,24
202104,충청남도,서천군,19,20
202104,충청남도,서천군,20,10
202104,충청남도,서천군,21,11
202104,충청남도,서천군,22,10
202104,충청남도,서천군,23,8
202104,충청남도,서천군,24,8
202104,충청남도,서천군,25,6
202104,충청남도,서천군,26,6
202104,충청남도,서천군,27,7
202104,충청남도,서천군,28,4
202104,충청남도,서천군,29,3
202104,충청남도,서천군,30,4
202104,충청남도,서천군,31,3
202104,충청남도,서천군,32,7
202104,충청남도,서천군,33,6
202104,충청남도,서천군,34,8
202104,충청남도,서천군,35,11
202104,충청남도,서천군,36,7
202104,충청남도,서천군,37,9
202104,충청남도,서천군,38,8
202104,충청남도,서천군,39,12
202104,충청남도,서천군,40,15
202104,충청남도,서천군,41,15
202104,충청남도,서천군,42,14
202104,충청남도,서천군,43,10
202104,충청남도,서천군,44,15
202104,충청남도,서천군,45,23
202104,충청남도,서천군,46,28
202104,충청남도,서천군,47,19
202104,충청남도,서천군,48,32
202104,충청남도,서천군,49,28
202104,충청남도,서천군,50,31
202104,충청남도,서천군,51,24
202104,충청남도,서천군,52,39
202104,충청남도,서천군,53,25
202104,충청남도,서천군,54,28
202104,충청남도,서천군,55,32
202104,충청남도,서천군,56,45
202104,충청남도,서천군,57,36
202104,충청남도,서천군,58,51
202104,충청남도,서천군,59,54
202104,충청남도,서천군,60,59
202104,충청남도,서천군,61,49
202104,충청남도,서천군,62,42
202104,충청남도,서천군,63,44
202104,충청남도,서천군,64,44
202104,충청남도,서천군,65,39
202104,충청남도,서천군,66,64
202104,충청남도,서천군,67,36
202104,충청남도,서천군,68,45
202104,충청남도,서천군,69,44
202104,충청남도,서천군,70,44
202104,충청남도,서천군,71,45
202104,충청남도,서천군,72,54
202104,충청남도,서천군,73,53
202104,충청남도,서천군,74,60
202104,충청남도,서천군,75,35
202104,충청남도,서천군,76,53
202104,충청남도,서천군,77,52
202104,충청남도,서천군,78,76
202104,충청남도,서천군,79,63
202104,충청남도,서천군,80,54
202104,충청남도,서천군,81,45
202104,충청남도,서천군,82,62
202104,충청남도,서천군,83,48
202104,충청남도,서천군,84,54
202104,충청남도,서천군,85,56
202104,충청남도,서천군,86,50
202104,충청남도,서천군,87,43
202104,충청남도,서천군,88,41
202104,충청남도,서천군,89,38
202104,충청남도,서천군,90,18
202104,충청남도,서천군,91,15
202104,충청남도,서천군,92,11
202104,충청남도,서천군,93,9
202104,충청남도,서천군,94,7
202104,충청남도,서천군,95,5
202104,충청남도,서천군,96,3
202104,충청남도,서천군,97,2
202104,충청남도,서천군,98,3
202104,충청남도,서천군,99,1
202104,충청남도,서천군,100,1
202104,충청남도,서천군,102,1
202104,충청남도,서천군,104,1
202104,충청남도,청양군,0,1
202104,충청남도,청양군,1,3
202104,충청남도,청양군,2,2
202104,충청남도,청양군,3,2
202104,충청남도,청양군,4,4
202104,충청남도,청양군,5,4
202104,충청남도,청양군,6,5
202104,충청남도,청양군,7,11
202104,충청남도,청양군,8,10
202104,충청남도,청양군,9,11
202104,충청남도,청양군,10,18
202104,충청남도,청양군,11,13
202104,충청남도,청양군,12,23
202104,충청남도,청양군,13,12
202104,충청남도,청양군,14,18
202104,충청남도,청양군,15,16
202104,충청남도,청양군,16,18
202104,충청남도,청양군,17,17
202104,충청남도,청양군,18,10
202104,충청남도,청양군,19,11
202104,충청남도,청양군,20,7
202104,충청남도,청양군,21,11
202104,충청남도,청양군,22,4
202104,충청남도,청양군,23,5
202104,충청남도,청양군,24,10
202104,충청남도,청양군,25,1
202104,충청남도,청양군,26,3
202104,충청남도,청양군,27,3
202104,충청남도,청양군,28,6
202104,충청남도,청양군,29,3
202104,충청남도,청양군,30,2
202104,충청남도,청양군,31,4
202104,충청남도,청양군,32,3
202104,충청남도,청양군,33,4
202104,충청남도,청양군,34,4
202104,충청남도,청양군,35,5
202104,충청남도,청양군,36,4
202104,충청남도,청양군,37,5
202104,충청남도,청양군,38,7
202104,충청남도,청양군,39,9
202104,충청남도,청양군,40,6
202104,충청남도,청양군,41,6
202104,충청남도,청양군,42,7
202104,충청남도,청양군,43,8
202104,충청남도,청양군,44,6
202104,충청남도,청양군,45,15
202104,충청남도,청양군,46,12
202104,충청남도,청양군,47,16
202104,충청남도,청양군,48,12
202104,충청남도,청양군,49,9
202104,충청남도,청양군,50,9
202104,충청남도,청양군,51,15
202104,충청남도,청양군,52,20
202104,충청남도,청양군,53,16
202104,충청남도,청양군,54,24
202104,충청남도,청양군,55,17
202104,충청남도,청양군,56,16
202104,충청남도,청양군,57,13
202104,충청남도,청양군,58,25
202104,충청남도,청양군,59,21
202104,충청남도,청양군,60,15
202104,충청남도,청양군,61,31
202104,충청남도,청양군,62,22
202104,충청남도,청양군,63,27
202104,충청남도,청양군,64,13
202104,충청남도,청양군,65,16
202104,충청남도,청양군,66,20
202104,충청남도,청양군,67,16
202104,충청남도,청양군,68,18
202104,충청남도,청양군,69,14
202104,충청남도,청양군,70,17
202104,충청남도,청양군,71,23
202104,충청남도,청양군,72,15
202104,충청남도,청양군,73,14
202104,충청남도,청양군,74,19
202104,충청남도,청양군,75,13
202104,충청남도,청양군,76,12
202104,충청남도,청양군,77,21
202104,충청남도,청양군,78,15
202104,충청남도,청양군,79,23
202104,충청남도,청양군,80,21
202104,충청남도,청양군,81,23
202104,충청남도,청양군,82,22
202104,충청남도,청양군,83,22
202104,충청남도,청양군,84,13
202104,충청남도,청양군,85,19
202104,충청남도,청양군,86,14
202104,충청남도,청양군,87,15
202104,충청남도,청양군,88,16
202104,충청남도,청양군,89,9
202104,충청남도,청양군,90,8
202104,충청남도,청양군,91,6
202104,충청남도,청양군,92,8
202104,충청남도,청양군,93,5
202104,충청남도,청양군,94,2
202104,충청남도,청양군,95,3
202104,충청남도,청양군,96,1
202104,충청남도,청양군,98,1
202104,충청남도,홍성군,0,9
202104,충청남도,홍성군,1,9
202104,충청남도,홍성군,2,4
202104,충청남도,홍성군,3,10
202104,충청남도,홍성군,4,16
202104,충청남도,홍성군,5,8
202104,충청남도,홍성군,6,18
202104,충청남도,홍성군,7,34
202104,충청남도,홍성군,8,45
202104,충청남도,홍성군,9,41
202104,충청남도,홍성군,10,49
202104,충청남도,홍성군,11,46
202104,충청남도,홍성군,12,49
202104,충청남도,홍성군,13,54
202104,충청남도,홍성군,14,62
202104,충청남도,홍성군,15,60
202104,충청남도,홍성군,16,63
202104,충청남도,홍성군,17,50
202104,충청남도,홍성군,18,47
202104,충청남도,홍성군,19,44
202104,충청남도,홍성군,20,30
202104,충청남도,홍성군,21,23
202104,충청남도,홍성군,22,20
202104,충청남도,홍성군,23,23
202104,충청남도,홍성군,24,14
202104,충청남도,홍성군,25,13
202104,충청남도,홍성군,26,9
202104,충청남도,홍성군,27,8
202104,충청남도,홍성군,28,5
202104,충청남도,홍성군,29,6
202104,충청남도,홍성군,30,9
202104,충청남도,홍성군,31,11
202104,충청남도,홍성군,32,13
202104,충청남도,홍성군,33,9
202104,충청남도,홍성군,34,9
202104,충청남도,홍성군,35,9
202104,충청남도,홍성군,36,19
202104,충청남도,홍성군,37,23
202104,충청남도,홍성군,38,19
202104,충청남도,홍성군,39,30
202104,충청남도,홍성군,40,32
202104,충청남도,홍성군,41,47
202104,충청남도,홍성군,42,32
202104,충청남도,홍성군,43,36
202104,충청남도,홍성군,44,30
202104,충청남도,홍성군,45,36
202104,충청남도,홍성군,46,45
202104,충청남도,홍성군,47,46
202104,충청남도,홍성군,48,53
202104,충청남도,홍성군,49,56
202104,충청남도,홍성군,50,36
202104,충청남도,홍성군,51,52
202104,충청남도,홍성군,52,52
202104,충청남도,홍성군,53,61
202104,충청남도,홍성군,54,57
202104,충청남도,홍성군,55,42
202104,충청남도,홍성군,56,70
202104,충청남도,홍성군,57,52
202104,충청남도,홍성군,58,60
202104,충청남도,홍성군,59,67
202104,충청남도,홍성군,60,57
202104,충청남도,홍성군,61,78
202104,충청남도,홍성군,62,66
202104,충청남도,홍성군,63,57
202104,충청남도,홍성군,64,51
202104,충청남도,홍성군,65,72
202104,충청남도,홍성군,66,65
202104,충청남도,홍성군,67,55
202104,충청남도,홍성군,68,53
202104,충청남도,홍성군,69,50
202104,충청남도,홍성군,70,59
202104,충청남도,홍성군,71,64
202104,충청남도,홍성군,72,49
202104,충청남도,홍성군,73,72
202104,충청남도,홍성군,74,52
202104,충청남도,홍성군,75,39
202104,충청남도,홍성군,76,45
202104,충청남도,홍성군,77,50
202104,충청남도,홍성군,78,66
202104,충청남도,홍성군,79,63
202104,충청남도,홍성군,80,56
202104,충청남도,홍성군,81,54
202104,충청남도,홍성군,82,59
202104,충청남도,홍성군,83,57
202104,충청남도,홍성군,84,66
202104,충청남도,홍성군,85,53
202104,충청남도,홍성군,86,51
202104,충청남도,홍성군,87,42
202104,충청남도,홍성군,88,30
202104,충청남도,홍성군,89,29
202104,충청남도,홍성군,90,28
202104,충청남도,홍성군,91,24
202104,충청남도,홍성군,92,16
202104,충청남도,홍성군,93,14
202104,충청남도,홍성군,94,12
202104,충청남도,홍성군,95,8
202104,충청남도,홍성군,96,8
202104,충청남도,홍성군,97,3
202104,충청남도,홍성군,98,8
202104,충청남도,홍성군,99,3
202104,충청남도,홍성군,101,1
202104,충청남도,홍성군,102,2
202104,충청남도,홍성군,104,1
202104,충청남도,예산군,0,2
202104,충청남도,예산군,1,4
202104,충청남도,예산군,2,2
202104,충청남도,예산군,3,7
202104,충청남도,예산군,4,7
202104,충청남도,예산군,5,18
202104,충청남도,예산군,6,12
202104,충청남도,예산군,7,22
202104,충청남도,예산군,8,29
202104,충청남도,예산군,9,33
202104,충청남도,예산군,10,45
202104,충청남도,예산군,11,23
202104,충청남도,예산군,12,29
202104,충청남도,예산군,13,34
202104,충청남도,예산군,14,43
202104,충청남도,예산군,15,44
202104,충청남도,예산군,16,39
202104,충청남도,예산군,17,51
202104,충청남도,예산군,18,35
202104,충청남도,예산군,19,41
202104,충청남도,예산군,20,25
202104,충청남도,예산군,21,26
202104,충청남도,예산군,22,23
202104,충청남도,예산군,23,17
202104,충청남도,예산군,24,10
202104,충청남도,예산군,25,10
202104,충청남도,예산군,26,6
202104,충청남도,예산군,27,10
202104,충청남도,예산군,28,10
202104,충청남도,예산군,29,1
202104,충청남도,예산군,30,13
202104,충청남도,예산군,31,7
202104,충청남도,예산군,32,7
202104,충청남도,예산군,33,10
202104,충청남도,예산군,34,9
202104,충청남도,예산군,35,11
202104,충청남도,예산군,36,12
202104,충청남도,예산군,37,18
202104,충청남도,예산군,38,14
202104,충청남도,예산군,39,16
202104,충청남도,예산군,40,19
202104,충청남도,예산군,41,23
202104,충청남도,예산군,42,18
202104,충청남도,예산군,43,24
202104,충청남도,예산군,44,42
202104,충청남도,예산군,45,24
202104,충청남도,예산군,46,43
202104,충청남도,예산군,47,34
202104,충청남도,예산군,48,30
202104,충청남도,예산군,49,50
202104,충청남도,예산군,50,50
202104,충청남도,예산군,51,49
202104,충청남도,예산군,52,52
202104,충청남도,예산군,53,42
202104,충청남도,예산군,54,42
202104,충청남도,예산군,55,53
202104,충청남도,예산군,56,34
202104,충청남도,예산군,57,43
202104,충청남도,예산군,58,52
202104,충청남도,예산군,59,63
202104,충청남도,예산군,60,70
202104,충청남도,예산군,61,67
202104,충청남도,예산군,62,51
202104,충청남도,예산군,63,65
202104,충청남도,예산군,64,60
202104,충청남도,예산군,65,72
202104,충청남도,예산군,66,76
202104,충청남도,예산군,67,61
202104,충청남도,예산군,68,47
202104,충청남도,예산군,69,62
202104,충청남도,예산군,70,52
202104,충청남도,예산군,71,58
202104,충청남도,예산군,72,60
202104,충청남도,예산군,73,73
202104,충청남도,예산군,74,69
202104,충청남도,예산군,75,34
202104,충청남도,예산군,76,45
202104,충청남도,예산군,77,65
202104,충청남도,예산군,78,75
202104,충청남도,예산군,79,99
202104,충청남도,예산군,80,63
202104,충청남도,예산군,81,51
202104,충청남도,예산군,82,70
202104,충청남도,예산군,83,56
202104,충청남도,예산군,84,68
202104,충청남도,예산군,85,53
202104,충청남도,예산군,86,44
202104,충청남도,예산군,87,47
202104,충청남도,예산군,88,49
202104,충청남도,예산군,89,31
202104,충청남도,예산군,90,24
202104,충청남도,예산군,91,21
202104,충청남도,예산군,92,14
202104,충청남도,예산군,93,7
202104,충청남도,예산군,94,7
202104,충청남도,예산군,95,5
202104,충청남도,예산군,96,2
202104,충청남도,예산군,97,2
202104,충청남도,예산군,98,6
202104,충청남도,예산군,99,1
202104,충청남도,예산군,106,1
202104,충청남도,태안군,0,2
202104,충청남도,태안군,1,5
202104,충청남도,태안군,2,6
202104,충청남도,태안군,3,8
202104,충청남도,태안군,4,5
202104,충청남도,태안군,5,11
202104,충청남도,태안군,6,14
202104,충청남도,태안군,7,16
202104,충청남도,태안군,8,28
202104,충청남도,태안군,9,18
202104,충청남도,태안군,10,28
202104,충청남도,태안군,11,28
202104,충청남도,태안군,12,42
202104,충청남도,태안군,13,40
202104,충청남도,태안군,14,40
202104,충청남도,태안군,15,37
202104,충청남도,태안군,16,37
202104,충청남도,태안군,17,26
202104,충청남도,태안군,18,35
202104,충청남도,태안군,19,9
202104,충청남도,태안군,20,18
202104,충청남도,태안군,21,14
202104,충청남도,태안군,22,21
202104,충청남도,태안군,23,13
202104,충청남도,태안군,24,12
202104,충청남도,태안군,25,9
202104,충청남도,태안군,27,5
202104,충청남도,태안군,28,2
202104,충청남도,태안군,29,5
202104,충청남도,태안군,30,7
202104,충청남도,태안군,31,2
202104,충청남도,태안군,32,5
202104,충청남도,태안군,33,5
202104,충청남도,태안군,34,7
202104,충청남도,태안군,35,10
202104,충청남도,태안군,36,6
202104,충청남도,태안군,37,23
202104,충청남도,태안군,38,19
202104,충청남도,태안군,39,15
202104,충청남도,태안군,40,16
202104,충청남도,태안군,41,22
202104,충청남도,태안군,42,22
202104,충청남도,태안군,43,11
202104,충청남도,태안군,44,21
202104,충청남도,태안군,45,22
202104,충청남도,태안군,46,30
202104,충청남도,태안군,47,32
202104,충청남도,태안군,48,22
202104,충청남도,태안군,49,28
202104,충청남도,태안군,50,26
202104,충청남도,태안군,51,36
202104,충청남도,태안군,52,37
202104,충청남도,태안군,53,35
202104,충청남도,태안군,54,32
202104,충청남도,태안군,55,38
202104,충청남도,태안군,56,35
202104,충청남도,태안군,57,25
202104,충청남도,태안군,58,43
202104,충청남도,태안군,59,38
202104,충청남도,태안군,60,43
202104,충청남도,태안군,61,45
202104,충청남도,태안군,62,57
202104,충청남도,태안군,63,44
202104,충청남도,태안군,64,38
202104,충청남도,태안군,65,46
202104,충청남도,태안군,66,59
202104,충청남도,태안군,67,42
202104,충청남도,태안군,68,52
202104,충청남도,태안군,69,41
202104,충청남도,태안군,70,40
202104,충청남도,태안군,71,42
202104,충청남도,태안군,72,47
202104,충청남도,태안군,73,47
202104,충청남도,태안군,74,42
202104,충청남도,태안군,75,33
202104,충청남도,태안군,76,35
202104,충청남도,태안군,77,38
202104,충청남도,태안군,78,54
202104,충청남도,태안군,79,48
202104,충청남도,태안군,80,36
202104,충청남도,태안군,81,27
202104,충청남도,태안군,82,50
202104,충청남도,태안군,83,33
202104,충청남도,태안군,84,30
202104,충청남도,태안군,85,27
202104,충청남도,태안군,86,30
202104,충청남도,태안군,87,28
202104,충청남도,태안군,88,28
202104,충청남도,태안군,89,18
202104,충청남도,태안군,90,10
202104,충청남도,태안군,91,5
202104,충청남도,태안군,92,14
202104,충청남도,태안군,93,16
202104,충청남도,태안군,94,5
202104,충청남도,태안군,95,7
202104,충청남도,태안군,96,4
202104,충청남도,태안군,97,4
202104,충청남도,태안군,98,4
202104,전라북도,전주시,0,49
202104,전라북도,전주시,1,117
202104,전라북도,전주시,2,122
202104,전라북도,전주시,3,167
202104,전라북도,전주시,4,209
202104,전라북도,전주시,5,234
202104,전라북도,전주시,6,267
202104,전라북도,전주시,7,386
202104,전라북도,전주시,8,459
202104,전라북도,전주시,9,451
202104,전라북도,전주시,10,557
202104,전라북도,전주시,11,499
202104,전라북도,전주시,12,521
202104,전라북도,전주시,13,582
202104,전라북도,전주시,14,584
202104,전라북도,전주시,15,595
202104,전라북도,전주시,16,651
202104,전라북도,전주시,17,697
202104,전라북도,전주시,18,595
202104,전라북도,전주시,19,528
202104,전라북도,전주시,20,546
202104,전라북도,전주시,21,465
202104,전라북도,전주시,22,485
202104,전라북도,전주시,23,375
202104,전라북도,전주시,24,351
202104,전라북도,전주시,25,267
202104,전라북도,전주시,26,230
202104,전라북도,전주시,27,179
202104,전라북도,전주시,28,150
202104,전라북도,전주시,29,144
202104,전라북도,전주시,30,144
202104,전라북도,전주시,31,159
202104,전라북도,전주시,32,126
202104,전라북도,전주시,33,135
202104,전라북도,전주시,34,179
202104,전라북도,전주시,35,187
202104,전라북도,전주시,36,206
202104,전라북도,전주시,37,230
202104,전라북도,전주시,38,296
202104,전라북도,전주시,39,334
202104,전라북도,전주시,40,365
202104,전라북도,전주시,41,342
202104,전라북도,전주시,42,349
202104,전라북도,전주시,43,415
202104,전라북도,전주시,44,397
202104,전라북도,전주시,45,441
202104,전라북도,전주시,46,485
202104,전라북도,전주시,47,513
202104,전라북도,전주시,48,540
202104,전라북도,전주시,49,614
202104,전라북도,전주시,50,600
202104,전라북도,전주시,51,534
202104,전라북도,전주시,52,561
202104,전라북도,전주시,53,528
202104,전라북도,전주시,54,539
202104,전라북도,전주시,55,553
202104,전라북도,전주시,56,523
202104,전라북도,전주시,57,496
202104,전라북도,전주시,58,566
202104,전라북도,전주시,59,556
202104,전라북도,전주시,60,615
202104,전라북도,전주시,61,632
202104,전라북도,전주시,62,515
202104,전라북도,전주시,63,534
202104,전라북도,전주시,64,474
202104,전라북도,전주시,65,541
202104,전라북도,전주시,66,578
202104,전라북도,전주시,67,452
202104,전라북도,전주시,68,453
202104,전라북도,전주시,69,449
202104,전라북도,전주시,70,429
202104,전라북도,전주시,71,502
202104,전라북도,전주시,72,392
202104,전라북도,전주시,73,440
202104,전라북도,전주시,74,446
202104,전라북도,전주시,75,308
202104,전라북도,전주시,76,335
202104,전라북도,전주시,77,338
202104,전라북도,전주시,78,453
202104,전라북도,전주시,79,453
202104,전라북도,전주시,80,336
202104,전라북도,전주시,81,351
202104,전라북도,전주시,82,345
202104,전라북도,전주시,83,329
202104,전라북도,전주시,84,282
202104,전라북도,전주시,85,266
202104,전라북도,전주시,86,232
202104,전라북도,전주시,87,185
202104,전라북도,전주시,88,150
202104,전라북도,전주시,89,141
202104,전라북도,전주시,90,113
202104,전라북도,전주시,91,100
202104,전라북도,전주시,92,78
202104,전라북도,전주시,93,56
202104,전라북도,전주시,94,51
202104,전라북도,전주시,95,26
202104,전라북도,전주시,96,19
202104,전라북도,전주시,97,14
202104,전라북도,전주시,98,19
202104,전라북도,전주시,99,6
202104,전라북도,전주시,100,4
202104,전라북도,전주시,101,2
202104,전라북도,전주시,102,2
202104,전라북도,전주시,103,1
202104,전라북도,전주시,104,2
202104,전라북도,전주시,109,1
202104,전라북도,군산시,0,17
202104,전라북도,군산시,1,35
202104,전라북도,군산시,2,47
202104,전라북도,군산시,3,61
202104,전라북도,군산시,4,79
202104,전라북도,군산시,5,87
202104,전라북도,군산시,6,144
202104,전라북도,군산시,7,155
202104,전라북도,군산시,8,176
202104,전라북도,군산시,9,205
202104,전라북도,군산시,10,211
202104,전라북도,군산시,11,221
202104,전라북도,군산시,12,218
202104,전라북도,군산시,13,234
202104,전라북도,군산시,14,246
202104,전라북도,군산시,15,219
202104,전라북도,군산시,16,247
202104,전라북도,군산시,17,265
202104,전라북도,군산시,18,235
202104,전라북도,군산시,19,188
202104,전라북도,군산시,20,170
202104,전라북도,군산시,21,141
202104,전라북도,군산시,22,160
202104,전라북도,군산시,23,111
202104,전라북도,군산시,24,107
202104,전라북도,군산시,25,80
202104,전라북도,군산시,26,60
202104,전라북도,군산시,27,40
202104,전라북도,군산시,28,51
202104,전라북도,군산시,29,48
202104,전라북도,군산시,30,48
202104,전라북도,군산시,31,49
202104,전라북도,군산시,32,64
202104,전라북도,군산시,33,57
202104,전라북도,군산시,34,78
202104,전라북도,군산시,35,56
202104,전라북도,군산시,36,78
202104,전라북도,군산시,37,121
202104,전라북도,군산시,38,120
202104,전라북도,군산시,39,137
202104,전라북도,군산시,40,142
202104,전라북도,군산시,41,135
202104,전라북도,군산시,42,148
202104,전라북도,군산시,43,148
202104,전라북도,군산시,44,120
202104,전라북도,군산시,45,175
202104,전라북도,군산시,46,174
202104,전라북도,군산시,47,227
202104,전라북도,군산시,48,220
202104,전라북도,군산시,49,223
202104,전라북도,군산시,50,232
202104,전라북도,군산시,51,221
202104,전라북도,군산시,52,236
202104,전라북도,군산시,53,188
202104,전라북도,군산시,54,220
202104,전라북도,군산시,55,211
202104,전라북도,군산시,56,256
202104,전라북도,군산시,57,222
202104,전라북도,군산시,58,282
202104,전라북도,군산시,59,267
202104,전라북도,군산시,60,278
202104,전라북도,군산시,61,290
202104,전라북도,군산시,62,279
202104,전라북도,군산시,63,291
202104,전라북도,군산시,64,279
202104,전라북도,군산시,65,320
202104,전라북도,군산시,66,358
202104,전라북도,군산시,67,323
202104,전라북도,군산시,68,279
202104,전라북도,군산시,69,283
202104,전라북도,군산시,70,292
202104,전라북도,군산시,71,309
202104,전라북도,군산시,72,244
202104,전라북도,군산시,73,298
202104,전라북도,군산시,74,332
202104,전라북도,군산시,75,204
202104,전라북도,군산시,76,239
202104,전라북도,군산시,77,237
202104,전라북도,군산시,78,345
202104,전라북도,군산시,79,326
202104,전라북도,군산시,80,233
202104,전라북도,군산시,81,261
202104,전라북도,군산시,82,227
202104,전라북도,군산시,83,219
202104,전라북도,군산시,84,208
202104,전라북도,군산시,85,187
202104,전라북도,군산시,86,176
202104,전라북도,군산시,87,129
202104,전라북도,군산시,88,122
202104,전라북도,군산시,89,104
202104,전라북도,군산시,90,81
202104,전라북도,군산시,91,62
202104,전라북도,군산시,92,48
202104,전라북도,군산시,93,40
202104,전라북도,군산시,94,33
202104,전라북도,군산시,95,14
202104,전라북도,군산시,96,10
202104,전라북도,군산시,97,19
202104,전라북도,군산시,98,5
202104,전라북도,군산시,99,3
202104,전라북도,군산시,100,2
202104,전라북도,군산시,101,2
202104,전라북도,군산시,106,1
202104,전라북도,익산시,0,27
202104,전라북도,익산시,1,46
202104,전라북도,익산시,2,56
202104,전라북도,익산시,3,62
202104,전라북도,익산시,4,98
202104,전라북도,익산시,5,103
202104,전라북도,익산시,6,154
202104,전라북도,익산시,7,165
202104,전라북도,익산시,8,200
202104,전라북도,익산시,9,266
202104,전라북도,익산시,10,268
202104,전라북도,익산시,11,273
202104,전라북도,익산시,12,276
202104,전라북도,익산시,13,338
202104,전라북도,익산시,14,282
202104,전라북도,익산시,15,303
202104,전라북도,익산시,16,317
202104,전라북도,익산시,17,318
202104,전라북도,익산시,18,322
202104,전라북도,익산시,19,267
202104,전라북도,익산시,20,228
202104,전라북도,익산시,21,197
202104,전라북도,익산시,22,181
202104,전라북도,익산시,23,185
202104,전라북도,익산시,24,148
202104,전라북도,익산시,25,111
202104,전라북도,익산시,26,101
202104,전라북도,익산시,27,60
202104,전라북도,익산시,28,42
202104,전라북도,익산시,29,32
202104,전라북도,익산시,30,73
202104,전라북도,익산시,31,78
202104,전라북도,익산시,32,56
202104,전라북도,익산시,33,65
202104,전라북도,익산시,34,87
202104,전라북도,익산시,35,84
202104,전라북도,익산시,36,93
202104,전라북도,익산시,37,102
202104,전라북도,익산시,38,151
202104,전라북도,익산시,39,160
202104,전라북도,익산시,40,166
202104,전라북도,익산시,41,189
202104,전라북도,익산시,42,170
202104,전라북도,익산시,43,198
202104,전라북도,익산시,44,199
202104,전라북도,익산시,45,184
202104,전라북도,익산시,46,223
202104,전라북도,익산시,47,242
202104,전라북도,익산시,48,279
202104,전라북도,익산시,49,286
202104,전라북도,익산시,50,267
202104,전라북도,익산시,51,279
202104,전라북도,익산시,52,295
202104,전라북도,익산시,53,251
202104,전라북도,익산시,54,278
202104,전라북도,익산시,55,269
202104,전라북도,익산시,56,292
202104,전라북도,익산시,57,261
202104,전라북도,익산시,58,338
202104,전라북도,익산시,59,292
202104,전라북도,익산시,60,404
202104,전라북도,익산시,61,363
202104,전라북도,익산시,62,344
202104,전라북도,익산시,63,334
202104,전라북도,익산시,64,306
202104,전라북도,익산시,65,328
202104,전라북도,익산시,66,342
202104,전라북도,익산시,67,270
202104,전라북도,익산시,68,298
202104,전라북도,익산시,69,290
202104,전라북도,익산시,70,296
202104,전라북도,익산시,71,314
202104,전라북도,익산시,72,260
202104,전라북도,익산시,73,301
202104,전라북도,익산시,74,286
202104,전라북도,익산시,75,211
202104,전라북도,익산시,76,252
202104,전라북도,익산시,77,245
202104,전라북도,익산시,78,362
202104,전라북도,익산시,79,329
202104,전라북도,익산시,80,236
202104,전라북도,익산시,81,241
202104,전라북도,익산시,82,252
202104,전라북도,익산시,83,221
202104,전라북도,익산시,84,241
202104,전라북도,익산시,85,201
202104,전라북도,익산시,86,205
202104,전라북도,익산시,87,157
202104,전라북도,익산시,88,132
202104,전라북도,익산시,89,100
202104,전라북도,익산시,90,98
202104,전라북도,익산시,91,77
202104,전라북도,익산시,92,68
202104,전라북도,익산시,93,44
202104,전라북도,익산시,94,40
202104,전라북도,익산시,95,17
202104,전라북도,익산시,96,11
202104,전라북도,익산시,97,18
202104,전라북도,익산시,98,9
202104,전라북도,익산시,99,5
202104,전라북도,익산시,100,3
202104,전라북도,익산시,101,1
202104,전라북도,익산시,102,2
202104,전라북도,익산시,103,1
202104,전라북도,익산시,105,1
202104,전라북도,익산시,107,1
202104,전라북도,정읍시,0,18
202104,전라북도,정읍시,1,19
202104,전라북도,정읍시,2,22
202104,전라북도,정읍시,3,29
202104,전라북도,정읍시,4,26
202104,전라북도,정읍시,5,40
202104,전라북도,정읍시,6,53
202104,전라북도,정읍시,7,57
202104,전라북도,정읍시,8,65
202104,전라북도,정읍시,9,77
202104,전라북도,정읍시,10,81
202104,전라북도,정읍시,11,91
202104,전라북도,정읍시,12,83
202104,전라북도,정읍시,13,107
202104,전라북도,정읍시,14,100
202104,전라북도,정읍시,15,108
202104,전라북도,정읍시,16,134
202104,전라북도,정읍시,17,152
202104,전라북도,정읍시,18,107
202104,전라북도,정읍시,19,118
202104,전라북도,정읍시,20,92
202104,전라북도,정읍시,21,81
202104,전라북도,정읍시,22,90
202104,전라북도,정읍시,23,68
202104,전라북도,정읍시,24,50
202104,전라북도,정읍시,25,37
202104,전라북도,정읍시,26,35
202104,전라북도,정읍시,27,18
202104,전라북도,정읍시,28,24
202104,전라북도,정읍시,29,15
202104,전라북도,정읍시,30,21
202104,전라북도,정읍시,31,23
202104,전라북도,정읍시,32,17
202104,전라북도,정읍시,33,28
202104,전라북도,정읍시,34,27
202104,전라북도,정읍시,35,23
202104,전라북도,정읍시,36,42
202104,전라북도,정읍시,37,40
202104,전라북도,정읍시,38,41
202104,전라북도,정읍시,39,57
202104,전라북도,정읍시,40,46
202104,전라북도,정읍시,41,59
202104,전라북도,정읍시,42,63
202104,전라북도,정읍시,43,77
202104,전라북도,정읍시,44,65
202104,전라북도,정읍시,45,69
202104,전라북도,정읍시,46,88
202104,전라북도,정읍시,47,87
202104,전라북도,정읍시,48,96
202104,전라북도,정읍시,49,120
202104,전라북도,정읍시,50,105
202104,전라북도,정읍시,51,111
202104,전라북도,정읍시,52,138
202104,전라북도,정읍시,53,111
202104,전라북도,정읍시,54,122
202104,전라북도,정읍시,55,140
202104,전라북도,정읍시,56,132
202104,전라북도,정읍시,57,135
202104,전라북도,정읍시,58,147
202104,전라북도,정읍시,59,136
202104,전라북도,정읍시,60,177
202104,전라북도,정읍시,61,165
202104,전라북도,정읍시,62,125
202104,전라북도,정읍시,63,145
202104,전라북도,정읍시,64,134
202104,전라북도,정읍시,65,153
202104,전라북도,정읍시,66,141
202104,전라북도,정읍시,67,98
202104,전라북도,정읍시,68,125
202104,전라북도,정읍시,69,120
202104,전라북도,정읍시,70,120
202104,전라북도,정읍시,71,134
202104,전라북도,정읍시,72,126
202104,전라북도,정읍시,73,134
202104,전라북도,정읍시,74,138
202104,전라북도,정읍시,75,92
202104,전라북도,정읍시,76,110
202104,전라북도,정읍시,77,109
202104,전라북도,정읍시,78,149
202104,전라북도,정읍시,79,161
202104,전라북도,정읍시,80,122
202104,전라북도,정읍시,81,121
202104,전라북도,정읍시,82,109
202104,전라북도,정읍시,83,118
202104,전라북도,정읍시,84,108
202104,전라북도,정읍시,85,113
202104,전라북도,정읍시,86,103
202104,전라북도,정읍시,87,90
202104,전라북도,정읍시,88,70
202104,전라북도,정읍시,89,47
202104,전라북도,정읍시,90,43
202104,전라북도,정읍시,91,42
202104,전라북도,정읍시,92,27
202104,전라북도,정읍시,93,29
202104,전라북도,정읍시,94,16
202104,전라북도,정읍시,95,11
202104,전라북도,정읍시,96,6
202104,전라북도,정읍시,97,8
202104,전라북도,정읍시,98,6
202104,전라북도,정읍시,99,4
202104,전라북도,정읍시,100,4
202104,전라북도,정읍시,102,1
202104,전라북도,정읍시,104,2
202104,전라북도,정읍시,106,1
202104,전라북도,정읍시,116,1
202104,전라북도,남원시,0,8
202104,전라북도,남원시,1,12
202104,전라북도,남원시,2,19
202104,전라북도,남원시,3,18
202104,전라북도,남원시,4,18
202104,전라북도,남원시,5,30
202104,전라북도,남원시,6,52
202104,전라북도,남원시,7,47
202104,전라북도,남원시,8,54
202104,전라북도,남원시,9,72
202104,전라북도,남원시,10,75
202104,전라북도,남원시,11,70
202104,전라북도,남원시,12,83
202104,전라북도,남원시,13,97
202104,전라북도,남원시,14,84
202104,전라북도,남원시,15,81
202104,전라북도,남원시,16,99
202104,전라북도,남원시,17,106
202104,전라북도,남원시,18,91
202104,전라북도,남원시,19,88
202104,전라북도,남원시,20,74
202104,전라북도,남원시,21,75
202104,전라북도,남원시,22,49
202104,전라북도,남원시,23,45
202104,전라북도,남원시,24,43
202104,전라북도,남원시,25,33
202104,전라북도,남원시,26,19
202104,전라북도,남원시,27,22
202104,전라북도,남원시,28,15
202104,전라북도,남원시,29,10
202104,전라북도,남원시,30,9
202104,전라북도,남원시,31,11
202104,전라북도,남원시,32,24
202104,전라북도,남원시,33,15
202104,전라북도,남원시,34,23
202104,전라북도,남원시,35,23
202104,전라북도,남원시,36,30
202104,전라북도,남원시,37,29
202104,전라북도,남원시,38,32
202104,전라북도,남원시,39,45
202104,전라북도,남원시,40,49
202104,전라북도,남원시,41,49
202104,전라북도,남원시,42,46
202104,전라북도,남원시,43,62
202104,전라북도,남원시,44,62
202104,전라북도,남원시,45,63
202104,전라북도,남원시,46,65
202104,전라북도,남원시,47,87
202104,전라북도,남원시,48,67
202104,전라북도,남원시,49,93
202104,전라북도,남원시,50,80
202104,전라북도,남원시,51,85
202104,전라북도,남원시,52,105
202104,전라북도,남원시,53,116
202104,전라북도,남원시,54,99
202104,전라북도,남원시,55,93
202104,전라북도,남원시,56,94
202104,전라북도,남원시,57,74
202104,전라북도,남원시,58,107
202104,전라북도,남원시,59,106
202104,전라북도,남원시,60,134
202104,전라북도,남원시,61,128
202104,전라북도,남원시,62,111
202104,전라북도,남원시,63,119
202104,전라북도,남원시,64,111
202104,전라북도,남원시,65,110
202104,전라북도,남원시,66,106
202104,전라북도,남원시,67,82
202104,전라북도,남원시,68,83
202104,전라북도,남원시,69,94
202104,전라북도,남원시,70,76
202104,전라북도,남원시,71,100
202104,전라북도,남원시,72,92
202104,전라북도,남원시,73,89
202104,전라북도,남원시,74,89
202104,전라북도,남원시,75,76
202104,전라북도,남원시,76,77
202104,전라북도,남원시,77,80
202104,전라북도,남원시,78,142
202104,전라북도,남원시,79,141
202104,전라북도,남원시,80,92
202104,전라북도,남원시,81,89
202104,전라북도,남원시,82,120
202104,전라북도,남원시,83,112
202104,전라북도,남원시,84,90
202104,전라북도,남원시,85,75
202104,전라북도,남원시,86,87
202104,전라북도,남원시,87,69
202104,전라북도,남원시,88,49
202104,전라북도,남원시,89,44
202104,전라북도,남원시,90,41
202104,전라북도,남원시,91,25
202104,전라북도,남원시,92,28
202104,전라북도,남원시,93,23
202104,전라북도,남원시,94,23
202104,전라북도,남원시,95,7
202104,전라북도,남원시,96,9
202104,전라북도,남원시,97,2
202104,전라북도,남원시,98,9
202104,전라북도,남원시,99,3
202104,전라북도,남원시,101,1
202104,전라북도,남원시,109,1
202104,전라북도,김제시,0,8
202104,전라북도,김제시,1,12
202104,전라북도,김제시,2,12
202104,전라북도,김제시,3,15
202104,전라북도,김제시,4,18
202104,전라북도,김제시,5,25
202104,전라북도,김제시,6,48
202104,전라북도,김제시,7,54
202104,전라북도,김제시,8,64
202104,전라북도,김제시,9,94
202104,전라북도,김제시,10,73
202104,전라북도,김제시,11,79
202104,전라북도,김제시,12,79
202104,전라북도,김제시,13,99
202104,전라북도,김제시,14,105
202104,전라북도,김제시,15,97
202104,전라북도,김제시,16,100
202104,전라북도,김제시,17,109
202104,전라북도,김제시,18,114
202104,전라북도,김제시,19,62
202104,전라북도,김제시,20,81
202104,전라북도,김제시,21,66
202104,전라북도,김제시,22,52
202104,전라북도,김제시,23,45
202104,전라북도,김제시,24,58
202104,전라북도,김제시,25,34
202104,전라북도,김제시,26,23
202104,전라북도,김제시,27,23
202104,전라북도,김제시,28,18
202104,전라북도,김제시,29,25
202104,전라북도,김제시,30,15
202104,전라북도,김제시,31,21
202104,전라북도,김제시,32,20
202104,전라북도,김제시,33,13
202104,전라북도,김제시,34,27
202104,전라북도,김제시,35,27
202104,전라북도,김제시,36,29
202104,전라북도,김제시,37,32
202104,전라북도,김제시,38,43
202104,전라북도,김제시,39,36
202104,전라북도,김제시,40,43
202104,전라북도,김제시,41,54
202104,전라북도,김제시,42,38
202104,전라북도,김제시,43,72
202104,전라북도,김제시,44,55
202104,전라북도,김제시,45,56
202104,전라북도,김제시,46,77
202104,전라북도,김제시,47,83
202104,전라북도,김제시,48,77
202104,전라북도,김제시,49,88
202104,전라북도,김제시,50,82
202104,전라북도,김제시,51,95
202104,전라북도,김제시,52,104
202104,전라북도,김제시,53,101
202104,전라북도,김제시,54,91
202104,전라북도,김제시,55,108
202104,전라북도,김제시,56,105
202104,전라북도,김제시,57,106
202104,전라북도,김제시,58,131
202104,전라북도,김제시,59,125
202104,전라북도,김제시,60,159
202104,전라북도,김제시,61,140
202104,전라북도,김제시,62,128
202104,전라북도,김제시,63,129
202104,전라북도,김제시,64,127
202104,전라북도,김제시,65,154
202104,전라북도,김제시,66,150
202104,전라북도,김제시,67,114
202104,전라북도,김제시,68,102
202104,전라북도,김제시,69,138
202104,전라북도,김제시,70,122
202104,전라북도,김제시,71,131
202104,전라북도,김제시,72,109
202104,전라북도,김제시,73,151
202104,전라북도,김제시,74,162
202104,전라북도,김제시,75,88
202104,전라북도,김제시,76,127
202104,전라북도,김제시,77,121
202104,전라북도,김제시,78,152
202104,전라북도,김제시,79,193
202104,전라북도,김제시,80,134
202104,전라북도,김제시,81,175
202104,전라북도,김제시,82,140
202104,전라북도,김제시,83,136
202104,전라북도,김제시,84,134
202104,전라북도,김제시,85,144
202104,전라북도,김제시,86,127
202104,전라북도,김제시,87,114
202104,전라북도,김제시,88,86
202104,전라북도,김제시,89,69
202104,전라북도,김제시,90,72
202104,전라북도,김제시,91,50
202104,전라북도,김제시,92,41
202104,전라북도,김제시,93,33
202104,전라북도,김제시,94,21
202104,전라북도,김제시,95,14
202104,전라북도,김제시,96,8
202104,전라북도,김제시,97,6
202104,전라북도,김제시,98,15
202104,전라북도,김제시,99,3
202104,전라북도,김제시,100,1
202104,전라북도,김제시,101,3
202104,전라북도,김제시,102,4
202104,전라북도,완주군,0,11
202104,전라북도,완주군,1,14
202104,전라북도,완주군,2,16
202104,전라북도,완주군,3,17
202104,전라북도,완주군,4,30
202104,전라북도,완주군,5,21
202104,전라북도,완주군,6,36
202104,전라북도,완주군,7,68
202104,전라북도,완주군,8,58
202104,전라북도,완주군,9,62
202104,전라북도,완주군,10,82
202104,전라북도,완주군,11,76
202104,전라북도,완주군,12,76
202104,전라북도,완주군,13,85
202104,전라북도,완주군,14,97
202104,전라북도,완주군,15,88
202104,전라북도,완주군,16,94
202104,전라북도,완주군,17,85
202104,전라북도,완주군,18,77
202104,전라북도,완주군,19,68
202104,전라북도,완주군,20,58
202104,전라북도,완주군,21,46
202104,전라북도,완주군,22,45
202104,전라북도,완주군,23,41
202104,전라북도,완주군,24,24
202104,전라북도,완주군,25,28
202104,전라북도,완주군,26,15
202104,전라북도,완주군,27,20
202104,전라북도,완주군,28,22
202104,전라북도,완주군,29,13
202104,전라북도,완주군,30,13
202104,전라북도,완주군,31,14
202104,전라북도,완주군,32,17
202104,전라북도,완주군,33,21
202104,전라북도,완주군,34,24
202104,전라북도,완주군,35,20
202104,전라북도,완주군,36,24
202104,전라북도,완주군,37,38
202104,전라북도,완주군,38,37
202104,전라북도,완주군,39,40
202104,전라북도,완주군,40,45
202104,전라북도,완주군,41,51
202104,전라북도,완주군,42,40
202104,전라북도,완주군,43,56
202104,전라북도,완주군,44,54
202104,전라북도,완주군,45,65
202104,전라북도,완주군,46,55
202104,전라북도,완주군,47,61
202104,전라북도,완주군,48,68
202104,전라북도,완주군,49,75
202104,전라북도,완주군,50,63
202104,전라북도,완주군,51,70
202104,전라북도,완주군,52,88
202104,전라북도,완주군,53,68
202104,전라북도,완주군,54,80
202104,전라북도,완주군,55,83
202104,전라북도,완주군,56,77
202104,전라북도,완주군,57,63
202104,전라북도,완주군,58,86
202104,전라북도,완주군,59,82
202104,전라북도,완주군,60,97
202104,전라북도,완주군,61,98
202104,전라북도,완주군,62,76
202104,전라북도,완주군,63,90
202104,전라북도,완주군,64,79
202104,전라북도,완주군,65,86
202104,전라북도,완주군,66,94
202104,전라북도,완주군,67,68
202104,전라북도,완주군,68,75
202104,전라북도,완주군,69,68
202104,전라북도,완주군,70,76
202104,전라북도,완주군,71,77
202104,전라북도,완주군,72,79
202104,전라북도,완주군,73,74
202104,전라북도,완주군,74,89
202104,전라북도,완주군,75,58
202104,전라북도,완주군,76,65
202104,전라북도,완주군,77,61
202104,전라북도,완주군,78,81
202104,전라북도,완주군,79,93
202104,전라북도,완주군,80,69
202104,전라북도,완주군,81,76
202104,전라북도,완주군,82,76
202104,전라북도,완주군,83,76
202104,전라북도,완주군,84,57
202104,전라북도,완주군,85,67
202104,전라북도,완주군,86,55
202104,전라북도,완주군,87,38
202104,전라북도,완주군,88,44
202104,전라북도,완주군,89,35
202104,전라북도,완주군,90,18
202104,전라북도,완주군,91,26
202104,전라북도,완주군,92,19
202104,전라북도,완주군,93,14
202104,전라북도,완주군,94,12
202104,전라북도,완주군,95,7
202104,전라북도,완주군,96,3
202104,전라북도,완주군,97,3
202104,전라북도,완주군,98,3
202104,전라북도,완주군,100,1
202104,전라북도,완주군,104,1
202104,전라북도,완주군,105,1
202104,전라북도,진안군,0,4
202104,전라북도,진안군,1,4
202104,전라북도,진안군,2,3
202104,전라북도,진안군,3,3
202104,전라북도,진안군,4,2
202104,전라북도,진안군,5,7
202104,전라북도,진안군,6,2
202104,전라북도,진안군,7,10
202104,전라북도,진안군,8,10
202104,전라북도,진안군,9,12
202104,전라북도,진안군,10,27
202104,전라북도,진안군,11,17
202104,전라북도,진안군,12,23
202104,전라북도,진안군,13,20
202104,전라북도,진안군,14,18
202104,전라북도,진안군,15,19
202104,전라북도,진안군,16,22
202104,전라북도,진안군,17,21
202104,전라북도,진안군,18,14
202104,전라북도,진안군,19,13
202104,전라북도,진안군,20,13
202104,전라북도,진안군,21,12
202104,전라북도,진안군,22,18
202104,전라북도,진안군,23,8
202104,전라북도,진안군,24,7
202104,전라북도,진안군,25,13
202104,전라북도,진안군,26,9
202104,전라북도,진안군,27,3
202104,전라북도,진안군,28,4
202104,전라북도,진안군,29,5
202104,전라북도,진안군,30,7
202104,전라북도,진안군,31,9
202104,전라북도,진안군,32,3
202104,전라북도,진안군,33,4
202104,전라북도,진안군,34,4
202104,전라북도,진안군,35,5
202104,전라북도,진안군,36,6
202104,전라북도,진안군,37,4
202104,전라북도,진안군,38,4
202104,전라북도,진안군,39,7
202104,전라북도,진안군,40,12
202104,전라북도,진안군,41,8
202104,전라북도,진안군,42,10
202104,전라북도,진안군,43,17
202104,전라북도,진안군,44,11
202104,전라북도,진안군,45,10
202104,전라북도,진안군,46,16
202104,전라북도,진안군,47,15
202104,전라북도,진안군,48,16
202104,전라북도,진안군,49,13
202104,전라북도,진안군,50,18
202104,전라북도,진안군,51,16
202104,전라북도,진안군,52,26
202104,전라북도,진안군,53,17
202104,전라북도,진안군,54,23
202104,전라북도,진안군,55,27
202104,전라북도,진안군,56,19
202104,전라북도,진안군,57,15
202104,전라북도,진안군,58,25
202104,전라북도,진안군,59,31
202104,전라북도,진안군,60,26
202104,전라북도,진안군,61,27
202104,전라북도,진안군,62,31
202104,전라북도,진안군,63,27
202104,전라북도,진안군,64,22
202104,전라북도,진안군,65,36
202104,전라북도,진안군,66,36
202104,전라북도,진안군,67,19
202104,전라북도,진안군,68,17
202104,전라북도,진안군,69,23
202104,전라북도,진안군,70,23
202104,전라북도,진안군,71,27
202104,전라북도,진안군,72,27
202104,전라북도,진안군,73,25
202104,전라북도,진안군,74,29
202104,전라북도,진안군,75,19
202104,전라북도,진안군,76,22
202104,전라북도,진안군,77,25
202104,전라북도,진안군,78,24
202104,전라북도,진안군,79,40
202104,전라북도,진안군,80,25
202104,전라북도,진안군,81,29
202104,전라북도,진안군,82,35
202104,전라북도,진안군,83,21
202104,전라북도,진안군,84,30
202104,전라북도,진안군,85,23
202104,전라북도,진안군,86,20
202104,전라북도,진안군,87,14
202104,전라북도,진안군,88,22
202104,전라북도,진안군,89,11
202104,전라북도,진안군,90,14
202104,전라북도,진안군,91,12
202104,전라북도,진안군,92,9
202104,전라북도,진안군,93,3
202104,전라북도,진안군,94,3
202104,전라북도,진안군,95,4
202104,전라북도,진안군,96,2
202104,전라북도,진안군,97,3
202104,전라북도,진안군,98,1
202104,전라북도,진안군,99,1
202104,전라북도,진안군,100,1
202104,전라북도,진안군,101,1
202104,전라북도,무주군,0,1
202104,전라북도,무주군,1,2
202104,전라북도,무주군,2,1
202104,전라북도,무주군,3,4
202104,전라북도,무주군,4,6
202104,전라북도,무주군,5,2
202104,전라북도,무주군,6,10
202104,전라북도,무주군,7,11
202104,전라북도,무주군,8,10
202104,전라북도,무주군,9,17
202104,전라북도,무주군,10,14
202104,전라북도,무주군,11,17
202104,전라북도,무주군,12,20
202104,전라북도,무주군,13,14
202104,전라북도,무주군,14,22
202104,전라북도,무주군,15,20
202104,전라북도,무주군,16,20
202104,전라북도,무주군,17,21
202104,전라북도,무주군,18,13
202104,전라북도,무주군,19,14
202104,전라북도,무주군,20,15
202104,전라북도,무주군,21,8
202104,전라북도,무주군,22,10
202104,전라북도,무주군,23,4
202104,전라북도,무주군,24,4
202104,전라북도,무주군,25,5
202104,전라북도,무주군,26,6
202104,전라북도,무주군,27,3
202104,전라북도,무주군,28,1
202104,전라북도,무주군,29,5
202104,전라북도,무주군,30,4
202104,전라북도,무주군,31,1
202104,전라북도,무주군,32,5
202104,전라북도,무주군,33,5
202104,전라북도,무주군,34,4
202104,전라북도,무주군,35,7
202104,전라북도,무주군,36,2
202104,전라북도,무주군,37,1
202104,전라북도,무주군,38,9
202104,전라북도,무주군,39,6
202104,전라북도,무주군,40,6
202104,전라북도,무주군,41,11
202104,전라북도,무주군,42,11
202104,전라북도,무주군,43,11
202104,전라북도,무주군,44,10
202104,전라북도,무주군,45,11
202104,전라북도,무주군,46,8
202104,전라북도,무주군,47,16
202104,전라북도,무주군,48,16
202104,전라북도,무주군,49,8
202104,전라북도,무주군,50,21
202104,전라북도,무주군,51,16
202104,전라북도,무주군,52,21
202104,전라북도,무주군,53,16
202104,전라북도,무주군,54,18
202104,전라북도,무주군,55,21
202104,전라북도,무주군,56,20
202104,전라북도,무주군,57,12
202104,전라북도,무주군,58,26
202104,전라북도,무주군,59,25
202104,전라북도,무주군,60,28
202104,전라북도,무주군,61,25
202104,전라북도,무주군,62,16
202104,전라북도,무주군,63,16
202104,전라북도,무주군,64,12
202104,전라북도,무주군,65,17
202104,전라북도,무주군,66,26
202104,전라북도,무주군,67,19
202104,전라북도,무주군,68,22
202104,전라북도,무주군,69,25
202104,전라북도,무주군,70,20
202104,전라북도,무주군,71,28
202104,전라북도,무주군,72,21
202104,전라북도,무주군,73,21
202104,전라북도,무주군,74,15
202104,전라북도,무주군,75,26
202104,전라북도,무주군,76,19
202104,전라북도,무주군,77,17
202104,전라북도,무주군,78,44
202104,전라북도,무주군,79,31
202104,전라북도,무주군,80,34
202104,전라북도,무주군,81,26
202104,전라북도,무주군,82,38
202104,전라북도,무주군,83,34
202104,전라북도,무주군,84,27
202104,전라북도,무주군,85,21
202104,전라북도,무주군,86,28
202104,전라북도,무주군,87,19
202104,전라북도,무주군,88,24
202104,전라북도,무주군,89,17
202104,전라북도,무주군,90,14
202104,전라북도,무주군,91,11
202104,전라북도,무주군,92,5
202104,전라북도,무주군,93,8
202104,전라북도,무주군,94,3
202104,전라북도,무주군,95,10
202104,전라북도,무주군,96,3
202104,전라북도,무주군,97,1
202104,전라북도,무주군,98,3
202104,전라북도,무주군,99,1
202104,전라북도,무주군,100,2
202104,전라북도,무주군,101,1
202104,전라북도,무주군,102,2
202104,전라북도,무주군,104,2
202104,전라북도,무주군,105,1
202104,전라북도,장수군,0,1
202104,전라북도,장수군,1,2
202104,전라북도,장수군,2,2
202104,전라북도,장수군,3,3
202104,전라북도,장수군,4,3
202104,전라북도,장수군,5,2
202104,전라북도,장수군,6,7
202104,전라북도,장수군,7,10
202104,전라북도,장수군,8,8
202104,전라북도,장수군,9,16
202104,전라북도,장수군,10,18
202104,전라북도,장수군,11,20
202104,전라북도,장수군,12,17
202104,전라북도,장수군,13,22
202104,전라북도,장수군,14,22
202104,전라북도,장수군,15,22
202104,전라북도,장수군,16,35
202104,전라북도,장수군,17,28
202104,전라북도,장수군,18,19
202104,전라북도,장수군,19,17
202104,전라북도,장수군,20,17
202104,전라북도,장수군,21,13
202104,전라북도,장수군,22,15
202104,전라북도,장수군,23,10
202104,전라북도,장수군,24,5
202104,전라북도,장수군,25,4
202104,전라북도,장수군,26,6
202104,전라북도,장수군,27,3
202104,전라북도,장수군,28,2
202104,전라북도,장수군,30,2
202104,전라북도,장수군,31,4
202104,전라북도,장수군,32,6
202104,전라북도,장수군,33,1
202104,전라북도,장수군,34,3
202104,전라북도,장수군,35,4
202104,전라북도,장수군,36,5
202104,전라북도,장수군,37,6
202104,전라북도,장수군,38,5
202104,전라북도,장수군,39,15
202104,전라북도,장수군,40,9
202104,전라북도,장수군,41,8
202104,전라북도,장수군,42,10
202104,전라북도,장수군,43,4
202104,전라북도,장수군,44,14
202104,전라북도,장수군,45,14
202104,전라북도,장수군,46,17
202104,전라북도,장수군,47,12
202104,전라북도,장수군,48,18
202104,전라북도,장수군,49,14
202104,전라북도,장수군,50,14
202104,전라북도,장수군,51,27
202104,전라북도,장수군,52,25
202104,전라북도,장수군,53,17
202104,전라북도,장수군,54,26
202104,전라북도,장수군,55,28
202104,전라북도,장수군,56,29
202104,전라북도,장수군,57,18
202104,전라북도,장수군,58,26
202104,전라북도,장수군,59,25
202104,전라북도,장수군,60,26
202104,전라북도,장수군,61,33
202104,전라북도,장수군,62,30
202104,전라북도,장수군,63,19
202104,전라북도,장수군,64,23
202104,전라북도,장수군,65,23
202104,전라북도,장수군,66,21
202104,전라북도,장수군,67,25
202104,전라북도,장수군,68,19
202104,전라북도,장수군,69,27
202104,전라북도,장수군,70,21
202104,전라북도,장수군,71,22
202104,전라북도,장수군,72,16
202104,전라북도,장수군,73,15
202104,전라북도,장수군,74,13
202104,전라북도,장수군,75,15
202104,전라북도,장수군,76,17
202104,전라북도,장수군,77,18
202104,전라북도,장수군,78,32
202104,전라북도,장수군,79,26
202104,전라북도,장수군,80,28
202104,전라북도,장수군,81,26
202104,전라북도,장수군,82,21
202104,전라북도,장수군,83,15
202104,전라북도,장수군,84,19
202104,전라북도,장수군,85,16
202104,전라북도,장수군,86,21
202104,전라북도,장수군,87,15
202104,전라북도,장수군,88,9
202104,전라북도,장수군,89,13
202104,전라북도,장수군,90,4
202104,전라북도,장수군,91,6
202104,전라북도,장수군,92,11
202104,전라북도,장수군,93,6
202104,전라북도,장수군,94,8
202104,전라북도,장수군,95,3
202104,전라북도,장수군,96,2
202104,전라북도,장수군,97,1
202104,전라북도,장수군,98,1
202104,전라북도,장수군,99,1
202104,전라북도,장수군,100,1
202104,전라북도,장수군,102,1
202104,전라북도,장수군,104,1
202104,전라북도,임실군,0,4
202104,전라북도,임실군,1,2
202104,전라북도,임실군,2,7
202104,전라북도,임실군,3,3
202104,전라북도,임실군,4,9
202104,전라북도,임실군,5,8
202104,전라북도,임실군,6,8
202104,전라북도,임실군,7,13
202104,전라북도,임실군,8,12
202104,전라북도,임실군,9,14
202104,전라북도,임실군,10,30
202104,전라북도,임실군,11,17
202104,전라북도,임실군,12,26
202104,전라북도,임실군,13,20
202104,전라북도,임실군,14,26
202104,전라북도,임실군,15,20
202104,전라북도,임실군,16,24
202104,전라북도,임실군,17,22
202104,전라북도,임실군,18,21
202104,전라북도,임실군,19,27
202104,전라북도,임실군,20,18
202104,전라북도,임실군,21,19
202104,전라북도,임실군,22,10
202104,전라북도,임실군,23,12
202104,전라북도,임실군,24,8
202104,전라북도,임실군,25,6
202104,전라북도,임실군,26,4
202104,전라북도,임실군,27,1
202104,전라북도,임실군,28,3
202104,전라북도,임실군,29,2
202104,전라북도,임실군,30,3
202104,전라북도,임실군,31,4
202104,전라북도,임실군,32,6
202104,전라북도,임실군,33,8
202104,전라북도,임실군,34,2
202104,전라북도,임실군,35,12
202104,전라북도,임실군,36,14
202104,전라북도,임실군,37,10
202104,전라북도,임실군,38,10
202104,전라북도,임실군,39,13
202104,전라북도,임실군,40,10
202104,전라북도,임실군,41,16
202104,전라북도,임실군,42,11
202104,전라북도,임실군,43,7
202104,전라북도,임실군,44,14
202104,전라북도,임실군,45,11
202104,전라북도,임실군,46,24
202104,전라북도,임실군,47,23
202104,전라북도,임실군,48,21
202104,전라북도,임실군,49,25
202104,전라북도,임실군,50,20
202104,전라북도,임실군,51,28
202104,전라북도,임실군,52,29
202104,전라북도,임실군,53,28
202104,전라북도,임실군,54,26
202104,전라북도,임실군,55,23
202104,전라북도,임실군,56,32
202104,전라북도,임실군,57,29
202104,전라북도,임실군,58,30
202104,전라북도,임실군,59,19
202104,전라북도,임실군,60,27
202104,전라북도,임실군,61,46
202104,전라북도,임실군,62,25
202104,전라북도,임실군,63,17
202104,전라북도,임실군,64,24
202104,전라북도,임실군,65,31
202104,전라북도,임실군,66,42
202104,전라북도,임실군,67,22
202104,전라북도,임실군,68,21
202104,전라북도,임실군,69,25
202104,전라북도,임실군,70,22
202104,전라북도,임실군,71,30
202104,전라북도,임실군,72,26
202104,전라북도,임실군,73,32
202104,전라북도,임실군,74,25
202104,전라북도,임실군,75,20
202104,전라북도,임실군,76,22
202104,전라북도,임실군,77,26
202104,전라북도,임실군,78,44
202104,전라북도,임실군,79,39
202104,전라북도,임실군,80,36
202104,전라북도,임실군,81,54
202104,전라북도,임실군,82,32
202104,전라북도,임실군,83,38
202104,전라북도,임실군,84,51
202104,전라북도,임실군,85,39
202104,전라북도,임실군,86,37
202104,전라북도,임실군,87,34
202104,전라북도,임실군,88,27
202104,전라북도,임실군,89,32
202104,전라북도,임실군,90,22
202104,전라북도,임실군,91,11
202104,전라북도,임실군,92,16
202104,전라북도,임실군,93,16
202104,전라북도,임실군,94,8
202104,전라북도,임실군,95,4
202104,전라북도,임실군,96,4
202104,전라북도,임실군,97,1
202104,전라북도,임실군,98,3
202104,전라북도,임실군,99,2
202104,전라북도,임실군,100,1
202104,전라북도,임실군,102,2
202104,전라북도,임실군,104,1
202104,전라북도,순창군,0,2
202104,전라북도,순창군,1,2
202104,전라북도,순창군,2,4
202104,전라북도,순창군,3,4
202104,전라북도,순창군,4,1
202104,전라북도,순창군,5,7
202104,전라북도,순창군,6,4
202104,전라북도,순창군,7,14
202104,전라북도,순창군,8,12
202104,전라북도,순창군,9,11
202104,전라북도,순창군,10,25
202104,전라북도,순창군,11,20
202104,전라북도,순창군,12,15
202104,전라북도,순창군,13,22
202104,전라북도,순창군,14,23
202104,전라북도,순창군,15,22
202104,전라북도,순창군,16,32
202104,전라북도,순창군,17,24
202104,전라북도,순창군,18,19
202104,전라북도,순창군,19,19
202104,전라북도,순창군,20,16
202104,전라북도,순창군,21,15
202104,전라북도,순창군,22,14
202104,전라북도,순창군,23,17
202104,전라북도,순창군,24,14
202104,전라북도,순창군,25,5
202104,전라북도,순창군,26,2
202104,전라북도,순창군,27,5
202104,전라북도,순창군,28,2
202104,전라북도,순창군,29,4
202104,전라북도,순창군,31,6
202104,전라북도,순창군,32,6
202104,전라북도,순창군,33,4
202104,전라북도,순창군,34,9
202104,전라북도,순창군,35,13
202104,전라북도,순창군,36,5
202104,전라북도,순창군,37,2
202104,전라북도,순창군,38,9
202104,전라북도,순창군,39,12
202104,전라북도,순창군,40,13
202104,전라북도,순창군,41,16
202104,전라북도,순창군,42,7
202104,전라북도,순창군,43,17
202104,전라북도,순창군,44,11
202104,전라북도,순창군,45,15
202104,전라북도,순창군,46,13
202104,전라북도,순창군,47,17
202104,전라북도,순창군,48,23
202104,전라북도,순창군,49,18
202104,전라북도,순창군,50,16
202104,전라북도,순창군,51,20
202104,전라북도,순창군,52,34
202104,전라북도,순창군,53,13
202104,전라북도,순창군,54,25
202104,전라북도,순창군,55,24
202104,전라북도,순창군,56,28
202104,전라북도,순창군,57,20
202104,전라북도,순창군,58,23
202104,전라북도,순창군,59,28
202104,전라북도,순창군,60,34
202104,전라북도,순창군,61,31
202104,전라북도,순창군,62,19
202104,전라북도,순창군,63,22
202104,전라북도,순창군,64,14
202104,전라북도,순창군,65,24
202104,전라북도,순창군,66,30
202104,전라북도,순창군,67,25
202104,전라북도,순창군,68,16
202104,전라북도,순창군,69,20
202104,전라북도,순창군,70,25
202104,전라북도,순창군,71,26
202104,전라북도,순창군,72,24
202104,전라북도,순창군,73,27
202104,전라북도,순창군,74,34
202104,전라북도,순창군,75,15
202104,전라북도,순창군,76,28
202104,전라북도,순창군,77,22
202104,전라북도,순창군,78,36
202104,전라북도,순창군,79,41
202104,전라북도,순창군,80,30
202104,전라북도,순창군,81,37
202104,전라북도,순창군,82,37
202104,전라북도,순창군,83,42
202104,전라북도,순창군,84,34
202104,전라북도,순창군,85,31
202104,전라북도,순창군,86,24
202104,전라북도,순창군,87,27
202104,전라북도,순창군,88,18
202104,전라북도,순창군,89,16
202104,전라북도,순창군,90,16
202104,전라북도,순창군,91,11
202104,전라북도,순창군,92,7
202104,전라북도,순창군,93,11
202104,전라북도,순창군,94,5
202104,전라북도,순창군,95,5
202104,전라북도,순창군,96,3
202104,전라북도,순창군,97,2
202104,전라북도,순창군,98,1
202104,전라북도,순창군,99,1
202104,전라북도,순창군,100,1
202104,전라북도,순창군,101,1
202104,전라북도,순창군,102,1
202104,전라북도,고창군,0,1
202104,전라북도,고창군,1,9
202104,전라북도,고창군,2,7
202104,전라북도,고창군,3,5
202104,전라북도,고창군,4,13
202104,전라북도,고창군,5,16
202104,전라북도,고창군,6,20
202104,전라북도,고창군,7,34
202104,전라북도,고창군,8,24
202104,전라북도,고창군,9,25
202104,전라북도,고창군,10,43
202104,전라북도,고창군,11,41
202104,전라북도,고창군,12,40
202104,전라북도,고창군,13,48
202104,전라북도,고창군,14,40
202104,전라북도,고창군,15,37
202104,전라북도,고창군,16,50
202104,전라북도,고창군,17,59
202104,전라북도,고창군,18,49
202104,전라북도,고창군,19,31
202104,전라북도,고창군,20,28
202104,전라북도,고창군,21,20
202104,전라북도,고창군,22,22
202104,전라북도,고창군,23,22
202104,전라북도,고창군,24,12
202104,전라북도,고창군,25,11
202104,전라북도,고창군,26,6
202104,전라북도,고창군,27,6
202104,전라북도,고창군,28,11
202104,전라북도,고창군,29,7
202104,전라북도,고창군,30,5
202104,전라북도,고창군,31,5
202104,전라북도,고창군,32,5
202104,전라북도,고창군,33,5
202104,전라북도,고창군,34,8
202104,전라북도,고창군,35,10
202104,전라북도,고창군,36,12
202104,전라북도,고창군,37,19
202104,전라북도,고창군,38,16
202104,전라북도,고창군,39,13
202104,전라북도,고창군,40,28
202104,전라북도,고창군,41,22
202104,전라북도,고창군,42,22
202104,전라북도,고창군,43,23
202104,전라북도,고창군,44,22
202104,전라북도,고창군,45,29
202104,전라북도,고창군,46,24
202104,전라북도,고창군,47,30
202104,전라북도,고창군,48,44
202104,전라북도,고창군,49,45
202104,전라북도,고창군,50,48
202104,전라북도,고창군,51,41
202104,전라북도,고창군,52,61
202104,전라북도,고창군,53,33
202104,전라북도,고창군,54,50
202104,전라북도,고창군,55,53
202104,전라북도,고창군,56,50
202104,전라북도,고창군,57,38
202104,전라북도,고창군,58,59
202104,전라북도,고창군,59,56
202104,전라북도,고창군,60,52
202104,전라북도,고창군,61,56
202104,전라북도,고창군,62,53
202104,전라북도,고창군,63,50
202104,전라북도,고창군,64,48
202104,전라북도,고창군,65,54
202104,전라북도,고창군,66,72
202104,전라북도,고창군,67,50
202104,전라북도,고창군,68,52
202104,전라북도,고창군,69,44
202104,전라북도,고창군,70,53
202104,전라북도,고창군,71,64
202104,전라북도,고창군,72,58
202104,전라북도,고창군,73,55
202104,전라북도,고창군,74,49
202104,전라북도,고창군,75,42
202104,전라북도,고창군,76,35
202104,전라북도,고창군,77,63
202104,전라북도,고창군,78,87
202104,전라북도,고창군,79,95
202104,전라북도,고창군,80,59
202104,전라북도,고창군,81,81
202104,전라북도,고창군,82,86
202104,전라북도,고창군,83,52
202104,전라북도,고창군,84,62
202104,전라북도,고창군,85,70
202104,전라북도,고창군,86,58
202104,전라북도,고창군,87,55
202104,전라북도,고창군,88,41
202104,전라북도,고창군,89,45
202104,전라북도,고창군,90,41
202104,전라북도,고창군,91,35
202104,전라북도,고창군,92,24
202104,전라북도,고창군,93,25
202104,전라북도,고창군,94,17
202104,전라북도,고창군,95,12
202104,전라북도,고창군,96,6
202104,전라북도,고창군,97,3
202104,전라북도,고창군,98,11
202104,전라북도,고창군,99,3
202104,전라북도,고창군,100,2
202104,전라북도,고창군,101,1
202104,전라북도,부안군,0,2
202104,전라북도,부안군,1,5
202104,전라북도,부안군,2,4
202104,전라북도,부안군,3,4
202104,전라북도,부안군,4,13
202104,전라북도,부안군,5,10
202104,전라북도,부안군,6,14
202104,전라북도,부안군,7,21
202104,전라북도,부안군,8,20
202104,전라북도,부안군,9,19
202104,전라북도,부안군,10,42
202104,전라북도,부안군,11,20
202104,전라북도,부안군,12,35
202104,전라북도,부안군,13,28
202104,전라북도,부안군,14,27
202104,전라북도,부안군,15,36
202104,전라북도,부안군,16,40
202104,전라북도,부안군,17,42
202104,전라북도,부안군,18,41
202104,전라북도,부안군,19,33
202104,전라북도,부안군,20,26
202104,전라북도,부안군,21,28
202104,전라북도,부안군,22,17
202104,전라북도,부안군,23,15
202104,전라북도,부안군,24,9
202104,전라북도,부안군,25,5
202104,전라북도,부안군,26,9
202104,전라북도,부안군,27,2
202104,전라북도,부안군,28,4
202104,전라북도,부안군,29,6
202104,전라북도,부안군,30,4
202104,전라북도,부안군,31,3
202104,전라북도,부안군,32,6
202104,전라북도,부안군,33,7
202104,전라북도,부안군,34,6
202104,전라북도,부안군,35,15
202104,전라북도,부안군,36,15
202104,전라북도,부안군,37,15
202104,전라북도,부안군,38,18
202104,전라북도,부안군,39,14
202104,전라북도,부안군,40,15
202104,전라북도,부안군,41,21
202104,전라북도,부안군,42,9
202104,전라북도,부안군,43,38
202104,전라북도,부안군,44,22
202104,전라북도,부안군,45,14
202104,전라북도,부안군,46,26
202104,전라북도,부안군,47,25
202104,전라북도,부안군,48,38
202104,전라북도,부안군,49,41
202104,전라북도,부안군,50,29
202104,전라북도,부안군,51,47
202104,전라북도,부안군,52,58
202104,전라북도,부안군,53,37
202104,전라북도,부안군,54,48
202104,전라북도,부안군,55,53
202104,전라북도,부안군,56,47
202104,전라북도,부안군,57,53
202104,전라북도,부안군,58,48
202104,전라북도,부안군,59,50
202104,전라북도,부안군,60,64
202104,전라북도,부안군,61,67
202104,전라북도,부안군,62,43
202104,전라북도,부안군,63,71
202104,전라북도,부안군,64,52
202104,전라북도,부안군,65,61
202104,전라북도,부안군,66,81
202104,전라북도,부안군,67,46
202104,전라북도,부안군,68,58
202104,전라북도,부안군,69,63
202104,전라북도,부안군,70,75
202104,전라북도,부안군,71,69
202104,전라북도,부안군,72,63
202104,전라북도,부안군,73,76
202104,전라북도,부안군,74,74
202104,전라북도,부안군,75,57
202104,전라북도,부안군,76,69
202104,전라북도,부안군,77,57
202104,전라북도,부안군,78,91
202104,전라북도,부안군,79,97
202104,전라북도,부안군,80,71
202104,전라북도,부안군,81,68
202104,전라북도,부안군,82,83
202104,전라북도,부안군,83,67
202104,전라북도,부안군,84,53
202104,전라북도,부안군,85,56
202104,전라북도,부안군,86,52
202104,전라북도,부안군,87,39
202104,전라북도,부안군,88,27
202104,전라북도,부안군,89,26
202104,전라북도,부안군,90,23
202104,전라북도,부안군,91,19
202104,전라북도,부안군,92,14
202104,전라북도,부안군,93,10
202104,전라북도,부안군,94,7
202104,전라북도,부안군,95,3
202104,전라북도,부안군,96,2
202104,전라북도,부안군,97,2
202104,전라북도,부안군,98,3
202104,전라북도,부안군,102,1
202104,전라북도,부안군,103,2
202104,전라북도,부안군,109,1
202104,전라남도,목포시,0,15
202104,전라남도,목포시,1,42
202104,전라남도,목포시,2,51
202104,전라남도,목포시,3,63
202104,전라남도,목포시,4,80
202104,전라남도,목포시,5,88
202104,전라남도,목포시,6,127
202104,전라남도,목포시,7,149
202104,전라남도,목포시,8,240
202104,전라남도,목포시,9,222
202104,전라남도,목포시,10,234
202104,전라남도,목포시,11,230
202104,전라남도,목포시,12,234
202104,전라남도,목포시,13,238
202104,전라남도,목포시,14,220
202104,전라남도,목포시,15,234
202104,전라남도,목포시,16,238
202104,전라남도,목포시,17,303
202104,전라남도,목포시,18,217
202104,전라남도,목포시,19,213
202104,전라남도,목포시,20,223
202104,전라남도,목포시,21,156
202104,전라남도,목포시,22,188
202104,전라남도,목포시,23,136
202104,전라남도,목포시,24,118
202104,전라남도,목포시,25,89
202104,전라남도,목포시,26,73
202104,전라남도,목포시,27,61
202104,전라남도,목포시,28,55
202104,전라남도,목포시,29,40
202104,전라남도,목포시,30,34
202104,전라남도,목포시,31,60
202104,전라남도,목포시,32,47
202104,전라남도,목포시,33,60
202104,전라남도,목포시,34,56
202104,전라남도,목포시,35,67
202104,전라남도,목포시,36,103
202104,전라남도,목포시,37,113
202104,전라남도,목포시,38,89
202104,전라남도,목포시,39,129
202104,전라남도,목포시,40,143
202104,전라남도,목포시,41,140
202104,전라남도,목포시,42,120
202104,전라남도,목포시,43,140
202104,전라남도,목포시,44,146
202104,전라남도,목포시,45,142
202104,전라남도,목포시,46,173
202104,전라남도,목포시,47,200
202104,전라남도,목포시,48,190
202104,전라남도,목포시,49,215
202104,전라남도,목포시,50,199
202104,전라남도,목포시,51,212
202104,전라남도,목포시,52,233
202104,전라남도,목포시,53,205
202104,전라남도,목포시,54,202
202104,전라남도,목포시,55,208
202104,전라남도,목포시,56,237
202104,전라남도,목포시,57,218
202104,전라남도,목포시,58,249
202104,전라남도,목포시,59,229
202104,전라남도,목포시,60,270
202104,전라남도,목포시,61,260
202104,전라남도,목포시,62,235
202104,전라남도,목포시,63,234
202104,전라남도,목포시,64,237
202104,전라남도,목포시,65,221
202104,전라남도,목포시,66,274
202104,전라남도,목포시,67,186
202104,전라남도,목포시,68,218
202104,전라남도,목포시,69,222
202104,전라남도,목포시,70,197
202104,전라남도,목포시,71,204
202104,전라남도,목포시,72,197
202104,전라남도,목포시,73,214
202104,전라남도,목포시,74,220
202104,전라남도,목포시,75,197
202104,전라남도,목포시,76,203
202104,전라남도,목포시,77,184
202104,전라남도,목포시,78,245
202104,전라남도,목포시,79,217
202104,전라남도,목포시,80,201
202104,전라남도,목포시,81,199
202104,전라남도,목포시,82,185
202104,전라남도,목포시,83,188
202104,전라남도,목포시,84,124
202104,전라남도,목포시,85,111
202104,전라남도,목포시,86,101
202104,전라남도,목포시,87,102
202104,전라남도,목포시,88,81
202104,전라남도,목포시,89,67
202104,전라남도,목포시,90,49
202104,전라남도,목포시,91,31
202104,전라남도,목포시,92,32
202104,전라남도,목포시,93,20
202104,전라남도,목포시,94,18
202104,전라남도,목포시,95,10
202104,전라남도,목포시,96,7
202104,전라남도,목포시,97,6
202104,전라남도,목포시,98,6
202104,전라남도,목포시,99,1
202104,전라남도,목포시,100,2
202104,전라남도,목포시,101,2
202104,전라남도,목포시,108,1
202104,전라남도,여수시,0,19
202104,전라남도,여수시,1,20
202104,전라남도,여수시,2,25
202104,전라남도,여수시,3,37
202104,전라남도,여수시,4,40
202104,전라남도,여수시,5,48
202104,전라남도,여수시,6,79
202104,전라남도,여수시,7,80
202104,전라남도,여수시,8,118
202104,전라남도,여수시,9,139
202104,전라남도,여수시,10,147
202104,전라남도,여수시,11,137
202104,전라남도,여수시,12,161
202104,전라남도,여수시,13,156
202104,전라남도,여수시,14,148
202104,전라남도,여수시,15,156
202104,전라남도,여수시,16,193
202104,전라남도,여수시,17,191
202104,전라남도,여수시,18,144
202104,전라남도,여수시,19,108
202104,전라남도,여수시,20,100
202104,전라남도,여수시,21,106
202104,전라남도,여수시,22,90
202104,전라남도,여수시,23,68
202104,전라남도,여수시,24,68
202104,전라남도,여수시,25,48
202104,전라남도,여수시,26,37
202104,전라남도,여수시,27,33
202104,전라남도,여수시,28,28
202104,전라남도,여수시,29,33
202104,전라남도,여수시,30,26
202104,전라남도,여수시,31,35
202104,전라남도,여수시,32,41
202104,전라남도,여수시,33,37
202104,전라남도,여수시,34,32
202104,전라남도,여수시,35,56
202104,전라남도,여수시,36,50
202104,전라남도,여수시,37,71
202104,전라남도,여수시,38,78
202104,전라남도,여수시,39,93
202104,전라남도,여수시,40,92
202104,전라남도,여수시,41,86
202104,전라남도,여수시,42,87
202104,전라남도,여수시,43,105
202104,전라남도,여수시,44,99
202104,전라남도,여수시,45,124
202104,전라남도,여수시,46,113
202104,전라남도,여수시,47,158
202104,전라남도,여수시,48,139
202104,전라남도,여수시,49,142
202104,전라남도,여수시,50,137
202104,전라남도,여수시,51,148
202104,전라남도,여수시,52,168
202104,전라남도,여수시,53,172
202104,전라남도,여수시,54,157
202104,전라남도,여수시,55,191
202104,전라남도,여수시,56,174
202104,전라남도,여수시,57,174
202104,전라남도,여수시,58,203
202104,전라남도,여수시,59,219
202104,전라남도,여수시,60,242
202104,전라남도,여수시,61,242
202104,전라남도,여수시,62,275
202104,전라남도,여수시,63,215
202104,전라남도,여수시,64,203
202104,전라남도,여수시,65,200
202104,전라남도,여수시,66,300
202104,전라남도,여수시,67,190
202104,전라남도,여수시,68,208
202104,전라남도,여수시,69,195
202104,전라남도,여수시,70,216
202104,전라남도,여수시,71,200
202104,전라남도,여수시,72,211
202104,전라남도,여수시,73,236
202104,전라남도,여수시,74,256
202104,전라남도,여수시,75,167
202104,전라남도,여수시,76,169
202104,전라남도,여수시,77,167
202104,전라남도,여수시,78,248
202104,전라남도,여수시,79,224
202104,전라남도,여수시,80,198
202104,전라남도,여수시,81,221
202104,전라남도,여수시,82,191
202104,전라남도,여수시,83,165
202104,전라남도,여수시,84,159
202104,전라남도,여수시,85,123
202104,전라남도,여수시,86,104
202104,전라남도,여수시,87,115
202104,전라남도,여수시,88,92
202104,전라남도,여수시,89,77
202104,전라남도,여수시,90,57
202104,전라남도,여수시,91,64
202104,전라남도,여수시,92,39
202104,전라남도,여수시,93,33
202104,전라남도,여수시,94,17
202104,전라남도,여수시,95,18
202104,전라남도,여수시,96,11
202104,전라남도,여수시,97,16
202104,전라남도,여수시,98,9
202104,전라남도,여수시,99,7
202104,전라남도,여수시,100,2
202104,전라남도,여수시,102,2
202104,전라남도,여수시,105,1
202104,전라남도,순천시,0,14
202104,전라남도,순천시,1,22
202104,전라남도,순천시,2,28
202104,전라남도,순천시,3,34
202104,전라남도,순천시,4,39
202104,전라남도,순천시,5,62
202104,전라남도,순천시,6,49
202104,전라남도,순천시,7,70
202104,전라남도,순천시,8,114
202104,전라남도,순천시,9,108
202104,전라남도,순천시,10,116
202104,전라남도,순천시,11,125
202104,전라남도,순천시,12,128
202104,전라남도,순천시,13,153
202104,전라남도,순천시,14,127
202104,전라남도,순천시,15,131
202104,전라남도,순천시,16,154
202104,전라남도,순천시,17,145
202104,전라남도,순천시,18,132
202104,전라남도,순천시,19,105
202104,전라남도,순천시,20,92
202104,전라남도,순천시,21,103
202104,전라남도,순천시,22,89
202104,전라남도,순천시,23,87
202104,전라남도,순천시,24,64
202104,전라남도,순천시,25,50
202104,전라남도,순천시,26,33
202104,전라남도,순천시,27,27
202104,전라남도,순천시,28,31
202104,전라남도,순천시,29,34
202104,전라남도,순천시,30,35
202104,전라남도,순천시,31,38
202104,전라남도,순천시,32,23
202104,전라남도,순천시,33,31
202104,전라남도,순천시,34,47
202104,전라남도,순천시,35,45
202104,전라남도,순천시,36,36
202104,전라남도,순천시,37,51
202104,전라남도,순천시,38,62
202104,전라남도,순천시,39,76
202104,전라남도,순천시,40,93
202104,전라남도,순천시,41,59
202104,전라남도,순천시,42,77
202104,전라남도,순천시,43,78
202104,전라남도,순천시,44,90
202104,전라남도,순천시,45,101
202104,전라남도,순천시,46,99
202104,전라남도,순천시,47,114
202104,전라남도,순천시,48,132
202104,전라남도,순천시,49,120
202104,전라남도,순천시,50,129
202104,전라남도,순천시,51,131
202104,전라남도,순천시,52,157
202104,전라남도,순천시,53,132
202104,전라남도,순천시,54,153
202104,전라남도,순천시,55,158
202104,전라남도,순천시,56,131
202104,전라남도,순천시,57,153
202104,전라남도,순천시,58,180
202104,전라남도,순천시,59,162
202104,전라남도,순천시,60,184
202104,전라남도,순천시,61,190
202104,전라남도,순천시,62,181
202104,전라남도,순천시,63,167
202104,전라남도,순천시,64,133
202104,전라남도,순천시,65,167
202104,전라남도,순천시,66,205
202104,전라남도,순천시,67,154
202104,전라남도,순천시,68,138
202104,전라남도,순천시,69,156
202104,전라남도,순천시,70,143
202104,전라남도,순천시,71,143
202104,전라남도,순천시,72,132
202104,전라남도,순천시,73,131
202104,전라남도,순천시,74,111
202104,전라남도,순천시,75,88
202104,전라남도,순천시,76,105
202104,전라남도,순천시,77,96
202104,전라남도,순천시,78,141
202104,전라남도,순천시,79,129
202104,전라남도,순천시,80,99
202104,전라남도,순천시,81,128
202104,전라남도,순천시,82,128
202104,전라남도,순천시,83,107
202104,전라남도,순천시,84,84
202104,전라남도,순천시,85,105
202104,전라남도,순천시,86,102
202104,전라남도,순천시,87,77
202104,전라남도,순천시,88,70
202104,전라남도,순천시,89,53
202104,전라남도,순천시,90,62
202104,전라남도,순천시,91,59
202104,전라남도,순천시,92,34
202104,전라남도,순천시,93,33
202104,전라남도,순천시,94,17
202104,전라남도,순천시,95,16
202104,전라남도,순천시,96,9
202104,전라남도,순천시,97,7
202104,전라남도,순천시,98,9
202104,전라남도,순천시,99,4
202104,전라남도,순천시,100,2
202104,전라남도,순천시,101,1
202104,전라남도,나주시,0,11
202104,전라남도,나주시,1,20
202104,전라남도,나주시,2,16
202104,전라남도,나주시,3,28
202104,전라남도,나주시,4,34
202104,전라남도,나주시,5,40
202104,전라남도,나주시,6,47
202104,전라남도,나주시,7,67
202104,전라남도,나주시,8,72
202104,전라남도,나주시,9,83
202104,전라남도,나주시,10,77
202104,전라남도,나주시,11,59
202104,전라남도,나주시,12,70
202104,전라남도,나주시,13,89
202104,전라남도,나주시,14,80
202104,전라남도,나주시,15,94
202104,전라남도,나주시,16,79
202104,전라남도,나주시,17,101
202104,전라남도,나주시,18,80
202104,전라남도,나주시,19,47
202104,전라남도,나주시,20,54
202104,전라남도,나주시,21,40
202104,전라남도,나주시,22,33
202104,전라남도,나주시,23,23
202104,전라남도,나주시,24,21
202104,전라남도,나주시,25,18
202104,전라남도,나주시,26,11
202104,전라남도,나주시,27,16
202104,전라남도,나주시,28,13
202104,전라남도,나주시,29,11
202104,전라남도,나주시,30,15
202104,전라남도,나주시,31,21
202104,전라남도,나주시,32,20
202104,전라남도,나주시,33,24
202104,전라남도,나주시,34,24
202104,전라남도,나주시,35,21
202104,전라남도,나주시,36,22
202104,전라남도,나주시,37,25
202104,전라남도,나주시,38,38
202104,전라남도,나주시,39,30
202104,전라남도,나주시,40,47
202104,전라남도,나주시,41,43
202104,전라남도,나주시,42,44
202104,전라남도,나주시,43,43
202104,전라남도,나주시,44,48
202104,전라남도,나주시,45,61
202104,전라남도,나주시,46,55
202104,전라남도,나주시,47,64
202104,전라남도,나주시,48,66
202104,전라남도,나주시,49,62
202104,전라남도,나주시,50,53
202104,전라남도,나주시,51,82
202104,전라남도,나주시,52,74
202104,전라남도,나주시,53,71
202104,전라남도,나주시,54,76
202104,전라남도,나주시,55,91
202104,전라남도,나주시,56,102
202104,전라남도,나주시,57,91
202104,전라남도,나주시,58,80
202104,전라남도,나주시,59,87
202104,전라남도,나주시,60,108
202104,전라남도,나주시,61,94
202104,전라남도,나주시,62,73
202104,전라남도,나주시,63,99
202104,전라남도,나주시,64,68
202104,전라남도,나주시,65,78
202104,전라남도,나주시,66,103
202104,전라남도,나주시,67,97
202104,전라남도,나주시,68,64
202104,전라남도,나주시,69,74
202104,전라남도,나주시,70,65
202104,전라남도,나주시,71,90
202104,전라남도,나주시,72,61
202104,전라남도,나주시,73,95
202104,전라남도,나주시,74,94
202104,전라남도,나주시,75,69
202104,전라남도,나주시,76,94
202104,전라남도,나주시,77,87
202104,전라남도,나주시,78,124
202104,전라남도,나주시,79,112
202104,전라남도,나주시,80,78
202104,전라남도,나주시,81,96
202104,전라남도,나주시,82,104
202104,전라남도,나주시,83,96
202104,전라남도,나주시,84,76
202104,전라남도,나주시,85,74
202104,전라남도,나주시,86,69
202104,전라남도,나주시,87,57
202104,전라남도,나주시,88,45
202104,전라남도,나주시,89,50
202104,전라남도,나주시,90,41
202104,전라남도,나주시,91,38
202104,전라남도,나주시,92,19
202104,전라남도,나주시,93,11
202104,전라남도,나주시,94,19
202104,전라남도,나주시,95,9
202104,전라남도,나주시,96,2
202104,전라남도,나주시,97,4
202104,전라남도,나주시,98,3
202104,전라남도,나주시,99,2
202104,전라남도,나주시,100,3
202104,전라남도,나주시,103,1
202104,전라남도,광양시,0,7
202104,전라남도,광양시,1,16
202104,전라남도,광양시,2,19
202104,전라남도,광양시,3,30
202104,전라남도,광양시,4,29
202104,전라남도,광양시,5,36
202104,전라남도,광양시,6,44
202104,전라남도,광양시,7,70
202104,전라남도,광양시,8,71
202104,전라남도,광양시,9,67
202104,전라남도,광양시,10,90
202104,전라남도,광양시,11,78
202104,전라남도,광양시,12,82
202104,전라남도,광양시,13,87
202104,전라남도,광양시,14,102
202104,전라남도,광양시,15,98
202104,전라남도,광양시,16,91
202104,전라남도,광양시,17,100
202104,전라남도,광양시,18,84
202104,전라남도,광양시,19,54
202104,전라남도,광양시,20,48
202104,전라남도,광양시,21,41
202104,전라남도,광양시,22,41
202104,전라남도,광양시,23,33
202104,전라남도,광양시,24,30
202104,전라남도,광양시,25,16
202104,전라남도,광양시,26,17
202104,전라남도,광양시,27,18
202104,전라남도,광양시,28,11
202104,전라남도,광양시,29,20
202104,전라남도,광양시,30,10
202104,전라남도,광양시,31,13
202104,전라남도,광양시,32,24
202104,전라남도,광양시,33,21
202104,전라남도,광양시,34,30
202104,전라남도,광양시,35,21
202104,전라남도,광양시,36,28
202104,전라남도,광양시,37,36
202104,전라남도,광양시,38,43
202104,전라남도,광양시,39,48
202104,전라남도,광양시,40,48
202104,전라남도,광양시,41,66
202104,전라남도,광양시,42,49
202104,전라남도,광양시,43,49
202104,전라남도,광양시,44,46
202104,전라남도,광양시,45,64
202104,전라남도,광양시,46,54
202104,전라남도,광양시,47,62
202104,전라남도,광양시,48,52
202104,전라남도,광양시,49,59
202104,전라남도,광양시,50,63
202104,전라남도,광양시,51,65
202104,전라남도,광양시,52,78
202104,전라남도,광양시,53,64
202104,전라남도,광양시,54,60
202104,전라남도,광양시,55,71
202104,전라남도,광양시,56,53
202104,전라남도,광양시,57,55
202104,전라남도,광양시,58,77
202104,전라남도,광양시,59,71
202104,전라남도,광양시,60,84
202104,전라남도,광양시,61,81
202104,전라남도,광양시,62,60
202104,전라남도,광양시,63,71
202104,전라남도,광양시,64,63
202104,전라남도,광양시,65,72
202104,전라남도,광양시,66,80
202104,전라남도,광양시,67,63
202104,전라남도,광양시,68,68
202104,전라남도,광양시,69,57
202104,전라남도,광양시,70,54
202104,전라남도,광양시,71,60
202104,전라남도,광양시,72,57
202104,전라남도,광양시,73,56
202104,전라남도,광양시,74,63
202104,전라남도,광양시,75,47
202104,전라남도,광양시,76,54
202104,전라남도,광양시,77,47
202104,전라남도,광양시,78,58
202104,전라남도,광양시,79,71
202104,전라남도,광양시,80,41
202104,전라남도,광양시,81,60
202104,전라남도,광양시,82,53
202104,전라남도,광양시,83,60
202104,전라남도,광양시,84,48
202104,전라남도,광양시,85,59
202104,전라남도,광양시,86,50
202104,전라남도,광양시,87,40
202104,전라남도,광양시,88,34
202104,전라남도,광양시,89,28
202104,전라남도,광양시,90,23
202104,전라남도,광양시,91,26
202104,전라남도,광양시,92,15
202104,전라남도,광양시,93,15
202104,전라남도,광양시,94,13
202104,전라남도,광양시,95,8
202104,전라남도,광양시,96,7
202104,전라남도,광양시,97,8
202104,전라남도,광양시,98,5
202104,전라남도,광양시,99,2
202104,전라남도,광양시,100,1
202104,전라남도,담양군,0,1
202104,전라남도,담양군,1,2
202104,전라남도,담양군,2,3
202104,전라남도,담양군,3,7
202104,전라남도,담양군,4,10
202104,전라남도,담양군,5,5
202104,전라남도,담양군,6,15
202104,전라남도,담양군,7,21
202104,전라남도,담양군,8,19
202104,전라남도,담양군,9,22
202104,전라남도,담양군,10,28
202104,전라남도,담양군,11,22
202104,전라남도,담양군,12,21
202104,전라남도,담양군,13,28
202104,전라남도,담양군,14,22
202104,전라남도,담양군,15,16
202104,전라남도,담양군,16,31
202104,전라남도,담양군,17,24
202104,전라남도,담양군,18,23
202104,전라남도,담양군,19,14
202104,전라남도,담양군,20,22
202104,전라남도,담양군,21,18
202104,전라남도,담양군,22,18
202104,전라남도,담양군,23,11
202104,전라남도,담양군,24,7
202104,전라남도,담양군,25,8
202104,전라남도,담양군,26,6
202104,전라남도,담양군,27,3
202104,전라남도,담양군,28,7
202104,전라남도,담양군,29,5
202104,전라남도,담양군,30,7
202104,전라남도,담양군,31,3
202104,전라남도,담양군,32,12
202104,전라남도,담양군,33,8
202104,전라남도,담양군,34,17
202104,전라남도,담양군,35,6
202104,전라남도,담양군,36,7
202104,전라남도,담양군,37,18
202104,전라남도,담양군,38,13
202104,전라남도,담양군,39,13
202104,전라남도,담양군,40,7
202104,전라남도,담양군,41,10
202104,전라남도,담양군,42,11
202104,전라남도,담양군,43,21
202104,전라남도,담양군,44,15
202104,전라남도,담양군,45,24
202104,전라남도,담양군,46,22
202104,전라남도,담양군,47,23
202104,전라남도,담양군,48,21
202104,전라남도,담양군,49,32
202104,전라남도,담양군,50,29
202104,전라남도,담양군,51,17
202104,전라남도,담양군,52,35
202104,전라남도,담양군,53,26
202104,전라남도,담양군,54,21
202104,전라남도,담양군,55,37
202104,전라남도,담양군,56,19
202104,전라남도,담양군,57,35
202104,전라남도,담양군,58,32
202104,전라남도,담양군,59,35
202104,전라남도,담양군,60,44
202104,전라남도,담양군,61,37
202104,전라남도,담양군,62,43
202104,전라남도,담양군,63,30
202104,전라남도,담양군,64,28
202104,전라남도,담양군,65,35
202104,전라남도,담양군,66,42
202104,전라남도,담양군,67,38
202104,전라남도,담양군,68,30
202104,전라남도,담양군,69,30
202104,전라남도,담양군,70,35
202104,전라남도,담양군,71,31
202104,전라남도,담양군,72,37
202104,전라남도,담양군,73,34
202104,전라남도,담양군,74,37
202104,전라남도,담양군,75,32
202104,전라남도,담양군,76,28
202104,전라남도,담양군,77,36
202104,전라남도,담양군,78,47
202104,전라남도,담양군,79,59
202104,전라남도,담양군,80,41
202104,전라남도,담양군,81,43
202104,전라남도,담양군,82,55
202104,전라남도,담양군,83,42
202104,전라남도,담양군,84,33
202104,전라남도,담양군,85,44
202104,전라남도,담양군,86,35
202104,전라남도,담양군,87,34
202104,전라남도,담양군,88,35
202104,전라남도,담양군,89,30
202104,전라남도,담양군,90,23
202104,전라남도,담양군,91,29
202104,전라남도,담양군,92,20
202104,전라남도,담양군,93,8
202104,전라남도,담양군,94,7
202104,전라남도,담양군,95,8
202104,전라남도,담양군,96,4
202104,전라남도,담양군,97,4
202104,전라남도,담양군,98,3
202104,전라남도,담양군,99,3
202104,전라남도,담양군,100,3
202104,전라남도,담양군,102,2
202104,전라남도,담양군,104,2
202104,전라남도,곡성군,1,1
202104,전라남도,곡성군,3,3
202104,전라남도,곡성군,4,4
202104,전라남도,곡성군,6,8
202104,전라남도,곡성군,7,10
202104,전라남도,곡성군,8,14
202104,전라남도,곡성군,9,11
202104,전라남도,곡성군,10,11
202104,전라남도,곡성군,11,13
202104,전라남도,곡성군,12,10
202104,전라남도,곡성군,13,12
202104,전라남도,곡성군,14,16
202104,전라남도,곡성군,15,20
202104,전라남도,곡성군,16,21
202104,전라남도,곡성군,17,25
202104,전라남도,곡성군,18,25
202104,전라남도,곡성군,19,14
202104,전라남도,곡성군,20,14
202104,전라남도,곡성군,21,8
202104,전라남도,곡성군,22,15
202104,전라남도,곡성군,23,2
202104,전라남도,곡성군,24,5
202104,전라남도,곡성군,25,6
202104,전라남도,곡성군,26,3
202104,전라남도,곡성군,27,2
202104,전라남도,곡성군,28,3
202104,전라남도,곡성군,30,3
202104,전라남도,곡성군,31,7
202104,전라남도,곡성군,32,6
202104,전라남도,곡성군,33,4
202104,전라남도,곡성군,34,4
202104,전라남도,곡성군,35,2
202104,전라남도,곡성군,36,5
202104,전라남도,곡성군,37,3
202104,전라남도,곡성군,38,7
202104,전라남도,곡성군,39,10
202104,전라남도,곡성군,40,9
202104,전라남도,곡성군,41,5
202104,전라남도,곡성군,42,8
202104,전라남도,곡성군,43,9
202104,전라남도,곡성군,44,9
202104,전라남도,곡성군,45,16
202104,전라남도,곡성군,46,19
202104,전라남도,곡성군,47,15
202104,전라남도,곡성군,48,26
202104,전라남도,곡성군,49,24
202104,전라남도,곡성군,50,14
202104,전라남도,곡성군,51,17
202104,전라남도,곡성군,52,17
202104,전라남도,곡성군,53,19
202104,전라남도,곡성군,54,29
202104,전라남도,곡성군,55,34
202104,전라남도,곡성군,56,23
202104,전라남도,곡성군,57,26
202104,전라남도,곡성군,58,23
202104,전라남도,곡성군,59,31
202104,전라남도,곡성군,60,29
202104,전라남도,곡성군,61,27
202104,전라남도,곡성군,62,34
202104,전라남도,곡성군,63,32
202104,전라남도,곡성군,64,20
202104,전라남도,곡성군,65,29
202104,전라남도,곡성군,66,26
202104,전라남도,곡성군,67,20
202104,전라남도,곡성군,68,23
202104,전라남도,곡성군,69,24
202104,전라남도,곡성군,70,23
202104,전라남도,곡성군,71,22
202104,전라남도,곡성군,72,32
202104,전라남도,곡성군,73,21
202104,전라남도,곡성군,74,34
202104,전라남도,곡성군,75,18
202104,전라남도,곡성군,76,26
202104,전라남도,곡성군,77,30
202104,전라남도,곡성군,78,34
202104,전라남도,곡성군,79,40
202104,전라남도,곡성군,80,31
202104,전라남도,곡성군,81,37
202104,전라남도,곡성군,82,39
202104,전라남도,곡성군,83,30
202104,전라남도,곡성군,84,43
202104,전라남도,곡성군,85,36
202104,전라남도,곡성군,86,29
202104,전라남도,곡성군,87,30
202104,전라남도,곡성군,88,26
202104,전라남도,곡성군,89,25
202104,전라남도,곡성군,90,19
202104,전라남도,곡성군,91,16
202104,전라남도,곡성군,92,19
202104,전라남도,곡성군,93,10
202104,전라남도,곡성군,94,4
202104,전라남도,곡성군,95,5
202104,전라남도,곡성군,96,4
202104,전라남도,곡성군,97,4
202104,전라남도,곡성군,98,3
202104,전라남도,곡성군,99,1
202104,전라남도,곡성군,100,2
202104,전라남도,곡성군,101,1
202104,전라남도,구례군,3,2
202104,전라남도,구례군,4,3
202104,전라남도,구례군,5,4
202104,전라남도,구례군,6,1
202104,전라남도,구례군,7,12
202104,전라남도,구례군,8,17
202104,전라남도,구례군,9,12
202104,전라남도,구례군,10,21
202104,전라남도,구례군,11,10
202104,전라남도,구례군,12,16
202104,전라남도,구례군,13,16
202104,전라남도,구례군,14,16
202104,전라남도,구례군,15,19
202104,전라남도,구례군,16,23
202104,전라남도,구례군,17,21
202104,전라남도,구례군,18,15
202104,전라남도,구례군,19,14
202104,전라남도,구례군,20,8
202104,전라남도,구례군,21,12
202104,전라남도,구례군,22,6
202104,전라남도,구례군,23,7
202104,전라남도,구례군,24,5
202104,전라남도,구례군,25,5
202104,전라남도,구례군,26,1
202104,전라남도,구례군,27,1
202104,전라남도,구례군,28,3
202104,전라남도,구례군,30,3
202104,전라남도,구례군,32,2
202104,전라남도,구례군,33,2
202104,전라남도,구례군,34,2
202104,전라남도,구례군,35,2
202104,전라남도,구례군,36,3
202104,전라남도,구례군,37,2
202104,전라남도,구례군,38,8
202104,전라남도,구례군,39,8
202104,전라남도,구례군,40,7
202104,전라남도,구례군,41,14
202104,전라남도,구례군,42,5
202104,전라남도,구례군,43,19
202104,전라남도,구례군,44,11
202104,전라남도,구례군,45,10
202104,전라남도,구례군,46,21
202104,전라남도,구례군,47,19
202104,전라남도,구례군,48,17
202104,전라남도,구례군,49,14
202104,전라남도,구례군,50,19
202104,전라남도,구례군,51,25
202104,전라남도,구례군,52,27
202104,전라남도,구례군,53,14
202104,전라남도,구례군,54,17
202104,전라남도,구례군,55,20
202104,전라남도,구례군,56,25
202104,전라남도,구례군,57,21
202104,전라남도,구례군,58,25
202104,전라남도,구례군,59,26
202104,전라남도,구례군,60,33
202104,전라남도,구례군,61,40
202104,전라남도,구례군,62,37
202104,전라남도,구례군,63,20
202104,전라남도,구례군,64,25
202104,전라남도,구례군,65,25
202104,전라남도,구례군,66,26
202104,전라남도,구례군,67,30
202104,전라남도,구례군,68,29
202104,전라남도,구례군,69,21
202104,전라남도,구례군,70,27
202104,전라남도,구례군,71,30
202104,전라남도,구례군,72,25
202104,전라남도,구례군,73,25
202104,전라남도,구례군,74,28
202104,전라남도,구례군,75,28
202104,전라남도,구례군,76,20
202104,전라남도,구례군,77,30
202104,전라남도,구례군,78,38
202104,전라남도,구례군,79,31
202104,전라남도,구례군,80,32
202104,전라남도,구례군,81,27
202104,전라남도,구례군,82,27
202104,전라남도,구례군,83,28
202104,전라남도,구례군,84,23
202104,전라남도,구례군,85,14
202104,전라남도,구례군,86,28
202104,전라남도,구례군,87,24
202104,전라남도,구례군,88,12
202104,전라남도,구례군,89,16
202104,전라남도,구례군,90,12
202104,전라남도,구례군,91,10
202104,전라남도,구례군,92,4
202104,전라남도,구례군,93,4
202104,전라남도,구례군,94,7
202104,전라남도,구례군,95,2
202104,전라남도,구례군,96,1
202104,전라남도,구례군,97,4
202104,전라남도,구례군,98,2
202104,전라남도,구례군,99,1
202104,전라남도,구례군,100,1
202104,전라남도,구례군,101,1
202104,전라남도,구례군,102,1
202104,전라남도,구례군,105,1
202104,전라남도,고흥군,0,1
202104,전라남도,고흥군,1,2
202104,전라남도,고흥군,2,6
202104,전라남도,고흥군,3,2
202104,전라남도,고흥군,4,11
202104,전라남도,고흥군,5,8
202104,전라남도,고흥군,6,10
202104,전라남도,고흥군,7,32
202104,전라남도,고흥군,8,25
202104,전라남도,고흥군,9,24
202104,전라남도,고흥군,10,42
202104,전라남도,고흥군,11,40
202104,전라남도,고흥군,12,48
202104,전라남도,고흥군,13,55
202104,전라남도,고흥군,14,44
202104,전라남도,고흥군,15,36
202104,전라남도,고흥군,16,56
202104,전라남도,고흥군,17,41
202104,전라남도,고흥군,18,36
202104,전라남도,고흥군,19,25
202104,전라남도,고흥군,20,25
202104,전라남도,고흥군,21,31
202104,전라남도,고흥군,22,17
202104,전라남도,고흥군,23,10
202104,전라남도,고흥군,24,9
202104,전라남도,고흥군,25,10
202104,전라남도,고흥군,26,8
202104,전라남도,고흥군,27,11
202104,전라남도,고흥군,28,5
202104,전라남도,고흥군,29,9
202104,전라남도,고흥군,30,6
202104,전라남도,고흥군,31,8
202104,전라남도,고흥군,32,12
202104,전라남도,고흥군,33,15
202104,전라남도,고흥군,34,6
202104,전라남도,고흥군,35,13
202104,전라남도,고흥군,36,17
202104,전라남도,고흥군,37,13
202104,전라남도,고흥군,38,17
202104,전라남도,고흥군,39,20
202104,전라남도,고흥군,40,16
202104,전라남도,고흥군,41,19
202104,전라남도,고흥군,42,27
202104,전라남도,고흥군,43,32
202104,전라남도,고흥군,44,34
202104,전라남도,고흥군,45,31
202104,전라남도,고흥군,46,40
202104,전라남도,고흥군,47,40
202104,전라남도,고흥군,48,37
202104,전라남도,고흥군,49,48
202104,전라남도,고흥군,50,48
202104,전라남도,고흥군,51,57
202104,전라남도,고흥군,52,68
202104,전라남도,고흥군,53,62
202104,전라남도,고흥군,54,56
202104,전라남도,고흥군,55,60
202104,전라남도,고흥군,56,56
202104,전라남도,고흥군,57,57
202104,전라남도,고흥군,58,78
202104,전라남도,고흥군,59,95
202104,전라남도,고흥군,60,92
202104,전라남도,고흥군,61,95
202104,전라남도,고흥군,62,85
202104,전라남도,고흥군,63,72
202104,전라남도,고흥군,64,61
202104,전라남도,고흥군,65,72
202104,전라남도,고흥군,66,97
202104,전라남도,고흥군,67,59
202104,전라남도,고흥군,68,63
202104,전라남도,고흥군,69,71
202104,전라남도,고흥군,70,84
202104,전라남도,고흥군,71,90
202104,전라남도,고흥군,72,79
202104,전라남도,고흥군,73,97
202104,전라남도,고흥군,74,101
202104,전라남도,고흥군,75,70
202104,전라남도,고흥군,76,77
202104,전라남도,고흥군,77,74
202104,전라남도,고흥군,78,134
202104,전라남도,고흥군,79,110
202104,전라남도,고흥군,80,94
202104,전라남도,고흥군,81,107
202104,전라남도,고흥군,82,132
202104,전라남도,고흥군,83,113
202104,전라남도,고흥군,84,122
202104,전라남도,고흥군,85,91
202104,전라남도,고흥군,86,97
202104,전라남도,고흥군,87,72
202104,전라남도,고흥군,88,80
202104,전라남도,고흥군,89,57
202104,전라남도,고흥군,90,53
202104,전라남도,고흥군,91,58
202104,전라남도,고흥군,92,27
202104,전라남도,고흥군,93,33
202104,전라남도,고흥군,94,11
202104,전라남도,고흥군,95,10
202104,전라남도,고흥군,96,11
202104,전라남도,고흥군,97,11
202104,전라남도,고흥군,98,1
202104,전라남도,고흥군,99,3
202104,전라남도,고흥군,100,1
202104,전라남도,고흥군,101,1
202104,전라남도,고흥군,103,1
202104,전라남도,고흥군,105,2
202104,전라남도,고흥군,107,1
202104,전라남도,보성군,0,1
202104,전라남도,보성군,1,3
202104,전라남도,보성군,2,4
202104,전라남도,보성군,3,5
202104,전라남도,보성군,4,10
202104,전라남도,보성군,5,12
202104,전라남도,보성군,6,14
202104,전라남도,보성군,7,19
202104,전라남도,보성군,8,24
202104,전라남도,보성군,9,26
202104,전라남도,보성군,10,34
202104,전라남도,보성군,11,20
202104,전라남도,보성군,12,23
202104,전라남도,보성군,13,33
202104,전라남도,보성군,14,37
202104,전라남도,보성군,15,18
202104,전라남도,보성군,16,34
202104,전라남도,보성군,17,29
202104,전라남도,보성군,18,35
202104,전라남도,보성군,19,25
202104,전라남도,보성군,20,14
202104,전라남도,보성군,21,19
202104,전라남도,보성군,22,9
202104,전라남도,보성군,23,10
202104,전라남도,보성군,24,12
202104,전라남도,보성군,25,6
202104,전라남도,보성군,26,8
202104,전라남도,보성군,27,4
202104,전라남도,보성군,28,6
202104,전라남도,보성군,29,5
202104,전라남도,보성군,30,4
202104,전라남도,보성군,31,6
202104,전라남도,보성군,32,4
202104,전라남도,보성군,33,6
202104,전라남도,보성군,34,10
202104,전라남도,보성군,35,11
202104,전라남도,보성군,36,12
202104,전라남도,보성군,37,12
202104,전라남도,보성군,38,14
202104,전라남도,보성군,39,10
202104,전라남도,보성군,40,15
202104,전라남도,보성군,41,15
202104,전라남도,보성군,42,17
202104,전라남도,보성군,43,30
202104,전라남도,보성군,44,20
202104,전라남도,보성군,45,34
202104,전라남도,보성군,46,23
202104,전라남도,보성군,47,22
202104,전라남도,보성군,48,35
202104,전라남도,보성군,49,27
202104,전라남도,보성군,50,27
202104,전라남도,보성군,51,34
202104,전라남도,보성군,52,35
202104,전라남도,보성군,53,36
202104,전라남도,보성군,54,35
202104,전라남도,보성군,55,45
202104,전라남도,보성군,56,45
202104,전라남도,보성군,57,39
202104,전라남도,보성군,58,49
202104,전라남도,보성군,59,44
202104,전라남도,보성군,60,43
202104,전라남도,보성군,61,62
202104,전라남도,보성군,62,55
202104,전라남도,보성군,63,34
202104,전라남도,보성군,64,42
202104,전라남도,보성군,65,34
202104,전라남도,보성군,66,62
202104,전라남도,보성군,67,34
202104,전라남도,보성군,68,49
202104,전라남도,보성군,69,24
202104,전라남도,보성군,70,40
202104,전라남도,보성군,71,46
202104,전라남도,보성군,72,45
202104,전라남도,보성군,73,37
202104,전라남도,보성군,74,39
202104,전라남도,보성군,75,34
202104,전라남도,보성군,76,48
202104,전라남도,보성군,77,29
202104,전라남도,보성군,78,66
202104,전라남도,보성군,79,50
202104,전라남도,보성군,80,44
202104,전라남도,보성군,81,38
202104,전라남도,보성군,82,64
202104,전라남도,보성군,83,51
202104,전라남도,보성군,84,56
202104,전라남도,보성군,85,41
202104,전라남도,보성군,86,27
202104,전라남도,보성군,87,37
202104,전라남도,보성군,88,35
202104,전라남도,보성군,89,37
202104,전라남도,보성군,90,23
202104,전라남도,보성군,91,27
202104,전라남도,보성군,92,14
202104,전라남도,보성군,93,17
202104,전라남도,보성군,94,10
202104,전라남도,보성군,95,9
202104,전라남도,보성군,96,3
202104,전라남도,보성군,97,5
202104,전라남도,보성군,98,3
202104,전라남도,보성군,99,1
202104,전라남도,보성군,100,2
202104,전라남도,보성군,101,1
202104,전라남도,보성군,104,1
202104,전라남도,화순군,0,2
202104,전라남도,화순군,1,1
202104,전라남도,화순군,2,4
202104,전라남도,화순군,3,7
202104,전라남도,화순군,4,13
202104,전라남도,화순군,5,11
202104,전라남도,화순군,6,9
202104,전라남도,화순군,7,23
202104,전라남도,화순군,8,26
202104,전라남도,화순군,9,32
202104,전라남도,화순군,10,30
202104,전라남도,화순군,11,31
202104,전라남도,화순군,12,34
202104,전라남도,화순군,13,33
202104,전라남도,화순군,14,46
202104,전라남도,화순군,15,39
202104,전라남도,화순군,16,45
202104,전라남도,화순군,17,52
202104,전라남도,화순군,18,41
202104,전라남도,화순군,19,42
202104,전라남도,화순군,20,34
202104,전라남도,화순군,21,38
202104,전라남도,화순군,22,28
202104,전라남도,화순군,23,20
202104,전라남도,화순군,24,11
202104,전라남도,화순군,25,8
202104,전라남도,화순군,26,13
202104,전라남도,화순군,27,7
202104,전라남도,화순군,28,7
202104,전라남도,화순군,29,4
202104,전라남도,화순군,30,13
202104,전라남도,화순군,31,9
202104,전라남도,화순군,32,8
202104,전라남도,화순군,33,7
202104,전라남도,화순군,34,7
202104,전라남도,화순군,35,11
202104,전라남도,화순군,36,8
202104,전라남도,화순군,37,21
202104,전라남도,화순군,38,18
202104,전라남도,화순군,39,15
202104,전라남도,화순군,40,22
202104,전라남도,화순군,41,20
202104,전라남도,화순군,42,27
202104,전라남도,화순군,43,23
202104,전라남도,화순군,44,26
202104,전라남도,화순군,45,29
202104,전라남도,화순군,46,28
202104,전라남도,화순군,47,39
202104,전라남도,화순군,48,37
202104,전라남도,화순군,49,42
202104,전라남도,화순군,50,45
202104,전라남도,화순군,51,52
202104,전라남도,화순군,52,52
202104,전라남도,화순군,53,50
202104,전라남도,화순군,54,49
202104,전라남도,화순군,55,69
202104,전라남도,화순군,56,51
202104,전라남도,화순군,57,55
202104,전라남도,화순군,58,51
202104,전라남도,화순군,59,57
202104,전라남도,화순군,60,63
202104,전라남도,화순군,61,50
202104,전라남도,화순군,62,46
202104,전라남도,화순군,63,36
202104,전라남도,화순군,64,32
202104,전라남도,화순군,65,41
202104,전라남도,화순군,66,43
202104,전라남도,화순군,67,41
202104,전라남도,화순군,68,46
202104,전라남도,화순군,69,38
202104,전라남도,화순군,70,42
202104,전라남도,화순군,71,41
202104,전라남도,화순군,72,45
202104,전라남도,화순군,73,51
202104,전라남도,화순군,74,47
202104,전라남도,화순군,75,43
202104,전라남도,화순군,76,50
202104,전라남도,화순군,77,50
202104,전라남도,화순군,78,69
202104,전라남도,화순군,79,87
202104,전라남도,화순군,80,75
202104,전라남도,화순군,81,72
202104,전라남도,화순군,82,67
202104,전라남도,화순군,83,54
202104,전라남도,화순군,84,68
202104,전라남도,화순군,85,57
202104,전라남도,화순군,86,59
202104,전라남도,화순군,87,55
202104,전라남도,화순군,88,36
202104,전라남도,화순군,89,39
202104,전라남도,화순군,90,26
202104,전라남도,화순군,91,26
202104,전라남도,화순군,92,17
202104,전라남도,화순군,93,11
202104,전라남도,화순군,94,10
202104,전라남도,화순군,95,8
202104,전라남도,화순군,96,3
202104,전라남도,화순군,97,7
202104,전라남도,화순군,98,2
202104,전라남도,화순군,99,1
202104,전라남도,화순군,100,1
202104,전라남도,장흥군,0,5
202104,전라남도,장흥군,1,3
202104,전라남도,장흥군,2,11
202104,전라남도,장흥군,3,3
202104,전라남도,장흥군,4,12
202104,전라남도,장흥군,5,13
202104,전라남도,장흥군,6,19
202104,전라남도,장흥군,7,17
202104,전라남도,장흥군,8,26
202104,전라남도,장흥군,9,29
202104,전라남도,장흥군,10,32
202104,전라남도,장흥군,11,23
202104,전라남도,장흥군,12,29
202104,전라남도,장흥군,13,37
202104,전라남도,장흥군,14,47
202104,전라남도,장흥군,15,32
202104,전라남도,장흥군,16,26
202104,전라남도,장흥군,17,47
202104,전라남도,장흥군,18,36
202104,전라남도,장흥군,19,27
202104,전라남도,장흥군,20,15
202104,전라남도,장흥군,21,13
202104,전라남도,장흥군,22,17
202104,전라남도,장흥군,23,10
202104,전라남도,장흥군,24,9
202104,전라남도,장흥군,25,6
202104,전라남도,장흥군,26,7
202104,전라남도,장흥군,27,8
202104,전라남도,장흥군,28,5
202104,전라남도,장흥군,29,6
202104,전라남도,장흥군,30,4
202104,전라남도,장흥군,31,9
202104,전라남도,장흥군,32,5
202104,전라남도,장흥군,33,4
202104,전라남도,장흥군,34,9
202104,전라남도,장흥군,35,8
202104,전라남도,장흥군,36,10
202104,전라남도,장흥군,37,7
202104,전라남도,장흥군,38,12
202104,전라남도,장흥군,39,14
202104,전라남도,장흥군,40,17
202104,전라남도,장흥군,41,17
202104,전라남도,장흥군,42,14
202104,전라남도,장흥군,43,15
202104,전라남도,장흥군,44,26
202104,전라남도,장흥군,45,19
202104,전라남도,장흥군,46,14
202104,전라남도,장흥군,47,25
202104,전라남도,장흥군,48,31
202104,전라남도,장흥군,49,27
202104,전라남도,장흥군,50,37
202104,전라남도,장흥군,51,44
202104,전라남도,장흥군,52,44
202104,전라남도,장흥군,53,28
202104,전라남도,장흥군,54,38
202104,전라남도,장흥군,55,45
202104,전라남도,장흥군,56,56
202104,전라남도,장흥군,57,37
202104,전라남도,장흥군,58,40
202104,전라남도,장흥군,59,47
202104,전라남도,장흥군,60,53
202104,전라남도,장흥군,61,54
202104,전라남도,장흥군,62,41
202104,전라남도,장흥군,63,38
202104,전라남도,장흥군,64,35
202104,전라남도,장흥군,65,45
202104,전라남도,장흥군,66,43
202104,전라남도,장흥군,67,29
202104,전라남도,장흥군,68,32
202104,전라남도,장흥군,69,32
202104,전라남도,장흥군,70,42
202104,전라남도,장흥군,71,38
202104,전라남도,장흥군,72,49
202104,전라남도,장흥군,73,41
202104,전라남도,장흥군,74,44
202104,전라남도,장흥군,75,31
202104,전라남도,장흥군,76,35
202104,전라남도,장흥군,77,36
202104,전라남도,장흥군,78,58
202104,전라남도,장흥군,79,56
202104,전라남도,장흥군,80,55
202104,전라남도,장흥군,81,55
202104,전라남도,장흥군,82,59
202104,전라남도,장흥군,83,47
202104,전라남도,장흥군,84,49
202104,전라남도,장흥군,85,53
202104,전라남도,장흥군,86,54
202104,전라남도,장흥군,87,41
202104,전라남도,장흥군,88,31
202104,전라남도,장흥군,89,40
202104,전라남도,장흥군,90,17
202104,전라남도,장흥군,91,26
202104,전라남도,장흥군,92,18
202104,전라남도,장흥군,93,9
202104,전라남도,장흥군,94,10
202104,전라남도,장흥군,95,7
202104,전라남도,장흥군,96,6
202104,전라남도,장흥군,97,5
202104,전라남도,장흥군,98,3
202104,전라남도,장흥군,99,1
202104,전라남도,장흥군,100,1
202104,전라남도,장흥군,102,1
202104,전라남도,강진군,0,2
202104,전라남도,강진군,1,9
202104,전라남도,강진군,2,3
202104,전라남도,강진군,3,8
202104,전라남도,강진군,4,10
202104,전라남도,강진군,5,8
202104,전라남도,강진군,6,8
202104,전라남도,강진군,7,25
202104,전라남도,강진군,8,20
202104,전라남도,강진군,9,24
202104,전라남도,강진군,10,25
202104,전라남도,강진군,11,23
202104,전라남도,강진군,12,26
202104,전라남도,강진군,13,28
202104,전라남도,강진군,14,20
202104,전라남도,강진군,15,35
202104,전라남도,강진군,16,41
202104,전라남도,강진군,17,41
202104,전라남도,강진군,18,25
202104,전라남도,강진군,19,26
202104,전라남도,강진군,20,17
202104,전라남도,강진군,21,20
202104,전라남도,강진군,22,7
202104,전라남도,강진군,23,12
202104,전라남도,강진군,24,9
202104,전라남도,강진군,25,6
202104,전라남도,강진군,26,7
202104,전라남도,강진군,27,5
202104,전라남도,강진군,28,9
202104,전라남도,강진군,29,5
202104,전라남도,강진군,30,1
202104,전라남도,강진군,31,2
202104,전라남도,강진군,32,5
202104,전라남도,강진군,33,10
202104,전라남도,강진군,34,8
202104,전라남도,강진군,35,6
202104,전라남도,강진군,36,11
202104,전라남도,강진군,37,6
202104,전라남도,강진군,38,9
202104,전라남도,강진군,39,14
202104,전라남도,강진군,40,17
202104,전라남도,강진군,41,15
202104,전라남도,강진군,42,14
202104,전라남도,강진군,43,14
202104,전라남도,강진군,44,16
202104,전라남도,강진군,45,19
202104,전라남도,강진군,46,28
202104,전라남도,강진군,47,25
202104,전라남도,강진군,48,26
202104,전라남도,강진군,49,29
202104,전라남도,강진군,50,25
202104,전라남도,강진군,51,22
202104,전라남도,강진군,52,25
202104,전라남도,강진군,53,35
202104,전라남도,강진군,54,30
202104,전라남도,강진군,55,34
202104,전라남도,강진군,56,38
202104,전라남도,강진군,57,36
202104,전라남도,강진군,58,37
202104,전라남도,강진군,59,37
202104,전라남도,강진군,60,56
202104,전라남도,강진군,61,50
202104,전라남도,강진군,62,48
202104,전라남도,강진군,63,35
202104,전라남도,강진군,64,36
202104,전라남도,강진군,65,33
202104,전라남도,강진군,66,45
202104,전라남도,강진군,67,24
202104,전라남도,강진군,68,38
202104,전라남도,강진군,69,31
202104,전라남도,강진군,70,31
202104,전라남도,강진군,71,42
202104,전라남도,강진군,72,34
202104,전라남도,강진군,73,26
202104,전라남도,강진군,74,49
202104,전라남도,강진군,75,34
202104,전라남도,강진군,76,40
202104,전라남도,강진군,77,25
202104,전라남도,강진군,78,51
202104,전라남도,강진군,79,41
202104,전라남도,강진군,80,29
202104,전라남도,강진군,81,52
202104,전라남도,강진군,82,51
202104,전라남도,강진군,83,50
202104,전라남도,강진군,84,43
202104,전라남도,강진군,85,28
202104,전라남도,강진군,86,28
202104,전라남도,강진군,87,36
202104,전라남도,강진군,88,30
202104,전라남도,강진군,89,29
202104,전라남도,강진군,90,22
202104,전라남도,강진군,91,18
202104,전라남도,강진군,92,12
202104,전라남도,강진군,93,10
202104,전라남도,강진군,94,8
202104,전라남도,강진군,95,5
202104,전라남도,강진군,96,4
202104,전라남도,강진군,97,2
202104,전라남도,강진군,98,4
202104,전라남도,강진군,99,1
202104,전라남도,강진군,101,1
202104,전라남도,강진군,102,1
202104,전라남도,해남군,0,3
202104,전라남도,해남군,1,6
202104,전라남도,해남군,2,12
202104,전라남도,해남군,3,11
202104,전라남도,해남군,4,4
202104,전라남도,해남군,5,9
202104,전라남도,해남군,6,14
202104,전라남도,해남군,7,24
202104,전라남도,해남군,8,28
202104,전라남도,해남군,9,38
202104,전라남도,해남군,10,41
202104,전라남도,해남군,11,40
202104,전라남도,해남군,12,50
202104,전라남도,해남군,13,53
202104,전라남도,해남군,14,46
202104,전라남도,해남군,15,50
202104,전라남도,해남군,16,59
202104,전라남도,해남군,17,73
202104,전라남도,해남군,18,39
202104,전라남도,해남군,19,33
202104,전라남도,해남군,20,36
202104,전라남도,해남군,21,21
202104,전라남도,해남군,22,26
202104,전라남도,해남군,23,14
202104,전라남도,해남군,24,12
202104,전라남도,해남군,25,10
202104,전라남도,해남군,26,3
202104,전라남도,해남군,27,6
202104,전라남도,해남군,28,7
202104,전라남도,해남군,29,6
202104,전라남도,해남군,30,3
202104,전라남도,해남군,31,9
202104,전라남도,해남군,32,8
202104,전라남도,해남군,33,16
202104,전라남도,해남군,34,11
202104,전라남도,해남군,35,18
202104,전라남도,해남군,36,14
202104,전라남도,해남군,37,7
202104,전라남도,해남군,38,18
202104,전라남도,해남군,39,31
202104,전라남도,해남군,40,21
202104,전라남도,해남군,41,26
202104,전라남도,해남군,42,24
202104,전라남도,해남군,43,26
202104,전라남도,해남군,44,30
202104,전라남도,해남군,45,32
202104,전라남도,해남군,46,16
202104,전라남도,해남군,47,45
202104,전라남도,해남군,48,39
202104,전라남도,해남군,49,43
202104,전라남도,해남군,50,49
202104,전라남도,해남군,51,38
202104,전라남도,해남군,52,52
202104,전라남도,해남군,53,34
202104,전라남도,해남군,54,56
202104,전라남도,해남군,55,55
202104,전라남도,해남군,56,69
202104,전라남도,해남군,57,52
202104,전라남도,해남군,58,65
202104,전라남도,해남군,59,68
202104,전라남도,해남군,60,87
202104,전라남도,해남군,61,89
202104,전라남도,해남군,62,69
202104,전라남도,해남군,63,59
202104,전라남도,해남군,64,71
202104,전라남도,해남군,65,66
202104,전라남도,해남군,66,72
202104,전라남도,해남군,67,59
202104,전라남도,해남군,68,60
202104,전라남도,해남군,69,66
202104,전라남도,해남군,70,68
202104,전라남도,해남군,71,80
202104,전라남도,해남군,72,67
202104,전라남도,해남군,73,75
202104,전라남도,해남군,74,77
202104,전라남도,해남군,75,65
202104,전라남도,해남군,76,90
202104,전라남도,해남군,77,54
202104,전라남도,해남군,78,113
202104,전라남도,해남군,79,85
202104,전라남도,해남군,80,109
202104,전라남도,해남군,81,86
202104,전라남도,해남군,82,95
202104,전라남도,해남군,83,95
202104,전라남도,해남군,84,72
202104,전라남도,해남군,85,82
202104,전라남도,해남군,86,81
202104,전라남도,해남군,87,79
202104,전라남도,해남군,88,54
202104,전라남도,해남군,89,64
202104,전라남도,해남군,90,33
202104,전라남도,해남군,91,35
202104,전라남도,해남군,92,28
202104,전라남도,해남군,93,17
202104,전라남도,해남군,94,18
202104,전라남도,해남군,95,8
202104,전라남도,해남군,96,9
202104,전라남도,해남군,97,10
202104,전라남도,해남군,98,4
202104,전라남도,해남군,99,2
202104,전라남도,해남군,100,3
202104,전라남도,해남군,101,4
202104,전라남도,해남군,102,1
202104,전라남도,해남군,106,1
202104,전라남도,영암군,0,2
202104,전라남도,영암군,1,5
202104,전라남도,영암군,2,8
202104,전라남도,영암군,3,5
202104,전라남도,영암군,4,8
202104,전라남도,영암군,5,11
202104,전라남도,영암군,6,12
202104,전라남도,영암군,7,15
202104,전라남도,영암군,8,28
202104,전라남도,영암군,9,22
202104,전라남도,영암군,10,31
202104,전라남도,영암군,11,22
202104,전라남도,영암군,12,35
202104,전라남도,영암군,13,38
202104,전라남도,영암군,14,48
202104,전라남도,영암군,15,30
202104,전라남도,영암군,16,32
202104,전라남도,영암군,17,52
202104,전라남도,영암군,18,36
202104,전라남도,영암군,19,21
202104,전라남도,영암군,20,17
202104,전라남도,영암군,21,16
202104,전라남도,영암군,22,12
202104,전라남도,영암군,23,8
202104,전라남도,영암군,24,11
202104,전라남도,영암군,25,5
202104,전라남도,영암군,26,9
202104,전라남도,영암군,27,4
202104,전라남도,영암군,28,5
202104,전라남도,영암군,29,9
202104,전라남도,영암군,30,5
202104,전라남도,영암군,31,5
202104,전라남도,영암군,32,6
202104,전라남도,영암군,33,8
202104,전라남도,영암군,34,4
202104,전라남도,영암군,35,3
202104,전라남도,영암군,36,10
202104,전라남도,영암군,37,12
202104,전라남도,영암군,38,14
202104,전라남도,영암군,39,11
202104,전라남도,영암군,40,13
202104,전라남도,영암군,41,18
202104,전라남도,영암군,42,13
202104,전라남도,영암군,43,20
202104,전라남도,영암군,44,16
202104,전라남도,영암군,45,19
202104,전라남도,영암군,46,18
202104,전라남도,영암군,47,21
202104,전라남도,영암군,48,21
202104,전라남도,영암군,49,41
202104,전라남도,영암군,50,32
202104,전라남도,영암군,51,25
202104,전라남도,영암군,52,31
202104,전라남도,영암군,53,24
202104,전라남도,영암군,54,36
202104,전라남도,영암군,55,37
202104,전라남도,영암군,56,26
202104,전라남도,영암군,57,35
202104,전라남도,영암군,58,31
202104,전라남도,영암군,59,27
202104,전라남도,영암군,60,26
202104,전라남도,영암군,61,35
202104,전라남도,영암군,62,27
202104,전라남도,영암군,63,36
202104,전라남도,영암군,64,29
202104,전라남도,영암군,65,34
202104,전라남도,영암군,66,29
202104,전라남도,영암군,67,21
202104,전라남도,영암군,68,32
202104,전라남도,영암군,69,19
202104,전라남도,영암군,70,29
202104,전라남도,영암군,71,42
202104,전라남도,영암군,72,37
202104,전라남도,영암군,73,33
202104,전라남도,영암군,74,31
202104,전라남도,영암군,75,27
202104,전라남도,영암군,76,33
202104,전라남도,영암군,77,26
202104,전라남도,영암군,78,50
202104,전라남도,영암군,79,37
202104,전라남도,영암군,80,34
202104,전라남도,영암군,81,43
202104,전라남도,영암군,82,36
202104,전라남도,영암군,83,29
202104,전라남도,영암군,84,30
202104,전라남도,영암군,85,28
202104,전라남도,영암군,86,25
202104,전라남도,영암군,87,24
202104,전라남도,영암군,88,27
202104,전라남도,영암군,89,26
202104,전라남도,영암군,90,15
202104,전라남도,영암군,91,14
202104,전라남도,영암군,92,8
202104,전라남도,영암군,93,9
202104,전라남도,영암군,94,7
202104,전라남도,영암군,95,3
202104,전라남도,영암군,96,6
202104,전라남도,영암군,97,2
202104,전라남도,영암군,99,1
202104,전라남도,영암군,103,1
202104,전라남도,무안군,0,3
202104,전라남도,무안군,1,10
202104,전라남도,무안군,2,3
202104,전라남도,무안군,3,8
202104,전라남도,무안군,4,8
202104,전라남도,무안군,5,15
202104,전라남도,무안군,6,23
202104,전라남도,무안군,7,30
202104,전라남도,무안군,8,41
202104,전라남도,무안군,9,50
202104,전라남도,무안군,10,49
202104,전라남도,무안군,11,43
202104,전라남도,무안군,12,49
202104,전라남도,무안군,13,56
202104,전라남도,무안군,14,57
202104,전라남도,무안군,15,52
202104,전라남도,무안군,16,63
202104,전라남도,무안군,17,53
202104,전라남도,무안군,18,45
202104,전라남도,무안군,19,40
202104,전라남도,무안군,20,41
202104,전라남도,무안군,21,28
202104,전라남도,무안군,22,23
202104,전라남도,무안군,23,17
202104,전라남도,무안군,24,18
202104,전라남도,무안군,25,8
202104,전라남도,무안군,26,6
202104,전라남도,무안군,27,6
202104,전라남도,무안군,28,6
202104,전라남도,무안군,29,3
202104,전라남도,무안군,30,7
202104,전라남도,무안군,31,10
202104,전라남도,무안군,32,8
202104,전라남도,무안군,33,10
202104,전라남도,무안군,34,7
202104,전라남도,무안군,35,14
202104,전라남도,무안군,36,19
202104,전라남도,무안군,37,20
202104,전라남도,무안군,38,22
202104,전라남도,무안군,39,20
202104,전라남도,무안군,40,21
202104,전라남도,무안군,41,22
202104,전라남도,무안군,42,27
202104,전라남도,무안군,43,25
202104,전라남도,무안군,44,21
202104,전라남도,무안군,45,39
202104,전라남도,무안군,46,24
202104,전라남도,무안군,47,29
202104,전라남도,무안군,48,41
202104,전라남도,무안군,49,49
202104,전라남도,무안군,50,42
202104,전라남도,무안군,51,45
202104,전라남도,무안군,52,49
202104,전라남도,무안군,53,49
202104,전라남도,무안군,54,37
202104,전라남도,무안군,55,52
202104,전라남도,무안군,56,41
202104,전라남도,무안군,57,51
202104,전라남도,무안군,58,45
202104,전라남도,무안군,59,33
202104,전라남도,무안군,60,66
202104,전라남도,무안군,61,41
202104,전라남도,무안군,62,41
202104,전라남도,무안군,63,41
202104,전라남도,무안군,64,28
202104,전라남도,무안군,65,45
202104,전라남도,무안군,66,52
202104,전라남도,무안군,67,52
202104,전라남도,무안군,68,49
202104,전라남도,무안군,69,53
202104,전라남도,무안군,70,69
202104,전라남도,무안군,71,47
202104,전라남도,무안군,72,39
202104,전라남도,무안군,73,63
202104,전라남도,무안군,74,51
202104,전라남도,무안군,75,49
202104,전라남도,무안군,76,51
202104,전라남도,무안군,77,59
202104,전라남도,무안군,78,59
202104,전라남도,무안군,79,72
202104,전라남도,무안군,80,60
202104,전라남도,무안군,81,59
202104,전라남도,무안군,82,50
202104,전라남도,무안군,83,52
202104,전라남도,무안군,84,38
202104,전라남도,무안군,85,37
202104,전라남도,무안군,86,32
202104,전라남도,무안군,87,42
202104,전라남도,무안군,88,34
202104,전라남도,무안군,89,24
202104,전라남도,무안군,90,27
202104,전라남도,무안군,91,32
202104,전라남도,무안군,92,15
202104,전라남도,무안군,93,11
202104,전라남도,무안군,94,7
202104,전라남도,무안군,95,7
202104,전라남도,무안군,96,5
202104,전라남도,무안군,97,4
202104,전라남도,무안군,98,3
202104,전라남도,무안군,99,3
202104,전라남도,무안군,100,1
202104,전라남도,무안군,101,3
202104,전라남도,함평군,0,2
202104,전라남도,함평군,1,3
202104,전라남도,함평군,2,3
202104,전라남도,함평군,3,3
202104,전라남도,함평군,4,2
202104,전라남도,함평군,5,3
202104,전라남도,함평군,6,11
202104,전라남도,함평군,7,9
202104,전라남도,함평군,8,18
202104,전라남도,함평군,9,11
202104,전라남도,함평군,10,15
202104,전라남도,함평군,11,21
202104,전라남도,함평군,12,11
202104,전라남도,함평군,13,15
202104,전라남도,함평군,14,19
202104,전라남도,함평군,15,15
202104,전라남도,함평군,16,29
202104,전라남도,함평군,17,23
202104,전라남도,함평군,18,23
202104,전라남도,함평군,19,7
202104,전라남도,함평군,20,18
202104,전라남도,함평군,21,8
202104,전라남도,함평군,22,12
202104,전라남도,함평군,23,7
202104,전라남도,함평군,24,3
202104,전라남도,함평군,25,5
202104,전라남도,함평군,26,7
202104,전라남도,함평군,27,5
202104,전라남도,함평군,28,4
202104,전라남도,함평군,29,5
202104,전라남도,함평군,30,5
202104,전라남도,함평군,31,5
202104,전라남도,함평군,32,6
202104,전라남도,함평군,33,4
202104,전라남도,함평군,34,3
202104,전라남도,함평군,35,7
202104,전라남도,함평군,36,4
202104,전라남도,함평군,37,7
202104,전라남도,함평군,38,8
202104,전라남도,함평군,39,8
202104,전라남도,함평군,40,12
202104,전라남도,함평군,41,7
202104,전라남도,함평군,42,11
202104,전라남도,함평군,43,19
202104,전라남도,함평군,44,11
202104,전라남도,함평군,45,17
202104,전라남도,함평군,46,18
202104,전라남도,함평군,47,26
202104,전라남도,함평군,48,26
202104,전라남도,함평군,49,20
202104,전라남도,함평군,50,18
202104,전라남도,함평군,51,23
202104,전라남도,함평군,52,23
202104,전라남도,함평군,53,38
202104,전라남도,함평군,54,34
202104,전라남도,함평군,55,29
202104,전라남도,함평군,56,30
202104,전라남도,함평군,57,21
202104,전라남도,함평군,58,27
202104,전라남도,함평군,59,25
202104,전라남도,함평군,60,28
202104,전라남도,함평군,61,31
202104,전라남도,함평군,62,22
202104,전라남도,함평군,63,35
202104,전라남도,함평군,64,25
202104,전라남도,함평군,65,23
202104,전라남도,함평군,66,45
202104,전라남도,함평군,67,22
202104,전라남도,함평군,68,21
202104,전라남도,함평군,69,33
202104,전라남도,함평군,70,28
202104,전라남도,함평군,71,24
202104,전라남도,함평군,72,34
202104,전라남도,함평군,73,30
202104,전라남도,함평군,74,33
202104,전라남도,함평군,75,19
202104,전라남도,함평군,76,33
202104,전라남도,함평군,77,23
202104,전라남도,함평군,78,41
202104,전라남도,함평군,79,46
202104,전라남도,함평군,80,31
202104,전라남도,함평군,81,29
202104,전라남도,함평군,82,34
202104,전라남도,함평군,83,37
202104,전라남도,함평군,84,22
202104,전라남도,함평군,85,30
202104,전라남도,함평군,86,35
202104,전라남도,함평군,87,13
202104,전라남도,함평군,88,21
202104,전라남도,함평군,89,20
202104,전라남도,함평군,90,16
202104,전라남도,함평군,91,16
202104,전라남도,함평군,92,11
202104,전라남도,함평군,93,8
202104,전라남도,함평군,94,8
202104,전라남도,함평군,95,5
202104,전라남도,함평군,97,2
202104,전라남도,함평군,98,2
202104,전라남도,함평군,99,1
202104,전라남도,영광군,0,4
202104,전라남도,영광군,1,7
202104,전라남도,영광군,2,8
202104,전라남도,영광군,3,6
202104,전라남도,영광군,4,10
202104,전라남도,영광군,5,13
202104,전라남도,영광군,6,13
202104,전라남도,영광군,7,28
202104,전라남도,영광군,8,29
202104,전라남도,영광군,9,37
202104,전라남도,영광군,10,52
202104,전라남도,영광군,11,37
202104,전라남도,영광군,12,34
202104,전라남도,영광군,13,52
202104,전라남도,영광군,14,43
202104,전라남도,영광군,15,41
202104,전라남도,영광군,16,42
202104,전라남도,영광군,17,37
202104,전라남도,영광군,18,46
202104,전라남도,영광군,19,32
202104,전라남도,영광군,20,27
202104,전라남도,영광군,21,17
202104,전라남도,영광군,22,17
202104,전라남도,영광군,23,23
202104,전라남도,영광군,24,10
202104,전라남도,영광군,25,11
202104,전라남도,영광군,26,9
202104,전라남도,영광군,27,5
202104,전라남도,영광군,28,5
202104,전라남도,영광군,29,10
202104,전라남도,영광군,30,9
202104,전라남도,영광군,31,11
202104,전라남도,영광군,32,9
202104,전라남도,영광군,33,3
202104,전라남도,영광군,34,19
202104,전라남도,영광군,35,16
202104,전라남도,영광군,36,8
202104,전라남도,영광군,37,19
202104,전라남도,영광군,38,14
202104,전라남도,영광군,39,18
202104,전라남도,영광군,40,20
202104,전라남도,영광군,41,21
202104,전라남도,영광군,42,22
202104,전라남도,영광군,43,27
202104,전라남도,영광군,44,30
202104,전라남도,영광군,45,26
202104,전라남도,영광군,46,35
202104,전라남도,영광군,47,41
202104,전라남도,영광군,48,43
202104,전라남도,영광군,49,31
202104,전라남도,영광군,50,46
202104,전라남도,영광군,51,46
202104,전라남도,영광군,52,52
202104,전라남도,영광군,53,54
202104,전라남도,영광군,54,57
202104,전라남도,영광군,55,51
202104,전라남도,영광군,56,59
202104,전라남도,영광군,57,44
202104,전라남도,영광군,58,62
202104,전라남도,영광군,59,49
202104,전라남도,영광군,60,56
202104,전라남도,영광군,61,56
202104,전라남도,영광군,62,52
202104,전라남도,영광군,63,46
202104,전라남도,영광군,64,47
202104,전라남도,영광군,65,70
202104,전라남도,영광군,66,46
202104,전라남도,영광군,67,58
202104,전라남도,영광군,68,54
202104,전라남도,영광군,69,40
202104,전라남도,영광군,70,53
202104,전라남도,영광군,71,55
202104,전라남도,영광군,72,44
202104,전라남도,영광군,73,56
202104,전라남도,영광군,74,46
202104,전라남도,영광군,75,56
202104,전라남도,영광군,76,40
202104,전라남도,영광군,77,35
202104,전라남도,영광군,78,65
202104,전라남도,영광군,79,60
202104,전라남도,영광군,80,51
202104,전라남도,영광군,81,42
202104,전라남도,영광군,82,39
202104,전라남도,영광군,83,51
202104,전라남도,영광군,84,34
202104,전라남도,영광군,85,34
202104,전라남도,영광군,86,28
202104,전라남도,영광군,87,27
202104,전라남도,영광군,88,18
202104,전라남도,영광군,89,21
202104,전라남도,영광군,90,20
202104,전라남도,영광군,91,8
202104,전라남도,영광군,92,11
202104,전라남도,영광군,93,11
202104,전라남도,영광군,94,4
202104,전라남도,영광군,95,2
202104,전라남도,영광군,96,4
202104,전라남도,영광군,97,3
202104,전라남도,영광군,98,1
202104,전라남도,영광군,99,1
202104,전라남도,영광군,100,1
202104,전라남도,영광군,108,1
202104,전라남도,영광군,116,1
202104,전라남도,장성군,2,3
202104,전라남도,장성군,3,1
202104,전라남도,장성군,4,7
202104,전라남도,장성군,5,9
202104,전라남도,장성군,6,10
202104,전라남도,장성군,7,15
202104,전라남도,장성군,8,14
202104,전라남도,장성군,9,20
202104,전라남도,장성군,10,16
202104,전라남도,장성군,11,23
202104,전라남도,장성군,12,20
202104,전라남도,장성군,13,26
202104,전라남도,장성군,14,22
202104,전라남도,장성군,15,25
202104,전라남도,장성군,16,30
202104,전라남도,장성군,17,24
202104,전라남도,장성군,18,28
202104,전라남도,장성군,19,14
202104,전라남도,장성군,20,17
202104,전라남도,장성군,21,11
202104,전라남도,장성군,22,6
202104,전라남도,장성군,23,7
202104,전라남도,장성군,24,12
202104,전라남도,장성군,25,8
202104,전라남도,장성군,26,7
202104,전라남도,장성군,27,6
202104,전라남도,장성군,28,7
202104,전라남도,장성군,29,7
202104,전라남도,장성군,30,3
202104,전라남도,장성군,31,6
202104,전라남도,장성군,32,9
202104,전라남도,장성군,33,7
202104,전라남도,장성군,34,10
202104,전라남도,장성군,35,8
202104,전라남도,장성군,36,4
202104,전라남도,장성군,37,9
202104,전라남도,장성군,38,10
202104,전라남도,장성군,39,7
202104,전라남도,장성군,40,19
202104,전라남도,장성군,41,11
202104,전라남도,장성군,42,11
202104,전라남도,장성군,43,10
202104,전라남도,장성군,44,20
202104,전라남도,장성군,45,21
202104,전라남도,장성군,46,22
202104,전라남도,장성군,47,16
202104,전라남도,장성군,48,17
202104,전라남도,장성군,49,20
202104,전라남도,장성군,50,24
202104,전라남도,장성군,51,35
202104,전라남도,장성군,52,23
202104,전라남도,장성군,53,25
202104,전라남도,장성군,54,26
202104,전라남도,장성군,55,35
202104,전라남도,장성군,56,28
202104,전라남도,장성군,57,28
202104,전라남도,장성군,58,39
202104,전라남도,장성군,59,30
202104,전라남도,장성군,60,34
202104,전라남도,장성군,61,35
202104,전라남도,장성군,62,33
202104,전라남도,장성군,63,18
202104,전라남도,장성군,64,26
202104,전라남도,장성군,65,27
202104,전라남도,장성군,66,21
202104,전라남도,장성군,67,22
202104,전라남도,장성군,68,36
202104,전라남도,장성군,69,38
202104,전라남도,장성군,70,23
202104,전라남도,장성군,71,34
202104,전라남도,장성군,72,28
202104,전라남도,장성군,73,36
202104,전라남도,장성군,74,40
202104,전라남도,장성군,75,37
202104,전라남도,장성군,76,29
202104,전라남도,장성군,77,44
202104,전라남도,장성군,78,68
202104,전라남도,장성군,79,54
202104,전라남도,장성군,80,54
202104,전라남도,장성군,81,48
202104,전라남도,장성군,82,43
202104,전라남도,장성군,83,53
202104,전라남도,장성군,84,43
202104,전라남도,장성군,85,41
202104,전라남도,장성군,86,45
202104,전라남도,장성군,87,33
202104,전라남도,장성군,88,31
202104,전라남도,장성군,89,23
202104,전라남도,장성군,90,20
202104,전라남도,장성군,91,17
202104,전라남도,장성군,92,8
202104,전라남도,장성군,93,12
202104,전라남도,장성군,94,11
202104,전라남도,장성군,95,8
202104,전라남도,장성군,96,5
202104,전라남도,장성군,97,3
202104,전라남도,장성군,98,2
202104,전라남도,장성군,99,5
202104,전라남도,장성군,100,1
202104,전라남도,장성군,101,1
202104,전라남도,장성군,102,1
202104,전라남도,장성군,105,1
202104,전라남도,완도군,0,3
202104,전라남도,완도군,1,2
202104,전라남도,완도군,2,2
202104,전라남도,완도군,3,5
202104,전라남도,완도군,4,6
202104,전라남도,완도군,5,6
202104,전라남도,완도군,6,12
202104,전라남도,완도군,7,22
202104,전라남도,완도군,8,20
202104,전라남도,완도군,9,26
202104,전라남도,완도군,10,39
202104,전라남도,완도군,11,18
202104,전라남도,완도군,12,22
202104,전라남도,완도군,13,46
202104,전라남도,완도군,14,35
202104,전라남도,완도군,15,34
202104,전라남도,완도군,16,34
202104,전라남도,완도군,17,42
202104,전라남도,완도군,18,22
202104,전라남도,완도군,19,18
202104,전라남도,완도군,20,17
202104,전라남도,완도군,21,17
202104,전라남도,완도군,22,8
202104,전라남도,완도군,23,6
202104,전라남도,완도군,24,9
202104,전라남도,완도군,25,6
202104,전라남도,완도군,26,2
202104,전라남도,완도군,27,3
202104,전라남도,완도군,28,6
202104,전라남도,완도군,29,3
202104,전라남도,완도군,30,4
202104,전라남도,완도군,31,8
202104,전라남도,완도군,32,1
202104,전라남도,완도군,33,2
202104,전라남도,완도군,35,7
202104,전라남도,완도군,36,10
202104,전라남도,완도군,37,11
202104,전라남도,완도군,38,13
202104,전라남도,완도군,39,10
202104,전라남도,완도군,40,13
202104,전라남도,완도군,41,16
202104,전라남도,완도군,42,13
202104,전라남도,완도군,43,23
202104,전라남도,완도군,44,12
202104,전라남도,완도군,45,14
202104,전라남도,완도군,46,21
202104,전라남도,완도군,47,29
202104,전라남도,완도군,48,30
202104,전라남도,완도군,49,32
202104,전라남도,완도군,50,28
202104,전라남도,완도군,51,23
202104,전라남도,완도군,52,28
202104,전라남도,완도군,53,39
202104,전라남도,완도군,54,41
202104,전라남도,완도군,55,47
202104,전라남도,완도군,56,33
202104,전라남도,완도군,57,38
202104,전라남도,완도군,58,51
202104,전라남도,완도군,59,54
202104,전라남도,완도군,60,62
202104,전라남도,완도군,61,41
202104,전라남도,완도군,62,48
202104,전라남도,완도군,63,40
202104,전라남도,완도군,64,46
202104,전라남도,완도군,65,44
202104,전라남도,완도군,66,52
202104,전라남도,완도군,67,29
202104,전라남도,완도군,68,45
202104,전라남도,완도군,69,59
202104,전라남도,완도군,70,52
202104,전라남도,완도군,71,34
202104,전라남도,완도군,72,62
202104,전라남도,완도군,73,52
202104,전라남도,완도군,74,64
202104,전라남도,완도군,75,44
202104,전라남도,완도군,76,69
202104,전라남도,완도군,77,58
202104,전라남도,완도군,78,98
202104,전라남도,완도군,79,90
202104,전라남도,완도군,80,84
202104,전라남도,완도군,81,106
202104,전라남도,완도군,82,75
202104,전라남도,완도군,83,81
202104,전라남도,완도군,84,75
202104,전라남도,완도군,85,54
202104,전라남도,완도군,86,54
202104,전라남도,완도군,87,46
202104,전라남도,완도군,88,34
202104,전라남도,완도군,89,29
202104,전라남도,완도군,90,19
202104,전라남도,완도군,91,14
202104,전라남도,완도군,92,18
202104,전라남도,완도군,93,5
202104,전라남도,완도군,94,7
202104,전라남도,완도군,95,4
202104,전라남도,완도군,96,5
202104,전라남도,완도군,97,4
202104,전라남도,완도군,98,6
202104,전라남도,완도군,99,3
202104,전라남도,완도군,100,1
202104,전라남도,완도군,107,1
202104,전라남도,진도군,0,1
202104,전라남도,진도군,1,4
202104,전라남도,진도군,2,4
202104,전라남도,진도군,3,3
202104,전라남도,진도군,4,9
202104,전라남도,진도군,5,8
202104,전라남도,진도군,6,10
202104,전라남도,진도군,7,21
202104,전라남도,진도군,8,13
202104,전라남도,진도군,9,21
202104,전라남도,진도군,10,23
202104,전라남도,진도군,11,15
202104,전라남도,진도군,12,23
202104,전라남도,진도군,13,22
202104,전라남도,진도군,14,34
202104,전라남도,진도군,15,21
202104,전라남도,진도군,16,28
202104,전라남도,진도군,17,34
202104,전라남도,진도군,18,39
202104,전라남도,진도군,19,22
202104,전라남도,진도군,20,15
202104,전라남도,진도군,21,15
202104,전라남도,진도군,22,13
202104,전라남도,진도군,23,10
202104,전라남도,진도군,24,6
202104,전라남도,진도군,25,10
202104,전라남도,진도군,26,2
202104,전라남도,진도군,27,11
202104,전라남도,진도군,28,6
202104,전라남도,진도군,29,2
202104,전라남도,진도군,30,6
202104,전라남도,진도군,31,8
202104,전라남도,진도군,32,7
202104,전라남도,진도군,33,4
202104,전라남도,진도군,34,5
202104,전라남도,진도군,35,11
202104,전라남도,진도군,36,9
202104,전라남도,진도군,37,12
202104,전라남도,진도군,38,11
202104,전라남도,진도군,39,7
202104,전라남도,진도군,40,14
202104,전라남도,진도군,41,9
202104,전라남도,진도군,42,16
202104,전라남도,진도군,43,11
202104,전라남도,진도군,44,16
202104,전라남도,진도군,45,12
202104,전라남도,진도군,46,26
202104,전라남도,진도군,47,23
202104,전라남도,진도군,48,22
202104,전라남도,진도군,49,25
202104,전라남도,진도군,50,28
202104,전라남도,진도군,51,25
202104,전라남도,진도군,52,43
202104,전라남도,진도군,53,23
202104,전라남도,진도군,54,39
202104,전라남도,진도군,55,44
202104,전라남도,진도군,56,34
202104,전라남도,진도군,57,42
202104,전라남도,진도군,58,32
202104,전라남도,진도군,59,34
202104,전라남도,진도군,60,48
202104,전라남도,진도군,61,47
202104,전라남도,진도군,62,33
202104,전라남도,진도군,63,37
202104,전라남도,진도군,64,37
202104,전라남도,진도군,65,37
202104,전라남도,진도군,66,32
202104,전라남도,진도군,67,23
202104,전라남도,진도군,68,34
202104,전라남도,진도군,69,30
202104,전라남도,진도군,70,35
202104,전라남도,진도군,71,32
202104,전라남도,진도군,72,31
202104,전라남도,진도군,73,27
202104,전라남도,진도군,74,39
202104,전라남도,진도군,75,35
202104,전라남도,진도군,76,32
202104,전라남도,진도군,77,45
202104,전라남도,진도군,78,42
202104,전라남도,진도군,79,44
202104,전라남도,진도군,80,42
202104,전라남도,진도군,81,40
202104,전라남도,진도군,82,41
202104,전라남도,진도군,83,23
202104,전라남도,진도군,84,39
202104,전라남도,진도군,85,34
202104,전라남도,진도군,86,26
202104,전라남도,진도군,87,19
202104,전라남도,진도군,88,25
202104,전라남도,진도군,89,21
202104,전라남도,진도군,90,14
202104,전라남도,진도군,91,15
202104,전라남도,진도군,92,12
202104,전라남도,진도군,93,4
202104,전라남도,진도군,94,6
202104,전라남도,진도군,95,4
202104,전라남도,진도군,96,2
202104,전라남도,진도군,97,2
202104,전라남도,진도군,98,2
202104,전라남도,진도군,99,3
202104,전라남도,진도군,100,1
202104,전라남도,진도군,104,1
202104,전라남도,신안군,0,1
202104,전라남도,신안군,1,1
202104,전라남도,신안군,2,3
202104,전라남도,신안군,3,4
202104,전라남도,신안군,4,7
202104,전라남도,신안군,5,6
202104,전라남도,신안군,6,8
202104,전라남도,신안군,7,20
202104,전라남도,신안군,8,29
202104,전라남도,신안군,9,21
202104,전라남도,신안군,10,22
202104,전라남도,신안군,11,31
202104,전라남도,신안군,12,28
202104,전라남도,신안군,13,32
202104,전라남도,신안군,14,28
202104,전라남도,신안군,15,29
202104,전라남도,신안군,16,26
202104,전라남도,신안군,17,27
202104,전라남도,신안군,18,29
202104,전라남도,신안군,19,13
202104,전라남도,신안군,20,17
202104,전라남도,신안군,21,11
202104,전라남도,신안군,22,13
202104,전라남도,신안군,23,5
202104,전라남도,신안군,24,2
202104,전라남도,신안군,25,2
202104,전라남도,신안군,26,6
202104,전라남도,신안군,27,3
202104,전라남도,신안군,28,2
202104,전라남도,신안군,29,1
202104,전라남도,신안군,30,2
202104,전라남도,신안군,31,6
202104,전라남도,신안군,32,4
202104,전라남도,신안군,33,8
202104,전라남도,신안군,34,1
202104,전라남도,신안군,35,7
202104,전라남도,신안군,36,6
202104,전라남도,신안군,37,5
202104,전라남도,신안군,38,7
202104,전라남도,신안군,39,5
202104,전라남도,신안군,40,10
202104,전라남도,신안군,41,7
202104,전라남도,신안군,42,11
202104,전라남도,신안군,43,12
202104,전라남도,신안군,44,5
202104,전라남도,신안군,45,18
202104,전라남도,신안군,46,11
202104,전라남도,신안군,47,13
202104,전라남도,신안군,48,21
202104,전라남도,신안군,49,14
202104,전라남도,신안군,50,19
202104,전라남도,신안군,51,22
202104,전라남도,신안군,52,21
202104,전라남도,신안군,53,21
202104,전라남도,신안군,54,26
202104,전라남도,신안군,55,23
202104,전라남도,신안군,56,29
202104,전라남도,신안군,57,26
202104,전라남도,신안군,58,37
202104,전라남도,신안군,59,34
202104,전라남도,신안군,60,32
202104,전라남도,신안군,61,30
202104,전라남도,신안군,62,31
202104,전라남도,신안군,63,25
202104,전라남도,신안군,64,37
202104,전라남도,신안군,65,39
202104,전라남도,신안군,66,41
202104,전라남도,신안군,67,27
202104,전라남도,신안군,68,39
202104,전라남도,신안군,69,51
202104,전라남도,신안군,70,38
202104,전라남도,신안군,71,44
202104,전라남도,신안군,72,32
202104,전라남도,신안군,73,53
202104,전라남도,신안군,74,31
202104,전라남도,신안군,75,36
202104,전라남도,신안군,76,35
202104,전라남도,신안군,77,29
202104,전라남도,신안군,78,46
202104,전라남도,신안군,79,52
202104,전라남도,신안군,80,48
202104,전라남도,신안군,81,50
202104,전라남도,신안군,82,52
202104,전라남도,신안군,83,71
202104,전라남도,신안군,84,44
202104,전라남도,신안군,85,32
202104,전라남도,신안군,86,42
202104,전라남도,신안군,87,29
202104,전라남도,신안군,88,42
202104,전라남도,신안군,89,28
202104,전라남도,신안군,90,22
202104,전라남도,신안군,91,27
202104,전라남도,신안군,92,9
202104,전라남도,신안군,93,12
202104,전라남도,신안군,94,4
202104,전라남도,신안군,95,9
202104,전라남도,신안군,96,4
202104,전라남도,신안군,97,6
202104,전라남도,신안군,98,1
202104,전라남도,신안군,99,1
202104,전라남도,신안군,100,1
202104,전라남도,신안군,101,1
202104,경상북도,포항시,0,40
202104,경상북도,포항시,1,43
202104,경상북도,포항시,2,70
202104,경상북도,포항시,3,83
202104,경상북도,포항시,4,92
202104,경상북도,포항시,5,126
202104,경상북도,포항시,6,177
202104,경상북도,포항시,7,244
202104,경상북도,포항시,8,256
202104,경상북도,포항시,9,285
202104,경상북도,포항시,10,318
202104,경상북도,포항시,11,325
202104,경상북도,포항시,12,330
202104,경상북도,포항시,13,364
202104,경상북도,포항시,14,356
202104,경상북도,포항시,15,359
202104,경상북도,포항시,16,397
202104,경상북도,포항시,17,394
202104,경상북도,포항시,18,319
202104,경상북도,포항시,19,262
202104,경상북도,포항시,20,229
202104,경상북도,포항시,21,228
202104,경상북도,포항시,22,233
202104,경상북도,포항시,23,188
202104,경상북도,포항시,24,152
202104,경상북도,포항시,25,124
202104,경상북도,포항시,26,83
202104,경상북도,포항시,27,77
202104,경상북도,포항시,28,87
202104,경상북도,포항시,29,60
202104,경상북도,포항시,30,74
202104,경상북도,포항시,31,75
202104,경상북도,포항시,32,66
202104,경상북도,포항시,33,78
202104,경상북도,포항시,34,97
202104,경상북도,포항시,35,103
202104,경상북도,포항시,36,120
202104,경상북도,포항시,37,144
202104,경상북도,포항시,38,187
202104,경상북도,포항시,39,200
202104,경상북도,포항시,40,238
202104,경상북도,포항시,41,237
202104,경상북도,포항시,42,227
202104,경상북도,포항시,43,255
202104,경상북도,포항시,44,249
202104,경상북도,포항시,45,274
202104,경상북도,포항시,46,307
202104,경상북도,포항시,47,365
202104,경상북도,포항시,48,345
202104,경상북도,포항시,49,351
202104,경상북도,포항시,50,330
202104,경상북도,포항시,51,373
202104,경상북도,포항시,52,394
202104,경상북도,포항시,53,330
202104,경상북도,포항시,54,363
202104,경상북도,포항시,55,393
202104,경상북도,포항시,56,412
202104,경상북도,포항시,57,401
202104,경상북도,포항시,58,469
202104,경상북도,포항시,59,456
202104,경상북도,포항시,60,557
202104,경상북도,포항시,61,531
202104,경상북도,포항시,62,492
202104,경상북도,포항시,63,474
202104,경상북도,포항시,64,504
202104,경상북도,포항시,65,532
202104,경상북도,포항시,66,549
202104,경상북도,포항시,67,456
202104,경상북도,포항시,68,573
202104,경상북도,포항시,69,484
202104,경상북도,포항시,70,394
202104,경상북도,포항시,71,451
202104,경상북도,포항시,72,424
202104,경상북도,포항시,73,430
202104,경상북도,포항시,74,367
202104,경상북도,포항시,75,292
202104,경상북도,포항시,76,386
202104,경상북도,포항시,77,400
202104,경상북도,포항시,78,449
202104,경상북도,포항시,79,379
202104,경상북도,포항시,80,388
202104,경상북도,포항시,81,351
202104,경상북도,포항시,82,310
202104,경상북도,포항시,83,293
202104,경상북도,포항시,84,277
202104,경상북도,포항시,85,238
202104,경상북도,포항시,86,211
202104,경상북도,포항시,87,169
202104,경상북도,포항시,88,134
202104,경상북도,포항시,89,119
202104,경상북도,포항시,90,93
202104,경상북도,포항시,91,75
202104,경상북도,포항시,92,65
202104,경상북도,포항시,93,53
202104,경상북도,포항시,94,31
202104,경상북도,포항시,95,26
202104,경상북도,포항시,96,22
202104,경상북도,포항시,97,9
202104,경상북도,포항시,98,12
202104,경상북도,포항시,99,7
202104,경상북도,포항시,100,5
202104,경상북도,포항시,102,1
202104,경상북도,포항시,106,2
202104,경상북도,포항시,107,1
202104,경상북도,경주시,0,18
202104,경상북도,경주시,1,21
202104,경상북도,경주시,2,25
202104,경상북도,경주시,3,28
202104,경상북도,경주시,4,39
202104,경상북도,경주시,5,48
202104,경상북도,경주시,6,50
202104,경상북도,경주시,7,84
202104,경상북도,경주시,8,98
202104,경상북도,경주시,9,121
202104,경상북도,경주시,10,118
202104,경상북도,경주시,11,113
202104,경상북도,경주시,12,126
202104,경상북도,경주시,13,155
202104,경상북도,경주시,14,130
202104,경상북도,경주시,15,130
202104,경상북도,경주시,16,152
202104,경상북도,경주시,17,170
202104,경상북도,경주시,18,124
202104,경상북도,경주시,19,92
202104,경상북도,경주시,20,66
202104,경상북도,경주시,21,77
202104,경상북도,경주시,22,71
202104,경상북도,경주시,23,66
202104,경상북도,경주시,24,59
202104,경상북도,경주시,25,39
202104,경상북도,경주시,26,33
202104,경상북도,경주시,27,32
202104,경상북도,경주시,28,30
202104,경상북도,경주시,29,31
202104,경상북도,경주시,30,27
202104,경상북도,경주시,31,35
202104,경상북도,경주시,32,36
202104,경상북도,경주시,33,36
202104,경상북도,경주시,34,39
202104,경상북도,경주시,35,55
202104,경상북도,경주시,36,53
202104,경상북도,경주시,37,53
202104,경상북도,경주시,38,64
202104,경상북도,경주시,39,69
202104,경상북도,경주시,40,80
202104,경상북도,경주시,41,88
202104,경상북도,경주시,42,82
202104,경상북도,경주시,43,103
202104,경상북도,경주시,44,85
202104,경상북도,경주시,45,100
202104,경상북도,경주시,46,123
202104,경상북도,경주시,47,143
202104,경상북도,경주시,48,155
202104,경상북도,경주시,49,142
202104,경상북도,경주시,50,166
202104,경상북도,경주시,51,145
202104,경상북도,경주시,52,185
202104,경상북도,경주시,53,175
202104,경상북도,경주시,54,204
202104,경상북도,경주시,55,208
202104,경상북도,경주시,56,174
202104,경상북도,경주시,57,199
202104,경상북도,경주시,58,235
202104,경상북도,경주시,59,199
202104,경상북도,경주시,60,223
202104,경상북도,경주시,61,220
202104,경상북도,경주시,62,234
202104,경상북도,경주시,63,238
202104,경상북도,경주시,64,254
202104,경상북도,경주시,65,247
202104,경상북도,경주시,66,236
202104,경상북도,경주시,67,212
202104,경상북도,경주시,68,224
202104,경상북도,경주시,69,217
202104,경상북도,경주시,70,183
202104,경상북도,경주시,71,206
202104,경상북도,경주시,72,195
202104,경상북도,경주시,73,192
202104,경상북도,경주시,74,165
202104,경상북도,경주시,75,119
202104,경상북도,경주시,76,161
202104,경상북도,경주시,77,166
202104,경상북도,경주시,78,231
202104,경상북도,경주시,79,206
202104,경상북도,경주시,80,188
202104,경상북도,경주시,81,172
202104,경상북도,경주시,82,165
202104,경상북도,경주시,83,129
202104,경상북도,경주시,84,134
202104,경상북도,경주시,85,135
202104,경상북도,경주시,86,128
202104,경상북도,경주시,87,102
202104,경상북도,경주시,88,65
202104,경상북도,경주시,89,82
202104,경상북도,경주시,90,58
202104,경상북도,경주시,91,50
202104,경상북도,경주시,92,49
202104,경상북도,경주시,93,29
202104,경상북도,경주시,94,17
202104,경상북도,경주시,95,8
202104,경상북도,경주시,96,6
202104,경상북도,경주시,97,8
202104,경상북도,경주시,98,7
202104,경상북도,경주시,99,7
202104,경상북도,경주시,100,2
202104,경상북도,경주시,101,2
202104,경상북도,경주시,102,2
202104,경상북도,경주시,103,1
202104,경상북도,경주시,105,1
202104,경상북도,경주시,107,1
202104,경상북도,김천시,0,5
202104,경상북도,김천시,1,17
202104,경상북도,김천시,2,23
202104,경상북도,김천시,3,17
202104,경상북도,김천시,4,20
202104,경상북도,김천시,5,29
202104,경상북도,김천시,6,40
202104,경상북도,김천시,7,57
202104,경상북도,김천시,8,75
202104,경상북도,김천시,9,78
202104,경상북도,김천시,10,85
202104,경상북도,김천시,11,74
202104,경상북도,김천시,12,90
202104,경상북도,김천시,13,94
202104,경상북도,김천시,14,81
202104,경상북도,김천시,15,83
202104,경상북도,김천시,16,87
202104,경상북도,김천시,17,99
202104,경상북도,김천시,18,80
202104,경상북도,김천시,19,58
202104,경상북도,김천시,20,70
202104,경상북도,김천시,21,64
202104,경상북도,김천시,22,54
202104,경상북도,김천시,23,46
202104,경상북도,김천시,24,42
202104,경상북도,김천시,25,27
202104,경상북도,김천시,26,24
202104,경상북도,김천시,27,14
202104,경상북도,김천시,28,22
202104,경상북도,김천시,29,23
202104,경상북도,김천시,30,23
202104,경상북도,김천시,31,30
202104,경상북도,김천시,32,18
202104,경상북도,김천시,33,18
202104,경상북도,김천시,34,34
202104,경상북도,김천시,35,27
202104,경상북도,김천시,36,30
202104,경상북도,김천시,37,39
202104,경상북도,김천시,38,31
202104,경상북도,김천시,39,55
202104,경상북도,김천시,40,56
202104,경상북도,김천시,41,62
202104,경상북도,김천시,42,60
202104,경상북도,김천시,43,66
202104,경상북도,김천시,44,61
202104,경상북도,김천시,45,73
202104,경상북도,김천시,46,77
202104,경상북도,김천시,47,87
202104,경상북도,김천시,48,79
202104,경상북도,김천시,49,85
202104,경상북도,김천시,50,99
202104,경상북도,김천시,51,86
202104,경상북도,김천시,52,117
202104,경상북도,김천시,53,95
202104,경상북도,김천시,54,112
202104,경상북도,김천시,55,101
202104,경상북도,김천시,56,99
202104,경상북도,김천시,57,99
202104,경상북도,김천시,58,122
202104,경상북도,김천시,59,127
202104,경상북도,김천시,60,158
202104,경상북도,김천시,61,148
202104,경상북도,김천시,62,113
202104,경상북도,김천시,63,122
202104,경상북도,김천시,64,114
202104,경상북도,김천시,65,129
202104,경상북도,김천시,66,157
202104,경상북도,김천시,67,106
202104,경상북도,김천시,68,113
202104,경상북도,김천시,69,108
202104,경상북도,김천시,70,88
202104,경상북도,김천시,71,105
202104,경상북도,김천시,72,113
202104,경상북도,김천시,73,120
202104,경상북도,김천시,74,120
202104,경상북도,김천시,75,66
202104,경상북도,김천시,76,93
202104,경상북도,김천시,77,135
202104,경상북도,김천시,78,142
202104,경상북도,김천시,79,127
202104,경상북도,김천시,80,118
202104,경상북도,김천시,81,122
202104,경상북도,김천시,82,137
202104,경상북도,김천시,83,88
202104,경상북도,김천시,84,105
202104,경상북도,김천시,85,91
202104,경상북도,김천시,86,76
202104,경상북도,김천시,87,68
202104,경상북도,김천시,88,58
202104,경상북도,김천시,89,45
202104,경상북도,김천시,90,35
202104,경상북도,김천시,91,39
202104,경상북도,김천시,92,14
202104,경상북도,김천시,93,23
202104,경상북도,김천시,94,16
202104,경상북도,김천시,95,9
202104,경상북도,김천시,96,4
202104,경상북도,김천시,97,8
202104,경상북도,김천시,98,7
202104,경상북도,김천시,99,4
202104,경상북도,김천시,101,1
202104,경상북도,김천시,102,1
202104,경상북도,김천시,104,1
202104,경상북도,김천시,105,1
202104,경상북도,안동시,0,15
202104,경상북도,안동시,1,13
202104,경상북도,안동시,2,20
202104,경상북도,안동시,3,22
202104,경상북도,안동시,4,32
202104,경상북도,안동시,5,31
202104,경상북도,안동시,6,45
202104,경상북도,안동시,7,60
202104,경상북도,안동시,8,94
202104,경상북도,안동시,9,82
202104,경상북도,안동시,10,87
202104,경상북도,안동시,11,80
202104,경상북도,안동시,12,99
202104,경상북도,안동시,13,111
202104,경상북도,안동시,14,116
202104,경상북도,안동시,15,113
202104,경상북도,안동시,16,136
202104,경상북도,안동시,17,120
202104,경상북도,안동시,18,133
202104,경상북도,안동시,19,121
202104,경상북도,안동시,20,88
202104,경상북도,안동시,21,94
202104,경상북도,안동시,22,75
202104,경상북도,안동시,23,70
202104,경상북도,안동시,24,54
202104,경상북도,안동시,25,40
202104,경상북도,안동시,26,29
202104,경상북도,안동시,27,21
202104,경상북도,안동시,28,25
202104,경상북도,안동시,29,24
202104,경상북도,안동시,30,22
202104,경상북도,안동시,31,31
202104,경상북도,안동시,32,35
202104,경상북도,안동시,33,26
202104,경상북도,안동시,34,30
202104,경상북도,안동시,35,42
202104,경상북도,안동시,36,42
202104,경상북도,안동시,37,56
202104,경상북도,안동시,38,54
202104,경상북도,안동시,39,71
202104,경상북도,안동시,40,63
202104,경상북도,안동시,41,64
202104,경상북도,안동시,42,83
202104,경상북도,안동시,43,98
202104,경상북도,안동시,44,81
202104,경상북도,안동시,45,110
202104,경상북도,안동시,46,110
202104,경상북도,안동시,47,143
202104,경상북도,안동시,48,122
202104,경상북도,안동시,49,106
202104,경상북도,안동시,50,135
202104,경상북도,안동시,51,134
202104,경상북도,안동시,52,143
202104,경상북도,안동시,53,151
202104,경상북도,안동시,54,148
202104,경상북도,안동시,55,168
202104,경상북도,안동시,56,147
202104,경상북도,안동시,57,134
202104,경상북도,안동시,58,153
202104,경상북도,안동시,59,181
202104,경상북도,안동시,60,182
202104,경상북도,안동시,61,208
202104,경상북도,안동시,62,194
202104,경상북도,안동시,63,166
202104,경상북도,안동시,64,161
202104,경상북도,안동시,65,166
202104,경상북도,안동시,66,165
202104,경상북도,안동시,67,144
202104,경상북도,안동시,68,166
202104,경상북도,안동시,69,158
202104,경상북도,안동시,70,131
202104,경상북도,안동시,71,126
202104,경상북도,안동시,72,144
202104,경상북도,안동시,73,126
202104,경상북도,안동시,74,152
202104,경상북도,안동시,75,88
202104,경상북도,안동시,76,128
202104,경상북도,안동시,77,140
202104,경상북도,안동시,78,213
202104,경상북도,안동시,79,180
202104,경상북도,안동시,80,165
202104,경상북도,안동시,81,165
202104,경상북도,안동시,82,164
202104,경상북도,안동시,83,142
202104,경상북도,안동시,84,125
202104,경상북도,안동시,85,118
202104,경상북도,안동시,86,107
202104,경상북도,안동시,87,93
202104,경상북도,안동시,88,90
202104,경상북도,안동시,89,77
202104,경상북도,안동시,90,61
202104,경상북도,안동시,91,32
202104,경상북도,안동시,92,38
202104,경상북도,안동시,93,27
202104,경상북도,안동시,94,28
202104,경상북도,안동시,95,18
202104,경상북도,안동시,96,11
202104,경상북도,안동시,97,7
202104,경상북도,안동시,98,4
202104,경상북도,안동시,99,3
202104,경상북도,안동시,100,5
202104,경상북도,안동시,101,1
202104,경상북도,안동시,103,1
202104,경상북도,구미시,0,34
202104,경상북도,구미시,1,39
202104,경상북도,구미시,2,49
202104,경상북도,구미시,3,68
202104,경상북도,구미시,4,74
202104,경상북도,구미시,5,75
202104,경상북도,구미시,6,89
202104,경상북도,구미시,7,117
202104,경상북도,구미시,8,139
202104,경상북도,구미시,9,148
202104,경상북도,구미시,10,152
202104,경상북도,구미시,11,142
202104,경상북도,구미시,12,167
202104,경상북도,구미시,13,201
202104,경상북도,구미시,14,190
202104,경상북도,구미시,15,186
202104,경상북도,구미시,16,191
202104,경상북도,구미시,17,199
202104,경상북도,구미시,18,153
202104,경상북도,구미시,19,119
202104,경상북도,구미시,20,128
202104,경상북도,구미시,21,109
202104,경상북도,구미시,22,96
202104,경상북도,구미시,23,87
202104,경상북도,구미시,24,74
202104,경상북도,구미시,25,54
202104,경상북도,구미시,26,49
202104,경상북도,구미시,27,44
202104,경상북도,구미시,28,49
202104,경상북도,구미시,29,43
202104,경상북도,구미시,30,49
202104,경상북도,구미시,31,77
202104,경상북도,구미시,32,56
202104,경상북도,구미시,33,52
202104,경상북도,구미시,34,80
202104,경상북도,구미시,35,67
202104,경상북도,구미시,36,88
202104,경상북도,구미시,37,102
202104,경상북도,구미시,38,111
202104,경상북도,구미시,39,130
202104,경상북도,구미시,40,124
202104,경상북도,구미시,41,133
202104,경상북도,구미시,42,125
202104,경상북도,구미시,43,125
202104,경상북도,구미시,44,139
202104,경상북도,구미시,45,149
202104,경상북도,구미시,46,151
202104,경상북도,구미시,47,153
202104,경상북도,구미시,48,157
202104,경상북도,구미시,49,163
202104,경상북도,구미시,50,187
202104,경상북도,구미시,51,198
202104,경상북도,구미시,52,190
202104,경상북도,구미시,53,197
202104,경상북도,구미시,54,162
202104,경상북도,구미시,55,179
202104,경상북도,구미시,56,177
202104,경상북도,구미시,57,211
202104,경상북도,구미시,58,199
202104,경상북도,구미시,59,209
202104,경상북도,구미시,60,210
202104,경상북도,구미시,61,215
202104,경상북도,구미시,62,166
202104,경상북도,구미시,63,179
202104,경상북도,구미시,64,165
202104,경상북도,구미시,65,158
202104,경상북도,구미시,66,199
202104,경상북도,구미시,67,150
202104,경상북도,구미시,68,195
202104,경상북도,구미시,69,151
202104,경상북도,구미시,70,122
202104,경상북도,구미시,71,130
202104,경상북도,구미시,72,123
202104,경상북도,구미시,73,117
202104,경상북도,구미시,74,116
202104,경상북도,구미시,75,103
202104,경상북도,구미시,76,103
202104,경상북도,구미시,77,112
202104,경상북도,구미시,78,136
202104,경상북도,구미시,79,125
202104,경상북도,구미시,80,106
202104,경상북도,구미시,81,105
202104,경상북도,구미시,82,104
202104,경상북도,구미시,83,88
202104,경상북도,구미시,84,75
202104,경상북도,구미시,85,93
202104,경상북도,구미시,86,72
202104,경상북도,구미시,87,59
202104,경상북도,구미시,88,50
202104,경상북도,구미시,89,40
202104,경상북도,구미시,90,25
202104,경상북도,구미시,91,18
202104,경상북도,구미시,92,11
202104,경상북도,구미시,93,14
202104,경상북도,구미시,94,13
202104,경상북도,구미시,95,7
202104,경상북도,구미시,96,2
202104,경상북도,구미시,97,4
202104,경상북도,구미시,98,5
202104,경상북도,구미시,99,3
202104,경상북도,구미시,100,2
202104,경상북도,구미시,101,1
202104,경상북도,구미시,102,1
202104,경상북도,영주시,0,7
202104,경상북도,영주시,1,14
202104,경상북도,영주시,2,21
202104,경상북도,영주시,3,18
202104,경상북도,영주시,4,20
202104,경상북도,영주시,5,22
202104,경상북도,영주시,6,28
202104,경상북도,영주시,7,60
202104,경상북도,영주시,8,56
202104,경상북도,영주시,9,54
202104,경상북도,영주시,10,63
202104,경상북도,영주시,11,61
202104,경상북도,영주시,12,68
202104,경상북도,영주시,13,74
202104,경상북도,영주시,14,74
202104,경상북도,영주시,15,73
202104,경상북도,영주시,16,74
202104,경상북도,영주시,17,86
202104,경상북도,영주시,18,88
202104,경상북도,영주시,19,65
202104,경상북도,영주시,20,72
202104,경상북도,영주시,21,56
202104,경상북도,영주시,22,48
202104,경상북도,영주시,23,44
202104,경상북도,영주시,24,46
202104,경상북도,영주시,25,32
202104,경상북도,영주시,26,25
202104,경상북도,영주시,27,17
202104,경상북도,영주시,28,18
202104,경상북도,영주시,29,14
202104,경상북도,영주시,30,12
202104,경상북도,영주시,31,12
202104,경상북도,영주시,32,16
202104,경상북도,영주시,33,25
202104,경상북도,영주시,34,23
202104,경상북도,영주시,35,23
202104,경상북도,영주시,36,19
202104,경상북도,영주시,37,32
202104,경상북도,영주시,38,39
202104,경상북도,영주시,39,34
202104,경상북도,영주시,40,46
202104,경상북도,영주시,41,54
202104,경상북도,영주시,42,62
202104,경상북도,영주시,43,50
202104,경상북도,영주시,44,46
202104,경상북도,영주시,45,61
202104,경상북도,영주시,46,76
202104,경상북도,영주시,47,96
202104,경상북도,영주시,48,83
202104,경상북도,영주시,49,90
202104,경상북도,영주시,50,97
202104,경상북도,영주시,51,104
202104,경상북도,영주시,52,124
202104,경상북도,영주시,53,118
202104,경상북도,영주시,54,92
202104,경상북도,영주시,55,97
202104,경상북도,영주시,56,112
202104,경상북도,영주시,57,105
202104,경상북도,영주시,58,105
202104,경상북도,영주시,59,112
202104,경상북도,영주시,60,142
202104,경상북도,영주시,61,146
202104,경상북도,영주시,62,127
202104,경상북도,영주시,63,125
202104,경상북도,영주시,64,138
202104,경상북도,영주시,65,121
202104,경상북도,영주시,66,126
202104,경상북도,영주시,67,112
202104,경상북도,영주시,68,126
202104,경상북도,영주시,69,106
202104,경상북도,영주시,70,78
202104,경상북도,영주시,71,95
202104,경상북도,영주시,72,93
202104,경상북도,영주시,73,105
202104,경상북도,영주시,74,72
202104,경상북도,영주시,75,50
202104,경상북도,영주시,76,92
202104,경상북도,영주시,77,104
202104,경상북도,영주시,78,129
202104,경상북도,영주시,79,128
202104,경상북도,영주시,80,109
202104,경상북도,영주시,81,91
202104,경상북도,영주시,82,111
202104,경상북도,영주시,83,91
202104,경상북도,영주시,84,95
202104,경상북도,영주시,85,92
202104,경상북도,영주시,86,75
202104,경상북도,영주시,87,60
202104,경상북도,영주시,88,57
202104,경상북도,영주시,89,43
202104,경상북도,영주시,90,43
202104,경상북도,영주시,91,32
202104,경상북도,영주시,92,21
202104,경상북도,영주시,93,21
202104,경상북도,영주시,94,5
202104,경상북도,영주시,95,15
202104,경상북도,영주시,96,5
202104,경상북도,영주시,97,5
202104,경상북도,영주시,98,4
202104,경상북도,영주시,99,1
202104,경상북도,영주시,100,2
202104,경상북도,영주시,101,1
202104,경상북도,영주시,103,2
202104,경상북도,영주시,111,1
202104,경상북도,영천시,0,9
202104,경상북도,영천시,1,10
202104,경상북도,영천시,2,22
202104,경상북도,영천시,3,20
202104,경상북도,영천시,4,31
202104,경상북도,영천시,5,19
202104,경상북도,영천시,6,19
202104,경상북도,영천시,7,41
202104,경상북도,영천시,8,52
202104,경상북도,영천시,9,65
202104,경상북도,영천시,10,86
202104,경상북도,영천시,11,53
202104,경상북도,영천시,12,69
202104,경상북도,영천시,13,81
202104,경상북도,영천시,14,68
202104,경상북도,영천시,15,79
202104,경상북도,영천시,16,75
202104,경상북도,영천시,17,91
202104,경상북도,영천시,18,65
202104,경상북도,영천시,19,66
202104,경상북도,영천시,20,50
202104,경상북도,영천시,21,49
202104,경상북도,영천시,22,42
202104,경상북도,영천시,23,27
202104,경상북도,영천시,24,28
202104,경상북도,영천시,25,20
202104,경상북도,영천시,26,16
202104,경상북도,영천시,27,20
202104,경상북도,영천시,28,12
202104,경상북도,영천시,29,12
202104,경상북도,영천시,30,17
202104,경상북도,영천시,31,15
202104,경상북도,영천시,32,16
202104,경상북도,영천시,33,25
202104,경상북도,영천시,34,22
202104,경상북도,영천시,35,23
202104,경상북도,영천시,36,22
202104,경상북도,영천시,37,25
202104,경상북도,영천시,38,37
202104,경상북도,영천시,39,40
202104,경상북도,영천시,40,31
202104,경상북도,영천시,41,48
202104,경상북도,영천시,42,44
202104,경상북도,영천시,43,48
202104,경상북도,영천시,44,40
202104,경상북도,영천시,45,64
202104,경상북도,영천시,46,67
202104,경상북도,영천시,47,85
202104,경상북도,영천시,48,67
202104,경상북도,영천시,49,90
202104,경상북도,영천시,50,106
202104,경상북도,영천시,51,90
202104,경상북도,영천시,52,95
202104,경상북도,영천시,53,86
202104,경상북도,영천시,54,81
202104,경상북도,영천시,55,100
202104,경상북도,영천시,56,104
202104,경상북도,영천시,57,105
202104,경상북도,영천시,58,123
202104,경상북도,영천시,59,130
202104,경상북도,영천시,60,128
202104,경상북도,영천시,61,123
202104,경상북도,영천시,62,109
202104,경상북도,영천시,63,109
202104,경상북도,영천시,64,117
202104,경상북도,영천시,65,133
202104,경상북도,영천시,66,136
202104,경상북도,영천시,67,90
202104,경상북도,영천시,68,125
202104,경상북도,영천시,69,103
202104,경상북도,영천시,70,94
202104,경상북도,영천시,71,118
202104,경상북도,영천시,72,104
202104,경상북도,영천시,73,113
202104,경상북도,영천시,74,85
202104,경상북도,영천시,75,81
202104,경상북도,영천시,76,85
202104,경상북도,영천시,77,103
202104,경상북도,영천시,78,127
202104,경상북도,영천시,79,120
202104,경상북도,영천시,80,96
202104,경상북도,영천시,81,93
202104,경상북도,영천시,82,110
202104,경상북도,영천시,83,96
202104,경상북도,영천시,84,100
202104,경상북도,영천시,85,85
202104,경상북도,영천시,86,71
202104,경상북도,영천시,87,58
202104,경상북도,영천시,88,58
202104,경상북도,영천시,89,41
202104,경상북도,영천시,90,26
202104,경상북도,영천시,91,33
202104,경상북도,영천시,92,17
202104,경상북도,영천시,93,8
202104,경상북도,영천시,94,9
202104,경상북도,영천시,95,5
202104,경상북도,영천시,96,6
202104,경상북도,영천시,97,3
202104,경상북도,영천시,98,3
202104,경상북도,영천시,99,5
202104,경상북도,영천시,100,3
202104,경상북도,영천시,101,1
202104,경상북도,영천시,103,1
202104,경상북도,영천시,104,1
202104,경상북도,상주시,0,7
202104,경상북도,상주시,1,9
202104,경상북도,상주시,2,14
202104,경상북도,상주시,3,7
202104,경상북도,상주시,4,19
202104,경상북도,상주시,5,18
202104,경상북도,상주시,6,29
202104,경상북도,상주시,7,26
202104,경상북도,상주시,8,40
202104,경상북도,상주시,9,60
202104,경상북도,상주시,10,40
202104,경상북도,상주시,11,44
202104,경상북도,상주시,12,59
202104,경상북도,상주시,13,62
202104,경상북도,상주시,14,63
202104,경상북도,상주시,15,54
202104,경상북도,상주시,16,66
202104,경상북도,상주시,17,51
202104,경상북도,상주시,18,46
202104,경상북도,상주시,19,46
202104,경상북도,상주시,20,41
202104,경상북도,상주시,21,32
202104,경상북도,상주시,22,31
202104,경상북도,상주시,23,31
202104,경상북도,상주시,24,19
202104,경상북도,상주시,25,15
202104,경상북도,상주시,26,9
202104,경상북도,상주시,27,13
202104,경상북도,상주시,28,6
202104,경상북도,상주시,29,8
202104,경상북도,상주시,30,15
202104,경상북도,상주시,31,13
202104,경상북도,상주시,32,18
202104,경상북도,상주시,33,15
202104,경상북도,상주시,34,20
202104,경상북도,상주시,35,19
202104,경상북도,상주시,36,15
202104,경상북도,상주시,37,29
202104,경상북도,상주시,38,26
202104,경상북도,상주시,39,33
202104,경상북도,상주시,40,31
202104,경상북도,상주시,41,30
202104,경상북도,상주시,42,33
202104,경상북도,상주시,43,42
202104,경상북도,상주시,44,35
202104,경상북도,상주시,45,34
202104,경상북도,상주시,46,62
202104,경상북도,상주시,47,45
202104,경상북도,상주시,48,58
202104,경상북도,상주시,49,75
202104,경상북도,상주시,50,45
202104,경상북도,상주시,51,69
202104,경상북도,상주시,52,64
202104,경상북도,상주시,53,79
202104,경상북도,상주시,54,74
202104,경상북도,상주시,55,74
202104,경상북도,상주시,56,89
202104,경상북도,상주시,57,69
202104,경상북도,상주시,58,80
202104,경상북도,상주시,59,92
202104,경상북도,상주시,60,87
202104,경상북도,상주시,61,94
202104,경상북도,상주시,62,80
202104,경상북도,상주시,63,78
202104,경상북도,상주시,64,75
202104,경상북도,상주시,65,73
202104,경상북도,상주시,66,102
202104,경상북도,상주시,67,77
202104,경상북도,상주시,68,82
202104,경상북도,상주시,69,82
202104,경상북도,상주시,70,56
202104,경상북도,상주시,71,71
202104,경상북도,상주시,72,82
202104,경상북도,상주시,73,69
202104,경상북도,상주시,74,84
202104,경상북도,상주시,75,64
202104,경상북도,상주시,76,48
202104,경상북도,상주시,77,87
202104,경상북도,상주시,78,92
202104,경상북도,상주시,79,111
202104,경상북도,상주시,80,91
202104,경상북도,상주시,81,92
202104,경상북도,상주시,82,93
202104,경상북도,상주시,83,87
202104,경상북도,상주시,84,82
202104,경상북도,상주시,85,66
202104,경상북도,상주시,86,87
202104,경상북도,상주시,87,64
202104,경상북도,상주시,88,42
202104,경상북도,상주시,89,43
202104,경상북도,상주시,90,29
202104,경상북도,상주시,91,18
202104,경상북도,상주시,92,14
202104,경상북도,상주시,93,16
202104,경상북도,상주시,94,16
202104,경상북도,상주시,95,12
202104,경상북도,상주시,96,7
202104,경상북도,상주시,97,3
202104,경상북도,상주시,98,1
202104,경상북도,상주시,99,2
202104,경상북도,상주시,101,2
202104,경상북도,상주시,102,1
202104,경상북도,상주시,103,1
202104,경상북도,상주시,111,1
202104,경상북도,문경시,0,6
202104,경상북도,문경시,1,3
202104,경상북도,문경시,2,3
202104,경상북도,문경시,3,4
202104,경상북도,문경시,4,4
202104,경상북도,문경시,5,10
202104,경상북도,문경시,6,10
202104,경상북도,문경시,7,13
202104,경상북도,문경시,8,12
202104,경상북도,문경시,9,15
202104,경상북도,문경시,10,16
202104,경상북도,문경시,11,21
202104,경상북도,문경시,12,18
202104,경상북도,문경시,13,30
202104,경상북도,문경시,14,33
202104,경상북도,문경시,15,25
202104,경상북도,문경시,16,27
202104,경상북도,문경시,17,35
202104,경상북도,문경시,18,29
202104,경상북도,문경시,19,36
202104,경상북도,문경시,20,24
202104,경상북도,문경시,21,19
202104,경상북도,문경시,22,21
202104,경상북도,문경시,23,9
202104,경상북도,문경시,24,12
202104,경상북도,문경시,25,8
202104,경상북도,문경시,26,5
202104,경상북도,문경시,27,5
202104,경상북도,문경시,28,6
202104,경상북도,문경시,29,2
202104,경상북도,문경시,30,4
202104,경상북도,문경시,31,9
202104,경상북도,문경시,32,9
202104,경상북도,문경시,33,10
202104,경상북도,문경시,34,5
202104,경상북도,문경시,35,14
202104,경상북도,문경시,36,15
202104,경상북도,문경시,37,9
202104,경상북도,문경시,38,18
202104,경상북도,문경시,39,10
202104,경상북도,문경시,40,13
202104,경상북도,문경시,41,15
202104,경상북도,문경시,42,18
202104,경상북도,문경시,43,25
202104,경상북도,문경시,44,19
202104,경상북도,문경시,45,27
202104,경상북도,문경시,46,34
202104,경상북도,문경시,47,34
202104,경상북도,문경시,48,31
202104,경상북도,문경시,49,43
202104,경상북도,문경시,50,39
202104,경상북도,문경시,51,38
202104,경상북도,문경시,52,50
202104,경상북도,문경시,53,46
202104,경상북도,문경시,54,40
202104,경상북도,문경시,55,51
202104,경상북도,문경시,56,53
202104,경상북도,문경시,57,63
202104,경상북도,문경시,58,53
202104,경상북도,문경시,59,65
202104,경상북도,문경시,60,70
202104,경상북도,문경시,61,61
202104,경상북도,문경시,62,55
202104,경상북도,문경시,63,69
202104,경상북도,문경시,64,56
202104,경상북도,문경시,65,55
202104,경상북도,문경시,66,60
202104,경상북도,문경시,67,59
202104,경상북도,문경시,68,60
202104,경상북도,문경시,69,66
202104,경상북도,문경시,70,43
202104,경상북도,문경시,71,47
202104,경상북도,문경시,72,55
202104,경상북도,문경시,73,54
202104,경상북도,문경시,74,46
202104,경상북도,문경시,75,25
202104,경상북도,문경시,76,41
202104,경상북도,문경시,77,74
202104,경상북도,문경시,78,73
202104,경상북도,문경시,79,85
202104,경상북도,문경시,80,60
202104,경상북도,문경시,81,62
202104,경상북도,문경시,82,60
202104,경상북도,문경시,83,57
202104,경상북도,문경시,84,44
202104,경상북도,문경시,85,49
202104,경상북도,문경시,86,40
202104,경상북도,문경시,87,35
202104,경상북도,문경시,88,26
202104,경상북도,문경시,89,21
202104,경상북도,문경시,90,8
202104,경상북도,문경시,91,22
202104,경상북도,문경시,92,11
202104,경상북도,문경시,93,11
202104,경상북도,문경시,94,7
202104,경상북도,문경시,95,3
202104,경상북도,문경시,96,3
202104,경상북도,문경시,97,3
202104,경상북도,문경시,98,4
202104,경상북도,문경시,99,2
202104,경상북도,문경시,100,1
202104,경상북도,문경시,101,1
202104,경상북도,문경시,102,1
202104,경상북도,문경시,103,2
202104,경상북도,문경시,104,1
202104,경상북도,문경시,105,1
202104,경상북도,경산시,0,26
202104,경상북도,경산시,1,44
202104,경상북도,경산시,2,45
202104,경상북도,경산시,3,47
202104,경상북도,경산시,4,59
202104,경상북도,경산시,5,45
202104,경상북도,경산시,6,107
202104,경상북도,경산시,7,109
202104,경상북도,경산시,8,117
202104,경상북도,경산시,9,146
202104,경상북도,경산시,10,148
202104,경상북도,경산시,11,136
202104,경상북도,경산시,12,132
202104,경상북도,경산시,13,159
202104,경상북도,경산시,14,149
202104,경상북도,경산시,15,155
202104,경상북도,경산시,16,158
202104,경상북도,경산시,17,163
202104,경상북도,경산시,18,151
202104,경상북도,경산시,19,127
202104,경상북도,경산시,20,118
202104,경상북도,경산시,21,101
202104,경상북도,경산시,22,120
202104,경상북도,경산시,23,100
202104,경상북도,경산시,24,93
202104,경상북도,경산시,25,73
202104,경상북도,경산시,26,76
202104,경상북도,경산시,27,47
202104,경상북도,경산시,28,48
202104,경상북도,경산시,29,34
202104,경상북도,경산시,30,46
202104,경상북도,경산시,31,42
202104,경상북도,경산시,32,53
202104,경상북도,경산시,33,54
202104,경상북도,경산시,34,69
202104,경상북도,경산시,35,64
202104,경상북도,경산시,36,58
202104,경상북도,경산시,37,82
202104,경상북도,경산시,38,84
202104,경상북도,경산시,39,79
202104,경상북도,경산시,40,112
202104,경상북도,경산시,41,98
202104,경상북도,경산시,42,103
202104,경상북도,경산시,43,121
202104,경상북도,경산시,44,93
202104,경상북도,경산시,45,108
202104,경상북도,경산시,46,147
202104,경상북도,경산시,47,142
202104,경상북도,경산시,48,169
202104,경상북도,경산시,49,166
202104,경상북도,경산시,50,179
202104,경상북도,경산시,51,169
202104,경상북도,경산시,52,180
202104,경상북도,경산시,53,165
202104,경상북도,경산시,54,173
202104,경상북도,경산시,55,173
202104,경상북도,경산시,56,176
202104,경상북도,경산시,57,164
202104,경상북도,경산시,58,186
202104,경상북도,경산시,59,182
202104,경상북도,경산시,60,182
202104,경상북도,경산시,61,194
202104,경상북도,경산시,62,190
202104,경상북도,경산시,63,185
202104,경상북도,경산시,64,153
202104,경상북도,경산시,65,181
202104,경상북도,경산시,66,198
202104,경상북도,경산시,67,162
202104,경상북도,경산시,68,200
202104,경상북도,경산시,69,156
202104,경상북도,경산시,70,149
202104,경상북도,경산시,71,143
202104,경상북도,경산시,72,159
202104,경상북도,경산시,73,161
202104,경상북도,경산시,74,137
202104,경상북도,경산시,75,94
202104,경상북도,경산시,76,134
202104,경상북도,경산시,77,150
202104,경상북도,경산시,78,199
202104,경상북도,경산시,79,187
202104,경상북도,경산시,80,158
202104,경상북도,경산시,81,181
202104,경상북도,경산시,82,123
202104,경상북도,경산시,83,121
202104,경상북도,경산시,84,129
202104,경상북도,경산시,85,120
202104,경상북도,경산시,86,120
202104,경상북도,경산시,87,67
202104,경상북도,경산시,88,64
202104,경상북도,경산시,89,42
202104,경상북도,경산시,90,40
202104,경상북도,경산시,91,37
202104,경상북도,경산시,92,28
202104,경상북도,경산시,93,18
202104,경상북도,경산시,94,14
202104,경상북도,경산시,95,6
202104,경상북도,경산시,96,5
202104,경상북도,경산시,97,6
202104,경상북도,경산시,98,4
202104,경상북도,경산시,99,3
202104,경상북도,경산시,100,2
202104,경상북도,경산시,103,1
202104,경상북도,군위군,0,1
202104,경상북도,군위군,1,2
202104,경상북도,군위군,2,2
202104,경상북도,군위군,3,3
202104,경상북도,군위군,4,2
202104,경상북도,군위군,5,4
202104,경상북도,군위군,6,2
202104,경상북도,군위군,7,6
202104,경상북도,군위군,8,8
202104,경상북도,군위군,9,5
202104,경상북도,군위군,10,6
202104,경상북도,군위군,11,9
202104,경상북도,군위군,12,7
202104,경상북도,군위군,13,9
202104,경상북도,군위군,14,3
202104,경상북도,군위군,15,11
202104,경상북도,군위군,16,9
202104,경상북도,군위군,17,11
202104,경상북도,군위군,18,8
202104,경상북도,군위군,19,6
202104,경상북도,군위군,20,7
202104,경상북도,군위군,21,5
202104,경상북도,군위군,22,7
202104,경상북도,군위군,23,10
202104,경상북도,군위군,24,7
202104,경상북도,군위군,25,2
202104,경상북도,군위군,26,2
202104,경상북도,군위군,27,3
202104,경상북도,군위군,28,1
202104,경상북도,군위군,29,3
202104,경상북도,군위군,30,5
202104,경상북도,군위군,31,2
202104,경상북도,군위군,32,1
202104,경상북도,군위군,33,4
202104,경상북도,군위군,34,4
202104,경상북도,군위군,35,2
202104,경상북도,군위군,36,4
202104,경상북도,군위군,37,2
202104,경상북도,군위군,38,4
202104,경상북도,군위군,39,5
202104,경상북도,군위군,40,6
202104,경상북도,군위군,41,10
202104,경상북도,군위군,42,10
202104,경상북도,군위군,43,10
202104,경상북도,군위군,44,11
202104,경상북도,군위군,45,9
202104,경상북도,군위군,46,9
202104,경상북도,군위군,47,16
202104,경상북도,군위군,48,8
202104,경상북도,군위군,49,11
202104,경상북도,군위군,50,9
202104,경상북도,군위군,51,9
202104,경상북도,군위군,52,20
202104,경상북도,군위군,53,11
202104,경상북도,군위군,54,10
202104,경상북도,군위군,55,19
202104,경상북도,군위군,56,18
202104,경상북도,군위군,57,12
202104,경상북도,군위군,58,21
202104,경상북도,군위군,59,18
202104,경상북도,군위군,60,24
202104,경상북도,군위군,61,31
202104,경상북도,군위군,62,28
202104,경상북도,군위군,63,19
202104,경상북도,군위군,64,21
202104,경상북도,군위군,65,18
202104,경상북도,군위군,66,17
202104,경상북도,군위군,67,17
202104,경상북도,군위군,68,20
202104,경상북도,군위군,69,16
202104,경상북도,군위군,70,20
202104,경상북도,군위군,71,25
202104,경상북도,군위군,72,20
202104,경상북도,군위군,73,20
202104,경상북도,군위군,74,24
202104,경상북도,군위군,75,15
202104,경상북도,군위군,76,21
202104,경상북도,군위군,77,21
202104,경상북도,군위군,78,28
202104,경상북도,군위군,79,33
202104,경상북도,군위군,80,26
202104,경상북도,군위군,81,29
202104,경상북도,군위군,82,24
202104,경상북도,군위군,83,23
202104,경상북도,군위군,84,21
202104,경상북도,군위군,85,21
202104,경상북도,군위군,86,23
202104,경상북도,군위군,87,10
202104,경상북도,군위군,88,16
202104,경상북도,군위군,89,13
202104,경상북도,군위군,90,10
202104,경상북도,군위군,91,11
202104,경상북도,군위군,92,5
202104,경상북도,군위군,93,2
202104,경상북도,군위군,94,1
202104,경상북도,군위군,95,1
202104,경상북도,군위군,96,1
202104,경상북도,군위군,97,1
202104,경상북도,군위군,99,1
202104,경상북도,군위군,102,1
202104,경상북도,의성군,0,1
202104,경상북도,의성군,1,1
202104,경상북도,의성군,2,1
202104,경상북도,의성군,3,6
202104,경상북도,의성군,4,4
202104,경상북도,의성군,5,6
202104,경상북도,의성군,6,11
202104,경상북도,의성군,7,14
202104,경상북도,의성군,8,12
202104,경상북도,의성군,9,13
202104,경상북도,의성군,10,25
202104,경상북도,의성군,11,20
202104,경상북도,의성군,12,24
202104,경상북도,의성군,13,25
202104,경상북도,의성군,14,33
202104,경상북도,의성군,15,31
202104,경상북도,의성군,16,24
202104,경상북도,의성군,17,21
202104,경상북도,의성군,18,22
202104,경상북도,의성군,19,28
202104,경상북도,의성군,20,16
202104,경상북도,의성군,21,11
202104,경상북도,의성군,22,18
202104,경상북도,의성군,23,11
202104,경상북도,의성군,24,6
202104,경상북도,의성군,25,6
202104,경상북도,의성군,26,10
202104,경상북도,의성군,27,7
202104,경상북도,의성군,28,1
202104,경상북도,의성군,29,4
202104,경상북도,의성군,30,4
202104,경상북도,의성군,31,11
202104,경상북도,의성군,32,8
202104,경상북도,의성군,33,6
202104,경상북도,의성군,34,9
202104,경상북도,의성군,35,11
202104,경상북도,의성군,36,7
202104,경상북도,의성군,37,17
202104,경상북도,의성군,38,11
202104,경상북도,의성군,39,12
202104,경상북도,의성군,40,18
202104,경상북도,의성군,41,22
202104,경상북도,의성군,42,21
202104,경상북도,의성군,43,25
202104,경상북도,의성군,44,16
202104,경상북도,의성군,45,21
202104,경상북도,의성군,46,29
202104,경상북도,의성군,47,38
202104,경상북도,의성군,48,26
202104,경상북도,의성군,49,29
202104,경상북도,의성군,50,43
202104,경상북도,의성군,51,33
202104,경상북도,의성군,52,40
202104,경상북도,의성군,53,55
202104,경상북도,의성군,54,51
202104,경상북도,의성군,55,47
202104,경상북도,의성군,56,60
202104,경상북도,의성군,57,40
202104,경상북도,의성군,58,72
202104,경상북도,의성군,59,55
202104,경상북도,의성군,60,69
202104,경상북도,의성군,61,64
202104,경상북도,의성군,62,50
202104,경상북도,의성군,63,69
202104,경상북도,의성군,64,57
202104,경상북도,의성군,65,61
202104,경상북도,의성군,66,52
202104,경상북도,의성군,67,55
202104,경상북도,의성군,68,63
202104,경상북도,의성군,69,79
202104,경상북도,의성군,70,47
202104,경상북도,의성군,71,47
202104,경상북도,의성군,72,67
202104,경상북도,의성군,73,62
202104,경상북도,의성군,74,46
202104,경상북도,의성군,75,51
202104,경상북도,의성군,76,53
202104,경상북도,의성군,77,79
202104,경상북도,의성군,78,99
202104,경상북도,의성군,79,86
202104,경상북도,의성군,80,75
202104,경상북도,의성군,81,84
202104,경상북도,의성군,82,102
202104,경상북도,의성군,83,78
202104,경상북도,의성군,84,97
202104,경상북도,의성군,85,104
202104,경상북도,의성군,86,97
202104,경상북도,의성군,87,64
202104,경상북도,의성군,88,75
202104,경상북도,의성군,89,51
202104,경상북도,의성군,90,41
202104,경상북도,의성군,91,34
202104,경상북도,의성군,92,30
202104,경상북도,의성군,93,21
202104,경상북도,의성군,94,17
202104,경상북도,의성군,95,9
202104,경상북도,의성군,96,8
202104,경상북도,의성군,97,4
202104,경상북도,의성군,98,5
202104,경상북도,의성군,99,3
202104,경상북도,의성군,101,1
202104,경상북도,청송군,1,2
202104,경상북도,청송군,2,2
202104,경상북도,청송군,4,3
202104,경상북도,청송군,5,2
202104,경상북도,청송군,6,5
202104,경상북도,청송군,7,2
202104,경상북도,청송군,8,11
202104,경상북도,청송군,9,10
202104,경상북도,청송군,10,9
202104,경상북도,청송군,11,7
202104,경상북도,청송군,12,7
202104,경상북도,청송군,13,10
202104,경상북도,청송군,14,7
202104,경상북도,청송군,15,7
202104,경상북도,청송군,16,12
202104,경상북도,청송군,17,21
202104,경상북도,청송군,18,13
202104,경상북도,청송군,19,8
202104,경상북도,청송군,20,12
202104,경상북도,청송군,21,8
202104,경상북도,청송군,22,6
202104,경상북도,청송군,23,7
202104,경상북도,청송군,24,3
202104,경상북도,청송군,25,3
202104,경상북도,청송군,26,4
202104,경상북도,청송군,27,2
202104,경상북도,청송군,28,2
202104,경상북도,청송군,29,2
202104,경상북도,청송군,30,2
202104,경상북도,청송군,31,2
202104,경상북도,청송군,32,2
202104,경상북도,청송군,33,6
202104,경상북도,청송군,34,4
202104,경상북도,청송군,35,4
202104,경상북도,청송군,36,4
202104,경상북도,청송군,37,4
202104,경상북도,청송군,38,2
202104,경상북도,청송군,39,5
202104,경상북도,청송군,40,12
202104,경상북도,청송군,41,2
202104,경상북도,청송군,42,4
202104,경상북도,청송군,43,10
202104,경상북도,청송군,44,7
202104,경상북도,청송군,45,14
202104,경상북도,청송군,46,12
202104,경상북도,청송군,47,15
202104,경상북도,청송군,48,14
202104,경상북도,청송군,49,11
202104,경상북도,청송군,50,15
202104,경상북도,청송군,51,19
202104,경상북도,청송군,52,22
202104,경상북도,청송군,53,14
202104,경상북도,청송군,54,23
202104,경상북도,청송군,55,14
202104,경상북도,청송군,56,29
202104,경상북도,청송군,57,20
202104,경상북도,청송군,58,21
202104,경상북도,청송군,59,21
202104,경상북도,청송군,60,19
202104,경상북도,청송군,61,40
202104,경상북도,청송군,62,16
202104,경상북도,청송군,63,34
202104,경상북도,청송군,64,24
202104,경상북도,청송군,65,23
202104,경상북도,청송군,66,18
202104,경상북도,청송군,67,28
202104,경상북도,청송군,68,32
202104,경상북도,청송군,69,19
202104,경상북도,청송군,70,25
202104,경상북도,청송군,71,21
202104,경상북도,청송군,72,24
202104,경상북도,청송군,73,27
202104,경상북도,청송군,74,36
202104,경상북도,청송군,75,13
202104,경상북도,청송군,76,23
202104,경상북도,청송군,77,27
202104,경상북도,청송군,78,44
202104,경상북도,청송군,79,40
202104,경상북도,청송군,80,26
202104,경상북도,청송군,81,29
202104,경상북도,청송군,82,38
202104,경상북도,청송군,83,42
202104,경상북도,청송군,84,19
202104,경상북도,청송군,85,31
202104,경상북도,청송군,86,31
202104,경상북도,청송군,87,16
202104,경상북도,청송군,88,17
202104,경상북도,청송군,89,17
202104,경상북도,청송군,90,14
202104,경상북도,청송군,91,13
202104,경상북도,청송군,92,4
202104,경상북도,청송군,93,9
202104,경상북도,청송군,94,6
202104,경상북도,청송군,95,2
202104,경상북도,청송군,96,2
202104,경상북도,청송군,97,3
202104,경상북도,청송군,101,1
202104,경상북도,영양군,0,1
202104,경상북도,영양군,1,3
202104,경상북도,영양군,2,1
202104,경상북도,영양군,3,4
202104,경상북도,영양군,4,4
202104,경상북도,영양군,5,4
202104,경상북도,영양군,6,8
202104,경상북도,영양군,7,11
202104,경상북도,영양군,8,14
202104,경상북도,영양군,9,10
202104,경상북도,영양군,10,11
202104,경상북도,영양군,11,16
202104,경상북도,영양군,12,8
202104,경상북도,영양군,13,11
202104,경상북도,영양군,14,15
202104,경상북도,영양군,15,17
202104,경상북도,영양군,16,10
202104,경상북도,영양군,17,14
202104,경상북도,영양군,18,7
202104,경상북도,영양군,19,12
202104,경상북도,영양군,20,10
202104,경상북도,영양군,21,9
202104,경상북도,영양군,22,5
202104,경상북도,영양군,23,5
202104,경상북도,영양군,24,4
202104,경상북도,영양군,25,6
202104,경상북도,영양군,26,3
202104,경상북도,영양군,27,1
202104,경상북도,영양군,28,3
202104,경상북도,영양군,29,1
202104,경상북도,영양군,30,2
202104,경상북도,영양군,31,2
202104,경상북도,영양군,32,7
202104,경상북도,영양군,33,2
202104,경상북도,영양군,34,6
202104,경상북도,영양군,35,3
202104,경상북도,영양군,36,3
202104,경상북도,영양군,37,3
202104,경상북도,영양군,38,4
202104,경상북도,영양군,39,4
202104,경상북도,영양군,40,7
202104,경상북도,영양군,41,8
202104,경상북도,영양군,42,5
202104,경상북도,영양군,43,11
202104,경상북도,영양군,44,8
202104,경상북도,영양군,45,8
202104,경상북도,영양군,46,5
202104,경상북도,영양군,47,8
202104,경상북도,영양군,48,12
202104,경상북도,영양군,49,12
202104,경상북도,영양군,50,16
202104,경상북도,영양군,51,12
202104,경상북도,영양군,52,15
202104,경상북도,영양군,53,15
202104,경상북도,영양군,54,15
202104,경상북도,영양군,55,19
202104,경상북도,영양군,56,17
202104,경상북도,영양군,57,16
202104,경상북도,영양군,58,28
202104,경상북도,영양군,59,17
202104,경상북도,영양군,60,30
202104,경상북도,영양군,61,21
202104,경상북도,영양군,62,19
202104,경상북도,영양군,63,19
202104,경상북도,영양군,64,16
202104,경상북도,영양군,65,23
202104,경상북도,영양군,66,27
202104,경상북도,영양군,67,18
202104,경상북도,영양군,68,23
202104,경상북도,영양군,69,22
202104,경상북도,영양군,70,15
202104,경상북도,영양군,71,14
202104,경상북도,영양군,72,24
202104,경상북도,영양군,73,12
202104,경상북도,영양군,74,17
202104,경상북도,영양군,75,9
202104,경상북도,영양군,76,19
202104,경상북도,영양군,77,22
202104,경상북도,영양군,78,25
202104,경상북도,영양군,79,28
202104,경상북도,영양군,80,28
202104,경상북도,영양군,81,25
202104,경상북도,영양군,82,30
202104,경상북도,영양군,83,19
202104,경상북도,영양군,84,27
202104,경상북도,영양군,85,17
202104,경상북도,영양군,86,15
202104,경상북도,영양군,87,13
202104,경상북도,영양군,88,7
202104,경상북도,영양군,89,12
202104,경상북도,영양군,90,14
202104,경상북도,영양군,91,5
202104,경상북도,영양군,92,10
202104,경상북도,영양군,93,7
202104,경상북도,영양군,94,4
202104,경상북도,영양군,95,4
202104,경상북도,영양군,96,2
202104,경상북도,영양군,97,3
202104,경상북도,영양군,98,3
202104,경상북도,영양군,100,3
202104,경상북도,영양군,108,1
202104,경상북도,영양군,110,1
202104,경상북도,영덕군,0,1
202104,경상북도,영덕군,1,3
202104,경상북도,영덕군,2,2
202104,경상북도,영덕군,3,7
202104,경상북도,영덕군,4,5
202104,경상북도,영덕군,5,6
202104,경상북도,영덕군,6,11
202104,경상북도,영덕군,7,17
202104,경상북도,영덕군,8,21
202104,경상북도,영덕군,9,23
202104,경상북도,영덕군,10,22
202104,경상북도,영덕군,11,22
202104,경상북도,영덕군,12,22
202104,경상북도,영덕군,13,24
202104,경상북도,영덕군,14,29
202104,경상북도,영덕군,15,25
202104,경상북도,영덕군,16,27
202104,경상북도,영덕군,17,30
202104,경상북도,영덕군,18,17
202104,경상북도,영덕군,19,14
202104,경상북도,영덕군,20,19
202104,경상북도,영덕군,21,16
202104,경상북도,영덕군,22,9
202104,경상북도,영덕군,23,13
202104,경상북도,영덕군,24,4
202104,경상북도,영덕군,25,4
202104,경상북도,영덕군,26,4
202104,경상북도,영덕군,27,1
202104,경상북도,영덕군,28,2
202104,경상북도,영덕군,29,5
202104,경상북도,영덕군,30,5
202104,경상북도,영덕군,31,4
202104,경상북도,영덕군,32,3
202104,경상북도,영덕군,33,5
202104,경상북도,영덕군,35,6
202104,경상북도,영덕군,36,6
202104,경상북도,영덕군,37,11
202104,경상북도,영덕군,38,8
202104,경상북도,영덕군,39,12
202104,경상북도,영덕군,40,9
202104,경상북도,영덕군,41,7
202104,경상북도,영덕군,42,7
202104,경상북도,영덕군,43,14
202104,경상북도,영덕군,44,18
202104,경상북도,영덕군,45,20
202104,경상북도,영덕군,46,14
202104,경상북도,영덕군,47,29
202104,경상북도,영덕군,48,20
202104,경상북도,영덕군,49,34
202104,경상북도,영덕군,50,27
202104,경상북도,영덕군,51,33
202104,경상북도,영덕군,52,40
202104,경상북도,영덕군,53,32
202104,경상북도,영덕군,54,31
202104,경상북도,영덕군,55,30
202104,경상북도,영덕군,56,37
202104,경상북도,영덕군,57,36
202104,경상북도,영덕군,58,50
202104,경상북도,영덕군,59,45
202104,경상북도,영덕군,60,56
202104,경상북도,영덕군,61,47
202104,경상북도,영덕군,62,40
202104,경상북도,영덕군,63,34
202104,경상북도,영덕군,64,29
202104,경상북도,영덕군,65,53
202104,경상북도,영덕군,66,43
202104,경상북도,영덕군,67,42
202104,경상북도,영덕군,68,40
202104,경상북도,영덕군,69,44
202104,경상북도,영덕군,70,30
202104,경상북도,영덕군,71,43
202104,경상북도,영덕군,72,45
202104,경상북도,영덕군,73,56
202104,경상북도,영덕군,74,36
202104,경상북도,영덕군,75,24
202104,경상북도,영덕군,76,48
202104,경상북도,영덕군,77,58
202104,경상북도,영덕군,78,71
202104,경상북도,영덕군,79,80
202104,경상북도,영덕군,80,47
202104,경상북도,영덕군,81,51
202104,경상북도,영덕군,82,63
202104,경상북도,영덕군,83,48
202104,경상북도,영덕군,84,42
202104,경상북도,영덕군,85,36
202104,경상북도,영덕군,86,40
202104,경상북도,영덕군,87,27
202104,경상북도,영덕군,88,17
202104,경상북도,영덕군,89,35
202104,경상북도,영덕군,90,19
202104,경상북도,영덕군,91,21
202104,경상북도,영덕군,92,7
202104,경상북도,영덕군,93,15
202104,경상북도,영덕군,94,4
202104,경상북도,영덕군,95,7
202104,경상북도,영덕군,96,4
202104,경상북도,영덕군,97,4
202104,경상북도,영덕군,98,1
202104,경상북도,영덕군,103,1
202104,경상북도,영덕군,108,1
202104,경상북도,청도군,1,3
202104,경상북도,청도군,2,1
202104,경상북도,청도군,3,3
202104,경상북도,청도군,4,1
202104,경상북도,청도군,5,3
202104,경상북도,청도군,6,10
202104,경상북도,청도군,7,13
202104,경상북도,청도군,8,15
202104,경상북도,청도군,9,14
202104,경상북도,청도군,10,18
202104,경상북도,청도군,11,21
202104,경상북도,청도군,12,16
202104,경상북도,청도군,13,21
202104,경상북도,청도군,14,30
202104,경상북도,청도군,15,28
202104,경상북도,청도군,16,26
202104,경상북도,청도군,17,30
202104,경상북도,청도군,18,20
202104,경상북도,청도군,19,23
202104,경상북도,청도군,20,14
202104,경상북도,청도군,21,20
202104,경상북도,청도군,22,17
202104,경상북도,청도군,23,10
202104,경상북도,청도군,24,7
202104,경상북도,청도군,25,2
202104,경상북도,청도군,26,4
202104,경상북도,청도군,27,3
202104,경상북도,청도군,28,1
202104,경상북도,청도군,29,2
202104,경상북도,청도군,30,3
202104,경상북도,청도군,31,4
202104,경상북도,청도군,32,7
202104,경상북도,청도군,33,5
202104,경상북도,청도군,34,4
202104,경상북도,청도군,35,6
202104,경상북도,청도군,36,8
202104,경상북도,청도군,37,12
202104,경상북도,청도군,38,9
202104,경상북도,청도군,39,16
202104,경상북도,청도군,40,9
202104,경상북도,청도군,41,7
202104,경상북도,청도군,42,13
202104,경상북도,청도군,43,17
202104,경상북도,청도군,44,14
202104,경상북도,청도군,45,21
202104,경상북도,청도군,46,18
202104,경상북도,청도군,47,37
202104,경상북도,청도군,48,21
202104,경상북도,청도군,49,32
202104,경상북도,청도군,50,36
202104,경상북도,청도군,51,37
202104,경상북도,청도군,52,37
202104,경상북도,청도군,53,45
202104,경상북도,청도군,54,32
202104,경상북도,청도군,55,39
202104,경상북도,청도군,56,40
202104,경상북도,청도군,57,38
202104,경상북도,청도군,58,37
202104,경상북도,청도군,59,45
202104,경상북도,청도군,60,58
202104,경상북도,청도군,61,54
202104,경상북도,청도군,62,52
202104,경상북도,청도군,63,42
202104,경상북도,청도군,64,37
202104,경상북도,청도군,65,41
202104,경상북도,청도군,66,48
202104,경상북도,청도군,67,44
202104,경상북도,청도군,68,39
202104,경상북도,청도군,69,38
202104,경상북도,청도군,70,30
202104,경상북도,청도군,71,35
202104,경상북도,청도군,72,46
202104,경상북도,청도군,73,33
202104,경상북도,청도군,74,35
202104,경상북도,청도군,75,24
202104,경상북도,청도군,76,25
202104,경상북도,청도군,77,30
202104,경상북도,청도군,78,51
202104,경상북도,청도군,79,44
202104,경상북도,청도군,80,32
202104,경상북도,청도군,81,46
202104,경상북도,청도군,82,50
202104,경상북도,청도군,83,43
202104,경상북도,청도군,84,41
202104,경상북도,청도군,85,38
202104,경상북도,청도군,86,34
202104,경상북도,청도군,87,27
202104,경상북도,청도군,88,22
202104,경상북도,청도군,89,21
202104,경상북도,청도군,90,12
202104,경상북도,청도군,91,10
202104,경상북도,청도군,92,10
202104,경상북도,청도군,93,7
202104,경상북도,청도군,94,3
202104,경상북도,청도군,95,5
202104,경상북도,청도군,96,1
202104,경상북도,청도군,97,5
202104,경상북도,청도군,98,1
202104,경상북도,고령군,1,2
202104,경상북도,고령군,2,1
202104,경상북도,고령군,3,5
202104,경상북도,고령군,4,4
202104,경상북도,고령군,5,8
202104,경상북도,고령군,6,5
202104,경상북도,고령군,7,13
202104,경상북도,고령군,8,12
202104,경상북도,고령군,9,12
202104,경상북도,고령군,10,19
202104,경상북도,고령군,11,18
202104,경상북도,고령군,12,20
202104,경상북도,고령군,13,26
202104,경상북도,고령군,14,22
202104,경상북도,고령군,15,21
202104,경상북도,고령군,16,18
202104,경상북도,고령군,17,28
202104,경상북도,고령군,18,15
202104,경상북도,고령군,19,15
202104,경상북도,고령군,20,15
202104,경상북도,고령군,21,18
202104,경상북도,고령군,22,11
202104,경상북도,고령군,23,8
202104,경상북도,고령군,24,11
202104,경상북도,고령군,25,4
202104,경상북도,고령군,26,1
202104,경상북도,고령군,27,3
202104,경상북도,고령군,28,2
202104,경상북도,고령군,29,3
202104,경상북도,고령군,30,4
202104,경상북도,고령군,31,4
202104,경상북도,고령군,32,4
202104,경상북도,고령군,33,2
202104,경상북도,고령군,34,3
202104,경상북도,고령군,35,9
202104,경상북도,고령군,36,8
202104,경상북도,고령군,37,3
202104,경상북도,고령군,38,6
202104,경상북도,고령군,39,10
202104,경상북도,고령군,40,13
202104,경상북도,고령군,41,5
202104,경상북도,고령군,42,11
202104,경상북도,고령군,43,11
202104,경상북도,고령군,44,12
202104,경상북도,고령군,45,16
202104,경상북도,고령군,46,15
202104,경상북도,고령군,47,11
202104,경상북도,고령군,48,20
202104,경상북도,고령군,49,22
202104,경상북도,고령군,50,26
202104,경상북도,고령군,51,34
202104,경상북도,고령군,52,26
202104,경상북도,고령군,53,20
202104,경상북도,고령군,54,17
202104,경상북도,고령군,55,15
202104,경상북도,고령군,56,21
202104,경상북도,고령군,57,25
202104,경상북도,고령군,58,46
202104,경상북도,고령군,59,32
202104,경상북도,고령군,60,39
202104,경상북도,고령군,61,40
202104,경상북도,고령군,62,28
202104,경상북도,고령군,63,31
202104,경상북도,고령군,64,43
202104,경상북도,고령군,65,31
202104,경상북도,고령군,66,40
202104,경상북도,고령군,67,35
202104,경상북도,고령군,68,40
202104,경상북도,고령군,69,37
202104,경상북도,고령군,70,34
202104,경상북도,고령군,71,35
202104,경상북도,고령군,72,27
202104,경상북도,고령군,73,29
202104,경상북도,고령군,74,27
202104,경상북도,고령군,75,24
202104,경상북도,고령군,76,28
202104,경상북도,고령군,77,40
202104,경상북도,고령군,78,35
202104,경상북도,고령군,79,34
202104,경상북도,고령군,80,29
202104,경상북도,고령군,81,37
202104,경상북도,고령군,82,46
202104,경상북도,고령군,83,27
202104,경상북도,고령군,84,37
202104,경상북도,고령군,85,33
202104,경상북도,고령군,86,21
202104,경상북도,고령군,87,24
202104,경상북도,고령군,88,16
202104,경상북도,고령군,89,15
202104,경상북도,고령군,90,13
202104,경상북도,고령군,91,4
202104,경상북도,고령군,92,5
202104,경상북도,고령군,93,3
202104,경상북도,고령군,94,3
202104,경상북도,고령군,95,1
202104,경상북도,고령군,97,2
202104,경상북도,성주군,0,2
202104,경상북도,성주군,2,2
202104,경상북도,성주군,3,6
202104,경상북도,성주군,4,5
202104,경상북도,성주군,5,5
202104,경상북도,성주군,6,11
202104,경상북도,성주군,7,13
202104,경상북도,성주군,8,19
202104,경상북도,성주군,9,23
202104,경상북도,성주군,10,19
202104,경상북도,성주군,11,17
202104,경상북도,성주군,12,23
202104,경상북도,성주군,13,29
202104,경상북도,성주군,14,23
202104,경상북도,성주군,15,22
202104,경상북도,성주군,16,23
202104,경상북도,성주군,17,27
202104,경상북도,성주군,18,18
202104,경상북도,성주군,19,10
202104,경상북도,성주군,20,12
202104,경상북도,성주군,21,15
202104,경상북도,성주군,22,7
202104,경상북도,성주군,23,11
202104,경상북도,성주군,24,5
202104,경상북도,성주군,25,1
202104,경상북도,성주군,26,6
202104,경상북도,성주군,27,6
202104,경상북도,성주군,28,3
202104,경상북도,성주군,29,4
202104,경상북도,성주군,30,3
202104,경상북도,성주군,31,5
202104,경상북도,성주군,32,4
202104,경상북도,성주군,33,7
202104,경상북도,성주군,34,5
202104,경상북도,성주군,35,7
202104,경상북도,성주군,36,11
202104,경상북도,성주군,37,5
202104,경상북도,성주군,38,10
202104,경상북도,성주군,39,10
202104,경상북도,성주군,40,12
202104,경상북도,성주군,41,14
202104,경상북도,성주군,42,14
202104,경상북도,성주군,43,15
202104,경상북도,성주군,44,20
202104,경상북도,성주군,45,17
202104,경상북도,성주군,46,20
202104,경상북도,성주군,47,17
202104,경상북도,성주군,48,21
202104,경상북도,성주군,49,23
202104,경상북도,성주군,50,15
202104,경상북도,성주군,51,36
202104,경상북도,성주군,52,24
202104,경상북도,성주군,53,25
202104,경상북도,성주군,54,43
202104,경상북도,성주군,55,27
202104,경상북도,성주군,56,41
202104,경상북도,성주군,57,30
202104,경상북도,성주군,58,30
202104,경상북도,성주군,59,34
202104,경상북도,성주군,60,37
202104,경상북도,성주군,61,40
202104,경상북도,성주군,62,53
202104,경상북도,성주군,63,28
202104,경상북도,성주군,64,43
202104,경상북도,성주군,65,45
202104,경상북도,성주군,66,41
202104,경상북도,성주군,67,45
202104,경상북도,성주군,68,45
202104,경상북도,성주군,69,43
202104,경상북도,성주군,70,33
202104,경상북도,성주군,71,42
202104,경상북도,성주군,72,42
202104,경상북도,성주군,73,35
202104,경상북도,성주군,74,39
202104,경상북도,성주군,75,18
202104,경상북도,성주군,76,21
202104,경상북도,성주군,77,32
202104,경상북도,성주군,78,46
202104,경상북도,성주군,79,39
202104,경상북도,성주군,80,37
202104,경상북도,성주군,81,44
202104,경상북도,성주군,82,35
202104,경상북도,성주군,83,31
202104,경상북도,성주군,84,40
202104,경상북도,성주군,85,44
202104,경상북도,성주군,86,33
202104,경상북도,성주군,87,26
202104,경상북도,성주군,88,29
202104,경상북도,성주군,89,16
202104,경상북도,성주군,90,21
202104,경상북도,성주군,91,10
202104,경상북도,성주군,92,9
202104,경상북도,성주군,93,8
202104,경상북도,성주군,94,10
202104,경상북도,성주군,95,3
202104,경상북도,성주군,96,1
202104,경상북도,성주군,97,3
202104,경상북도,성주군,99,2
202104,경상북도,성주군,101,1
202104,경상북도,칠곡군,0,9
202104,경상북도,칠곡군,1,13
202104,경상북도,칠곡군,2,16
202104,경상북도,칠곡군,3,19
202104,경상북도,칠곡군,4,17
202104,경상북도,칠곡군,5,31
202104,경상북도,칠곡군,6,51
202104,경상북도,칠곡군,7,60
202104,경상북도,칠곡군,8,75
202104,경상북도,칠곡군,9,78
202104,경상북도,칠곡군,10,81
202104,경상북도,칠곡군,11,52
202104,경상북도,칠곡군,12,100
202104,경상북도,칠곡군,13,88
202104,경상북도,칠곡군,14,86
202104,경상북도,칠곡군,15,74
202104,경상북도,칠곡군,16,80
202104,경상북도,칠곡군,17,77
202104,경상북도,칠곡군,18,48
202104,경상북도,칠곡군,19,52
202104,경상북도,칠곡군,20,42
202104,경상북도,칠곡군,21,40
202104,경상북도,칠곡군,22,57
202104,경상북도,칠곡군,23,38
202104,경상북도,칠곡군,24,26
202104,경상북도,칠곡군,25,29
202104,경상북도,칠곡군,26,19
202104,경상북도,칠곡군,27,16
202104,경상북도,칠곡군,28,15
202104,경상북도,칠곡군,29,16
202104,경상북도,칠곡군,30,20
202104,경상북도,칠곡군,31,12
202104,경상북도,칠곡군,32,22
202104,경상북도,칠곡군,33,18
202104,경상북도,칠곡군,34,26
202104,경상북도,칠곡군,35,22
202104,경상북도,칠곡군,36,25
202104,경상북도,칠곡군,37,31
202104,경상북도,칠곡군,38,40
202104,경상북도,칠곡군,39,43
202104,경상북도,칠곡군,40,34
202104,경상북도,칠곡군,41,57
202104,경상북도,칠곡군,42,40
202104,경상북도,칠곡군,43,43
202104,경상북도,칠곡군,44,55
202104,경상북도,칠곡군,45,57
202104,경상북도,칠곡군,46,66
202104,경상북도,칠곡군,47,80
202104,경상북도,칠곡군,48,65
202104,경상북도,칠곡군,49,75
202104,경상북도,칠곡군,50,79
202104,경상북도,칠곡군,51,71
202104,경상북도,칠곡군,52,95
202104,경상북도,칠곡군,53,68
202104,경상북도,칠곡군,54,73
202104,경상북도,칠곡군,55,80
202104,경상북도,칠곡군,56,71
202104,경상북도,칠곡군,57,55
202104,경상북도,칠곡군,58,78
202104,경상북도,칠곡군,59,88
202104,경상북도,칠곡군,60,92
202104,경상북도,칠곡군,61,85
202104,경상북도,칠곡군,62,65
202104,경상북도,칠곡군,63,60
202104,경상북도,칠곡군,64,82
202104,경상북도,칠곡군,65,70
202104,경상북도,칠곡군,66,96
202104,경상북도,칠곡군,67,74
202104,경상북도,칠곡군,68,70
202104,경상북도,칠곡군,69,69
202104,경상북도,칠곡군,70,55
202104,경상북도,칠곡군,71,57
202104,경상북도,칠곡군,72,76
202104,경상북도,칠곡군,73,65
202104,경상북도,칠곡군,74,68
202104,경상북도,칠곡군,75,47
202104,경상북도,칠곡군,76,65
202104,경상북도,칠곡군,77,78
202104,경상북도,칠곡군,78,67
202104,경상북도,칠곡군,79,72
202104,경상북도,칠곡군,80,58
202104,경상북도,칠곡군,81,72
202104,경상북도,칠곡군,82,63
202104,경상북도,칠곡군,83,62
202104,경상북도,칠곡군,84,56
202104,경상북도,칠곡군,85,52
202104,경상북도,칠곡군,86,46
202104,경상북도,칠곡군,87,30
202104,경상북도,칠곡군,88,28
202104,경상북도,칠곡군,89,17
202104,경상북도,칠곡군,90,16
202104,경상북도,칠곡군,91,19
202104,경상북도,칠곡군,92,19
202104,경상북도,칠곡군,93,13
202104,경상북도,칠곡군,94,6
202104,경상북도,칠곡군,95,4
202104,경상북도,칠곡군,96,4
202104,경상북도,칠곡군,97,4
202104,경상북도,칠곡군,98,1
202104,경상북도,칠곡군,99,3
202104,경상북도,칠곡군,100,1
202104,경상북도,칠곡군,101,1
202104,경상북도,칠곡군,105,1
202104,경상북도,예천군,0,7
202104,경상북도,예천군,1,9
202104,경상북도,예천군,2,10
202104,경상북도,예천군,3,6
202104,경상북도,예천군,4,7
202104,경상북도,예천군,5,14
202104,경상북도,예천군,6,16
202104,경상북도,예천군,7,27
202104,경상북도,예천군,8,25
202104,경상북도,예천군,9,20
202104,경상북도,예천군,10,31
202104,경상북도,예천군,11,32
202104,경상북도,예천군,12,30
202104,경상북도,예천군,13,33
202104,경상북도,예천군,14,24
202104,경상북도,예천군,15,28
202104,경상북도,예천군,16,28
202104,경상북도,예천군,17,29
202104,경상북도,예천군,18,28
202104,경상북도,예천군,19,29
202104,경상북도,예천군,20,24
202104,경상북도,예천군,21,15
202104,경상북도,예천군,22,17
202104,경상북도,예천군,23,13
202104,경상북도,예천군,24,12
202104,경상북도,예천군,25,10
202104,경상북도,예천군,26,9
202104,경상북도,예천군,27,7
202104,경상북도,예천군,28,7
202104,경상북도,예천군,29,5
202104,경상북도,예천군,30,5
202104,경상북도,예천군,31,10
202104,경상북도,예천군,32,6
202104,경상북도,예천군,33,7
202104,경상북도,예천군,34,8
202104,경상북도,예천군,35,11
202104,경상북도,예천군,36,8
202104,경상북도,예천군,37,15
202104,경상북도,예천군,38,14
202104,경상북도,예천군,39,10
202104,경상북도,예천군,40,17
202104,경상북도,예천군,41,20
202104,경상북도,예천군,42,19
202104,경상북도,예천군,43,29
202104,경상북도,예천군,44,26
202104,경상북도,예천군,45,25
202104,경상북도,예천군,46,27
202104,경상북도,예천군,47,29
202104,경상북도,예천군,48,22
202104,경상북도,예천군,49,38
202104,경상북도,예천군,50,34
202104,경상북도,예천군,51,34
202104,경상북도,예천군,52,34
202104,경상북도,예천군,53,28
202104,경상북도,예천군,54,28
202104,경상북도,예천군,55,42
202104,경상북도,예천군,56,43
202104,경상북도,예천군,57,50
202104,경상북도,예천군,58,41
202104,경상북도,예천군,59,54
202104,경상북도,예천군,60,70
202104,경상북도,예천군,61,57
202104,경상북도,예천군,62,43
202104,경상북도,예천군,63,44
202104,경상북도,예천군,64,43
202104,경상북도,예천군,65,51
202104,경상북도,예천군,66,49
202104,경상북도,예천군,67,45
202104,경상북도,예천군,68,50
202104,경상북도,예천군,69,36
202104,경상북도,예천군,70,34
202104,경상북도,예천군,71,38
202104,경상북도,예천군,72,41
202104,경상북도,예천군,73,46
202104,경상북도,예천군,74,42
202104,경상북도,예천군,75,16
202104,경상북도,예천군,76,43
202104,경상북도,예천군,77,47
202104,경상북도,예천군,78,61
202104,경상북도,예천군,79,57
202104,경상북도,예천군,80,44
202104,경상북도,예천군,81,62
202104,경상북도,예천군,82,55
202104,경상북도,예천군,83,61
202104,경상북도,예천군,84,43
202104,경상북도,예천군,85,57
202104,경상북도,예천군,86,57
202104,경상북도,예천군,87,51
202104,경상북도,예천군,88,39
202104,경상북도,예천군,89,28
202104,경상북도,예천군,90,22
202104,경상북도,예천군,91,25
202104,경상북도,예천군,92,18
202104,경상북도,예천군,93,13
202104,경상북도,예천군,94,13
202104,경상북도,예천군,95,5
202104,경상북도,예천군,96,5
202104,경상북도,예천군,97,3
202104,경상북도,예천군,98,3
202104,경상북도,예천군,99,2
202104,경상북도,예천군,102,1
202104,경상북도,예천군,105,2
202104,경상북도,봉화군,1,2
202104,경상북도,봉화군,2,1
202104,경상북도,봉화군,3,3
202104,경상북도,봉화군,4,5
202104,경상북도,봉화군,5,3
202104,경상북도,봉화군,6,9
202104,경상북도,봉화군,7,10
202104,경상북도,봉화군,8,8
202104,경상북도,봉화군,9,12
202104,경상북도,봉화군,10,13
202104,경상북도,봉화군,11,16
202104,경상북도,봉화군,12,13
202104,경상북도,봉화군,13,19
202104,경상북도,봉화군,14,25
202104,경상북도,봉화군,15,22
202104,경상북도,봉화군,16,24
202104,경상북도,봉화군,17,24
202104,경상북도,봉화군,18,16
202104,경상북도,봉화군,19,18
202104,경상북도,봉화군,20,17
202104,경상북도,봉화군,21,16
202104,경상북도,봉화군,22,12
202104,경상북도,봉화군,23,9
202104,경상북도,봉화군,24,1
202104,경상북도,봉화군,25,2
202104,경상북도,봉화군,26,4
202104,경상북도,봉화군,27,3
202104,경상북도,봉화군,28,1
202104,경상북도,봉화군,29,3
202104,경상북도,봉화군,30,2
202104,경상북도,봉화군,31,1
202104,경상북도,봉화군,32,2
202104,경상북도,봉화군,33,3
202104,경상북도,봉화군,34,5
202104,경상북도,봉화군,35,2
202104,경상북도,봉화군,36,6
202104,경상북도,봉화군,37,9
202104,경상북도,봉화군,38,3
202104,경상북도,봉화군,39,10
202104,경상북도,봉화군,40,8
202104,경상북도,봉화군,41,9
202104,경상북도,봉화군,42,10
202104,경상북도,봉화군,43,10
202104,경상북도,봉화군,44,12
202104,경상북도,봉화군,45,16
202104,경상북도,봉화군,46,16
202104,경상북도,봉화군,47,22
202104,경상북도,봉화군,48,17
202104,경상북도,봉화군,49,25
202104,경상북도,봉화군,50,14
202104,경상북도,봉화군,51,35
202104,경상북도,봉화군,52,29
202104,경상북도,봉화군,53,26
202104,경상북도,봉화군,54,25
202104,경상북도,봉화군,55,32
202104,경상북도,봉화군,56,32
202104,경상북도,봉화군,57,18
202104,경상북도,봉화군,58,37
202104,경상북도,봉화군,59,36
202104,경상북도,봉화군,60,36
202104,경상북도,봉화군,61,38
202104,경상북도,봉화군,62,32
202104,경상북도,봉화군,63,29
202104,경상북도,봉화군,64,24
202104,경상북도,봉화군,65,26
202104,경상북도,봉화군,66,43
202104,경상북도,봉화군,67,30
202104,경상북도,봉화군,68,25
202104,경상북도,봉화군,69,33
202104,경상북도,봉화군,70,22
202104,경상북도,봉화군,71,21
202104,경상북도,봉화군,72,20
202104,경상북도,봉화군,73,27
202104,경상북도,봉화군,74,29
202104,경상북도,봉화군,75,12
202104,경상북도,봉화군,76,19
202104,경상북도,봉화군,77,34
202104,경상북도,봉화군,78,37
202104,경상북도,봉화군,79,26
202104,경상북도,봉화군,80,30
202104,경상북도,봉화군,81,26
202104,경상북도,봉화군,82,34
202104,경상북도,봉화군,83,27
202104,경상북도,봉화군,84,27
202104,경상북도,봉화군,85,36
202104,경상북도,봉화군,86,30
202104,경상북도,봉화군,87,22
202104,경상북도,봉화군,88,16
202104,경상북도,봉화군,89,16
202104,경상북도,봉화군,90,18
202104,경상북도,봉화군,91,14
202104,경상북도,봉화군,92,4
202104,경상북도,봉화군,93,9
202104,경상북도,봉화군,94,4
202104,경상북도,봉화군,95,6
202104,경상북도,봉화군,96,3
202104,경상북도,봉화군,97,2
202104,경상북도,봉화군,98,1
202104,경상북도,봉화군,99,2
202104,경상북도,봉화군,100,2
202104,경상북도,봉화군,102,1
202104,경상북도,봉화군,105,1
202104,경상북도,봉화군,113,1
202104,경상북도,울진군,0,2
202104,경상북도,울진군,2,2
202104,경상북도,울진군,3,5
202104,경상북도,울진군,4,6
202104,경상북도,울진군,5,8
202104,경상북도,울진군,6,11
202104,경상북도,울진군,7,7
202104,경상북도,울진군,8,22
202104,경상북도,울진군,9,11
202104,경상북도,울진군,10,18
202104,경상북도,울진군,11,12
202104,경상북도,울진군,12,18
202104,경상북도,울진군,13,24
202104,경상북도,울진군,14,21
202104,경상북도,울진군,15,20
202104,경상북도,울진군,16,21
202104,경상북도,울진군,17,36
202104,경상북도,울진군,18,20
202104,경상북도,울진군,19,34
202104,경상북도,울진군,20,15
202104,경상북도,울진군,21,20
202104,경상북도,울진군,22,12
202104,경상북도,울진군,23,15
202104,경상북도,울진군,24,6
202104,경상북도,울진군,25,6
202104,경상북도,울진군,26,8
202104,경상북도,울진군,27,5
202104,경상북도,울진군,28,2
202104,경상북도,울진군,29,5
202104,경상북도,울진군,30,5
202104,경상북도,울진군,31,7
202104,경상북도,울진군,32,5
202104,경상북도,울진군,33,8
202104,경상북도,울진군,34,15
202104,경상북도,울진군,35,9
202104,경상북도,울진군,36,6
202104,경상북도,울진군,37,8
202104,경상북도,울진군,38,11
202104,경상북도,울진군,39,6
202104,경상북도,울진군,40,13
202104,경상북도,울진군,41,18
202104,경상북도,울진군,42,20
202104,경상북도,울진군,43,23
202104,경상북도,울진군,44,21
202104,경상북도,울진군,45,20
202104,경상북도,울진군,46,18
202104,경상북도,울진군,47,31
202104,경상북도,울진군,48,31
202104,경상북도,울진군,49,29
202104,경상북도,울진군,50,34
202104,경상북도,울진군,51,32
202104,경상북도,울진군,52,42
202104,경상북도,울진군,53,43
202104,경상북도,울진군,54,60
202104,경상북도,울진군,55,57
202104,경상북도,울진군,56,43
202104,경상북도,울진군,57,45
202104,경상북도,울진군,58,48
202104,경상북도,울진군,59,49
202104,경상북도,울진군,60,66
202104,경상북도,울진군,61,64
202104,경상북도,울진군,62,39
202104,경상북도,울진군,63,45
202104,경상북도,울진군,64,56
202104,경상북도,울진군,65,52
202104,경상북도,울진군,66,54
202104,경상북도,울진군,67,56
202104,경상북도,울진군,68,48
202104,경상북도,울진군,69,42
202104,경상북도,울진군,70,44
202104,경상북도,울진군,71,57
202104,경상북도,울진군,72,53
202104,경상북도,울진군,73,70
202104,경상북도,울진군,74,60
202104,경상북도,울진군,75,43
202104,경상북도,울진군,76,54
202104,경상북도,울진군,77,61
202104,경상북도,울진군,78,98
202104,경상북도,울진군,79,81
202104,경상북도,울진군,80,71
202104,경상북도,울진군,81,62
202104,경상북도,울진군,82,73
202104,경상북도,울진군,83,64
202104,경상북도,울진군,84,75
202104,경상북도,울진군,85,65
202104,경상북도,울진군,86,53
202104,경상북도,울진군,87,31
202104,경상북도,울진군,88,54
202104,경상북도,울진군,89,30
202104,경상북도,울진군,90,31
202104,경상북도,울진군,91,24
202104,경상북도,울진군,92,15
202104,경상북도,울진군,93,9
202104,경상북도,울진군,94,15
202104,경상북도,울진군,95,6
202104,경상북도,울진군,96,5
202104,경상북도,울진군,97,4
202104,경상북도,울진군,98,3
202104,경상북도,울진군,99,3
202104,경상북도,울진군,104,1
202104,경상북도,울릉군,2,1
202104,경상북도,울릉군,3,1
202104,경상북도,울릉군,6,2
202104,경상북도,울릉군,7,0
202104,경상북도,울릉군,8,1
202104,경상북도,울릉군,9,2
202104,경상북도,울릉군,10,3
202104,경상북도,울릉군,12,2
202104,경상북도,울릉군,13,6
202104,경상북도,울릉군,14,5
202104,경상북도,울릉군,15,1
202104,경상북도,울릉군,16,3
202104,경상북도,울릉군,17,4
202104,경상북도,울릉군,18,3
202104,경상북도,울릉군,19,2
202104,경상북도,울릉군,20,6
202104,경상북도,울릉군,21,1
202104,경상북도,울릉군,22,1
202104,경상북도,울릉군,24,2
202104,경상북도,울릉군,27,1
202104,경상북도,울릉군,30,1
202104,경상북도,울릉군,40,1
202104,경상북도,울릉군,41,2
202104,경상북도,울릉군,42,2
202104,경상북도,울릉군,43,2
202104,경상북도,울릉군,44,2
202104,경상북도,울릉군,45,2
202104,경상북도,울릉군,46,4
202104,경상북도,울릉군,47,3
202104,경상북도,울릉군,48,2
202104,경상북도,울릉군,49,2
202104,경상북도,울릉군,50,3
202104,경상북도,울릉군,51,1
202104,경상북도,울릉군,52,4
202104,경상북도,울릉군,53,3
202104,경상북도,울릉군,54,6
202104,경상북도,울릉군,55,5
202104,경상북도,울릉군,56,8
202104,경상북도,울릉군,57,2
202104,경상북도,울릉군,58,6
202104,경상북도,울릉군,59,6
202104,경상북도,울릉군,60,5
202104,경상북도,울릉군,61,5
202104,경상북도,울릉군,62,7
202104,경상북도,울릉군,63,5
202104,경상북도,울릉군,64,4
202104,경상북도,울릉군,65,7
202104,경상북도,울릉군,66,7
202104,경상북도,울릉군,67,7
202104,경상북도,울릉군,68,5
202104,경상북도,울릉군,69,10
202104,경상북도,울릉군,70,6
202104,경상북도,울릉군,71,4
202104,경상북도,울릉군,72,8
202104,경상북도,울릉군,73,8
202104,경상북도,울릉군,74,14
202104,경상북도,울릉군,75,4
202104,경상북도,울릉군,76,10
202104,경상북도,울릉군,77,12
202104,경상북도,울릉군,78,11
202104,경상북도,울릉군,79,9
202104,경상북도,울릉군,80,9
202104,경상북도,울릉군,81,14
202104,경상북도,울릉군,82,8
202104,경상북도,울릉군,83,4
202104,경상북도,울릉군,84,5
202104,경상북도,울릉군,85,7
202104,경상북도,울릉군,86,7
202104,경상북도,울릉군,87,4
202104,경상북도,울릉군,88,3
202104,경상북도,울릉군,89,4
202104,경상북도,울릉군,90,3
202104,경상북도,울릉군,92,3
202104,경상북도,울릉군,93,1
202104,경상북도,울릉군,96,1
202104,경상북도,울릉군,100,1
202104,경상남도,창원시,0,41
202104,경상남도,창원시,1,73
202104,경상남도,창원시,2,97
202104,경상남도,창원시,3,109
202104,경상남도,창원시,4,130
202104,경상남도,창원시,5,147
202104,경상남도,창원시,6,248
202104,경상남도,창원시,7,325
202104,경상남도,창원시,8,357
202104,경상남도,창원시,9,464
202104,경상남도,창원시,10,458
202104,경상남도,창원시,11,468
202104,경상남도,창원시,12,512
202104,경상남도,창원시,13,603
202104,경상남도,창원시,14,544
202104,경상남도,창원시,15,545
202104,경상남도,창원시,16,563
202104,경상남도,창원시,17,597
202104,경상남도,창원시,18,478
202104,경상남도,창원시,19,329
202104,경상남도,창원시,20,343
202104,경상남도,창원시,21,340
202104,경상남도,창원시,22,296
202104,경상남도,창원시,23,256
202104,경상남도,창원시,24,207
202104,경상남도,창원시,25,173
202104,경상남도,창원시,26,126
202104,경상남도,창원시,27,97
202104,경상남도,창원시,28,78
202104,경상남도,창원시,29,83
202104,경상남도,창원시,30,110
202104,경상남도,창원시,31,120
202104,경상남도,창원시,32,100
202104,경상남도,창원시,33,134
202104,경상남도,창원시,34,139
202104,경상남도,창원시,35,195
202104,경상남도,창원시,36,163
202104,경상남도,창원시,37,202
202104,경상남도,창원시,38,244
202104,경상남도,창원시,39,296
202104,경상남도,창원시,40,298
202104,경상남도,창원시,41,325
202104,경상남도,창원시,42,311
202104,경상남도,창원시,43,313
202104,경상남도,창원시,44,365
202104,경상남도,창원시,45,373
202104,경상남도,창원시,46,394
202104,경상남도,창원시,47,487
202104,경상남도,창원시,48,491
202104,경상남도,창원시,49,509
202104,경상남도,창원시,50,522
202104,경상남도,창원시,51,560
202104,경상남도,창원시,52,569
202104,경상남도,창원시,53,515
202104,경상남도,창원시,54,588
202104,경상남도,창원시,55,566
202104,경상남도,창원시,56,538
202104,경상남도,창원시,57,527
202104,경상남도,창원시,58,688
202104,경상남도,창원시,59,680
202104,경상남도,창원시,60,770
202104,경상남도,창원시,61,760
202104,경상남도,창원시,62,721
202104,경상남도,창원시,63,722
202104,경상남도,창원시,64,747
202104,경상남도,창원시,65,778
202104,경상남도,창원시,66,857
202104,경상남도,창원시,67,634
202104,경상남도,창원시,68,682
202104,경상남도,창원시,69,626
202104,경상남도,창원시,70,625
202104,경상남도,창원시,71,567
202104,경상남도,창원시,72,538
202104,경상남도,창원시,73,531
202104,경상남도,창원시,74,498
202104,경상남도,창원시,75,350
202104,경상남도,창원시,76,506
202104,경상남도,창원시,77,437
202104,경상남도,창원시,78,558
202104,경상남도,창원시,79,521
202104,경상남도,창원시,80,426
202104,경상남도,창원시,81,456
202104,경상남도,창원시,82,385
202104,경상남도,창원시,83,372
202104,경상남도,창원시,84,344
202104,경상남도,창원시,85,313
202104,경상남도,창원시,86,253
202104,경상남도,창원시,87,221
202104,경상남도,창원시,88,167
202104,경상남도,창원시,89,165
202104,경상남도,창원시,90,133
202104,경상남도,창원시,91,97
202104,경상남도,창원시,92,76
202104,경상남도,창원시,93,51
202104,경상남도,창원시,94,42
202104,경상남도,창원시,95,33
202104,경상남도,창원시,96,18
202104,경상남도,창원시,97,12
202104,경상남도,창원시,98,12
202104,경상남도,창원시,99,2
202104,경상남도,창원시,100,2
202104,경상남도,창원시,101,4
202104,경상남도,창원시,102,4
202104,경상남도,창원시,105,1
202104,경상남도,진주시,0,13
202104,경상남도,진주시,1,28
202104,경상남도,진주시,2,34
202104,경상남도,진주시,3,49
202104,경상남도,진주시,4,53
202104,경상남도,진주시,5,66
202104,경상남도,진주시,6,75
202104,경상남도,진주시,7,132
202104,경상남도,진주시,8,141
202104,경상남도,진주시,9,172
202104,경상남도,진주시,10,189
202104,경상남도,진주시,11,193
202104,경상남도,진주시,12,202
202104,경상남도,진주시,13,253
202104,경상남도,진주시,14,244
202104,경상남도,진주시,15,219
202104,경상남도,진주시,16,238
202104,경상남도,진주시,17,262
202104,경상남도,진주시,18,217
202104,경상남도,진주시,19,172
202104,경상남도,진주시,20,159
202104,경상남도,진주시,21,128
202104,경상남도,진주시,22,124
202104,경상남도,진주시,23,108
202104,경상남도,진주시,24,84
202104,경상남도,진주시,25,68
202104,경상남도,진주시,26,46
202104,경상남도,진주시,27,42
202104,경상남도,진주시,28,39
202104,경상남도,진주시,29,34
202104,경상남도,진주시,30,34
202104,경상남도,진주시,31,40
202104,경상남도,진주시,32,56
202104,경상남도,진주시,33,58
202104,경상남도,진주시,34,46
202104,경상남도,진주시,35,64
202104,경상남도,진주시,36,64
202104,경상남도,진주시,37,82
202104,경상남도,진주시,38,98
202104,경상남도,진주시,39,94
202104,경상남도,진주시,40,121
202104,경상남도,진주시,41,131
202104,경상남도,진주시,42,111
202104,경상남도,진주시,43,108
202104,경상남도,진주시,44,136
202104,경상남도,진주시,45,166
202104,경상남도,진주시,46,172
202104,경상남도,진주시,47,217
202104,경상남도,진주시,48,219
202104,경상남도,진주시,49,237
202104,경상남도,진주시,50,243
202104,경상남도,진주시,51,249
202104,경상남도,진주시,52,253
202104,경상남도,진주시,53,244
202104,경상남도,진주시,54,212
202104,경상남도,진주시,55,250
202104,경상남도,진주시,56,246
202104,경상남도,진주시,57,197
202104,경상남도,진주시,58,273
202104,경상남도,진주시,59,264
202104,경상남도,진주시,60,287
202104,경상남도,진주시,61,283
202104,경상남도,진주시,62,248
202104,경상남도,진주시,63,258
202104,경상남도,진주시,64,238
202104,경상남도,진주시,65,249
202104,경상남도,진주시,66,280
202104,경상남도,진주시,67,220
202104,경상남도,진주시,68,223
202104,경상남도,진주시,69,209
202104,경상남도,진주시,70,208
202104,경상남도,진주시,71,187
202104,경상남도,진주시,72,207
202104,경상남도,진주시,73,212
202104,경상남도,진주시,74,199
202104,경상남도,진주시,75,142
202104,경상남도,진주시,76,173
202104,경상남도,진주시,77,186
202104,경상남도,진주시,78,200
202104,경상남도,진주시,79,183
202104,경상남도,진주시,80,174
202104,경상남도,진주시,81,186
202104,경상남도,진주시,82,176
202104,경상남도,진주시,83,134
202104,경상남도,진주시,84,131
202104,경상남도,진주시,85,118
202104,경상남도,진주시,86,124
202104,경상남도,진주시,87,94
202104,경상남도,진주시,88,87
202104,경상남도,진주시,89,60
202104,경상남도,진주시,90,60
202104,경상남도,진주시,91,47
202104,경상남도,진주시,92,33
202104,경상남도,진주시,93,23
202104,경상남도,진주시,94,13
202104,경상남도,진주시,95,12
202104,경상남도,진주시,96,13
202104,경상남도,진주시,97,7
202104,경상남도,진주시,98,8
202104,경상남도,진주시,99,6
202104,경상남도,진주시,100,2
202104,경상남도,진주시,102,1
202104,경상남도,진주시,103,1
202104,경상남도,진주시,104,1
202104,경상남도,진주시,108,1
202104,경상남도,통영시,0,10
202104,경상남도,통영시,1,18
202104,경상남도,통영시,2,32
202104,경상남도,통영시,3,23
202104,경상남도,통영시,4,39
202104,경상남도,통영시,5,33
202104,경상남도,통영시,6,68
202104,경상남도,통영시,7,92
202104,경상남도,통영시,8,103
202104,경상남도,통영시,9,120
202104,경상남도,통영시,10,133
202104,경상남도,통영시,11,126
202104,경상남도,통영시,12,164
202104,경상남도,통영시,13,160
202104,경상남도,통영시,14,128
202104,경상남도,통영시,15,129
202104,경상남도,통영시,16,128
202104,경상남도,통영시,17,130
202104,경상남도,통영시,18,148
202104,경상남도,통영시,19,95
202104,경상남도,통영시,20,93
202104,경상남도,통영시,21,95
202104,경상남도,통영시,22,63
202104,경상남도,통영시,23,66
202104,경상남도,통영시,24,43
202104,경상남도,통영시,25,24
202104,경상남도,통영시,26,24
202104,경상남도,통영시,27,15
202104,경상남도,통영시,28,24
202104,경상남도,통영시,29,21
202104,경상남도,통영시,30,16
202104,경상남도,통영시,31,29
202104,경상남도,통영시,32,19
202104,경상남도,통영시,33,29
202104,경상남도,통영시,34,27
202104,경상남도,통영시,35,35
202104,경상남도,통영시,36,34
202104,경상남도,통영시,37,40
202104,경상남도,통영시,38,76
202104,경상남도,통영시,39,67
202104,경상남도,통영시,40,75
202104,경상남도,통영시,41,94
202104,경상남도,통영시,42,70
202104,경상남도,통영시,43,62
202104,경상남도,통영시,44,71
202104,경상남도,통영시,45,92
202104,경상남도,통영시,46,102
202104,경상남도,통영시,47,132
202104,경상남도,통영시,48,126
202104,경상남도,통영시,49,107
202104,경상남도,통영시,50,91
202104,경상남도,통영시,51,115
202104,경상남도,통영시,52,130
202104,경상남도,통영시,53,116
202104,경상남도,통영시,54,142
202104,경상남도,통영시,55,125
202104,경상남도,통영시,56,141
202104,경상남도,통영시,57,101
202104,경상남도,통영시,58,136
202104,경상남도,통영시,59,155
202104,경상남도,통영시,60,167
202104,경상남도,통영시,61,176
202104,경상남도,통영시,62,142
202104,경상남도,통영시,63,118
202104,경상남도,통영시,64,154
202104,경상남도,통영시,65,155
202104,경상남도,통영시,66,164
202104,경상남도,통영시,67,125
202104,경상남도,통영시,68,150
202104,경상남도,통영시,69,118
202104,경상남도,통영시,70,139
202104,경상남도,통영시,71,135
202104,경상남도,통영시,72,125
202104,경상남도,통영시,73,142
202104,경상남도,통영시,74,105
202104,경상남도,통영시,75,55
202104,경상남도,통영시,76,116
202104,경상남도,통영시,77,90
202104,경상남도,통영시,78,121
202104,경상남도,통영시,79,103
202104,경상남도,통영시,80,106
202104,경상남도,통영시,81,86
202104,경상남도,통영시,82,98
202104,경상남도,통영시,83,68
202104,경상남도,통영시,84,58
202104,경상남도,통영시,85,72
202104,경상남도,통영시,86,56
202104,경상남도,통영시,87,41
202104,경상남도,통영시,88,47
202104,경상남도,통영시,89,24
202104,경상남도,통영시,90,24
202104,경상남도,통영시,91,21
202104,경상남도,통영시,92,18
202104,경상남도,통영시,93,15
202104,경상남도,통영시,94,9
202104,경상남도,통영시,95,3
202104,경상남도,통영시,96,3
202104,경상남도,통영시,97,3
202104,경상남도,통영시,98,3
202104,경상남도,통영시,99,3
202104,경상남도,통영시,100,1
202104,경상남도,통영시,101,2
202104,경상남도,통영시,102,1
202104,경상남도,통영시,104,1
202104,경상남도,사천시,0,12
202104,경상남도,사천시,1,13
202104,경상남도,사천시,2,13
202104,경상남도,사천시,3,16
202104,경상남도,사천시,4,21
202104,경상남도,사천시,5,16
202104,경상남도,사천시,6,36
202104,경상남도,사천시,7,50
202104,경상남도,사천시,8,66
202104,경상남도,사천시,9,60
202104,경상남도,사천시,10,78
202104,경상남도,사천시,11,58
202104,경상남도,사천시,12,74
202104,경상남도,사천시,13,70
202104,경상남도,사천시,14,77
202104,경상남도,사천시,15,78
202104,경상남도,사천시,16,79
202104,경상남도,사천시,17,111
202104,경상남도,사천시,18,75
202104,경상남도,사천시,19,36
202104,경상남도,사천시,20,47
202104,경상남도,사천시,21,37
202104,경상남도,사천시,22,28
202104,경상남도,사천시,23,34
202104,경상남도,사천시,24,25
202104,경상남도,사천시,25,16
202104,경상남도,사천시,26,12
202104,경상남도,사천시,27,16
202104,경상남도,사천시,28,11
202104,경상남도,사천시,29,12
202104,경상남도,사천시,30,8
202104,경상남도,사천시,31,17
202104,경상남도,사천시,32,14
202104,경상남도,사천시,33,12
202104,경상남도,사천시,34,15
202104,경상남도,사천시,35,23
202104,경상남도,사천시,36,17
202104,경상남도,사천시,37,31
202104,경상남도,사천시,38,33
202104,경상남도,사천시,39,34
202104,경상남도,사천시,40,36
202104,경상남도,사천시,41,43
202104,경상남도,사천시,42,57
202104,경상남도,사천시,43,44
202104,경상남도,사천시,44,54
202104,경상남도,사천시,45,54
202104,경상남도,사천시,46,59
202104,경상남도,사천시,47,60
202104,경상남도,사천시,48,77
202104,경상남도,사천시,49,61
202104,경상남도,사천시,50,86
202104,경상남도,사천시,51,76
202104,경상남도,사천시,52,100
202104,경상남도,사천시,53,82
202104,경상남도,사천시,54,80
202104,경상남도,사천시,55,106
202104,경상남도,사천시,56,73
202104,경상남도,사천시,57,79
202104,경상남도,사천시,58,128
202104,경상남도,사천시,59,111
202104,경상남도,사천시,60,121
202104,경상남도,사천시,61,112
202104,경상남도,사천시,62,97
202104,경상남도,사천시,63,97
202104,경상남도,사천시,64,113
202104,경상남도,사천시,65,103
202104,경상남도,사천시,66,118
202104,경상남도,사천시,67,91
202104,경상남도,사천시,68,88
202104,경상남도,사천시,69,112
202104,경상남도,사천시,70,89
202104,경상남도,사천시,71,98
202104,경상남도,사천시,72,87
202104,경상남도,사천시,73,106
202104,경상남도,사천시,74,90
202104,경상남도,사천시,75,66
202104,경상남도,사천시,76,81
202104,경상남도,사천시,77,70
202104,경상남도,사천시,78,112
202104,경상남도,사천시,79,96
202104,경상남도,사천시,80,97
202104,경상남도,사천시,81,73
202104,경상남도,사천시,82,65
202104,경상남도,사천시,83,90
202104,경상남도,사천시,84,56
202104,경상남도,사천시,85,74
202104,경상남도,사천시,86,51
202104,경상남도,사천시,87,49
202104,경상남도,사천시,88,45
202104,경상남도,사천시,89,37
202104,경상남도,사천시,90,22
202104,경상남도,사천시,91,15
202104,경상남도,사천시,92,12
202104,경상남도,사천시,93,6
202104,경상남도,사천시,94,2
202104,경상남도,사천시,95,7
202104,경상남도,사천시,96,8
202104,경상남도,사천시,97,2
202104,경상남도,사천시,98,5
202104,경상남도,사천시,99,3
202104,경상남도,사천시,103,1
202104,경상남도,김해시,0,41
202104,경상남도,김해시,1,59
202104,경상남도,김해시,2,76
202104,경상남도,김해시,3,81
202104,경상남도,김해시,4,124
202104,경상남도,김해시,5,131
202104,경상남도,김해시,6,164
202104,경상남도,김해시,7,245
202104,경상남도,김해시,8,306
202104,경상남도,김해시,9,328
202104,경상남도,김해시,10,356
202104,경상남도,김해시,11,356
202104,경상남도,김해시,12,371
202104,경상남도,김해시,13,444
202104,경상남도,김해시,14,402
202104,경상남도,김해시,15,382
202104,경상남도,김해시,16,422
202104,경상남도,김해시,17,466
202104,경상남도,김해시,18,320
202104,경상남도,김해시,19,265
202104,경상남도,김해시,20,220
202104,경상남도,김해시,21,233
202104,경상남도,김해시,22,221
202104,경상남도,김해시,23,206
202104,경상남도,김해시,24,150
202104,경상남도,김해시,25,121
202104,경상남도,김해시,26,112
202104,경상남도,김해시,27,76
202104,경상남도,김해시,28,90
202104,경상남도,김해시,29,70
202104,경상남도,김해시,30,67
202104,경상남도,김해시,31,71
202104,경상남도,김해시,32,88
202104,경상남도,김해시,33,87
202104,경상남도,김해시,34,93
202104,경상남도,김해시,35,122
202104,경상남도,김해시,36,108
202104,경상남도,김해시,37,115
202104,경상남도,김해시,38,181
202104,경상남도,김해시,39,175
202104,경상남도,김해시,40,195
202104,경상남도,김해시,41,234
202104,경상남도,김해시,42,205
202104,경상남도,김해시,43,232
202104,경상남도,김해시,44,226
202104,경상남도,김해시,45,260
202104,경상남도,김해시,46,304
202104,경상남도,김해시,47,336
202104,경상남도,김해시,48,343
202104,경상남도,김해시,49,329
202104,경상남도,김해시,50,358
202104,경상남도,김해시,51,398
202104,경상남도,김해시,52,384
202104,경상남도,김해시,53,358
202104,경상남도,김해시,54,358
202104,경상남도,김해시,55,337
202104,경상남도,김해시,56,359
202104,경상남도,김해시,57,287
202104,경상남도,김해시,58,405
202104,경상남도,김해시,59,387
202104,경상남도,김해시,60,429
202104,경상남도,김해시,61,420
202104,경상남도,김해시,62,337
202104,경상남도,김해시,63,413
202104,경상남도,김해시,64,376
202104,경상남도,김해시,65,405
202104,경상남도,김해시,66,412
202104,경상남도,김해시,67,320
202104,경상남도,김해시,68,390
202104,경상남도,김해시,69,332
202104,경상남도,김해시,70,304
202104,경상남도,김해시,71,318
202104,경상남도,김해시,72,321
202104,경상남도,김해시,73,333
202104,경상남도,김해시,74,295
202104,경상남도,김해시,75,204
202104,경상남도,김해시,76,296
202104,경상남도,김해시,77,298
202104,경상남도,김해시,78,352
202104,경상남도,김해시,79,300
202104,경상남도,김해시,80,284
202104,경상남도,김해시,81,243
202104,경상남도,김해시,82,246
202104,경상남도,김해시,83,225
202104,경상남도,김해시,84,226
202104,경상남도,김해시,85,191
202104,경상남도,김해시,86,191
202104,경상남도,김해시,87,130
202104,경상남도,김해시,88,139
202104,경상남도,김해시,89,110
202104,경상남도,김해시,90,90
202104,경상남도,김해시,91,40
202104,경상남도,김해시,92,58
202104,경상남도,김해시,93,38
202104,경상남도,김해시,94,26
202104,경상남도,김해시,95,12
202104,경상남도,김해시,96,16
202104,경상남도,김해시,97,11
202104,경상남도,김해시,98,5
202104,경상남도,김해시,99,4
202104,경상남도,김해시,100,4
202104,경상남도,김해시,101,1
202104,경상남도,김해시,102,2
202104,경상남도,김해시,105,1
202104,경상남도,밀양시,0,4
202104,경상남도,밀양시,1,7
202104,경상남도,밀양시,2,11
202104,경상남도,밀양시,3,8
202104,경상남도,밀양시,4,12
202104,경상남도,밀양시,5,13
202104,경상남도,밀양시,6,26
202104,경상남도,밀양시,7,43
202104,경상남도,밀양시,8,48
202104,경상남도,밀양시,9,50
202104,경상남도,밀양시,10,61
202104,경상남도,밀양시,11,50
202104,경상남도,밀양시,12,68
202104,경상남도,밀양시,13,82
202104,경상남도,밀양시,14,75
202104,경상남도,밀양시,15,92
202104,경상남도,밀양시,16,88
202104,경상남도,밀양시,17,86
202104,경상남도,밀양시,18,57
202104,경상남도,밀양시,19,43
202104,경상남도,밀양시,20,53
202104,경상남도,밀양시,21,43
202104,경상남도,밀양시,22,42
202104,경상남도,밀양시,23,21
202104,경상남도,밀양시,24,29
202104,경상남도,밀양시,25,20
202104,경상남도,밀양시,26,14
202104,경상남도,밀양시,27,11
202104,경상남도,밀양시,28,13
202104,경상남도,밀양시,29,7
202104,경상남도,밀양시,30,1
202104,경상남도,밀양시,31,12
202104,경상남도,밀양시,32,4
202104,경상남도,밀양시,33,14
202104,경상남도,밀양시,34,14
202104,경상남도,밀양시,35,26
202104,경상남도,밀양시,36,21
202104,경상남도,밀양시,37,27
202104,경상남도,밀양시,38,35
202104,경상남도,밀양시,39,30
202104,경상남도,밀양시,40,48
202104,경상남도,밀양시,41,47
202104,경상남도,밀양시,42,44
202104,경상남도,밀양시,43,48
202104,경상남도,밀양시,44,43
202104,경상남도,밀양시,45,59
202104,경상남도,밀양시,46,56
202104,경상남도,밀양시,47,71
202104,경상남도,밀양시,48,68
202104,경상남도,밀양시,49,59
202104,경상남도,밀양시,50,60
202104,경상남도,밀양시,51,101
202104,경상남도,밀양시,52,78
202104,경상남도,밀양시,53,81
202104,경상남도,밀양시,54,89
202104,경상남도,밀양시,55,101
202104,경상남도,밀양시,56,112
202104,경상남도,밀양시,57,106
202104,경상남도,밀양시,58,114
202104,경상남도,밀양시,59,105
202104,경상남도,밀양시,60,119
202104,경상남도,밀양시,61,119
202104,경상남도,밀양시,62,116
202104,경상남도,밀양시,63,114
202104,경상남도,밀양시,64,112
202104,경상남도,밀양시,65,122
202104,경상남도,밀양시,66,131
202104,경상남도,밀양시,67,104
202104,경상남도,밀양시,68,118
202104,경상남도,밀양시,69,108
202104,경상남도,밀양시,70,97
202104,경상남도,밀양시,71,101
202104,경상남도,밀양시,72,123
202104,경상남도,밀양시,73,113
202104,경상남도,밀양시,74,103
202104,경상남도,밀양시,75,72
202104,경상남도,밀양시,76,96
202104,경상남도,밀양시,77,94
202104,경상남도,밀양시,78,124
202104,경상남도,밀양시,79,130
202104,경상남도,밀양시,80,95
202104,경상남도,밀양시,81,122
202104,경상남도,밀양시,82,103
202104,경상남도,밀양시,83,94
202104,경상남도,밀양시,84,108
202104,경상남도,밀양시,85,85
202104,경상남도,밀양시,86,75
202104,경상남도,밀양시,87,57
202104,경상남도,밀양시,88,59
202104,경상남도,밀양시,89,41
202104,경상남도,밀양시,90,35
202104,경상남도,밀양시,91,38
202104,경상남도,밀양시,92,22
202104,경상남도,밀양시,93,15
202104,경상남도,밀양시,94,14
202104,경상남도,밀양시,95,5
202104,경상남도,밀양시,96,3
202104,경상남도,밀양시,97,7
202104,경상남도,밀양시,98,5
202104,경상남도,밀양시,99,1
202104,경상남도,밀양시,100,2
202104,경상남도,밀양시,105,1
202104,경상남도,밀양시,106,1
202104,경상남도,밀양시,107,1
202104,경상남도,거제시,0,14
202104,경상남도,거제시,1,15
202104,경상남도,거제시,2,29
202104,경상남도,거제시,3,37
202104,경상남도,거제시,4,45
202104,경상남도,거제시,5,68
202104,경상남도,거제시,6,87
202104,경상남도,거제시,7,112
202104,경상남도,거제시,8,127
202104,경상남도,거제시,9,145
202104,경상남도,거제시,10,178
202104,경상남도,거제시,11,118
202104,경상남도,거제시,12,145
202104,경상남도,거제시,13,172
202104,경상남도,거제시,14,158
202104,경상남도,거제시,15,145
202104,경상남도,거제시,16,153
202104,경상남도,거제시,17,171
202104,경상남도,거제시,18,90
202104,경상남도,거제시,19,88
202104,경상남도,거제시,20,75
202104,경상남도,거제시,21,74
202104,경상남도,거제시,22,45
202104,경상남도,거제시,23,45
202104,경상남도,거제시,24,32
202104,경상남도,거제시,25,29
202104,경상남도,거제시,26,20
202104,경상남도,거제시,27,12
202104,경상남도,거제시,28,27
202104,경상남도,거제시,29,23
202104,경상남도,거제시,30,22
202104,경상남도,거제시,31,21
202104,경상남도,거제시,32,28
202104,경상남도,거제시,33,37
202104,경상남도,거제시,34,31
202104,경상남도,거제시,35,43
202104,경상남도,거제시,36,37
202104,경상남도,거제시,37,47
202104,경상남도,거제시,38,65
202104,경상남도,거제시,39,66
202104,경상남도,거제시,40,86
202104,경상남도,거제시,41,79
202104,경상남도,거제시,42,80
202104,경상남도,거제시,43,121
202104,경상남도,거제시,44,82
202104,경상남도,거제시,45,94
202104,경상남도,거제시,46,108
202104,경상남도,거제시,47,109
202104,경상남도,거제시,48,107
202104,경상남도,거제시,49,114
202104,경상남도,거제시,50,114
202104,경상남도,거제시,51,120
202104,경상남도,거제시,52,122
202104,경상남도,거제시,53,104
202104,경상남도,거제시,54,104
202104,경상남도,거제시,55,104
202104,경상남도,거제시,56,96
202104,경상남도,거제시,57,87
202104,경상남도,거제시,58,122
202104,경상남도,거제시,59,111
202104,경상남도,거제시,60,136
202104,경상남도,거제시,61,138
202104,경상남도,거제시,62,113
202104,경상남도,거제시,63,121
202104,경상남도,거제시,64,149
202104,경상남도,거제시,65,108
202104,경상남도,거제시,66,145
202104,경상남도,거제시,67,92
202104,경상남도,거제시,68,117
202104,경상남도,거제시,69,95
202104,경상남도,거제시,70,65
202104,경상남도,거제시,71,82
202104,경상남도,거제시,72,101
202104,경상남도,거제시,73,74
202104,경상남도,거제시,74,83
202104,경상남도,거제시,75,48
202104,경상남도,거제시,76,88
202104,경상남도,거제시,77,67
202104,경상남도,거제시,78,89
202104,경상남도,거제시,79,67
202104,경상남도,거제시,80,62
202104,경상남도,거제시,81,50
202104,경상남도,거제시,82,52
202104,경상남도,거제시,83,64
202104,경상남도,거제시,84,55
202104,경상남도,거제시,85,63
202104,경상남도,거제시,86,47
202104,경상남도,거제시,87,34
202104,경상남도,거제시,88,45
202104,경상남도,거제시,89,26
202104,경상남도,거제시,90,20
202104,경상남도,거제시,91,22
202104,경상남도,거제시,92,20
202104,경상남도,거제시,93,8
202104,경상남도,거제시,94,7
202104,경상남도,거제시,95,3
202104,경상남도,거제시,96,6
202104,경상남도,거제시,97,4
202104,경상남도,거제시,98,5
202104,경상남도,거제시,99,1
202104,경상남도,거제시,100,1
202104,경상남도,거제시,103,1
202104,경상남도,양산시,0,18
202104,경상남도,양산시,1,27
202104,경상남도,양산시,2,45
202104,경상남도,양산시,3,50
202104,경상남도,양산시,4,57
202104,경상남도,양산시,5,80
202104,경상남도,양산시,6,97
202104,경상남도,양산시,7,112
202104,경상남도,양산시,8,139
202104,경상남도,양산시,9,163
202104,경상남도,양산시,10,154
202104,경상남도,양산시,11,165
202104,경상남도,양산시,12,160
202104,경상남도,양산시,13,202
202104,경상남도,양산시,14,180
202104,경상남도,양산시,15,199
202104,경상남도,양산시,16,165
202104,경상남도,양산시,17,203
202104,경상남도,양산시,18,141
202104,경상남도,양산시,19,130
202104,경상남도,양산시,20,111
202104,경상남도,양산시,21,119
202104,경상남도,양산시,22,101
202104,경상남도,양산시,23,88
202104,경상남도,양산시,24,62
202104,경상남도,양산시,25,58
202104,경상남도,양산시,26,45
202104,경상남도,양산시,27,42
202104,경상남도,양산시,28,32
202104,경상남도,양산시,29,29
202104,경상남도,양산시,30,39
202104,경상남도,양산시,31,53
202104,경상남도,양산시,32,41
202104,경상남도,양산시,33,48
202104,경상남도,양산시,34,45
202104,경상남도,양산시,35,60
202104,경상남도,양산시,36,58
202104,경상남도,양산시,37,62
202104,경상남도,양산시,38,104
202104,경상남도,양산시,39,98
202104,경상남도,양산시,40,108
202104,경상남도,양산시,41,113
202104,경상남도,양산시,42,110
202104,경상남도,양산시,43,148
202104,경상남도,양산시,44,133
202104,경상남도,양산시,45,133
202104,경상남도,양산시,46,145
202104,경상남도,양산시,47,181
202104,경상남도,양산시,48,176
202104,경상남도,양산시,49,183
202104,경상남도,양산시,50,187
202104,경상남도,양산시,51,196
202104,경상남도,양산시,52,204
202104,경상남도,양산시,53,230
202104,경상남도,양산시,54,187
202104,경상남도,양산시,55,192
202104,경상남도,양산시,56,200
202104,경상남도,양산시,57,194
202104,경상남도,양산시,58,215
202104,경상남도,양산시,59,235
202104,경상남도,양산시,60,241
202104,경상남도,양산시,61,249
202104,경상남도,양산시,62,244
202104,경상남도,양산시,63,225
202104,경상남도,양산시,64,235
202104,경상남도,양산시,65,247
202104,경상남도,양산시,66,277
202104,경상남도,양산시,67,210
202104,경상남도,양산시,68,221
202104,경상남도,양산시,69,201
202104,경상남도,양산시,70,218
202104,경상남도,양산시,71,210
202104,경상남도,양산시,72,216
202104,경상남도,양산시,73,203
202104,경상남도,양산시,74,215
202104,경상남도,양산시,75,172
202104,경상남도,양산시,76,212
202104,경상남도,양산시,77,237
202104,경상남도,양산시,78,279
202104,경상남도,양산시,79,236
202104,경상남도,양산시,80,231
202104,경상남도,양산시,81,195
202104,경상남도,양산시,82,158
202104,경상남도,양산시,83,167
202104,경상남도,양산시,84,168
202104,경상남도,양산시,85,149
202104,경상남도,양산시,86,122
202104,경상남도,양산시,87,105
202104,경상남도,양산시,88,73
202104,경상남도,양산시,89,77
202104,경상남도,양산시,90,60
202104,경상남도,양산시,91,40
202104,경상남도,양산시,92,30
202104,경상남도,양산시,93,26
202104,경상남도,양산시,94,21
202104,경상남도,양산시,95,15
202104,경상남도,양산시,96,11
202104,경상남도,양산시,97,7
202104,경상남도,양산시,98,10
202104,경상남도,양산시,99,8
202104,경상남도,양산시,101,2
202104,경상남도,의령군,2,2
202104,경상남도,의령군,3,1
202104,경상남도,의령군,4,1
202104,경상남도,의령군,5,2
202104,경상남도,의령군,6,6
202104,경상남도,의령군,7,10
202104,경상남도,의령군,8,12
202104,경상남도,의령군,9,11
202104,경상남도,의령군,10,11
202104,경상남도,의령군,11,16
202104,경상남도,의령군,12,8
202104,경상남도,의령군,13,12
202104,경상남도,의령군,14,14
202104,경상남도,의령군,15,10
202104,경상남도,의령군,16,12
202104,경상남도,의령군,17,14
202104,경상남도,의령군,18,10
202104,경상남도,의령군,19,7
202104,경상남도,의령군,20,9
202104,경상남도,의령군,21,10
202104,경상남도,의령군,22,5
202104,경상남도,의령군,23,3
202104,경상남도,의령군,24,4
202104,경상남도,의령군,25,5
202104,경상남도,의령군,26,5
202104,경상남도,의령군,27,3
202104,경상남도,의령군,28,2
202104,경상남도,의령군,29,2
202104,경상남도,의령군,30,3
202104,경상남도,의령군,31,5
202104,경상남도,의령군,32,7
202104,경상남도,의령군,33,5
202104,경상남도,의령군,34,4
202104,경상남도,의령군,35,7
202104,경상남도,의령군,36,7
202104,경상남도,의령군,37,3
202104,경상남도,의령군,38,6
202104,경상남도,의령군,39,6
202104,경상남도,의령군,40,7
202104,경상남도,의령군,41,5
202104,경상남도,의령군,42,8
202104,경상남도,의령군,43,11
202104,경상남도,의령군,44,11
202104,경상남도,의령군,45,14
202104,경상남도,의령군,46,13
202104,경상남도,의령군,47,18
202104,경상남도,의령군,48,15
202104,경상남도,의령군,49,23
202104,경상남도,의령군,50,17
202104,경상남도,의령군,51,12
202104,경상남도,의령군,52,22
202104,경상남도,의령군,53,20
202104,경상남도,의령군,54,22
202104,경상남도,의령군,55,19
202104,경상남도,의령군,56,28
202104,경상남도,의령군,57,26
202104,경상남도,의령군,58,28
202104,경상남도,의령군,59,28
202104,경상남도,의령군,60,32
202104,경상남도,의령군,61,30
202104,경상남도,의령군,62,24
202104,경상남도,의령군,63,30
202104,경상남도,의령군,64,31
202104,경상남도,의령군,65,28
202104,경상남도,의령군,66,35
202104,경상남도,의령군,67,23
202104,경상남도,의령군,68,26
202104,경상남도,의령군,69,19
202104,경상남도,의령군,70,27
202104,경상남도,의령군,71,21
202104,경상남도,의령군,72,27
202104,경상남도,의령군,73,25
202104,경상남도,의령군,74,20
202104,경상남도,의령군,75,17
202104,경상남도,의령군,76,18
202104,경상남도,의령군,77,24
202104,경상남도,의령군,78,44
202104,경상남도,의령군,79,38
202104,경상남도,의령군,80,36
202104,경상남도,의령군,81,33
202104,경상남도,의령군,82,29
202104,경상남도,의령군,83,35
202104,경상남도,의령군,84,33
202104,경상남도,의령군,85,32
202104,경상남도,의령군,86,30
202104,경상남도,의령군,87,32
202104,경상남도,의령군,88,26
202104,경상남도,의령군,89,20
202104,경상남도,의령군,90,16
202104,경상남도,의령군,91,15
202104,경상남도,의령군,92,12
202104,경상남도,의령군,93,3
202104,경상남도,의령군,94,6
202104,경상남도,의령군,95,3
202104,경상남도,의령군,96,1
202104,경상남도,의령군,97,1
202104,경상남도,의령군,98,1
202104,경상남도,의령군,99,1
202104,경상남도,함안군,0,2
202104,경상남도,함안군,1,4
202104,경상남도,함안군,2,5
202104,경상남도,함안군,3,8
202104,경상남도,함안군,4,8
202104,경상남도,함안군,5,9
202104,경상남도,함안군,6,16
202104,경상남도,함안군,7,23
202104,경상남도,함안군,8,28
202104,경상남도,함안군,9,31
202104,경상남도,함안군,10,39
202104,경상남도,함안군,11,33
202104,경상남도,함안군,12,42
202104,경상남도,함안군,13,46
202104,경상남도,함안군,14,36
202104,경상남도,함안군,15,40
202104,경상남도,함안군,16,46
202104,경상남도,함안군,17,47
202104,경상남도,함안군,18,29
202104,경상남도,함안군,19,27
202104,경상남도,함안군,20,20
202104,경상남도,함안군,21,21
202104,경상남도,함안군,22,21
202104,경상남도,함안군,23,16
202104,경상남도,함안군,24,9
202104,경상남도,함안군,25,18
202104,경상남도,함안군,26,6
202104,경상남도,함안군,27,5
202104,경상남도,함안군,28,4
202104,경상남도,함안군,29,5
202104,경상남도,함안군,30,10
202104,경상남도,함안군,31,8
202104,경상남도,함안군,32,8
202104,경상남도,함안군,33,7
202104,경상남도,함안군,34,4
202104,경상남도,함안군,35,9
202104,경상남도,함안군,36,7
202104,경상남도,함안군,37,7
202104,경상남도,함안군,38,14
202104,경상남도,함안군,39,21
202104,경상남도,함안군,40,17
202104,경상남도,함안군,41,20
202104,경상남도,함안군,42,16
202104,경상남도,함안군,43,24
202104,경상남도,함안군,44,24
202104,경상남도,함안군,45,26
202104,경상남도,함안군,46,17
202104,경상남도,함안군,47,33
202104,경상남도,함안군,48,27
202104,경상남도,함안군,49,36
202104,경상남도,함안군,50,33
202104,경상남도,함안군,51,34
202104,경상남도,함안군,52,48
202104,경상남도,함안군,53,48
202104,경상남도,함안군,54,53
202104,경상남도,함안군,55,42
202104,경상남도,함안군,56,58
202104,경상남도,함안군,57,34
202104,경상남도,함안군,58,56
202104,경상남도,함안군,59,54
202104,경상남도,함안군,60,64
202104,경상남도,함안군,61,57
202104,경상남도,함안군,62,57
202104,경상남도,함안군,63,58
202104,경상남도,함안군,64,48
202104,경상남도,함안군,65,74
202104,경상남도,함안군,66,69
202104,경상남도,함안군,67,56
202104,경상남도,함안군,68,63
202104,경상남도,함안군,69,54
202104,경상남도,함안군,70,48
202104,경상남도,함안군,71,56
202104,경상남도,함안군,72,49
202104,경상남도,함안군,73,50
202104,경상남도,함안군,74,46
202104,경상남도,함안군,75,43
202104,경상남도,함안군,76,43
202104,경상남도,함안군,77,52
202104,경상남도,함안군,78,68
202104,경상남도,함안군,79,69
202104,경상남도,함안군,80,54
202104,경상남도,함안군,81,53
202104,경상남도,함안군,82,49
202104,경상남도,함안군,83,51
202104,경상남도,함안군,84,54
202104,경상남도,함안군,85,37
202104,경상남도,함안군,86,40
202104,경상남도,함안군,87,37
202104,경상남도,함안군,88,25
202104,경상남도,함안군,89,26
202104,경상남도,함안군,90,23
202104,경상남도,함안군,91,18
202104,경상남도,함안군,92,15
202104,경상남도,함안군,93,11
202104,경상남도,함안군,95,7
202104,경상남도,함안군,96,4
202104,경상남도,함안군,97,4
202104,경상남도,함안군,98,1
202104,경상남도,함안군,99,1
202104,경상남도,함안군,101,1
202104,경상남도,창녕군,0,2
202104,경상남도,창녕군,1,5
202104,경상남도,창녕군,2,7
202104,경상남도,창녕군,3,8
202104,경상남도,창녕군,4,8
202104,경상남도,창녕군,5,11
202104,경상남도,창녕군,6,15
202104,경상남도,창녕군,7,30
202104,경상남도,창녕군,8,23
202104,경상남도,창녕군,9,34
202104,경상남도,창녕군,10,48
202104,경상남도,창녕군,11,34
202104,경상남도,창녕군,12,39
202104,경상남도,창녕군,13,41
202104,경상남도,창녕군,14,36
202104,경상남도,창녕군,15,47
202104,경상남도,창녕군,16,27
202104,경상남도,창녕군,17,36
202104,경상남도,창녕군,18,37
202104,경상남도,창녕군,19,31
202104,경상남도,창녕군,20,19
202104,경상남도,창녕군,21,20
202104,경상남도,창녕군,22,17
202104,경상남도,창녕군,23,20
202104,경상남도,창녕군,24,12
202104,경상남도,창녕군,25,9
202104,경상남도,창녕군,26,6
202104,경상남도,창녕군,27,3
202104,경상남도,창녕군,28,4
202104,경상남도,창녕군,29,6
202104,경상남도,창녕군,30,9
202104,경상남도,창녕군,31,7
202104,경상남도,창녕군,32,8
202104,경상남도,창녕군,33,9
202104,경상남도,창녕군,34,8
202104,경상남도,창녕군,35,17
202104,경상남도,창녕군,36,11
202104,경상남도,창녕군,37,7
202104,경상남도,창녕군,38,13
202104,경상남도,창녕군,39,21
202104,경상남도,창녕군,40,20
202104,경상남도,창녕군,41,26
202104,경상남도,창녕군,42,25
202104,경상남도,창녕군,43,24
202104,경상남도,창녕군,44,17
202104,경상남도,창녕군,45,27
202104,경상남도,창녕군,46,26
202104,경상남도,창녕군,47,33
202104,경상남도,창녕군,48,33
202104,경상남도,창녕군,49,44
202104,경상남도,창녕군,50,45
202104,경상남도,창녕군,51,58
202104,경상남도,창녕군,52,54
202104,경상남도,창녕군,53,42
202104,경상남도,창녕군,54,55
202104,경상남도,창녕군,55,43
202104,경상남도,창녕군,56,49
202104,경상남도,창녕군,57,71
202104,경상남도,창녕군,58,58
202104,경상남도,창녕군,59,75
202104,경상남도,창녕군,60,71
202104,경상남도,창녕군,61,59
202104,경상남도,창녕군,62,76
202104,경상남도,창녕군,63,56
202104,경상남도,창녕군,64,65
202104,경상남도,창녕군,65,65
202104,경상남도,창녕군,66,80
202104,경상남도,창녕군,67,52
202104,경상남도,창녕군,68,59
202104,경상남도,창녕군,69,53
202104,경상남도,창녕군,70,57
202104,경상남도,창녕군,71,56
202104,경상남도,창녕군,72,67
202104,경상남도,창녕군,73,55
202104,경상남도,창녕군,74,45
202104,경상남도,창녕군,75,27
202104,경상남도,창녕군,76,50
202104,경상남도,창녕군,77,56
202104,경상남도,창녕군,78,82
202104,경상남도,창녕군,79,67
202104,경상남도,창녕군,80,62
202104,경상남도,창녕군,81,57
202104,경상남도,창녕군,82,63
202104,경상남도,창녕군,83,57
202104,경상남도,창녕군,84,48
202104,경상남도,창녕군,85,40
202104,경상남도,창녕군,86,43
202104,경상남도,창녕군,87,43
202104,경상남도,창녕군,88,40
202104,경상남도,창녕군,89,31
202104,경상남도,창녕군,90,21
202104,경상남도,창녕군,91,16
202104,경상남도,창녕군,92,13
202104,경상남도,창녕군,93,11
202104,경상남도,창녕군,94,7
202104,경상남도,창녕군,95,1
202104,경상남도,창녕군,96,8
202104,경상남도,창녕군,97,4
202104,경상남도,창녕군,98,1
202104,경상남도,창녕군,99,2
202104,경상남도,창녕군,100,1
202104,경상남도,창녕군,108,1
202104,경상남도,창녕군,110,1
202104,경상남도,고성군,0,4
202104,경상남도,고성군,1,3
202104,경상남도,고성군,2,4
202104,경상남도,고성군,3,8
202104,경상남도,고성군,4,7
202104,경상남도,고성군,5,7
202104,경상남도,고성군,6,18
202104,경상남도,고성군,7,19
202104,경상남도,고성군,8,21
202104,경상남도,고성군,9,35
202104,경상남도,고성군,10,32
202104,경상남도,고성군,11,26
202104,경상남도,고성군,12,35
202104,경상남도,고성군,13,33
202104,경상남도,고성군,14,36
202104,경상남도,고성군,15,43
202104,경상남도,고성군,16,36
202104,경상남도,고성군,17,40
202104,경상남도,고성군,18,25
202104,경상남도,고성군,19,29
202104,경상남도,고성군,20,23
202104,경상남도,고성군,21,20
202104,경상남도,고성군,22,20
202104,경상남도,고성군,23,12
202104,경상남도,고성군,24,4
202104,경상남도,고성군,25,9
202104,경상남도,고성군,26,6
202104,경상남도,고성군,27,6
202104,경상남도,고성군,28,2
202104,경상남도,고성군,29,2
202104,경상남도,고성군,30,7
202104,경상남도,고성군,31,2
202104,경상남도,고성군,32,7
202104,경상남도,고성군,33,10
202104,경상남도,고성군,34,7
202104,경상남도,고성군,35,12
202104,경상남도,고성군,36,15
202104,경상남도,고성군,37,17
202104,경상남도,고성군,38,14
202104,경상남도,고성군,39,17
202104,경상남도,고성군,40,18
202104,경상남도,고성군,41,10
202104,경상남도,고성군,42,21
202104,경상남도,고성군,43,30
202104,경상남도,고성군,44,26
202104,경상남도,고성군,45,26
202104,경상남도,고성군,46,17
202104,경상남도,고성군,47,37
202104,경상남도,고성군,48,29
202104,경상남도,고성군,49,40
202104,경상남도,고성군,50,41
202104,경상남도,고성군,51,38
202104,경상남도,고성군,52,38
202104,경상남도,고성군,53,33
202104,경상남도,고성군,54,43
202104,경상남도,고성군,55,42
202104,경상남도,고성군,56,34
202104,경상남도,고성군,57,38
202104,경상남도,고성군,58,46
202104,경상남도,고성군,59,47
202104,경상남도,고성군,60,76
202104,경상남도,고성군,61,65
202104,경상남도,고성군,62,47
202104,경상남도,고성군,63,61
202104,경상남도,고성군,64,47
202104,경상남도,고성군,65,52
202104,경상남도,고성군,66,62
202104,경상남도,고성군,67,50
202104,경상남도,고성군,68,59
202104,경상남도,고성군,69,60
202104,경상남도,고성군,70,43
202104,경상남도,고성군,71,49
202104,경상남도,고성군,72,56
202104,경상남도,고성군,73,41
202104,경상남도,고성군,74,48
202104,경상남도,고성군,75,31
202104,경상남도,고성군,76,59
202104,경상남도,고성군,77,50
202104,경상남도,고성군,78,59
202104,경상남도,고성군,79,63
202104,경상남도,고성군,80,51
202104,경상남도,고성군,81,44
202104,경상남도,고성군,82,41
202104,경상남도,고성군,83,39
202104,경상남도,고성군,84,52
202104,경상남도,고성군,85,39
202104,경상남도,고성군,86,32
202104,경상남도,고성군,87,40
202104,경상남도,고성군,88,26
202104,경상남도,고성군,89,27
202104,경상남도,고성군,90,23
202104,경상남도,고성군,91,15
202104,경상남도,고성군,92,8
202104,경상남도,고성군,93,13
202104,경상남도,고성군,94,7
202104,경상남도,고성군,95,6
202104,경상남도,고성군,96,1
202104,경상남도,고성군,97,3
202104,경상남도,고성군,98,3
202104,경상남도,고성군,99,1
202104,경상남도,남해군,0,1
202104,경상남도,남해군,1,2
202104,경상남도,남해군,2,5
202104,경상남도,남해군,3,9
202104,경상남도,남해군,4,4
202104,경상남도,남해군,5,9
202104,경상남도,남해군,6,7
202104,경상남도,남해군,7,9
202104,경상남도,남해군,8,14
202104,경상남도,남해군,9,19
202104,경상남도,남해군,10,17
202104,경상남도,남해군,11,23
202104,경상남도,남해군,12,20
202104,경상남도,남해군,13,28
202104,경상남도,남해군,14,14
202104,경상남도,남해군,15,30
202104,경상남도,남해군,16,25
202104,경상남도,남해군,17,23
202104,경상남도,남해군,18,21
202104,경상남도,남해군,19,15
202104,경상남도,남해군,20,19
202104,경상남도,남해군,21,21
202104,경상남도,남해군,22,9
202104,경상남도,남해군,23,17
202104,경상남도,남해군,24,11
202104,경상남도,남해군,25,5
202104,경상남도,남해군,26,5
202104,경상남도,남해군,27,6
202104,경상남도,남해군,28,2
202104,경상남도,남해군,29,3
202104,경상남도,남해군,30,4
202104,경상남도,남해군,31,5
202104,경상남도,남해군,32,7
202104,경상남도,남해군,33,4
202104,경상남도,남해군,34,5
202104,경상남도,남해군,35,9
202104,경상남도,남해군,36,5
202104,경상남도,남해군,37,7
202104,경상남도,남해군,38,6
202104,경상남도,남해군,39,11
202104,경상남도,남해군,40,13
202104,경상남도,남해군,41,12
202104,경상남도,남해군,42,18
202104,경상남도,남해군,43,19
202104,경상남도,남해군,44,13
202104,경상남도,남해군,45,13
202104,경상남도,남해군,46,13
202104,경상남도,남해군,47,25
202104,경상남도,남해군,48,29
202104,경상남도,남해군,49,30
202104,경상남도,남해군,50,35
202104,경상남도,남해군,51,31
202104,경상남도,남해군,52,28
202104,경상남도,남해군,53,38
202104,경상남도,남해군,54,34
202104,경상남도,남해군,55,43
202104,경상남도,남해군,56,28
202104,경상남도,남해군,57,31
202104,경상남도,남해군,58,44
202104,경상남도,남해군,59,37
202104,경상남도,남해군,60,39
202104,경상남도,남해군,61,42
202104,경상남도,남해군,62,55
202104,경상남도,남해군,63,39
202104,경상남도,남해군,64,33
202104,경상남도,남해군,65,39
202104,경상남도,남해군,66,39
202104,경상남도,남해군,67,30
202104,경상남도,남해군,68,40
202104,경상남도,남해군,69,40
202104,경상남도,남해군,70,39
202104,경상남도,남해군,71,28
202104,경상남도,남해군,72,44
202104,경상남도,남해군,73,36
202104,경상남도,남해군,74,30
202104,경상남도,남해군,75,29
202104,경상남도,남해군,76,27
202104,경상남도,남해군,77,31
202104,경상남도,남해군,78,57
202104,경상남도,남해군,79,45
202104,경상남도,남해군,80,49
202104,경상남도,남해군,81,43
202104,경상남도,남해군,82,37
202104,경상남도,남해군,83,38
202104,경상남도,남해군,84,49
202104,경상남도,남해군,85,51
202104,경상남도,남해군,86,40
202104,경상남도,남해군,87,36
202104,경상남도,남해군,88,33
202104,경상남도,남해군,89,35
202104,경상남도,남해군,90,19
202104,경상남도,남해군,91,27
202104,경상남도,남해군,92,18
202104,경상남도,남해군,93,9
202104,경상남도,남해군,94,10
202104,경상남도,남해군,95,12
202104,경상남도,남해군,96,5
202104,경상남도,남해군,97,4
202104,경상남도,남해군,98,3
202104,경상남도,남해군,99,3
202104,경상남도,하동군,1,5
202104,경상남도,하동군,2,5
202104,경상남도,하동군,3,6
202104,경상남도,하동군,4,6
202104,경상남도,하동군,5,5
202104,경상남도,하동군,6,15
202104,경상남도,하동군,7,20
202104,경상남도,하동군,8,22
202104,경상남도,하동군,9,17
202104,경상남도,하동군,10,27
202104,경상남도,하동군,11,38
202104,경상남도,하동군,12,35
202104,경상남도,하동군,13,38
202104,경상남도,하동군,14,32
202104,경상남도,하동군,15,28
202104,경상남도,하동군,16,43
202104,경상남도,하동군,17,48
202104,경상남도,하동군,18,13
202104,경상남도,하동군,19,36
202104,경상남도,하동군,20,24
202104,경상남도,하동군,21,9
202104,경상남도,하동군,22,16
202104,경상남도,하동군,23,13
202104,경상남도,하동군,24,3
202104,경상남도,하동군,25,7
202104,경상남도,하동군,26,3
202104,경상남도,하동군,27,6
202104,경상남도,하동군,28,4
202104,경상남도,하동군,29,2
202104,경상남도,하동군,30,7
202104,경상남도,하동군,31,6
202104,경상남도,하동군,32,7
202104,경상남도,하동군,33,9
202104,경상남도,하동군,34,12
202104,경상남도,하동군,35,3
202104,경상남도,하동군,36,7
202104,경상남도,하동군,37,14
202104,경상남도,하동군,38,16
202104,경상남도,하동군,39,16
202104,경상남도,하동군,40,10
202104,경상남도,하동군,41,13
202104,경상남도,하동군,42,27
202104,경상남도,하동군,43,20
202104,경상남도,하동군,44,17
202104,경상남도,하동군,45,40
202104,경상남도,하동군,46,33
202104,경상남도,하동군,47,38
202104,경상남도,하동군,48,28
202104,경상남도,하동군,49,41
202104,경상남도,하동군,50,27
202104,경상남도,하동군,51,37
202104,경상남도,하동군,52,51
202104,경상남도,하동군,53,35
202104,경상남도,하동군,54,43
202104,경상남도,하동군,55,41
202104,경상남도,하동군,56,30
202104,경상남도,하동군,57,28
202104,경상남도,하동군,58,46
202104,경상남도,하동군,59,49
202104,경상남도,하동군,60,62
202104,경상남도,하동군,61,52
202104,경상남도,하동군,62,53
202104,경상남도,하동군,63,41
202104,경상남도,하동군,64,34
202104,경상남도,하동군,65,43
202104,경상남도,하동군,66,48
202104,경상남도,하동군,67,38
202104,경상남도,하동군,68,42
202104,경상남도,하동군,69,52
202104,경상남도,하동군,70,30
202104,경상남도,하동군,71,40
202104,경상남도,하동군,72,41
202104,경상남도,하동군,73,45
202104,경상남도,하동군,74,43
202104,경상남도,하동군,75,42
202104,경상남도,하동군,76,32
202104,경상남도,하동군,77,32
202104,경상남도,하동군,78,43
202104,경상남도,하동군,79,48
202104,경상남도,하동군,80,36
202104,경상남도,하동군,81,55
202104,경상남도,하동군,82,36
202104,경상남도,하동군,83,31
202104,경상남도,하동군,84,42
202104,경상남도,하동군,85,35
202104,경상남도,하동군,86,38
202104,경상남도,하동군,87,26
202104,경상남도,하동군,88,24
202104,경상남도,하동군,89,20
202104,경상남도,하동군,90,13
202104,경상남도,하동군,91,16
202104,경상남도,하동군,92,11
202104,경상남도,하동군,93,10
202104,경상남도,하동군,94,10
202104,경상남도,하동군,95,4
202104,경상남도,하동군,96,8
202104,경상남도,하동군,98,3
202104,경상남도,하동군,101,1
202104,경상남도,산청군,2,4
202104,경상남도,산청군,3,4
202104,경상남도,산청군,4,7
202104,경상남도,산청군,5,3
202104,경상남도,산청군,6,7
202104,경상남도,산청군,7,7
202104,경상남도,산청군,8,17
202104,경상남도,산청군,9,12
202104,경상남도,산청군,10,19
202104,경상남도,산청군,11,13
202104,경상남도,산청군,12,12
202104,경상남도,산청군,13,20
202104,경상남도,산청군,14,19
202104,경상남도,산청군,15,18
202104,경상남도,산청군,16,16
202104,경상남도,산청군,17,20
202104,경상남도,산청군,18,14
202104,경상남도,산청군,19,17
202104,경상남도,산청군,20,12
202104,경상남도,산청군,21,11
202104,경상남도,산청군,22,14
202104,경상남도,산청군,23,6
202104,경상남도,산청군,24,6
202104,경상남도,산청군,25,5
202104,경상남도,산청군,26,4
202104,경상남도,산청군,27,5
202104,경상남도,산청군,28,3
202104,경상남도,산청군,29,1
202104,경상남도,산청군,30,3
202104,경상남도,산청군,31,2
202104,경상남도,산청군,33,5
202104,경상남도,산청군,34,3
202104,경상남도,산청군,35,6
202104,경상남도,산청군,36,7
202104,경상남도,산청군,37,8
202104,경상남도,산청군,38,9
202104,경상남도,산청군,39,8
202104,경상남도,산청군,40,9
202104,경상남도,산청군,41,11
202104,경상남도,산청군,42,8
202104,경상남도,산청군,43,11
202104,경상남도,산청군,44,5
202104,경상남도,산청군,45,14
202104,경상남도,산청군,46,15
202104,경상남도,산청군,47,16
202104,경상남도,산청군,48,24
202104,경상남도,산청군,49,20
202104,경상남도,산청군,50,29
202104,경상남도,산청군,51,27
202104,경상남도,산청군,52,37
202104,경상남도,산청군,53,33
202104,경상남도,산청군,54,23
202104,경상남도,산청군,55,33
202104,경상남도,산청군,56,28
202104,경상남도,산청군,57,28
202104,경상남도,산청군,58,30
202104,경상남도,산청군,59,41
202104,경상남도,산청군,60,36
202104,경상남도,산청군,61,35
202104,경상남도,산청군,62,34
202104,경상남도,산청군,63,29
202104,경상남도,산청군,64,27
202104,경상남도,산청군,65,36
202104,경상남도,산청군,66,30
202104,경상남도,산청군,67,23
202104,경상남도,산청군,68,29
202104,경상남도,산청군,69,27
202104,경상남도,산청군,70,19
202104,경상남도,산청군,71,22
202104,경상남도,산청군,72,30
202104,경상남도,산청군,73,34
202104,경상남도,산청군,74,23
202104,경상남도,산청군,75,21
202104,경상남도,산청군,76,26
202104,경상남도,산청군,77,31
202104,경상남도,산청군,78,40
202104,경상남도,산청군,79,36
202104,경상남도,산청군,80,34
202104,경상남도,산청군,81,34
202104,경상남도,산청군,82,33
202104,경상남도,산청군,83,32
202104,경상남도,산청군,84,30
202104,경상남도,산청군,85,32
202104,경상남도,산청군,86,25
202104,경상남도,산청군,87,25
202104,경상남도,산청군,88,25
202104,경상남도,산청군,89,27
202104,경상남도,산청군,90,21
202104,경상남도,산청군,91,12
202104,경상남도,산청군,92,10
202104,경상남도,산청군,93,12
202104,경상남도,산청군,94,3
202104,경상남도,산청군,95,4
202104,경상남도,산청군,96,4
202104,경상남도,산청군,97,1
202104,경상남도,산청군,98,2
202104,경상남도,산청군,100,2
202104,경상남도,함양군,0,2
202104,경상남도,함양군,1,5
202104,경상남도,함양군,2,5
202104,경상남도,함양군,3,7
202104,경상남도,함양군,4,8
202104,경상남도,함양군,5,5
202104,경상남도,함양군,6,16
202104,경상남도,함양군,7,26
202104,경상남도,함양군,8,26
202104,경상남도,함양군,9,15
202104,경상남도,함양군,10,28
202104,경상남도,함양군,11,17
202104,경상남도,함양군,12,25
202104,경상남도,함양군,13,20
202104,경상남도,함양군,14,29
202104,경상남도,함양군,15,26
202104,경상남도,함양군,16,41
202104,경상남도,함양군,17,26
202104,경상남도,함양군,18,25
202104,경상남도,함양군,19,18
202104,경상남도,함양군,20,18
202104,경상남도,함양군,21,11
202104,경상남도,함양군,22,10
202104,경상남도,함양군,23,7
202104,경상남도,함양군,24,3
202104,경상남도,함양군,25,5
202104,경상남도,함양군,26,4
202104,경상남도,함양군,27,5
202104,경상남도,함양군,28,3
202104,경상남도,함양군,29,3
202104,경상남도,함양군,30,4
202104,경상남도,함양군,32,8
202104,경상남도,함양군,33,11
202104,경상남도,함양군,34,5
202104,경상남도,함양군,35,5
202104,경상남도,함양군,36,13
202104,경상남도,함양군,37,9
202104,경상남도,함양군,38,15
202104,경상남도,함양군,39,11
202104,경상남도,함양군,40,13
202104,경상남도,함양군,41,10
202104,경상남도,함양군,42,13
202104,경상남도,함양군,43,18
202104,경상남도,함양군,44,23
202104,경상남도,함양군,45,17
202104,경상남도,함양군,46,29
202104,경상남도,함양군,47,18
202104,경상남도,함양군,48,28
202104,경상남도,함양군,49,16
202104,경상남도,함양군,50,27
202104,경상남도,함양군,51,28
202104,경상남도,함양군,52,28
202104,경상남도,함양군,53,33
202104,경상남도,함양군,54,30
202104,경상남도,함양군,55,21
202104,경상남도,함양군,56,38
202104,경상남도,함양군,57,15
202104,경상남도,함양군,58,35
202104,경상남도,함양군,59,32
202104,경상남도,함양군,60,47
202104,경상남도,함양군,61,32
202104,경상남도,함양군,62,27
202104,경상남도,함양군,63,27
202104,경상남도,함양군,64,30
202104,경상남도,함양군,65,34
202104,경상남도,함양군,66,36
202104,경상남도,함양군,67,39
202104,경상남도,함양군,68,22
202104,경상남도,함양군,69,26
202104,경상남도,함양군,70,26
202104,경상남도,함양군,71,35
202104,경상남도,함양군,72,33
202104,경상남도,함양군,73,36
202104,경상남도,함양군,74,32
202104,경상남도,함양군,75,30
202104,경상남도,함양군,76,39
202104,경상남도,함양군,77,36
202104,경상남도,함양군,78,43
202104,경상남도,함양군,79,45
202104,경상남도,함양군,80,50
202104,경상남도,함양군,81,50
202104,경상남도,함양군,82,40
202104,경상남도,함양군,83,50
202104,경상남도,함양군,84,44
202104,경상남도,함양군,85,54
202104,경상남도,함양군,86,36
202104,경상남도,함양군,87,34
202104,경상남도,함양군,88,26
202104,경상남도,함양군,89,35
202104,경상남도,함양군,90,34
202104,경상남도,함양군,91,18
202104,경상남도,함양군,92,14
202104,경상남도,함양군,93,15
202104,경상남도,함양군,94,7
202104,경상남도,함양군,95,6
202104,경상남도,함양군,96,4
202104,경상남도,함양군,97,1
202104,경상남도,함양군,98,3
202104,경상남도,함양군,100,1
202104,경상남도,함양군,101,1
202104,경상남도,함양군,114,1
202104,경상남도,거창군,0,6
202104,경상남도,거창군,1,5
202104,경상남도,거창군,2,9
202104,경상남도,거창군,3,10
202104,경상남도,거창군,4,12
202104,경상남도,거창군,5,18
202104,경상남도,거창군,6,20
202104,경상남도,거창군,7,31
202104,경상남도,거창군,8,32
202104,경상남도,거창군,9,42
202104,경상남도,거창군,10,40
202104,경상남도,거창군,11,46
202104,경상남도,거창군,12,52
202104,경상남도,거창군,13,62
202104,경상남도,거창군,14,58
202104,경상남도,거창군,15,51
202104,경상남도,거창군,16,59
202104,경상남도,거창군,17,42
202104,경상남도,거창군,18,38
202104,경상남도,거창군,19,35
202104,경상남도,거창군,20,40
202104,경상남도,거창군,21,33
202104,경상남도,거창군,22,28
202104,경상남도,거창군,23,23
202104,경상남도,거창군,24,20
202104,경상남도,거창군,25,12
202104,경상남도,거창군,26,11
202104,경상남도,거창군,27,11
202104,경상남도,거창군,28,7
202104,경상남도,거창군,29,7
202104,경상남도,거창군,30,2
202104,경상남도,거창군,31,2
202104,경상남도,거창군,32,8
202104,경상남도,거창군,33,18
202104,경상남도,거창군,34,7
202104,경상남도,거창군,35,17
202104,경상남도,거창군,36,12
202104,경상남도,거창군,37,18
202104,경상남도,거창군,38,21
202104,경상남도,거창군,39,23
202104,경상남도,거창군,40,25
202104,경상남도,거창군,41,27
202104,경상남도,거창군,42,29
202104,경상남도,거창군,43,18
202104,경상남도,거창군,44,41
202104,경상남도,거창군,45,31
202104,경상남도,거창군,46,37
202104,경상남도,거창군,47,46
202104,경상남도,거창군,48,42
202104,경상남도,거창군,49,43
202104,경상남도,거창군,50,55
202104,경상남도,거창군,51,43
202104,경상남도,거창군,52,54
202104,경상남도,거창군,53,43
202104,경상남도,거창군,54,56
202104,경상남도,거창군,55,45
202104,경상남도,거창군,56,48
202104,경상남도,거창군,57,50
202104,경상남도,거창군,58,57
202104,경상남도,거창군,59,64
202104,경상남도,거창군,60,57
202104,경상남도,거창군,61,53
202104,경상남도,거창군,62,71
202104,경상남도,거창군,63,45
202104,경상남도,거창군,64,61
202104,경상남도,거창군,65,55
202104,경상남도,거창군,66,55
202104,경상남도,거창군,67,41
202104,경상남도,거창군,68,57
202104,경상남도,거창군,69,42
202104,경상남도,거창군,70,42
202104,경상남도,거창군,71,54
202104,경상남도,거창군,72,54
202104,경상남도,거창군,73,51
202104,경상남도,거창군,74,47
202104,경상남도,거창군,75,43
202104,경상남도,거창군,76,52
202104,경상남도,거창군,77,49
202104,경상남도,거창군,78,61
202104,경상남도,거창군,79,59
202104,경상남도,거창군,80,62
202104,경상남도,거창군,81,66
202104,경상남도,거창군,82,68
202104,경상남도,거창군,83,58
202104,경상남도,거창군,84,64
202104,경상남도,거창군,85,61
202104,경상남도,거창군,86,69
202104,경상남도,거창군,87,50
202104,경상남도,거창군,88,47
202104,경상남도,거창군,89,30
202104,경상남도,거창군,90,28
202104,경상남도,거창군,91,24
202104,경상남도,거창군,92,25
202104,경상남도,거창군,93,24
202104,경상남도,거창군,94,5
202104,경상남도,거창군,95,19
202104,경상남도,거창군,96,4
202104,경상남도,거창군,97,5
202104,경상남도,거창군,98,1
202104,경상남도,거창군,99,2
202104,경상남도,거창군,101,1
202104,경상남도,합천군,0,1
202104,경상남도,합천군,1,1
202104,경상남도,합천군,2,3
202104,경상남도,합천군,3,2
202104,경상남도,합천군,4,5
202104,경상남도,합천군,5,1
202104,경상남도,합천군,6,6
202104,경상남도,합천군,7,6
202104,경상남도,합천군,8,7
202104,경상남도,합천군,9,12
202104,경상남도,합천군,10,17
202104,경상남도,합천군,11,18
202104,경상남도,합천군,12,23
202104,경상남도,합천군,13,19
202104,경상남도,합천군,14,20
202104,경상남도,합천군,15,11
202104,경상남도,합천군,16,18
202104,경상남도,합천군,17,16
202104,경상남도,합천군,18,14
202104,경상남도,합천군,19,30
202104,경상남도,합천군,20,17
202104,경상남도,합천군,21,16
202104,경상남도,합천군,22,20
202104,경상남도,합천군,23,10
202104,경상남도,합천군,24,6
202104,경상남도,합천군,25,6
202104,경상남도,합천군,27,3
202104,경상남도,합천군,28,3
202104,경상남도,합천군,29,5
202104,경상남도,합천군,30,2
202104,경상남도,합천군,31,7
202104,경상남도,합천군,32,5
202104,경상남도,합천군,33,7
202104,경상남도,합천군,34,4
202104,경상남도,합천군,35,5
202104,경상남도,합천군,36,3
202104,경상남도,합천군,37,11
202104,경상남도,합천군,38,13
202104,경상남도,합천군,39,8
202104,경상남도,합천군,40,13
202104,경상남도,합천군,41,16
202104,경상남도,합천군,42,14
202104,경상남도,합천군,43,14
202104,경상남도,합천군,44,22
202104,경상남도,합천군,45,17
202104,경상남도,합천군,46,19
202104,경상남도,합천군,47,19
202104,경상남도,합천군,48,18
202104,경상남도,합천군,49,35
202104,경상남도,합천군,50,34
202104,경상남도,합천군,51,30
202104,경상남도,합천군,52,43
202104,경상남도,합천군,53,44
202104,경상남도,합천군,54,46
202104,경상남도,합천군,55,43
202104,경상남도,합천군,56,48
202104,경상남도,합천군,57,46
202104,경상남도,합천군,58,46
202104,경상남도,합천군,59,49
202104,경상남도,합천군,60,62
202104,경상남도,합천군,61,47
202104,경상남도,합천군,62,38
202104,경상남도,합천군,63,51
202104,경상남도,합천군,64,40
202104,경상남도,합천군,65,26
202104,경상남도,합천군,66,57
202104,경상남도,합천군,67,25
202104,경상남도,합천군,68,46
202104,경상남도,합천군,69,32
202104,경상남도,합천군,70,28
202104,경상남도,합천군,71,41
202104,경상남도,합천군,72,41
202104,경상남도,합천군,73,39
202104,경상남도,합천군,74,46
202104,경상남도,합천군,75,34
202104,경상남도,합천군,76,36
202104,경상남도,합천군,77,44
202104,경상남도,합천군,78,34
202104,경상남도,합천군,79,46
202104,경상남도,합천군,80,44
202104,경상남도,합천군,81,42
202104,경상남도,합천군,82,56
202104,경상남도,합천군,83,26
202104,경상남도,합천군,84,41
202104,경상남도,합천군,85,33
202104,경상남도,합천군,86,31
202104,경상남도,합천군,87,21
202104,경상남도,합천군,88,30
202104,경상남도,합천군,89,17
202104,경상남도,합천군,90,12
202104,경상남도,합천군,91,15
202104,경상남도,합천군,92,10
202104,경상남도,합천군,93,8
202104,경상남도,합천군,94,5
202104,경상남도,합천군,95,8
202104,경상남도,합천군,96,2
202104,경상남도,합천군,97,2
202104,경상남도,합천군,98,2
202104,경상남도,합천군,99,1
202104,경상남도,합천군,100,1
202104,경상남도,합천군,101,1
202104,제주특별자치도,제주시,0,40
202104,제주특별자치도,제주시,1,70
202104,제주특별자치도,제주시,2,95
202104,제주특별자치도,제주시,3,101
202104,제주특별자치도,제주시,4,122
202104,제주특별자치도,제주시,5,142
202104,제주특별자치도,제주시,6,175
202104,제주특별자치도,제주시,7,237
202104,제주특별자치도,제주시,8,302
202104,제주특별자치도,제주시,9,285
202104,제주특별자치도,제주시,10,332
202104,제주특별자치도,제주시,11,328
202104,제주특별자치도,제주시,12,373
202104,제주특별자치도,제주시,13,360
202104,제주특별자치도,제주시,14,371
202104,제주특별자치도,제주시,15,372
202104,제주특별자치도,제주시,16,340
202104,제주특별자치도,제주시,17,433
202104,제주특별자치도,제주시,18,328
202104,제주특별자치도,제주시,19,265
202104,제주특별자치도,제주시,20,269
202104,제주특별자치도,제주시,21,231
202104,제주특별자치도,제주시,22,208
202104,제주특별자치도,제주시,23,187
202104,제주특별자치도,제주시,24,130
202104,제주특별자치도,제주시,25,124
202104,제주특별자치도,제주시,26,92
202104,제주특별자치도,제주시,27,67
202104,제주특별자치도,제주시,28,92
202104,제주특별자치도,제주시,29,36
202104,제주특별자치도,제주시,30,63
202104,제주특별자치도,제주시,31,71
202104,제주특별자치도,제주시,32,76
202104,제주특별자치도,제주시,33,73
202104,제주특별자치도,제주시,34,79
202104,제주특별자치도,제주시,35,115
202104,제주특별자치도,제주시,36,127
202104,제주특별자치도,제주시,37,138
202104,제주특별자치도,제주시,38,164
202104,제주특별자치도,제주시,39,157
202104,제주특별자치도,제주시,40,196
202104,제주특별자치도,제주시,41,207
202104,제주특별자치도,제주시,42,203
202104,제주특별자치도,제주시,43,196
202104,제주특별자치도,제주시,44,186
202104,제주특별자치도,제주시,45,218
202104,제주특별자치도,제주시,46,241
202104,제주특별자치도,제주시,47,289
202104,제주특별자치도,제주시,48,299
202104,제주특별자치도,제주시,49,314
202104,제주특별자치도,제주시,50,322
202104,제주특별자치도,제주시,51,348
202104,제주특별자치도,제주시,52,315
202104,제주특별자치도,제주시,53,304
202104,제주특별자치도,제주시,54,322
202104,제주특별자치도,제주시,55,347
202104,제주특별자치도,제주시,56,287
202104,제주특별자치도,제주시,57,332
202104,제주특별자치도,제주시,58,344
202104,제주특별자치도,제주시,59,322
202104,제주특별자치도,제주시,60,363
202104,제주특별자치도,제주시,61,355
202104,제주특별자치도,제주시,62,341
202104,제주특별자치도,제주시,63,323
202104,제주특별자치도,제주시,64,290
202104,제주특별자치도,제주시,65,347
202104,제주특별자치도,제주시,66,376
202104,제주특별자치도,제주시,67,288
202104,제주특별자치도,제주시,68,265
202104,제주특별자치도,제주시,69,271
202104,제주특별자치도,제주시,70,257
202104,제주특별자치도,제주시,71,255
202104,제주특별자치도,제주시,72,248
202104,제주특별자치도,제주시,73,269
202104,제주특별자치도,제주시,74,253
202104,제주특별자치도,제주시,75,189
202104,제주특별자치도,제주시,76,216
202104,제주특별자치도,제주시,77,211
202104,제주특별자치도,제주시,78,255
202104,제주특별자치도,제주시,79,233
202104,제주특별자치도,제주시,80,182
202104,제주특별자치도,제주시,81,196
202104,제주특별자치도,제주시,82,206
202104,제주특별자치도,제주시,83,161
202104,제주특별자치도,제주시,84,156
202104,제주특별자치도,제주시,85,153
202104,제주특별자치도,제주시,86,147
202104,제주특별자치도,제주시,87,129
202104,제주특별자치도,제주시,88,93
202104,제주특별자치도,제주시,89,67
202104,제주특별자치도,제주시,90,61
202104,제주특별자치도,제주시,91,67
202104,제주특별자치도,제주시,92,42
202104,제주특별자치도,제주시,93,33
202104,제주특별자치도,제주시,94,26
202104,제주특별자치도,제주시,95,15
202104,제주특별자치도,제주시,96,10
202104,제주특별자치도,제주시,97,16
202104,제주특별자치도,제주시,98,22
202104,제주특별자치도,제주시,99,8
202104,제주특별자치도,제주시,100,7
202104,제주특별자치도,제주시,101,3
202104,제주특별자치도,제주시,102,1
202104,제주특별자치도,제주시,104,1
202104,제주특별자치도,제주시,106,1
202104,제주특별자치도,서귀포시,0,10
202104,제주특별자치도,서귀포시,1,18
202104,제주특별자치도,서귀포시,2,22
202104,제주특별자치도,서귀포시,3,32
202104,제주특별자치도,서귀포시,4,34
202104,제주특별자치도,서귀포시,5,48
202104,제주특별자치도,서귀포시,6,70
202104,제주특별자치도,서귀포시,7,79
202104,제주특별자치도,서귀포시,8,112
202104,제주특별자치도,서귀포시,9,125
202104,제주특별자치도,서귀포시,10,135
202104,제주특별자치도,서귀포시,11,129
202104,제주특별자치도,서귀포시,12,139
202104,제주특별자치도,서귀포시,13,137
202104,제주특별자치도,서귀포시,14,127
202104,제주특별자치도,서귀포시,15,125
202104,제주특별자치도,서귀포시,16,126
202104,제주특별자치도,서귀포시,17,146
202104,제주특별자치도,서귀포시,18,113
202104,제주특별자치도,서귀포시,19,92
202104,제주특별자치도,서귀포시,20,91
202104,제주특별자치도,서귀포시,21,80
202104,제주특별자치도,서귀포시,22,59
202104,제주특별자치도,서귀포시,23,42
202104,제주특별자치도,서귀포시,24,41
202104,제주특별자치도,서귀포시,25,25
202104,제주특별자치도,서귀포시,26,17
202104,제주특별자치도,서귀포시,27,24
202104,제주특별자치도,서귀포시,28,17
202104,제주특별자치도,서귀포시,29,16
202104,제주특별자치도,서귀포시,30,27
202104,제주특별자치도,서귀포시,31,27
202104,제주특별자치도,서귀포시,32,28
202104,제주특별자치도,서귀포시,33,21
202104,제주특별자치도,서귀포시,34,19
202104,제주특별자치도,서귀포시,35,34
202104,제주특별자치도,서귀포시,36,38
202104,제주특별자치도,서귀포시,37,45
202104,제주특별자치도,서귀포시,38,53
202104,제주특별자치도,서귀포시,39,52
202104,제주특별자치도,서귀포시,40,55
202104,제주특별자치도,서귀포시,41,61
202104,제주특별자치도,서귀포시,42,69
202104,제주특별자치도,서귀포시,43,71
202104,제주특별자치도,서귀포시,44,69
202104,제주특별자치도,서귀포시,45,76
202104,제주특별자치도,서귀포시,46,86
202104,제주특별자치도,서귀포시,47,103
202104,제주특별자치도,서귀포시,48,106
202104,제주특별자치도,서귀포시,49,101
202104,제주특별자치도,서귀포시,50,124
202104,제주특별자치도,서귀포시,51,133
202104,제주특별자치도,서귀포시,52,139
202104,제주특별자치도,서귀포시,53,129
202104,제주특별자치도,서귀포시,54,113
202104,제주특별자치도,서귀포시,55,131
202104,제주특별자치도,서귀포시,56,118
202104,제주특별자치도,서귀포시,57,108
202104,제주특별자치도,서귀포시,58,158
202104,제주특별자치도,서귀포시,59,145
202104,제주특별자치도,서귀포시,60,155
202104,제주특별자치도,서귀포시,61,162
202104,제주특별자치도,서귀포시,62,142
202104,제주특별자치도,서귀포시,63,144
202104,제주특별자치도,서귀포시,64,152
202104,제주특별자치도,서귀포시,65,165
202104,제주특별자치도,서귀포시,66,158
202104,제주특별자치도,서귀포시,67,122
202104,제주특별자치도,서귀포시,68,117
202104,제주특별자치도,서귀포시,69,118
202104,제주특별자치도,서귀포시,70,109
202104,제주특별자치도,서귀포시,71,115
202104,제주특별자치도,서귀포시,72,106
202104,제주특별자치도,서귀포시,73,120
202104,제주특별자치도,서귀포시,74,96
202104,제주특별자치도,서귀포시,75,85
202104,제주특별자치도,서귀포시,76,103
202104,제주특별자치도,서귀포시,77,78
202104,제주특별자치도,서귀포시,78,124
202104,제주특별자치도,서귀포시,79,114
202104,제주특별자치도,서귀포시,80,85
202104,제주특별자치도,서귀포시,81,96
202104,제주특별자치도,서귀포시,82,92
202104,제주특별자치도,서귀포시,83,89
202104,제주특별자치도,서귀포시,84,71
202104,제주특별자치도,서귀포시,85,77
202104,제주특별자치도,서귀포시,86,73
202104,제주특별자치도,서귀포시,87,56
202104,제주특별자치도,서귀포시,88,76
202104,제주특별자치도,서귀포시,89,45
202104,제주특별자치도,서귀포시,90,42
202104,제주특별자치도,서귀포시,91,32
202104,제주특별자치도,서귀포시,92,27
202104,제주특별자치도,서귀포시,93,22
202104,제주특별자치도,서귀포시,94,11
202104,제주특별자치도,서귀포시,95,6
202104,제주특별자치도,서귀포시,96,5
202104,제주특별자치도,서귀포시,97,3
202104,제주특별자치도,서귀포시,98,8
202104,제주특별자치도,서귀포시,99,6
202104,제주특별자치도,서귀포시,100,3
202104,제주특별자치도,서귀포시,108,1
